#%yanny
#
# confSummary-25473.par
#
# Created by pydl.pydlutils.yanny.yanny
#
# 2026-03-14 11:30:39 UTC
#
configuration_id 25473
robostrategy_run iota-1
fps_calibrations_version 2025.12.04
jaeger_version 1.11.0
coordio_version 1.18.1
kaiju_version 1.4.1
design_id 751952
field_id 100145
focal_scale 0.9998239
instruments BOSS APOGEE
epoch 2461113.9850986297
obstime Sat Mar 14 11:30:39 2026
MJD 61113
observatory APO
temperature 9.7
raCen 210.893563743441
decCen 14.6743238948052
pa 9.450897
is_dithered 0
parent_configuration -999
dither_radius -999.0
cloned_from -999

typedef enum {
    BOSS,
    APOGEE,
    METROLOGY,
    NONE
} FIBERTYPE;

typedef struct {
    short positionerId;
    char holeId[28];
    FIBERTYPE fiberType;
    short assigned;
    short on_target;
    short disabled;
    short valid;
    short decollided;
    short too;
    double xwok;
    double ywok;
    double zwok;
    double xFocal;
    double yFocal;
    float alpha;
    float beta;
    double racat;
    double deccat;
    float pmra;
    float pmdec;
    float parallax;
    double ra;
    double dec;
    double ra_observed;
    double dec_observed;
    double alt_observed;
    double az_observed;
    float lambda_design;
    float lambda_eff;
    float coord_epoch;
    short spectrographId;
    short fiberId;
    float mag[5];
    char optical_prov[120];
    float bp_mag;
    float gaia_g_mag;
    float rp_mag;
    float h_mag;
    long catalogid;
    long carton_to_target_pk;
    char cadence[400];
    char firstcarton[400];
    char program[400];
    char category[400];
    long sdssv_boss_target0;
    long sdssv_apogee_target0;
    double delta_ra;
    double delta_dec;
    long too_id;
    char too_program[80];
} FIBERMAP;

FIBERMAP 3 R-1C14 APOGEE 0 0 0 1 0 0 10.386912249006954 -11.627085780269269 143.1 8.335265227584784 -13.172502389077538 32.934425 164.16849 -999.0 -999.0 -999.0 -999.0 -999.0 210.93280580454723 14.614312729020723 210.92378973382313 14.489089622551077 57.55968125305596 242.7449944598785 -999.0 16600.0 -999.0 2 214 {-999.0 -999.0 -999.0 -999.0 -999.0} "" -999.0 -999.0 -999.0 -999.0 -999 -999 "" "" "" "" 0 0 0.0 0.0 -999 ""
FIBERMAP 3 R-1C14 BOSS 1 1 0 1 0 0 11.082102822104845 -11.381627668044302 143.1 9.061196686174718 -13.044550376927878 32.934425 164.16849 210.93612670898438 14.6148010883378 -999.0 -999.0 -999.0 210.93612670898435 14.614801088337797 210.92721055729774 14.489664335487742 57.562603666747506 242.74189745296738 5400.0 5400.0 2015.5 1 263 {-999.0 -999.0 -999.0 -999.0 -999.0} "" -999.0 -999.0 -999.0 -999.0 27021603099608944 806482535 "" ops_sky_boss_good ops_sky sky_boss 0 0 0.0 0.0 -999 ""
FIBERMAP 3 R-1C14 METROLOGY 0 0 0 1 0 0 10.948701424619681 -12.120013952129737 143.1 8.808405793455583 -13.75088509021102 32.934425 164.16849 -999.0 -999.0 -999.0 -999.0 -999.0 210.93495951769438 14.611608916153097 210.92601946330979 14.486448277694645 57.5596692566835 242.73863505442517 -999.0 6231.0 -999.0 -1 -999 {-999.0 -999.0 -999.0 -999.0 -999.0} "" -999.0 -999.0 -999.0 -999.0 -999 -999 "" "" "" "" 0 0 0.0 0.0 -999 ""
FIBERMAP 16 R+7C7 APOGEE 0 0 0 1 0 0 -77.65351034401252 155.48975115997956 143.1 -51.05872872217962 166.10086872516086 137.65445 55.911274 -999.0 -999.0 -999.0 -999.0 -999.0 210.65401091146407 15.429237022806706 210.64412948270365 15.303455521063178 57.86018845006746 244.24950878887395 -999.0 16600.0 -999.0 2 102 {-999.0 -999.0 -999.0 -999.0 -999.0} "" -999.0 -999.0 -999.0 -999.0 -999 -999 "" "" "" "" 0 0 0.0 0.0 -999 ""
FIBERMAP 16 R+7C7 BOSS 1 1 0 1 0 0 -76.93905493688301 155.6694743080608 143.1 -50.32458919450866 166.16082666044304 137.65445 55.911274 210.6573486328125 15.42948680320356 -999.0 -999.0 -999.0 210.65734863281247 15.42948680320356 210.64756825922444 15.303788658939594 57.862999203153095 244.24613951050188 5400.0 5400.0 2015.5 1 76 {-999.0 -999.0 -999.0 -999.0 -999.0} "" -999.0 -999.0 -999.0 -999.0 27021603099611238 806482888 "" ops_sky_boss_good ops_sky sky_boss 0 0 0.0 0.0 -999 ""
FIBERMAP 16 R+7C7 METROLOGY 0 0 0 1 0 0 -77.13007095607999 154.95581128558777 143.1 -50.63014377813538 165.4883341243423 137.65445 55.911274 -999.0 -999.0 -999.0 -999.0 -999.0 210.65593569486316 15.42645867018433 210.64613117325882 15.300737167830803 57.86002110695118 244.24324918388515 -999.0 6231.0 -999.0 -1 -999 {-999.0 -999.0 -999.0 -999.0 -999.0} "" -999.0 -999.0 -999.0 -999.0 -999 -999 "" "" "" "" 0 0 0.0 0.0 -999 ""
FIBERMAP 37 R-9C9 APOGEE 0 0 0 1 0 0 -5.64478195841087 -190.95151133769164 143.1 -36.91633683411294 -187.39977359724736 318.7271 85.063385 -999.0 -999.0 -999.0 -999.0 -999.0 210.71985688983779 13.823601408921938 210.7120945494463 13.698343877400738 56.895304452556246 241.86663385981714 -999.0 16600.0 -999.0 2 167 {-999.0 -999.0 -999.0 -999.0 -999.0} "" -999.0 -999.0 -999.0 -999.0 -999 -999 "" "" "" "" 0 0 0.0 0.0 -999 ""
FIBERMAP 37 R-9C9 BOSS 1 1 0 1 0 0 -6.178547652247662 -191.46324697967157 143.1 -37.526778205383 -187.81684428281466 318.7271 85.063385 210.71688948483836 13.821589325347817 0.04037028 0.11996875 0.070344664 210.71688960261375 13.821589665207764 210.70923701294927 13.696415207886389 56.89193939842144 241.8672228411753 5400.0 5400.0 2016.0 1 376 {-999.0 18.264948 18.09853 17.95626 17.862442} sdss_psfmag_from_gaiadr2 18.243662 18.092949 17.673044 -999.0 63050394841189033 1129368699 dark_flexible_3x1 bhm_gua_dark_d3 bhm_filler science 0 0 0.0 0.0 -999 ""
FIBERMAP 37 R-9C9 METROLOGY 0 0 0 1 0 0 -6.3572888854969 -190.72763066632612 143.1 -37.58229366687567 -187.06199595266554 318.7271 85.063385 -999.0 -999.0 -999.0 -999.0 -999.0 210.71665863167672 13.82502684435295 210.70897199370597 13.699826747548745 56.893946971367484 241.8722947520372 -999.0 6231.0 -999.0 -1 -999 {-999.0 -999.0 -999.0 -999.0 -999.0} "" -999.0 -999.0 -999.0 -999.0 -999 -999 "" "" "" "" 0 0 0.0 0.0 -999 ""
FIBERMAP 40 R+12C6 APOGEE 0 0 0 1 0 0 -31.546025031159306 236.06477119470975 143.1 7.643188796391236 237.99860068064453 19.218946 111.27185 -999.0 -999.0 -999.0 -999.0 -999.0 210.93109574362853 15.752713675469082 210.92052268434315 15.627175179960178 58.269642038153535 244.41969147738772 -999.0 16600.0 -999.0 2 -999 {-999.0 -999.0 -999.0 -999.0 -999.0} "" -999.0 -999.0 -999.0 -999.0 -999 -999 "" "" "" "" 0 0 0.0 0.0 -999 ""
FIBERMAP 40 R+12C6 BOSS 1 1 0 1 0 0 -31.038309168595585 235.50533916852385 143.1 8.052081234171407 237.36350575343792 19.218946 111.27185 210.93292352772224 15.749834133967862 -2.8827941 -4.8264256 0.28255817 210.93291504247375 15.74982046116744 210.92244756715192 15.624362790755322 58.26936884038335 244.41330785337288 5400.0 5400.0 2016.0 1 156 {-999.0 18.15792 17.903662 17.822124 -999.0} sdss_psfmag 18.12653 17.91213 17.508934 -999.0 63050394841225387 976659585 "" ops_std_boss ops_std standard_boss 0 0 0.0 0.0 -999 ""
FIBERMAP 40 R+12C6 METROLOGY 0 0 0 1 0 0 -31.769061957322894 235.35279049969105 143.1 7.306329691320365 237.3330243253284 19.218946 111.27185 -999.0 -999.0 -999.0 -999.0 -999.0 210.92943318816927 15.74970573322802 210.91893978538974 15.624221840484774 58.26662151780585 244.4170552158632 -999.0 6231.0 -999.0 -1 -999 {-999.0 -999.0 -999.0 -999.0 -999.0} "" -999.0 -999.0 -999.0 -999.0 -999 -999 "" "" "" "" 0 0 0.0 0.0 -999 ""
FIBERMAP 52 R+5C17 APOGEE 0 0 0 1 0 0 131.62110922527015 97.97834989018001 143.1 145.89714704077414 75.02275770039233 321.82135 154.3669 -999.0 -999.0 -999.0 -999.0 -999.0 211.58065740099707 15.013526091498132 211.57052989217925 14.888980271929247 58.29685309032632 242.57795018839425 -999.0 16600.0 -999.0 2 -999 {-999.0 -999.0 -999.0 -999.0 -999.0} "" -999.0 -999.0 -999.0 -999.0 -999 -999 "" "" "" "" 0 0 0.0 0.0 -999 ""
FIBERMAP 52 R+5C17 BOSS 1 1 0 1 0 0 131.94068227057014 97.32233100912605 143.1 146.10462607513495 74.32329174108752 321.82135 154.3669 211.58157348632812 15.010289836473703 -999.0 -999.0 -999.0 211.58157348632812 15.010289836473705 211.57155044455578 14.885826188599115 58.295611213243376 242.5721227180336 5400.0 5400.0 2015.5 1 206 {-999.0 -999.0 -999.0 -999.0 -999.0} "" -999.0 -999.0 -999.0 -999.0 27021603099596157 806480814 "" ops_sky_boss_good ops_sky sky_boss 0 0 0.0 0.0 -999 ""
FIBERMAP 52 R+5C17 METROLOGY 0 0 0 1 0 0 131.209582458566 97.3560093878842 143.1 145.38910580221582 74.47653426502073 321.82135 154.3669 -999.0 -999.0 -999.0 -999.0 -999.0 211.57824127126827 15.01102462078506 211.5681916108498 14.88653395963969 58.29355383254676 242.57708660111882 -999.0 6231.0 -999.0 -1 -999 {-999.0 -999.0 -999.0 -999.0 -999.0} "" -999.0 -999.0 -999.0 -999.0 -999 -999 "" "" "" "" 0 0 0.0 0.0 -999 ""
FIBERMAP 56 R-8C4 APOGEE 0 0 0 1 0 0 -151.425553793043 -167.31495096675584 143.1 -176.8125631686399 -140.15482443998118 273.12396 45.300835 -999.0 -999.0 -999.0 -999.0 -999.0 210.06645016868413 14.038488482721958 210.0589468893029 13.912399554299096 56.5459186942325 242.90728512593674 -999.0 16600.0 -999.0 2 -999 {-999.0 -999.0 -999.0 -999.0 -999.0} "" -999.0 -999.0 -999.0 -999.0 -999 -999 "" "" "" "" 0 0 0.0 0.0 -999 ""
FIBERMAP 56 R-8C4 BOSS 1 1 0 1 0 0 -151.98521918657153 -166.79707084112283 143.1 -177.27951270167742 -139.55218146863047 273.12396 45.300835 210.06412331573114 14.041106201662034 -999.0 -999.0 -999.0 210.06412331573114 14.04110620166203 210.05672568878546 13.915099715765963 56.54597457600324 242.913552207213 5400.0 5400.0 2016.0 1 452 {-999.0 22.240818 22.085894 21.590797 21.198076} sdss_fiber2mag_from_lsdr10 nan nan nan -999.0 63050398380377958 1059080220 dark_flexible_2x2 bhm_spiders_agn_lsdr10 bhm_spiders science 0 0 0.0 0.0 -999 ""
FIBERMAP 56 R-8C4 METROLOGY 0 0 0 1 0 0 -151.28525932225136 -166.58216215544857 143.1 -176.5538929178425 -139.45514190998816 273.12396 45.300835 -999.0 -999.0 -999.0 -999.0 -999.0 210.06752497461932 14.041563582907285 210.0600935391592 13.91553659263133 56.54877391788845 242.9103889755942 -999.0 6231.0 -999.0 -1 -999 {-999.0 -999.0 -999.0 -999.0 -999.0} "" -999.0 -999.0 -999.0 -999.0 -999 -999 "" "" "" "" 0 0 0.0 0.0 -999 ""
FIBERMAP 59 R+4C8 APOGEE 0 0 0 1 0 0 -78.50909727614504 73.37039703396782 143.1 -65.38436529149837 85.25087585269709 331.18478 121.08644 -999.0 -999.0 -999.0 -999.0 -999.0 210.58596243245884 15.062590023052776 210.57663888528236 14.936828364392392 57.58112494653689 243.78785174778548 -999.0 16600.0 -999.0 2 -999 {-999.0 -999.0 -999.0 -999.0 -999.0} "" -999.0 -999.0 -999.0 -999.0 -999 -999 "" "" "" "" 0 0 0.0 0.0 -999 ""
FIBERMAP 59 R+4C8 BOSS 1 1 0 1 0 0 -78.41352379706099 72.62064482884122 143.1 -65.41319501217443 84.49573988798 331.18478 121.08644 210.5857019954448 15.059125628653048 -5.400272 -3.332317 0.28359565 210.58568615293368 15.059116188518013 210.57647235424702 14.933436227355521 57.578879894252786 243.7830991298659 5400.0 5400.0 2016.0 1 33 {-999.0 17.473597 17.105206 16.96217 16.910042} sdss_psfmag_from_gaia 17.428 17.1168 16.6458 15.549 63050394841217722 969424111 "" ops_std_boss_gdr2 ops_std standard_boss 0 0 0.0 0.0 -999 ""
FIBERMAP 59 R+4C8 METROLOGY 0 0 0 1 0 0 -79.0975462238412 72.91171433703336 143.1 -66.04002830370099 84.89510632638212 331.18478 121.08644 -999.0 -999.0 -999.0 -999.0 -999.0 210.5827711077876 15.060943942796118 210.57352772318268 14.935237028899456 57.57778359448523 243.78903736724862 -999.0 6231.0 -999.0 -1 -999 {-999.0 -999.0 -999.0 -999.0 -999.0} "" -999.0 -999.0 -999.0 -999.0 -999 -999 "" "" "" "" 0 0 0.0 0.0 -999 ""
FIBERMAP 63 R+5C19 APOGEE 0 0 0 1 0 0 149.8143516939087 102.29139296496213 143.1 164.54837341679624 76.28966327818678 205.61752 68.12755 -999.0 -999.0 -999.0 -999.0 -999.0 211.66798915385579 15.018697655445326 211.65777837830956 14.894257934168419 58.365301963198185 242.4836296306837 -999.0 16600.0 -999.0 2 -999 {-999.0 -999.0 -999.0 -999.0 -999.0} "" -999.0 -999.0 -999.0 -999.0 -999 -999 "" "" "" "" 0 0 0.0 0.0 -999 ""
FIBERMAP 63 R+5C19 BOSS 1 1 0 1 0 0 149.75456949139985 103.04106702127355 143.1 164.61248956058603 77.03884619377892 205.61752 68.12755 211.6683505118533 15.02231988368086 -35.388798 -99.80311 2.8976147 211.66824671153603 15.02203715103273 211.65813195126654 14.897676966772346 58.36774011682558 242.48824589404313 5400.0 5400.0 2016.0 1 204 {-999.0 20.533546 19.208519 17.98017 -999.0} sdss_psfmag 19.186808 18.615995 17.352112 15.217 63050394841200276 1136102505 dark_flexible_3x1 mwm_halo_local_high_boss_triple mwm_halo science 0 0 0.0 0.0 -999 ""
FIBERMAP 63 R+5C19 METROLOGY 0 0 0 1 0 0 150.43375864809616 102.70732205220656 143.1 165.22754985071953 76.59818444930515 205.61752 68.12755 -999.0 -999.0 -999.0 -999.0 -999.0 211.67113832953586 15.020036165492266 211.66099493147829 14.895657297134974 58.368590725245426 242.4819190849071 -999.0 6231.0 -999.0 -1 -999 {-999.0 -999.0 -999.0 -999.0 -999.0} "" -999.0 -999.0 -999.0 -999.0 -999 -999 "" "" "" "" 0 0 0.0 0.0 -999 ""
FIBERMAP 65 R+5C14 APOGEE 0 0 0 1 0 0 47.30413414821494 92.03019200096134 143.1 61.762750222391475 82.9989715313587 179.29155 144.25064 -999.0 -999.0 -999.0 -999.0 -999.0 211.18529652637406 15.05167148465479 211.17546145190397 14.926632315052828 58.02512368095901 243.09127699982037 -999.0 16600.0 -999.0 2 41 {-999.0 -999.0 -999.0 -999.0 -999.0} "" -999.0 -999.0 -999.0 -999.0 -999 -999 "" "" "" "" 0 0 0.0 0.0 -999 ""
FIBERMAP 65 R+5C14 BOSS 1 1 0 1 0 0 46.70837284080692 92.47366317766662 143.1 61.247985018660636 83.53415444328085 179.29155 144.25064 211.1829917457158 15.054110804805994 -64.135635 -13.607472 0.8332839 211.18280359862376 15.054072256065451 211.17306988418096 14.929109846558763 58.024892897069776 243.09765986132604 5400.0 5400.0 2016.0 1 159 {-999.0 17.665058 16.98344 16.708698 -999.0} sdss_psfmag 17.465654 16.982468 16.350878 15.077 63050394841217197 1136102845 dark_flexible_3x1 mwm_halo_local_high_boss_triple mwm_halo science 0 0 0.0 0.0 -999 ""
FIBERMAP 65 R+5C14 METROLOGY 0 0 0 1 0 0 47.37787501041265 92.77230544652288 143.1 61.95731263525533 83.71877684009607 179.29155 144.25064 -999.0 -999.0 -999.0 -999.0 -999.0 211.186170252806 15.054915777280256 211.17640331834275 14.929934388335482 58.02791249219094 243.09503239616726 -999.0 6231.0 -999.0 -1 -999 {-999.0 -999.0 -999.0 -999.0 -999.0} "" -999.0 -999.0 -999.0 -999.0 -999 -999 "" "" "" "" 0 0 0.0 0.0 -999 ""
FIBERMAP 71 R-4C9 APOGEE 0 0 0 1 0 0 -76.32250548269705 -75.98123377586832 143.1 -87.74739371928554 -62.40659478575471 130.18616 149.30272 -999.0 -999.0 -999.0 -999.0 -999.0 210.48090425002445 14.390457203210271 210.4725789387113 14.264757103662902 57.07960502000509 242.9382734940599 -999.0 16600.0 -999.0 2 270 {-999.0 -999.0 -999.0 -999.0 -999.0} "" -999.0 -999.0 -999.0 -999.0 -999 -999 "" "" "" "" 0 0 0.0 0.0 -999 ""
FIBERMAP 71 R-4C9 BOSS 1 1 0 1 0 0 -76.43944495018532 -75.24253779911862 143.1 -87.74145140658966 -61.65885533278919 130.18616 149.30272 210.48077859377946 14.393745350027235 -999.0 -999.0 -999.0 210.48077859377943 14.393745350027231 210.47255431682822 14.26812811719159 57.08172660088174 242.94309405226127 5400.0 5400.0 2016.0 1 462 {-999.0 22.821814 22.138216 21.777393 21.636644} sdss_fiber2mag_from_lsdr10 nan nan nan -999.0 63050397665385926 1059082746 dark_flexible_2x2 bhm_spiders_agn_lsdr10 bhm_spiders science 0 0 0.0 0.0 -999 ""
FIBERMAP 71 R-4C9 METROLOGY 0 0 0 1 0 0 -75.7447058790246 -75.51172737759404 143.1 -87.10045669076347 -62.03840201303682 130.18616 149.30272 -999.0 -999.0 -999.0 -999.0 -999.0 210.48382719421372 14.392046600132467 210.4755727798157 14.266409666614793 57.0828959738639 242.93723351843175 -999.0 6231.0 -999.0 -1 -999 {-999.0 -999.0 -999.0 -999.0 -999.0} "" -999.0 -999.0 -999.0 -999.0 -999 -999 "" "" "" "" 0 0 0.0 0.0 -999 ""
FIBERMAP 78 R-5C11 APOGEE 0 0 0 1 0 0 9.757528989565024 -96.14047124243497 143.1 -6.160313497293388 -96.4207524136302 65.47824 38.87847 -999.0 -999.0 -999.0 -999.0 -999.0 210.8641049732487 14.235441071395815 210.8556635964976 14.110240893006452 57.267053591975966 242.28171735046305 -999.0 16600.0 -999.0 2 160 {-999.0 -999.0 -999.0 -999.0 -999.0} "" -999.0 -999.0 -999.0 -999.0 -999 -999 "" "" "" "" 0 0 0.0 0.0 -999 ""
FIBERMAP 78 R-5C11 BOSS 1 1 0 1 0 0 9.945782154316367 -96.85282214146153 143.1 -6.091597303482394 -97.15421676553397 65.47824 38.87847 210.86432057897153 14.231975401618836 -1.31056 0.06447049 -0.18882559 210.86431674872406 14.23197558425752 210.85598374055772 14.106860793484408 57.265125219714356 242.2765515127382 5400.0 5400.0 2016.0 1 366 {-999.0 20.067837 20.011198 19.850624 19.689032} sdss_psfmag_from_lsdr10 20.152605 19.920603 19.420422 -999.0 63050394841190140 1059081481 dark_flexible_2x2 bhm_spiders_agn_lsdr10 bhm_spiders science 0 0 0.0 0.0 -999 ""
FIBERMAP 78 R-5C11 METROLOGY 0 0 0 1 0 0 9.226477645974011 -96.66246787408919 143.1 -6.769762413845313 -96.84838865484659 65.47824 38.87847 -999.0 -999.0 -999.0 -999.0 -999.0 210.86116286441586 14.233401955170795 210.85280121213486 14.108259128532291 57.263652560692236 242.2821950993199 -999.0 6231.0 -999.0 -1 -999 {-999.0 -999.0 -999.0 -999.0 -999.0} "" -999.0 -999.0 -999.0 -999.0 -999 -999 "" "" "" "" 0 0 0.0 0.0 -999 ""
FIBERMAP 86 R-12C11 APOGEE 0 0 0 1 0 0 67.02037432751774 -240.9492470778537 143.1 26.54159291538832 -248.6398731636122 206.54616 164.46254 -999.0 -999.0 -999.0 -999.0 -999.0 211.01572446824366 13.548319680312193 211.00809189672816 13.42349475297601 56.93548324584595 241.1414028620511 -999.0 16600.0 -999.0 2 -999 {-999.0 -999.0 -999.0 -999.0 -999.0} "" -999.0 -999.0 -999.0 -999.0 -999 -999 "" "" "" "" 0 0 0.0 0.0 -999 ""
FIBERMAP 86 R-12C11 BOSS 1 1 0 1 0 0 66.2844542148987 -241.08239393256957 143.1 25.7939303452455 -248.65037115779603 206.54616 164.46254 211.0121415929842 13.548163226977767 -0.2235904 1.0341913 0.53558195 211.01214094144382 13.548166156742298 211.00461504133455 13.42342383104193 56.93287636706787 241.14535339669447 5400.0 5400.0 2016.0 1 407 {-999.0 20.997763 20.648758 20.58568 20.570332} sdss_psfmag_from_lsdr10 20.764872 20.527466 20.047125 -999.0 63050394841187583 1059077609 dark_flexible_2x2 bhm_spiders_agn_lsdr10 bhm_spiders science 0 0 0.0 0.0 -999 ""
FIBERMAP 86 R-12C11 METROLOGY 0 0 0 1 0 0 66.53047245125876 -240.38652322715092 143.1 26.150810004567628 -248.0044562469067 206.54616 164.46254 -999.0 -999.0 -999.0 -999.0 -999.0 211.01384164833186 13.551080057749086 211.0062810274054 13.426314314584157 56.935991382541296 241.1474248172784 -999.0 6231.0 -999.0 -1 -999 {-999.0 -999.0 -999.0 -999.0 -999.0} "" -999.0 -999.0 -999.0 -999.0 -999 -999 "" "" "" "" 0 0 0.0 0.0 -999 ""
FIBERMAP 97 R-4C15 APOGEE 1 1 0 1 0 0 65.2049574996273 -58.870807755138046 143.1 54.643564320932995 -68.76642725213256 138.16597 67.05927 211.1501957608572 14.360756851926224 -49.445286 20.281044 4.3123918 211.15005116905175 14.360814306133099 211.14119710447991 14.235924156905295 57.56006437567495 242.13107242509992 16000.0 16600.0 2016.0 2 191 {-999.0 11.957984 11.484645 11.349012 -999.0} sdss_psfmag_from_g3xp 11.865093 11.522608 11.016525 10.142 63050394841199156 974688633 "" ops_std_apogee ops_std standard_apogee 0 0 0.0 0.0 -999 ""
FIBERMAP 97 R-4C15 BOSS 0 0 0 1 0 0 65.86986419717645 -58.547993140739464 143.1 55.35232809504899 -68.5572103534171 138.16597 67.05927 -999.0 -999.0 -999.0 -999.0 -999.0 211.15331051622724 14.361642856761652 211.14455457533745 14.236839540104913 57.563147556063164 242.12848756579635 -999.0 5400.0 -999.0 1 314 {-999.0 -999.0 -999.0 -999.0 -999.0} "" -999.0 -999.0 -999.0 -999.0 -999 -999 "" "" "" "" 0 0 0.0 0.0 -999 ""
FIBERMAP 97 R-4C15 METROLOGY 0 0 0 1 0 0 65.82149225761482 -59.29390699181752 143.1 55.18216193226002 -69.28492872502403 138.16597 67.05927 -999.0 -999.0 -999.0 -999.0 -999.0 211.15252401337597 14.358363352059122 211.14374413907296 14.233536399709234 57.56042518297098 242.12470502001128 -999.0 6231.0 -999.0 -1 -999 {-999.0 -999.0 -999.0 -999.0 -999.0} "" -999.0 -999.0 -999.0 -999.0 -999 -999 "" "" "" "" 0 0 0.0 0.0 -999 ""
FIBERMAP 103 R-8C3 APOGEE 0 0 0 1 0 0 -163.04697904016953 -136.6523263088496 143.1 -183.24024187842485 -108.00579100273085 156.75209 58.366573 -999.0 -999.0 -999.0 -999.0 -999.0 210.0355415473782 14.18387678172448 210.02787163964695 14.057711205611406 56.61494113950738 243.14582554786534 -999.0 16600.0 -999.0 2 267 {-999.0 -999.0 -999.0 -999.0 -999.0} "" -999.0 -999.0 -999.0 -999.0 -999 -999 "" "" "" "" 0 0 0.0 0.0 -999 ""
FIBERMAP 103 R-8C3 BOSS 1 1 0 1 0 0 -162.4558714269408 -136.20934047819398 143.1 -182.58453375691926 -107.66593903960086 156.75209 58.366573 210.0384308062946 14.18530181452623 -999.0 -999.0 -999.0 210.03843080629457 14.18530181452623 210.03086377604794 14.059224522497365 56.61814527148829 243.14460825311357 5400.0 5400.0 2016.0 1 476 {-999.0 21.916416 20.671162 20.203993 19.861668} sdss_fiber2mag_from_lsdr10 nan nan nan -999.0 63050399095175596 1058148079 dark_flexible_2x2 bhm_spiders_clusters_lsdr10 bhm_spiders science 0 0 0.0 0.0 -999 ""
FIBERMAP 103 R-8C3 METROLOGY 0 0 0 1 0 0 -162.35460550600015 -136.9539835221483 143.1 -182.60691050164232 -108.41697062628648 156.75209 58.366573 -999.0 -999.0 -999.0 -999.0 -999.0 210.03838806201887 14.181931848201454 210.0307951984987 14.05583127942358 56.61594247428226 243.13991586873186 -999.0 6231.0 -999.0 -1 -999 {-999.0 -999.0 -999.0 -999.0 -999.0} "" -999.0 -999.0 -999.0 -999.0 -999 -999 "" "" "" "" 0 0 0.0 0.0 -999 ""
FIBERMAP 107 R-3C24 APOGEE 0 0 0 1 0 0 251.52313324974014 -39.801730013590614 143.1 241.5310546254518 -80.54797605240447 153.22643 62.874004 -999.0 -999.0 -999.0 -999.0 -999.0 212.02155802725437 14.305678484514264 212.01204461170062 14.181875418815487 58.16914973863068 241.02738991537097 -999.0 16600.0 -999.0 2 222 {-999.0 -999.0 -999.0 -999.0 -999.0} "" -999.0 -999.0 -999.0 -999.0 -999 -999 "" "" "" "" 0 0 0.0 0.0 -999 ""
FIBERMAP 107 R-3C24 BOSS 1 1 0 1 0 0 252.1246452848611 -39.36508915043459 143.1 242.1959824643009 -80.21608996140225 153.22643 62.874004 212.0246034243718 14.307159499916962 -15.701861 -26.217226 0.9298616 212.02455751875132 14.307085229028043 212.01513891969273 14.183368129165812 58.17239837857986 241.02583224909282 5400.0 5400.0 2016.0 1 253 {-999.0 18.070435 17.032389 16.678644 -999.0} sdss_psfmag 17.71164 17.070644 16.298405 14.845 63050394841198049 1136102459 dark_flexible_3x1 mwm_halo_local_high_boss_triple mwm_halo science 0 0 0.0 0.0 -999 ""
FIBERMAP 107 R-3C24 METROLOGY 0 0 0 1 0 0 252.201916881082 -40.11277430545146 143.1 242.14944181175883 -80.96618260994113 153.22643 62.874004 -999.0 -999.0 -999.0 -999.0 -999.0 212.02432994000077 14.303720072658521 212.01488805282133 14.179980198067621 58.17000692242132 241.02125854191883 -999.0 6231.0 -999.0 -1 -999 {-999.0 -999.0 -999.0 -999.0 -999.0} "" -999.0 -999.0 -999.0 -999.0 -999 -999 "" "" "" "" 0 0 0.0 0.0 -999 ""
FIBERMAP 110 R-1C13 APOGEE 1 1 0 1 0 0 7.914754592347789 -21.432201139530033 143.1 4.287353511647187 -22.43696413798159 39.22282 62.371162 210.91369364058835 14.572138946538146 -3.7114592 -4.0165815 0.35898426 210.9136827769147 14.572127567947996 210.9047406906747 14.446893199626809 57.51861660991689 242.70615992731007 16000.0 16600.0 2016.0 2 162 {-999.0 13.86397 13.017676 12.698779 -999.0} sdss_psfmag_from_g3xp 13.610989 13.049449 12.343842 10.828 63050394841216049 1105821748 bright_flexible_2x1 mwm_tess_rgb_apogee mwm_tessrgb science 0 0 0.0 0.0 -999 ""
FIBERMAP 110 R-1C13 BOSS 0 0 0 1 0 0 8.070428451056603 -22.154871776630802 143.1 4.322244041674274 -23.175257707696744 39.22282 62.371162 -999.0 -999.0 -999.0 -999.0 -999.0 210.91374085702031 14.568667930665267 210.9049070527417 14.443517288613021 57.516593596628326 242.7011185553675 -999.0 5400.0 -999.0 1 346 {-999.0 -999.0 -999.0 -999.0 -999.0} "" -999.0 -999.0 -999.0 -999.0 -999 -999 "" "" "" "" 0 0 0.0 0.0 -999 ""
FIBERMAP 110 R-1C13 METROLOGY 0 0 0 1 0 0 7.360285032725663 -21.94230862779553 143.1 3.65676019060173 -22.84903002860721 39.22282 62.371162 -999.0 -999.0 -999.0 -999.0 -999.0 210.91063871573198 14.570184206660734 210.90177615343725 14.445005973756544 57.51520092916609 242.70684824709735 -999.0 6231.0 -999.0 -1 -999 {-999.0 -999.0 -999.0 -999.0 -999.0} "" -999.0 -999.0 -999.0 -999.0 -999 -999 "" "" "" "" 0 0 0.0 0.0 -999 ""
FIBERMAP 114 R-12C15 APOGEE 0 0 0 1 0 0 150.4724728256281 -224.35518722521851 143.1 111.57077627426193 -245.97454478589796 102.48006 139.44666 -999.0 -999.0 -999.0 -999.0 -999.0 211.41119678432827 13.56066923689784 211.40322479321867 13.436321223900647 57.23425883204096 240.69589262762938 -999.0 16600.0 -999.0 2 236 {-999.0 -999.0 -999.0 -999.0 -999.0} "" -999.0 -999.0 -999.0 -999.0 -999 -999 "" "" "" "" 0 0 0.0 0.0 -999 ""
FIBERMAP 114 R-12C15 BOSS 1 1 0 1 0 0 150.8328352940456 -223.70457401193428 143.1 112.03299819767126 -245.3920374896886 102.48006 139.44666 211.4133369972077 13.563224875620612 -24.175005 -14.216813 0.32192993 211.41326654701678 13.563184600744057 211.40539127650757 13.438924767414056 57.23755795847015 240.69696155996536 5400.0 5400.0 2016.0 1 258 {-999.0 17.356262 17.071987 16.980677 -999.0} sdss_psfmag 17.318424 17.06522 16.64695 15.827 63050394841183779 976203398 "" ops_std_boss ops_std standard_boss 0 0 0.0 0.0 -999 ""
FIBERMAP 114 R-12C15 METROLOGY 0 0 0 1 0 0 151.22132639403924 -224.3496703720558 143.1 112.31024105574437 -246.09204558975472 102.48006 139.44666 -999.0 -999.0 -999.0 -999.0 -999.0 211.41454913937005 13.560091951239318 211.40664821915595 13.435810085468743 57.23643327930729 240.69113836199267 -999.0 6231.0 -999.0 -1 -999 {-999.0 -999.0 -999.0 -999.0 -999.0} "" -999.0 -999.0 -999.0 -999.0 -999 -999 "" "" "" "" 0 0 0.0 0.0 -999 ""
FIBERMAP 115 R-11C13 APOGEE 0 0 0 1 0 0 106.54274683603785 -207.6120716072431 143.1 70.99372702062212 -222.24950584541594 350.6454 159.78024 -999.0 -999.0 -999.0 -999.0 -999.0 211.22338407927003 13.66648624689961 211.215420176561 13.541879443387428 57.165462560537044 241.06399007349387 -999.0 16600.0 -999.0 2 166 {-999.0 -999.0 -999.0 -999.0 -999.0} "" -999.0 -999.0 -999.0 -999.0 -999 -999 "" "" "" "" 0 0 0.0 0.0 -999 ""
FIBERMAP 115 R-11C13 BOSS 1 1 0 1 0 0 107.18899435641333 -207.97171483660796 143.1 71.57204671910588 -222.71030168663526 350.6454 159.78024 211.22597268451898 13.664304873192773 -999.0 -999.0 -999.0 211.22597268451895 13.664304873192773 211.21811218931546 13.539787960360973 57.16607683190508 241.0579159149162 5400.0 5400.0 2016.0 1 395 {-999.0 22.12889 21.545412 21.477058 21.485641} sdss_psfmag_from_lsdr10 nan nan nan -999.0 63050396950196199 1059078927 dark_flexible_2x2 bhm_spiders_agn_lsdr10 bhm_spiders science 0 0 0.0 0.0 -999 ""
FIBERMAP 115 R-11C13 METROLOGY 0 0 0 1 0 0 106.55334217765817 -208.3579482362246 143.1 70.88172362531408 -222.98686836410715 350.6454 159.78024 -999.0 -999.0 -999.0 -999.0 -999.0 211.2227756471394 13.663093460705126 211.21489043007125 13.538548601938258 57.16289603440592 241.05996109009226 -999.0 6231.0 -999.0 -1 -999 {-999.0 -999.0 -999.0 -999.0 -999.0} "" -999.0 -999.0 -999.0 -999.0 -999 -999 "" "" "" "" 0 0 0.0 0.0 -999 ""
FIBERMAP 117 R-1C9 APOGEE 0 0 0 1 0 0 -111.95762826992093 -35.913312385064245 143.1 -116.31455381867971 -17.039149707853156 284.1434 59.40441 -999.0 -999.0 -999.0 -999.0 -999.0 210.3465440573147 14.596858835600116 210.338056977061 14.470942717566924 57.10909406877197 243.38396642043654 -999.0 16600.0 -999.0 2 244 {-999.0 -999.0 -999.0 -999.0 -999.0} "" -999.0 -999.0 -999.0 -999.0 -999 -999 "" "" "" "" 0 0 0.0 0.0 -999 ""
FIBERMAP 117 R-1C9 BOSS 1 1 0 1 0 0 -112.67540542824797 -35.72358726777998 143.1 -116.99131586523582 -16.734192848517818 284.1434 59.40441 210.34291298175458 14.598139192133393 -25.735186 4.972851 0.78042173 210.3432069125823 14.59815327973024 210.3348269657979 14.472316146363434 57.107531371691366 243.38955947204576 5400.0 5400.0 2016.0 1 481 {-999.0 15.969426 15.506272 15.392094 -999.0} sdss_psfmag 15.84634 15.526122 15.034029 14.095 63050394841209276 1136776330 dark_flexible_3x1 mwm_halo_local_high_boss_triple mwm_halo science 0 0 1.2864501476287842 0.0 -999 ""
FIBERMAP 117 R-1C9 METROLOGY 0 0 0 1 0 0 -112.15296348411746 -35.18863725552062 143.1 -116.38823139433649 -16.292367862964344 284.1434 59.40441 -999.0 -999.0 -999.0 -999.0 -999.0 210.3460729794049 14.600191167514122 210.33765773212133 14.474333212075884 57.110930629525264 243.38926283105275 -999.0 6231.0 -999.0 -1 -999 {-999.0 -999.0 -999.0 -999.0 -999.0} "" -999.0 -999.0 -999.0 -999.0 -999 -999 "" "" "" "" 0 0 0.0 0.0 -999 ""
FIBERMAP 119 R0C6 APOGEE 0 0 0 1 0 0 -187.70355122673763 14.172201564242382 143.1 -182.7964880236622 44.79330123643712 144.0197 90.08834 -999.0 -999.0 -999.0 -999.0 -999.0 210.03499710252507 14.877244745950762 210.02640684783728 14.75088607506331 57.049425314556444 244.13308582299533 -999.0 16600.0 -999.0 2 -999 {-999.0 -999.0 -999.0 -999.0 -999.0} "" -999.0 -999.0 -999.0 -999.0 -999 -999 "" "" "" "" 0 0 0.0 0.0 -999 ""
FIBERMAP 119 R0C6 BOSS 1 1 0 1 0 0 -187.30309371644532 14.783434107889251 143.1 -182.3011875032378 45.33038669169338 144.0197 90.08834 210.0370926872 14.879694183889148 18.03807 -25.364874 3.2935987 210.03714556029112 14.879622327630372 210.02865783852727 14.753348083659295 57.05266173876839 244.1341351701796 5400.0 5400.0 2016.0 1 494 {-999.0 16.915874 17.365633 17.721487 -999.0} sdss_psfmag 16.966507 17.11019 17.404558 -999.0 63050394841209780 1143462200 dark_1x3 mwm_wd_pwd_boss_1x3 mwm_wd science 0 0 0.0 0.0 -999 ""
FIBERMAP 119 R0C6 METROLOGY 0 0 0 1 0 0 -186.96014214604986 14.108917132801729 143.1 -182.0736882234107 44.60883880074515 144.0197 90.08834 -999.0 -999.0 -999.0 -999.0 -999.0 210.03825091325103 14.876372377868696 210.0297357079479 14.7500768155582 57.051440005713474 244.12823573283745 -999.0 6231.0 -999.0 -1 -999 {-999.0 -999.0 -999.0 -999.0 -999.0} "" -999.0 -999.0 -999.0 -999.0 -999 -999 "" "" "" "" 0 0 0.0 0.0 -999 ""
FIBERMAP 120 R-7C13 APOGEE 0 0 0 1 0 0 47.322931515502844 -117.06550742034196 143.1 27.45334278779622 -123.22537050122702 172.32816 45.184998 -999.0 -999.0 -999.0 -999.0 -999.0 211.02167154182757 14.113530565441268 211.01326353221202 13.98855403787607 57.30596544717727 241.92739763143553 -999.0 16600.0 -999.0 2 163 {-999.0 -999.0 -999.0 -999.0 -999.0} "" -999.0 -999.0 -999.0 -999.0 -999 -999 "" "" "" "" 0 0 0.0 0.0 -999 ""
FIBERMAP 120 R-7C13 BOSS 1 1 0 1 0 0 47.91985903931355 -116.61141718108857 143.1 28.11661386166052 -122.8755222564158 172.32816 45.184998 211.0246959562871 14.114976656981572 -999.0 -999.0 -999.0 211.02469595628708 14.114976656981574 211.01638665326414 13.990087846683517 57.30927118950047 241.92595293716624 5400.0 5400.0 2016.0 1 354 {-999.0 21.529388 21.33359 21.236877 21.16101} sdss_psfmag_from_lsdr10 nan nan nan -999.0 63050399095376355 1059080233 dark_flexible_2x2 bhm_spiders_agn_lsdr10 bhm_spiders science 0 0 0.0 0.0 -999 ""
FIBERMAP 120 R-7C13 METROLOGY 0 0 0 1 0 0 48.019912056948186 -117.33956208405596 143.1 28.09574944290638 -123.61008337601254 172.32816 45.184998 -999.0 -999.0 -999.0 -999.0 -999.0 211.0246163503014 14.111677714843255 211.01628241419735 13.986765802541335 57.307052738335464 241.92137097357278 -999.0 6231.0 -999.0 -1 -999 {-999.0 -999.0 -999.0 -999.0 -999.0} "" -999.0 -999.0 -999.0 -999.0 -999 -999 "" "" "" "" 0 0 0.0 0.0 -999 ""
FIBERMAP 124 R-6C12 APOGEE 0 0 0 1 0 0 5.241132550635037 -108.02682512978384 143.1 -12.566045748252433 -107.40223227896776 196.39508 66.17976 -999.0 -999.0 -999.0 -999.0 -999.0 210.8339756264999 14.18558287646885 210.8256274419257 14.060360486246212 57.21271305246549 242.24550870512383 -999.0 16600.0 -999.0 2 -999 {-999.0 -999.0 -999.0 -999.0 -999.0} "" -999.0 -999.0 -999.0 -999.0 -999 -999 "" "" "" "" 0 0 0.0 0.0 -999 ""
FIBERMAP 124 R-6C12 BOSS 1 1 0 1 0 0 5.333416695361527 -107.29299210084785 143.1 -12.354554391726403 -106.69363786902873 196.39508 66.17976 210.83486211074242 14.188664802272914 -0.39256418 0.29208204 -0.57983786 210.8348609636525 14.188665629713295 210.82661181314816 14.063527819634118 57.21547740521532 242.24886458111405 5400.0 5400.0 2016.0 1 378 {-999.0 20.387445 20.114195 19.978897 19.87049} sdss_psfmag_from_lsdr10 20.056005 19.994093 19.407888 -999.0 63050394841190130 1059081480 dark_flexible_2x2 bhm_spiders_agn_lsdr10 bhm_spiders science 0 0 0.0 0.0 -999 ""
FIBERMAP 124 R-6C12 METROLOGY 0 0 0 1 0 0 5.927078328654368 -107.73332833230685 143.1 -11.841345323304768 -107.22538422128633 196.39508 66.17976 -999.0 -999.0 -999.0 -999.0 -999.0 210.83729919288683 14.186280487697667 210.82902180134943 14.06112235939738 57.21572764602746 242.24268721223177 -999.0 6231.0 -999.0 -1 -999 {-999.0 -999.0 -999.0 -999.0 -999.0} "" -999.0 -999.0 -999.0 -999.0 -999 -999 "" "" "" "" 0 0 0.0 0.0 -999 ""
FIBERMAP 126 R-7C19 APOGEE 0 0 0 1 0 0 181.79196872840424 -147.8645573725671 143.1 155.01744709961395 -175.67726069493636 246.26056 105.252075 -999.0 -999.0 -999.0 -999.0 -999.0 211.61618820545428 13.876252500378627 211.60761196865542 13.752067188408896 57.591264969200715 240.89680198030516 -999.0 16600.0 -999.0 2 -999 {-999.0 -999.0 -999.0 -999.0 -999.0} "" -999.0 -999.0 -999.0 -999.0 -999 -999 "" "" "" "" 0 0 0.0 0.0 -999 ""
FIBERMAP 126 R-7C19 BOSS 1 1 0 1 0 0 181.05552196359065 -147.77848317281757 143.1 154.30525537726768 -175.47146480929317 246.26056 105.252075 211.61281159629524 13.877064537820605 -999.0 -999.0 -999.0 211.61281159629522 13.877064537820603 211.60433793528168 13.75295965061075 57.589443219048185 240.9019424690113 5400.0 5400.0 2016.0 1 320 {-999.0 22.015352 21.414148 20.873367 20.44788} sdss_fiber2mag_from_lsdr10 nan nan nan -999.0 63050396950258567 1059080245 dark_flexible_2x2 bhm_spiders_agn_lsdr10 bhm_spiders science 0 0 0.0 0.0 -999 ""
FIBERMAP 126 R-7C19 METROLOGY 0 0 0 1 0 0 181.5071580609838 -147.17495976219178 143.1 154.84976529719629 -174.9503846707321 246.26056 105.252075 -999.0 -999.0 -999.0 -999.0 -999.0 211.6153893928293 13.879443259930659 211.60688174464065 13.755316834938276 57.59285397863615 240.90225412567725 -999.0 6231.0 -999.0 -1 -999 {-999.0 -999.0 -999.0 -999.0 -999.0} "" -999.0 -999.0 -999.0 -999.0 -999 -999 "" "" "" "" 0 0 0.0 0.0 -999 ""
FIBERMAP 129 R-6C21 APOGEE 0 0 0 1 0 0 218.70256918948743 -133.99000908186065 143.1 193.69846808353125 -168.0531839423827 290.58984 74.103905 -999.0 -999.0 -999.0 -999.0 -999.0 211.79586796121444 13.910874489983494 211.78709528795787 13.78690137592043 57.74583644363919 240.73261693817486 -999.0 16600.0 -999.0 2 194 {-999.0 -999.0 -999.0 -999.0 -999.0} "" -999.0 -999.0 -999.0 -999.0 -999 -999 "" "" "" "" 0 0 0.0 0.0 -999 ""
FIBERMAP 129 R-6C21 BOSS 1 1 0 1 0 0 217.9675185137735 -134.0821051129538 143.1 192.9584024503304 -168.0233381779555 290.58984 74.103905 211.79235833389112 13.910906829704249 0.22894531 -0.024555694 -0.66077524 211.79235900206834 13.910906760140325 211.78368936497878 13.787013763189961 57.74341170899906 240.7368377787915 5400.0 5400.0 2016.0 1 333 {-999.0 21.179077 20.980408 20.620293 20.301395} sdss_psfmag_from_lsdr10 20.64833 20.706448 19.892675 -999.0 63050394841192691 1059080247 dark_flexible_2x2 bhm_spiders_agn_lsdr10 bhm_spiders science 0 0 0.0 0.0 -999 ""
FIBERMAP 129 R-6C21 METROLOGY 0 0 0 1 0 0 218.2595370293112 -133.3930618946853 143.1 193.35952913032926 -167.39170891761492 290.58984 74.103905 -999.0 -999.0 -999.0 -999.0 -999.0 211.79427576723646 13.913778335275403 211.78557219256777 13.78986295734628 57.74666001646631 240.73862506932159 -999.0 6231.0 -999.0 -1 -999 {-999.0 -999.0 -999.0 -999.0 -999.0} "" -999.0 -999.0 -999.0 -999.0 -999 -999 "" "" "" "" 0 0 0.0 0.0 -999 ""
FIBERMAP 130 R-9C15 APOGEE 0 0 0 1 0 0 144.07183910871936 -174.16264423071286 143.1 113.49841133361588 -195.421186209858 61.250977 42.228542 -999.0 -999.0 -999.0 -999.0 -999.0 211.42226180224534 13.787157528488144 211.41396863183513 13.662759240110178 57.39052785093789 240.99994406868507 -999.0 16600.0 -999.0 2 -999 {-999.0 -999.0 -999.0 -999.0 -999.0} "" -999.0 -999.0 -999.0 -999.0 -999 -999 "" "" "" "" 0 0 0.0 0.0 -999 ""
FIBERMAP 130 R-9C15 BOSS 1 1 0 1 0 0 144.25738932426913 -174.87073456128343 143.1 113.56516120762765 -196.15000481114959 61.250977 42.228542 211.42246146263562 13.783763200120637 -999.0 -999.0 -999.0 211.42246146263562 13.783763200120637 211.41427451837063 13.659451521463996 57.388590950821225 240.9949382805377 5400.0 5400.0 2016.0 1 265 {-999.0 21.728909 21.542097 21.445665 21.3689} sdss_psfmag_from_lsdr10 nan nan nan -999.0 63050397665494909 1059078932 dark_flexible_2x2 bhm_spiders_agn_lsdr10 bhm_spiders science 0 0 0.0 0.0 -999 ""
FIBERMAP 130 R-9C15 METROLOGY 0 0 0 1 0 0 143.5413085995112 -174.68723870200583 143.1 112.88904959542674 -195.8514700852893 61.250977 42.228542 -999.0 -999.0 -999.0 -999.0 -999.0 211.41935060098695 13.785132231295476 211.41113556114442 13.6607921559121 57.38715863560219 241.00052001236827 -999.0 6231.0 -999.0 -1 -999 {-999.0 -999.0 -999.0 -999.0 -999.0} "" -999.0 -999.0 -999.0 -999.0 -999 -999 "" "" "" "" 0 0 0.0 0.0 -999 ""
FIBERMAP 136 R-10C12 APOGEE 0 0 0 1 0 0 77.80084732393198 -176.48954173838695 143.1 47.756433791592166 -186.83616350586243 116.38562 46.64316 -999.0 -999.0 -999.0 -999.0 -999.0 211.11577958888236 13.825703904467554 211.10768637078547 13.70092179972883 57.18969623932167 241.41242625519413 -999.0 16600.0 -999.0 2 -999 {-999.0 -999.0 -999.0 -999.0 -999.0} "" -999.0 -999.0 -999.0 -999.0 -999 -999 "" "" "" "" 0 0 0.0 0.0 -999 ""
FIBERMAP 136 R-10C12 BOSS 1 1 0 1 0 0 78.48702357153954 -176.68437866113877 143.1 48.40119012353015 -187.14097387043344 116.38562 46.64316 211.1189845996593 13.824491873838866 -99.181946 -105.47901 10.069096 211.11869524513244 13.824193061755526 211.11070631884778 13.6995009117774 57.191002541479165 241.40691390344927 5400.0 5400.0 2016.0 1 369 {-999.0 19.62151 19.212202 19.017767 -999.0} sdss_psfmag 19.470541 19.222845 18.732191 -999.0 63050394841188457 1143462095 dark_1x3 mwm_wd_pwd_boss_1x3 mwm_wd science 0 0 0.0 0.0 -999 ""
FIBERMAP 136 R-10C12 METROLOGY 0 0 0 1 0 0 77.97353034333844 -177.21538094600834 143.1 47.80757946207932 -187.58037453898103 116.38562 46.64316 -999.0 -999.0 -999.0 -999.0 -999.0 211.11594095218067 13.822247456398559 211.1079261378202 13.697527854757812 57.187667343672246 241.40738689868573 -999.0 6231.0 -999.0 -1 -999 {-999.0 -999.0 -999.0 -999.0 -999.0} "" -999.0 -999.0 -999.0 -999.0 -999 -999 "" "" "" "" 0 0 0.0 0.0 -999 ""
FIBERMAP 138 R-2C24 APOGEE 0 0 0 1 0 0 236.91388686207537 -27.782064965754127 143.1 229.0959508470574 -66.29509635172191 140.47612 106.31576 -999.0 -999.0 -999.0 -999.0 -999.0 211.9647907855514 14.370271993233164 211.95523430996752 14.246380118412903 58.169288161626774 241.18820422718926 -999.0 16600.0 -999.0 2 -999 {-999.0 -999.0 -999.0 -999.0 -999.0} "" -999.0 -999.0 -999.0 -999.0 -999 -999 "" "" "" "" 0 0 0.0 0.0 -999 ""
FIBERMAP 138 R-2C24 BOSS 1 1 0 1 0 0 237.1955681839713 -27.098073437152884 143.1 229.4860530861191 -65.66675224339943 140.47612 106.31576 211.96599215171358 14.373026157711099 -3.1206372 -1.8716508 0.0050428226 211.96655155069058 14.373020855503844 211.95708909693533 14.249212771909004 58.17249522766134 241.1900724090354 5400.0 5400.0 2016.0 1 260 {-999.0 14.984086 13.919969 13.4734955 -999.0} sdss_psfmag_from_g3xp 14.614476 13.914637 13.108979 11.334 63050394841198151 1061308832 dark_flexible_2x1 manual_mwm_halo_distant_kgiant_near_boss mwm_halo science 0 0 1.9826291799545288 0.0 -999 ""
FIBERMAP 138 R-2C24 METROLOGY 0 0 0 1 0 0 237.65292525629408 -27.679672425096047 143.1 229.84163979221682 -66.3154418301395 140.47612 106.31576 -999.0 -999.0 -999.0 -999.0 -999.0 211.96818917200775 14.37010571169469 211.95870131631204 14.246277147360265 58.171775648063985 241.18391581051281 -999.0 6231.0 -999.0 -1 -999 {-999.0 -999.0 -999.0 -999.0 -999.0} "" -999.0 -999.0 -999.0 -999.0 -999 -999 "" "" "" "" 0 0 0.0 0.0 -999 ""
FIBERMAP 140 R-4C12 APOGEE 0 0 0 1 0 0 -20.044808281784295 -81.69263619696497 143.1 -33.181007527250095 -77.27878183756965 243.5439 52.237907 -999.0 -999.0 -999.0 -999.0 -999.0 210.73721539890582 14.322618498025665 210.7287632458375 14.197242088605664 57.22812785067679 242.5508150489373 -999.0 16600.0 -999.0 2 -999 {-999.0 -999.0 -999.0 -999.0 -999.0} "" -999.0 -999.0 -999.0 -999.0 -999 -999 "" "" "" "" 0 0 0.0 0.0 -999 ""
FIBERMAP 140 R-4C12 BOSS 1 1 0 1 0 0 -20.38685990734021 -81.0413570118605 143.1 -33.41143426017837 -76.58030003314855 243.5439 52.237907 210.736008163139 14.325671323176381 0.86561126 0.81137276 1.1906352 210.73601069403074 14.325673621717497 210.7276599563972 14.200378895686033 57.229306952953785 242.55653711946937 5400.0 5400.0 2016.0 1 365 {-999.0 21.05971 20.894264 20.342186 19.89113} sdss_psfmag_from_lsdr10 20.404154 20.437315 20.057562 -999.0 63050394841207584 1059081477 dark_flexible_2x2 bhm_spiders_agn_lsdr10 bhm_spiders science 0 0 0.0 0.0 -999 ""
FIBERMAP 140 R-4C12 METROLOGY 0 0 0 1 0 0 -19.640789851179456 -81.0653953435096 143.1 -32.67956690033906 -76.72649274741117 243.5439 52.237907 -999.0 -999.0 -999.0 -999.0 -999.0 210.73948302221717 14.325036253161766 210.7311004663153 14.199722017085561 57.23145503189961 242.5516694326206 -999.0 6231.0 -999.0 -1 -999 {-999.0 -999.0 -999.0 -999.0 -999.0} "" -999.0 -999.0 -999.0 -999.0 -999 -999 "" "" "" "" 0 0 0.0 0.0 -999 ""
FIBERMAP 142 R0C2 APOGEE 0 0 0 1 0 0 -282.2696766609441 -16.357043198925663 143.1 -281.0746998527835 30.208982554615307 289.7 43.546158 -999.0 -999.0 -999.0 -999.0 -999.0 209.57987459022044 14.80878328940608 209.57177447116487 14.6819177765847 56.662007275944354 244.53387088958073 -999.0 16600.0 -999.0 2 295 {-999.0 -999.0 -999.0 -999.0 -999.0} "" -999.0 -999.0 -999.0 -999.0 -999 -999 "" "" "" "" 0 0 0.0 0.0 -999 ""
FIBERMAP 142 R0C2 BOSS 1 1 0 1 0 0 -282.90611590239325 -15.975460311728575 143.1 -281.63974419933464 30.689806190441978 289.7 43.546158 209.57717728576924 14.810854815282232 -999.0 -999.0 -999.0 209.57717728576924 14.81085481528223 209.56918576317113 14.684068896380879 56.66137505142562 244.53976643980872 5400.0 5400.0 2016.0 1 423 {-999.0 21.35919 21.300821 20.988937 20.693897} sdss_psfmag_from_lsdr10 20.623434 20.892023 20.202288 -999.0 63050394841213326 1059083982 dark_flexible_2x2 bhm_spiders_agn_lsdr10 bhm_spiders science 0 0 0.0 0.0 -999 ""
FIBERMAP 142 R0C2 METROLOGY 0 0 0 1 0 0 -282.25391528121946 -15.612210308659552 143.1 -280.93687341669454 30.94098861102929 289.7 43.546158 -999.0 -999.0 -999.0 -999.0 -999.0 209.58043112638202 14.81203384852656 209.57240436198663 14.685227731123385 56.66453671749967 244.53791073950006 -999.0 6231.0 -999.0 -1 -999 {-999.0 -999.0 -999.0 -999.0 -999.0} "" -999.0 -999.0 -999.0 -999.0 -999 -999 "" "" "" "" 0 0 0.0 0.0 -999 ""
FIBERMAP 144 R-4C4 APOGEE 0 0 0 1 0 0 -188.94552329623158 -75.77359189596427 143.1 -198.78809103424697 -43.712106576147214 137.28278 144.46835 -999.0 -999.0 -999.0 -999.0 -999.0 209.96159675169173 14.475268721666515 209.9536039559166 14.348935987684216 56.74295545143951 243.6397157640808 -999.0 16600.0 -999.0 2 -999 {-999.0 -999.0 -999.0 -999.0 -999.0} "" -999.0 -999.0 -999.0 -999.0 -999 -999 "" "" "" "" 0 0 0.0 0.0 -999 ""
FIBERMAP 144 R-4C4 BOSS 1 1 0 1 0 0 -189.10259953862217 -75.03651797527729 143.1 -198.8220000336966 -42.9593774910582 137.28278 144.46835 209.9616482206137 14.47855331447649 -130.71048 12.453236 5.8257475 209.96126578464205 14.478588592988551 209.95337729536934 14.352338996565651 56.74492384391328 243.6447936451937 5400.0 5400.0 2016.0 1 455 {-999.0 20.182642 19.923658 19.8687 -999.0} sdss_psfmag 20.179146 19.948254 19.62936 -999.0 63050394841208696 1143462448 dark_1x3 mwm_wd_pwd_boss_1x3 mwm_wd science 0 0 0.0 0.0 -999 ""
FIBERMAP 144 R-4C4 METROLOGY 0 0 0 1 0 0 -188.3929709873343 -75.27224578154424 143.1 -198.16082699173847 -43.3083668550385 137.28278 144.46835 -999.0 -999.0 -999.0 -999.0 -999.0 209.9643876876172 14.477034512989032 209.95646718597538 14.350764859240279 56.74626241063098 243.63912964399708 -999.0 6231.0 -999.0 -1 -999 {-999.0 -999.0 -999.0 -999.0 -999.0} "" -999.0 -999.0 -999.0 -999.0 -999 -999 "" "" "" "" 0 0 0.0 0.0 -999 ""
FIBERMAP 146 R-8C5 APOGEE 0 0 0 1 0 0 -97.62183390670654 -162.4014600473781 143.1 -122.94181988322143 -144.14201760368744 356.3991 93.64998 -999.0 -999.0 -999.0 -999.0 -999.0 210.31733306920532 14.019829240200096 210.3096433249758 13.894039497947224 56.721623255569845 242.5993380524663 -999.0 16600.0 -999.0 2 265 {-999.0 -999.0 -999.0 -999.0 -999.0} "" -999.0 -999.0 -999.0 -999.0 -999 -999 "" "" "" "" 0 0 0.0 0.0 -999 ""
FIBERMAP 146 R-8C5 BOSS 1 1 0 1 0 0 -97.6122591026624 -163.14982374352763 143.1 -123.05523809695951 -144.88166545467996 356.3991 93.64998 210.31667912755825 14.016360632219408 -999.0 -999.0 -999.0 210.31667912755825 14.016360632219408 210.30910070035478 13.890656787040284 56.719055924033476 242.5952108256079 5400.0 5400.0 2016.0 1 480 {-999.0 22.35861 21.035067 20.496948 20.095304} sdss_fiber2mag_from_lsdr10 nan nan nan -999.0 63050398380312025 1059080225 dark_flexible_2x2 bhm_spiders_agn_lsdr10 bhm_spiders science 0 0 0.0 0.0 -999 ""
FIBERMAP 146 R-8C5 METROLOGY 0 0 0 1 0 0 -98.26521592171713 -162.78092645224964 143.1 -123.63865559067396 -144.41064127915155 356.3991 93.64998 -999.0 -999.0 -999.0 -999.0 -999.0 210.31398306447522 14.018528434950854 210.30637398485317 13.892796520410636 56.71838803188352 242.60129289266663 -999.0 6231.0 -999.0 -1 -999 {-999.0 -999.0 -999.0 -999.0 -999.0} "" -999.0 -999.0 -999.0 -999.0 -999 -999 "" "" "" "" 0 0 0.0 0.0 -999 ""
FIBERMAP 147 R-3C3 APOGEE 0 0 0 1 0 0 -196.00525342012003 -51.62871870504149 143.1 -201.78682559623826 -18.740133803760198 59.4406 74.36336 -999.0 -999.0 -999.0 -999.0 -999.0 209.94717395168058 14.588553183231634 209.93904355093377 14.462172256553655 56.80304884561619 243.81674746030671 -999.0 16600.0 -999.0 2 278 {-999.0 -999.0 -999.0 -999.0 -999.0} "" -999.0 -999.0 -999.0 -999.0 -999 -999 "" "" "" "" 0 0 0.0 0.0 -999 ""
FIBERMAP 147 R-3C3 BOSS 1 1 0 1 0 0 -195.4825915665259 -52.168406737030445 143.1 -201.35995119217498 -19.358209891685025 59.4406 74.36336 209.9490119248021 14.585663994127131 -999.0 -999.0 -999.0 209.94901192480208 14.585663994127131 209.94099123165347 14.459369753974496 56.80276225475367 243.8106000000067 5400.0 5400.0 2016.0 1 442 {-999.0 22.0003 21.460014 21.10412 20.817514} sdss_psfmag_from_lsdr10 nan nan nan -999.0 63050398370866747 1059082730 dark_flexible_2x2 bhm_spiders_agn_lsdr10 bhm_spiders science 0 0 0.0 0.0 -999 ""
FIBERMAP 147 R-3C3 METROLOGY 0 0 0 1 0 0 -196.2338891234773 -52.34072986416916 143.1 -202.1292115133788 -19.404821034254166 59.4406 74.36336 -999.0 -999.0 -999.0 -999.0 -999.0 209.9454758082575 14.585469782827083 209.93742803732744 14.459147759816798 56.79993440506916 243.81423334525928 -999.0 6231.0 -999.0 -1 -999 {-999.0 -999.0 -999.0 -999.0 -999.0} "" -999.0 -999.0 -999.0 -999.0 -999 -999 "" "" "" "" 0 0 0.0 0.0 -999 ""
FIBERMAP 148 R-10C10 APOGEE 0 0 0 1 0 0 41.288407086524344 -184.58614118624996 143.1 10.416684867973471 -188.82708831913024 91.265724 36.706306 -999.0 -999.0 -999.0 -999.0 -999.0 210.94118124398497 13.81684949746157 210.93324458268717 13.691859152380493 57.054894949320364 241.60239629453162 -999.0 16600.0 -999.0 2 -999 {-999.0 -999.0 -999.0 -999.0 -999.0} "" -999.0 -999.0 -999.0 -999.0 -999 -999 "" "" "" "" 0 0 0.0 0.0 -999 ""
FIBERMAP 148 R-10C10 BOSS 1 1 0 1 0 0 41.746234786024 -185.18313924902725 143.1 10.770207613458389 -189.4910425537179 91.265724 36.706306 210.94272741624968 13.81371677803684 -999.0 -999.0 -999.0 210.94272741624965 13.81371677803684 210.93489737730732 13.688814997857323 57.054143717306985 241.59622024776962 5400.0 5400.0 2016.0 1 370 {-999.0 22.340578 22.123688 21.69014 21.364538} sdss_fiber2mag_from_lsdr10 nan nan nan -999.0 63050398380313480 1059078923 dark_flexible_2x2 bhm_spiders_agn_lsdr10 bhm_spiders science 0 0 0.0 0.0 -999 ""
FIBERMAP 148 R-10C10 METROLOGY 0 0 0 1 0 0 41.01203591284916 -185.27916424133053 143.1 10.030337042230542 -189.46521158227677 91.265724 36.706306 -999.0 -999.0 -999.0 -999.0 -999.0 210.93929675017512 13.8138707985886 210.93144002746203 13.688940527759287 57.05166777097095 241.60040088924472 -999.0 6231.0 -999.0 -1 -999 {-999.0 -999.0 -999.0 -999.0 -999.0} "" -999.0 -999.0 -999.0 -999.0 -999 -999 "" "" "" "" 0 0 0.0 0.0 -999 ""
FIBERMAP 153 R-7C3 APOGEE 0 0 0 1 0 0 -188.5795407349912 -130.67601689461114 143.1 -207.44065597847356 -97.91987126033492 227.12251 39.250843 -999.0 -999.0 -999.0 -999.0 -999.0 209.9229244360447 14.229676761622148 209.91528974391565 14.103367472629683 56.559315593386955 243.33554762401366 -999.0 16600.0 -999.0 2 300 {-999.0 -999.0 -999.0 -999.0 -999.0} "" -999.0 -999.0 -999.0 -999.0 -999 -999 "" "" "" "" 0 0 0.0 0.0 -999 ""
FIBERMAP 153 R-7C3 BOSS 1 1 0 1 0 0 -188.54766911786044 -129.94314467742282 143.1 -207.28890439683525 -97.20230632537488 227.12251 39.250843 209.9234618706344 14.232821361164467 0.036344048 -0.022686914 -0.43730125 209.92346197685404 14.232821296894619 209.91593035112342 14.106597007393429 56.56183866347207 243.33937578080662 5400.0 5400.0 2016.0 1 446 {-999.0 18.125574 18.319536 18.265673 18.052277} sdss_psfmag 18.357924 18.36736 17.963037 15.76 63050394841208304 1128944556 dark_1x4 bhm_aqmes_wide1 bhm_aqmes science 0 0 0.0 0.0 -999 ""
FIBERMAP 153 R-7C3 METROLOGY 0 0 0 1 0 0 -187.91797374045004 -130.32484234316505 143.1 -206.73053004984888 -97.68213599897256 227.12251 39.250843 -999.0 -999.0 -999.0 -999.0 -999.0 209.9261028750405 14.230674421748086 209.91854135919402 14.10442963977553 56.56243051449113 243.3334230600217 -999.0 6231.0 -999.0 -1 -999 {-999.0 -999.0 -999.0 -999.0 -999.0} "" -999.0 -999.0 -999.0 -999.0 -999 -999 "" "" "" "" 0 0 0.0 0.0 -999 ""
FIBERMAP 155 R-11C15 APOGEE 0 0 0 1 0 0 144.1134214969569 -235.82089921155435 143.1 103.41677835294456 -256.23865045440465 348.1483 9.985911 -999.0 -999.0 -999.0 -999.0 -999.0 211.37291921230457 13.514815510547233 211.36504146690083 13.390433659987702 57.176108041876844 240.677094734215 -999.0 16600.0 -999.0 2 -999 {-999.0 -999.0 -999.0 -999.0 -999.0} "" -999.0 -999.0 -999.0 -999.0 -999 -999 "" "" "" "" 0 0 0.0 0.0 -999 ""
FIBERMAP 155 R-11C15 BOSS 1 1 0 1 0 0 143.37071309854082 -235.81648132149877 143.1 102.68500528397384 -256.11236035376425 348.1483 9.985911 211.3694276961478 13.515287523886721 -0.34544745 -0.658319 -0.27779657 211.36942668965617 13.515285658932198 211.3616531441049 13.390986005334174 57.17398695241305 240.68185931169089 5400.0 5400.0 2016.0 1 267 {-999.0 20.428446 20.251877 20.18049 20.13117} sdss_psfmag_from_lsdr10 20.3174 20.186806 19.69025 -999.0 63050394841183769 1059077616 dark_flexible_2x2 bhm_spiders_agn_lsdr10 bhm_spiders science 0 0 0.0 0.0 -999 ""
FIBERMAP 155 R-11C15 METROLOGY 0 0 0 1 0 0 143.7489190056415 -235.16990004539767 143.1 103.16416341517231 -255.5367589851308 348.1483 9.985911 -999.0 -999.0 -999.0 -999.0 -999.0 211.37170276454393 13.517880700886703 211.3638949313355 13.393558544417228 57.17732133384508 240.6827919588288 -999.0 6231.0 -999.0 -1 -999 {-999.0 -999.0 -999.0 -999.0 -999.0} "" -999.0 -999.0 -999.0 -999.0 -999 -999 "" "" "" "" 0 0 0.0 0.0 -999 ""
FIBERMAP 159 R-8C14 APOGEE 0 0 0 1 0 0 101.6722841424526 -143.75948881653358 143.1 76.67311262467152 -158.4751056953729 70.897575 86.798935 -999.0 -999.0 -999.0 -999.0 -999.0 211.2515879450741 13.953692028209838 211.2432067676458 13.829038782511505 57.37299474952496 241.43444171059787 -999.0 16600.0 -999.0 2 -999 {-999.0 -999.0 -999.0 -999.0 -999.0} "" -999.0 -999.0 -999.0 -999.0 -999 -999 "" "" "" "" 0 0 0.0 0.0 -999 ""
FIBERMAP 159 R-8C14 BOSS 1 1 0 1 0 0 102.36546204456502 -144.03230918478408 143.1 77.31197155386995 -158.85797695045505 70.897575 86.798935 211.25448090987686 13.951813392678618 2.1830683 4.4030027 2.1517916 211.25448728229372 13.951825865962611 211.2462089629433 13.827261655990752 57.374058054634354 241.42842417679748 5400.0 5400.0 2016.0 1 327 {-999.0 19.340574 19.676226 19.90163 -999.0} sdss_psfmag 19.549871 19.516748 19.788754 -999.0 63050394841188632 1143462107 dark_1x3 mwm_wd_pwd_boss_1x3 mwm_wd science 0 0 0.0 0.0 -999 ""
FIBERMAP 159 R-8C14 METROLOGY 0 0 0 1 0 0 101.78809728870068 -144.49654328919345 143.1 76.66632896556392 -159.22104129808542 70.897575 86.798935 -999.0 -999.0 -999.0 -999.0 -999.0 211.25148419914177 13.95021903555788 211.24318126886487 13.825627482009594 57.370761011958514 241.4296597239741 -999.0 6231.0 -999.0 -1 -999 {-999.0 -999.0 -999.0 -999.0 -999.0} "" -999.0 -999.0 -999.0 -999.0 -999 -999 "" "" "" "" 0 0 0.0 0.0 -999 ""
FIBERMAP 160 R+8C5 APOGEE 1 1 0 1 0 0 -113.23674243184111 164.2386613095848 143.1 -84.71645920032294 180.5713266625623 55.41611 150.53519 210.49537397277186 15.49419770771462 117.02812 -15.416379 34.141983 210.4957180051288 15.494154034327044 210.48589627075347 15.368168464855724 57.780196489996925 244.52209619093398 16000.0 16600.0 2016.0 2 92 {-999.0 12.150302 10.737186 10.040511 -999.0} sdss_psfmag_from_g3xp 11.502501 10.669971 9.42988 7.11 63050394841223162 984843240 bright_1x1 mwm_snc_100pc_apogee mwm_snc science 0 0 0.0 0.0 -999 ""
FIBERMAP 160 R+8C5 BOSS 0 0 0 1 0 0 -112.5773550760679 164.58699114676114 143.1 -84.0089499732605 180.80661415465764 55.41611 150.53519 -999.0 -999.0 -999.0 -999.0 -999.0 210.49892713684142 15.49519456356402 210.4892004823446 15.369290215556003 57.78339637534674 244.52006770205458 -999.0 5400.0 -999.0 1 68 {-999.0 -999.0 -999.0 -999.0 -999.0} "" -999.0 -999.0 -999.0 -999.0 -999 -999 "" "" "" "" 0 0 0.0 0.0 -999 ""
FIBERMAP 160 R+8C5 METROLOGY 0 0 0 1 0 0 -112.60705489517326 163.83702333378355 143.1 -84.16136625426672 180.0718320860503 55.41611 150.53519 -999.0 -999.0 -999.0 -999.0 -999.0 210.49823511627486 15.491892724624604 210.48848377823958 15.365965981273579 57.78080241078905 244.51595852444754 -999.0 6231.0 -999.0 -1 -999 {-999.0 -999.0 -999.0 -999.0 -999.0} "" -999.0 -999.0 -999.0 -999.0 -999 -999 "" "" "" "" 0 0 0.0 0.0 -999 ""
FIBERMAP 162 R-9C14 APOGEE 0 0 0 1 0 0 116.08111341446512 -159.12981114543393 143.1 88.36046571629109 -175.99967795996432 122.01399 18.124786 -999.0 -999.0 -999.0 -999.0 -999.0 211.3057216063403 13.874553302119311 211.29740428034722 13.749988165631667 57.36159276503624 241.25959924338378 -999.0 16600.0 -999.0 2 192 {-999.0 -999.0 -999.0 -999.0 -999.0} "" -999.0 -999.0 -999.0 -999.0 -999 -999 "" "" "" "" 0 0 0.0 0.0 -999 ""
FIBERMAP 162 R-9C14 BOSS 1 1 0 1 0 0 116.6594902243667 -159.5795087815948 143.1 88.85706318874992 -176.53814766445473 122.01399 18.124786 211.30794412284197 13.871994159930285 0.20637883 0.31514922 0.13096575 211.30794472505775 13.871995052717763 211.29973124448006 13.747518518370736 57.3617004974783 241.25339501631444 5400.0 5400.0 2016.0 1 328 {-999.0 19.56463 19.467392 19.426746 19.391743} sdss_psfmag_from_gdr3 19.440151 19.429447 19.044586 -999.0 63050394841188341 1128566700 dark_flexible_3x1 bhm_spiders_agn_gaiadr3_d3 bhm_spiders science 0 0 0.0 0.0 -999 ""
FIBERMAP 162 R-9C14 METROLOGY 0 0 0 1 0 0 115.969733154024 -159.86449591789645 143.1 88.13000092518655 -176.70597733075104 122.01399 18.124786 -999.0 -999.0 -999.0 -999.0 -999.0 211.30457020768932 13.871269970562604 211.2963316034634 13.74676539134382 57.35870368413703 241.25632162676624 -999.0 6231.0 -999.0 -1 -999 {-999.0 -999.0 -999.0 -999.0 -999.0} "" -999.0 -999.0 -999.0 -999.0 -999 -999 "" "" "" "" 0 0 0.0 0.0 -999 ""
FIBERMAP 167 R-6C5 APOGEE 0 0 0 1 0 0 -129.5454814004669 -132.80000208855463 143.1 -149.56684103788032 -109.70647866312164 314.84705 85.65516 -999.0 -999.0 -999.0 -999.0 -999.0 210.19233913100535 14.175934479388422 210.18454666915875 14.049954319739594 56.72745804704523 242.95933093729218 -999.0 16600.0 -999.0 2 251 {-999.0 -999.0 -999.0 -999.0 -999.0} "" -999.0 -999.0 -999.0 -999.0 -999 -999 "" "" "" "" 0 0 0.0 0.0 -999 ""
FIBERMAP 167 R-6C5 BOSS 1 1 0 1 0 0 -130.08687745493972 -133.3032007488998 143.1 -150.18340632996632 -110.11387702309021 314.84705 85.65516 210.1894074623418 14.174040329942402 -29.066128 -22.567276 0.7960566 210.18932253533092 14.173976399000981 210.1816419787345 14.048078471692486 56.72409038799925 242.9599553341808 5400.0 5400.0 2016.0 1 457 {-999.0 17.020395 16.385187 16.17985 -999.0} sdss_psfmag 16.83602 16.410849 15.808784 14.644 63050394841207163 1136102625 dark_flexible_3x1 mwm_halo_local_high_boss_triple mwm_halo science 0 0 0.0 0.0 -999 ""
FIBERMAP 167 R-6C5 METROLOGY 0 0 0 1 0 0 -130.25249063769334 -132.57796999955082 143.1 -150.22767924565593 -109.3714267626887 314.84705 85.65516 -999.0 -999.0 -999.0 -999.0 -999.0 210.18913701056118 14.177370360723014 210.1814217932971 14.051447083409984 56.726066274490336 242.9649431802162 -999.0 6231.0 -999.0 -1 -999 {-999.0 -999.0 -999.0 -999.0 -999.0} "" -999.0 -999.0 -999.0 -999.0 -999 -999 "" "" "" "" 0 0 0.0 0.0 -999 ""
FIBERMAP 170 R-2C20 APOGEE 0 0 0 1 0 0 162.6408440803638 -20.021009955205948 143.1 157.11809988658294 -46.447076737636365 121.15054 57.29274 -999.0 -999.0 -999.0 -999.0 -999.0 211.63084258547806 14.461231106605917 211.62144122284064 14.336900218405457 57.981328746754464 241.71463339633462 -999.0 16600.0 -999.0 2 -999 {-999.0 -999.0 -999.0 -999.0 -999.0} "" -999.0 -999.0 -999.0 -999.0 -999 -999 "" "" "" "" 0 0 0.0 0.0 -999 ""
FIBERMAP 170 R-2C20 BOSS 1 1 0 1 0 0 163.3950740324276 -20.0313233684798 143.1 157.86026823420062 -46.58107284793325 121.15054 57.29274 211.63427023383613 14.460751460349492 -3.4828491 -83.95382 1.1887288 211.63426004445907 14.460513627238738 211.6249576572414 14.336269561917515 57.98352586506821 241.70958006364575 5400.0 5400.0 2016.0 1 298 {-999.0 17.290058 16.567717 16.21208 -999.0} sdss_psfmag 17.09424 16.584806 15.921242 14.524 63050394841197979 1136102443 dark_flexible_3x1 mwm_halo_local_high_boss_triple mwm_halo science 0 0 0.0 0.0 -999 ""
FIBERMAP 170 R-2C20 METROLOGY 0 0 0 1 0 0 163.00677706780002 -20.67120610193229 143.1 157.37225748982178 -47.14841107598071 121.15054 57.29274 -999.0 -999.0 -999.0 -999.0 -999.0 211.63198322005027 14.457969123767787 211.62265762550714 14.333699579644867 57.98016530179192 241.7085863822213 -999.0 6231.0 -999.0 -1 -999 {-999.0 -999.0 -999.0 -999.0 -999.0} "" -999.0 -999.0 -999.0 -999.0 -999 -999 "" "" "" "" 0 0 0.0 0.0 -999 ""
FIBERMAP 171 R-12C7 APOGEE 0 0 0 1 0 0 -40.415404243397916 -238.51922654581097 143.1 -79.01831885389778 -228.6051639590943 237.45834 69.65267 -999.0 -999.0 -999.0 -999.0 -999.0 210.52388987485966 13.63892346923324 210.51653832090074 13.513484682837177 56.630784866582935 241.83357975746145 -999.0 16600.0 -999.0 2 -999 {-999.0 -999.0 -999.0 -999.0 -999.0} "" -999.0 -999.0 -999.0 -999.0 -999 -999 "" "" "" "" 0 0 0.0 0.0 -999 ""
FIBERMAP 171 R-12C7 BOSS 1 1 0 1 0 0 -40.86762776338737 -237.93375312656357 143.1 -79.3682065002665 -227.95349599555223 237.45834 69.65267 210.52213339677195 13.641734791187456 -999.0 -999.0 -999.0 210.52213339677192 13.641734791187458 210.51488492856657 13.51638015960326 56.63143276548735 241.83948455700664 5400.0 5400.0 2016.0 1 404 {-999.0 22.38845 21.391356 20.939276 20.609287} sdss_fiber2mag_from_lsdr10 nan nan nan -999.0 63050399095193952 1059078920 dark_flexible_2x2 bhm_spiders_agn_lsdr10 bhm_spiders science 0 0 0.0 0.0 -999 ""
FIBERMAP 171 R-12C7 METROLOGY 0 0 0 1 0 0 -40.13870336366905 -237.826335065369 143.1 -78.63166745563024 -227.96722459078197 237.45834 69.65267 -999.0 -999.0 -999.0 -999.0 -999.0 210.52559450563703 13.641691614570579 210.51831340664558 13.516316433573127 56.63393312274158 241.8354745969558 -999.0 6231.0 -999.0 -1 -999 {-999.0 -999.0 -999.0 -999.0 -999.0} "" -999.0 -999.0 -999.0 -999.0 -999 -999 "" "" "" "" 0 0 0.0 0.0 -999 ""
FIBERMAP 177 R-4C3 APOGEE 0 0 0 1 0 0 -181.47322354478302 -77.59036927316795 143.1 -191.71677963152555 -46.73066133200235 54.8312 51.516777 -999.0 -999.0 -999.0 -999.0 -999.0 209.99454768740216 14.461604321074791 209.98654460847524 14.335313690084213 56.759201565368876 243.58379220267312 -999.0 16600.0 -999.0 2 286 {-999.0 -999.0 -999.0 -999.0 -999.0} "" -999.0 -999.0 -999.0 -999.0 -999 -999 "" "" "" "" 0 0 0.0 0.0 -999 ""
FIBERMAP 177 R-4C3 BOSS 1 1 0 1 0 0 -181.26150928496187 -78.2956687053311 143.1 -191.62376719975697 -47.461022840848386 54.8312 51.516777 209.99484344877726 14.458189667720228 -2.044513 1.6705561 2.3656886 209.99483746743968 14.458194400245127 209.98694637365438 14.331989387626955 56.75741258916624 243.57863177422917 5400.0 5400.0 2016.0 1 443 {-999.0 20.813694 20.608194 20.295368 20.014254} sdss_psfmag_from_lsdr10 20.722525 20.791748 19.822775 -999.0 63050394841208677 1059082731 dark_flexible_2x2 bhm_spiders_agn_lsdr10 bhm_spiders science 0 0 0.0 0.0 -999 ""
FIBERMAP 177 R-4C3 METROLOGY 0 0 0 1 0 0 -181.99404391834506 -78.13417565126662 143.1 -192.31971880308276 -47.181487153439974 54.8312 51.516777 -999.0 -999.0 -999.0 -999.0 -999.0 209.9916342425891 14.459486464999243 209.983713443557 14.333253390922296 56.75577321997847 243.58401904683473 -999.0 6231.0 -999.0 -1 -999 {-999.0 -999.0 -999.0 -999.0 -999.0} "" -999.0 -999.0 -999.0 -999.0 -999 -999 "" "" "" "" 0 0 0.0 0.0 -999 ""
FIBERMAP 179 R-4C8 APOGEE 0 0 0 1 0 0 -94.79500570461724 -93.65531567204684 143.1 -108.86756570485075 -76.80501798777304 278.59155 88.45661 -999.0 -999.0 -999.0 -999.0 -999.0 210.38201316664933 14.325046979557396 210.37386011637773 14.199248233430591 56.96408470143995 242.9569045250459 -999.0 16600.0 -999.0 2 -999 {-999.0 -999.0 -999.0 -999.0 -999.0} "" -999.0 -999.0 -999.0 -999.0 -999 -999 "" "" "" "" 0 0 0.0 0.0 -999 ""
FIBERMAP 179 R-4C8 BOSS 1 1 0 1 0 0 -95.53303039150336 -93.75046271525031 143.1 -109.61106536037468 -76.77769303967463 278.59155 88.45661 210.37837686691344 14.325056907527742 -999.0 -999.0 -999.0 210.3783768669134 14.325056907527742 210.37033269162404 14.199338204287693 56.96149998560082 242.96101460692265 5400.0 5400.0 2016.0 1 461 {-999.0 22.472445 21.909847 21.418964 21.032785} sdss_fiber2mag_from_lsdr10 nan nan nan -999.0 63050398380337162 1059081470 dark_flexible_2x2 bhm_spiders_agn_lsdr10 bhm_spiders science 0 0 0.0 0.0 -999 ""
FIBERMAP 179 R-4C8 METROLOGY 0 0 0 1 0 0 -95.24941182352349 -93.06355806997284 143.1 -109.21857425040305 -76.1467939055835 278.59155 88.45661 -999.0 -999.0 -999.0 -999.0 -999.0 210.38024664326937 14.327952457998029 210.37216705292917 14.202211243816688 56.96469795313191 242.9630151370963 -999.0 6231.0 -999.0 -1 -999 {-999.0 -999.0 -999.0 -999.0 -999.0} "" -999.0 -999.0 -999.0 -999.0 -999 -999 "" "" "" "" 0 0 0.0 0.0 -999 ""
FIBERMAP 187 R-7C8 APOGEE 0 0 0 1 0 0 -37.99040494081905 -125.2782935432128 143.1 -58.035510064157144 -117.3190769981789 92.25615 40.251106 -999.0 -999.0 -999.0 -999.0 -999.0 210.62063427589715 14.140823977774408 210.61252663510834 14.01535932075845 57.025166959344645 242.425906156787 -999.0 16600.0 -999.0 2 288 {-999.0 -999.0 -999.0 -999.0 -999.0} "" -999.0 -999.0 -999.0 -999.0 -999 -999 "" "" "" "" 0 0 0.0 0.0 -999 ""
FIBERMAP 187 R-7C8 BOSS 1 1 0 1 0 0 -37.481853306223385 -125.81836787891035 143.1 -57.62261532636854 -117.93521755703009 92.25615 40.251106 210.62244325986708 14.137891305043297 -999.0 -999.0 -999.0 210.62244325986705 14.137891305043297 210.61444289656424 14.012514454055012 57.02477401610746 242.41970381509358 5400.0 5400.0 2016.0 1 400 {-999.0 21.261942 19.881374 19.356567 18.99602} sdss_fiber2mag_from_lsdr10 19.70602 20.977552 18.10947 15.899 63050394841190177 1058148103 dark_flexible_2x2 bhm_spiders_clusters_lsdr10 bhm_spiders science 0 0 0.0 0.0 -999 ""
FIBERMAP 187 R-7C8 METROLOGY 0 0 0 1 0 0 -38.20579547138345 -125.9944700863854 143.1 -58.36551673535283 -117.99004685578926 92.25615 40.251106 -999.0 -999.0 -999.0 -999.0 -999.0 210.61899464066795 14.137680222114124 210.61096781476408 14.012275289520758 57.022030738981584 242.4233321774148 -999.0 6231.0 -999.0 -1 -999 {-999.0 -999.0 -999.0 -999.0 -999.0} "" -999.0 -999.0 -999.0 -999.0 -999 -999 "" "" "" "" 0 0 0.0 0.0 -999 ""
FIBERMAP 188 R-1C2 APOGEE 0 0 0 1 0 0 -257.0742326916294 -32.29109256116763 143.1 -258.84156487447206 10.357557899904906 271.64758 119.75606 -999.0 -999.0 -999.0 -999.0 -999.0 209.68244146291383 14.719572799499383 209.67436858693247 14.592849668458248 56.68451204221181 244.2946085911231 -999.0 16600.0 -999.0 2 -999 {-999.0 -999.0 -999.0 -999.0 -999.0} "" -999.0 -999.0 -999.0 -999.0 -999 -999 "" "" "" "" 0 0 0.0 0.0 -999 ""
FIBERMAP 188 R-1C2 BOSS 1 1 0 1 0 0 -257.71690917515093 -32.68716589891064 143.1 -259.54043116558904 10.07243975797483 271.64758 119.75606 209.67880917556025 14.718173126486752 -23.389456 4.128226 0.54730767 209.6791025176956 14.718184821344083 209.67114302271662 14.591541779561876 56.6812545183578 244.2962797682379 5400.0 5400.0 2016.0 1 434 {-999.0 15.99003 15.652358 15.473493 -999.0} sdss_psfmag 15.929229 15.6292715 15.168139 14.388 63050394841213229 1136102730 dark_flexible_3x1 mwm_halo_local_high_boss_triple mwm_halo science 0 0 1.2599166631698608 0.0 -999 ""
FIBERMAP 188 R-1C2 METROLOGY 0 0 0 1 0 0 -257.73065552036985 -31.936450416999612 143.1 -259.43074104615016 10.815091920663681 271.64758 119.75606 -999.0 -999.0 -999.0 -999.0 -999.0 209.67963077148067 14.721571401448381 209.67163555535421 14.59490432592862 56.68371945402559 244.3005330281001 -999.0 6231.0 -999.0 -1 -999 {-999.0 -999.0 -999.0 -999.0 -999.0} "" -999.0 -999.0 -999.0 -999.0 -999 -999 "" "" "" "" 0 0 0.0 0.0 -999 ""
FIBERMAP 189 R-5C5 APOGEE 0 0 0 1 0 0 -149.9078572380194 -88.5830023208314 143.1 -162.39004079838597 -62.75437107665575 81.906296 145.87415 -999.0 -999.0 -999.0 -999.0 -999.0 210.1315203935899 14.388936389618898 210.123496158811 14.262825692557419 56.81652863843938 243.3283286703748 -999.0 16600.0 -999.0 2 263 {-999.0 -999.0 -999.0 -999.0 -999.0} "" -999.0 -999.0 -999.0 -999.0 -999 -999 "" "" "" "" 0 0 0.0 0.0 -999 ""
FIBERMAP 189 R-5C5 BOSS 1 1 0 1 0 0 -149.4054908393289 -88.03589899354765 143.1 -161.80476064321036 -62.29726397795743 81.906296 145.87415 210.13408100715142 14.390908010780398 0.38795665 -0.20629022 0.6433268 210.1340821417976 14.390907426380018 210.12615996283435 14.264883549281048 56.819829994436645 243.3282645079769 5400.0 5400.0 2016.0 1 458 {-999.0 20.697222 20.581964 20.204916 19.985542} sdss_fiber2mag_from_lsdr10 20.281168 20.355474 19.25838 -999.0 63050394841208570 1059082736 dark_flexible_2x2 bhm_spiders_agn_lsdr10 bhm_spiders science 0 0 0.0 0.0 -999 ""
FIBERMAP 189 R-5C5 METROLOGY 0 0 0 1 0 0 -149.17803942428688 -88.75315627309374 143.1 -161.6981905554044 -63.042002571246485 81.906296 145.87415 -999.0 -999.0 -999.0 -999.0 -999.0 210.13463384923108 14.387553827167325 210.12668534291902 14.261507606642065 56.81809243395092 243.32289457527344 -999.0 6231.0 -999.0 -1 -999 {-999.0 -999.0 -999.0 -999.0 -999.0} "" -999.0 -999.0 -999.0 -999.0 -999 -999 "" "" "" "" 0 0 0.0 0.0 -999 ""
FIBERMAP 192 R+4C10 APOGEE 0 0 0 1 0 0 -30.210673791744686 87.55949971993496 143.1 -15.420428494470714 91.31560548946136 68.60376 77.34279 -999.0 -999.0 -999.0 -999.0 -999.0 210.82148890593876 15.09021951141271 210.81192040323288 14.964731186020108 57.775909525481026 243.5625540275359 -999.0 16600.0 -999.0 2 -999 {-999.0 -999.0 -999.0 -999.0 -999.0} "" -999.0 -999.0 -999.0 -999.0 -999 -999 "" "" "" "" 0 0 0.0 0.0 -999 ""
FIBERMAP 192 R+4C10 BOSS 1 1 0 1 0 0 -29.574567203706877 87.12963678956058 143.1 -14.86363852590613 90.78722013016036 68.60376 77.34279 210.8240236971873 15.087720498263714 -8.314506 21.140188 1.876153 210.82399930204593 15.087780386386193 210.81453601711357 14.962376495986184 57.776403504307154 243.5561430658512 5400.0 5400.0 2016.0 1 74 {-999.0 20.421694 20.679897 20.879078 -999.0} sdss_psfmag 20.69588 20.5462 20.297873 -999.0 63050394841217806 1092190566 dark_flexible_2x1 mwm_cb_galex_mag_boss mwm_cb science 0 0 0.0 0.0 -999 ""
FIBERMAP 192 R+4C10 METROLOGY 0 0 0 1 0 0 -30.25067994337654 86.81447523151634 143.1 -15.58219786434183 90.58739081479699 68.60376 77.34279 -999.0 -999.0 -999.0 -999.0 -999.0 210.8206407010436 15.086888579668187 210.8111519152916 14.961457969244066 57.773279972645945 243.5586425333878 -999.0 6231.0 -999.0 -1 -999 {-999.0 -999.0 -999.0 -999.0 -999.0} "" -999.0 -999.0 -999.0 -999.0 -999 -999 "" "" "" "" 0 0 0.0 0.0 -999 ""
FIBERMAP 194 R-10C1 APOGEE 0 0 0 1 0 0 -190.9165024287615 -205.89416795797126 143.1 -222.0943090271381 -171.72032977597195 249.84085 89.35271 -999.0 -999.0 -999.0 -999.0 -999.0 209.85846962040432 13.897204283795062 209.85132809631068 13.77091322354767 56.30038595566759 242.94208546337964 -999.0 16600.0 -999.0 2 291 {-999.0 -999.0 -999.0 -999.0 -999.0} "" -999.0 -999.0 -999.0 -999.0 -999 -999 "" "" "" "" 0 0 0.0 0.0 -999 ""
FIBERMAP 194 R-10C1 BOSS 1 1 0 1 0 0 -191.6183758210093 -205.6422302726455 143.1 -222.74517228987494 -171.3566265611381 249.84085 89.35271 209.8553519994605 13.898801357357389 -0.032337543 -10.462706 -0.03431321 209.8553519050883 13.8987717175168 209.84831900407195 13.77256334317442 56.299183400386745 242.94773269453745 5400.0 5400.0 2016.0 1 420 {-999.0 18.029282 17.73571 17.62924 17.6047} sdss_psfmag_from_gaia 17.9957 17.7406 17.31 16.103 63050394841204916 968360583 "" ops_std_boss_gdr2 ops_std standard_boss 0 0 0.0 0.0 -999 ""
FIBERMAP 194 R-10C1 METROLOGY 0 0 0 1 0 0 -191.05101562560858 -205.15659212826557 143.1 -222.10588275565632 -170.9708099329263 249.84085 89.35271 -999.0 -999.0 -999.0 -999.0 -999.0 209.858304661896 13.90051260074565 209.85123639856704 13.774282568938116 56.302462885450296 242.94687000579302 -999.0 6231.0 -999.0 -1 -999 {-999.0 -999.0 -999.0 -999.0 -999.0} "" -999.0 -999.0 -999.0 -999.0 -999 -999 "" "" "" "" 0 0 0.0 0.0 -999 ""
FIBERMAP 199 R+10C9 APOGEE 0 0 0 1 0 0 21.459205752703454 190.3846096269556 143.1 52.420289212357275 184.24435779047215 64.9749 21.186462 -999.0 -999.0 -999.0 -999.0 -999.0 211.14179252513085 15.510530811063047 211.1313631318999 15.385312757374106 58.27935758146232 243.81928946448488 -999.0 16600.0 -999.0 2 -999 {-999.0 -999.0 -999.0 -999.0 -999.0} "" -999.0 -999.0 -999.0 -999.0 -999 -999 "" "" "" "" 0 0 0.0 0.0 -999 ""
FIBERMAP 199 R+10C9 BOSS 1 1 0 1 0 0 21.418666290278054 189.6354493476667 143.1 52.257314876388456 183.51215173518244 64.9749 21.186462 211.14093746238487 15.507205146908944 -0.6179538 -0.44023308 -1.0434163 211.14093564564612 15.507203899770877 211.1306140294037 15.382064315887526 58.27677029112876 243.815309195601 5400.0 5400.0 2016.0 1 121 {-999.0 20.613796 20.50304 20.589548 20.435738} sdss_psfmag 20.38019 20.349287 19.913736 -999.0 63050394841218766 1060491953 dark_flexible_2x2 bhm_aqmes_bonus_faint bhm_filler science 0 0 0.0 0.0 -999 ""
FIBERMAP 199 R+10C9 METROLOGY 0 0 0 1 0 0 20.794320285674413 190.04609921907223 143.1 51.708969545536114 184.01965738322187 64.9749 21.186462 -999.0 -999.0 -999.0 -999.0 -999.0 211.1383804563041 15.50951594842987 211.12802896466553 15.384350358977738 58.276242514031196 243.8216624443539 -999.0 6231.0 -999.0 -1 -999 {-999.0 -999.0 -999.0 -999.0 -999.0} "" -999.0 -999.0 -999.0 -999.0 -999 -999 "" "" "" "" 0 0 0.0 0.0 -999 ""
FIBERMAP 200 R+7C19 APOGEE 0 0 0 1 0 0 175.32221907017856 148.7328835687131 143.1 197.3300397410134 117.90500899419841 188.80278 57.540134 -999.0 -999.0 -999.0 -999.0 -999.0 211.82130381280024 15.205866897733031 211.81069679349002 15.081565065756154 58.59836625107374 242.58088808556607 -999.0 16600.0 -999.0 2 -999 {-999.0 -999.0 -999.0 -999.0 -999.0} "" -999.0 -999.0 -999.0 -999.0 -999 -999 "" "" "" "" 0 0 0.0 0.0 -999 ""
FIBERMAP 200 R+7C19 BOSS 1 1 0 1 0 0 175.62791189242168 149.41627402403006 143.1 197.7437247135428 118.52881824318602 188.80278 57.540134 211.82333756814947 15.2085422640146 -59.418556 22.257113 0.62508285 211.82316313181855 15.208605316210445 211.81265049144017 15.084384141214077 58.60161283207502 242.58277414710864 5400.0 5400.0 2016.0 1 238 {-999.0 17.065855 16.622469 16.478334 -999.0} sdss_psfmag 16.977743 16.653606 16.13637 15.265 63050394841202486 1136102540 dark_flexible_3x1 mwm_halo_local_high_boss_triple mwm_halo science 0 0 0.0 0.0 -999 ""
FIBERMAP 200 R+7C19 METROLOGY 0 0 0 1 0 0 176.06382701305796 148.81461263067985 143.1 198.0748705181801 117.8638622469365 188.80278 57.540134 -999.0 -999.0 -999.0 -999.0 -999.0 211.8247260527823 15.205603445790935 211.81418792663965 15.081362603684521 58.600843609561004 242.57648341715006 -999.0 6231.0 -999.0 -1 -999 {-999.0 -999.0 -999.0 -999.0 -999.0} "" -999.0 -999.0 -999.0 -999.0 -999 -999 "" "" "" "" 0 0 0.0 0.0 -999 ""
FIBERMAP 202 R-10C6 APOGEE 0 0 0 1 0 0 -60.36158997920703 -205.00072526385821 143.1 -93.18745847723474 -192.27280968537113 300.41202 119.72865 -999.0 -999.0 -999.0 -999.0 -999.0 210.45715604028808 13.802282973738567 210.44964057441837 13.676719209817602 56.686492805007646 242.136775047144 -999.0 16600.0 -999.0 2 -999 {-999.0 -999.0 -999.0 -999.0 -999.0} "" -999.0 -999.0 -999.0 -999.0 -999 -999 "" "" "" "" 0 0 0.0 0.0 -999 ""
FIBERMAP 202 R-10C6 BOSS 1 1 0 1 0 0 -60.732848471574954 -205.64919713261003 143.1 -93.66007508494515 -192.85141623714932 300.41202 119.72865 210.4548386199528 13.799559847276313 -999.0 -999.0 -999.0 210.4548386199528 13.799559847276312 210.44743436580478 13.674080550935727 56.68315365346148 242.1356126393991 5400.0 5400.0 2016.0 1 391 {-999.0 22.438686 21.568722 21.102598 20.749529} sdss_fiber2mag_from_lsdr10 nan nan nan -999.0 63050396950100576 1059078919 dark_flexible_2x2 bhm_spiders_agn_lsdr10 bhm_spiders science 0 0 0.0 0.0 -999 ""
FIBERMAP 202 R-10C6 METROLOGY 0 0 0 1 0 0 -61.10764361934331 -205.00884601205314 143.1 -93.92458931135319 -192.1583366544123 300.41202 119.72865 -999.0 -999.0 -999.0 -999.0 -999.0 210.45362498398882 13.802715101017723 210.4461876223794 13.677208977168153 56.684241207766235 242.14139063961733 -999.0 6231.0 -999.0 -1 -999 {-999.0 -999.0 -999.0 -999.0 -999.0} "" -999.0 -999.0 -999.0 -999.0 -999 -999 "" "" "" "" 0 0 0.0 0.0 -999 ""
FIBERMAP 204 R-3C18 APOGEE 0 0 0 1 0 0 129.51295840582657 -74.99473365362498 143.1 115.42040233978405 -95.2263586311703 323.88937 74.92891 -999.0 -999.0 -999.0 -999.0 -999.0 211.43451398650973 14.240108083824445 211.42558521699073 14.115597830446346 57.69346651105079 241.62746844247255 -999.0 16600.0 -999.0 2 224 {-999.0 -999.0 -999.0 -999.0 -999.0} "" -999.0 -999.0 -999.0 -999.0 -999 -999 "" "" "" "" 0 0 0.0 0.0 -999 ""
FIBERMAP 204 R-3C18 BOSS 1 1 0 1 0 0 128.99291100518343 -75.51135803613558 143.1 114.82268807498788 -95.6505030301137 323.88937 74.92891 211.43164877158588 14.238066956801946 -999.0 -999.0 -999.0 211.43164877158586 14.238066956801946 211.42282677603433 14.113637274059842 57.69015814304585 241.62790580497133 5400.0 5400.0 2016.0 1 293 {-999.0 21.814224 20.639488 20.187202 19.843998} sdss_fiber2mag_from_lsdr10 20.273136 21.576887 18.850962 -999.0 63050394841197771 1058148136 dark_flexible_2x2 bhm_spiders_clusters_lsdr10 bhm_spiders science 0 0 0.0 0.0 -999 ""
FIBERMAP 204 R-3C18 METROLOGY 0 0 0 1 0 0 128.79709995656373 -74.78713155949254 143.1 114.74846754935444 -94.90408555114114 323.88937 74.92891 -999.0 -999.0 -999.0 -999.0 -999.0 211.43134245518468 14.241485873769214 211.42248726183357 14.11703118643924 57.69210099661316 241.6331486571774 -999.0 6231.0 -999.0 -1 -999 {-999.0 -999.0 -999.0 -999.0 -999.0} "" -999.0 -999.0 -999.0 -999.0 -999 -999 "" "" "" "" 0 0 0.0 0.0 -999 ""
FIBERMAP 208 R-7C5 APOGEE 0 0 0 1 0 0 -113.75007693361027 -125.55879610136384 143.1 -132.79976314518458 -105.15800254192965 55.691975 107.890594 -999.0 -999.0 -999.0 -999.0 -999.0 210.27049570858244 14.196443117823195 210.2626095939995 14.070548938351218 56.799001905402044 242.90049950182024 -999.0 16600.0 -999.0 2 253 {-999.0 -999.0 -999.0 -999.0 -999.0} "" -999.0 -999.0 -999.0 -999.0 -999 -999 "" "" "" "" 0 0 0.0 0.0 -999 ""
FIBERMAP 208 R-7C5 BOSS 1 1 0 1 0 0 -113.0274546133012 -125.73747742312713 143.1 -132.1164094460315 -105.45286287164502 55.691975 107.890594 210.27373633095215 14.194937785815318 -66.834076 15.60454 4.3176036 210.27354103337703 14.194981991899626 210.2657612619056 14.069176986485939 56.800488586721215 242.8950151261687 5400.0 5400.0 2016.0 1 451 {-999.0 20.460085 18.917332 17.48082 -999.0} sdss_psfmag 19.76856 18.13384 16.897202 14.621 63050394841207039 1077851988 bright_flexible_2x1 mwm_snc_ext_main_boss mwm_snc science 0 0 0.0 0.0 -999 ""
FIBERMAP 208 R-7C5 METROLOGY 0 0 0 1 0 0 -113.55323581045877 -126.27772477672862 143.1 -132.72365694756888 -105.89936415943168 55.691975 107.890594 -999.0 -999.0 -999.0 -999.0 -999.0 210.27075246845084 14.192991868485196 210.26294694325088 14.067159873612889 56.79709901673525 242.89534338415547 -999.0 6231.0 -999.0 -1 -999 {-999.0 -999.0 -999.0 -999.0 -999.0} "" -999.0 -999.0 -999.0 -999.0 -999 -999 "" "" "" "" 0 0 0.0 0.0 -999 ""
FIBERMAP 214 R-11C5 APOGEE 0 0 0 1 0 0 -83.41582338590413 -194.10684094425403 143.1 -114.13627906296212 -177.74379256969254 156.11975 53.758354 -999.0 -999.0 -999.0 -999.0 -999.0 210.35917844216533 13.868021934773399 210.35165655878848 13.742324016946256 56.655764417721365 242.3396186415184 -999.0 16600.0 -999.0 2 153 {-999.0 -999.0 -999.0 -999.0 -999.0} "" -999.0 -999.0 -999.0 -999.0 -999 -999 "" "" "" "" 0 0 0.0 0.0 -999 ""
FIBERMAP 214 R-11C5 BOSS 1 1 0 1 0 0 -82.78856608961807 -193.7183010351913 143.1 -113.45385677955879 -177.46357287423675 156.11975 53.758354 210.36222070882494 13.86915072272583 -999.0 -999.0 -999.0 210.36222070882494 13.869150722725832 210.35480076953525 13.743542334720624 56.65888832560768 242.33775081031015 5400.0 5400.0 2016.0 1 392 {-999.0 20.989346 19.695862 19.200384 18.846643} sdss_fiber2mag_from_lsdr10 19.602304 21.089352 17.864248 15.445 63050394841189342 1058146082 dark_flexible_2x2 bhm_spiders_clusters_lsdr10 bhm_spiders science 0 0 0.0 0.0 -999 ""
FIBERMAP 214 R-11C5 METROLOGY 0 0 0 1 0 0 -82.75198397991753 -194.45508787282083 143.1 -113.5387383457762 -178.19623689453445 156.11975 53.758354 -999.0 -999.0 -999.0 -999.0 -999.0 210.36187795171082 13.86588195190463 210.35443268055758 13.740249641735074 56.65650021677345 242.33357549623898 -999.0 6231.0 -999.0 -1 -999 {-999.0 -999.0 -999.0 -999.0 -999.0} "" -999.0 -999.0 -999.0 -999.0 -999 -999 "" "" "" "" 0 0 0.0 0.0 -999 ""
FIBERMAP 215 R-10C15 APOGEE 0 0 0 1 0 0 132.25754679697957 -216.0305549386451 143.1 94.97293422206025 -234.77394555461427 339.42505 19.884342 -999.0 -999.0 -999.0 -999.0 -999.0 211.3345729477083 13.610533785091855 211.3265948428401 13.486078118186434 57.210674775250816 240.85557629325228 -999.0 16600.0 -999.0 2 237 {-999.0 -999.0 -999.0 -999.0 -999.0} "" -999.0 -999.0 -999.0 -999.0 -999 -999 "" "" "" "" 0 0 0.0 0.0 -999 ""
FIBERMAP 215 R-10C15 BOSS 1 1 0 1 0 0 131.51615034032605 -216.0548496174277 143.1 94.2377412202654 -234.67618869636937 339.42505 19.884342 211.3310642836618 13.610861699660783 -0.29322162 -0.03263969 0.32850838 211.33106342899083 13.610861607195675 211.3231899285443 13.48648781757667 57.2084426498662 240.8601546759986 5400.0 5400.0 2016.0 1 266 {-999.0 19.54911 19.40593 19.428646 19.49518} sdss_psfmag_from_lsdr10 19.532677 19.390745 19.14329 -999.0 63050394841188009 1059077613 dark_flexible_2x2 bhm_spiders_agn_lsdr10 bhm_spiders science 0 0 0.0 0.0 -999 ""
FIBERMAP 215 R-10C15 METROLOGY 0 0 0 1 0 0 131.8667501364085 -215.39686268365733 143.1 94.6915452475908 -234.08480627552666 339.42505 19.884342 -999.0 -999.0 -999.0 -999.0 -999.0 211.33322271798446 13.613538697597994 211.32531481481578 13.489142324991215 57.211742983050904 240.86135628354612 -999.0 6231.0 -999.0 -1 -999 {-999.0 -999.0 -999.0 -999.0 -999.0} "" -999.0 -999.0 -999.0 -999.0 -999 -999 "" "" "" "" 0 0 0.0 0.0 -999 ""
FIBERMAP 222 R-12C12 APOGEE 0 0 0 1 0 0 75.55152984176281 -229.77766947500504 143.1 36.78954602175428 -239.02246007853023 176.82645 108.217514 -999.0 -999.0 -999.0 -999.0 -999.0 211.063620842958 13.591303772822842 211.05589055527048 13.466524556181449 56.998790725553064 241.1454730876819 -999.0 16600.0 -999.0 2 -999 {-999.0 -999.0 -999.0 -999.0 -999.0} "" -999.0 -999.0 -999.0 -999.0 -999 -999 "" "" "" "" 0 0 0.0 0.0 -999 ""
FIBERMAP 222 R-12C12 BOSS 1 1 0 1 0 0 75.34767400139908 -229.046868064429 143.1 36.70847072540043 -238.26823731079236 176.82645 108.217514 211.06315570338305 13.59460257813177 0.67380023 -13.542917 0.19560364 211.06315766721448 13.59456421234729 211.055526568333 13.4698701314973 57.00070746771763 241.15054947957694 5400.0 5400.0 2016.0 1 343 {-999.0 17.166033 16.837362 16.741928 -999.0} sdss_psfmag 17.146671 16.87538 16.44307 15.628 63050394841187598 1092190623 dark_flexible_2x1 mwm_cb_galex_mag_boss mwm_cb science 0 0 0.0 0.0 -999 ""
FIBERMAP 222 R-12C12 METROLOGY 0 0 0 1 0 0 76.07314618139294 -229.24421059679355 143.1 37.39157143325014 -238.58197018609422 176.82645 108.217514 -999.0 -999.0 -999.0 -999.0 -999.0 211.0663631115041 13.593191076911086 211.05870201463983 13.468476707241626 57.00213618647058 241.14490906311892 -999.0 6231.0 -999.0 -1 -999 {-999.0 -999.0 -999.0 -999.0 -999.0} "" -999.0 -999.0 -999.0 -999.0 -999 -999 "" "" "" "" 0 0 0.0 0.0 -999 ""
FIBERMAP 228 R+13C11 APOGEE 0 0 0 1 0 0 81.66483741872885 272.83461880890405 143.1 125.33436883401544 255.67676312469823 142.18068 39.088505 -999.0 -999.0 -999.0 -999.0 -999.0 211.48386553879897 15.828259425198114 211.4726872250526 15.703371132262475 58.73463810855942 243.9052392997575 -999.0 16600.0 -999.0 2 53 {-999.0 -999.0 -999.0 -999.0 -999.0} "" -999.0 -999.0 -999.0 -999.0 -999 -999 "" "" "" "" 0 0 0.0 0.0 -999 ""
FIBERMAP 228 R+13C11 BOSS 1 1 0 1 0 0 82.4059401778367 272.8837732268387 143.1 126.0733534829767 255.60357247551318 142.18068 39.088505 211.48754170104527 15.827856149338741 -110.601295 -17.28255 8.029886 211.4872160306388 15.827807189288524 211.47613768387797 15.70300042963317 58.737013870294334 243.900709332117 5400.0 5400.0 2016.0 1 163 {-999.0 18.932146 18.784246 18.91392 -999.0} sdss_psfmag 19.001133 18.814648 18.617313 -999.0 63050394841221079 1143462318 dark_1x3 mwm_wd_pwd_boss_1x3 mwm_wd science 0 0 0.0 0.0 -999 ""
FIBERMAP 228 R+13C11 METROLOGY 0 0 0 1 0 0 82.08117385609123 272.21332418901756 143.1 125.64298185095407 254.9956580988168 142.18068 39.088505 -999.0 -999.0 -999.0 -999.0 -999.0 211.48524210403193 15.82514578915935 211.47413930712094 15.700315157615728 58.733839241120435 243.89895002851821 -999.0 6231.0 -999.0 -1 -999 {-999.0 -999.0 -999.0 -999.0 -999.0} "" -999.0 -999.0 -999.0 -999.0 -999 -999 "" "" "" "" 0 0 0.0 0.0 -999 ""
FIBERMAP 233 R+4C4 APOGEE 0 0 0 1 0 0 -198.18707708666685 79.43893605953576 143.1 -182.420836620566 110.88392823152024 214.21939 69.321465 -999.0 -999.0 -999.0 -999.0 -999.0 210.03687827596184 15.176840726105636 210.0278875026005 15.050401707690868 57.236329531816175 244.56447647647522 -999.0 16600.0 -999.0 2 -999 {-999.0 -999.0 -999.0 -999.0 -999.0} "" -999.0 -999.0 -999.0 -999.0 -999 -999 "" "" "" "" 0 0 0.0 0.0 -999 ""
FIBERMAP 233 R+4C4 BOSS 1 1 0 1 0 0 -198.37344258114035 80.14782932586243 143.1 -182.48825874517138 111.61367257768292 214.21939 69.321465 210.03651478572752 15.180158375284998 -31.536621 -27.082378 7.3977485 210.03642221550885 15.180081653488008 210.02753572700087 15.053722752398738 57.238114036936466 244.56969005221245 5400.0 5400.0 2016.0 1 36 {-999.0 17.494253 17.649662 17.837294 -999.0} sdss_psfmag 17.598234 17.551394 17.578638 -999.0 63050394841214138 1143462252 dark_1x3 mwm_wd_pwd_boss_1x3 mwm_wd science 0 0 0.0 0.0 -999 ""
FIBERMAP 233 R+4C4 METROLOGY 0 0 0 1 0 0 -197.6557143223979 79.96268752088002 143.1 -181.810792468133 111.313244051759 214.21939 69.321465 -999.0 -999.0 -999.0 -999.0 -999.0 210.03962088256506 15.17876242888424 210.0307017958362 15.05238425780716 57.2396914122974 244.56425474635074 -999.0 6231.0 -999.0 -1 -999 {-999.0 -999.0 -999.0 -999.0 -999.0} "" -999.0 -999.0 -999.0 -999.0 -999 -999 "" "" "" "" 0 0 0.0 0.0 -999 ""
FIBERMAP 238 R-5C3 APOGEE 0 0 0 1 0 0 -196.4901183193041 -102.48562139208262 143.1 -210.6143743350158 -68.81830356706779 158.71056 163.79369 -999.0 -999.0 -999.0 -999.0 -999.0 209.90730910346406 14.361426267668799 209.89951363261775 14.235062170318459 56.63055940541065 243.53863646973738 -999.0 16600.0 -999.0 2 290 {-999.0 -999.0 -999.0 -999.0 -999.0} "" -999.0 -999.0 -999.0 -999.0 -999 -999 "" "" "" "" 0 0 0.0 0.0 -999 ""
FIBERMAP 238 R-5C3 BOSS 1 1 0 1 0 0 -197.0808679263349 -102.0471218928328 143.1 -211.12501295139108 -68.28884677459489 158.71056 163.79369 209.90477922179457 14.363727645529867 -999.0 -999.0 -999.0 209.90477922179454 14.363727645529865 209.8970905978852 14.237444702193091 56.6302361894479 243.54469027883962 5400.0 5400.0 2016.0 1 444 {-999.0 21.72958 20.474651 19.992643 19.642023} sdss_fiber2mag_from_lsdr10 20.439625 21.244879 18.849201 -999.0 63050394841208499 1058148018 dark_flexible_2x2 bhm_spiders_clusters_lsdr10 bhm_spiders science 0 0 0.0 0.0 -999 ""
FIBERMAP 238 R-5C3 METROLOGY 0 0 0 1 0 0 -196.40207907171842 -101.74254598278331 143.1 -210.4055521681664 -68.09989693289758 158.71056 163.79369 -999.0 -999.0 -999.0 -999.0 -999.0 209.90814815450412 14.364609989194674 209.90042498403875 14.238306690364903 56.63328929427275 243.542206190226 -999.0 6231.0 -999.0 -1 -999 {-999.0 -999.0 -999.0 -999.0 -999.0} "" -999.0 -999.0 -999.0 -999.0 -999 -999 "" "" "" "" 0 0 0.0 0.0 -999 ""
FIBERMAP 240 R-13C13 APOGEE 0 0 0 1 0 0 110.68540485426283 -266.1495708274335 143.1 65.46913709003142 -280.66240285278406 268.9034 70.44767 -999.0 -999.0 -999.0 -999.0 -999.0 211.19595108872923 13.405859912154382 211.18836634344575 13.28129335228459 56.974811143973504 240.73363898710275 -999.0 16600.0 -999.0 2 176 {-999.0 -999.0 -999.0 -999.0 -999.0} "" -999.0 -999.0 -999.0 -999.0 -999 -999 "" "" "" "" 0 0 0.0 0.0 -999 ""
FIBERMAP 240 R-13C13 BOSS 1 1 0 1 0 0 109.98978178097258 -265.87939418615076 143.1 64.82743257390453 -280.2817375492924 268.9034 70.44767 211.19287894632706 13.407472658951193 -999.0 -999.0 -999.0 211.19287894632703 13.407472658951193 211.1853972410405 13.282989160335292 56.973747604690736 240.73946852821422 5400.0 5400.0 2016.0 1 345 {-999.0 21.420122 21.142967 21.172768 21.2725} sdss_psfmag_from_lsdr10 nan nan nan -999.0 63050399095308705 1059077610 dark_flexible_2x2 bhm_spiders_agn_lsdr10 bhm_spiders science 0 0 0.0 0.0 -999 ""
FIBERMAP 240 R-13C13 METROLOGY 0 0 0 1 0 0 110.56921387358142 -265.4153319801886 143.1 65.47508585808103 -279.9191821386652 268.9034 70.44767 -999.0 -999.0 -999.0 -999.0 -999.0 211.19592457887865 13.409109836573082 211.18840908477637 13.284604840108273 56.97701875867593 240.7381686483198 -999.0 6231.0 -999.0 -1 -999 {-999.0 -999.0 -999.0 -999.0 -999.0} "" -999.0 -999.0 -999.0 -999.0 -999 -999 "" "" "" "" 0 0 0.0 0.0 -999 ""
FIBERMAP 245 R-9C16 APOGEE 0 0 0 1 0 0 133.03918466429354 -167.38266036538718 143.1 103.7305158696052 -186.92313883885183 159.29593 106.83247 -999.0 -999.0 -999.0 -999.0 -999.0 211.3770717517907 13.82535438192076 211.36876317806332 13.700890113130619 57.38216540182342 241.10674142815418 -999.0 16600.0 -999.0 2 193 {-999.0 -999.0 -999.0 -999.0 -999.0} "" -999.0 -999.0 -999.0 -999.0 -999 -999 "" "" "" "" 0 0 0.0 0.0 -999 ""
FIBERMAP 245 R-9C16 BOSS 1 1 0 1 0 0 133.0901421401785 -166.64246823450387 143.1 103.90229267118225 -186.20148800704072 159.29593 106.83247 211.37781490994024 13.828481068802176 0.8340054 -0.07881712 -0.6175529 211.37781734312185 13.828480845520826 211.36960572393497 13.704101882156786 57.38488142553099 241.11026581769977 5400.0 5400.0 2016.0 1 308 {-999.0 20.075397 20.286066 19.916672 19.728662} sdss_fiber2mag_from_lsdr10 19.638046 19.650442 18.824358 -999.0 63050394841188317 1059078931 dark_flexible_2x2 bhm_spiders_agn_lsdr10 bhm_spiders science 0 0 0.0 0.0 -999 ""
FIBERMAP 245 R-9C16 METROLOGY 0 0 0 1 0 0 133.70775606573105 -167.0546349540537 143.1 104.44374944295272 -186.70938442294832 159.29593 106.83247 -999.0 -999.0 -999.0 -999.0 -999.0 211.38034800013835 13.826227457678868 211.3721085660004 13.701828058111287 57.385240314470195 241.1041253339896 -999.0 6231.0 -999.0 -1 -999 {-999.0 -999.0 -999.0 -999.0 -999.0} "" -999.0 -999.0 -999.0 -999.0 -999 -999 "" "" "" "" 0 0 0.0 0.0 -999 ""
FIBERMAP 251 R-9C13 APOGEE 0 0 0 1 0 0 63.51745246187443 -180.58675805342423 143.1 32.996739263951945 -188.5321021714808 220.79936 96.39903 -999.0 -999.0 -999.0 -999.0 -999.0 211.04676013291729 13.818092925009124 211.0387343977053 13.693229504829842 57.13377023981969 241.4818991531789 -999.0 16600.0 -999.0 2 172 {-999.0 -999.0 -999.0 -999.0 -999.0} "" -999.0 -999.0 -999.0 -999.0 -999 -999 "" "" "" "" 0 0 0.0 0.0 -999 ""
FIBERMAP 251 R-9C13 BOSS 1 1 0 1 0 0 62.97735098395309 -180.0840872446509 143.1 32.5465877360612 -187.94767130818656 220.79936 96.39903 211.04415711188963 13.820594884597822 -32.178635 -1.1130357 0.7028892 211.04456994866368 13.820591731456755 211.0366459620399 13.695810673553755 57.133903259519776 241.48794414242627 5400.0 5400.0 2016.0 1 397 {-999.0 14.257118 14.042959 13.988392 -999.0} sdss_psfmag_from_g3xp 14.246955 14.029345 13.662659 13.062 63050394841188519 1135937625 dark_flexible_3x1 mwm_halo_local_high_boss_triple mwm_halo science 0 0 1.771356463432312 0.0 -999 ""
FIBERMAP 251 R-9C13 METROLOGY 0 0 0 1 0 0 63.69337262953044 -179.86254494022603 143.1 33.28913756304483 -187.8467262401202 220.79936 96.39903 -999.0 -999.0 -999.0 -999.0 -999.0 211.0480708166336 13.821078587227559 211.04011393314738 13.69627730605817 57.136768639821625 241.48456650604473 -999.0 6231.0 -999.0 -1 -999 {-999.0 -999.0 -999.0 -999.0 -999.0} "" -999.0 -999.0 -999.0 -999.0 -999 -999 "" "" "" "" 0 0 0.0 0.0 -999 ""
FIBERMAP 256 R-3C17 APOGEE 0 0 0 1 0 0 84.93613553321916 -50.879849357213615 143.1 75.41539999280317 -64.12465480839268 184.07187 81.847664 -999.0 -999.0 -999.0 -999.0 -999.0 211.2476800468914 14.38176185589086 211.23871372086705 14.25698418553755 57.6460479991775 242.04793949972424 -999.0 16600.0 -999.0 2 -999 {-999.0 -999.0 -999.0 -999.0 -999.0} "" -999.0 -999.0 -999.0 -999.0 -999 -999 "" "" "" "" 0 0 0.0 0.0 -999 ""
FIBERMAP 256 R-3C17 BOSS 1 1 0 1 0 0 84.96739936232309 -50.13168365677883 143.1 75.56906292443045 -63.39190684744324 184.07187 81.847664 211.24836980264357 14.385004225361577 -6.840272 -8.614863 0.2522405 211.24834979761866 14.384979820279755 211.23948075954166 14.260285177742345 57.648738208850475 242.05177471776977 5400.0 5400.0 2016.0 1 302 {-999.0 17.718077 17.274946 17.182493 -999.0} sdss_psfmag 17.614634 17.311136 16.826626 15.874 63050394841198919 976659417 "" ops_std_boss ops_std standard_boss 0 0 0.0 0.0 -999 ""
FIBERMAP 256 R-3C17 METROLOGY 0 0 0 1 0 0 85.5930240523807 -50.526070536613005 143.1 76.1213393128105 -63.883582997737406 184.07187 81.847664 -999.0 -999.0 -999.0 -999.0 -999.0 211.2509562287654 14.382767459488198 211.24205904632288 14.258053046807998 57.649219448328324 242.04557810675627 -999.0 6231.0 -999.0 -1 -999 {-999.0 -999.0 -999.0 -999.0 -999.0} "" -999.0 -999.0 -999.0 -999.0 -999 -999 "" "" "" "" 0 0 0.0 0.0 -999 ""
FIBERMAP 260 R+3C9 APOGEE 0 0 0 1 0 0 -88.14418450308298 53.122528903212135 143.1 -78.21115957215339 66.86318040908705 185.73927 137.75511 -999.0 -999.0 -999.0 -999.0 -999.0 210.52549623274257 14.978905577377693 210.51633904897642 14.853095240235358 57.483294204103125 243.7339846816085 -999.0 16600.0 -999.0 2 121 {-999.0 -999.0 -999.0 -999.0 -999.0} "" -999.0 -999.0 -999.0 -999.0 -999 -999 "" "" "" "" 0 0 0.0 0.0 -999 ""
FIBERMAP 260 R+3C9 BOSS 1 1 0 1 0 0 -88.73466391705944 53.55049909942908 143.1 -78.72326034102579 67.38220828659412 185.73927 137.75511 210.5229430818497 14.981213924029781 -999.0 -999.0 -999.0 210.52294308184966 14.981213924029781 210.51389004848463 14.855481371417284 57.48294025076124 243.74020249835453 5400.0 5400.0 2016.0 1 32 {-999.0 20.39598 20.492586 20.42 20.020796} sdss_psfmag 20.740349 20.86586 20.565117 -999.0 63050394841217668 1060491947 dark_flexible_2x2 bhm_aqmes_bonus_faint bhm_filler science 0 0 0.0 0.0 -999 ""
FIBERMAP 260 R+3C9 METROLOGY 0 0 0 1 0 0 -88.06533851827992 53.87089945197322 143.1 -78.01053496718102 67.58831867928045 185.73927 137.75511 -999.0 -999.0 -999.0 -999.0 -999.0 210.52633575605574 14.982173108608988 210.51724872048203 14.856421225929843 57.486060892215775 243.73778856671623 -999.0 6231.0 -999.0 -1 -999 {-999.0 -999.0 -999.0 -999.0 -999.0} "" -999.0 -999.0 -999.0 -999.0 -999 -999 "" "" "" "" 0 0 0.0 0.0 -999 ""
FIBERMAP 261 R+4C15 APOGEE 0 0 0 1 0 0 69.37436013367953 69.86484752529914 143.1 79.89061691964872 57.51499110113516 223.188 164.26787 -999.0 -999.0 -999.0 -999.0 -999.0 211.27042277081972 14.935465548429077 211.26067368811175 14.810561876195946 58.01557553135854 242.8231577848734 -999.0 16600.0 -999.0 2 65 {-999.0 -999.0 -999.0 -999.0 -999.0} "" -999.0 -999.0 -999.0 -999.0 -999 -999 "" "" "" "" 0 0 0.0 0.0 -999 ""
FIBERMAP 261 R+4C15 BOSS 1 1 0 1 0 0 68.73086839599554 69.5006177975118 143.1 79.19617445456336 57.26141265734447 223.188 164.26787 211.26708984375 14.934270863677881 -999.0 -999.0 -999.0 211.26708984374997 14.93427086367788 211.25744734240445 14.809444274860937 58.012454117329526 242.8252553803575 5400.0 5400.0 2015.5 1 212 {-999.0 -999.0 -999.0 -999.0 -999.0} "" -999.0 -999.0 -999.0 -999.0 27021603099609627 806482663 "" ops_sky_boss_good ops_sky sky_boss 0 0 0.0 0.0 -999 ""
FIBERMAP 261 R+4C15 METROLOGY 0 0 0 1 0 0 68.72487122015502 70.24367301850039 143.1 79.3122496044912 57.995237657614936 223.188 164.26787 -999.0 -999.0 -999.0 -999.0 -999.0 211.26766513038746 14.937625600967936 211.25798862618626 14.812775874361733 58.0149693771058 242.82949634539932 -999.0 6231.0 -999.0 -1 -999 {-999.0 -999.0 -999.0 -999.0 -999.0} "" -999.0 -999.0 -999.0 -999.0 -999 -999 "" "" "" "" 0 0 0.0 0.0 -999 ""
FIBERMAP 264 R+10C3 APOGEE 0 0 0 1 0 0 -123.75724124300318 202.633320242213 143.1 -88.78895178310198 220.16535911337746 45.73541 110.12226 -999.0 -999.0 -999.0 -999.0 -999.0 210.47716309217176 15.672116081458277 210.4671114893115 15.546058237107662 57.87532322552175 244.80644339064816 -999.0 16600.0 -999.0 2 136 {-999.0 -999.0 -999.0 -999.0 -999.0} "" -999.0 -999.0 -999.0 -999.0 -999 -999 "" "" "" "" 0 0 0.0 0.0 -999 ""
FIBERMAP 264 R+10C3 BOSS 1 1 0 1 0 0 -123.07399354408395 202.34143839546695 143.1 -88.16301593359552 219.76531869334494 45.73541 110.12226 210.48001862731442 15.670299503425383 -13.246024 -4.6990256 0.25558048 210.47997965403903 15.670286191533423 210.4700330727709 15.544310857805314 57.876474372937764 244.8006011716071 5400.0 5400.0 2016.0 1 16 {-999.0 18.001614 17.732725 17.642023 17.625977} sdss_psfmag_from_lsdr8 17.969868 17.71489 17.318584 16.678 63050394841223539 909065309 "" ops_std_boss_lsdr10 ops_std standard_boss 0 0 0.0 0.0 -999 ""
FIBERMAP 264 R+10C3 METROLOGY 0 0 0 1 0 0 -123.66782420711984 201.88893434219565 143.1 -88.82297230979775 219.41652640709927 45.73541 110.12226 -999.0 -999.0 -999.0 -999.0 -999.0 210.47690550874097 15.668723923936332 210.4669340715917 15.542723081120965 57.87314241575601 244.80168739622525 -999.0 6231.0 -999.0 -1 -999 {-999.0 -999.0 -999.0 -999.0 -999.0} "" -999.0 -999.0 -999.0 -999.0 -999 -999 "" "" "" "" 0 0 0.0 0.0 -999 ""
FIBERMAP 285 R-8C18 APOGEE 0 0 0 1 0 0 189.34950867350855 -166.36359934589444 143.1 159.43404323786376 -195.16274273984877 326.9143 102.91219 -999.0 -999.0 -999.0 -999.0 -999.0 211.63570302072932 13.788692777049942 211.62723219515 13.66455611960464 57.548359344227684 240.75020273632725 -999.0 16600.0 -999.0 2 -999 {-999.0 -999.0 -999.0 -999.0 -999.0} "" -999.0 -999.0 -999.0 -999.0 -999 -999 "" "" "" "" 0 0 0.0 0.0 -999 ""
FIBERMAP 285 R-8C18 BOSS 1 1 0 1 0 0 189.10653834027315 -167.05440311588237 143.1 159.08100143795536 -195.80416075512454 326.9143 102.91219 211.63394387325692 13.78570938551334 -999.0 -999.0 -999.0 211.63394387325692 13.78570938551334 211.62557948995732 13.661656568702838 57.54524564768222 240.74808523550192 5400.0 5400.0 2016.0 1 319 {-999.0 21.216585 21.146278 20.994709 20.843853} sdss_psfmag_from_lsdr10 20.697674 20.94714 20.299143 -999.0 63050394841184040 1059078940 dark_flexible_2x2 bhm_spiders_agn_lsdr10 bhm_spiders science 0 0 0.0 0.0 -999 ""
FIBERMAP 285 R-8C18 METROLOGY 0 0 0 1 0 0 188.61530539462518 -166.4962926983607 143.1 158.6881483530978 -195.17307532447532 326.9143 102.91219 -999.0 -999.0 -999.0 -999.0 -999.0 211.6321816600442 13.78856562540108 211.6237862308052 13.664485690651256 57.54578492581244 240.75419498323438 -999.0 6231.0 -999.0 -1 -999 {-999.0 -999.0 -999.0 -999.0 -999.0} "" -999.0 -999.0 -999.0 -999.0 -999 -999 "" "" "" "" 0 0 0.0 0.0 -999 ""
FIBERMAP 288 R-1C7 APOGEE 1 1 0 1 0 0 -146.4405242321962 -11.988635387051577 143.1 -146.39561767589257 12.21780756620079 15.6118 172.52353 210.2054089612832 14.729802515505696 -18.31027 -17.05146 4.26678 210.20535532741332 14.729754210349508 210.19681343919598 14.603635559330284 57.08614639637548 243.7321548205091 16000.0 16600.0 2016.0 2 247 {-999.0 11.592757 11.2263 11.124927 -999.0} sdss_psfmag_from_g3xp 11.537123 11.249239 10.7977295 10.046 63050394841209398 974688812 "" ops_std_apogee ops_std standard_apogee 0 0 0.0 0.0 -999 ""
FIBERMAP 288 R-1C7 BOSS 0 0 0 1 0 0 -145.71125629283125 -11.841967088404857 143.1 -145.65229597035724 12.242733234438406 15.6118 172.52353 -999.0 -999.0 -999.0 -999.0 -999.0 210.20867074757624 14.729796936790864 210.2002317034553 14.603764814107695 57.08880485420415 243.72852467500914 -999.0 5400.0 -999.0 1 483 {-999.0 -999.0 -999.0 -999.0 -999.0} "" -999.0 -999.0 -999.0 -999.0 -999 -999 "" "" "" "" 0 0 0.0 0.0 -999 ""
FIBERMAP 288 R-1C7 METROLOGY 0 0 0 1 0 0 -145.95199041969263 -12.552135766229235 143.1 -146.0063115073227 11.581849395617413 15.6118 172.52353 -999.0 -999.0 -999.0 -999.0 -999.0 210.2070586414978 14.726810629778347 210.19859483381163 14.600753975670944 57.08568345056962 243.72603432935915 -999.0 6231.0 -999.0 -1 -999 {-999.0 -999.0 -999.0 -999.0 -999.0} "" -999.0 -999.0 -999.0 -999.0 -999 -999 "" "" "" "" 0 0 0.0 0.0 -999 ""
FIBERMAP 289 R-11C12 APOGEE 0 0 0 1 0 0 93.36910635628637 -197.92150689640786 143.1 59.59211758257898 -210.5293965506981 114.171425 28.10979 -999.0 -999.0 -999.0 -999.0 -999.0 211.1705361142753 13.719066513910912 211.1625435991731 13.594380747150012 57.16079801669775 241.1992155027924 -999.0 16600.0 -999.0 2 175 {-999.0 -999.0 -999.0 -999.0 -999.0} "" -999.0 -999.0 -999.0 -999.0 -999 -999 "" "" "" "" 0 0 0.0 0.0 -999 ""
FIBERMAP 289 R-11C12 BOSS 1 1 0 1 0 0 93.95128583827228 -198.37111988586108 143.1 60.09247934843662 -211.06840706962615 114.171425 28.10979 211.17275911023955 13.71652409034904 2.264388 -1.4384148 -0.9397038 211.17276571334907 13.716520015457874 211.16487758996544 13.59192364142525 57.16091541128045 241.1930522428611 5400.0 5400.0 2016.0 1 394 {-999.0 20.894806 20.689571 20.4991 20.316858} sdss_psfmag_from_gdr3 20.931026 20.732843 20.176334 -999.0 63050394841188117 1128566698 dark_flexible_3x1 bhm_spiders_agn_gaiadr3_d3 bhm_spiders science 0 0 0.0 0.0 -999 ""
FIBERMAP 289 R-11C12 METROLOGY 0 0 0 1 0 0 93.27109547914773 -198.6593563554721 143.1 59.37431882827946 -211.2410119998273 114.171425 28.10979 -999.0 -999.0 -999.0 -999.0 -999.0 211.16943838471087 13.715776010014297 211.161524955932 13.591151450965214 57.15794142750425 241.19589194366807 -999.0 6231.0 -999.0 -1 -999 {-999.0 -999.0 -999.0 -999.0 -999.0} "" -999.0 -999.0 -999.0 -999.0 -999 -999 "" "" "" "" 0 0 0.0 0.0 -999 ""
FIBERMAP 293 R-11C16 APOGEE 0 0 0 1 0 0 177.49595091411175 -209.88130450652454 143.1 140.5989881405055 -236.13617043379458 355.69742 139.27449 -999.0 -999.0 -999.0 -999.0 -999.0 211.54624474480826 13.604982058011577 211.53810158847944 13.480787082116422 57.36234141662501 240.59832851293436 -999.0 16600.0 -999.0 2 218 {-999.0 -999.0 -999.0 -999.0 -999.0} "" -999.0 -999.0 -999.0 -999.0 -999 -999 "" "" "" "" 0 0 0.0 0.0 -999 ""
FIBERMAP 293 R-11C16 BOSS 1 1 0 1 0 0 178.0229648142858 -210.394698951988 143.1 141.0344714702695 -236.72902888390536 355.69742 139.27449 211.54812671900325 13.602258680210266 -999.0 -999.0 -999.0 211.54812671900322 13.602258680210268 211.5400870539765 13.478152816294347 57.36206344303715 240.5922945770427 5400.0 5400.0 2016.0 1 259 {-999.0 22.655556 22.118036 21.763983 21.64673} sdss_fiber2mag_from_lsdr10 nan nan nan -999.0 63050398380495561 1059077618 dark_flexible_2x2 bhm_spiders_agn_lsdr10 bhm_spiders science 0 0 0.0 0.0 -999 ""
FIBERMAP 293 R-11C16 METROLOGY 0 0 0 1 0 0 177.3035262728415 -210.59926007739938 143.1 140.29133957701296 -236.81266525029696 355.69742 139.27449 -999.0 -999.0 -999.0 -999.0 -999.0 211.54470900174715 13.601898855955652 211.53664398006492 13.477764517939672 57.359285810120376 240.59583522180242 -999.0 6231.0 -999.0 -1 -999 {-999.0 -999.0 -999.0 -999.0 -999.0} "" -999.0 -999.0 -999.0 -999.0 -999 -999 "" "" "" "" 0 0 0.0 0.0 -999 ""
FIBERMAP 296 R+3C13 APOGEE 0 0 0 1 0 0 0.11074902130924791 55.47571502393588 143.1 9.216861844228525 54.694907045997404 177.2871 132.4545 -999.0 -999.0 -999.0 -999.0 -999.0 210.93742999281477 14.923477246491279 210.92798757225455 14.798174085842781 57.758475911487665 243.18747729762003 -999.0 16600.0 -999.0 2 5 {-999.0 -999.0 -999.0 -999.0 -999.0} "" -999.0 -999.0 -999.0 -999.0 -999 -999 "" "" "" "" 0 0 0.0 0.0 -999 ""
FIBERMAP 296 R+3C13 BOSS 1 1 0 1 0 0 -0.3507584653502146 56.03939731282625 143.1 8.854240334707523 55.32660762248472 177.2871 132.4545 210.93562267773112 14.926329430098455 1.1822016 -8.573574 0.23723228 210.93562614374534 14.926305141986152 210.92628483908445 14.80108024989086 57.759030189111684 243.19365123210324 5400.0 5400.0 2016.0 1 106 {-999.0 17.857777 17.55492 17.44687 -999.0} sdss_psfmag 17.81023 17.530352 17.09265 16.062 63050394841216633 976203285 "" ops_std_boss ops_std standard_boss 0 0 0.0 0.0 -999 ""
FIBERMAP 296 R+3C13 METROLOGY 0 0 0 1 0 0 0.3686365785070329 56.203544820075585 143.1 9.590694488303424 55.370393078803424 177.2871 132.4545 -999.0 -999.0 -999.0 -999.0 -999.0 210.93912710747816 14.926516606925265 210.92975316119032 14.801272839094285 57.76175454280044 243.1899689142945 -999.0 6231.0 -999.0 -1 -999 {-999.0 -999.0 -999.0 -999.0 -999.0} "" -999.0 -999.0 -999.0 -999.0 -999 -999 "" "" "" "" 0 0 0.0 0.0 -999 ""
FIBERMAP 298 R-12C13 APOGEE 0 0 0 1 0 0 111.37461888523866 -240.93379182913753 143.1 70.28863598766954 -255.90641634421613 203.7646 164.17392 -999.0 -999.0 -999.0 -999.0 -999.0 211.21910315903253 13.515992756446417 211.21134890195344 13.391423193772402 57.06397862613757 240.85928265444846 -999.0 16600.0 -999.0 2 -999 {-999.0 -999.0 -999.0 -999.0 -999.0} "" -999.0 -999.0 -999.0 -999.0 -999 -999 "" "" "" "" 0 0 0.0 0.0 -999 ""
FIBERMAP 298 R-12C13 BOSS 1 1 0 1 0 0 110.64511051515774 -241.04423195109374 143.1 69.55102485861407 -255.89557239302428 203.7646 164.17392 211.21586219877034 13.515655961287354 -99.59217 100.951126 13.72317 211.2155720273946 13.515941945969427 211.2079256807253 13.391455427895275 57.06148558264875 240.86334354686176 5400.0 5400.0 2016.0 1 344 {-999.0 19.615278 19.033808 18.844234 -999.0} sdss_psfmag 19.528345 19.089262 18.571022 -999.0 63050394841187518 1143462069 dark_1x3 mwm_wd_pwd_boss_1x3 mwm_wd science 0 0 0.0 0.0 -999 ""
FIBERMAP 298 R-12C13 METROLOGY 0 0 0 1 0 0 110.9086650859064 -240.35108346520266 143.1 69.92475286396666 -255.2552212784261 203.7646 164.17392 -999.0 -999.0 -999.0 -999.0 -999.0 211.21735968778304 13.518826584214448 211.2096765561373 13.394316269863928 57.06464739391372 240.8652621779829 -999.0 6231.0 -999.0 -1 -999 {-999.0 -999.0 -999.0 -999.0 -999.0} "" -999.0 -999.0 -999.0 -999.0 -999 -999 "" "" "" "" 0 0 0.0 0.0 -999 ""
FIBERMAP 302 R-2C21 APOGEE 0 0 0 1 0 0 189.69640741044617 -45.09975418031958 143.1 179.68446771496141 -75.62286599432703 322.34998 124.23431 -999.0 -999.0 -999.0 -999.0 -999.0 211.7351349516272 14.328536855570315 211.7258303306288 14.204371651726381 57.97283459991188 241.4006106098688 -999.0 16600.0 -999.0 2 228 {-999.0 -999.0 -999.0 -999.0 -999.0} "" -999.0 -999.0 -999.0 -999.0 -999 -999 "" "" "" "" 0 0 0.0 0.0 -999 ""
FIBERMAP 302 R-2C21 BOSS 1 1 0 1 0 0 189.6592236265352 -45.83979017251771 143.1 179.5263008919109 -76.34662410737431 322.34998 124.23431 211.7343206483283 14.325153872052793 -0.20487946 -0.049465537 -0.010909857 211.73432004929896 14.325153731921674 211.7251211393514 14.201071278645967 57.9701720733131 241.39671151478493 5400.0 5400.0 2016.0 1 284 {-999.0 18.613382 18.297441 17.999971 17.956886} sdss_psfmag 18.384295 18.07929 17.553343 -999.0 63050394841197862 1060310416 dark_flexible_2x2 bhm_aqmes_bonus_core bhm_filler science 0 0 0.0 0.0 -999 ""
FIBERMAP 302 R-2C21 METROLOGY 0 0 0 1 0 0 189.0299507763051 -45.43847443738221 143.1 178.97156402825112 -75.8475154221497 322.34998 124.23431 -999.0 -999.0 -999.0 -999.0 -999.0 211.73177555415577 14.327449377712131 211.72254721291517 14.203339665258962 57.969741891944295 241.40301797495226 -999.0 6231.0 -999.0 -1 -999 {-999.0 -999.0 -999.0 -999.0 -999.0} "" -999.0 -999.0 -999.0 -999.0 -999 -999 "" "" "" "" 0 0 0.0 0.0 -999 ""
FIBERMAP 307 R0C7 APOGEE 0 0 0 1 0 0 -148.1477877741826 3.96867954219652 143.1 -145.45964519982036 28.23604413348785 351.80283 146.45932 -999.0 -999.0 -999.0 -999.0 -999.0 210.20965242574908 14.80259754146051 210.20100878423023 14.67646358023226 57.13491394579423 243.8320431188024 -999.0 16600.0 -999.0 2 250 {-999.0 -999.0 -999.0 -999.0 -999.0} "" -999.0 -999.0 -999.0 -999.0 -999 -999 "" "" "" "" 0 0 0.0 0.0 -999 ""
FIBERMAP 307 R0C7 BOSS 1 1 0 1 0 0 -147.59908206491724 3.476415452721971 143.1 -144.99929921693672 27.66046434239392 351.80283 146.45932 210.21164856573515 14.79991425597784 -0.54253 -0.046761535 -0.3675627 210.2116469760603 14.799914123506895 210.2031115199064 14.673865797420842 57.13487564572816 243.8259633961132 5400.0 5400.0 2016.0 1 493 {-999.0 19.005367 19.13119 19.010668 18.863363} sdss_psfmag_from_lsdr10 19.024155 18.9233 18.668415 -999.0 63050394841209655 1059083991 dark_flexible_2x2 bhm_spiders_agn_lsdr10 bhm_spiders science 0 0 0.0 0.0 -999 ""
FIBERMAP 307 R0C7 METROLOGY 0 0 0 1 0 0 -148.30757804087224 3.2391330829043503 143.1 -145.73701092948968 27.542760073406743 351.80283 146.45932 -999.0 -999.0 -999.0 -999.0 -999.0 210.20823263358847 14.799391754851973 210.19967077852095 14.673316180032774 57.131935121666494 243.82901073071577 -999.0 6231.0 -999.0 -1 -999 {-999.0 -999.0 -999.0 -999.0 -999.0} "" -999.0 -999.0 -999.0 -999.0 -999 -999 "" "" "" "" 0 0 0.0 0.0 -999 ""
FIBERMAP 310 R+1C8 APOGEE 0 0 0 1 0 0 -128.93546485263454 9.394227822523032 143.1 -125.6207039606237 30.432855406039923 225.33643 132.52101 -999.0 -999.0 -999.0 -999.0 -999.0 210.30265228727094 14.812799255705045 210.29391377470165 14.68677166970054 57.21145442440462 243.7431017214657 -999.0 16600.0 -999.0 2 -999 {-999.0 -999.0 -999.0 -999.0 -999.0} "" -999.0 -999.0 -999.0 -999.0 -999 -999 "" "" "" "" 0 0 0.0 0.0 -999 ""
FIBERMAP 310 R+1C8 BOSS 1 1 0 1 0 0 -129.68067485558265 9.413337815740924 143.1 -126.35253219236863 30.574046334016256 225.33643 132.52101 210.2990264233131 14.813342877207894 9.9605875 7.737164 5.5960264 210.29905561078252 14.813364795848969 210.2904263975589 14.687415479448056 57.209227718298685 243.7479295588589 5400.0 5400.0 2016.0 1 46 {-999.0 18.559175 18.649246 18.790606 -999.0} sdss_psfmag 18.571585 18.535946 18.556166 -999.0 63050394841209560 1143462190 dark_1x3 mwm_wd_pwd_boss_1x3 mwm_wd science 0 0 0.0 0.0 -999 ""
FIBERMAP 310 R+1C8 METROLOGY 0 0 0 1 0 0 -129.28597319813798 10.052867238474002 143.1 -125.85826280484572 31.13998462828782 225.33643 132.52101 -999.0 -999.0 -999.0 -999.0 -999.0 210.30141432512875 14.815965256091323 210.29274863396176 14.689994376624824 57.21259398934537 243.74904469184816 -999.0 6231.0 -999.0 -1 -999 {-999.0 -999.0 -999.0 -999.0 -999.0} "" -999.0 -999.0 -999.0 -999.0 -999 -999 "" "" "" "" 0 0 0.0 0.0 -999 ""
FIBERMAP 322 R+11C6 APOGEE 1 1 0 1 0 0 -43.96414087457484 219.95350054408746 143.1 -7.249256578153191 224.1475360129264 34.83558 110.84647 210.86087671236012 15.690785357182646 3.913798 -16.868351 4.5696616 210.860888228934 15.690737570763353 210.85046446243254 15.56513193021297 58.178263343025336 244.40591013675498 16000.0 16600.0 2016.0 2 4 {-999.0 10.709992 10.416025 10.336089 -999.0} sdss_psfmag_from_g3xp 10.675776 10.422666 10.009506 9.391 63050394841223349 974688616 "" ops_std_apogee ops_std standard_apogee 0 0 0.0 0.0 -999 ""
FIBERMAP 322 R+11C6 BOSS 0 0 0 1 0 0 -43.35179236209632 219.53992573590293 143.1 -6.713224006363036 223.63911530603932 34.83558 110.84647 -999.0 -999.0 -999.0 -999.0 -999.0 210.8633049180038 15.688416586388243 210.85298499885437 15.562892416809863 58.17879369829767 244.39972682438955 -999.0 5400.0 -999.0 1 143 {-999.0 -999.0 -999.0 -999.0 -999.0} "" -999.0 -999.0 -999.0 -999.0 -999 -999 "" "" "" "" 0 0 0.0 0.0 -999 ""
FIBERMAP 322 R+11C6 METROLOGY 0 0 0 1 0 0 -44.020307862172174 219.1977201987686 143.1 -7.428730445918034 223.41136652133716 34.83558 110.84647 -999.0 -999.0 -999.0 -999.0 -999.0 210.85996317371425 15.687411314852053 210.84961831358282 15.561861267687833 58.1756046986289 244.40198058309977 -999.0 6231.0 -999.0 -1 -999 {-999.0 -999.0 -999.0 -999.0 -999.0} "" -999.0 -999.0 -999.0 -999.0 -999 -999 "" "" "" "" 0 0 0.0 0.0 -999 ""
FIBERMAP 325 R+6C4 APOGEE 0 0 0 1 0 0 -139.01968789816786 128.34396744508408 143.1 -116.03791890762858 149.4029511251671 102.86035 29.741516 -999.0 -999.0 -999.0 -999.0 -999.0 210.34813981997934 15.352832438330982 210.33863554722325 15.226709670737513 57.58112917600709 244.47787086009464 -999.0 16600.0 -999.0 2 -999 {-999.0 -999.0 -999.0 -999.0 -999.0} "" -999.0 -999.0 -999.0 -999.0 -999 -999 "" "" "" "" 0 0 0.0 0.0 -999 ""
FIBERMAP 325 R+6C4 BOSS 1 1 0 1 0 0 -138.50394147054175 127.79213392740961 143.1 -115.61985882837247 148.77403184464092 102.86035 29.741516 210.34999841614 15.34993564485375 -14.296296 8.568883 1.0213982 210.3499564179008 15.349959919672592 210.34056020590563 15.223920255523803 57.580866637252925 244.47163925596075 5400.0 5400.0 2016.0 1 38 {-999.0 18.75865 17.45498 16.902887 -999.0} sdss_psfmag 18.236557 17.413712 16.520973 14.799 63050394841222509 1096125286 bright_1x1 mwm_bin_vis_boss mwm_filler science 0 0 0.0 0.0 -999 ""
FIBERMAP 325 R+6C4 METROLOGY 0 0 0 1 0 0 -139.23621735732982 127.62998076885908 143.1 -116.36868933269936 148.73432801210302 102.86035 29.741516 -999.0 -999.0 -999.0 -999.0 -999.0 210.34647577138563 15.349779177075884 210.3370528625719 15.223712710213523 57.57807701228342 244.47523421101926 -999.0 6231.0 -999.0 -1 -999 {-999.0 -999.0 -999.0 -999.0 -999.0} "" -999.0 -999.0 -999.0 -999.0 -999 -999 "" "" "" "" 0 0 0.0 0.0 -999 ""
FIBERMAP 333 R+12C2 APOGEE 1 1 0 1 0 0 -150.02158690793638 232.44310612527724 143.1 -109.79826776391077 253.87725541553166 196.91733 99.38799 210.3792678967892 15.82223019806081 3.5287793 -2.193876 0.7350572 210.37927828714882 15.822223983020384 210.36911280497802 15.696009631082102 57.892369675181676 245.1381702063398 16000.0 16600.0 2016.0 2 132 {-999.0 13.860742 13.177636 12.930065 -999.0} sdss_psfmag_from_g3xp 13.682522 13.214526 12.585392 11.312 63050394841223673 1106253139 bright_flexible_3x1 mwm_tess_rgb_apogee mwm_tessrgb science 0 0 0.0 0.0 -999 ""
FIBERMAP 333 R+12C2 BOSS 0 0 0 1 0 0 -150.34848185763795 233.10358237352966 143.1 -110.01223626727337 254.58231952825227 196.91733 99.38799 -999.0 -999.0 -999.0 -999.0 -999.0 210.37818892378957 15.825276557944644 210.36812575748547 15.69913820179022 57.89352444789541 245.14392559599713 -999.0 5400.0 -999.0 1 6 {-999.0 -999.0 -999.0 -999.0 -999.0} "" -999.0 -999.0 -999.0 -999.0 -999 -999 "" "" "" "" 0 0 0.0 0.0 -999 ""
FIBERMAP 333 R+12C2 METROLOGY 0 0 0 1 0 0 -149.6052191913475 233.06850517180425 143.1 -109.28494999259281 254.42570059418182 196.91733 99.38799 -999.0 -999.0 -999.0 -999.0 -999.0 210.38162366817897 15.824624000446553 210.37152833589562 15.698467724120066 57.89571165049129 245.13916726223817 -999.0 6231.0 -999.0 -1 -999 {-999.0 -999.0 -999.0 -999.0 -999.0} "" -999.0 -999.0 -999.0 -999.0 -999 -999 "" "" "" "" 0 0 0.0 0.0 -999 ""
FIBERMAP 343 R+11C1 APOGEE 0 0 0 1 0 0 -149.24476135234477 210.6131149054821 143.1 -112.61602455295497 232.21982751770514 37.271423 65.54246 -999.0 -999.0 -999.0 -999.0 -999.0 210.36556527372497 15.725459434851421 210.35554292434313 15.599255263694117 57.82293907202399 245.0091521876007 -999.0 16600.0 -999.0 2 139 {-999.0 -999.0 -999.0 -999.0 -999.0} "" -999.0 -999.0 -999.0 -999.0 -999 -999 "" "" "" "" 0 0 0.0 0.0 -999 ""
FIBERMAP 343 R+11C1 BOSS 1 1 0 1 0 0 -149.0864025737998 209.90148780902067 143.1 -112.57667295742276 231.4919848804732 37.271423 65.54246 210.36567067138483 15.722187056382241 -16.797922 -16.475721 0.30837834 210.365621234923 15.722140382239717 210.355708875542 15.596015781314224 57.82108479966996 245.00415528404847 5400.0 5400.0 2016.0 1 9 {-999.0 17.979288 17.692892 17.560183 -999.0} sdss_psfmag 17.954588 17.658216 17.252209 16.189 63050394841223599 976203681 "" ops_std_boss ops_std standard_boss 0 0 0.0 0.0 -999 ""
FIBERMAP 343 R+11C1 METROLOGY 0 0 0 1 0 0 -149.79653874560904 210.1186919815682 143.1 -113.2413877290716 231.8227885933288 37.271423 65.54246 -999.0 -999.0 -999.0 -999.0 -999.0 210.36254390656725 15.72361721965555 210.35260245701488 15.597466303011444 57.819604154804956 245.00974567112172 -999.0 6231.0 -999.0 -1 -999 {-999.0 -999.0 -999.0 -999.0 -999.0} "" -999.0 -999.0 -999.0 -999.0 -999 -999 "" "" "" "" 0 0 0.0 0.0 -999 ""
FIBERMAP 361 R+13C14 APOGEE 0 0 0 1 0 0 152.31573011569301 255.21058166312991 143.1 192.1206244391364 226.696008618266 294.18658 178.28159 -999.0 -999.0 -999.0 -999.0 -999.0 211.79603086414383 15.695070110736838 211.78475810477244 15.570602657486244 58.88703375807668 243.34319878582252 -999.0 16600.0 -999.0 2 98 {-999.0 -999.0 -999.0 -999.0 -999.0} "" -999.0 -999.0 -999.0 -999.0 -999 -999 "" "" "" "" 0 0 0.0 0.0 -999 ""
FIBERMAP 361 R+13C14 BOSS 1 1 0 1 0 0 152.59596042426674 254.53020274630487 143.1 192.28530231302736 225.97897653098303 294.18658 178.28159 211.7965411569841 15.691769710953375 -60.31267 -2.7208683 1.1268655 211.79669355856333 15.691762002922967 211.7855248264856 15.567373463725266 58.88558966250777 243.33742940831473 5400.0 5400.0 2016.0 1 90 {-999.0 16.790405 16.088598 15.821682 -999.0} sdss_psfmag 16.594908 16.111267 15.469136 14.186 63050394841220421 1136776343 dark_flexible_3x1 mwm_halo_local_high_boss_triple mwm_halo science 0 0 1.1432939767837524 0.0 -999 ""
FIBERMAP 361 R+13C14 METROLOGY 0 0 0 1 0 0 151.85835035377377 254.61761108400358 143.1 191.57218230691987 226.18627919796816 294.18658 178.28159 -999.0 -999.0 -999.0 -999.0 -999.0 211.79340361328602 15.692759946644243 211.7822080131699 15.568345147732293 58.883705017048264 243.34276471715725 -999.0 6231.0 -999.0 -1 -999 {-999.0 -999.0 -999.0 -999.0 -999.0} "" -999.0 -999.0 -999.0 -999.0 -999 -999 "" "" "" "" 0 0 0.0 0.0 -999 ""
FIBERMAP 368 R-8C2 APOGEE 0 0 0 1 1 0 -171.40715749361195 -159.24599078797283 143.1 -195.19477088643575 -128.9163411525209 288.60617 154.79054 -999.0 -999.0 -999.0 -999.0 -999.0 209.98077808907 14.089467257560722 209.97327966640728 13.963264303280624 56.5140765975871 243.07432335764918 -999.0 16600.0 -999.0 2 -999 {-999.0 -999.0 -999.0 -999.0 -999.0} "" -999.0 -999.0 -999.0 -999.0 -999 -999 "" "" "" "" 0 0 0.0 0.0 -999 ""
FIBERMAP 368 R-8C2 BOSS 1 0 0 1 1 0 -171.56349073597445 -160.07162690765492 143.1 -195.48450247929247 -129.70496147755483 288.60617 154.79054 209.9283200021752 14.211945484674049 -999.0 -999.0 -999.0 209.97932918040024 14.085806023035119 209.9719443889761 13.959688208763763 56.51080480546027 243.070807587614 5400.0 5400.0 2016.0 1 489 {-999.0 21.696857 20.414215 19.923725 19.571634} sdss_fiber2mag_from_lsdr10 20.312637 21.286152 18.849657 -999.0 63050394841208299 1058148036 dark_flexible_2x2 bhm_spiders_clusters_lsdr10 bhm_spiders science 0 0 0.0 0.0 -999 ""
FIBERMAP 368 R-8C2 METROLOGY 0 0 0 1 1 0 -172.09328995659317 -159.53905089060555 143.1 -195.919583736317 -129.09272786991218 288.60617 154.79054 -999.0 -999.0 -999.0 -999.0 -999.0 209.97732673969267 14.08860418230559 209.96990946435687 13.962458935873316 56.51103848168126 243.07695940564997 -999.0 6231.0 -999.0 -1 -999 {-999.0 -999.0 -999.0 -999.0 -999.0} "" -999.0 -999.0 -999.0 -999.0 -999 -999 "" "" "" "" 0 0 0.0 0.0 -999 ""
FIBERMAP 372 R+12C4 APOGEE 0 0 0 1 0 0 -99.35416308671992 233.67713287239224 143.1 -59.62477585552972 246.77607606447867 140.08809 146.0623 -999.0 -999.0 -999.0 -999.0 -999.0 210.61466076468338 15.7917487698844 210.6043218270579 15.665821347078282 58.053148664177854 244.83211733285208 -999.0 16600.0 -999.0 2 -999 {-999.0 -999.0 -999.0 -999.0 -999.0} "" -999.0 -999.0 -999.0 -999.0 -999 -999 "" "" "" "" 0 0 0.0 0.0 -999 ""
FIBERMAP 372 R+12C4 BOSS 1 1 0 1 0 0 -99.58013371322441 234.37718449242965 143.1 -59.732710222400165 247.50360241880833 140.08809 146.0623 210.61405933590004 15.794932284071109 -1.2578009 1.0281098 -1.1490006 210.6140556328512 15.79493519660741 210.60381740011272 15.669084191547483 58.05476343693413 244.8375537923746 5400.0 5400.0 2016.0 1 93 {-999.0 21.04657 20.951155 20.787594 20.76973} sdss_psfmag_from_gaiadr2 20.43354 20.979595 20.227795 -999.0 63050394841223707 1055914868 dark_flexible_2x2 bhm_gua_dark bhm_filler science 0 0 0.0 0.0 -999 ""
FIBERMAP 372 R+12C4 METROLOGY 0 0 0 1 0 0 -98.84866299825774 234.2258874997773 143.1 -59.03613398997962 247.23429729439573 140.08809 146.0623 -999.0 -999.0 -999.0 -999.0 -999.0 210.61735668441537 15.793760909424437 210.60708746891385 15.667892043630996 58.056521904933184 244.8321277585496 -999.0 6231.0 -999.0 -1 -999 {-999.0 -999.0 -999.0 -999.0 -999.0} "" -999.0 -999.0 -999.0 -999.0 -999 -999 "" "" "" "" 0 0 0.0 0.0 -999 ""
FIBERMAP 373 R-8C13 APOGEE 0 0 0 1 0 0 67.36786720469168 -168.10449812657552 143.1 38.843476989473025 -176.8535717388968 267.85483 120.43169 -999.0 -999.0 -999.0 -999.0 -999.0 211.0742831869346 13.87075468319497 211.06616277536716 13.7459097270376 57.18823441577009 241.5239041090672 -999.0 16600.0 -999.0 2 -999 {-999.0 -999.0 -999.0 -999.0 -999.0} "" -999.0 -999.0 -999.0 -999.0 -999 -999 "" "" "" "" 0 0 0.0 0.0 -999 ""
FIBERMAP 373 R-8C13 BOSS 1 1 0 1 0 0 66.71878107327159 -168.46134195698184 143.1 38.14472960460228 -177.09894736891525 267.85483 120.43169 211.07085952948256 13.869871755667589 19.865742 -127.59517 10.227146 211.07091749732163 13.86951029079579 211.06290641872036 13.744747488979687 57.18507343385307 241.52605912816028 5400.0 5400.0 2016.0 1 353 {-999.0 20.765501 19.952585 19.71968 -999.0} sdss_psfmag 20.509512 19.997574 19.331364 -999.0 63050394841188532 1143462098 dark_1x3 mwm_wd_pwd_boss_1x3 mwm_wd science 0 0 0.0 0.0 -999 ""
FIBERMAP 373 R-8C13 METROLOGY 0 0 0 1 0 0 66.72383866578599 -167.7278162693182 143.1 38.27014305709331 -176.3763357978707 267.85483 120.43169 -999.0 -999.0 -999.0 -999.0 -999.0 211.07154467523225 13.872806033380103 211.06349766287383 13.748018411891675 57.18763253812864 241.52996481693458 -999.0 6231.0 -999.0 -1 -999 {-999.0 -999.0 -999.0 -999.0 -999.0} "" -999.0 -999.0 -999.0 -999.0 -999 -999 "" "" "" "" 0 0 0.0 0.0 -999 ""
FIBERMAP 375 R+2C25 APOGEE 0 0 0 1 0 0 269.1953985754248 18.6265771433195 143.1 268.55275121479986 -25.82419960423571 322.43597 54.73339 -999.0 -999.0 -999.0 -999.0 -999.0 212.14842781192178 14.552709530267643 212.13845910274608 14.428996245963571 58.422865016991835 241.23323397641815 -999.0 16600.0 -999.0 2 57 {-999.0 -999.0 -999.0 -999.0 -999.0} "" -999.0 -999.0 -999.0 -999.0 -999 -999 "" "" "" "" 0 0 0.0 0.0 -999 ""
FIBERMAP 375 R+2C25 BOSS 1 1 0 1 0 0 268.4957705490525 18.39716176665276 143.1 267.8250770947278 -25.935600909009334 322.43597 54.73339 212.14501550493557 14.552182051164154 -11.139487 -14.547143 0.26678488 212.14498290191253 14.55214084050234 212.13511657555878 14.428504843249442 58.420082505402334 241.23652909539913 5400.0 5400.0 2016.0 1 176 {-999.0 16.972292 16.67613 16.58499 -999.0} sdss_psfmag 16.916485 16.661036 16.241896 15.588 63050394841198357 980448089 "" ops_std_boss_tic ops_std standard_boss 0 0 0.0 0.0 -999 ""
FIBERMAP 375 R+2C25 METROLOGY 0 0 0 1 0 0 268.6402526639219 19.123803344881182 143.1 268.0868682099697 -25.242668605595806 322.43597 54.73339 -999.0 -999.0 -999.0 -999.0 -999.0 212.14623923090232 14.555291560234762 212.1363394371922 14.431633160893826 58.42301282222191 241.23960943806003 -999.0 6231.0 -999.0 -1 -999 {-999.0 -999.0 -999.0 -999.0 -999.0} "" -999.0 -999.0 -999.0 -999.0 -999 -999 "" "" "" "" 0 0 0.0 0.0 -999 ""
FIBERMAP 380 R-1C10 APOGEE 0 0 0 1 0 0 -71.13464468028657 -12.475736889066972 143.1 -72.2049388887675 -0.6258180434807826 17.51332 139.8787 -999.0 -999.0 -999.0 -999.0 -999.0 210.55369362418492 14.671693675428637 210.5449267334434 14.546001736141417 57.311859714068845 243.25833168129097 -999.0 16600.0 -999.0 2 -999 {-999.0 -999.0 -999.0 -999.0 -999.0} "" -999.0 -999.0 -999.0 -999.0 -999 -999 "" "" "" "" 0 0 0.0 0.0 -999 ""
FIBERMAP 380 R-1C10 BOSS 1 1 0 1 0 0 -70.41916637892766 -12.73560566863591 143.1 -71.5419598184185 -0.9995768874490384 17.51332 139.8787 210.55666479742408 14.669910048854513 0.9943186 -0.36986312 0.6104375 210.556667709153 14.669909001067776 210.54800572367728 14.544303810356425 57.31310047565654 243.25241041035292 5400.0 5400.0 2016.0 1 441 {-999.0 20.631804 20.76813 20.68452 20.228949} sdss_psfmag 19.925411 20.007334 19.696346 -999.0 63050394841208241 1060491916 dark_flexible_2x2 bhm_aqmes_bonus_faint bhm_filler science 0 0 0.0 0.0 -999 ""
FIBERMAP 380 R-1C10 METROLOGY 0 0 0 1 0 0 -71.00951518529779 -13.211267031206404 143.1 -72.20228401671187 -1.3717797670828706 17.51332 139.8787 -999.0 -999.0 -999.0 -999.0 -999.0 210.55359919575253 14.668236486495893 210.54491232981184 14.54260466223145 57.30970537301328 243.25346831260248 -999.0 6231.0 -999.0 -1 -999 {-999.0 -999.0 -999.0 -999.0 -999.0} "" -999.0 -999.0 -999.0 -999.0 -999 -999 "" "" "" "" 0 0 0.0 0.0 -999 ""
FIBERMAP 382 R+9C5 APOGEE 1 1 0 1 0 0 -113.86169320778939 181.21650345228883 143.1 -82.54550914128323 197.4183742939317 163.0796 106.706055 210.50616530872213 15.570097518554126 -3.2119334 -9.344511 2.2991028 210.5061558629924 15.570071046451234 210.49621655522725 15.444075520295424 57.83479427769639 244.62282572162917 16000.0 16600.0 2016.0 2 112 {-999.0 9.483701 8.890865 8.656554 -999.0} sdss_psfmag_from_g3xp 9.343913 8.917073 8.316735 7.161 63050394841223208 974688618 "" ops_std_apogee ops_std standard_apogee 0 0 0.0 0.0 -999 ""
FIBERMAP 382 R+9C5 BOSS 0 0 0 1 0 0 -113.78492502817932 181.95776021055605 143.1 -82.34810167285279 198.13683768736203 163.0796 106.706055 -999.0 -999.0 -999.0 -999.0 -999.0 210.50697175517496 15.573268719901346 210.4971320851679 15.447352206069878 57.83750624954884 244.62665734090882 -999.0 5400.0 -999.0 1 80 {-999.0 -999.0 -999.0 -999.0 -999.0} "" -999.0 -999.0 -999.0 -999.0 -999 -999 "" "" "" "" 0 0 0.0 0.0 -999 ""
FIBERMAP 382 R+9C5 METROLOGY 0 0 0 1 0 0 -113.1681945242079 181.51548238183332 143.1 -81.81245962062444 197.59938913469716 163.0796 106.706055 -999.0 -999.0 -999.0 -999.0 -999.0 210.50951635586313 15.570874671931998 210.49964786121848 15.44493943469809 57.83793278049737 244.62028133131838 -999.0 6231.0 -999.0 -1 -999 {-999.0 -999.0 -999.0 -999.0 -999.0} "" -999.0 -999.0 -999.0 -999.0 -999 -999 "" "" "" "" 0 0 0.0 0.0 -999 ""
FIBERMAP 383 R+6C1 APOGEE 1 1 0 1 0 0 -211.98471813902154 110.66127005597302 143.1 -190.90292527619138 143.94225336065972 337.63974 115.62287 209.99780785067338 15.32589596260497 -38.519047 -1.2065232 2.7541416 209.99769470627893 15.325892544612152 209.98854077751977 15.199367127537373 57.29823364802446 244.82471681671515 16000.0 16600.0 2016.0 2 119 {-999.0 12.009999 11.688637 11.596766 -999.0} sdss_psfmag_from_g3xp 11.9681835 11.698418 11.269278 10.551 63050394841222686 1103600128 bright_flexible_2x1 mwm_tess_2min_apogee mwm_planet science 0 0 0.0 0.0 -999 ""
FIBERMAP 383 R+6C1 BOSS 0 0 0 1 0 0 -211.92289362066546 109.93916893139233 143.1 -190.96050043867285 143.21992903718535 337.63974 115.62287 -999.0 -999.0 -999.0 -999.0 -999.0 209.99728353866666 15.322569872944195 209.98824116569438 15.196125402262643 57.29601212136684 244.82031450079168 -999.0 5400.0 -999.0 1 83 {-999.0 -999.0 -999.0 -999.0 -999.0} "" -999.0 -999.0 -999.0 -999.0 -999 -999 "" "" "" "" 0 0 0.0 0.0 -999 ""
FIBERMAP 383 R+6C1 METROLOGY 0 0 0 1 0 0 -212.60315830923403 110.23733070848796 143.1 -191.58246328798907 143.62567332634674 337.63974 115.62287 -999.0 -999.0 -999.0 -999.0 -999.0 209.99442747241196 15.324393890914719 209.98535487170886 15.197922741195043 57.294920915067266 244.8261078091486 -999.0 6231.0 -999.0 -1 -999 {-999.0 -999.0 -999.0 -999.0 -999.0} "" -999.0 -999.0 -999.0 -999.0 -999 -999 "" "" "" "" 0 0 0.0 0.0 -999 ""
FIBERMAP 386 R-4C2 APOGEE 0 0 0 1 0 0 -216.70547773462997 -83.09533609079463 143.1 -227.36846418256644 -46.37575321109539 285.99625 150.01973 -999.0 -999.0 -999.0 -999.0 -999.0 209.8290724709346 14.463051823585772 209.82121010634376 14.336568881928892 56.635380112273126 243.76889661893657 -999.0 16600.0 -999.0 2 -999 {-999.0 -999.0 -999.0 -999.0 -999.0} "" -999.0 -999.0 -999.0 -999.0 -999 -999 "" "" "" "" 0 0 0.0 0.0 -999 ""
FIBERMAP 386 R-4C2 BOSS 1 1 0 1 0 0 -216.87593300758374 -83.82549613770848 143.1 -227.65644904116206 -47.06789151373634 285.99625 150.01973 209.8276154920586 14.459823630810295 -0.046530683 0.0403989 0.07207258 209.82761535592948 14.459823745256502 209.81986652631093 14.333424437205396 56.63239319928193 243.76593103556172 5400.0 5400.0 2016.0 1 486 {-999.0 19.034525 18.926062 18.817343 18.629467} sdss_psfmag 18.559315 18.521887 18.126757 -999.0 63050394841208867 1128944557 dark_1x4 bhm_aqmes_wide1 bhm_aqmes science 0 0 0.0 0.0 -999 ""
FIBERMAP 386 R-4C2 METROLOGY 0 0 0 1 0 0 -217.42177784791483 -83.3040850506002 143.1 -228.1091883226089 -46.46403508796383 285.99625 150.01973 -999.0 -999.0 -999.0 -999.0 -999.0 209.82554187945615 14.462582279504423 209.8177606314896 14.336155874981364 56.63251898386106 243.77212562220933 -999.0 6231.0 -999.0 -1 -999 {-999.0 -999.0 -999.0 -999.0 -999.0} "" -999.0 -999.0 -999.0 -999.0 -999 -999 "" "" "" "" 0 0 0.0 0.0 -999 ""
FIBERMAP 388 R+2C3 APOGEE 0 0 0 1 0 0 -231.938859381048 58.950576208131395 143.1 -219.07227554091864 96.21836630351824 181.07095 24.665848 -999.0 -999.0 -999.0 -999.0 -999.0 209.86611741234418 15.109280799883404 209.857368274416 14.982662078182454 57.06495953330562 244.65376637708846 -999.0 16600.0 -999.0 2 116 {-999.0 -999.0 -999.0 -999.0 -999.0} "" -999.0 -999.0 -999.0 -999.0 -999 -999 "" "" "" "" 0 0 0.0 0.0 -999 ""
FIBERMAP 388 R+2C3 BOSS 1 1 0 1 0 0 -231.2752994018769 59.297237469543354 143.1 -218.36092498732108 96.45132312413855 181.07095 24.665848 209.86928775193564 15.110289455398936 -0.3983472 0.115017846 -0.3414407 209.86928658304276 15.11028978123345 209.86064095615905 14.98375612115792 57.06812201696101 244.65175937769973 5400.0 5400.0 2016.0 1 60 {-999.0 19.057665 19.07366 18.820627 18.833464} sdss_psfmag 19.078808 18.957684 18.569653 -999.0 63050394841214347 1060310454 dark_flexible_2x2 bhm_aqmes_bonus_core bhm_filler science 0 0 0.0 0.0 -999 ""
FIBERMAP 388 R+2C3 METROLOGY 0 0 0 1 0 0 -231.29743731263454 58.55824617821704 143.1 -218.5040812611179 95.72612521868065 181.07095 24.665848 -999.0 -999.0 -999.0 -999.0 -999.0 209.86865388975914 15.107026128666412 209.8599826875586 14.980469499606672 57.06559259240128 244.64772599191454 -999.0 6231.0 -999.0 -1 -999 {-999.0 -999.0 -999.0 -999.0 -999.0} "" -999.0 -999.0 -999.0 -999.0 -999 -999 "" "" "" "" 0 0 0.0 0.0 -999 ""
FIBERMAP 394 R-1C26 APOGEE 0 0 0 1 0 0 260.1872268115874 -14.975009462751897 143.1 254.1519291627328 -57.48496247301935 217.98305 53.94372 -999.0 -999.0 -999.0 -999.0 -999.0 212.08081691965668 14.409805998975054 212.07110706156857 14.286047897308924 58.28041236802679 241.1068317259318 -999.0 16600.0 -999.0 2 240 {-999.0 -999.0 -999.0 -999.0 -999.0} "" -999.0 -999.0 -999.0 -999.0 -999 -999 "" "" "" "" 0 0 0.0 0.0 -999 ""
FIBERMAP 394 R-1C26 BOSS 1 1 0 1 0 0 260.1555138232564 -14.232817297972161 143.1 254.24250032518972 -56.747766812810816 217.98305 53.94372 212.08122211270677 14.413074023660766 -14.236702 -7.273679 0.2028541 212.08118047088195 14.413053418023399 212.07156466276103 14.289376950320564 58.28291401252095 241.11109382831773 5400.0 5400.0 2016.0 1 262 {-999.0 17.5752 17.367374 17.255062 -999.0} sdss_psfmag 17.552988 17.320919 16.93509 16.133 63050394841198281 975760490 "" ops_std_eboss ops_std standard_boss 0 0 0.0 0.0 -999 ""
FIBERMAP 394 R-1C26 METROLOGY 0 0 0 1 0 0 260.8268126120909 -14.571477004128214 143.1 254.8489718475623 -57.19198034305785 217.98305 53.94372 -999.0 -999.0 -999.0 -999.0 -999.0 212.08397721403253 14.411060323643149 212.07433383469424 14.287364644496655 58.28364417781377 241.10486674573065 -999.0 6231.0 -999.0 -1 -999 {-999.0 -999.0 -999.0 -999.0 -999.0} "" -999.0 -999.0 -999.0 -999.0 -999 -999 "" "" "" "" 0 0 0.0 0.0 -999 ""
FIBERMAP 396 R+11C2 APOGEE 0 0 0 1 0 0 -158.5563520970704 220.7605532042747 143.1 -120.13366946472532 243.7564840143167 161.20699 104.32271 -999.0 -999.0 -999.0 -999.0 -999.0 210.33060533501234 15.776742068614679 210.3205456389063 15.650482742776767 57.82754408915146 245.1239822982131 -999.0 16600.0 -999.0 2 -999 {-999.0 -999.0 -999.0 -999.0 -999.0} "" -999.0 -999.0 -999.0 -999.0 -999 -999 "" "" "" "" 0 0 0.0 0.0 -999 ""
FIBERMAP 396 R+11C2 BOSS 1 1 0 1 0 0 -158.51454033090306 221.505560136205 143.1 -119.9701221844514 244.48438494001235 161.20699 104.32271 210.33128146998067 15.7799171888245 0.6518014 0.22249252 0.05262766 210.33128338878473 15.779917819124433 210.32132443647504 15.653736814782194 57.830123864812954 245.12796469294923 5400.0 5400.0 2016.0 1 17 {-999.0 20.851818 20.744246 20.610573 20.58099} sdss_psfmag_from_gaiadr2 20.32691 20.748734 20.019655 -999.0 63050394841223620 1129369187 dark_flexible_3x1 bhm_gua_dark_d3 bhm_filler science 0 0 0.0 0.0 -999 ""
FIBERMAP 396 R+11C2 METROLOGY 0 0 0 1 0 0 -157.89174481950099 221.0996094637857 143.1 -119.42253454878364 243.98176844066177 161.20699 104.32271 -999.0 -999.0 -999.0 -999.0 -999.0 210.33386636779255 15.777715931594214 210.32387812300487 15.651516355357169 57.830717033057205 245.1218425696346 -999.0 6231.0 -999.0 -1 -999 {-999.0 -999.0 -999.0 -999.0 -999.0} "" -999.0 -999.0 -999.0 -999.0 -999 -999 "" "" "" "" 0 0 0.0 0.0 -999 ""
FIBERMAP 402 R+12C13 APOGEE 0 0 0 1 0 0 102.79825016494352 245.06451360717065 143.1 141.618148208273 224.81887053371906 142.31018 100.37635 -999.0 -999.0 -999.0 -999.0 -999.0 211.56049701389256 15.689721798797832 211.54944321597577 15.564965356741157 58.70646837690161 243.60794759067664 -999.0 16600.0 -999.0 2 -999 {-999.0 -999.0 -999.0 -999.0 -999.0} "" -999.0 -999.0 -999.0 -999.0 -999 -999 "" "" "" "" 0 0 0.0 0.0 -999 ""
FIBERMAP 402 R+12C13 BOSS 1 1 0 1 0 0 103.14474422641824 245.73611485535616 143.1 142.07013805054697 225.42435416498373 142.31018 100.37635 211.5625085836001 15.692336014369598 -0.9069522 -0.41510814 0.15309559 211.5625059148207 15.692334838408055 211.5515473824855 15.567657538883935 58.709731609457016 243.60956769457502 5400.0 5400.0 2016.0 1 100 {-999.0 18.087837 17.345903 17.01318 -999.0} sdss_psfmag 17.879715 17.353018 16.66541 15.219 63050394841220956 1150531411 dark_flexible_3x1 manual_mwm_halo_distant_kgiant_far_boss_triple mwm_halo science 0 0 0.0 0.0 -999 ""
FIBERMAP 402 R+12C13 METROLOGY 0 0 0 1 0 0 103.54315138850279 245.10675277917625 143.1 142.35974380485308 224.738236095927 142.31018 100.37635 -999.0 -999.0 -999.0 -999.0 -999.0 211.5638969015113 15.689271014015452 211.55291288391766 15.564574332300733 58.70883804851016 243.60334726827705 -999.0 6231.0 -999.0 -1 -999 {-999.0 -999.0 -999.0 -999.0 -999.0} "" -999.0 -999.0 -999.0 -999.0 -999 -999 "" "" "" "" 0 0 0.0 0.0 -999 ""
FIBERMAP 404 R+1C23 APOGEE 0 0 0 1 0 0 201.02947330071407 25.818485202557245 143.1 202.5046243006007 -7.5401289496856885 153.0141 115.70104 -999.0 -999.0 -999.0 -999.0 -999.0 211.84351384759148 14.637090795474673 211.83368583574293 14.51297387674019 58.25197530429283 241.7186938071937 -999.0 16600.0 -999.0 2 -999 {-999.0 -999.0 -999.0 -999.0 -999.0} "" -999.0 -999.0 -999.0 -999.0 -999 -999 "" "" "" "" 0 0 0.0 0.0 -999 ""
FIBERMAP 404 R+1C23 BOSS 1 1 0 1 0 0 201.032416727922 26.568774845102087 143.1 202.63070484629353 -6.80063678858452 153.0141 115.70104 211.844068911786 14.640360452566457 0.4598046 0.07549167 0.49876893 211.8440702580806 14.640360666427096 211.83433706280127 14.51632494279151 58.25461604482334 241.72279373135615 5400.0 5400.0 2016.0 1 182 {-999.0 19.65048 19.48465 19.342829 19.249651} sdss_psfmag_from_gaiadr2 19.636187 19.478907 19.067583 -999.0 63050394841198696 1129368844 dark_flexible_3x1 bhm_gua_dark_d3 bhm_filler science 0 0 0.0 0.0 -999 ""
FIBERMAP 404 R+1C23 METROLOGY 0 0 0 1 0 0 201.67958222264656 26.184573129339284 143.1 203.20589805014757 -7.285804217067132 153.0141 115.70104 -999.0 -999.0 -999.0 -999.0 -999.0 211.84675077976968 14.638168899325109 211.8369900416733 14.514114026949605 58.255156481482715 241.71643530472232 -999.0 6231.0 -999.0 -1 -999 {-999.0 -999.0 -999.0 -999.0 -999.0} "" -999.0 -999.0 -999.0 -999.0 -999 -999 "" "" "" "" 0 0 0.0 0.0 -999 ""
FIBERMAP 409 R+9C6 APOGEE 0 0 0 1 0 0 -84.9868743357856 160.4915657448819 143.1 -57.47011601467237 172.2378663561673 262.32996 99.57302 -999.0 -999.0 -999.0 -999.0 -999.0 210.62386935946088 15.456905655724071 210.6139773399542 15.331080703473846 57.85444024805777 244.32412226321043 -999.0 16600.0 -999.0 2 17 {-999.0 -999.0 -999.0 -999.0 -999.0} "" -999.0 -999.0 -999.0 -999.0 -999 -999 "" "" "" "" 0 0 0.0 0.0 -999 ""
FIBERMAP 409 R+9C6 BOSS 1 1 0 1 0 0 -85.73110545250672 160.46443345090196 143.1 -58.20857056925744 172.33328998368307 262.32996 99.57302 210.6202697753906 15.45730186317617 -999.0 -999.0 -999.0 210.62026977539057 15.457301863176172 210.6104849737171 15.331551901033427 57.852084954527626 244.32873276411024 5400.0 5400.0 2015.5 1 147 {-999.0 -999.0 -999.0 -999.0 -999.0} "" -999.0 -999.0 -999.0 -999.0 27021603099614651 806483322 "" ops_sky_boss_good ops_sky sky_boss 0 0 0.0 0.0 -999 ""
FIBERMAP 409 R+9C6 METROLOGY 0 0 0 1 0 0 -85.39071813342784 161.1362440046863 143.1 -57.76256915744405 172.93998260771892 262.32996 99.57302 -999.0 -999.0 -999.0 -999.0 -999.0 210.62240939152028 15.460057976169445 210.61258934486318 15.33428729825285 57.85537136523115 244.33041416305997 -999.0 6231.0 -999.0 -1 -999 {-999.0 -999.0 -999.0 -999.0 -999.0} "" -999.0 -999.0 -999.0 -999.0 -999 -999 "" "" "" "" 0 0 0.0 0.0 -999 ""
FIBERMAP 410 R-2C2 APOGEE 0 0 0 1 0 0 -230.7658296276054 -25.188321403166366 143.1 -231.72873813241102 13.043547811613154 100.7015 42.14343 -999.0 -999.0 -999.0 -999.0 -999.0 209.80770228262662 14.732279838977716 209.7995031910997 14.605697566646501 56.78727355707707 244.17548819997813 -999.0 16600.0 -999.0 2 -999 {-999.0 -999.0 -999.0 -999.0 -999.0} "" -999.0 -999.0 -999.0 -999.0 -999 -999 "" "" "" "" 0 0 0.0 0.0 -999 ""
FIBERMAP 410 R-2C2 BOSS 1 1 0 1 0 0 -230.15083360225734 -25.62486031260312 143.1 -231.19386453714785 12.51204404038523 100.7015 42.14343 209.8100435521987 14.729799633624367 -999.0 -999.0 -999.0 209.81004355219866 14.729799633624364 209.80195369395724 14.603304068170052 56.787637012477454 244.16937285289723 5400.0 5400.0 2016.0 1 435 {-999.0 21.76186 21.379217 20.940948 20.579996} sdss_psfmag_from_lsdr10 21.43002 20.840422 20.310032 -999.0 63050394841213247 1059083985 dark_flexible_2x2 bhm_spiders_agn_lsdr10 bhm_spiders science 0 0 0.0 0.0 -999 ""
FIBERMAP 410 R-2C2 METROLOGY 0 0 0 1 0 0 -230.83852298366602 -25.93086948679224 143.1 -231.92233879522624 12.323141867174503 100.7015 42.14343 -999.0 -999.0 -999.0 -999.0 -999.0 209.80670981378378 14.728953018827202 209.79859343465614 14.602430230738188 56.7845491805543 244.17182413405936 -999.0 6231.0 -999.0 -1 -999 {-999.0 -999.0 -999.0 -999.0 -999.0} "" -999.0 -999.0 -999.0 -999.0 -999 -999 "" "" "" "" 0 0 0.0 0.0 -999 ""
FIBERMAP 415 R-2C4 APOGEE 0 0 0 1 0 0 -185.8569659183739 -44.5787958186859 143.1 -190.62063721311716 -13.453204966516697 8.439691 87.44562 -999.0 -999.0 -999.0 -999.0 -999.0 209.9990576792946 14.61266048296426 209.9908503269246 14.486333176184555 56.85727999746682 243.79370035539355 -999.0 16600.0 -999.0 2 -999 {-999.0 -999.0 -999.0 -999.0 -999.0} "" -999.0 -999.0 -999.0 -999.0 -999 -999 "" "" "" "" 0 0 0.0 0.0 -999 ""
FIBERMAP 415 R-2C4 BOSS 1 1 0 1 0 0 -185.767668334077 -45.310977481880954 143.1 -190.65277193856346 -14.189981597128547 8.439691 87.44562 209.99875779038325 14.609227488957766 -999.0 -999.0 -999.0 209.99875779038322 14.609227488957766 209.99066251602284 14.482984379589311 56.85503941094509 243.7891361494882 5400.0 5400.0 2016.0 1 474 {-999.0 21.165415 21.069195 21.018278 20.981445} sdss_psfmag_from_lsdr10 20.565693 20.36889 19.58911 -999.0 63050394841209096 1059082732 dark_flexible_2x2 bhm_spiders_agn_lsdr10 bhm_spiders science 0 0 0.0 0.0 -999 ""
FIBERMAP 415 R-2C4 METROLOGY 0 0 0 1 0 0 -186.46257532339905 -45.01457010550986 143.1 -191.28946382647172 -13.783563714991374 8.439691 87.44562 -999.0 -999.0 -999.0 -999.0 -999.0 209.99582704446212 14.611091025508268 209.9877014968099 14.484820297280457 56.85395616482827 243.7950390175044 -999.0 6231.0 -999.0 -1 -999 {-999.0 -999.0 -999.0 -999.0 -999.0} "" -999.0 -999.0 -999.0 -999.0 -999 -999 "" "" "" "" 0 0 0.0 0.0 -999 ""
FIBERMAP 417 R+13C12 APOGEE 0 0 0 1 0 0 117.81338444889109 260.2868566281691 143.1 158.92597250287898 237.3668664016297 69.20684 64.95503 -999.0 -999.0 -999.0 -999.0 -999.0 211.6411741162023 15.744812106756639 211.62997060378962 15.620139830841005 58.80151219040757 243.59792363862894 -999.0 16600.0 -999.0 2 93 {-999.0 -999.0 -999.0 -999.0 -999.0} "" -999.0 -999.0 -999.0 -999.0 -999 -999 "" "" "" "" 0 0 0.0 0.0 -999 ""
FIBERMAP 417 R+13C12 BOSS 1 1 0 1 0 0 118.34305550400019 259.76009644791196 143.1 159.36188216183498 236.7603897217004 69.20684 64.95503 211.6431096650828 15.741989320721984 0.4325969 1.1501328 0.5171132 211.64311093834425 15.741992578937722 211.6320100959825 15.617400577877216 58.80134107340798 243.59142491540166 5400.0 5400.0 2016.0 1 92 {-999.0 20.99922 20.612753 20.24894 19.944046} sdss_psfmag_from_gaiadr2 21.060654 20.72601 19.952618 -999.0 63050394841221572 1129369160 dark_flexible_3x1 bhm_gua_dark_d3 bhm_filler science 0 0 0.0 0.0 -999 ""
FIBERMAP 417 R+13C12 METROLOGY 0 0 0 1 0 0 117.63029735911836 259.56009844082377 143.1 158.62608797210447 236.68015700109783 69.20684 64.95503 -999.0 -999.0 -999.0 -999.0 -999.0 211.6397073660931 15.74170097012769 211.62858151898388 15.617082987740126 58.798560874086526 243.59491833356742 -999.0 6231.0 -999.0 -1 -999 {-999.0 -999.0 -999.0 -999.0 -999.0} "" -999.0 -999.0 -999.0 -999.0 -999 -999 "" "" "" "" 0 0 0.0 0.0 -999 ""
FIBERMAP 422 R+8C8 APOGEE 0 0 0 1 0 0 -36.264754235460984 173.43924694872425 143.1 -7.292115521766626 177.00868065778403 118.94282 49.59031 -999.0 -999.0 -999.0 -999.0 -999.0 210.86036367035612 15.478576816043416 210.85023013995794 15.353028367931028 58.046903493352524 244.09066007398445 -999.0 16600.0 -999.0 2 -999 {-999.0 -999.0 -999.0 -999.0 -999.0} "" -999.0 -999.0 -999.0 -999.0 -999 -999 "" "" "" "" 0 0 0.0 0.0 -999 ""
FIBERMAP 422 R+8C8 BOSS 1 1 0 1 0 0 -35.52016998978169 173.30472365670502 143.1 -6.5798522356215585 176.7537657529762 118.94282 49.59031 210.86370123790115 15.477418675989115 -29.93785 -6.862402 2.3895478 210.86361323550628 15.477399235445759 210.85358235339174 15.351934146719248 58.04876018110761 244.08524904244788 5400.0 5400.0 2016.0 1 132 {-999.0 20.48466 20.661118 20.741844 -999.0} sdss_psfmag 20.699556 20.487637 20.424847 -999.0 63050394841219044 1092543625 dark_flexible_2x1 mwm_cb_galex_vol_boss mwm_cb science 0 0 0.0 0.0 -999 ""
FIBERMAP 422 R+8C8 METROLOGY 0 0 0 1 0 0 -36.00682877304118 172.73914950097333 143.1 -7.152673126539572 176.27586297251818 118.94282 49.59031 -999.0 -999.0 -999.0 -999.0 -999.0 210.86093986949723 15.47525623968404 210.85088461946827 15.349766030728338 58.045374727679174 244.0850855092291 -999.0 6231.0 -999.0 -1 -999 {-999.0 -999.0 -999.0 -999.0 -999.0} "" -999.0 -999.0 -999.0 -999.0 -999 -999 "" "" "" "" 0 0 0.0 0.0 -999 ""
FIBERMAP 423 R-11C2 APOGEE 0 0 0 1 0 0 -135.2301717607334 -198.90424253970124 143.1 -166.02593999709558 -173.96870779720535 90.16718 76.29386 -999.0 -999.0 -999.0 -999.0 -999.0 210.11775294059666 13.885884498826147 210.11040903548349 13.759898200313842 56.487103772159465 242.63664165492497 -999.0 16600.0 -999.0 2 -999 {-999.0 -999.0 -999.0 -999.0 -999.0} "" -999.0 -999.0 -999.0 -999.0 -999 -999 "" "" "" "" 0 0 0.0 0.0 -999 ""
FIBERMAP 423 R-11C2 BOSS 1 1 0 1 0 0 -134.42364885648365 -199.15069573514236 143.1 -165.27096543441132 -174.34418258100217 90.16718 76.29386 210.12114241668712 13.884077302369002 -0.027143281 -1.3878365 -1.1672685 210.1211423374786 13.884073370761554 210.11390497691784 13.758178021346653 56.488614535301856 242.6303134385267 5400.0 5400.0 2016.0 1 428 {-999.0 20.163612 20.09316 19.899273 19.707348} sdss_psfmag_from_lsdr10 20.239534 20.238861 19.563824 -999.0 63050394841204615 1059080223 dark_flexible_2x2 bhm_spiders_agn_lsdr10 bhm_spiders science 0 0 0.0 0.0 -999 ""
FIBERMAP 423 R-11C2 METROLOGY 0 0 0 1 0 0 -135.00849016109692 -199.6166463920872 143.1 -165.92426360339857 -174.7077124334491 90.16718 76.29386 -999.0 -999.0 -999.0 -999.0 -999.0 210.11816071454032 13.882479002725097 210.11089770524677 13.75655611536746 56.48533162053494 242.6314381869612 -999.0 6231.0 -999.0 -1 -999 {-999.0 -999.0 -999.0 -999.0 -999.0} "" -999.0 -999.0 -999.0 -999.0 -999 -999 "" "" "" "" 0 0 0.0 0.0 -999 ""
FIBERMAP 425 R-10C2 APOGEE 0 0 0 1 0 0 -146.59067690242955 -183.50615408747842 143.1 -174.7023158825804 -156.91720476734693 59.17018 104.498436 -999.0 -999.0 -999.0 -999.0 -999.0 210.0768531760097 13.962839200936605 210.0694414680188 13.836783579406177 56.505589160193004 242.7898556176164 -999.0 16600.0 -999.0 2 -999 {-999.0 -999.0 -999.0 -999.0 -999.0} "" -999.0 -999.0 -999.0 -999.0 -999 -999 "" "" "" "" 0 0 0.0 0.0 -999 ""
FIBERMAP 425 R-10C2 BOSS 1 1 0 1 0 0 -145.89276489370718 -183.70154106300527 143.1 -174.04607542532685 -157.22448432259952 59.17018 104.498436 210.07987109607555 13.9615625639393 -32.334103 -80.17594 2.1886714 210.07977670833597 13.961335433175718 210.07247202314775 13.835369942449589 56.50695378302461 242.78448141467874 5400.0 5400.0 2016.0 1 427 {-999.0 20.647236 19.203499 18.02048 -999.0} sdss_psfmag 19.965778 18.718256 17.596977 15.489 63050394841204700 1136102617 dark_flexible_3x1 mwm_halo_local_high_boss_triple mwm_halo science 0 0 0.0 0.0 -999 ""
FIBERMAP 425 R-10C2 METROLOGY 0 0 0 1 0 0 -146.4110353466218 -184.2303024783064 143.1 -174.64402974775555 -157.66089063376646 59.17018 104.498436 -999.0 -999.0 -999.0 -999.0 -999.0 210.07705546375715 13.959407565410126 210.0697249567878 13.833414924070663 56.503652426458295 242.78483639186655 -999.0 6231.0 -999.0 -1 -999 {-999.0 -999.0 -999.0 -999.0 -999.0} "" -999.0 -999.0 -999.0 -999.0 -999 -999 "" "" "" "" 0 0 0.0 0.0 -999 ""
FIBERMAP 428 R+3C23 APOGEE 0 0 0 1 0 0 234.27572708696104 73.36946648962868 143.1 243.10044608638017 33.89901825186861 110.57824 100.40119 -999.0 -999.0 -999.0 -999.0 -999.0 212.0328468689792 14.82376952940532 212.02259412985927 14.69983640336515 58.51214837936189 241.7671178579726 -999.0 16600.0 -999.0 2 -999 {-999.0 -999.0 -999.0 -999.0 -999.0} "" -999.0 -999.0 -999.0 -999.0 -999 -999 "" "" "" "" 0 0 0.0 0.0 -999 ""
FIBERMAP 428 R+3C23 BOSS 1 1 0 1 0 0 234.89749859472005 73.73933792605551 143.1 243.77439312838425 34.16172673102334 110.57824 100.40119 212.03589456606133 14.824857352418759 -999.0 -999.0 -999.0 212.03589456606136 14.824857352418755 212.0257366546182 14.701008155435687 58.51522990333969 241.76509422287623 5400.0 5400.0 2016.0 1 186 {-999.0 21.149921 21.282951 20.982882 20.850822} sdss_psfmag 20.813736 20.900177 20.010746 -999.0 63050394841201902 1060491884 dark_flexible_2x2 bhm_aqmes_bonus_faint bhm_filler science 0 0 0.0 0.0 -999 ""
FIBERMAP 428 R+3C23 METROLOGY 0 0 0 1 0 0 234.92333743559416 72.99897652099921 143.1 243.67832913251158 33.42730104164741 110.57824 100.40119 -999.0 -999.0 -999.0 -999.0 -999.0 212.03545717639906 14.82155758373394 212.02527629393342 14.697685973496835 58.51275271068467 241.76077087746592 -999.0 6231.0 -999.0 -1 -999 {-999.0 -999.0 -999.0 -999.0 -999.0} "" -999.0 -999.0 -999.0 -999.0 -999 -999 "" "" "" "" 0 0 0.0 0.0 -999 ""
FIBERMAP 432 R+11C15 APOGEE 0 0 0 1 0 0 140.5332555745019 220.018932782724 143.1 174.72259212623607 193.92250874455044 70.17923 159.93782 -999.0 -999.0 -999.0 -999.0 -999.0 211.71553961007314 15.549499566366785 211.70454349940087 15.424972458754386 58.73554951926466 243.21752315432926 -999.0 16600.0 -999.0 2 -999 {-999.0 -999.0 -999.0 -999.0 -999.0} "" -999.0 -999.0 -999.0 -999.0 -999 -999 "" "" "" "" 0 0 0.0 0.0 -999 ""
FIBERMAP 432 R+11C15 BOSS 1 1 0 1 0 0 140.98290874230437 220.58555468561045 143.1 175.25908813093378 194.40752020549317 70.17923 159.93782 211.7174453954787 15.551578645603161 -7.4386625 -0.92686677 0.0805525 211.71794381215892 15.5515760198775 211.7070427607937 15.427129104810954 58.738778695158715 243.21784679277377 5400.0 5400.0 2016.0 1 178 {-999.0 14.925102 14.2173605 13.903608 -999.0} sdss_psfmag_from_g3xp 14.729755 14.223948 13.552189 12.16 63050394841219852 1133094584 dark_flexible_3x1 mwm_halo_vmp_xp_boss_triple mwm_halo science 0 0 1.80447256565094 0.0 -999 ""
FIBERMAP 432 R+11C15 METROLOGY 0 0 0 1 0 0 141.26911108713935 219.8957311389327 143.1 175.42810538661936 193.68019287456184 70.17923 159.93782 -999.0 -999.0 -999.0 -999.0 -999.0 211.71876713124152 15.548322490668088 211.7078415754413 15.423855444611561 58.73732443674227 243.21200366393933 -999.0 6231.0 -999.0 -1 -999 {-999.0 -999.0 -999.0 -999.0 -999.0} "" -999.0 -999.0 -999.0 -999.0 -999 -999 "" "" "" "" 0 0 0.0 0.0 -999 ""
FIBERMAP 436 R+4C3 APOGEE 0 0 0 1 0 0 -192.98792272752752 76.44393149611479 143.1 -177.78485515998423 107.07653335372635 311.63562 152.23595 -999.0 -999.0 -999.0 -999.0 -999.0 210.05849400405583 15.159749496814818 210.04950677893737 15.033340364226799 57.242198981347876 244.515844395274 -999.0 16600.0 -999.0 2 149 {-999.0 -999.0 -999.0 -999.0 -999.0} "" -999.0 -999.0 -999.0 -999.0 -999 -999 "" "" "" "" 0 0 0.0 0.0 -999 ""
FIBERMAP 436 R+4C3 BOSS 1 1 0 1 0 0 -192.81375527010448 75.72854921153815 143.1 -177.73052870974976 106.3423917868924 311.63562 152.23595 210.05859375 15.156370551490795 -999.0 -999.0 -999.0 210.05859374999997 15.156370551490793 210.0497178189355 15.030043723634186 57.24032091839334 244.51082310073406 5400.0 5400.0 2015.5 1 29 {-999.0 -999.0 -999.0 -999.0 -999.0} "" -999.0 -999.0 -999.0 -999.0 27021603099607288 817238929 "" ops_sky_boss_good ops_sky sky_boss 0 0 0.0 0.0 -999 ""
FIBERMAP 436 R+4C3 METROLOGY 0 0 0 1 0 0 -193.52774468563825 75.93689756492583 143.1 -178.4004976442006 106.66509402176075 311.63562 152.23595 -999.0 -999.0 -999.0 -999.0 -999.0 210.0555058344775 15.157830035205867 210.04660047052948 15.031476176923695 57.238840320502206 244.5163437500377 -999.0 6231.0 -999.0 -1 -999 {-999.0 -999.0 -999.0 -999.0 -999.0} "" -999.0 -999.0 -999.0 -999.0 -999 -999 "" "" "" "" 0 0 0.0 0.0 -999 ""
FIBERMAP 440 R+8C4 APOGEE 0 0 0 1 0 0 -123.35911967835166 136.43226935360724 143.1 -99.26475306973886 154.80901464203896 10.598164 28.00814 -999.0 -999.0 -999.0 -999.0 -999.0 210.42701108060245 15.377600001958612 210.4174028317252 15.251563466804164 57.65624253512894 244.4266891815065 -999.0 16600.0 -999.0 2 -999 {-999.0 -999.0 -999.0 -999.0 -999.0} "" -999.0 -999.0 -999.0 -999.0 -999 -999 "" "" "" "" 0 0 0.0 0.0 -999 ""
FIBERMAP 440 R+8C4 BOSS 1 1 0 1 0 0 -123.96553606479307 135.95020252010195 143.1 -99.94197557448196 154.43313221645442 10.598164 28.00814 210.4232328728141 15.375862163520662 -46.066113 -2.8724039 1.363913 210.42368719133418 15.375854026235404 210.41418984562628 15.249894046081893 57.65277384281797 244.42781644268896 5400.0 5400.0 2016.0 1 57 {-999.0 13.798379 13.453492 13.328553 -999.0} sdss_psfmag_from_g3xp 13.745315 13.455315 12.998477 12.197 63050394841222514 1135937649 dark_flexible_3x1 mwm_halo_local_high_boss_triple mwm_halo science 0 0 2.046808958053589 0.0 -999 ""
FIBERMAP 440 R+8C4 METROLOGY 0 0 0 1 0 0 -124.05855262739333 136.69199137867764 143.1 -99.91193145678112 155.17999452932452 10.598164 28.00814 -999.0 -999.0 -999.0 -999.0 -999.0 210.4238725174689 15.379244483952448 210.41434039304602 15.253261064147162 57.65496864108227 244.43259650354128 -999.0 6231.0 -999.0 -1 -999 {-999.0 -999.0 -999.0 -999.0 -999.0} "" -999.0 -999.0 -999.0 -999.0 -999 -999 "" "" "" "" 0 0 0.0 0.0 -999 ""
FIBERMAP 448 R+7C8 APOGEE 0 0 0 1 0 0 -48.319879843773876 136.2374040716703 143.1 -25.289071091425523 142.29738301630857 301.37286 164.40921 -999.0 -999.0 -999.0 -999.0 -999.0 210.77527745515042 15.321625167226697 210.76543428766865 15.19601788254097 57.88526015457108 243.95451289165004 -999.0 16600.0 -999.0 2 27 {-999.0 -999.0 -999.0 -999.0 -999.0} "" -999.0 -999.0 -999.0 -999.0 -999 -999 "" "" "" "" 0 0 0.0 0.0 -999 ""
FIBERMAP 448 R+7C8 BOSS 1 1 0 1 0 0 -48.13741472707744 135.5207733667275 143.1 -25.226766007414884 141.5606479364556 301.37286 164.40921 210.77545166015622 15.318263746738296 -999.0 -999.0 -999.0 210.7754516601562 15.318263746738296 210.7657168499891 15.192737368781405 57.88343244372589 243.94936303991662 5400.0 5400.0 2015.5 1 104 {-999.0 -999.0 -999.0 -999.0 -999.0} "" -999.0 -999.0 -999.0 -999.0 27021603099611154 806482864 "" ops_sky_boss_good ops_sky sky_boss 0 0 0.0 0.0 -999 ""
FIBERMAP 448 R+7C8 METROLOGY 0 0 0 1 0 0 -48.86306383146808 135.72128235427817 143.1 -25.90952135984712 141.87753278388598 301.37286 164.40921 -999.0 -999.0 -999.0 -999.0 -999.0 210.77226603245072 15.31971172799393 210.76250268617844 15.194158534218019 57.88188847620096 243.9550859625018 -999.0 6231.0 -999.0 -1 -999 {-999.0 -999.0 -999.0 -999.0 -999.0} "" -999.0 -999.0 -999.0 -999.0 -999 -999 "" "" "" "" 0 0 0.0 0.0 -999 ""
FIBERMAP 450 R+2C17 APOGEE 1 1 0 1 0 0 70.2076236527773 41.01269879609406 143.1 75.97567095135388 28.922673844717476 219.12228 62.26668 211.25171021353648 14.805371634121904 -8.821008 5.444412 3.2958777 211.25168436632458 14.805387057617658 211.24213155117806 14.680496730191523 57.919192160619104 242.6550669097082 16000.0 16600.0 2016.0 2 61 {-999.0 12.337826 11.8715925 11.748817 -999.0} sdss_psfmag_from_g3xp 12.248889 11.9127445 11.416323 10.549 63050394841216282 974688851 "" ops_std_apogee ops_std standard_apogee 0 0 0.0 0.0 -999 ""
FIBERMAP 450 R+2C17 BOSS 0 0 0 1 0 0 70.03869682826915 41.741832617775884 143.1 75.92877072717214 29.66951753357219 219.12228 62.26668 -999.0 -999.0 -999.0 -999.0 -999.0 211.25141129994557 14.808722308509312 211.24195580947298 14.683911918923272 57.92123099263469 242.6602356280228 -999.0 5400.0 -999.0 1 199 {-999.0 -999.0 -999.0 -999.0 -999.0} "" -999.0 -999.0 -999.0 -999.0 -999 -999 "" "" "" "" 0 0 0.0 0.0 -999 ""
FIBERMAP 450 R+2C17 METROLOGY 0 0 0 1 0 0 70.75672879451459 41.52895415583607 143.1 76.60198291609242 29.341683786470174 219.12228 62.26668 -999.0 -999.0 -999.0 -999.0 -999.0 211.2545967367157 14.80723973604774 211.24511156647088 14.682410580357384 57.92263412696404 242.65440016726632 -999.0 6231.0 -999.0 -1 -999 {-999.0 -999.0 -999.0 -999.0 -999.0} "" -999.0 -999.0 -999.0 -999.0 -999 -999 "" "" "" "" 0 0 0.0 0.0 -999 ""
FIBERMAP 452 R+12C9 APOGEE 0 0 0 1 0 0 6.376628958844794 245.74687505265226 143.1 46.63406283950655 241.3217143888362 194.67322 49.543377 -999.0 -999.0 -999.0 -999.0 -999.0 211.11459717199625 15.767007111979362 211.1038381873301 15.64168599716356 58.41752406837989 244.2339232233125 -999.0 16600.0 -999.0 2 -999 {-999.0 -999.0 -999.0 -999.0 -999.0} "" -999.0 -999.0 -999.0 -999.0 -999 -999 "" "" "" "" 0 0 0.0 0.0 -999 ""
FIBERMAP 452 R+12C9 BOSS 1 1 0 1 0 0 6.671107884959221 246.4215850703385 143.1 47.03526297686595 241.93880355352943 194.67322 49.543377 211.1165601486504 15.769820498817804 -59.28004 -41.255848 1.4106672 211.1163856460269 15.769703624891626 211.1057240301465 15.644461558001135 58.420666703474694 244.23594910713513 5400.0 5400.0 2016.0 1 154 {-999.0 18.184315 17.025051 16.496822 -999.0} sdss_psfmag 17.71741 16.973982 16.135633 14.4 63050394841221310 1136102159 dark_flexible_3x1 mwm_halo_local_high_boss_triple mwm_halo science 0 0 0.0 0.0 -999 ""
FIBERMAP 452 R+12C9 METROLOGY 0 0 0 1 0 0 7.118880880696809 245.82253260362234 143.1 47.378531962408445 241.27447387157926 194.67322 49.543377 -999.0 -999.0 -999.0 -999.0 -999.0 211.11802918712763 15.76674287142891 211.1073409334898 15.641481562264424 58.420050286748385 244.22963761304004 -999.0 6231.0 -999.0 -1 -999 {-999.0 -999.0 -999.0 -999.0 -999.0} "" -999.0 -999.0 -999.0 -999.0 -999 -999 "" "" "" "" 0 0 0.0 0.0 -999 ""
FIBERMAP 455 R-2C17 APOGEE 0 0 0 1 0 0 79.75252091817904 -21.744518168088092 143.1 75.08629026209627 -34.53883619180744 168.96725 54.427387 -999.0 -999.0 -999.0 -999.0 -999.0 211.2466277417602 14.516411358271252 211.23747697771205 14.391594924885286 57.73145160152544 242.24261273585333 -999.0 16600.0 -999.0 2 238 {-999.0 -999.0 -999.0 -999.0 -999.0} "" -999.0 -999.0 -999.0 -999.0 -999 -999 "" "" "" "" 0 0 0.0 0.0 -999 ""
FIBERMAP 455 R-2C17 BOSS 1 1 0 1 0 0 80.23455837748857 -21.186829565532758 143.1 75.65325876064331 -34.06795186330021 168.96725 54.427387 211.24923706054688 14.518449073020847 -999.0 -999.0 -999.0 211.24923706054685 14.51844907302085 211.24018346587562 14.39371779026674 57.73482460258591 242.24252388029655 5400.0 5400.0 2015.5 1 303 {-999.0 -999.0 -999.0 -999.0 -999.0} "" -999.0 -999.0 -999.0 -999.0 27021603099595398 817238188 "" ops_sky_boss_good ops_sky sky_boss 0 0 0.0 0.0 -999 ""
FIBERMAP 455 R-2C17 METROLOGY 0 0 0 1 0 0 80.48059003546827 -21.90085678932387 143.1 75.77868395750798 -34.812555185652144 168.96725 54.427387 -999.0 -999.0 -999.0 -999.0 -999.0 211.24983626567303 14.51508414147547 211.2407578751771 14.390331140245118 57.73308383708756 242.2369833723326 -999.0 6231.0 -999.0 -1 -999 {-999.0 -999.0 -999.0 -999.0 -999.0} "" -999.0 -999.0 -999.0 -999.0 -999 -999 "" "" "" "" 0 0 0.0 0.0 -999 ""
FIBERMAP 463 R+8C11 APOGEE 0 0 0 1 0 0 16.123500608635613 136.51284953346052 143.1 38.31362553017909 131.98915474334535 298.3282 62.367886 -999.0 -999.0 -999.0 -999.0 -999.0 211.0751136759434 15.274461642785244 211.06506888792285 15.149227725714047 58.08203526542014 243.54515496735849 -999.0 16600.0 -999.0 2 -999 {-999.0 -999.0 -999.0 -999.0 -999.0} "" -999.0 -999.0 -999.0 -999.0 -999 -999 "" "" "" "" 0 0 0.0 0.0 -999 ""
FIBERMAP 463 R+8C11 BOSS 1 1 0 1 0 0 15.369039944966001 136.50047935599173 143.1 37.56750560093419 132.1008169714488 298.3282 62.367886 211.07151069297686 15.274952730865621 -0.16645928 -0.099926494 -0.78507364 211.07151020414454 15.274952447783457 211.06157067654513 15.149793665404628 58.07975589135757 243.5499866328771 5400.0 5400.0 2016.0 1 134 {-999.0 19.529392 19.110031 19.041462 -999.0} sdss_psfmag 19.486824 19.248024 18.722435 -999.0 63050394841218443 1092377608 dark_flexible_2x1 mwm_cb_galex_vol_boss mwm_cb science 0 0 0.0 0.0 -999 ""
FIBERMAP 463 R+8C11 METROLOGY 0 0 0 1 0 0 15.736585715105402 137.15078279460647 143.1 38.03676122029793 132.68183944459048 298.3282 62.367886 -999.0 -999.0 -999.0 -999.0 -999.0 211.07375179373267 15.277592743733612 211.06377757228097 15.15241336978597 58.08305676878028 243.55133001373352 -999.0 6231.0 -999.0 -1 -999 {-999.0 -999.0 -999.0 -999.0 -999.0} "" -999.0 -999.0 -999.0 -999.0 -999 -999 "" "" "" "" 0 0 0.0 0.0 -999 ""
FIBERMAP 466 R+5C5 APOGEE 0 0 0 1 0 0 -128.17138426416238 100.29843541386118 143.1 -109.94307676453684 119.96195906521669 45.97449 76.96688 -999.0 -999.0 -999.0 -999.0 -999.0 210.37649946563752 15.219682406553035 210.36714918252517 15.093629617947645 57.52037805578539 244.25131160815485 -999.0 16600.0 -999.0 2 128 {-999.0 -999.0 -999.0 -999.0 -999.0} "" -999.0 -999.0 -999.0 -999.0 -999 -999 "" "" "" "" 0 0 0.0 0.0 -999 ""
FIBERMAP 466 R+5C5 BOSS 1 1 0 1 0 0 -127.77556903019615 99.66732193091383 143.1 -109.65631484141095 119.27453919160531 45.97449 76.96688 210.37780244054287 15.216546393941718 -36.16448 -4.8699446 0.425539 210.37769626771313 15.216532597831335 210.3684547965858 15.090562750000434 57.519464797777644 244.24537571754374 5400.0 5400.0 2016.0 1 42 {-999.0 16.721848 16.38837 16.272242 -999.0} sdss_psfmag 16.659328 16.387573 15.955032 15.102 63050394841218147 976203709 "" ops_std_boss ops_std standard_boss 0 0 0.0 0.0 -999 ""
FIBERMAP 466 R+5C5 METROLOGY 0 0 0 1 0 0 -128.52382257122207 99.63515261779897 143.1 -110.39956346836547 119.36565541897318 45.97449 76.96688 -999.0 -999.0 -999.0 -999.0 -999.0 210.37424149654132 15.21694831945801 210.36497260658666 15.090951411937365 57.51706852036322 244.24982649968334 -999.0 6231.0 -999.0 -1 -999 {-999.0 -999.0 -999.0 -999.0 -999.0} "" -999.0 -999.0 -999.0 -999.0 -999 -999 "" "" "" "" 0 0 0.0 0.0 -999 ""
FIBERMAP 469 R+1C6 APOGEE 0 0 0 1 0 0 -167.8080230443349 9.463627645847888 143.1 -163.94748659268873 36.88314020993242 241.76964 142.87119 -999.0 -999.0 -999.0 -999.0 -999.0 210.12308590287884 14.84164765738193 210.11446582737437 14.715401588656777 57.09388894480019 243.98437203784823 -999.0 16600.0 -999.0 2 -999 {-999.0 -999.0 -999.0 -999.0 -999.0} "" -999.0 -999.0 -999.0 -999.0 -999 -999 "" "" "" "" 0 0 0.0 0.0 -999 ""
FIBERMAP 469 R+1C6 BOSS 1 1 0 1 0 0 -168.4834025761629 9.133046528858847 143.1 -164.6678542837204 36.6679829354527 241.76964 142.87119 210.11916948950656 14.840652846847354 -34.6331 -22.618797 1.1140095 210.1195544590163 14.840588769943718 210.11104577962823 14.71442141239494 57.09069274242941 243.9867625145125 5400.0 5400.0 2016.0 1 20 {-999.0 14.702642 14.324662 14.195704 -999.0} sdss_psfmag_from_g3xp 14.639141 14.335568 13.863311 13.031 63050394841209758 1135937589 dark_flexible_3x1 mwm_halo_local_high_boss_triple mwm_halo science 0 0 1.6928634643554688 0.0 -999 ""
FIBERMAP 469 R+1C6 METROLOGY 0 0 0 1 0 0 -168.43033006190322 9.875205046098442 143.1 -164.49366869096804 37.39122588867592 241.76964 142.87119 -999.0 -999.0 -999.0 -999.0 -999.0 210.12040679963684 14.843898535742584 210.111862578706 14.717707819870544 57.093361031194355 243.99058142625768 -999.0 6231.0 -999.0 -1 -999 {-999.0 -999.0 -999.0 -999.0 -999.0} "" -999.0 -999.0 -999.0 -999.0 -999 -999 "" "" "" "" 0 0 0.0 0.0 -999 ""
FIBERMAP 481 R+7C10 APOGEE 1 1 0 1 0 0 7.191735330880465 132.43323485520048 143.1 28.834881331264935 129.43198066090523 30.74126 67.901375 211.03045216429916 15.26297627090945 -13.141109 3.9884162 0.5301616 211.03041357568756 15.262987569706345 211.02042417260728 15.13770286312053 58.04120887066784 243.57913639656812 16000.0 16600.0 2016.0 2 30 {-999.0 13.385716 12.602802 12.306479 -999.0} sdss_psfmag_from_g3xp 13.164286 12.635388 11.955039 10.507 63050394841218455 1107186562 bright_flexible_2x1 mwm_tess_rgb_apogee mwm_tessrgb science 0 0 0.0 0.0 -999 ""
FIBERMAP 481 R+7C10 BOSS 0 0 0 1 0 0 7.3379307554601 131.7064501136564 143.1 28.859748301009937 128.69118564994378 30.74126 67.901375 -999.0 -999.0 -999.0 -999.0 -999.0 211.03043629642178 15.259603072011288 211.02055447400005 15.134399030404861 58.039239874809915 243.57411873228537 -999.0 5400.0 -999.0 1 127 {-999.0 -999.0 -999.0 -999.0 -999.0} "" -999.0 -999.0 -999.0 -999.0 -999 -999 "" "" "" "" 0 0 0.0 0.0 -999 ""
FIBERMAP 481 R+7C10 METROLOGY 0 0 0 1 0 0 6.627515046741614 131.92653826888406 143.1 28.195231308418435 129.02487959182034 30.74126 67.901375 -999.0 -999.0 -999.0 -999.0 -999.0 211.027331753616 15.261136378962807 211.01742140020235 15.13590557326284 58.037823134151104 243.5799135663616 -999.0 6231.0 -999.0 -1 -999 {-999.0 -999.0 -999.0 -999.0 -999.0} "" -999.0 -999.0 -999.0 -999.0 -999 -999 "" "" "" "" 0 0 0.0 0.0 -999 ""
FIBERMAP 483 R+13C1 APOGEE 0 0 0 1 0 0 -167.322141523786 246.5358820911654 143.1 -124.54733268062225 270.6165880819374 269.17136 20.135538 -999.0 -999.0 -999.0 -999.0 -999.0 210.3106824638176 15.89611468414813 210.30047997076542 15.769799409093928 57.884897820827675 245.3239579110193 -999.0 16600.0 -999.0 2 135 {-999.0 -999.0 -999.0 -999.0 -999.0} "" -999.0 -999.0 -999.0 -999.0 -999 -999 "" "" "" "" 0 0 0.0 0.0 -999 ""
FIBERMAP 483 R+13C1 BOSS 1 1 0 1 0 0 -167.52734433997844 247.25259490483413 143.1 -124.63204940838149 271.35713706660147 269.17136 20.135538 210.3102141798745 15.899294407524183 0.30028382 -0.24120657 0.45353624 210.310215064387 15.899293724209121 210.30011448963344 15.773054980400701 57.886597713172364 245.32922250968076 5400.0 5400.0 2016.0 1 7 {-999.0 19.351976 19.029957 18.901352 18.922487} sdss_psfmag 19.366402 19.205477 18.74088 -999.0 63050394841224698 1128944572 dark_1x4 bhm_aqmes_wide1 bhm_aqmes science 0 0 0.0 0.0 -999 ""
FIBERMAP 483 R+13C1 METROLOGY 0 0 0 1 0 0 -166.80774212657101 247.09327437420214 143.1 -123.94849577225365 271.0818671959128 269.17136 20.135538 -999.0 -999.0 -999.0 -999.0 -999.0 210.31343262461246 15.898125228118179 210.30330068027695 15.771868481700794 57.88831098187274 245.3239438743839 -999.0 6231.0 -999.0 -1 -999 {-999.0 -999.0 -999.0 -999.0 -999.0} "" -999.0 -999.0 -999.0 -999.0 -999 -999 "" "" "" "" 0 0 0.0 0.0 -999 ""
FIBERMAP 488 R+13C8 APOGEE 0 0 0 1 0 0 -3.6950763006954723 246.69031637115725 143.1 36.85570148922747 243.90569202879192 217.34572 97.916595 -999.0 -999.0 -999.0 -999.0 -999.0 211.06859713247283 15.778752265487817 211.05786360974707 15.653372342217489 58.38991338648714 244.30363775797355 -999.0 16600.0 -999.0 2 37 {-999.0 -999.0 -999.0 -999.0 -999.0} "" -999.0 -999.0 -999.0 -999.0 -999 -999 "" "" "" "" 0 0 0.0 0.0 -999 ""
FIBERMAP 488 R+13C8 BOSS 1 1 0 1 0 0 -4.224143096290617 247.20381287298207 143.1 36.418210240180365 244.49898816305998 217.34572 97.916595 211.06642943960853 15.781391495420396 3.5511692 -11.94655 0.32294682 211.06643989378392 15.781357651989806 211.0558074573677 15.656051986846052 58.39000884384281 244.30999170029108 5400.0 5400.0 2016.0 1 166 {-999.0 17.654854 17.405752 17.337101 -999.0} sdss_psfmag 17.639761 17.379072 16.962137 16.394 63050394841221324 976203740 "" ops_std_boss ops_std standard_boss 0 0 0.0 0.0 -999 ""
FIBERMAP 488 R+13C8 METROLOGY 0 0 0 1 0 0 -3.504492732431686 247.41912595037866 143.1 37.16331622815485 244.59319389850376 217.34572 97.916595 -999.0 -999.0 -999.0 -999.0 -999.0 211.06997380388884 15.781781745648182 211.05930846493527 15.6564582337737 58.392912351557044 244.30663306862073 -999.0 6231.0 -999.0 -1 -999 {-999.0 -999.0 -999.0 -999.0 -999.0} "" -999.0 -999.0 -999.0 -999.0 -999 -999 "" "" "" "" 0 0 0.0 0.0 -999 ""
FIBERMAP 489 R-5C2 APOGEE 0 0 0 1 0 0 -216.1163943345374 -112.80419248429334 143.1 -231.66488210761983 -75.77291307781125 280.22705 94.61148 -999.0 -999.0 -999.0 -999.0 -999.0 209.81008281930468 14.3299604029006 209.80241225700865 14.203492519378347 56.537561523683664 243.60174344375693 -999.0 16600.0 -999.0 2 -999 {-999.0 -999.0 -999.0 -999.0 -999.0} "" -999.0 -999.0 -999.0 -999.0 -999 -999 "" "" "" "" 0 0 0.0 0.0 -999 ""
FIBERMAP 489 R-5C2 BOSS 1 1 0 1 0 0 -216.82574248325878 -112.99804356554442 143.1 -232.39630401693358 -75.84764320508229 280.22705 94.61148 209.8065726861721 14.32953068080524 -999.0 -999.0 -999.0 209.8065726861721 14.32953068080524 209.7990138324656 14.20314384830429 56.53478234098583 243.60501347945163 5400.0 5400.0 2016.0 1 487 {-999.0 20.961576 19.687193 19.185562 18.825306} sdss_fiber2mag_from_lsdr10 19.470604 20.71392 17.788631 15.734 63050394841208031 1058147990 dark_flexible_2x2 bhm_spiders_clusters_lsdr10 bhm_spiders science 0 0 0.0 0.0 -999 ""
FIBERMAP 489 R-5C2 METROLOGY 0 0 0 1 0 0 -216.64334497581083 -112.27600217562295 143.1 -232.09787396132572 -75.16547254899433 280.22705 94.61148 -999.0 -999.0 -999.0 -999.0 -999.0 209.80796440561807 14.332641894401005 209.80036965752845 14.20623170896645 56.537747404213 243.60786407202286 -999.0 6231.0 -999.0 -1 -999 {-999.0 -999.0 -999.0 -999.0 -999.0} "" -999.0 -999.0 -999.0 -999.0 -999 -999 "" "" "" "" 0 0 0.0 0.0 -999 ""
FIBERMAP 493 R+8C15 APOGEE 0 0 0 1 1 0 102.59161192371283 158.67216461754785 143.1 127.2310272347565 139.64808366093575 130.1632 143.35466 -999.0 -999.0 -999.0 -999.0 -999.0 211.4935155964313 15.30703629018167 211.48305557905587 15.182302609848515 58.41687401438476 243.11292207553382 -999.0 16600.0 -999.0 2 78 {-999.0 -999.0 -999.0 -999.0 -999.0} "" -999.0 -999.0 -999.0 -999.0 -999 -999 "" "" "" "" 0 0 0.0 0.0 -999 ""
FIBERMAP 493 R+8C15 BOSS 1 0 0 1 1 0 102.54951586529502 159.4154232545805 143.1 127.31153314977892 140.3880357562237 130.1632 143.35466 211.51330112094428 15.35436171060475 -16.681076 -18.372705 0.177191 211.49383048504467 15.31034036803518 211.48346669558316 15.185685181158817 58.41931115198023 243.11746457771585 5400.0 5400.0 2016.0 1 230 {-999.0 17.22521 16.914091 16.781164 -999.0} sdss_psfmag 17.179728 16.897131 16.47488 15.408 63050394841219626 980448269 "" ops_std_boss_tic ops_std standard_boss 0 0 0.0 0.0 -999 ""
FIBERMAP 493 R+8C15 METROLOGY 0 0 0 1 1 0 103.21669372840766 159.08344890094335 143.1 127.91503795376806 139.95109222107826 130.1632 143.35466 -999.0 -999.0 -999.0 -999.0 -999.0 211.4966830882747 15.308358059943135 211.4862908780691 15.183684525990405 58.42017015565603 243.11122027263582 -999.0 6231.0 -999.0 -1 -999 {-999.0 -999.0 -999.0 -999.0 -999.0} "" -999.0 -999.0 -999.0 -999.0 -999 -999 "" "" "" "" 0 0 0.0 0.0 -999 ""
FIBERMAP 495 R+5C10 APOGEE 0 0 0 1 0 0 -15.263361037541387 101.48813278630152 143.1 1.6081138867256406 102.59881055275302 58.526886 65.295494 -999.0 -999.0 -999.0 -999.0 -999.0 210.90186019739397 15.141422737933139 210.89215096740338 15.016016708234305 57.86844517107023 243.5464392346729 -999.0 16600.0 -999.0 2 7 {-999.0 -999.0 -999.0 -999.0 -999.0} "" -999.0 -999.0 -999.0 -999.0 -999 -999 "" "" "" "" 0 0 0.0 0.0 -999 ""
FIBERMAP 495 R+5C10 BOSS 1 1 0 1 0 0 -14.854154949735426 100.85688521126787 143.1 1.9080605649636364 101.90906000877116 58.526886 65.295494 210.90316772460938 15.138255913620995 -999.0 -999.0 -999.0 210.90316772460935 15.138255913620995 210.89356512359373 15.012932698485546 57.86757771106999 243.54031085052537 5400.0 5400.0 2015.5 1 129 {-999.0 -999.0 -999.0 -999.0 -999.0} "" -999.0 -999.0 -999.0 -999.0 27021603099610843 806482818 "" ops_sky_boss_good ops_sky sky_boss 0 0 0.0 0.0 -999 ""
FIBERMAP 495 R+5C10 METROLOGY 0 0 0 1 0 0 -15.59997004093941 100.82178272584724 143.1 1.166735317611952 101.99688305768699 58.526886 65.295494 -999.0 -999.0 -999.0 -999.0 -999.0 210.8997011339416 15.138673092250752 210.89007175799384 15.013322823511926 57.86519222843227 243.5448568906326 -999.0 6231.0 -999.0 -1 -999 {-999.0 -999.0 -999.0 -999.0 -999.0} "" -999.0 -999.0 -999.0 -999.0 -999 -999 "" "" "" "" 0 0 0.0 0.0 -999 ""
FIBERMAP 501 R+6C19 APOGEE 0 0 0 1 0 0 192.5705862063043 130.11652335879444 143.1 211.28498251406538 96.71284569559624 91.117096 63.522007 -999.0 -999.0 -999.0 -999.0 -999.0 211.88615370600283 15.109406596185666 211.8756255987771 14.985211820547388 58.58554970814788 242.3616632114919 -999.0 16600.0 -999.0 2 34 {-999.0 -999.0 -999.0 -999.0 -999.0} "" -999.0 -999.0 -999.0 -999.0 -999 -999 "" "" "" "" 0 0 0.0 0.0 -999 ""
FIBERMAP 501 R+6C19 BOSS 1 1 0 1 0 0 193.23424940002113 129.7882200042305 143.1 211.88562364520277 96.2800997093469 91.117096 63.522007 211.888910772655 15.10736734580868 -12.114004 -3.8833525 0.5125981 211.88887522633408 15.10735634464102 211.8784472266983 14.983244961455714 58.58639936298549 242.35542374605978 5400.0 5400.0 2016.0 1 195 {-999.0 16.532593 16.235485 16.09005 -999.0} sdss_psfmag 16.48458 16.207336 15.75332 14.977 63050394841202369 976659434 "" ops_std_boss ops_std standard_boss 0 0 0.0 0.0 -999 ""
FIBERMAP 501 R+6C19 METROLOGY 0 0 0 1 0 0 192.61056991350438 129.37192529075895 143.1 211.2021733874597 95.97191937432024 91.117096 63.522007 -999.0 -999.0 -999.0 -999.0 -999.0 211.88571780953376 15.106013173981363 211.87526622127234 14.98187571494281 58.58315799646367 242.35715176196203 -999.0 6231.0 -999.0 -1 -999 {-999.0 -999.0 -999.0 -999.0 -999.0} "" -999.0 -999.0 -999.0 -999.0 -999 -999 "" "" "" "" 0 0 0.0 0.0 -999 ""
FIBERMAP 506 R+6C10 APOGEE 0 0 0 1 0 0 -5.525380134312737 104.70828573924861 143.1 11.740889915278201 104.17597881095568 22.054886 45.703712 -999.0 -999.0 -999.0 -999.0 -999.0 210.94965491667068 15.148518139504432 210.9398938399445 15.023167610384318 57.90886191811025 243.50256476973686 -999.0 16600.0 -999.0 2 -999 {-999.0 -999.0 -999.0 -999.0 -999.0} "" -999.0 -999.0 -999.0 -999.0 -999 -999 "" "" "" "" 0 0 0.0 0.0 -999 ""
FIBERMAP 506 R+6C10 BOSS 1 1 0 1 0 0 -5.785093037200706 103.99779057527431 143.1 11.368102903626474 103.51788878388585 22.054886 45.703712 210.94779709212068 15.145499370595234 -0.7373961 0.4321325 0.098178476 210.94779492797772 15.145500594785144 210.93814290927867 15.020228955867282 57.90570232692184 243.50025013448294 5400.0 5400.0 2016.0 1 128 {-999.0 20.545494 20.470003 20.468609 20.332596} sdss_psfmag 20.469845 20.167507 19.707163 -999.0 63050394841218395 1060491950 dark_flexible_2x2 bhm_aqmes_bonus_faint bhm_filler science 0 0 0.0 0.0 -999 ""
FIBERMAP 506 R+6C10 METROLOGY 0 0 0 1 0 0 -6.259767973642294 104.57661766431521 143.1 10.994981330494323 104.16668770925914 22.054886 45.703712 -999.0 -999.0 -999.0 -999.0 -999.0 210.94606761731526 15.148464740746478 210.9363838313967 15.023167441682341 57.90622030721883 243.50656388827815 -999.0 6231.0 -999.0 -1 -999 {-999.0 -999.0 -999.0 -999.0 -999.0} "" -999.0 -999.0 -999.0 -999.0 -999 -999 "" "" "" "" 0 0 0.0 0.0 -999 ""
FIBERMAP 507 R+1C26 APOGEE 0 0 0 1 0 0 287.197198190379 29.361041965658423 143.1 288.06939297853404 -18.192717893008595 49.16402 121.5022 -999.0 -999.0 -999.0 -999.0 -999.0 212.23828159555848 14.58671601718224 212.22818853205536 14.463106032233215 58.5111170314052 241.17506894721674 -999.0 16600.0 -999.0 2 42 {-999.0 -999.0 -999.0 -999.0 -999.0} "" -999.0 -999.0 -999.0 -999.0 -999 -999 "" "" "" "" 0 0 0.0 0.0 -999 ""
FIBERMAP 507 R+1C26 BOSS 1 1 0 1 0 0 287.90883032161713 29.21437170071845 143.1 288.747162934193 -18.454202926222102 49.16402 121.5022 212.2413968822237 14.585473753364559 -47.55049 -12.883738 0.81243575 212.24125769054515 14.585437254931659 212.231262276729 14.461912596303893 58.51260688123904 241.16963235566558 5400.0 5400.0 2016.0 1 175 {-999.0 17.189129 16.705421 16.509506 -999.0} sdss_psfmag 17.067213 16.709995 16.18061 15.264 63050394841200411 1136102514 dark_flexible_3x1 mwm_halo_local_high_boss_triple mwm_halo science 0 0 0.0 0.0 -999 ""
FIBERMAP 507 R+1C26 METROLOGY 0 0 0 1 0 0 287.4379044940553 28.640687036871206 143.1 288.1885271881873 -18.942687651867715 49.16402 121.5022 -999.0 -999.0 -999.0 -999.0 -999.0 212.23870994864166 14.583268580369745 212.2286918473908 14.459718286180594 58.50928912515835 241.16952926917608 -999.0 6231.0 -999.0 -1 -999 {-999.0 -999.0 -999.0 -999.0 -999.0} "" -999.0 -999.0 -999.0 -999.0 -999 -999 "" "" "" "" 0 0 0.0 0.0 -999 ""
FIBERMAP 514 R+11C3 APOGEE 0 0 0 1 0 0 -112.25083363887973 231.90316646168324 143.1 -72.63539362975877 247.14378632471437 130.19373 24.229523 -999.0 -999.0 -999.0 -999.0 -999.0 210.55352322115266 15.79316869029286 210.54323804331466 15.667168278167422 58.00747201905199 244.90214138658968 -999.0 16600.0 -999.0 2 133 {-999.0 -999.0 -999.0 -999.0 -999.0} "" -999.0 -999.0 -999.0 -999.0 -999 -999 "" "" "" "" 0 0 0.0 0.0 -999 ""
FIBERMAP 514 R+11C3 BOSS 1 1 0 1 0 0 -111.56824371037398 231.615625468165 143.1 -72.00939385576169 246.74813507248783 130.19373 24.229523 210.5563643770124 15.791380953887455 -5.579662 -10.710514 0.27971724 210.55634795041107 15.791350612028678 210.54616743870173 15.66543214560898 58.00864019025439 244.89629149122243 5400.0 5400.0 2016.0 1 5 {-999.0 17.55328 17.282553 17.190758 -999.0} sdss_psfmag 17.536465 17.26502 16.852365 15.966 63050394841223717 976203682 "" ops_std_boss ops_std standard_boss 0 0 0.0 0.0 -999 ""
FIBERMAP 514 R+11C3 METROLOGY 0 0 0 1 0 0 -112.15747056884993 231.16075057717606 143.1 -72.66519894443829 246.3962487183591 130.19373 24.229523 -999.0 -999.0 -999.0 -999.0 -999.0 210.55329160968796 15.789785004195721 210.5430863397944 15.663841203603456 58.00532030249442 244.8973439015844 -999.0 6231.0 -999.0 -1 -999 {-999.0 -999.0 -999.0 -999.0 -999.0} "" -999.0 -999.0 -999.0 -999.0 -999 -999 "" "" "" "" 0 0 0.0 0.0 -999 ""
FIBERMAP 515 R+3C19 APOGEE 0 0 0 1 0 0 130.95874650160357 60.041388759117034 143.1 139.01565093708626 37.71605917434426 182.91487 105.802124 -999.0 -999.0 -999.0 -999.0 -999.0 211.54792481628436 14.844203925767909 211.53806151951085 14.719664708720545 58.164875393397224 242.36785959347208 -999.0 16600.0 -999.0 2 -999 {-999.0 -999.0 -999.0 -999.0 -999.0} "" -999.0 -999.0 -999.0 -999.0 -999 -999 "" "" "" "" 0 0 0.0 0.0 -999 ""
FIBERMAP 515 R+3C19 BOSS 1 1 0 1 0 0 130.70335071120462 60.731196957668764 143.1 138.8770142176667 38.43831375216768 182.91487 105.802124 211.54724121093747 14.847424957191663 -999.0 -999.0 -999.0 211.54724121093747 14.847424957191663 211.53747495054648 14.722964867602984 58.166542990640856 242.3733647628455 5400.0 5400.0 2015.5 1 217 {-999.0 -999.0 -999.0 -999.0 -999.0} "" -999.0 -999.0 -999.0 -999.0 27021603099595959 817238241 "" ops_sky_boss_good ops_sky sky_boss 0 0 0.0 0.0 -999 ""
FIBERMAP 515 R+3C19 METROLOGY 0 0 0 1 0 0 131.43807161263427 60.61314868989846 143.1 139.58225451149593 38.20126668757051 182.91487 105.802124 -999.0 -999.0 -999.0 -999.0 -999.0 211.55056171662773 14.846350745334922 211.54076551560956 14.721872117421997 58.16829753852018 242.36792110805794 -999.0 6231.0 -999.0 -1 -999 {-999.0 -999.0 -999.0 -999.0 -999.0} "" -999.0 -999.0 -999.0 -999.0 -999 -999 "" "" "" "" 0 0 0.0 0.0 -999 ""
FIBERMAP 533 R+1C3 APOGEE 0 0 0 1 0 0 -224.72492535713678 14.267539226666525 143.1 -219.29327656198032 50.96525217872558 324.75946 128.28156 -999.0 -999.0 -999.0 -999.0 -999.0 209.8650528114576 14.904418642221843 209.85657589479308 14.77785513116575 56.9375707072378 244.3593036159906 -999.0 16600.0 -999.0 2 104 {-999.0 -999.0 -999.0 -999.0 -999.0} "" -999.0 -999.0 -999.0 -999.0 -999 -999 "" "" "" "" 0 0 0.0 0.0 -999 ""
FIBERMAP 533 R+1C3 BOSS 1 1 0 1 0 0 -224.66590801054477 13.532354918517683 143.1 -219.35576821635547 50.23048538936913 324.75946 128.28156 209.86461922495667 14.901013557086763 -999.0 -999.0 -999.0 209.86461922495667 14.901013557086763 209.8562549319421 14.774533025202004 56.935265167568716 244.3548827717487 5400.0 5400.0 2016.0 1 61 {-999.0 21.254086 21.29403 21.222847 21.14137} sdss_psfmag_from_lsdr10 nan nan nan -999.0 63050398370891572 1059085272 dark_flexible_2x2 bhm_spiders_agn_lsdr10 bhm_spiders science 0 0 0.0 0.0 -999 ""
FIBERMAP 533 R+1C3 METROLOGY 0 0 0 1 0 0 -225.34577680602638 13.85223060483098 143.1 -219.97377576920425 50.65758009103226 324.75946 128.28156 -999.0 -999.0 -999.0 -999.0 -999.0 209.86178641582873 14.902954575288419 209.853391571011 14.776446833992017 56.93428253784529 244.36078307182615 -999.0 6231.0 -999.0 -1 -999 {-999.0 -999.0 -999.0 -999.0 -999.0} "" -999.0 -999.0 -999.0 -999.0 -999 -999 "" "" "" "" 0 0 0.0 0.0 -999 ""
FIBERMAP 544 R-6C19 APOGEE 0 0 0 1 0 0 187.5674351928544 -128.89536389478363 143.1 163.82775458206288 -157.9170149726036 317.68738 102.47467 -999.0 -999.0 -999.0 -999.0 -999.0 211.65795007675885 13.956318673651282 211.64922815399473 13.832162341153003 57.67420781627656 240.96067392046655 -999.0 16600.0 -999.0 2 229 {-999.0 -999.0 -999.0 -999.0 -999.0} "" -999.0 -999.0 -999.0 -999.0 -999 -999 "" "" "" "" 0 0 0.0 0.0 -999 ""
FIBERMAP 544 R-6C19 BOSS 1 1 0 1 0 0 187.22054759251108 -129.545403625498 143.1 163.37891643797292 -158.50116888447275 317.68738 102.47467 211.65576385802177 13.95357276964107 -999.0 -999.0 -999.0 211.65576385802174 13.95357276964107 211.6471482818394 13.829498956257698 57.67093888287844 240.95937014354135 5400.0 5400.0 2016.0 1 277 {-999.0 21.261082 20.985779 20.926489 20.653976} sdss_psfmag nan nan nan -999.0 63050396950258775 1129047362 dark_1x4 bhm_aqmes_wide1_faint bhm_filler science 0 0 0.0 0.0 -999 ""
FIBERMAP 544 R-6C19 METROLOGY 0 0 0 1 0 0 186.82578475205 -128.91357078980192 143.1 163.09331053964195 -157.81321232206372 317.68738 102.47467 -999.0 -999.0 -999.0 -999.0 -999.0 211.65449306080583 13.95670239928307 211.64584569501255 13.832602201846077 57.672008409641954 240.96530887351776 -999.0 6231.0 -999.0 -1 -999 {-999.0 -999.0 -999.0 -999.0 -999.0} "" -999.0 -999.0 -999.0 -999.0 -999 -999 "" "" "" "" 0 0 0.0 0.0 -999 ""
FIBERMAP 546 R-12C1 APOGEE 0 0 0 1 0 0 -140.61327625102624 -238.04075604188125 143.1 -177.7602162808233 -211.68344831812595 11.545023 84.66217 -999.0 -999.0 -999.0 -999.0 -999.0 210.06508025286809 13.716881650782998 210.05800435282276 13.59088129582267 56.33974698017021 242.46095743002252 -999.0 16600.0 -999.0 2 296 {-999.0 -999.0 -999.0 -999.0 -999.0} "" -999.0 -999.0 -999.0 -999.0 -999 -999 "" "" "" "" 0 0 0.0 0.0 -999 ""
FIBERMAP 546 R-12C1 BOSS 1 1 0 1 0 0 -140.5121784193748 -238.7665816909559 143.1 -177.77966948890716 -212.4158935973088 11.545023 84.66217 210.06491851249555 13.713522291788479 1.2160858 -0.5584856 -0.44543266 210.06492205863907 13.713520709652288 210.05795800635528 13.587608378467358 56.337612669726425 242.45648014939286 5400.0 5400.0 2016.0 1 429 {-999.0 20.593924 20.502293 20.335535 20.172314} sdss_psfmag_from_lsdr10 20.675745 20.663582 19.825203 -999.0 63050394841187204 1059078911 dark_flexible_2x2 bhm_spiders_agn_lsdr10 bhm_spiders science 0 0 0.0 0.0 -999 ""
FIBERMAP 546 R-12C1 METROLOGY 0 0 0 1 0 0 -141.20418486887831 -238.499526557716 143.1 -178.4183195675645 -212.03890064374514 11.545023 84.66217 -999.0 -999.0 -999.0 -999.0 -999.0 210.06198376978205 13.715251128996428 210.0549895231335 13.589310151834413 56.336491136274674 242.46217481034364 -999.0 6231.0 -999.0 -1 -999 {-999.0 -999.0 -999.0 -999.0 -999.0} "" -999.0 -999.0 -999.0 -999.0 -999 -999 "" "" "" "" 0 0 0.0 0.0 -999 ""
FIBERMAP 548 R+1C14 APOGEE 0 0 0 1 0 0 0.5072138964963635 5.781633663852277 143.1 1.4494315192533607 5.618882395596868 259.01627 86.2139 -999.0 -999.0 -999.0 -999.0 -999.0 210.900501078293 14.699977023463699 210.8913959591165 14.574691327344846 57.58977723039761 242.90548211235983 -999.0 16600.0 -999.0 2 13 {-999.0 -999.0 -999.0 -999.0 -999.0} "" -999.0 -999.0 -999.0 -999.0 -999 -999 "" "" "" "" 0 0 0.0 0.0 -999 ""
FIBERMAP 548 R+1C14 BOSS 1 1 0 1 0 0 -0.20265411943993963 5.9790875534667345 143.1 0.7817387465524168 5.930163309061294 259.01627 86.2139 210.89726154704564 14.701362320037045 -2.4861152 -14.728571 0.29284653 210.89725426574392 14.701320595409387 210.88825374540744 14.57611282070599 57.58832587283607 242.9111294140832 5400.0 5400.0 2016.0 1 96 {-999.0 16.939005 16.637045 16.523218 -999.0} sdss_psfmag 16.873056 16.63053 16.19277 15.274 63050394841216187 976203278 "" ops_std_boss ops_std standard_boss 0 0 0.0 0.0 -999 ""
FIBERMAP 548 R+1C14 METROLOGY 0 0 0 1 0 0 0.31416876529602433 6.502716491863792 143.1 1.3774227845070857 6.361745351754338 259.01627 86.2139 -999.0 -999.0 -999.0 -999.0 -999.0 210.9000928459233 14.703306475025371 210.8910577999111 14.578078249018592 57.59167063480403 242.91075719996738 -999.0 6231.0 -999.0 -1 -999 {-999.0 -999.0 -999.0 -999.0 -999.0} "" -999.0 -999.0 -999.0 -999.0 -999 -999 "" "" "" "" 0 0 0.0 0.0 -999 ""
FIBERMAP 550 R+1C1 APOGEE 0 0 0 1 0 0 -282.972125428308 -2.5845011728020815 143.1 -279.50640735224533 43.907516510942656 336.1626 22.105125 -999.0 -999.0 -999.0 -999.0 -999.0 209.5869380157777 14.87071563808533 209.57875045332685 14.743841117833211 56.70565205974415 244.61478497628843 -999.0 16600.0 -999.0 2 141 {-999.0 -999.0 -999.0 -999.0 -999.0} "" -999.0 -999.0 -999.0 -999.0 -999 -999 "" "" "" "" 0 0 0.0 0.0 -999 ""
FIBERMAP 550 R+1C1 BOSS 1 1 0 1 0 0 -283.69986379299854 -2.577349604053941 143.1 -280.2229673836368 44.03404502939069 336.1626 22.105125 209.58356551817934 14.871203102447927 -5.691761 -8.545581 0.248777 209.58354883517455 14.871178893637103 209.57547259236884 14.744383371858563 56.703497433201356 244.61913395394888 5400.0 5400.0 2016.0 1 12 {-999.0 17.582117 17.316778 17.223293 17.207808} sdss_psfmag_from_gaia 17.5397 17.3181 16.8905 16.213 63050394841213600 968360655 "" ops_std_boss_gdr2 ops_std standard_boss 0 0 0.0 0.0 -999 ""
FIBERMAP 550 R+1C1 METROLOGY 0 0 0 1 0 0 -283.32175149245927 -1.9246217524619986 143.1 -279.74289246815334 44.61572384410454 336.1626 22.105125 -999.0 -999.0 -999.0 -999.0 -999.0 209.58577945501955 14.873845619677361 209.57766688568506 14.747028375528433 56.70680100607985 244.6205274649595 -999.0 6231.0 -999.0 -1 -999 {-999.0 -999.0 -999.0 -999.0 -999.0} "" -999.0 -999.0 -999.0 -999.0 -999 -999 "" "" "" "" 0 0 0.0 0.0 -999 ""
FIBERMAP 554 R-2C23 APOGEE 0 0 0 1 0 0 230.57952560351973 -56.477393128977496 143.1 218.13765936607894 -93.55601571715196 332.0851 69.27336 -999.0 -999.0 -999.0 -999.0 -999.0 211.91286225747007 14.247026569283284 211.90352232439602 14.12310448229225 58.05102202716705 241.07269707537813 -999.0 16600.0 -999.0 2 197 {-999.0 -999.0 -999.0 -999.0 -999.0} "" -999.0 -999.0 -999.0 -999.0 -999 -999 "" "" "" "" 0 0 0.0 0.0 -999 ""
FIBERMAP 554 R-2C23 BOSS 1 1 0 1 0 0 230.00345405989512 -56.94490274790101 143.1 217.49275445992572 -93.92252286173898 332.0851 69.27336 211.9097900390625 14.245277490707892 -999.0 -999.0 -999.0 211.9097900390625 14.245277490707892 211.9005547551712 14.121435027459002 58.047750881978466 241.07384423459803 5400.0 5400.0 2015.5 1 310 {-999.0 -999.0 -999.0 -999.0 -999.0} "" -999.0 -999.0 -999.0 -999.0 27021603099594303 806480565 "" ops_sky_boss_good ops_sky sky_boss 0 0 0.0 0.0 -999 ""
FIBERMAP 554 R-2C23 METROLOGY 0 0 0 1 0 0 229.85387853303146 -56.21475634487042 143.1 217.46510574954834 -93.17785747933394 332.0851 69.27336 -999.0 -999.0 -999.0 -999.0 -999.0 211.90971964892668 14.248671414108761 211.90045148107595 14.124804396128352 58.04986884922418 241.07879964225174 -999.0 6231.0 -999.0 -1 -999 {-999.0 -999.0 -999.0 -999.0 -999.0} "" -999.0 -999.0 -999.0 -999.0 -999 -999 "" "" "" "" 0 0 0.0 0.0 -999 ""
FIBERMAP 565 R+8C3 APOGEE 0 0 0 1 0 0 -165.07550371475196 157.69114881974684 143.1 -136.91751904755603 182.62436730508145 109.127426 158.32751 -999.0 -999.0 -999.0 -999.0 -999.0 210.2506643474789 15.502141436204997 210.2410468187088 15.375863157813466 57.59884659285103 244.80527468698006 -999.0 16600.0 -999.0 2 137 {-999.0 -999.0 -999.0 -999.0 -999.0} "" -999.0 -999.0 -999.0 -999.0 -999 -999 "" "" "" "" 0 0 0.0 0.0 -999 ""
FIBERMAP 565 R+8C3 BOSS 1 1 0 1 0 0 -165.0681824624283 158.433254297885 143.1 -136.78846448069189 183.3550690873547 109.127426 158.32751 210.25115311577142 15.505383369507955 0.03226334 0.042093944 0.059510738 210.25115321062245 15.505383488756056 210.24163691147976 15.37918450161862 57.60133561156758 244.80951401999897 5400.0 5400.0 2016.0 1 25 {-999.0 19.111683 18.815626 18.76665 18.883192} sdss_psfmag 18.503588 18.472874 18.121647 -999.0 63050394841222888 1060310474 dark_flexible_2x2 bhm_aqmes_bonus_core bhm_filler science 0 0 0.0 0.0 -999 ""
FIBERMAP 565 R+8C3 METROLOGY 0 0 0 1 0 0 -164.4169447600284 158.0590262300564 143.1 -136.20761764246643 182.87906965076516 109.127426 158.32751 -999.0 -999.0 -999.0 -999.0 -999.0 210.2539009264464 15.503276536239717 210.24435496538752 15.377058793455555 57.60209808953761 244.80337904791355 -999.0 6231.0 -999.0 -1 -999 {-999.0 -999.0 -999.0 -999.0 -999.0} "" -999.0 -999.0 -999.0 -999.0 -999 -999 "" "" "" "" 0 0 0.0 0.0 -999 ""
FIBERMAP 566 R+8C7 APOGEE 0 0 0 1 0 0 -60.675194906993966 170.53002938683713 143.1 -31.844601362699247 178.14700057483995 94.34337 86.32766 -999.0 -999.0 -999.0 -999.0 -999.0 210.7446489486117 15.483729716467078 210.73461209874722 15.358041368091598 57.96251006104179 244.2284873152518 -999.0 16600.0 -999.0 2 -999 {-999.0 -999.0 -999.0 -999.0 -999.0} "" -999.0 -999.0 -999.0 -999.0 -999 -999 "" "" "" "" 0 0 0.0 0.0 -999 ""
FIBERMAP 566 R+8C7 BOSS 1 1 0 1 0 0 -59.95750734696467 170.53842500979803 143.1 -31.135401532410825 178.0374555950063 94.34337 86.32766 210.74755993922753 15.48334281472744 -3.5590959 -46.31262 0.66656154 210.74787604604072 15.48321161552563 210.73794112820497 15.357606425664509 57.96476165351012 244.22409646400723 5400.0 5400.0 2016.0 1 103 {-999.0 16.253202 15.946893 15.851466 -999.0} sdss_psfmag 16.208536 15.941033 15.505895 14.746 63050394841218975 1136776346 dark_flexible_3x1 mwm_halo_local_high_boss_triple mwm_halo science 0 0 1.1329821348190308 0.0 -999 ""
FIBERMAP 566 R+8C7 METROLOGY 0 0 0 1 0 0 -60.2880372891999 169.89224340431963 143.1 -31.56747348606101 177.45442127871928 94.34337 86.32766 -999.0 -999.0 -999.0 -999.0 -999.0 210.74586636198887 15.480591539877224 210.7359072845959 15.3549622200008 57.961584304909046 244.22247157329883 -999.0 6231.0 -999.0 -1 -999 {-999.0 -999.0 -999.0 -999.0 -999.0} "" -999.0 -999.0 -999.0 -999.0 -999 -999 "" "" "" "" 0 0 0.0 0.0 -999 ""
FIBERMAP 572 R+10C5 APOGEE 0 0 1 1 0 0 -88.97676734584603 201.63038782885914 143.1 -54.65126066287779 213.46618629754215 9.977521 170.1004 -999.0 -999.0 -999.0 -999.0 -999.0 210.63759593229304 15.64261262641071 210.62743909148503 15.516753188783511 57.979199317625685 244.58416731908838 -999.0 16600.0 -999.0 2 -999 {-999.0 -999.0 -999.0 -999.0 -999.0} "" -999.0 -999.0 -999.0 -999.0 -999 -999 "" "" "" "" 0 0 0.0 0.0 -999 ""
FIBERMAP 572 R+10C5 BOSS 1 0 1 1 0 0 -88.22676186648793 201.6398722454748 143.1 -53.91000843751751 213.35240940184545 9.977521 170.1004 210.6456202337256 15.559978063904081 -0.3073137 1.9133475 5.7782273 210.6409679663331 15.642071096110303 210.63091328632038 15.516294418834242 57.981555583878276 244.57959984685263 5400.0 5400.0 2016.0 1 146 {-999.0 19.15174 17.886387 17.286621 -999.0} sdss_psfmag 18.646193 18.063835 16.875885 15.055 63050394841223147 1077852003 bright_flexible_2x1 mwm_snc_ext_main_boss mwm_snc science 0 0 0.0 0.0 -999 ""
FIBERMAP 572 R+10C5 METROLOGY 0 0 1 1 0 0 -88.591944403457 200.9911904543942 143.1 -54.376667079785385 212.77259830344946 9.977521 170.1004 -999.0 -999.0 -999.0 -999.0 -999.0 210.6387963030652 15.639476033311764 210.6287175172863 15.513675215956649 57.97827601985082 244.57816212331826 -999.0 6231.0 -999.0 -1 -999 {-999.0 -999.0 -999.0 -999.0 -999.0} "" -999.0 -999.0 -999.0 -999.0 -999 -999 "" "" "" "" 0 0 0.0 0.0 -999 ""
FIBERMAP 575 R+3C14 APOGEE 0 0 0 1 0 0 40.668604020888104 68.92736418211487 143.1 51.42556969683744 61.30311618795851 55.275486 118.357185 -999.0 -999.0 -999.0 -999.0 -999.0 211.13641820430206 14.953134426650628 211.12676152387985 14.828063219741052 57.92639477046207 243.00315099921067 -999.0 16600.0 -999.0 2 24 {-999.0 -999.0 -999.0 -999.0 -999.0} "" -999.0 -999.0 -999.0 -999.0 -999 -999 "" "" "" "" 0 0 0.0 0.0 -999 ""
FIBERMAP 575 R+3C14 BOSS 1 1 0 1 0 0 41.39900267996841 68.8520928361906 143.1 52.133569997857535 61.10896758698172 55.275486 118.357185 211.14005559155012 14.95230030022681 -129.12129 -38.13128 2.0373206 211.13967698422985 14.952192277662165 211.13012164498508 14.827206245628222 57.92837081104041 242.99803453038936 5400.0 5400.0 2016.0 1 97 {-999.0 19.181705 17.745173 17.074898 -999.0} sdss_psfmag 18.612005 17.674927 16.70129 -999.0 63050394841216878 1136102805 dark_flexible_3x1 mwm_halo_local_high_boss_triple mwm_halo science 0 0 0.0 0.0 -999 ""
FIBERMAP 575 R+3C14 METROLOGY 0 0 0 1 0 0 40.97286530648737 68.2391752711629 143.1 51.61266600027282 60.57443622414765 55.275486 118.357185 -999.0 -999.0 -999.0 -999.0 -999.0 211.13724232952245 14.949783519424587 211.12766307445474 14.82477220092136 57.92499059454508 242.99731053124282 -999.0 6231.0 -999.0 -1 -999 {-999.0 -999.0 -999.0 -999.0 -999.0} "" -999.0 -999.0 -999.0 -999.0 -999 -999 "" "" "" "" 0 0 0.0 0.0 -999 ""
FIBERMAP 577 R+6C15 APOGEE 0 0 0 1 0 0 78.69922298722112 126.46844844613203 143.1 98.38009479296261 111.80956681729523 146.79578 105.56025 -999.0 -999.0 -999.0 -999.0 -999.0 211.35786181664128 15.1817783541551 211.34769544068206 15.056913254441731 58.23640194468617 243.08415721102403 -999.0 16600.0 -999.0 2 36 {-999.0 -999.0 -999.0 -999.0 -999.0} "" -999.0 -999.0 -999.0 -999.0 -999 -999 "" "" "" "" 0 0 0.0 0.0 -999 ""
FIBERMAP 577 R+6C15 BOSS 1 1 0 1 0 0 78.90676919788993 127.18283587277736 143.1 98.70207125501355 112.48005998186598 146.79578 105.56025 211.3589948334945 15.184861694912499 -26.249504 -30.719002 1.0622262 211.35931689974763 15.184774670916372 211.3492468792658 15.059990247716105 58.239504269833034 243.0869023922357 5400.0 5400.0 2016.0 1 188 {-999.0 15.702376 15.287159 15.083883 -999.0} sdss_psfmag 15.599632 15.259625 14.739037 13.786 63050394841217338 1136102816 dark_flexible_3x1 mwm_halo_local_high_boss_triple mwm_halo science 0 0 1.3866617679595947 0.0 -999 ""
FIBERMAP 577 R+6C15 METROLOGY 0 0 0 1 0 0 79.43417079147228 126.64511753611255 143.1 99.13394361327626 111.86314837271395 146.79578 105.56025 -999.0 -999.0 -999.0 -999.0 -999.0 211.3613662569261 15.181980331692724 211.35126937178654 15.057176556350788 58.239247533397304 243.08041378840323 -999.0 6231.0 -999.0 -1 -999 {-999.0 -999.0 -999.0 -999.0 -999.0} "" -999.0 -999.0 -999.0 -999.0 -999 -999 "" "" "" "" 0 0 0.0 0.0 -999 ""
FIBERMAP 580 R+9C7 APOGEE 0 0 0 1 0 0 -71.41535712657296 170.7831569237139 143.1 -42.395561522148604 180.15989702697235 213.38925 97.270966 -999.0 -999.0 -999.0 -999.0 -999.0 210.69495227300797 15.492770540425115 210.68494769671065 15.367020410405335 57.930447496660605 244.29761828599806 -999.0 16600.0 -999.0 2 29 {-999.0 -999.0 -999.0 -999.0 -999.0} "" -999.0 -999.0 -999.0 -999.0 -999 -999 "" "" "" "" 0 0 0.0 0.0 -999 ""
FIBERMAP 580 R+9C7 BOSS 1 1 0 1 0 0 -71.90274129389755 171.3382658931842 143.1 -42.7851114957799 180.7873904036241 213.38925 97.270966 210.69300541177014 15.495570032775529 0.071990035 0.79931253 -0.1282093 210.69300562340365 15.495572297151199 210.6831032059337 15.369898219841907 57.930829825294275 244.3039491336248 5400.0 5400.0 2016.0 1 118 {-999.0 20.368607 20.239445 20.234022 20.016027} sdss_psfmag 20.00601 20.06455 19.614782 -999.0 63050394841218987 1060491955 dark_flexible_2x2 bhm_aqmes_bonus_faint bhm_filler science 0 0 0.0 0.0 -999 ""
FIBERMAP 580 R+9C7 METROLOGY 0 0 0 1 0 0 -71.16992342065856 171.48472465292255 143.1 -42.0383230581031 180.81152660886917 213.38925 97.270966 -999.0 -999.0 -999.0 -999.0 -999.0 210.69655621926842 15.49569807899273 210.6866209423307 15.370005769625141 57.933561722798046 244.30015722207048 -999.0 6231.0 -999.0 -1 -999 {-999.0 -999.0 -999.0 -999.0 -999.0} "" -999.0 -999.0 -999.0 -999.0 -999 -999 "" "" "" "" 0 0 0.0 0.0 -999 ""
FIBERMAP 581 R-1C19 APOGEE 0 0 0 1 0 0 114.71055788185576 -18.269516739751143 143.1 110.1342609911227 -36.85078455370943 116.99114 158.73029 -999.0 -999.0 -999.0 -999.0 -999.0 211.41113422445966 14.505483257985349 211.40185825055164 14.38087042893022 57.84677925789419 242.0356711676227 -999.0 16600.0 -999.0 2 -999 {-999.0 -999.0 -999.0 -999.0 -999.0} "" -999.0 -999.0 -999.0 -999.0 -999 -999 "" "" "" "" 0 0 0.0 0.0 -999 ""
FIBERMAP 581 R-1C19 BOSS 1 1 0 1 0 0 114.6257801995739 -17.518716458618012 143.1 110.17391016470648 -36.09638730329338 116.99114 158.73029 211.41128540039062 14.508816183673872 -999.0 -999.0 -999.0 211.41128540039062 14.508816183673876 211.40210624021185 14.384285018038772 57.84915548644043 242.04030105675682 5400.0 5400.0 2015.5 1 296 {-999.0 -999.0 -999.0 -999.0 -999.0} "" -999.0 -999.0 -999.0 -999.0 27021603099595166 806480713 "" ops_sky_boss_good ops_sky sky_boss 0 0 0.0 0.0 -999 ""
FIBERMAP 581 R-1C19 METROLOGY 0 0 0 1 0 0 115.30418459273224 -17.817555116772176 143.1 110.79392716628949 -36.502493757440206 116.99114 158.73029 -999.0 -999.0 -999.0 -999.0 -999.0 211.41420457803 14.506986941132453 211.40499672066528 14.382436503808522 57.850115571831445 242.0342600360138 -999.0 6231.0 -999.0 -1 -999 {-999.0 -999.0 -999.0 -999.0 -999.0} "" -999.0 -999.0 -999.0 -999.0 -999 -999 "" "" "" "" 0 0 0.0 0.0 -999 ""
FIBERMAP 587 R-10C13 APOGEE 0 0 0 1 0 0 76.04466621291343 -200.06310757984653 143.1 42.15424310928187 -209.797344814716 214.70528 105.0883 -999.0 -999.0 -999.0 -999.0 -999.0 211.08917990135362 13.722356767104532 211.08124982374147 13.597571535564914 57.102946437311665 241.29856063360188 -999.0 16600.0 -999.0 2 -999 {-999.0 -999.0 -999.0 -999.0 -999.0} "" -999.0 -999.0 -999.0 -999.0 -999 -999 "" "" "" "" 0 0 0.0 0.0 -999 ""
FIBERMAP 587 R-10C13 BOSS 1 1 0 1 0 0 75.46076975266662 -199.5978010098369 143.1 41.654764436568115 -209.2425745731328 214.70528 105.0883 211.0867630157888 13.724721016100743 0.37831917 0.18539627 -0.0018908887 211.08676411903178 13.724721541310572 211.0789358865667 13.600018756594768 57.102833511988706 241.304676587519 5400.0 5400.0 2016.0 1 396 {-999.0 18.853838 18.924377 18.792202 18.641443} sdss_psfmag_from_lsdr10 18.744709 18.694916 18.272015 -999.0 63050394841187884 1059078924 dark_flexible_2x2 bhm_spiders_agn_lsdr10 bhm_spiders science 0 0 0.0 0.0 -999 ""
FIBERMAP 587 R-10C13 METROLOGY 0 0 0 1 0 0 76.1557412590474 -199.32532420063683 143.1 42.38491559059076 -209.08793932573823 214.70528 105.0883 -999.0 -999.0 -999.0 -999.0 -999.0 211.09020300289865 13.725448611365328 211.08234176984172 13.60072539519457 57.10580582488991 241.30169462812563 -999.0 6231.0 -999.0 -1 -999 {-999.0 -999.0 -999.0 -999.0 -999.0} "" -999.0 -999.0 -999.0 -999.0 -999 -999 "" "" "" "" 0 0 0.0 0.0 -999 ""
FIBERMAP 588 R+8C1 APOGEE 1 1 0 1 0 0 -214.23392607809478 140.2282914065917 143.1 -188.26709565718022 173.47207624038845 274.35025 64.08268 210.01049724087898 15.459029341595738 5.717635 -12.020887 2.2833748 210.0105140463893 15.458995287575167 210.00117114510704 15.332448292267173 57.389543915516356 245.00555277214687 16000.0 16600.0 2016.0 2 94 {-999.0 12.28216 11.956983 11.862957 -999.0} sdss_psfmag_from_g3xp 12.237374 11.9649935 11.534796 10.822 63050394841222815 1103600129 bright_flexible_2x1 mwm_tess_2min_apogee mwm_planet science 0 0 0.0 0.0 -999 ""
FIBERMAP 588 R+8C1 BOSS 0 0 0 1 0 0 -214.90379447931892 140.5236398403526 143.1 -188.8792670132211 173.873339067744 274.35025 64.08268 -999.0 -999.0 -999.0 -999.0 -999.0 210.00755092186745 15.460702969612496 209.99831518438418 15.334232014364645 57.38846016239218 245.0112999896756 -999.0 5400.0 -999.0 1 81 {-999.0 -999.0 -999.0 -999.0 -999.0} "" -999.0 -999.0 -999.0 -999.0 -999 -999 "" "" "" "" 0 0 0.0 0.0 -999 ""
FIBERMAP 588 R+8C1 METROLOGY 0 0 0 1 0 0 -214.29982668165695 140.97136992947713 143.1 -188.2100966156167 174.2157587700476 274.35025 64.08268 -999.0 -999.0 -999.0 -999.0 -999.0 210.01071005659435 15.462292353161311 210.00143899446005 15.33580194121843 57.39180293993268 245.0101770876144 -999.0 6231.0 -999.0 -1 -999 {-999.0 -999.0 -999.0 -999.0 -999.0} "" -999.0 -999.0 -999.0 -999.0 -999 -999 "" "" "" "" 0 0 0.0 0.0 -999 ""
FIBERMAP 589 R-2C25 APOGEE 0 0 0 1 0 0 280.4515026734397 -44.15727717782379 143.1 269.3466802134926 -89.59291541211809 336.46695 117.52035 -999.0 -999.0 -999.0 -999.0 -999.0 212.14900584519626 14.26465043462928 212.13944344198387 14.141018222523357 58.23612142237086 240.81568923208366 -999.0 16600.0 -999.0 2 216 {-999.0 -999.0 -999.0 -999.0 -999.0} "" -999.0 -999.0 -999.0 -999.0 -999 -999 "" "" "" "" 0 0 0.0 0.0 -999 ""
FIBERMAP 589 R-2C25 BOSS 1 1 0 1 0 0 280.5269385182031 -44.89029350931012 143.1 269.30073727585744 -90.32823950827274 336.46695 117.52035 212.14863921218682 14.261260802803585 1.0979091 -1.812932 -1.5536965 212.14864242135636 14.261255666941206 212.13918378108875 14.137706581204855 58.23376718671426 240.81123926451698 5400.0 5400.0 2016.0 1 254 {-999.0 20.697727 20.174782 20.117054 19.932201} sdss_psfmag 20.529125 20.36065 19.800737 -999.0 63050394841193596 1129000256 dark_1x4 bhm_aqmes_wide1_faint bhm_filler science 0 0 0.0 0.0 -999 ""
FIBERMAP 589 R-2C25 METROLOGY 0 0 0 1 0 0 279.84509789352194 -44.5779685745789 143.1 268.6795453682298 -89.90826803598307 336.46695 117.52035 -999.0 -999.0 -999.0 -999.0 -999.0 212.1458463903371 14.263176036215135 212.13635947134946 14.139599488767347 58.23293046128566 240.81736020843624 -999.0 6231.0 -999.0 -1 -999 {-999.0 -999.0 -999.0 -999.0 -999.0} "" -999.0 -999.0 -999.0 -999.0 -999 -999 "" "" "" "" 0 0 0.0 0.0 -999 ""
FIBERMAP 592 R0C5 APOGEE 0 0 0 1 0 0 -197.2865372637431 17.580870645577246 143.1 -191.68812382717118 49.728382412609854 113.18204 72.61242 -999.0 -999.0 -999.0 -999.0 -999.0 209.99350530827283 14.899460368423 209.98492196738925 14.77304727163573 57.0318187540181 244.21086068854075 -999.0 16600.0 -999.0 2 243 {-999.0 -999.0 -999.0 -999.0 -999.0} "" -999.0 -999.0 -999.0 -999.0 -999 -999 "" "" "" "" 0 0 0.0 0.0 -999 ""
FIBERMAP 592 R0C5 BOSS 1 1 0 1 0 0 -196.55252315965686 17.67639500937799 143.1 -190.94851767487722 49.70208802898239 113.18204 72.61242 209.99679565429685 14.899287051536149 -999.0 -999.0 -999.0 209.99679565429682 14.89928705153615 209.98831684492345 14.772960223236012 57.034334981957926 244.2069829791937 5400.0 5400.0 2015.5 1 495 {-999.0 -999.0 -999.0 -999.0 -999.0} "" -999.0 -999.0 -999.0 -999.0 27021603099607056 817239013 "" ops_sky_boss_good ops_sky sky_boss 0 0 0.0 0.0 -999 ""
FIBERMAP 592 R0C5 METROLOGY 0 0 0 1 0 0 -196.8074680210235 16.98093548971249 143.1 -191.3141337389332 49.058044165408944 113.18204 72.61242 -999.0 -999.0 -999.0 -999.0 -999.0 209.99513334462847 14.896378000506767 209.9866295363887 14.770026702207787 57.03123267013853 244.2046271775401 -999.0 6231.0 -999.0 -1 -999 {-999.0 -999.0 -999.0 -999.0 -999.0} "" -999.0 -999.0 -999.0 -999.0 -999 -999 "" "" "" "" 0 0 0.0 0.0 -999 ""
FIBERMAP 594 R+1C22 APOGEE 0 0 0 1 0 0 203.3073360067569 14.987134365904033 143.1 202.9729537670762 -18.596545361089188 347.60266 112.7346 -999.0 -999.0 -999.0 -999.0 -999.0 211.84537736238792 14.586906394231049 211.8356180965178 14.462805736337126 58.22106954765635 241.6435394185492 -999.0 16600.0 -999.0 2 86 {-999.0 -999.0 -999.0 -999.0 -999.0} "" -999.0 -999.0 -999.0 -999.0 -999 -999 "" "" "" "" 0 0 0.0 0.0 -999 ""
FIBERMAP 594 R+1C22 BOSS 1 1 0 1 0 0 203.41552839632348 14.259217497542249 143.1 202.9601542653303 -19.332217849026943 347.60266 112.7346 211.84524536132812 14.583482062846201 -999.0 -999.0 -999.0 211.84524536132812 14.583482062846201 211.83559080401074 14.459463818255662 58.2188938469345 241.63872261159554 5400.0 5400.0 2015.5 1 235 {-999.0 -999.0 -999.0 -999.0 -999.0} "" -999.0 -999.0 -999.0 -999.0 27021603099594734 806480601 "" ops_sky_boss_good ops_sky sky_boss 0 0 0.0 0.0 -999 ""
FIBERMAP 594 R+1C22 METROLOGY 0 0 0 1 0 0 202.7209581189715 14.514831774155748 143.1 202.31709731979518 -18.966087562101613 347.60266 112.7346 -999.0 -999.0 -999.0 -999.0 -999.0 211.84228540231447 14.585180919250188 211.83260275858527 14.46113539599602 58.217760904305564 241.64469141097032 -999.0 6231.0 -999.0 -1 -999 {-999.0 -999.0 -999.0 -999.0 -999.0} "" -999.0 -999.0 -999.0 -999.0 -999 -999 "" "" "" "" 0 0 0.0 0.0 -999 ""
FIBERMAP 597 R+1C2 APOGEE 0 0 0 1 0 0 -248.33170975507437 7.51725971210516 143.1 -243.68375410994656 48.183374348899136 323.06342 102.924194 -999.0 -999.0 -999.0 -999.0 -999.0 209.75202765794356 14.891154974267016 209.7436677820025 14.764464555240712 56.84363345128677 244.46406472081867 -999.0 16600.0 -999.0 2 -999 {-999.0 -999.0 -999.0 -999.0 -999.0} "" -999.0 -999.0 -999.0 -999.0 -999 -999 "" "" "" "" 0 0 0.0 0.0 -999 ""
FIBERMAP 597 R+1C2 BOSS 1 1 0 1 0 0 -248.63930598490197 6.813485475270811 143.1 -244.10266279805228 47.53977402355468 323.06342 102.924194 209.7499626837714 14.888152385299964 0.11167195 -0.30204254 -0.6403862 209.74996301111653 14.888151529642432 209.7417171241137 14.761542289335058 56.840341792283354 244.46201050622045 5400.0 5400.0 2016.0 1 11 {-999.0 19.537493 18.887323 18.491732 18.238636} sdss_fiber2mag_from_lsdr10 18.607033 19.343588 17.325958 15.305 63050394841213362 1059895256 dark_flexible_2x2 bhm_spiders_agn_tda bhm_spiders science 0 0 0.0 0.0 -999 ""
FIBERMAP 597 R+1C2 METROLOGY 0 0 0 1 0 0 -249.07298552805173 7.432570817268816 143.1 -244.42874320930625 48.22154741872888 323.06342 102.924194 -999.0 -999.0 -999.0 -999.0 -999.0 209.74848746905133 14.891250208296784 209.74020818007148 14.764614959280422 56.841101707631985 244.46807224713865 -999.0 6231.0 -999.0 -1 -999 {-999.0 -999.0 -999.0 -999.0 -999.0} "" -999.0 -999.0 -999.0 -999.0 -999 -999 "" "" "" "" 0 0 0.0 0.0 -999 ""
FIBERMAP 598 R+11C9 APOGEE 1 1 0 1 0 0 10.698499930506527 200.0738259415832 143.1 43.398222392570354 195.5669976022384 269.12576 116.9269 211.09934561477917 15.561724922518847 -6.2533855 -1.3211236 0.40051475 211.0993272254214 15.561721179901753 211.08886527285236 15.43643773853725 58.279060649253275 243.9438945074062 16000.0 16600.0 2016.0 2 21 {-999.0 13.869553 13.050694 12.74457 -999.0} sdss_psfmag_from_g3xp 13.630079 13.085224 12.391828 10.917 63050394841219080 1107119034 bright_flexible_2x1 mwm_tess_rgb_apogee mwm_tessrgb science 0 0 0.0 0.0 -999 ""
FIBERMAP 598 R+11C9 BOSS 0 0 0 1 0 0 10.039593249756422 199.75057866833524 143.1 42.695305121820766 195.3563689494448 269.12576 116.9269 -999.0 -999.0 -999.0 -999.0 -999.0 211.0959245470569 15.560755611121586 211.0855696298853 15.435546727183485 58.27601753817023 243.9463193435707 -999.0 5400.0 -999.0 1 110 {-999.0 -999.0 -999.0 -999.0 -999.0} "" -999.0 -999.0 -999.0 -999.0 -999 -999 "" "" "" "" 0 0 0.0 0.0 -999 ""
FIBERMAP 598 R+11C9 METROLOGY 0 0 0 1 0 0 10.078923727427973 200.49269120427405 143.1 42.85593004117456 196.08182262998102 269.12576 116.9269 -999.0 -999.0 -999.0 -999.0 -999.0 211.09670966006476 15.56403189525493 211.08632042768681 15.438800828061613 58.27860589046705 243.95031471535523 -999.0 6231.0 -999.0 -1 -999 {-999.0 -999.0 -999.0 -999.0 -999.0} "" -999.0 -999.0 -999.0 -999.0 -999 -999 "" "" "" "" 0 0 0.0 0.0 -999 ""
FIBERMAP 599 R+2C11 APOGEE 0 0 0 1 0 0 -34.993977988126005 54.23535500742814 143.1 -25.608913759580375 59.23485975225337 94.90483 71.79477 -999.0 -999.0 -999.0 -999.0 -999.0 210.7732774019848 14.944301577663511 210.76394998359672 14.818795804151453 57.648233438166265 243.40431158383478 -999.0 16600.0 -999.0 2 142 {-999.0 -999.0 -999.0 -999.0 -999.0} "" -999.0 -999.0 -999.0 -999.0 -999 -999 "" "" "" "" 0 0 0.0 0.0 -999 ""
FIBERMAP 599 R+2C11 BOSS 1 1 0 1 0 0 -34.270887196187594 54.068774407287854 143.1 -24.923111412595546 58.951856884693115 94.90483 71.79477 210.77641041518038 14.942967283628908 -6.80923 -1.6293277 0.38684747 210.77639045012768 14.942962667899208 210.76716620432023 14.817542323229759 57.649863827279745 243.3988372819977 5400.0 5400.0 2016.0 1 23 {-999.0 18.239746 17.912832 17.818321 -999.0} sdss_psfmag 18.194828 17.918745 17.506044 -999.0 63050394841216709 976203283 "" ops_std_boss ops_std standard_boss 0 0 0.0 0.0 -999 ""
FIBERMAP 599 R+2C11 METROLOGY 0 0 0 1 0 0 -34.77541032237198 53.51774880186473 143.1 -25.511162580316924 58.491235504732494 94.90483 71.79477 -999.0 -999.0 -999.0 -999.0 -999.0 210.7736481649738 14.940883926598977 210.7643996609304 14.815437822241327 57.646460810329316 243.39892049105012 -999.0 6231.0 -999.0 -1 -999 {-999.0 -999.0 -999.0 -999.0 -999.0} "" -999.0 -999.0 -999.0 -999.0 -999 -999 "" "" "" "" 0 0 0.0 0.0 -999 ""
FIBERMAP 600 R+1C17 APOGEE 0 0 0 1 0 0 65.71890324793635 19.901391827939133 143.1 68.08274260217286 8.838512874044708 173.31946 120.51595 -999.0 -999.0 -999.0 -999.0 -999.0 211.21430274478368 14.714033560110975 211.20490760071573 14.5891229741294 57.833282347332805 242.5655494427721 -999.0 16600.0 -999.0 2 -999 {-999.0 -999.0 -999.0 -999.0 -999.0} "" -999.0 -999.0 -999.0 -999.0 -999 -999 "" "" "" "" 0 0 0.0 0.0 -999 ""
FIBERMAP 600 R+1C17 BOSS 1 1 0 1 0 0 65.37798042373606 20.59793022113453 143.1 67.86085950982383 9.581446388049589 173.31946 120.51595 211.21318010495568 14.71744242553576 7.7471056 -34.956955 0.88282645 211.2132027962429 14.71734339583709 211.2039064922504 14.592512358050255 57.834692861891526 242.57161775682422 5400.0 5400.0 2016.0 1 191 {-999.0 17.112226 16.442547 16.176361 -999.0} sdss_psfmag 16.922943 16.459335 15.835762 14.611 63050394841199521 1136102483 dark_flexible_3x1 mwm_halo_local_high_boss_triple mwm_halo science 0 0 0.0 0.0 -999 ""
FIBERMAP 600 R+1C17 METROLOGY 0 0 0 1 0 0 66.1425932057696 20.51551624541744 143.1 68.60143096182765 9.374636299184536 173.31946 120.51595 -999.0 -999.0 -999.0 -999.0 -999.0 211.21670722410806 14.716414244569997 211.20738007402053 14.591564509965192 57.83668190051178 242.5662250003261 -999.0 6231.0 -999.0 -1 -999 {-999.0 -999.0 -999.0 -999.0 -999.0} "" -999.0 -999.0 -999.0 -999.0 -999 -999 "" "" "" "" 0 0 0.0 0.0 -999 ""
FIBERMAP 604 R+7C14 APOGEE 0 0 0 1 0 0 64.26883465792 125.6429480502218 143.1 84.01255616080807 113.36450012982017 243.84415 84.6833 -999.0 -999.0 -999.0 -999.0 -999.0 211.29027791284395 15.189168550063528 211.28016078031123 15.064219050622802 58.19034628412532 243.17290125731625 -999.0 16600.0 -999.0 2 43 {-999.0 -999.0 -999.0 -999.0 -999.0} "" -999.0 -999.0 -999.0 -999.0 -999 -999 "" "" "" "" 0 0 0.0 0.0 -999 ""
FIBERMAP 604 R+7C14 BOSS 1 1 0 1 0 0 63.658219849290624 126.04426132854633 143.1 83.47622044287667 113.86054323837196 243.84415 84.6833 211.28768920898435 15.191396585953143 -999.0 -999.0 -999.0 211.28768920898435 15.19139658595314 211.277673165873 15.066523050093744 58.189929683223816 243.17916613166076 5400.0 5400.0 2015.5 1 160 {-999.0 -999.0 -999.0 -999.0 -999.0} "" -999.0 -999.0 -999.0 -999.0 27021603099610065 806482702 "" ops_sky_boss_good ops_sky sky_boss 0 0 0.0 0.0 -999 ""
FIBERMAP 604 R+7C14 METROLOGY 0 0 0 1 0 0 64.3165875253391 126.394393495464 143.1 84.18301990232926 114.0977756878005 243.84415 84.6833 -999.0 -999.0 -999.0 -999.0 -999.0 211.29103988273826 15.192471517757834 211.28099056325846 15.067579164623146 58.1930837103382 243.17689850827193 -999.0 6231.0 -999.0 -1 -999 {-999.0 -999.0 -999.0 -999.0 -999.0} "" -999.0 -999.0 -999.0 -999.0 -999 -999 "" "" "" "" 0 0 0.0 0.0 -999 ""
FIBERMAP 605 R+13C13 APOGEE 0 0 0 1 0 0 130.44695965303458 260.10560508701906 143.1 171.35611697950745 235.11400986682042 30.363676 133.18152 -999.0 -999.0 -999.0 -999.0 -999.0 211.69919132664708 15.733998404250407 211.68795078976018 15.609400608392631 58.8384687108169 243.51444984033992 -999.0 16600.0 -999.0 2 103 {-999.0 -999.0 -999.0 -999.0 -999.0} "" -999.0 -999.0 -999.0 -999.0 -999 -999 "" "" "" "" 0 0 0.0 0.0 -999 ""
FIBERMAP 605 R+13C13 BOSS 1 1 0 1 0 0 131.14568134628956 259.8654722954045 143.1 172.00580991895688 234.76246668860742 30.363676 133.18152 211.7021137753892 15.73229489804824 -0.09893403 0.43653423 -0.31484216 211.70211348421077 15.732296134707793 211.6909728471913 15.607779480448778 58.839731607165355 243.50849161064156 5400.0 5400.0 2016.0 1 91 {-999.0 19.679352 19.562597 19.436586 19.397243} sdss_psfmag_from_gaiadr2 19.614311 19.559177 19.251802 -999.0 63050394841220505 1129369149 dark_flexible_3x1 bhm_gua_dark_d3 bhm_filler science 0 0 0.0 0.0 -999 ""
FIBERMAP 605 R+13C13 METROLOGY 0 0 0 1 0 0 130.592919165239 259.3696300564359 143.1 171.3792424792136 234.36418963646642 30.363676 133.18152 -999.0 -999.0 -999.0 -999.0 -999.0 211.69923088124946 15.730583019057287 211.68806691980922 15.606041442173128 58.836459996522294 243.50924230482715 -999.0 6231.0 -999.0 -1 -999 {-999.0 -999.0 -999.0 -999.0 -999.0} "" -999.0 -999.0 -999.0 -999.0 -999 -999 "" "" "" "" 0 0 0.0 0.0 -999 ""
FIBERMAP 610 R-4C21 APOGEE 0 0 0 1 0 0 216.54793225731115 -82.57604160247821 143.1 200.01425548998253 -116.99227144885342 2.0058467 96.09218 -999.0 -999.0 -999.0 -999.0 -999.0 211.8278142457621 14.141138539645928 211.8186936022688 14.017140458197579 57.919557801380186 241.0222176820498 -999.0 16600.0 -999.0 2 232 {-999.0 -999.0 -999.0 -999.0 -999.0} "" -999.0 -999.0 -999.0 -999.0 -999 -999 "" "" "" "" 0 0 0.0 0.0 -999 ""
FIBERMAP 610 R-4C21 BOSS 1 1 0 1 0 0 216.65284506636849 -83.31541960435116 143.1 199.99633987924193 -117.73870909403846 2.0058467 96.09218 211.82762483196538 14.137664872569792 -999.0 -999.0 -999.0 211.8276248319654 14.13766487256979 211.8186091820058 14.013751019240727 57.9172856153598 241.01747986356773 5400.0 5400.0 2016.0 1 279 {-999.0 21.239908 21.108328 20.964947 20.404448} sdss_psfmag nan nan nan -999.0 63050398380447311 1129054204 dark_1x4 bhm_aqmes_wide1_faint bhm_filler science 0 0 0.0 0.0 -999 ""
FIBERMAP 610 R-4C21 METROLOGY 0 0 0 1 0 0 215.94737082961217 -83.01602817045844 143.1 199.34971591488483 -117.32761331562573 2.0058467 96.09218 -999.0 -999.0 -999.0 -999.0 -999.0 211.82467076494655 14.139550195785294 211.81562666529828 14.015608488042766 57.91630281860013 241.02368377039954 -999.0 6231.0 -999.0 -1 -999 {-999.0 -999.0 -999.0 -999.0 -999.0} "" -999.0 -999.0 -999.0 -999.0 -999 -999 "" "" "" "" 0 0 0.0 0.0 -999 ""
FIBERMAP 613 R0C25 APOGEE 0 0 0 1 0 0 249.97505930816575 13.260772052860519 143.1 248.71571207181657 -27.960772907413222 80.42553 111.71814 -999.0 -999.0 -999.0 -999.0 -999.0 212.05697657780365 14.543485757051116 212.04709845795537 14.419660613273816 58.34944009328756 241.3290904265197 -999.0 16600.0 -999.0 2 35 {-999.0 -999.0 -999.0 -999.0 -999.0} "" -999.0 -999.0 -999.0 -999.0 -999 -999 "" "" "" "" 0 0 0.0 0.0 -999 ""
FIBERMAP 613 R0C25 BOSS 1 1 0 1 0 0 250.7033416895421 13.417554206583015 143.1 249.4597221935603 -27.92571061711953 80.42553 111.71814 212.0603322775272 14.543545361625064 0.041331448 -0.2730444 -0.19362676 212.06033239849125 14.54354458811647 212.05055029852738 14.419805180139683 58.352080454258534 241.3251725979535 5400.0 5400.0 2016.0 1 172 {-999.0 19.367947 19.127617 19.14306 18.96121} sdss_psfmag 19.208073 19.045824 18.654951 -999.0 63050394841198574 1060491866 dark_flexible_2x2 bhm_aqmes_bonus_faint bhm_filler science 0 0 0.0 0.0 -999 ""
FIBERMAP 613 R0C25 METROLOGY 0 0 0 1 0 0 250.4783699874777 12.701731790891973 143.1 249.12032420175422 -28.59475824219812 80.42553 111.71814 -999.0 -999.0 -999.0 -999.0 -999.0 212.05876473608495 14.54054686951144 212.04896020180036 14.416783234200416 58.348949441729815 241.3226872203902 -999.0 6231.0 -999.0 -1 -999 {-999.0 -999.0 -999.0 -999.0 -999.0} "" -999.0 -999.0 -999.0 -999.0 -999 -999 "" "" "" "" 0 0 0.0 0.0 -999 ""
FIBERMAP 614 R+1C11 APOGEE 0 0 0 1 0 0 -71.73335146431393 5.341216387158015 143.1 -69.87034590889593 17.04449687655781 280.55533 43.601673 -999.0 -999.0 -999.0 -999.0 -999.0 210.564672324047 14.752173939393812 210.5557872296083 14.626472737344379 57.37074439528964 243.36181832124691 -999.0 16600.0 -999.0 2 134 {-999.0 -999.0 -999.0 -999.0 -999.0} "" -999.0 -999.0 -999.0 -999.0 -999 -999 "" "" "" "" 0 0 0.0 0.0 -999 ""
FIBERMAP 614 R+1C11 BOSS 1 1 0 1 0 0 -72.33915613967122 5.775567177430558 143.1 -70.3965137387744 17.57233363380971 280.55533 43.601673 210.5620540442739 14.754503847117084 -0.41766748 -0.020424126 -0.00037544948 210.56205282071636 14.754503789257493 210.55327177744306 14.628881172808144 57.37037033758375 243.36813054087338 5400.0 5400.0 2016.0 1 31 {-999.0 18.894781 18.81317 18.766317 18.732126} sdss_psfmag_from_lsdr10 18.914112 18.788877 18.53523 -999.0 63050394841208281 1059083995 dark_flexible_2x2 bhm_spiders_agn_lsdr10 bhm_spiders science 0 0 0.0 0.0 -999 ""
FIBERMAP 614 R+1C11 METROLOGY 0 0 0 1 0 0 -71.6517194409407 6.092278233658723 143.1 -69.66653172566059 17.771832053807323 280.55533 43.601673 -999.0 -999.0 -999.0 -999.0 -999.0 210.5655252266028 14.755435473198242 210.5567102103695 14.629793381018878 57.37352923058332 243.3655594777635 -999.0 6231.0 -999.0 -1 -999 {-999.0 -999.0 -999.0 -999.0 -999.0} "" -999.0 -999.0 -999.0 -999.0 -999 -999 "" "" "" "" 0 0 0.0 0.0 -999 ""
FIBERMAP 615 R-10C5 APOGEE 0 0 0 1 0 0 -102.46574865907499 -199.90705888200472 143.1 -133.87656591968113 -180.33678427703308 210.14722 110.88878 -999.0 -999.0 -999.0 -999.0 -999.0 210.26733210558592 13.856647243918694 210.25990206529093 13.730844422922406 56.58003432753209 242.42755253853448 -999.0 16600.0 -999.0 2 -999 {-999.0 -999.0 -999.0 -999.0 -999.0} "" -999.0 -999.0 -999.0 -999.0 -999 -999 "" "" "" "" 0 0 0.0 0.0 -999 ""
FIBERMAP 615 R-10C5 BOSS 1 1 0 1 0 0 -103.05905158795176 -199.4607407801093 143.1 -134.38843915095416 -179.79919717696444 210.14722 110.88878 210.2649173852928 13.858988220212995 -39.171055 -10.353885 6.6996374 210.26480309012928 13.858958888625095 210.2574795907994 13.733239148171357 56.579764277138985 242.4336285709985 5400.0 5400.0 2016.0 1 348 {-999.0 20.138567 19.850225 19.711142 -999.0} sdss_psfmag 20.072365 19.834051 19.512518 -999.0 63050394841189353 1143462147 dark_1x3 mwm_wd_pwd_boss_1x3 mwm_wd science 0 0 0.0 0.0 -999 ""
FIBERMAP 615 R-10C5 METROLOGY 0 0 0 1 0 0 -102.36735109469313 -199.16747798728426 143.1 -133.65810153830387 -179.62352467808296 210.14722 110.88878 -999.0 -999.0 -999.0 -999.0 -999.0 210.268231496039 13.859768524966176 210.26087282324386 13.734027806872456 56.58279929354675 242.4308897562915 -999.0 6231.0 -999.0 -1 -999 {-999.0 -999.0 -999.0 -999.0 -999.0} "" -999.0 -999.0 -999.0 -999.0 -999 -999 "" "" "" "" 0 0 0.0 0.0 -999 ""
FIBERMAP 619 R+7C12 APOGEE 0 0 0 1 0 0 47.21664918383064 150.4097436851583 143.1 71.26083586921641 140.59034087009601 99.092285 52.188454 -999.0 -999.0 -999.0 -999.0 -999.0 211.2303848289675 15.312856003459702 211.22014955754912 15.187799646285841 58.22288029262936 243.42448972169078 -999.0 16600.0 -999.0 2 6 {-999.0 -999.0 -999.0 -999.0 -999.0} "" -999.0 -999.0 -999.0 -999.0 -999 -999 "" "" "" "" 0 0 0.0 0.0 -999 ""
FIBERMAP 619 R+7C12 BOSS 1 1 0 1 0 0 47.85760728306551 150.04617535648092 143.1 71.83329446355818 140.1265422701086 99.092285 52.188454 211.23262718664225 15.310659268000418 -40.779163 19.56589 1.1037408 211.23300282991735 15.31071469625478 211.22287047559618 15.185741458999832 58.22363658179633 243.4183189639364 5400.0 5400.0 2016.0 1 138 {-999.0 14.5652275 14.235573 14.122555 -999.0} sdss_psfmag_from_g3xp 14.514432 14.238929 13.791981 12.96 63050394841217511 1135937646 dark_flexible_3x1 mwm_halo_local_high_boss_triple mwm_halo science 0 0 1.7202043533325195 0.0 -999 ""
FIBERMAP 619 R+7C12 METROLOGY 0 0 0 1 0 0 47.2147214781688 149.65782380102425 143.1 71.13548943966047 139.84907412394153 99.092285 52.188454 -999.0 -999.0 -999.0 -999.0 -999.0 211.22974016981053 15.309486474407098 211.21958333958537 15.1844870928322 58.22037840312767 243.42023860624352 -999.0 6231.0 -999.0 -1 -999 {-999.0 -999.0 -999.0 -999.0 -999.0} "" -999.0 -999.0 -999.0 -999.0 -999 -999 "" "" "" "" 0 0 0.0 0.0 -999 ""
FIBERMAP 623 R+6C11 APOGEE 0 0 0 1 0 0 10.653159413817017 120.3519665764396 143.1 30.26529856573177 116.94852018718781 8.22491 128.47699 -999.0 -999.0 -999.0 -999.0 -999.0 211.03708377693815 15.206337113318837 211.02716625848632 15.08107601260537 58.01082744806405 243.4880601767995 -999.0 16600.0 -999.0 2 -999 {-999.0 -999.0 -999.0 -999.0 -999.0} "" -999.0 -999.0 -999.0 -999.0 -999 -999 "" "" "" "" 0 0 0.0 0.0 -999 ""
FIBERMAP 623 R+6C11 BOSS 1 1 0 1 0 0 11.22092652193318 119.83597540441613 143.1 30.740548554785892 116.34641011614131 8.22491 128.47699 211.03923275762887 15.203573483014244 -0.4805596 -1.0607957 3.2490664 211.03923134687346 15.203570477881957 211.0294191753199 15.078392834808243 58.01084114806005 243.48153981877962 5400.0 5400.0 2016.0 1 136 {-999.0 20.9475 20.77439 20.6268 20.52571} sdss_psfmag_from_gaiadr2 20.98729 20.770824 20.394234 -999.0 63050394841218428 1129369119 dark_flexible_3x1 bhm_gua_dark_d3 bhm_filler science 0 0 0.0 0.0 -999 ""
FIBERMAP 623 R+6C11 METROLOGY 0 0 0 1 0 0 10.507372103675776 119.62025075679811 143.1 30.001387142436016 116.25079767638637 8.22491 128.47699 -999.0 -999.0 -999.0 -999.0 -999.0 211.03577271442393 15.203158430936135 211.02593450705945 15.077953921378885 58.00794407992787 243.4848746103029 -999.0 6231.0 -999.0 -1 -999 {-999.0 -999.0 -999.0 -999.0 -999.0} "" -999.0 -999.0 -999.0 -999.0 -999 -999 "" "" "" "" 0 0 0.0 0.0 -999 ""
FIBERMAP 624 R-5C1 APOGEE 0 0 0 1 0 0 -237.50130634185822 -109.27414502574953 143.1 -252.1762754344976 -68.7805601134292 252.65765 124.24548 -999.0 -999.0 -999.0 -999.0 -999.0 209.71521911408382 14.361595313917563 209.70758835419122 14.235009205642525 56.48591425656044 243.75091886936428 -999.0 16600.0 -999.0 2 241 {-999.0 -999.0 -999.0 -999.0 -999.0} "" -999.0 -999.0 -999.0 -999.0 -999 -999 "" "" "" "" 0 0 0.0 0.0 -999 ""
FIBERMAP 624 R-5C1 BOSS 1 1 0 1 0 0 -238.2032563238198 -109.51674295027678 143.1 -252.90840381353755 -68.9045815419904 252.65765 124.24548 209.7117355260499 14.360945114576632 -0.9355277 0.65635586 0.5641892 209.7117327903044 14.360946973969753 209.70421448607766 14.23444202596672 56.48301351380995 243.75384006558122 5400.0 5400.0 2016.0 1 498 {-999.0 20.162617 20.040737 20.05769 20.112469} sdss_psfmag_from_lsdr10 20.087082 20.039585 19.762463 -999.0 63050394841208808 1059081461 dark_flexible_2x2 bhm_spiders_agn_lsdr10 bhm_spiders science 0 0 0.0 0.0 -999 ""
FIBERMAP 624 R-5C1 METROLOGY 0 0 0 1 0 0 -238.0772927460459 -108.78940816699757 143.1 -252.66476285482162 -68.20792531232155 252.65765 124.24548 -999.0 -999.0 -999.0 -999.0 -999.0 209.71286362002326 14.364120791528318 209.705309371588 14.237592147723644 56.485817969848554 243.7570718954065 -999.0 6231.0 -999.0 -1 -999 {-999.0 -999.0 -999.0 -999.0 -999.0} "" -999.0 -999.0 -999.0 -999.0 -999 -999 "" "" "" "" 0 0 0.0 0.0 -999 ""
FIBERMAP 627 R+5C4 APOGEE 0 0 0 1 0 0 -167.20728888266027 86.56871468678273 143.1 -150.6964084707414 112.82963728202348 251.90617 139.24821 -999.0 -999.0 -999.0 -999.0 -999.0 210.18523370282787 15.186527302676561 210.1760980041854 15.060258883819696 57.35490238909022 244.41500816375697 -999.0 16600.0 -999.0 2 -999 {-999.0 -999.0 -999.0 -999.0 -999.0} "" -999.0 -999.0 -999.0 -999.0 -999 -999 "" "" "" "" 0 0 0.0 0.0 -999 ""
FIBERMAP 627 R+5C4 BOSS 1 1 0 1 0 0 -167.84563518228748 86.16383583712714 143.1 -151.39244973569984 112.53512377685821 251.90617 139.24821 210.18182139759267 15.185127801190546 -0.12030184 -0.36380658 -1.4648119 210.18182104445927 15.185126770561444 210.1727966233178 15.058935738820836 57.351579559089444 244.4167396218409 5400.0 5400.0 2016.0 1 37 {-999.0 nan nan nan nan} undefined 20.140179 20.210722 19.792776 -999.0 63050394841222323 1059086568 dark_flexible_2x2 bhm_spiders_agn_lsdr10 bhm_spiders science 0 0 0.0 0.0 -999 ""
FIBERMAP 627 R+5C4 METROLOGY 0 0 0 1 0 0 -167.86821017877648 86.91490108289311 143.1 -151.2914094779457 113.27957032465417 251.90617 139.24821 -999.0 -999.0 -999.0 -999.0 -999.0 210.1823384053916 15.188518138017201 210.17327888599618 15.062303815301407 57.35402994449764 244.421109129787 -999.0 6231.0 -999.0 -1 -999 {-999.0 -999.0 -999.0 -999.0 -999.0} "" -999.0 -999.0 -999.0 -999.0 -999 -999 "" "" "" "" 0 0 0.0 0.0 -999 ""
FIBERMAP 630 R+11C4 APOGEE 0 0 0 1 0 0 -104.3882770867137 204.61833541368426 143.1 -69.3603665875474 218.94321804533112 209.99858 149.18205 -999.0 -999.0 -999.0 -999.0 -999.0 210.568468086412 15.667002349393977 210.55834066334705 15.541054098603036 57.941635969136016 244.69745384551175 -999.0 16600.0 -999.0 2 26 {-999.0 -999.0 -999.0 -999.0 -999.0} "" -999.0 -999.0 -999.0 -999.0 -999 -999 "" "" "" "" 0 0 0.0 0.0 -999 ""
FIBERMAP 630 R+11C4 BOSS 1 1 0 1 0 0 -105.13125560289356 204.64282393929676 143.1 -70.08911099701567 219.08934721618178 209.99858 149.18205 210.56496496537193 15.667662116572771 -12.929485 -21.43732 0.21157075 210.56492692393672 15.667601386697878 210.5549066422197 15.541727360818248 57.93943896950881 244.70228352493456 5400.0 5400.0 2016.0 1 145 {-999.0 17.573368 17.316223 17.226421 17.21342} sdss_psfmag_from_gaia 17.5316 17.3164 16.893 15.997 63050394841223269 968382001 "" ops_std_boss_gdr2 ops_std standard_boss 0 0 0.0 0.0 -999 ""
FIBERMAP 630 R+11C4 METROLOGY 0 0 0 1 0 0 -104.75499341564685 205.27527777459053 143.1 -69.61418921492807 219.65133446130932 209.99858 149.18205 -999.0 -999.0 -999.0 -999.0 -999.0 210.56720074145304 15.670145257907972 210.55714527577436 15.544250947248214 57.94269097173362 244.70353936284323 -999.0 6231.0 -999.0 -1 -999 {-999.0 -999.0 -999.0 -999.0 -999.0} "" -999.0 -999.0 -999.0 -999.0 -999 -999 "" "" "" "" 0 0 0.0 0.0 -999 ""
FIBERMAP 631 R-5C16 APOGEE 0 0 0 1 0 0 109.74972318011366 -116.88587439557179 143.1 89.0514428632826 -133.29702389082308 1.8449491 31.318764 -999.0 -999.0 -999.0 -999.0 -999.0 211.31011932060068 14.06759662827324 211.301532779544 13.942982717449688 57.489998070623926 241.52731495028218 -999.0 16600.0 -999.0 2 202 {-999.0 -999.0 -999.0 -999.0 -999.0} "" -999.0 -999.0 -999.0 -999.0 -999 -999 "" "" "" "" 0 0 0.0 0.0 -999 ""
FIBERMAP 631 R-5C16 BOSS 1 1 0 1 0 0 109.13088690819504 -117.30204571794458 143.1 88.37278949788757 -133.60587765789128 1.8449491 31.318764 211.30686203261226 14.066069191138496 1.2885852 -0.3652739 0.54085964 211.306865795888 14.066068156352596 211.29838626093823 13.941535092486635 57.48673417879656 241.52894552603215 5400.0 5400.0 2016.0 1 304 {-999.0 21.118126 20.941935 20.735016 20.543276} sdss_psfmag_from_lsdr10 21.132717 20.813896 20.330778 -999.0 63050394841188759 1059080237 dark_flexible_2x2 bhm_spiders_agn_lsdr10 bhm_spiders science 0 0 0.0 0.0 -999 ""
FIBERMAP 631 R-5C16 METROLOGY 0 0 0 1 0 0 109.07434197090805 -116.56389766306188 143.1 88.43820614159984 -132.8685937682726 1.8449491 31.318764 -999.0 -999.0 -999.0 -999.0 -999.0 211.30721392359072 14.069440261186575 211.29870047744373 13.944882737127037 57.48913567124788 241.5333217691488 -999.0 6231.0 -999.0 -1 -999 {-999.0 -999.0 -999.0 -999.0 -999.0} "" -999.0 -999.0 -999.0 -999.0 -999 -999 "" "" "" "" 0 0 0.0 0.0 -999 ""
FIBERMAP 635 R+9C12 APOGEE 0 0 0 1 0 0 48.26972246628822 156.09182500299792 143.1 73.23227898832577 146.0214238911402 298.05814 54.3804 -999.0 -999.0 -999.0 -999.0 -999.0 211.23968788117574 15.337400413863055 211.22941043333446 15.21234861463716 58.245226526156785 243.4501975028319 -999.0 16600.0 -999.0 2 25 {-999.0 -999.0 -999.0 -999.0 -999.0} "" -999.0 -999.0 -999.0 -999.0 -999 -999 "" "" "" "" 0 0 0.0 0.0 -999 ""
FIBERMAP 635 R+9C12 BOSS 1 1 0 1 0 0 47.52999972910973 156.18529794973512 143.1 72.5180710057364 146.23505464046028 298.05814 54.3804 211.23592515936983 15.33836263935202 -3.332645 -2.8021135 0.080172926 211.23625002462853 15.338354701233168 211.22607638934056 15.213377648495316 58.24336315914904 243.455550425805 5400.0 5400.0 2016.0 1 140 {-999.0 15.767929 15.96905 16.129782 -999.0} sdss_psfmag 15.900247 15.853775 15.783824 15.384 63050394841217524 1150496992 dark_flexible_3x1 manual_mwm_halo_distant_bhb_boss_triple mwm_halo science 0 0 1.1618452072143555 0.0 -999 ""
FIBERMAP 635 R+9C12 METROLOGY 0 0 0 1 0 0 47.975294360170686 156.78112793469498 143.1 73.05506357997044 146.7495882149778 298.05814 54.3804 -999.0 -999.0 -999.0 -999.0 -999.0 211.2388043189763 15.340684559918698 211.2285962966182 15.215687518658829 58.246705407903505 243.45607826829104 -999.0 6231.0 -999.0 -1 -999 {-999.0 -999.0 -999.0 -999.0 -999.0} "" -999.0 -999.0 -999.0 -999.0 -999 -999 "" "" "" "" 0 0 0.0 0.0 -999 ""
FIBERMAP 637 R-13C10 APOGEE 0 0 0 1 0 0 43.35214941724117 -249.40475303761588 143.1 1.8105667008460427 -253.09344875506795 166.63832 118.593414 -999.0 -999.0 -999.0 -999.0 -999.0 210.90050923173686 13.528516694871438 210.89299767949808 13.403558625656824 56.83766310453235 241.2475483552644 -999.0 16600.0 -999.0 2 181 {-999.0 -999.0 -999.0 -999.0 -999.0} "" -999.0 -999.0 -999.0 -999.0 -999 -999 "" "" "" "" 0 0 0.0 0.0 -999 ""
FIBERMAP 637 R-13C10 BOSS 1 1 0 1 0 0 43.18207174067408 -248.67823035028803 143.1 1.7621027666592313 -252.34899136597778 166.63832 118.593414 210.90018447194208 13.531733969628018 -999.0 -999.0 -999.0 210.90018447194205 13.531733969628018 210.89277272568077 13.406861658799633 56.839652222708466 241.25238565481266 5400.0 5400.0 2016.0 1 335 {-999.0 21.600508 21.187803 21.028292 20.91039} sdss_psfmag_from_lsdr10 nan nan nan -999.0 63050396950092909 1059077604 dark_flexible_2x2 bhm_spiders_agn_lsdr10 bhm_spiders science 0 0 0.0 0.0 -999 ""
FIBERMAP 637 R-13C10 METROLOGY 0 0 0 1 0 0 43.89218757505582 -248.88925788578436 143.1 2.427811519802269 -252.67370001329047 166.63832 118.593414 -999.0 -999.0 -999.0 -999.0 -999.0 210.90331172351512 13.530310534102842 210.8958699458425 13.405417713909642 56.84099347414728 241.24679149510916 -999.0 6231.0 -999.0 -1 -999 {-999.0 -999.0 -999.0 -999.0 -999.0} "" -999.0 -999.0 -999.0 -999.0 -999 -999 "" "" "" "" 0 0 0.0 0.0 -999 ""
FIBERMAP 640 R-5C17 APOGEE 0 0 0 1 0 0 109.89340220260856 -80.18996816886303 143.1 95.21763745207647 -97.12916540556652 192.73831 33.971375 -999.0 -999.0 -999.0 -999.0 -999.0 211.33987618569097 14.231602547475664 211.33103877979306 14.106979048230887 57.61791315822594 241.72590760902 -999.0 16600.0 -999.0 2 -999 {-999.0 -999.0 -999.0 -999.0 -999.0} "" -999.0 -999.0 -999.0 -999.0 -999 -999 "" "" "" "" 0 0 0.0 0.0 -999 ""
FIBERMAP 640 R-5C17 BOSS 1 1 0 1 0 0 110.41259405195467 -79.62963629998585 143.1 95.82168353235053 -96.66177390933969 192.73831 33.971375 211.34273889803072 14.233901927922584 -29.55421 -107.72721 16.205126 211.3426525221659 14.233596747059998 211.33391470835232 14.10906039826994 57.62138692960788 241.72551223612024 5400.0 5400.0 2016.0 1 300 {-999.0 19.324402 18.780073 18.570164 -999.0} sdss_psfmag 19.141523 18.797928 18.272701 -999.0 63050394841198767 1143462297 dark_1x3 mwm_wd_pwd_boss_1x3 mwm_wd science 0 0 0.0 0.0 -999 ""
FIBERMAP 640 R-5C17 METROLOGY 0 0 0 1 0 0 110.62393252906298 -80.34158420575288 143.1 95.9132338449586 -97.39863080155348 192.73831 33.971375 -999.0 -999.0 -999.0 -999.0 -999.0 211.34308824180428 14.230281949925237 211.33432302352003 14.105722672686808 57.61953398145586 241.7202758070872 -999.0 6231.0 -999.0 -1 -999 {-999.0 -999.0 -999.0 -999.0 -999.0} "" -999.0 -999.0 -999.0 -999.0 -999 -999 "" "" "" "" 0 0 0.0 0.0 -999 ""
FIBERMAP 641 R-8C16 APOGEE 0 0 0 1 0 0 150.87476829820034 -146.89627923215522 143.1 124.68423162774178 -169.6465123974338 67.856064 69.57153 -999.0 -999.0 -999.0 -999.0 -999.0 211.47534904734795 13.903276848594858 211.46685176939593 13.778910931792364 57.505277777405276 241.10110844299615 -999.0 16600.0 -999.0 2 -999 {-999.0 -999.0 -999.0 -999.0 -999.0} "" -999.0 -999.0 -999.0 -999.0 -999 -999 "" "" "" "" 0 0 0.0 0.0 -999 ""
FIBERMAP 641 R-8C16 BOSS 1 1 0 1 0 0 151.43816707414018 -147.4034033706262 143.1 125.1566290669958 -170.23916016641243 67.856064 69.57153 211.47744956388047 13.900486645076045 0.9960451 -0.67238647 0.26423126 211.4774524707087 13.90048474026971 211.46905880955148 13.776207058366687 57.505138777329215 241.09469080864633 5400.0 5400.0 2016.0 1 307 {-999.0 19.940231 19.924921 19.786837 19.642235} sdss_psfmag_from_lsdr10 20.048714 19.833693 19.565027 -999.0 63050394841188359 1059080242 dark_flexible_2x2 bhm_spiders_agn_lsdr10 bhm_spiders science 0 0 0.0 0.0 -999 ""
FIBERMAP 641 R-8C16 METROLOGY 0 0 0 1 0 0 150.72312212956 -147.62680330434483 143.1 124.41473754100997 -170.34209767519752 67.856064 69.57153 -999.0 -999.0 -999.0 -999.0 -999.0 211.47401594892025 13.900049169906595 211.46559699304123 13.775743342731907 57.50228786651716 241.09811912035528 -999.0 6231.0 -999.0 -1 -999 {-999.0 -999.0 -999.0 -999.0 -999.0} "" -999.0 -999.0 -999.0 -999.0 -999 -999 "" "" "" "" 0 0 0.0 0.0 -999 ""
FIBERMAP 647 R-6C1 APOGEE 0 0 1 1 0 0 -223.53968194377902 -108.75842530633693 143.1 -238.32191436371951 -70.56405698428347 10.001481 170.0552 -999.0 -999.0 -999.0 -999.0 -999.0 209.7791618028574 14.353529085132624 209.77148672747694 14.227018934486205 56.529065244988644 243.66910857492428 -999.0 16600.0 -999.0 2 261 {-999.0 -999.0 -999.0 -999.0 -999.0} "" -999.0 -999.0 -999.0 -999.0 -999 -999 "" "" "" "" 0 0 0.0 0.0 -999 ""
FIBERMAP 647 R-6C1 BOSS 1 0 1 1 0 0 -222.80215335389636 -108.71584557184983 143.1 -237.5875341377588 -70.64314515117081 10.001481 170.0552 209.80602378417396 14.281999765716467 -999.0 -999.0 -999.0 209.78242325347753 14.35307952544409 209.7748542604769 14.226658181866839 56.53137621432382 243.6648774886031 5400.0 5400.0 2016.0 1 499 {-999.0 21.843784 20.894392 20.464394 20.163752} sdss_fiber2mag_from_lsdr10 20.35314 20.925383 19.426674 -999.0 63050394841208437 1059081463 dark_flexible_2x2 bhm_spiders_agn_lsdr10 bhm_spiders science 0 0 0.0 0.0 -999 ""
FIBERMAP 647 R-6C1 METROLOGY 0 0 1 1 0 0 -223.10070297808804 -109.39461390021614 143.1 -237.9934152797706 -71.2635685366168 10.001481 170.0552 -999.0 -999.0 -999.0 -999.0 -999.0 209.7806072412255 14.350299145060923 209.77301278536572 14.223852424027552 56.52822377938512 243.6629579573944 -999.0 6231.0 -999.0 -1 -999 {-999.0 -999.0 -999.0 -999.0 -999.0} "" -999.0 -999.0 -999.0 -999.0 -999 -999 "" "" "" "" 0 0 0.0 0.0 -999 ""
FIBERMAP 648 R+10C6 APOGEE 0 0 0 1 0 0 -54.51620322298329 197.3046280018601 143.1 -21.374601296505674 203.5423857202837 17.541067 115.23019 -999.0 -999.0 -999.0 -999.0 -999.0 210.794194512843 15.59818856510306 210.7839568750844 15.472528113467984 58.07069022338918 244.34281608702724 -999.0 16600.0 -999.0 2 -999 {-999.0 -999.0 -999.0 -999.0 -999.0} "" -999.0 -999.0 -999.0 -999.0 -999 -999 "" "" "" "" 0 0 0.0 0.0 -999 ""
FIBERMAP 648 R+10C6 BOSS 1 1 0 1 0 0 -53.99631100774624 196.72978714687343 143.1 -20.95622961406251 202.89009475690486 17.541067 115.23019 210.79605102539062 15.59522309688748 -999.0 -999.0 -999.0 210.7960510253906 15.595223096887477 210.78591955779993 15.469644295409248 58.07039667878633 244.33631861458852 5400.0 5400.0 2015.5 1 119 {-999.0 -999.0 -999.0 -999.0 -999.0} "" -999.0 -999.0 -999.0 -999.0 27021603099614805 817239397 "" ops_sky_boss_good ops_sky sky_boss 0 0 0.0 0.0 -999 ""
FIBERMAP 648 R+10C6 METROLOGY 0 0 0 1 0 0 -54.73225816774314 196.5904975926514 143.1 -21.70492732746364 202.8735429475063 17.541067 115.23019 -999.0 -999.0 -999.0 -999.0 -999.0 210.79255394295765 15.595161345651666 210.78239635434363 15.469556100610923 58.06767176887389 244.3401530784052 -999.0 6231.0 -999.0 -1 -999 {-999.0 -999.0 -999.0 -999.0 -999.0} "" -999.0 -999.0 -999.0 -999.0 -999 -999 "" "" "" "" 0 0 0.0 0.0 -999 ""
FIBERMAP 650 R-2C1 APOGEE 0 0 0 1 0 0 -280.12947196409544 -40.95062284811952 143.1 -283.00152754104965 5.602126788232938 177.87213 129.54588 -999.0 -999.0 -999.0 -999.0 -999.0 209.57142095134708 14.697545885833852 209.56347404001417 14.570701443723395 56.58668773170363 244.38440950219444 -999.0 16600.0 -999.0 2 275 {-999.0 -999.0 -999.0 -999.0 -999.0} "" -999.0 -999.0 -999.0 -999.0 -999 -999 "" "" "" "" 0 0 0.0 0.0 -999 ""
FIBERMAP 650 R-2C1 BOSS 1 1 0 1 0 0 -280.59216233071265 -40.362709793392504 143.1 -283.3613376228762 6.257919227051839 177.87213 129.54588 209.56969453067464 14.70057135099927 -12.389499 -54.525494 12.090514 209.56965824462313 14.700416885507403 209.56182010574557 14.573653911141443 56.58726847602474 244.39041646932614 5400.0 5400.0 2016.0 1 426 {-999.0 18.055168 18.022486 18.07752 18.126127} sdss_psfmag nan nan nan -999.0 63050394841213177 1128944567 dark_1x4 bhm_aqmes_wide1 bhm_aqmes science 0 0 0.0 0.0 -999 ""
FIBERMAP 650 R-2C1 METROLOGY 0 0 0 1 0 0 -279.8574140738023 -40.25550446173743 143.1 -282.61908970627366 6.243024704397527 177.87213 129.54588 -999.0 -999.0 -999.0 -999.0 -999.0 209.5730955610445 14.70039038211391 209.56522160829638 14.573607065309673 56.58981854412368 244.38663465407893 -999.0 6231.0 -999.0 -1 -999 {-999.0 -999.0 -999.0 -999.0 -999.0} "" -999.0 -999.0 -999.0 -999.0 -999 -999 "" "" "" "" 0 0 0.0 0.0 -999 ""
FIBERMAP 654 R+12C14 APOGEE 0 0 0 1 0 0 151.8141866589577 228.7935990139319 143.1 187.28901054818007 200.72452092185463 23.914574 74.83534 -999.0 -999.0 -999.0 -999.0 -999.0 211.77402023547694 15.579258808447726 211.76293014640157 15.454795825292644 58.79808545100933 243.1942145940324 -999.0 16600.0 -999.0 2 91 {-999.0 -999.0 -999.0 -999.0 -999.0} "" -999.0 -999.0 -999.0 -999.0 -999 -999 "" "" "" "" 0 0 0.0 0.0 -999 ""
FIBERMAP 654 R+12C14 BOSS 1 1 0 1 0 0 151.9155917226019 228.05886063204576 143.1 187.2683971151494 199.98323499409156 23.914574 74.83534 211.77383422851562 15.575860159380568 -999.0 -999.0 -999.0 211.7738342285156 15.575860159380571 211.76284896248708 15.451475507978198 58.79594122544501 243.1893189008921 5400.0 5400.0 2015.5 1 89 {-999.0 -999.0 -999.0 -999.0 -999.0} "" -999.0 -999.0 -999.0 -999.0 27021603099612006 806483005 "" ops_sky_boss_good ops_sky sky_boss 0 0 0.0 0.0 -999 ""
FIBERMAP 654 R+12C14 METROLOGY 0 0 0 1 0 0 151.21722849775293 228.33313383966555 143.1 186.62466266350665 200.36839040825387 23.914574 74.83534 -999.0 -999.0 -999.0 -999.0 -999.0 211.77085817302134 15.577646599108974 211.7598448008921 15.45323577380992 58.79479100963892 243.1954712519207 -999.0 6231.0 -999.0 -1 -999 {-999.0 -999.0 -999.0 -999.0 -999.0} "" -999.0 -999.0 -999.0 -999.0 -999 -999 "" "" "" "" 0 0 0.0 0.0 -999 ""
FIBERMAP 660 R+8C18 APOGEE 0 0 0 1 0 0 196.37721638172542 159.11619765865007 143.1 219.80025722158527 124.68891348392995 47.161816 78.71918 -999.0 -999.0 -999.0 -999.0 -999.0 211.92580355066096 15.235372647350617 211.91506335303927 15.111192419418215 58.6950417237788 242.50199164459647 -999.0 16600.0 -999.0 2 -999 {-999.0 -999.0 -999.0 -999.0 -999.0} "" -999.0 -999.0 -999.0 -999.0 -999 -999 "" "" "" "" 0 0 0.0 0.0 -999 ""
FIBERMAP 660 R+8C18 BOSS 1 1 0 1 0 0 196.8265352418364 158.50720628078687 143.1 220.1434191158942 124.01452773150471 47.161816 78.71918 211.92731535178538 15.232244200333104 -0.39601746 -0.8168257 0.114686206 211.9273141890579 15.23224188634434 211.9166764298847 15.108143275210136 58.69430892038507 242.49555494093403 5400.0 5400.0 2016.0 1 239 {-999.0 20.202375 20.058374 19.930197 19.860964} sdss_psfmag_from_gaiadr2 20.151272 20.048882 19.663101 -999.0 63050394841202620 1055914574 dark_flexible_2x2 bhm_gua_dark bhm_filler science 0 0 0.0 0.0 -999 ""
FIBERMAP 660 R+8C18 METROLOGY 0 0 0 1 0 0 196.07692197594895 158.43320040362545 143.1 219.39196100638497 124.06460575365733 47.161816 78.71918 -999.0 -999.0 -999.0 -999.0 -999.0 211.92385012553177 15.23252830504935 211.91318688824504 15.108402952541725 58.69187105555938 242.500057691008 -999.0 6231.0 -999.0 -1 -999 {-999.0 -999.0 -999.0 -999.0 -999.0} "" -999.0 -999.0 -999.0 -999.0 -999 -999 "" "" "" "" 0 0 0.0 0.0 -999 ""
FIBERMAP 661 R-11C8 APOGEE 0 0 0 1 0 0 -5.647521101876504 -198.33893598507052 143.1 -38.13185674960864 -194.68519345271827 92.86331 92.104256 -999.0 -999.0 -999.0 -999.0 -999.0 210.7142066428471 13.790783806384809 210.7064933257749 13.665528747683327 56.86994199392032 241.8272419423706 -999.0 16600.0 -999.0 2 158 {-999.0 -999.0 -999.0 -999.0 -999.0} "" -999.0 -999.0 -999.0 -999.0 -999 -999 "" "" "" "" 0 0 0.0 0.0 -999 ""
FIBERMAP 661 R-11C8 BOSS 1 1 0 1 0 0 -4.907993394113854 -198.24168315300236 143.1 -37.38652902080877 -194.71068831628818 92.86331 92.104256 210.71757318179928 13.790528565620658 0.56692296 -0.50270116 -0.72270435 210.7175748355079 13.790527141516517 210.70996363930814 13.665362354634699 56.87240681096303 241.8230201461694 5400.0 5400.0 2016.0 1 360 {-999.0 19.955671 19.661057 19.568708 19.77713} sdss_psfmag 20.542936 20.095842 19.704288 -999.0 63050394841189031 1060491812 dark_flexible_2x2 bhm_aqmes_bonus_faint bhm_filler science 0 0 0.0 0.0 -999 ""
FIBERMAP 661 R-11C8 METROLOGY 0 0 0 1 0 0 -5.197225892901311 -198.93466566648763 143.1 -37.78555471087972 -195.3466601080321 92.86331 92.104256 -999.0 -999.0 -999.0 -999.0 -999.0 210.71574469714176 13.7877003853051 210.70810925583135 13.66250979561606 56.86918773208671 241.8211706723908 -999.0 6231.0 -999.0 -1 -999 {-999.0 -999.0 -999.0 -999.0 -999.0} "" -999.0 -999.0 -999.0 -999.0 -999 -999 "" "" "" "" 0 0 0.0 0.0 -999 ""
FIBERMAP 663 R0C1 APOGEE 0 0 0 1 0 0 -301.5811947546359 -5.322680240830584 143.1 -298.30919346746543 44.2620929460672 192.5816 130.02147 -999.0 -999.0 -999.0 -999.0 -999.0 209.50075009324445 14.871672359704382 209.49263725265735 14.74469897663186 56.64073741705785 244.7097456095015 -999.0 16600.0 -999.0 2 277 {-999.0 -999.0 -999.0 -999.0 -999.0} "" -999.0 -999.0 -999.0 -999.0 -999 -999 "" "" "" "" 0 0 0.0 0.0 -999 ""
FIBERMAP 663 R0C1 BOSS 1 1 0 1 0 0 -302.1814731261347 -4.885075451311441 143.1 -298.8293767436781 44.792231697814415 192.5816 130.02147 209.498291015625 14.873957494367446 -999.0 -999.0 -999.0 209.49829101562497 14.873957494367446 209.49028660530936 14.747063760412358 56.640411624776426 244.71568124853988 5400.0 5400.0 2015.5 1 424 {-999.0 -999.0 -999.0 -999.0 -999.0} "" -999.0 -999.0 -999.0 -999.0 27021603099606882 817238873 "" ops_sky_boss_good ops_sky sky_boss 0 0 0.0 0.0 -999 ""
FIBERMAP 663 R0C1 METROLOGY 0 0 0 1 0 0 -301.50661667389505 -4.56966340560637 143.1 -298.1120152990557 44.99251430632466 192.5816 130.02147 -999.0 -999.0 -999.0 -999.0 -999.0 209.50159756706367 14.87491075328365 209.49355806911308 14.747996980833358 56.643475609952716 244.71346027358115 -999.0 6231.0 -999.0 -1 -999 {-999.0 -999.0 -999.0 -999.0 -999.0} "" -999.0 -999.0 -999.0 -999.0 -999 -999 "" "" "" "" 0 0 0.0 0.0 -999 ""
FIBERMAP 664 R+7C5 APOGEE 0 0 0 1 0 0 -106.29919468504569 142.15728829519963 143.1 -81.49945558590856 157.65454617511176 58.970512 72.757225 -999.0 -999.0 -999.0 -999.0 -999.0 210.51059918108163 15.390745530425198 210.50089834694768 15.264804263722885 57.72774089631049 244.35298052280496 -999.0 16600.0 -999.0 2 117 {-999.0 -999.0 -999.0 -999.0 -999.0} "" -999.0 -999.0 -999.0 -999.0 -999 -999 "" "" "" "" 0 0 0.0 0.0 -999 ""
FIBERMAP 664 R+7C5 BOSS 1 1 0 1 0 0 -105.81219082110287 141.5998006431983 143.1 -81.11067120395568 157.0247692514219 58.970512 72.757225 210.51229107943982 15.387875940450424 -0.086200565 -0.9344185 -5.045997 210.5122908261623 15.387873293332516 210.5026973449566 15.262014604614484 57.72737902699808 244.3468647112262 5400.0 5400.0 2016.0 1 56 {-999.0 20.961264 20.749935 20.745543 20.451654} sdss_psfmag 20.75397 20.7972 20.567053 -999.0 63050394841222526 1060491971 dark_flexible_2x2 bhm_aqmes_bonus_faint bhm_filler science 0 0 0.0 0.0 -999 ""
FIBERMAP 664 R+7C5 METROLOGY 0 0 0 1 0 0 -106.54105072672799 141.4538069404145 143.1 -81.85347973432174 157.00044191708665 58.970512 72.757225 -999.0 -999.0 -999.0 -999.0 -999.0 210.50882970003815 15.387766459050468 210.49920976709666 15.261881092017404 57.72465277409203 244.35056606807842 -999.0 6231.0 -999.0 -1 -999 {-999.0 -999.0 -999.0 -999.0 -999.0} "" -999.0 -999.0 -999.0 -999.0 -999 -999 "" "" "" "" 0 0 0.0 0.0 -999 ""
FIBERMAP 665 R-5C18 APOGEE 0 0 0 1 0 0 132.3686110822149 -99.55706531131096 143.1 114.2043174393222 -119.9198534813937 192.28615 115.54307 -999.0 -999.0 -999.0 -999.0 -999.0 211.42812474333533 14.128116761965275 211.41935610342284 14.003629999619447 57.61637601372244 241.47527314137406 -999.0 16600.0 -999.0 2 220 {-999.0 -999.0 -999.0 -999.0 -999.0} "" -999.0 -999.0 -999.0 -999.0 -999 -999 "" "" "" "" 0 0 0.0 0.0 -999 ""
FIBERMAP 665 R-5C18 BOSS 1 1 0 1 0 0 131.8981637861646 -98.9866594925481 143.1 113.83398284075895 -119.28005412488687 192.28615 115.54307 211.4263506796944 14.130892884196255 -999.0 -999.0 -999.0 211.4263506796944 14.130892884196255 211.417681282295 14.006487132698602 57.616990669317715 241.48130196550167 5400.0 5400.0 2016.0 1 292 {-999.0 21.992935 20.73929 20.251234 19.896572} sdss_fiber2mag_from_lsdr10 20.753983 21.21177 19.212732 -999.0 63050394841197631 1058148135 dark_flexible_2x2 bhm_spiders_clusters_lsdr10 bhm_spiders science 0 0 0.0 0.0 -999 ""
FIBERMAP 665 R-5C18 METROLOGY 0 0 0 1 0 0 132.6393304622487 -98.8691537859393 143.1 114.58425198968473 -119.28584360560959 192.28615 115.54307 -999.0 -999.0 -999.0 -999.0 -999.0 211.429879376532 14.130895069245216 211.42117826919434 14.006469838784694 57.619563110236 241.47717083254685 -999.0 6231.0 -999.0 -1 -999 {-999.0 -999.0 -999.0 -999.0 -999.0} "" -999.0 -999.0 -999.0 -999.0 -999 -999 "" "" "" "" 0 0 0.0 0.0 -999 ""
FIBERMAP 667 R0C9 APOGEE 1 1 0 1 0 0 -106.93928745969544 16.87529179222995 143.1 -102.69871701648064 34.19989036587375 107.75121 77.66947 210.41042331454418 14.830124796081767 -48.403378 1.4766794 5.3402247 210.41028146733996 14.830128979329434 210.40142655067916 14.704223674598055 57.30343487948711 243.64775727197275 16000.0 16600.0 2016.0 2 246 {-999.0 10.9276285 10.547354 10.447356 -999.0} sdss_psfmag_from_g3xp 10.868134 10.575248 10.119768 9.382 63050394841209571 974688811 "" ops_std_apogee ops_std standard_apogee 0 0 0.0 0.0 -999 ""
FIBERMAP 667 R0C9 BOSS 0 0 0 1 0 0 -106.20246043227185 16.96430275701463 143.1 -101.95740593686205 34.16671031596296 107.75121 77.66947 -999.0 -999.0 -999.0 -999.0 -999.0 210.41361035959184 14.82991750812185 210.4048575627935 14.704098144769915 57.305941338943455 243.64372406470167 -999.0 5400.0 -999.0 1 492 {-999.0 -999.0 -999.0 -999.0 -999.0} "" -999.0 -999.0 -999.0 -999.0 -999 -999 "" "" "" "" 0 0 0.0 0.0 -999 ""
FIBERMAP 667 R0C9 METROLOGY 0 0 0 1 0 0 -106.49170264063684 16.27714510219526 143.1 -102.3554849163344 33.536484902472274 107.75121 77.66947 -999.0 -999.0 -999.0 -999.0 -999.0 210.41177933414406 14.827066716942104 210.40300205818698 14.701222695645134 57.302740206297194 243.64166087762945 -999.0 6231.0 -999.0 -1 -999 {-999.0 -999.0 -999.0 -999.0 -999.0} "" -999.0 -999.0 -999.0 -999.0 -999 -999 "" "" "" "" 0 0 0.0 0.0 -999 ""
FIBERMAP 669 R+3C3 APOGEE 0 0 0 1 0 0 -194.245134726516 55.06570020360241 143.1 -182.5345205909511 86.19858983652233 34.573128 66.62624 -999.0 -999.0 -999.0 -999.0 -999.0 210.03620715275972 15.065056554184977 210.0273658693768 14.938647507385978 57.166789485932775 244.4029731369214 -999.0 16600.0 -999.0 2 107 {-999.0 -999.0 -999.0 -999.0 -999.0} "" -999.0 -999.0 -999.0 -999.0 -999 -999 "" "" "" "" 0 0 0.0 0.0 -999 ""
FIBERMAP 669 R+3C3 BOSS 1 1 0 1 0 0 -194.1211509457919 54.33650856426888 143.1 -182.53195506960995 85.45906757595756 34.573128 66.62624 210.03606384992196 15.061661078163526 -0.11787702 -5.902311 0.25095102 210.03606350410783 15.061644357483505 210.02733392598125 14.935317771189176 57.16470195705875 244.39818849262133 5400.0 5400.0 2016.0 1 59 {-999.0 18.012997 17.755466 17.665493 17.652376} sdss_psfmag_from_gaia 17.9681 17.7557 17.329 -999.0 63050394841214001 968382065 "" ops_std_boss_gdr2 ops_std standard_boss 0 0 0.0 0.0 -999 ""
FIBERMAP 669 R+3C3 METROLOGY 0 0 0 1 0 0 -194.82229246894855 54.5820836302869 143.1 -183.18314109695416 85.81637548514064 34.573128 66.62624 -999.0 -999.0 -999.0 -999.0 -999.0 210.03306457716883 15.06326548466548 210.0243051885152 14.936911798794087 57.163392872208185 244.40384018333148 -999.0 6231.0 -999.0 -1 -999 {-999.0 -999.0 -999.0 -999.0 -999.0} "" -999.0 -999.0 -999.0 -999.0 -999 -999 "" "" "" "" 0 0 0.0 0.0 -999 ""
FIBERMAP 671 R+1C15 APOGEE 0 0 0 1 0 0 39.77432906441287 3.339267745988675 143.1 39.77576929431042 -3.2365230329413945 319.9775 84.29539 -999.0 -999.0 -999.0 -999.0 -999.0 211.08093233173014 14.6593374833206 211.07172721661777 14.534280480379236 57.6989515535486 242.6400434912191 -999.0 16600.0 -999.0 2 -999 {-999.0 -999.0 -999.0 -999.0 -999.0} "" -999.0 -999.0 -999.0 -999.0 -999 -999 "" "" "" "" 0 0 0.0 0.0 -999 ""
FIBERMAP 671 R+1C15 BOSS 1 1 0 1 0 0 39.23714043085243 2.791707649874674 143.1 39.15607061705314 -3.688363737480919 319.9775 84.29539 211.0779428214153 14.657218925553456 -4.351932 -6.5004425 -0.027091991 211.0779300781045 14.657200510423527 211.06883333740984 14.532222632884423 57.695481148904165 242.64040756230514 5400.0 5400.0 2016.0 1 189 {-999.0 17.966133 17.581581 17.430237 17.371468} sdss_psfmag_from_gaia 17.8819 17.5941 17.0789 15.898 63050394841216087 969424095 "" ops_std_boss_gdr2 ops_std standard_boss 0 0 0.0 0.0 -999 ""
FIBERMAP 671 R+1C15 METROLOGY 0 0 0 1 0 0 39.049933815648565 3.5179112571485103 143.1 39.09066083169623 -2.9414089264004533 319.9775 84.29539 -999.0 -999.0 -999.0 -999.0 -999.0 211.07765453809924 14.660628173243675 211.06852423078146 14.535625717723434 57.697415276138834 242.64567692659114 -999.0 6231.0 -999.0 -1 -999 {-999.0 -999.0 -999.0 -999.0 -999.0} "" -999.0 -999.0 -999.0 -999.0 -999 -999 "" "" "" "" 0 0 0.0 0.0 -999 ""
FIBERMAP 673 R-11C1 APOGEE 0 0 0 1 0 0 -173.5658009058813 -218.82854559823076 143.1 -207.1056084129138 -187.32542143222926 150.3418 169.346 -999.0 -999.0 -999.0 -999.0 -999.0 209.92837139495103 13.826804139981652 209.92126411494758 13.700613847005128 56.30788634142136 242.76638966256135 -999.0 16600.0 -999.0 2 271 {-999.0 -999.0 -999.0 -999.0 -999.0} "" -999.0 -999.0 -999.0 -999.0 -999 -999 "" "" "" "" 0 0 0.0 0.0 -999 ""
FIBERMAP 673 R-11C1 BOSS 1 1 0 1 0 0 -174.14218231997413 -218.35215213938739 143.1 -207.5958551770435 -186.76095048400992 150.3418 169.346 209.9259780988499 13.829266009382069 -999.0 -999.0 -999.0 209.92597809884987 13.829266009382069 209.91897737062823 13.70315918962676 56.30780191526508 242.77247811282297 5400.0 5400.0 2016.0 1 421 {-999.0 22.71499 21.800863 21.222832 20.778751} sdss_fiber2mag_from_lsdr10 nan nan nan -999.0 63050398370897300 1059078908 dark_flexible_2x2 bhm_spiders_agn_lsdr10 bhm_spiders science 0 0 0.0 0.0 -999 ""
FIBERMAP 673 R-11C1 METROLOGY 0 0 0 1 0 0 -173.4403669027076 -218.0882020370787 143.1 -206.86035405377305 -186.6158483146091 150.3418 169.346 -999.0 -999.0 -999.0 -999.0 -999.0 209.92939177134542 13.829921968875002 209.92235681019008 13.703794283907525 56.31073419113261 242.7695800240616 -999.0 6231.0 -999.0 -1 -999 {-999.0 -999.0 -999.0 -999.0 -999.0} "" -999.0 -999.0 -999.0 -999.0 -999 -999 "" "" "" "" 0 0 0.0 0.0 -999 ""
FIBERMAP 674 R+4C1 APOGEE 0 0 0 1 0 0 -265.0678222462919 83.14040373459771 143.1 -247.77448819391208 125.51454931131465 206.48505 64.32552 -999.0 -999.0 -999.0 -999.0 -999.0 209.73344561046417 15.240287357795493 209.72464152842315 15.113479434718078 57.04449658701255 244.98842212721684 -999.0 16600.0 -999.0 2 144 {-999.0 -999.0 -999.0 -999.0 -999.0} "" -999.0 -999.0 -999.0 -999.0 -999 -999 "" "" "" "" 0 0 0.0 0.0 -999 ""
FIBERMAP 674 R+4C1 BOSS 1 1 0 1 0 0 -265.07292949653703 83.87460387183054 143.1 -247.6589891211909 126.23949485678324 206.48505 64.32552 209.73388562735587 15.243472704170998 0.2592442 0.76958436 -0.026774675 209.7338863885507 15.2434748843296 209.72518589186967 15.116747873924837 57.04691811225498 244.9925717063953 5400.0 5400.0 2016.0 1 2 {-999.0 20.355177 20.167006 20.098295 20.053785} sdss_psfmag_from_lsdr10 20.335127 20.094383 19.731112 -999.0 63050394841214460 1059086565 dark_flexible_2x2 bhm_spiders_agn_lsdr10 bhm_spiders science 0 0 0.0 0.0 -999 ""
FIBERMAP 674 R+4C1 METROLOGY 0 0 0 1 0 0 -264.41819208093676 83.50785061728399 143.1 -247.07346351508934 125.77029291732167 206.48505 64.32552 -999.0 -999.0 -999.0 -999.0 -999.0 209.73661594422572 15.241413297090425 209.72788510549321 15.114666966873106 57.04769737539464 244.98661089361673 -999.0 6231.0 -999.0 -1 -999 {-999.0 -999.0 -999.0 -999.0 -999.0} "" -999.0 -999.0 -999.0 -999.0 -999 -999 "" "" "" "" 0 0 0.0 0.0 -999 ""
FIBERMAP 675 R-1C20 APOGEE 0 0 0 1 0 0 163.5458922640118 -13.826519299600644 143.1 159.02767678102097 -40.486326701984254 59.73822 66.308655 -999.0 -999.0 -999.0 -999.0 -999.0 211.63992792789807 14.48828476989874 211.6304811891198 14.363957541643817 58.005467601595996 241.74300443149423 -999.0 16600.0 -999.0 2 227 {-999.0 -999.0 -999.0 -999.0 -999.0} "" -999.0 -999.0 -999.0 -999.0 -999 -999 "" "" "" "" 0 0 0.0 0.0 -999 ""
FIBERMAP 675 R-1C20 BOSS 1 1 0 1 0 0 164.0120206163934 -14.411131413212495 143.1 159.39141951318126 -41.13942800352341 59.73822 66.308655 211.64156385778986 14.485216175442734 0.18147731 -0.17974252 -0.15168546 211.64156438877652 14.48521566624944 211.6322211691973 14.360973560310962 58.0048330031196 241.73664798317697 5400.0 5400.0 2016.0 1 271 {-999.0 19.996115 19.83695 19.699953 19.614058} sdss_psfmag_from_gaiadr2 19.998146 19.829565 19.452852 -999.0 63050394841199539 1129368856 dark_flexible_3x1 bhm_gua_dark_d3 bhm_filler science 0 0 0.0 0.0 -999 ""
FIBERMAP 675 R-1C20 METROLOGY 0 0 0 1 0 0 163.25859516380248 -14.51953053571734 143.1 158.63055516806784 -41.12264456242287 59.73822 66.308655 -999.0 -999.0 -999.0 -999.0 -999.0 211.6380292666785 14.485328882756829 211.62866042957285 14.361059082820946 58.002250829672136 241.7409677220413 -999.0 6231.0 -999.0 -1 -999 {-999.0 -999.0 -999.0 -999.0 -999.0} "" -999.0 -999.0 -999.0 -999.0 -999 -999 "" "" "" "" 0 0 0.0 0.0 -999 ""
FIBERMAP 676 R-9C12 APOGEE 1 1 0 1 0 0 56.340460456481594 -193.70201357096738 143.1 23.765233788778133 -200.2887909777606 312.64545 69.485085 211.00339762037578 13.76519203417929 18.112938 -9.654152 3.0731244 211.00345044990019 13.765164684888068 210.9955331139397 13.640264003219231 57.067449372012135 241.45796237338087 16000.0 16600.0 2016.0 2 152 {-999.0 11.920083 11.554022 11.43165 -999.0} sdss_psfmag_from_g3xp 11.860514 11.564579 11.101558 10.275 63050394841187905 974688652 "" ops_std_apogee ops_std standard_apogee 0 0 0.0 0.0 -999 ""
FIBERMAP 676 R-9C12 BOSS 0 0 0 1 0 0 55.643733863498134 -193.9859953984088 143.1 23.031462857710107 -200.45448494515603 312.64545 69.485085 -999.0 -999.0 -999.0 -999.0 -999.0 210.99992247981805 13.764286599249738 210.992112285983 13.639467749445163 57.06440499162224 241.46082223275135 -999.0 5400.0 -999.0 1 368 {-999.0 -999.0 -999.0 -999.0 -999.0} "" -999.0 -999.0 -999.0 -999.0 -999 -999 "" "" "" "" 0 0 0.0 0.0 -999 ""
FIBERMAP 676 R-9C12 METROLOGY 0 0 0 1 0 0 55.74343575597826 -193.2425620205745 143.1 23.251846111706893 -199.7376399592108 312.64545 69.485085 -999.0 -999.0 -999.0 -999.0 -999.0 211.00098965721497 13.767546342488949 210.99314481041745 13.642703490155721 57.06727011028351 241.46414727028696 -999.0 6231.0 -999.0 -1 -999 {-999.0 -999.0 -999.0 -999.0 -999.0} "" -999.0 -999.0 -999.0 -999.0 -999 -999 "" "" "" "" 0 0 0.0 0.0 -999 ""
FIBERMAP 677 R-11C3 APOGEE 0 0 0 1 0 0 -115.1653382441763 -207.01936230616406 143.1 -147.56922480075352 -185.26638023510677 15.51375 138.45113 -999.0 -999.0 -999.0 -999.0 -999.0 210.2038430726076 13.834706614355884 210.19649524008696 13.708835436497491 56.518652280904995 242.46855860762975 -999.0 16600.0 -999.0 2 206 {-999.0 -999.0 -999.0 -999.0 -999.0} "" -999.0 -999.0 -999.0 -999.0 -999 -999 "" "" "" "" 0 0 0.0 0.0 -999 ""
FIBERMAP 677 R-11C3 BOSS 1 1 0 1 0 0 -114.48601473547839 -207.31333053863966 143.1 -146.94750172451865 -185.66783411172838 15.51375 138.45113 210.20661827670727 13.832778593382308 -999.0 -999.0 -999.0 210.20661827670725 13.832778593382308 210.19937733673765 13.70699780487412 56.5196233175696 242.46274819435826 5400.0 5400.0 2016.0 1 338 {-999.0 22.170164 21.216742 20.763964 20.430786} sdss_fiber2mag_from_lsdr10 nan nan nan -999.0 63050399095265983 1059078914 dark_flexible_2x2 bhm_spiders_agn_lsdr10 bhm_spiders science 0 0 0.0 0.0 -999 ""
FIBERMAP 677 R-11C3 METROLOGY 0 0 0 1 0 0 -115.07586790152361 -207.75677846665218 143.1 -147.6020485078372 -186.00834776657842 15.51375 138.45113 -999.0 -999.0 -999.0 -999.0 -999.0 210.20362475308195 13.831289582619455 210.19635812613774 13.705481169467898 56.51639979927569 242.46404692869632 -999.0 6231.0 -999.0 -1 -999 {-999.0 -999.0 -999.0 -999.0 -999.0} "" -999.0 -999.0 -999.0 -999.0 -999 -999 "" "" "" "" 0 0 0.0 0.0 -999 ""
FIBERMAP 678 R+11C16 APOGEE 1 1 0 1 0 0 156.8129915990621 205.26715960090135 143.1 188.35668187226247 176.70082934421683 218.3965 114.668205 211.77934450029076 15.471387947609397 -19.777452 -2.2114463 0.67063576 211.7792863661054 15.471381682786786 211.76834331576805 15.346954832383949 58.73437874254752 243.02610758466156 16000.0 16600.0 2016.0 2 58 {-999.0 14.1362915 13.477883 13.234011 -999.0} sdss_psfmag_from_g3xp 13.968146 13.51026 12.889041 11.585 63050394841219579 1105875557 bright_flexible_4x1 mwm_tess_rgb_apogee mwm_tessrgb science 0 0 0.0 0.0 -999 ""
FIBERMAP 678 R+11C16 BOSS 0 0 0 1 0 0 156.14247771387636 205.604031844617 143.1 187.75069100971092 177.14315112403096 218.3965 114.668205 -999.0 -999.0 -999.0 -999.0 -999.0 211.77637007683842 15.47333652370944 211.76552676743722 15.348983542459102 58.73354461843315 243.0324387332438 -999.0 5400.0 -999.0 1 171 {-999.0 -999.0 -999.0 -999.0 -999.0} "" -999.0 -999.0 -999.0 -999.0 -999 -999 "" "" "" "" 0 0 0.0 0.0 -999 ""
FIBERMAP 678 R+11C16 METROLOGY 0 0 0 1 0 0 156.7657343953967 206.0128167462155 143.1 188.4324913636168 177.44399429806475 218.3965 114.668205 -999.0 -999.0 -999.0 -999.0 -999.0 211.77956825641894 15.474668452627089 211.7686919003129 15.35029693944922 58.736743217982905 243.0307045413175 -999.0 6231.0 -999.0 -1 -999 {-999.0 -999.0 -999.0 -999.0 -999.0} "" -999.0 -999.0 -999.0 -999.0 -999 -999 "" "" "" "" 0 0 0.0 0.0 -999 ""
FIBERMAP 681 R+6C17 APOGEE 0 0 0 1 0 0 128.5026854519385 100.96060317206557 143.1 143.3111988936054 78.47597602884102 273.64923 90.78922 -999.0 -999.0 -999.0 -999.0 -999.0 211.56857393420682 15.029278559037692 211.5584349995836 14.904713536378365 58.29781504842493 242.61520196257544 -999.0 16600.0 -999.0 2 71 {-999.0 -999.0 -999.0 -999.0 -999.0} "" -999.0 -999.0 -999.0 -999.0 -999 -999 "" "" "" "" 0 0 0.0 0.0 -999 ""
FIBERMAP 681 R+6C17 BOSS 1 1 0 1 0 0 127.7676869658198 100.91719613803335 143.1 142.57917816945633 78.55383289341854 273.64923 90.78922 211.56509399414062 15.029600543825069 -999.0 -999.0 -999.0 211.56509399414062 15.02960054382507 211.55505846007784 14.905111245961853 58.29554642401713 242.61972817691336 5400.0 5400.0 2015.5 1 207 {-999.0 -999.0 -999.0 -999.0 -999.0} "" -999.0 -999.0 -999.0 -999.0 27021603099609755 806482677 "" ops_sky_boss_good ops_sky sky_boss 0 0 0.0 0.0 -999 ""
FIBERMAP 681 R+6C17 METROLOGY 0 0 0 1 0 0 128.08385492194546 101.58679814946568 143.1 143.0009305786103 79.1623235105094 273.64923 90.78922 -999.0 -999.0 -999.0 -999.0 -999.0 211.567096043766 15.032368225755107 211.55702637772333 14.90785791745436 58.29875933508002 242.62146971686906 -999.0 6231.0 -999.0 -1 -999 {-999.0 -999.0 -999.0 -999.0 -999.0} "" -999.0 -999.0 -999.0 -999.0 -999 -999 "" "" "" "" 0 0 0.0 0.0 -999 ""
FIBERMAP 683 R-1C25 APOGEE 0 0 0 1 0 0 273.88035472889277 -27.756412481851775 143.1 265.5584512799724 -72.33870625549581 10.946975 74.0161 -999.0 -999.0 -999.0 -999.0 -999.0 212.13255705383264 14.342547314305374 212.12289851768003 14.2188727320982 58.27477598757076 240.9477059036451 -999.0 16600.0 -999.0 2 -999 {-999.0 -999.0 -999.0 -999.0 -999.0} "" -999.0 -999.0 -999.0 -999.0 -999 -999 "" "" "" "" 0 0 0.0 0.0 -999 ""
FIBERMAP 683 R-1C25 BOSS 1 1 0 1 0 0 273.8099717948467 -28.510935129412744 143.1 265.36516337318744 -73.07130145903893 10.946975 74.0161 212.1315478371022 14.339177654811124 -6.082699 -6.366789 0.20057783 212.1315300513142 14.339159618308813 212.12197590899015 14.215567032532 58.271942819564885 240.94404778665802 5400.0 5400.0 2016.0 1 261 {-999.0 16.719597 16.279383 16.054981 -999.0} sdss_psfmag 16.62337 16.275698 15.748102 14.694 63050394841198043 1133071434 dark_flexible_3x1 mwm_halo_vmp_xp_boss_triple mwm_halo science 0 0 0.0 0.0 -999 ""
FIBERMAP 683 R-1C25 METROLOGY 0 0 0 1 0 0 273.20464500569665 -28.07276410661455 143.1 264.84009404046543 -72.53977544227715 10.946975 74.0161 -999.0 -999.0 -999.0 -999.0 -999.0 212.12917313065137 14.341588557366629 212.1195895831172 14.217968996512473 58.27175449624811 240.95037889778098 -999.0 6231.0 -999.0 -1 -999 {-999.0 -999.0 -999.0 -999.0 -999.0} "" -999.0 -999.0 -999.0 -999.0 -999 -999 "" "" "" "" 0 0 0.0 0.0 -999 ""
FIBERMAP 685 R+6C6 APOGEE 0 0 0 1 0 0 -106.09985815830238 103.31525284030945 143.1 -87.67968734387684 119.31374732986941 304.87283 107.81257 -999.0 -999.0 -999.0 -999.0 -999.0 210.48118812392752 15.217062617449272 210.47174834537918 15.091134212752415 57.59801119427884 244.1308074592754 -999.0 16600.0 -999.0 2 -999 {-999.0 -999.0 -999.0 -999.0 -999.0} "" -999.0 -999.0 -999.0 -999.0 -999 -999 "" "" "" "" 0 0 0.0 0.0 -999 ""
FIBERMAP 685 R+6C6 BOSS 1 1 0 1 0 0 -106.6474141486742 102.67246242263012 143.1 -88.32524514081877 118.76968748114136 304.87283 107.81257 210.47800779795162 15.214551488423158 -0.5612766 0.4646148 -2.3853421 210.47800615015328 15.2145528046323 210.4686777436875 15.08870186188593 57.594176954844585 244.130687295659 5400.0 5400.0 2016.0 1 55 {-999.0 21.205612 21.13131 20.950848 20.733477} sdss_psfmag 21.202 20.958555 20.137905 -999.0 63050394841218280 1060491949 dark_flexible_2x2 bhm_aqmes_bonus_faint bhm_filler science 0 0 0.0 0.0 -999 ""
FIBERMAP 685 R+6C6 METROLOGY 0 0 0 1 0 0 -106.84237727819276 103.38824144975655 143.1 -88.4000162500006 119.5076344321418 304.87283 107.81257 -999.0 -999.0 -999.0 -999.0 -999.0 210.47769583599268 15.217912853606563 210.46833341345268 15.092037786825493 57.5959886231254 244.13595094170051 -999.0 6231.0 -999.0 -1 -999 {-999.0 -999.0 -999.0 -999.0 -999.0} "" -999.0 -999.0 -999.0 -999.0 -999 -999 "" "" "" "" 0 0 0.0 0.0 -999 ""
FIBERMAP 687 R-7C16 APOGEE 0 0 0 1 0 0 134.78186859793115 -152.16252658177186 143.1 107.94798379787846 -172.19833888699904 355.3848 58.51517 -999.0 -999.0 -999.0 -999.0 -999.0 211.39724285769032 13.891726346260523 211.3888261515799 13.767268078143655 57.440225931924026 241.17657801638086 -999.0 16600.0 -999.0 2 186 {-999.0 -999.0 -999.0 -999.0 -999.0} "" -999.0 -999.0 -999.0 -999.0 -999 -999 "" "" "" "" 0 0 0.0 0.0 -999 ""
FIBERMAP 687 R-7C16 BOSS 1 1 0 1 0 0 134.32760807497195 -152.73174929812174 143.1 107.40651679112133 -172.6851590029226 355.3848 58.51517 211.3946249266122 13.889403674480477 -999.0 -999.0 -999.0 211.39462492661218 13.889403674480478 211.38631537917004 13.765027858965098 57.43691637147259 241.17637363084546 5400.0 5400.0 2016.0 1 306 {-999.0 21.85134 20.385239 19.815243 19.436792} sdss_fiber2mag_from_lsdr10 20.568518 21.656471 18.50201 15.946 63050394841188345 1058147149 dark_flexible_2x2 bhm_spiders_clusters_lsdr10 bhm_spiders science 0 0 0.0 0.0 -999 ""
FIBERMAP 687 R-7C16 METROLOGY 0 0 0 1 0 0 134.04413638767346 -152.05109574714356 143.1 107.23868718542938 -171.96732390880797 355.3848 58.51517 -999.0 -999.0 -999.0 -999.0 -999.0 211.39389067337987 13.892672830036457 211.38554842847213 13.768271101862767 57.43846478154138 241.18184636042446 -999.0 6231.0 -999.0 -1 -999 {-999.0 -999.0 -999.0 -999.0 -999.0} "" -999.0 -999.0 -999.0 -999.0 -999 -999 "" "" "" "" 0 0 0.0 0.0 -999 ""
FIBERMAP 688 R-7C2 APOGEE 0 0 0 1 0 0 -192.41960103954597 -146.54744222537818 143.1 -213.8335923267239 -112.94267608470683 239.85448 132.88855 -999.0 -999.0 -999.0 -999.0 -999.0 209.89387012180882 14.161818062635579 209.88634978868083 14.035494008795943 56.49463782937414 243.27243691295553 -999.0 16600.0 -999.0 2 -999 {-999.0 -999.0 -999.0 -999.0 -999.0} "" -999.0 -999.0 -999.0 -999.0 -999 -999 "" "" "" "" 0 0 0.0 0.0 -999 ""
FIBERMAP 688 R-7C2 BOSS 1 1 0 1 0 0 -193.15907483738732 -146.75690498308347 143.1 -214.5972887687546 -113.02785744490471 239.85448 132.88855 209.89020839581323 14.161342692024917 -999.0 -999.0 -999.0 209.8902083958132 14.161342692024913 209.88279964174058 14.035100117788712 56.491722215217195 243.2758336904589 5400.0 5400.0 2016.0 1 488 {-999.0 21.592003 20.255878 19.719568 19.34633} sdss_fiber2mag_from_lsdr10 20.16269 21.003548 18.429132 16.223 63050394841205101 1058148012 dark_flexible_2x2 bhm_spiders_clusters_lsdr10 bhm_spiders science 0 0 0.0 0.0 -999 ""
FIBERMAP 688 R-7C2 METROLOGY 0 0 0 1 0 0 -192.96298067096572 -146.0361687597358 143.1 -214.28556461606036 -112.34922263994726 239.85448 132.88855 -999.0 -999.0 -999.0 -999.0 -999.0 209.8916597334898 14.16443208527566 209.88421514909055 14.038166064839476 56.49472592773632 243.2785589625517 -999.0 6231.0 -999.0 -1 -999 {-999.0 -999.0 -999.0 -999.0 -999.0} "" -999.0 -999.0 -999.0 -999.0 -999 -999 "" "" "" "" 0 0 0.0 0.0 -999 ""
FIBERMAP 689 R+5C20 APOGEE 0 0 0 1 0 0 198.72200505471497 90.1893055009201 143.1 210.79685160828237 56.32460903984755 304.06577 135.36777 -999.0 -999.0 -999.0 -999.0 -999.0 211.88344511156214 14.926546977549064 211.87317650565456 14.802399365911294 58.46706012459123 242.09498476278395 -999.0 16600.0 -999.0 2 45 {-999.0 -999.0 -999.0 -999.0 -999.0} "" -999.0 -999.0 -999.0 -999.0 -999 -999 "" "" "" "" 0 0 0.0 0.0 -999 ""
FIBERMAP 689 R+5C20 BOSS 1 1 0 1 0 0 198.57281088804518 89.4591969136717 143.1 210.52984402735783 55.629030981908215 304.06577 135.36777 211.88213652885597 14.923333242166107 -0.43590158 0.49077407 -0.44480684 211.88213525088426 14.923334632481914 211.871971866095 14.799266468153098 58.46416079864413 242.0918052672239 5400.0 5400.0 2016.0 1 194 {-999.0 19.989967 19.868093 19.74381 19.69891} sdss_psfmag_from_gaiadr2 19.932547 19.862028 19.543055 -999.0 63050394841202039 1129368887 dark_flexible_3x1 bhm_gua_dark_d3 bhm_filler science 0 0 0.0 0.0 -999 ""
FIBERMAP 689 R+5C20 METROLOGY 0 0 0 1 0 0 198.0143899261866 89.96319388842535 143.1 210.06184257504225 56.21777735183025 304.06577 135.36777 -999.0 -999.0 -999.0 -999.0 -999.0 211.87998810320306 14.926040923594455 211.86979460664588 14.801946613863656 58.46425734611833 242.09831854202733 -999.0 6231.0 -999.0 -1 -999 {-999.0 -999.0 -999.0 -999.0 -999.0} "" -999.0 -999.0 -999.0 -999.0 -999 -999 "" "" "" "" 0 0 0.0 0.0 -999 ""
FIBERMAP 690 R-4C17 APOGEE 0 0 0 1 0 0 114.03566088714125 -98.76233155883212 143.1 96.25386485590018 -116.12626266932776 338.5761 39.43737 -999.0 -999.0 -999.0 -999.0 -999.0 211.34426291568678 14.145391961267745 211.33554066204363 14.020797910026593 57.565535887673825 241.5979521263029 -999.0 16600.0 -999.0 2 201 {-999.0 -999.0 -999.0 -999.0 -999.0} "" -999.0 -999.0 -999.0 -999.0 -999 -999 "" "" "" "" 0 0 0.0 0.0 -999 ""
FIBERMAP 690 R-4C17 BOSS 1 1 0 1 0 0 113.33358860192773 -98.9913639903807 143.1 95.52384294766169 -116.23688501111853 338.5761 39.43737 211.34077793964468 14.144765786160367 -999.0 -999.0 -999.0 211.34077793964465 14.144765786160367 211.33216140336359 14.020251653754999 57.56268288294037 241.60113123646732 5400.0 5400.0 2016.0 1 301 {-999.0 21.888315 20.66319 20.1995 19.856438} sdss_fiber2mag_from_lsdr10 nan nan nan -999.0 63050399095386513 1058148129 dark_flexible_2x2 bhm_spiders_clusters_lsdr10 bhm_spiders science 0 0 0.0 0.0 -999 ""
FIBERMAP 690 R-4C17 METROLOGY 0 0 0 1 0 0 113.48767395863612 -98.25842331399514 143.1 95.79613943295047 -115.53931680000683 338.5761 39.43737 -999.0 -999.0 -999.0 -999.0 -999.0 211.3420925699238 14.1479599313223 211.33344168502367 14.0234226953452 57.565681797668844 241.60414030078212 -999.0 6231.0 -999.0 -1 -999 {-999.0 -999.0 -999.0 -999.0 -999.0} "" -999.0 -999.0 -999.0 -999.0 -999 -999 "" "" "" "" 0 0 0.0 0.0 -999 ""
FIBERMAP 691 R+10C2 APOGEE 0 0 0 1 0 0 -164.784797937705 188.1644055384119 143.1 -131.6279122473115 212.63098131068452 182.50954 146.49234 -999.0 -999.0 -999.0 -999.0 -999.0 210.27603581352787 15.637115545368733 210.26621386437716 15.510830156506701 57.70076865323184 244.97672417198785 -999.0 16600.0 -999.0 2 -999 {-999.0 -999.0 -999.0 -999.0 -999.0} "" -999.0 -999.0 -999.0 -999.0 -999 -999 "" "" "" "" 0 0 0.0 0.0 -999 ""
FIBERMAP 691 R+10C2 BOSS 1 1 0 1 0 0 -165.43353623560216 188.5685943270975 143.1 -132.20137528778503 213.1361192617391 182.50954 146.49234 210.27291438420977 15.639307358586242 2.7641673 -3.1644576 0.09157523 210.27324339658998 15.639298393981607 210.2635269584913 15.5130881612581 57.70010348828232 244.9830315076728 5400.0 5400.0 2016.0 1 18 {-999.0 16.619238 16.102203 15.90934 -999.0} sdss_psfmag 16.49257 16.11828 15.564835 14.416 63050394841223024 1133079913 dark_flexible_3x1 mwm_halo_vmp_xp_boss_triple mwm_halo science 0 0 1.1124036312103271 0.0 -999 ""
FIBERMAP 691 R+10C2 METROLOGY 0 0 0 1 0 0 -164.77785812562945 188.9104710982122 143.1 -131.4985837370611 213.3656513576181 182.50954 146.49234 -999.0 -999.0 -999.0 -999.0 -999.0 210.27657301528973 15.640370254940983 210.26682212496735 15.514141234477 57.70325887238496 244.98095298251297 -999.0 6231.0 -999.0 -1 -999 {-999.0 -999.0 -999.0 -999.0 -999.0} "" -999.0 -999.0 -999.0 -999.0 -999 -999 "" "" "" "" 0 0 0.0 0.0 -999 ""
FIBERMAP 692 R+8C17 APOGEE 0 0 0 1 0 0 167.94328953030507 151.59357966775684 143.1 190.52219864581156 121.93780279444603 333.88684 126.55421 -999.0 -999.0 -999.0 -999.0 -999.0 211.78958783966195 15.224408608514912 211.77898260309541 15.100062383299047 58.586415195418965 242.64559166031233 -999.0 16600.0 -999.0 2 81 {-999.0 -999.0 -999.0 -999.0 -999.0} "" -999.0 -999.0 -999.0 -999.0 -999 -999 "" "" "" "" 0 0 0.0 0.0 -999 ""
FIBERMAP 692 R+8C17 BOSS 1 1 0 1 0 0 168.0318747592519 150.8660172938977 143.1 190.4901197220949 121.20569890147384 333.88684 126.55421 211.78939433845315 15.221068135722858 -8.383105 -9.03155 0.5296809 211.78936972653804 15.221042550206233 211.77886938070301 15.096776070022242 58.58424800087187 242.64084735683755 5400.0 5400.0 2016.0 1 226 {-999.0 16.935503 16.552656 16.405075 -999.0} sdss_psfmag 16.873451 16.561056 16.082594 15.354 63050394841202496 976462839 "" ops_std_boss ops_std standard_boss 0 0 0.0 0.0 -999 ""
FIBERMAP 692 R+8C17 METROLOGY 0 0 0 1 0 0 167.34051016070717 151.12635467425673 143.1 189.85099979470246 121.5759610764236 333.88684 126.55421 -999.0 -999.0 -999.0 -999.0 -999.0 211.78641258858866 15.222763800827908 211.7758840793922 15.098470752756901 58.58309239233127 242.64686662772692 -999.0 6231.0 -999.0 -1 -999 {-999.0 -999.0 -999.0 -999.0 -999.0} "" -999.0 -999.0 -999.0 -999.0 -999 -999 "" "" "" "" 0 0 0.0 0.0 -999 ""
FIBERMAP 693 R+2C15 APOGEE 0 0 0 1 0 0 39.599080598746994 19.831732498290776 143.1 42.310553551886564 13.057990556811177 300.01636 62.186493 -999.0 -999.0 -999.0 -999.0 -999.0 211.0930317252402 14.733547050625777 211.08371438512017 14.608484098937517 57.755076381451666 242.73351172254877 -999.0 16600.0 -999.0 2 54 {-999.0 -999.0 -999.0 -999.0 -999.0} "" -999.0 -999.0 -999.0 -999.0 -999 -999 "" "" "" "" 0 0 0.0 0.0 -999 ""
FIBERMAP 693 R+2C15 BOSS 1 1 0 1 0 0 38.860346543005825 19.79463344295568 143.1 41.57588421322079 13.1426819652243 300.01636 62.186493 211.08913734368167 14.733924038474903 -12.837646 -20.52756 0.72603077 211.0894939212856 14.733865885867049 211.08028211570607 14.608880431669077 57.75276264582739 242.7380387854082 5400.0 5400.0 2016.0 1 198 {-999.0 15.680304 15.269918 15.127598 -999.0} sdss_psfmag 15.598845 15.2732725 14.779968 13.86 63050394841216256 1136102769 dark_flexible_3x1 mwm_halo_local_high_boss_triple mwm_halo science 0 0 1.3723926544189453 0.0 -999 ""
FIBERMAP 693 R+2C15 METROLOGY 0 0 0 1 0 0 39.19041329363066 20.464492226143296 143.1 42.01138650490988 13.74914401224029 300.01636 62.186493 -999.0 -999.0 -999.0 -999.0 -999.0 211.09157570937197 14.736646359378707 211.0823290764248 14.611639419237738 57.75604479290616 242.73967563621977 -999.0 6231.0 -999.0 -1 -999 {-999.0 -999.0 -999.0 -999.0 -999.0} "" -999.0 -999.0 -999.0 -999.0 -999 -999 "" "" "" "" 0 0 0.0 0.0 -999 ""
FIBERMAP 694 R+3C15 APOGEE 0 0 0 1 0 0 73.73248535962598 61.94715874358073 143.1 82.88895721834938 48.99065884899654 47.506435 77.30574 -999.0 -999.0 -999.0 -999.0 -999.0 211.28444225692675 14.89662691284319 211.27473461927843 14.771751038144107 58.00148906948506 242.75023274240493 -999.0 16600.0 -999.0 2 -999 {-999.0 -999.0 -999.0 -999.0 -999.0} "" -999.0 -999.0 -999.0 -999.0 -999 -999 "" "" "" "" 0 0 0.0 0.0 -999 ""
FIBERMAP 694 R+3C15 BOSS 1 1 0 1 0 0 74.1705537160139 61.29543066961329 143.1 83.21400704229117 48.27597093596853 47.506435 77.30574 211.28588575920824 14.893328284841589 6.1769342 -5.8186283 0.8566658 211.28590386615306 14.893311801225453 211.27630164912725 14.768519617201175 58.00061082704802 242.7437045244594 5400.0 5400.0 2016.0 1 197 {-999.0 20.565395 20.762657 21.014065 -999.0} sdss_psfmag 20.82649 20.65081 20.499954 -999.0 63050394841216785 1092190560 dark_flexible_2x1 mwm_cb_galex_mag_boss mwm_cb science 0 0 0.0 0.0 -999 ""
FIBERMAP 694 R+3C15 METROLOGY 0 0 0 1 0 0 73.42108534807358 61.26915283408071 143.1 82.47052751242653 48.373097092873046 47.506435 77.30574 -999.0 -999.0 -999.0 -999.0 -999.0 211.28242783202472 14.893785034146063 211.27279899441737 14.768965508647655 57.99827527023716 242.74840920896077 -999.0 6231.0 -999.0 -1 -999 {-999.0 -999.0 -999.0 -999.0 -999.0} "" -999.0 -999.0 -999.0 -999.0 -999 -999 "" "" "" "" 0 0 0.0 0.0 -999 ""
FIBERMAP 695 R-4C1 APOGEE 0 0 0 1 0 0 -260.3716235375762 -78.58293998224667 143.1 -269.69351517676756 -34.75657064454606 188.9612 111.833824 -999.0 -999.0 -999.0 -999.0 -999.0 209.63351654113788 14.515325601603099 209.62575446157848 14.388602849400952 56.520356372192595 244.05784196013533 -999.0 16600.0 -999.0 2 248 {-999.0 -999.0 -999.0 -999.0 -999.0} "" -999.0 -999.0 -999.0 -999.0 -999 -999 "" "" "" "" 0 0 0.0 0.0 -999 ""
FIBERMAP 695 R-4C1 BOSS 1 1 0 1 0 0 -260.76655642728986 -77.95649881626397 143.1 -269.98017395528666 -34.073903714882675 188.9612 111.833824 209.6320751211628 14.518338654612828 -1.9880246 -4.9758506 0.3019126 209.6320693035078 14.51832455850573 209.62441339144928 14.391683733805111 56.5212677523726 244.06367354767227 5400.0 5400.0 2016.0 1 497 {-999.0 17.270653 16.90214 16.763178 -999.0} sdss_psfmag 17.20549 16.902039 16.432451 15.828 63050394841208947 976659473 "" ops_std_boss ops_std standard_boss 0 0 0.0 0.0 -999 ""
FIBERMAP 695 R-4C1 METROLOGY 0 0 0 1 0 0 -260.01549887974716 -77.9237504311446 143.1 -269.23406480035317 -34.1649091739719 188.9612 111.833824 -999.0 -999.0 -999.0 -999.0 -999.0 209.63553279056703 14.517944528360042 209.62784353098175 14.391283849393586 56.523611583730556 244.05934348632974 -999.0 6231.0 -999.0 -1 -999 {-999.0 -999.0 -999.0 -999.0 -999.0} "" -999.0 -999.0 -999.0 -999.0 -999 -999 "" "" "" "" 0 0 0.0 0.0 -999 ""
FIBERMAP 698 R+7C18 APOGEE 0 0 0 1 0 0 164.05264027498822 143.61426288000195 143.1 185.37504287915735 114.70691887313342 69.72688 154.33406 -999.0 -999.0 -999.0 -999.0 -999.0 211.76556323077233 15.191948425567974 211.75502462755264 15.067581412858237 58.547934799919105 242.6255363685105 -999.0 16600.0 -999.0 2 40 {-999.0 -999.0 -999.0 -999.0 -999.0} "" -999.0 -999.0 -999.0 -999.0 -999 -999 "" "" "" "" 0 0 0.0 0.0 -999 ""
FIBERMAP 698 R+7C18 BOSS 1 1 0 1 0 0 164.58247907641623 144.13917933462284 143.1 185.98377527957837 115.13763386558024 69.72688 154.33406 211.76834106445312 15.193812388701815 -999.0 -999.0 -999.0 211.76834106445312 15.193812388701815 211.75789738107315 15.069527496064257 58.55131386198943 242.62504974267816 5400.0 5400.0 2015.5 1 196 {-999.0 -999.0 -999.0 -999.0 -999.0} "" -999.0 -999.0 -999.0 -999.0 27021603099597927 806481078 "" ops_sky_boss_good ops_sky sky_boss 0 0 0.0 0.0 -999 ""
FIBERMAP 698 R+7C18 METROLOGY 0 0 0 1 0 0 164.7734259428787 143.42254845891162 143.1 186.05444548650925 114.39950613983271 69.72688 154.33406 -999.0 -999.0 -999.0 -999.0 -999.0 211.76868948720866 15.190489145000015 211.75822187615518 15.066183164988812 58.54943561304393 242.61971238936232 -999.0 6231.0 -999.0 -1 -999 {-999.0 -999.0 -999.0 -999.0 -999.0} "" -999.0 -999.0 -999.0 -999.0 -999 -999 "" "" "" "" 0 0 0.0 0.0 -999 ""
FIBERMAP 704 R+5C16 APOGEE 1 1 0 1 0 0 120.91367625402968 104.24009601118408 143.1 136.36492138398634 82.9562988468909 90.36769 28.449018 211.53610338079332 15.049809947660812 -18.394842 3.0131528 0.7157998 211.5360494191082 15.049818483627172 211.5259103023163 14.925207874917927 58.28652677041438 242.6832822720923 16000.0 16600.0 2016.0 2 79 {-999.0 13.850929 13.233738 12.997582 -999.0} sdss_psfmag_from_g3xp 13.698821 13.260955 12.654745 11.423 63050394841216977 1106564283 bright_flexible_4x1 mwm_tess_rgb_apogee mwm_tessrgb science 0 0 0.0 0.0 -999 ""
FIBERMAP 704 R+5C16 BOSS 0 0 0 1 0 0 121.2819343870875 103.59845848243828 143.1 136.62277726620397 82.2630237440068 90.36769 28.449018 -999.0 -999.0 -999.0 -999.0 -999.0 211.5372023597143 15.046613513477698 211.52716762936018 14.92208522244406 58.28548566672644 242.6772238324242 -999.0 5400.0 -999.0 1 214 {-999.0 -999.0 -999.0 -999.0 -999.0} "" -999.0 -999.0 -999.0 -999.0 -999 -999 "" "" "" "" 0 0 0.0 0.0 -999 ""
FIBERMAP 704 R+5C16 METROLOGY 0 0 0 1 0 0 120.54258896719888 103.59497923484331 143.1 135.8930244450867 82.38097315760012 90.36769 28.449018 -999.0 -999.0 -999.0 -999.0 -999.0 211.5337998737955 15.047187029475928 211.52373870496217 14.922631718862402 58.283270564535414 242.68202474184153 -999.0 6231.0 -999.0 -1 -999 {-999.0 -999.0 -999.0 -999.0 -999.0} "" -999.0 -999.0 -999.0 -999.0 -999 -999 "" "" "" "" 0 0 0.0 0.0 -999 ""
FIBERMAP 706 R+6C21 APOGEE 1 1 0 1 0 0 228.0247585004681 98.20509699099945 143.1 241.01275895626867 59.41947536789165 323.25165 71.1782 212.0236782333399 14.939365665276204 -7.4808855 1.4237958 0.34062532 212.02365629932132 14.939369698752028 212.01324837152646 14.815393103956499 58.57939794882795 241.948036043629 16000.0 16600.0 2016.0 2 67 {-999.0 13.789913 13.041933 12.749997 -999.0} sdss_psfmag_from_g3xp 13.58161 13.069171 12.398521 10.982 63050394841201981 1104281734 bright_flexible_3x1 mwm_tess_rgb_apogee mwm_tessrgb science 0 0 0.0 0.0 -999 ""
FIBERMAP 706 R+6C21 BOSS 0 0 0 1 0 0 227.41822321102114 97.77591336133138 143.1 240.3441011970669 59.095768680225675 323.25165 71.1782 -999.0 -999.0 -999.0 -999.0 -999.0 212.02048187675518 14.937858798130895 212.01017791575248 14.813958623445076 58.57619994266379 241.9495731709404 -999.0 5400.0 -999.0 1 249 {-999.0 -999.0 -999.0 -999.0 -999.0} "" -999.0 -999.0 -999.0 -999.0 -999 -999 "" "" "" "" 0 0 0.0 0.0 -999 ""
FIBERMAP 706 R+6C21 METROLOGY 0 0 0 1 0 0 227.3438640145974 98.5145194234365 143.1 240.39202366726562 59.83642890785284 323.25165 71.1782 -999.0 -999.0 -999.0 -999.0 -999.0 212.02073690433005 14.941229542987097 212.01039988550326 14.817306078668063 58.57850997636389 241.95423825755162 -999.0 6231.0 -999.0 -1 -999 {-999.0 -999.0 -999.0 -999.0 -999.0} "" -999.0 -999.0 -999.0 -999.0 -999 -999 "" "" "" "" 0 0 0.0 0.0 -999 ""
FIBERMAP 709 R+2C18 APOGEE 0 0 0 1 0 0 103.50552114204586 38.009292340379766 143.1 108.32274210338277 20.49392712005685 128.82962 159.35478 -999.0 -999.0 -999.0 -999.0 -999.0 211.4036447150974 14.766491324031271 211.39401388032184 14.641796865524455 58.007882758193496 242.42247940974337 -999.0 16600.0 -999.0 2 -999 {-999.0 -999.0 -999.0 -999.0 -999.0} "" -999.0 -999.0 -999.0 -999.0 -999 -999 "" "" "" "" 0 0 0.0 0.0 -999 ""
FIBERMAP 709 R+2C18 BOSS 1 1 0 1 0 0 103.2539334599776 38.69392821172422 143.1 108.18701198373326 21.210455284782785 128.82962 159.35478 211.40300885480974 14.769634598993399 -13.998717 17.110504 2.178513 211.40296784268185 14.769683071405453 211.3934350689618 14.64506833616663 58.009537193186944 242.42791044276666 5400.0 5400.0 2016.0 1 200 {-999.0 19.123959 19.468973 19.726088 -999.0} sdss_psfmag 19.306383 19.309626 19.53117 -999.0 63050394841200031 1143462303 dark_1x3 mwm_wd_pwd_boss_1x3 mwm_wd science 0 0 0.0 0.0 -999 ""
FIBERMAP 709 R+2C18 METROLOGY 0 0 0 1 0 0 103.98883231643401 38.57768682418775 143.1 108.89272442786115 20.975161045717996 128.82962 159.35478 -999.0 -999.0 -999.0 -999.0 -999.0 211.40629869860297 14.768620860620024 211.39673541492596 14.643987343156772 58.0113078922587 242.422495599885 -999.0 6231.0 -999.0 -1 -999 {-999.0 -999.0 -999.0 -999.0 -999.0} "" -999.0 -999.0 -999.0 -999.0 -999 -999 "" "" "" "" 0 0 0.0 0.0 -999 ""
FIBERMAP 710 R+8C6 APOGEE 0 0 0 1 0 0 -82.56291344965874 140.38665000051932 143.1 -58.38016922002677 152.01138351720869 321.9584 90.02266 -999.0 -999.0 -999.0 -999.0 -999.0 210.61939716733372 15.365476126447854 210.60963331358914 15.239670923461876 57.79454699053957 244.19420708104752 -999.0 16600.0 -999.0 2 -999 {-999.0 -999.0 -999.0 -999.0 -999.0} "" -999.0 -999.0 -999.0 -999.0 -999 -999 "" "" "" "" 0 0 0.0 0.0 -999 ""
FIBERMAP 710 R+8C6 BOSS 1 1 0 1 0 0 -83.0278031391496 139.79381491980953 143.1 -58.93599579543471 151.50302066277297 321.9584 90.02266 210.61621151761597 15.363221809646092 18.017195 -27.246086 0.9860777 210.61664831834833 15.36314462409346 210.60699481323292 15.237416608880626 57.79115198265047 244.1938497105146 5400.0 5400.0 2016.0 1 77 {-999.0 16.005764 15.43066 15.250172 -999.0} sdss_psfmag 15.851237 15.462369 14.90772 13.843 63050394841218368 1136102819 dark_flexible_3x1 mwm_halo_local_high_boss_triple mwm_halo science 0 0 1.3325434923171997 0.0 -999 ""
FIBERMAP 710 R+8C6 METROLOGY 0 0 0 1 0 0 -83.30150779696245 140.49219795475244 143.1 -59.09128193002536 152.23673802704482 321.9584 90.02266 -999.0 -999.0 -999.0 -999.0 -999.0 210.6159569715913 15.366476039589623 210.60626981108635 15.240723626089876 57.792653310538725 244.19953173290082 -999.0 6231.0 -999.0 -1 -999 {-999.0 -999.0 -999.0 -999.0 -999.0} "" -999.0 -999.0 -999.0 -999.0 -999 -999 "" "" "" "" 0 0 0.0 0.0 -999 ""
FIBERMAP 714 R-3C22 APOGEE 1 1 0 1 0 0 199.36922719776388 -71.06919470656179 143.1 184.9608243614143 -102.82332347842548 261.66714 72.36414 211.75863211429308 14.205274962788662 -9.62624 -3.7207859 0.17404069 211.7586039839324 14.205264422157876 211.7494516020242 14.081162684177112 57.91026969142288 241.19603542794565 16000.0 16600.0 2016.0 2 209 {-999.0 13.470506 12.881847 12.618407 -999.0} sdss_psfmag_from_g3xp 13.323908 12.885463 12.273251 10.979 63050394841197508 1061894718 dark_flexible_2x1 manual_mwm_halo_vmp_wise_apogee mwm_halo science 0 0 0.0 0.0 -999 ""
FIBERMAP 714 R-3C22 BOSS 0 0 0 1 0 0 198.69915542054414 -70.76983070666593 143.1 184.34911167423195 -102.41806689809218 261.66714 72.36414 -999.0 -999.0 -999.0 -999.0 -999.0 211.7557193271506 14.206996087181205 211.74666729502667 14.082973569889507 57.90939557668057 241.2019307923606 -999.0 5400.0 -999.0 1 309 {-999.0 -999.0 -999.0 -999.0 -999.0} "" -999.0 -999.0 -999.0 -999.0 -999 -999 "" "" "" "" 0 0 0.0 0.0 -999 ""
FIBERMAP 714 R-3C22 METROLOGY 0 0 0 1 0 0 199.30966152290765 -70.32748202055113 143.1 185.02384701122472 -102.08202803606765 261.66714 72.36414 -999.0 -999.0 -999.0 -999.0 -999.0 211.75888887942722 14.208542328478627 211.749803598296 14.084499691908686 57.912699021862025 241.2003896990277 -999.0 6231.0 -999.0 -1 -999 {-999.0 -999.0 -999.0 -999.0 -999.0} "" -999.0 -999.0 -999.0 -999.0 -999 -999 "" "" "" "" 0 0 0.0 0.0 -999 ""
FIBERMAP 715 R-6C17 APOGEE 0 0 0 1 0 0 139.5642997117771 -137.55952574826756 143.1 115.06209463314721 -158.58123369399996 351.25894 31.752966 -999.0 -999.0 -999.0 -999.0 -999.0 211.43089358655462 13.953195220976603 211.4223641971622 13.828760854384821 57.50499317013113 241.22389744641862 -999.0 16600.0 -999.0 2 205 {-999.0 -999.0 -999.0 -999.0 -999.0} "" -999.0 -999.0 -999.0 -999.0 -999 -999 "" "" "" "" 0 0 0.0 0.0 -999 ""
FIBERMAP 715 R-6C17 BOSS 1 1 0 1 0 0 138.86996520211878 -137.82322948911815 143.1 114.33401202326672 -158.72732105451948 351.25894 31.752966 211.4274204402208 13.952408980697001 -999.0 -999.0 -999.0 211.42742044022077 13.952408980697001 211.4189966574273 13.828055285677621 57.502051826316794 241.22686298773155 5400.0 5400.0 2016.0 1 299 {-999.0 22.41355 20.936193 20.313616 19.905312} sdss_fiber2mag_from_lsdr10 nan nan nan -999.0 63050396950257527 1058147166 dark_flexible_2x2 bhm_spiders_clusters_lsdr10 bhm_spiders science 0 0 0.0 0.0 -999 ""
FIBERMAP 715 R-6C17 METROLOGY 0 0 0 1 0 0 138.96098493753902 -137.08397293600655 143.1 114.54514675061158 -158.01317009537564 351.25894 31.752966 -999.0 -999.0 -999.0 -999.0 -999.0 211.42845320667087 13.95566627749813 211.4199953101113 13.831288918476377 57.50489295432544 241.23025683838011 -999.0 6231.0 -999.0 -1 -999 {-999.0 -999.0 -999.0 -999.0 -999.0} "" -999.0 -999.0 -999.0 -999.0 -999 -999 "" "" "" "" 0 0 0.0 0.0 -999 ""
FIBERMAP 717 R+6C9 APOGEE 0 0 0 1 0 0 -43.64451456976665 126.86967280349955 143.1 -22.21591021790873 132.29085967636192 61.278366 135.98393 -999.0 -999.0 -999.0 -999.0 -999.0 210.78969949874138 15.276275115639155 210.7799053553034 15.150697538054064 57.86797011721788 243.87146655298622 -999.0 16600.0 -999.0 2 -999 {-999.0 -999.0 -999.0 -999.0 -999.0} "" -999.0 -999.0 -999.0 -999.0 -999 -999 "" "" "" "" 0 0 0.0 0.0 -999 ""
FIBERMAP 717 R+6C9 BOSS 1 1 0 1 0 0 -42.926409019552175 127.10872286326557 143.1 -21.468430826513462 132.40872969859717 61.278366 135.98393 210.79326046957073 15.276834986623307 -50.99903 -18.097145 4.3995514 210.79311070206606 15.276783719098846 210.78341744887695 15.151290217392152 57.87099089792796 243.86836629482698 5400.0 5400.0 2016.0 1 130 {-999.0 19.708036 19.631681 19.641167 -999.0} sdss_psfmag 19.696787 19.57512 19.328924 -999.0 63050394841218510 1143462283 dark_1x3 mwm_wd_pwd_boss_1x3 mwm_wd science 0 0 0.0 0.0 -999 ""
FIBERMAP 717 R+6C9 METROLOGY 0 0 0 1 0 0 -43.08531207741129 126.37575524655776 143.1 -21.745483206787394 131.7119258557637 61.278366 135.98393 -999.0 -999.0 -999.0 -999.0 -999.0 210.79183154535548 15.273637528383595 210.78211358823842 15.148120512382478 57.868031331640154 243.86517981768117 -999.0 6231.0 -999.0 -1 -999 {-999.0 -999.0 -999.0 -999.0 -999.0} "" -999.0 -999.0 -999.0 -999.0 -999 -999 "" "" "" "" 0 0 0.0 0.0 -999 ""
FIBERMAP 719 R+3C18 APOGEE 1 1 0 1 0 0 136.9046434438043 54.28450652901003 143.1 143.93468271896367 31.062158976900328 355.30255 106.16866 211.57087643297416 14.813889299638666 -1.8999861 -18.189877 0.32781777 211.57087086544024 14.813837769464522 211.56103000065116 14.689335169038454 58.162627340960775 242.29671457518506 16000.0 16600.0 2016.0 2 87 {-999.0 13.4529705 12.921036 12.688678 -999.0} sdss_psfmag_from_g3xp 13.326317 12.923242 12.34444 11.18 63050394841200007 1133678856 dark_flexible_3x1 mwm_halo_vmp_xp_apogee_triple mwm_halo science 0 0 0.0 0.0 -999 ""
FIBERMAP 719 R+3C18 BOSS 0 0 0 1 0 0 137.03471612696214 53.54066038556976 143.1 143.94084755907727 30.30718403238122 355.30255 106.16866 -999.0 -999.0 -999.0 -999.0 -999.0 211.57084462594077 14.810335917429878 211.56110957301382 14.685915226227598 58.1605028938759 242.29163204554575 -999.0 5400.0 -999.0 1 218 {-999.0 -999.0 -999.0 -999.0 -999.0} "" -999.0 -999.0 -999.0 -999.0 -999 -999 "" "" "" "" 0 0 0.0 0.0 -999 ""
FIBERMAP 719 R+3C18 METROLOGY 0 0 0 1 0 0 136.33199938839633 53.80182188923209 143.1 143.29066684889816 30.680122720517804 355.30255 106.16866 -999.0 -999.0 -999.0 -999.0 -999.0 211.56782225700778 14.812067362737542 211.55805881482559 14.687619523842832 58.15931987672711 242.2976901021222 -999.0 6231.0 -999.0 -1 -999 {-999.0 -999.0 -999.0 -999.0 -999.0} "" -999.0 -999.0 -999.0 -999.0 -999 -999 "" "" "" "" 0 0 0.0 0.0 -999 ""
FIBERMAP 721 R+9C9 APOGEE 1 1 0 1 0 0 -20.701778233808277 162.75486493946937 143.1 6.3028248488035725 163.91615082057112 246.23256 102.32505 210.92455135022772 15.419250145269608 -61.017376 36.121437 5.6904097 210.9243720396938 15.419352473761306 210.91426327328153 15.293897381379356 58.05857492661811 243.93058783614995 16000.0 16600.0 2016.0 2 9 {-999.0 10.27046 9.995651 9.917624 -999.0} sdss_psfmag_from_g3xp 10.243813 9.996672 9.592888 8.972 63050394841219014 974688865 "" ops_std_apogee ops_std standard_apogee 0 0 0.0 0.0 -999 ""
FIBERMAP 721 R+9C9 BOSS 0 0 0 1 0 0 -21.43095375006403 162.89174291223787 143.1 5.606145043804819 164.17085833318407 246.23256 102.32505 -999.0 -999.0 -999.0 -999.0 -999.0 210.92098842896246 15.420487354082809 210.91098360873264 15.295106805211216 58.05684974162707 243.93609671415547 -999.0 5400.0 -999.0 1 125 {-999.0 -999.0 -999.0 -999.0 -999.0} "" -999.0 -999.0 -999.0 -999.0 -999 -999 "" "" "" "" 0 0 0.0 0.0 -999 ""
FIBERMAP 721 R+9C9 METROLOGY 0 0 0 1 0 0 -20.957068812700076 163.45905725768853 143.1 6.16665338399924 164.65257450630813 246.23256 102.32505 -999.0 -999.0 -999.0 -999.0 -999.0 210.9236629811552 15.422672560523914 210.9136234716584 15.297272175434799 58.06019041775548 243.93630878070343 -999.0 6231.0 -999.0 -1 -999 {-999.0 -999.0 -999.0 -999.0 -999.0} "" -999.0 -999.0 -999.0 -999.0 -999 -999 "" "" "" "" 0 0 0.0 0.0 -999 ""
FIBERMAP 723 R-2C19 APOGEE 1 1 0 1 0 0 140.9586422286151 -43.59481674188742 143.1 131.86377237472544 -66.13717363059328 265.93658 162.81665 211.512207623521 14.371980745996593 10.173211 33.06238 4.3918486 211.51223737432497 14.372074408548265 211.5030610320184 14.247622751556488 57.83608083270073 241.72549562550387 16000.0 16600.0 2016.0 2 212 {-999.0 10.031239 9.828032 9.776072 -999.0} sdss_psfmag_from_g3xp 10.028952 9.817803 9.452518 8.876 63050394841198957 974688621 "" ops_std_apogee ops_std standard_apogee 0 0 0.0 0.0 -999 ""
FIBERMAP 723 R-2C19 BOSS 0 0 0 1 0 0 140.68088206551147 -44.28210567943275 143.1 131.47699604344467 -66.76941356817046 265.93658 162.81665 -999.0 -999.0 -999.0 -999.0 -999.0 211.51036304338623 14.369097054381037 211.50129297977014 14.244726613083248 57.8329029724449 241.72341598752152 -999.0 5400.0 -999.0 1 297 {-999.0 -999.0 -999.0 -999.0 -999.0} "" -999.0 -999.0 -999.0 -999.0 -999 -999 "" "" "" "" 0 0 0.0 0.0 -999 ""
FIBERMAP 723 R-2C19 METROLOGY 0 0 0 1 0 0 140.2226006711084 -43.70534962635271 143.1 131.1197026409888 -66.12534859128168 265.93658 162.81665 -999.0 -999.0 -999.0 -999.0 -999.0 211.50872742888484 14.37205547277895 211.49962595622003 14.247658706385222 57.83356007041116 241.72958199455906 -999.0 6231.0 -999.0 -1 -999 {-999.0 -999.0 -999.0 -999.0 -999.0} "" -999.0 -999.0 -999.0 -999.0 -999 -999 "" "" "" "" 0 0 0.0 0.0 -999 ""
FIBERMAP 724 R+1C21 APOGEE 0 0 0 1 0 0 173.6150481074109 25.497210207159917 143.1 175.41432104460173 -3.3562686990618515 355.5349 156.88882 -999.0 -999.0 -999.0 -999.0 -999.0 211.71739888430042 14.656692966189544 211.70765123636386 14.532414487666761 58.17107502136375 241.89594895806346 -999.0 16600.0 -999.0 2 -999 {-999.0 -999.0 -999.0 -999.0 -999.0} "" -999.0 -999.0 -999.0 -999.0 -999 -999 "" "" "" "" 0 0 0.0 0.0 -999 ""
FIBERMAP 724 R+1C21 BOSS 1 1 0 1 0 0 174.28410227389486 25.178932154508832 143.1 176.02192492631605 -3.780012255642135 355.5349 156.88882 211.71971029247277 14.65468989117642 -7.0031457 -6.3216133 0.121640384 211.7201809112302 14.654671982651877 211.71053400691747 14.530478973377349 58.171969558135274 241.88973670035853 5400.0 5400.0 2016.0 1 234 {-999.0 15.034007 14.413298 14.148291 -999.0} sdss_psfmag_from_g3xp 14.874413 14.425836 13.801696 12.546 63050394841199632 1133215980 dark_flexible_3x1 mwm_halo_mp_xp_boss_triple mwm_halo science 0 0 1.710532307624817 0.0 -999 ""
FIBERMAP 724 R+1C21 METROLOGY 0 0 0 1 0 0 173.66897447384298 24.753063764908646 143.1 175.34533705209782 -4.099038616467801 355.5349 156.88882 -999.0 -999.0 -999.0 -999.0 -999.0 211.7170337043358 14.653260378692572 211.70736308071218 14.5290407883609 58.16869346339669 241.8913873712251 -999.0 6231.0 -999.0 -1 -999 {-999.0 -999.0 -999.0 -999.0 -999.0} "" -999.0 -999.0 -999.0 -999.0 -999 -999 "" "" "" "" 0 0 0.0 0.0 -999 ""
FIBERMAP 730 R+6C13 APOGEE 0 0 0 1 0 0 43.24943851083166 129.7080411407372 143.1 63.94949418564706 120.82453546959202 98.62696 114.87756 -999.0 -999.0 -999.0 -999.0 -999.0 211.19585480358558 15.223417971244029 211.18577358563311 15.09834428957023 58.14092317254728 243.33183389494042 -999.0 16600.0 -999.0 2 -999 {-999.0 -999.0 -999.0 -999.0 -999.0} "" -999.0 -999.0 -999.0 -999.0 -999 -999 "" "" "" "" 0 0 0.0 0.0 -999 ""
FIBERMAP 730 R+6C13 BOSS 1 1 0 1 0 0 43.881753238413516 130.11790093772552 143.1 64.64040453364822 121.12495167242305 98.62696 114.87756 211.1990742853362 15.22475551206949 -13.077557 -6.3276505 0.09100922 211.1990358903321 15.224737586439677 211.1890523003928 15.099747094537179 58.14426774901805 243.33013652576798 5400.0 5400.0 2016.0 1 149 {-999.0 16.761402 16.563198 16.54991 -999.0} sdss_psfmag 16.76616 16.551674 16.203009 15.878 63050394841217430 981740781 "" ops_std_boss_tic ops_std standard_boss 0 0 0.0 0.0 -999 ""
FIBERMAP 730 R+6C13 METROLOGY 0 0 0 1 0 0 43.91969834366255 129.3803007907568 143.1 64.55673370210991 120.39126175579094 98.62696 114.87756 -999.0 -999.0 -999.0 -999.0 -999.0 211.19866175129195 15.2214246451976 211.1886541222866 15.096412033840755 58.14187431665469 243.3256762482693 -999.0 6231.0 -999.0 -1 -999 {-999.0 -999.0 -999.0 -999.0 -999.0} "" -999.0 -999.0 -999.0 -999.0 -999 -999 "" "" "" "" 0 0 0.0 0.0 -999 ""
FIBERMAP 733 R+2C2 APOGEE 0 0 0 1 0 0 -238.17843512716863 36.451730865419435 143.1 -228.91978703855756 75.05318530860187 298.3151 155.34456 -999.0 -999.0 -999.0 -999.0 -999.0 209.82034308954772 15.013209654102596 209.81176171399534 14.886564435766415 56.97093035641623 244.56499922645816 -999.0 16600.0 -999.0 2 -999 {-999.0 -999.0 -999.0 -999.0 -999.0} "" -999.0 -999.0 -999.0 -999.0 -999 -999 "" "" "" "" 0 0 0.0 0.0 -999 ""
FIBERMAP 733 R+2C2 BOSS 1 1 0 1 0 0 -238.11245477077074 35.740704439169576 143.1 -228.97144532281152 74.34110116137248 298.3151 155.34456 209.81996903922396 15.009909399890072 -0.7387803 1.1119206 0.22901045 209.81996687240044 15.009912549854366 209.81149811902975 14.883349959031372 56.96874186440758 244.56065460215416 5400.0 5400.0 2016.0 1 10 {-999.0 21.102535 20.907557 20.727154 20.554749} sdss_psfmag_from_gdr3 21.045038 20.938185 20.3129 -999.0 63050394841213916 1128566798 dark_flexible_3x1 bhm_spiders_agn_gaiadr3_d3 bhm_spiders science 0 0 0.0 0.0 -999 ""
FIBERMAP 733 R+2C2 METROLOGY 0 0 0 1 0 0 -238.79542158341673 36.03221961012559 143.1 -229.5971643457964 74.74073383226843 298.3151 155.34456 -999.0 -999.0 -999.0 -999.0 -999.0 209.81710310878185 15.011721545141299 209.80860393940702 14.885131854396134 56.96764628834645 244.5663971827349 -999.0 6231.0 -999.0 -1 -999 {-999.0 -999.0 -999.0 -999.0 -999.0} "" -999.0 -999.0 -999.0 -999.0 -999 -999 "" "" "" "" 0 0 0.0 0.0 -999 ""
FIBERMAP 741 R+5C9 APOGEE 0 0 0 1 0 0 -34.69953259336032 94.15872261937318 143.1 -18.764162163315934 98.56105981246668 62.74728 28.200762 -999.0 -999.0 -999.0 -999.0 -999.0 210.805764607152 15.123159981306861 210.79616503995692 14.997643752271022 57.78465324890471 243.62855826052194 -999.0 16600.0 -999.0 2 101 {-999.0 -999.0 -999.0 -999.0 -999.0} "" -999.0 -999.0 -999.0 -999.0 -999 -999 "" "" "" "" 0 0 0.0 0.0 -999 ""
FIBERMAP 741 R+5C9 BOSS 1 1 0 1 0 0 -34.66550553026271 93.41993185211986 143.1 -18.851892643738488 97.82683888123275 62.74728 28.200762 210.80491829170762 15.119933712661222 -15.839971 -50.485382 0.64895564 210.80523289132432 15.119790692415577 210.7957423474752 14.994355342532327 57.782276714211164 243.62422679294818 5400.0 5400.0 2016.0 1 75 {-999.0 15.779013 15.544962 15.488824 -999.0} sdss_psfmag 15.757894 15.526736 15.147489 14.505 63050394841217814 1136776339 dark_flexible_3x1 mwm_halo_local_high_boss_triple mwm_halo science 0 0 1.254894733428955 0.0 -999 ""
FIBERMAP 741 R+5C9 METROLOGY 0 0 0 1 0 0 -35.32865675819903 93.74657370248863 143.1 -19.452301621849877 98.25786215287413 62.74728 28.200762 -999.0 -999.0 -999.0 -999.0 -999.0 210.8024353959612 15.121764936565464 210.79291514097633 14.99630283138476 57.78136562868608 243.6302817191979 -999.0 6231.0 -999.0 -1 -999 {-999.0 -999.0 -999.0 -999.0 -999.0} "" -999.0 -999.0 -999.0 -999.0 -999 -999 "" "" "" "" 0 0 0.0 0.0 -999 ""
FIBERMAP 742 R-5C19 APOGEE 0 0 0 1 0 0 169.6514052221945 -85.64112553583563 143.1 153.2592109267198 -112.31605854569294 69.76705 128.44061 -999.0 -999.0 -999.0 -999.0 -999.0 211.6106904400182 14.162415344401193 211.60172153868518 14.038143042222035 57.77339770513869 241.30958908274386 -999.0 16600.0 -999.0 2 -999 {-999.0 -999.0 -999.0 -999.0 -999.0} "" -999.0 -999.0 -999.0 -999.0 -999 -999 "" "" "" "" 0 0 0.0 0.0 -999 ""
FIBERMAP 742 R-5C19 BOSS 1 1 0 1 0 0 170.3510780985715 -85.39477064242526 143.1 153.98971029785463 -112.18795795528071 69.76705 128.44061 211.61402665458812 14.162883081971758 5.0762134 -1.755333 3.4635932 211.61404148582224 14.162878109281575 211.60517056493202 14.038693569273686 57.7762994460688 241.30629835963438 5400.0 5400.0 2016.0 1 287 {-999.0 19.456793 19.600883 19.768198 -999.0} sdss_psfmag 19.581995 19.490484 19.581198 -999.0 63050394841197652 1143462272 dark_1x3 mwm_wd_pwd_boss_1x3 mwm_wd science 0 0 0.0 0.0 -999 ""
FIBERMAP 742 R-5C19 METROLOGY 0 0 0 1 0 0 170.21324984927568 -86.13203550266438 143.1 153.73273751729522 -112.8924598897606 69.76705 128.44061 -999.0 -999.0 -999.0 -999.0 -999.0 211.61283859402565 14.159718033232025 211.60394394865898 14.03550906245611 57.77332611735478 241.30320745794677 -999.0 6231.0 -999.0 -1 -999 {-999.0 -999.0 -999.0 -999.0 -999.0} "" -999.0 -999.0 -999.0 -999.0 -999 -999 "" "" "" "" 0 0 0.0 0.0 -999 ""
FIBERMAP 743 R-1C3 APOGEE 0 0 0 1 0 0 -251.62391736575776 -17.971025103251776 143.1 -251.11520137368163 23.585970404663758 197.16968 91.159195 -999.0 -999.0 -999.0 -999.0 -999.0 209.71790234992423 14.779619218263823 209.7097194283583 14.652920286782065 56.7486528160514 244.34158075030842 -999.0 16600.0 -999.0 2 281 {-999.0 -999.0 -999.0 -999.0 -999.0} "" -999.0 -999.0 -999.0 -999.0 -999 -999 "" "" "" "" 0 0 0.0 0.0 -999 ""
FIBERMAP 743 R-1C3 BOSS 1 1 0 1 0 0 -251.86950054621778 -17.26587315506195 143.1 -251.24164134219515 24.32174683196594 197.16968 91.159195 209.71718132658035 14.782865521425133 -999.0 -999.0 -999.0 209.71718132658032 14.782865521425137 209.70910313533525 14.656248067995001 56.75025371674661 244.34701151813152 5400.0 5400.0 2016.0 1 433 {-999.0 23.486422 22.241282 21.666542 21.234272} sdss_fiber2mag_from_lsdr10 nan nan nan -999.0 63050399085786707 1059083983 dark_flexible_2x2 bhm_spiders_agn_lsdr10 bhm_spiders science 0 0 0.0 0.0 -999 ""
FIBERMAP 743 R-1C3 METROLOGY 0 0 0 1 0 0 -251.13613491095785 -17.399591927262946 143.1 -250.54031036323983 24.069467184344234 197.16968 91.159195 -999.0 -999.0 -999.0 -999.0 -999.0 209.7204580450013 14.781763332163413 209.7123477584645 14.655126377308436 56.7520159846254 244.34185086556474 -999.0 6231.0 -999.0 -1 -999 {-999.0 -999.0 -999.0 -999.0 -999.0} "" -999.0 -999.0 -999.0 -999.0 -999 -999 "" "" "" "" 0 0 0.0 0.0 -999 ""
FIBERMAP 748 R-1C24 APOGEE 0 0 0 1 0 0 221.59360568323507 -35.551413961787475 143.1 212.71075769200664 -71.44245768070218 289.34192 41.676453 -999.0 -999.0 -999.0 -999.0 -999.0 211.88871361259388 14.347149180363989 211.87925363789213 14.22316911383652 58.098214949302665 241.24538613592864 -999.0 16600.0 -999.0 2 210 {-999.0 -999.0 -999.0 -999.0 -999.0} "" -999.0 -999.0 -999.0 -999.0 -999 -999 "" "" "" "" 0 0 0.0 0.0 -999 ""
FIBERMAP 748 R-1C24 BOSS 1 1 0 1 0 0 220.93700904328776 -35.197653913629765 143.1 212.12126528183046 -70.98576509458724 289.34192 41.676453 211.88593807241702 14.349129021862028 0.02537633 -0.09557907 -0.022677796 211.88593814662062 14.349128751095689 211.87657742737133 14.225227234115103 58.09757840668497 241.25153524961735 5400.0 5400.0 2016.0 1 311 {-999.0 19.185207 19.012877 18.912477 18.620241} sdss_psfmag 19.353424 19.165129 18.751703 -999.0 63050394841198135 1060310418 dark_flexible_2x2 bhm_aqmes_bonus_core bhm_filler science 0 0 0.0 0.0 -999 ""
FIBERMAP 748 R-1C24 METROLOGY 0 0 0 1 0 0 221.56522274254365 -34.802506062533496 143.1 212.80571566864654 -70.69918531253201 289.34192 41.676453 -999.0 -999.0 -999.0 -999.0 -999.0 211.88914313683938 14.350445422307484 211.87974965915953 14.226524119625992 58.100759055996704 241.24962378283385 -999.0 6231.0 -999.0 -1 -999 {-999.0 -999.0 -999.0 -999.0 -999.0} "" -999.0 -999.0 -999.0 -999.0 -999 -999 "" "" "" "" 0 0 0.0 0.0 -999 ""
FIBERMAP 751 R-10C16 APOGEE 0 0 0 1 0 0 175.42981760824162 -200.87280393136723 143.1 140.04021394811525 -226.91230584911486 30.899675 55.30206 -999.0 -999.0 -999.0 -999.0 -999.0 211.54414174098184 13.646186484717173 211.53594331976558 13.5219773058853 57.387834664556614 240.65846384752933 -999.0 16600.0 -999.0 2 -999 {-999.0 -999.0 -999.0 -999.0 -999.0} "" -999.0 -999.0 -999.0 -999.0 -999 -999 "" "" "" "" 0 0 0.0 0.0 -999 ""
FIBERMAP 751 R-10C16 BOSS 1 1 0 1 0 0 175.39024234058297 -201.6234360596107 143.1 139.87794891369703 -227.64612181492524 30.899675 55.30206 211.54325317864382 13.642812484145342 -999.0 -999.0 -999.0 211.54325317864382 13.642812484145342 211.53516141511008 13.518689031851542 57.385101173180296 240.65479099975292 5400.0 5400.0 2016.0 1 268 {-999.0 22.177044 20.95194 20.450924 20.077507} sdss_fiber2mag_from_lsdr10 nan nan nan -999.0 63050396950240083 1059078936 dark_flexible_2x2 bhm_spiders_agn_lsdr10 bhm_spiders science 0 0 0.0 0.0 -999 ""
FIBERMAP 751 R-10C16 METROLOGY 0 0 0 1 0 0 174.76603788897324 -201.21347747715524 143.1 139.32962969866722 -227.13932119190326 30.899675 55.30206 -999.0 -999.0 -999.0 -999.0 -999.0 211.54076575529442 13.64509688944209 211.53264421939173 13.520945398948959 57.384738431615666 240.6609303472234 -999.0 6231.0 -999.0 -1 -999 {-999.0 -999.0 -999.0 -999.0 -999.0} "" -999.0 -999.0 -999.0 -999.0 -999 -999 "" "" "" "" 0 0 0.0 0.0 -999 ""
FIBERMAP 753 R-2C22 APOGEE 0 0 0 1 0 0 211.00614669063387 -43.18686202029891 143.1 201.01530747579045 -77.23476219674414 310.08112 139.7445 -999.0 -999.0 -999.0 -999.0 -999.0 211.83422689132746 14.321029201479332 211.82484934392335 14.196988787638299 58.04110529523027 241.27248190548664 -999.0 16600.0 -999.0 2 -999 {-999.0 -999.0 -999.0 -999.0 -999.0} "" -999.0 -999.0 -999.0 -999.0 -999 -999 "" "" "" "" 0 0 0.0 0.0 -999 ""
FIBERMAP 753 R-2C22 BOSS 1 1 0 1 0 0 211.010223785022 -43.94107798564238 143.1 200.89550634276097 -77.97927928810896 310.08112 139.7445 211.83318155958287 14.317677130076927 13.645273 -41.61967 0.5478776 211.83358161863262 14.31755922554147 211.82430947335578 14.193601741114069 58.038508285346715 241.26825693903248 5400.0 5400.0 2016.0 1 285 {-999.0 15.85172 15.577726 15.484478 -999.0} sdss_psfmag 15.78649 15.546234 15.140841 14.33 63050394841198122 1136102460 dark_flexible_3x1 mwm_halo_local_high_boss_triple mwm_halo science 0 0 1.256318211555481 0.0 -999 ""
FIBERMAP 753 R-2C22 METROLOGY 0 0 0 1 0 0 210.36749439601945 -43.57258890177795 143.1 200.32210866559302 -77.51033678005297 310.08112 139.7445 -999.0 -999.0 -999.0 -999.0 -999.0 211.83095967630527 14.319715290617149 211.82165836568095 14.19573047793388 58.03793540792344 241.27446784720394 -999.0 6231.0 -999.0 -1 -999 {-999.0 -999.0 -999.0 -999.0 -999.0} "" -999.0 -999.0 -999.0 -999.0 -999 -999 "" "" "" "" 0 0 0.0 0.0 -999 ""
FIBERMAP 756 R-13C9 APOGEE 0 0 0 1 0 0 20.226140415074806 -246.6996356066426 143.1 -20.553420265889525 -246.62884371855662 167.27945 105.611946 -999.0 -999.0 -999.0 -999.0 -999.0 210.79637200055126 13.55754589079367 210.7889062849024 13.432454720204825 56.77969896280948 241.40811811927938 -999.0 16600.0 -999.0 2 207 {-999.0 -999.0 -999.0 -999.0 -999.0} "" -999.0 -999.0 -999.0 -999.0 -999 -999 "" "" "" "" 0 0 0.0 0.0 -999 ""
FIBERMAP 756 R-13C9 BOSS 1 1 0 1 0 0 20.160680814948165 -245.96173386077876 143.1 -20.496836172323263 -245.89033920166747 167.27945 105.611946 210.7965316282868 13.560735283755216 -1.1575547 -0.06605792 -0.106616795 210.7965282550047 13.560735096619448 210.78916241562666 13.435730266951595 56.78202033364354 241.41236082583052 5400.0 5400.0 2016.0 1 334 {-999.0 19.82134 19.409283 19.289318 19.214596} sdss_psfmag_from_lsdr10 19.688345 19.395306 18.911804 -999.0 63050394841187728 1059077602 dark_flexible_2x2 bhm_spiders_agn_lsdr10 bhm_spiders science 0 0 0.0 0.0 -999 ""
FIBERMAP 756 R-13C9 METROLOGY 0 0 0 1 0 0 20.837232547798305 -246.27421871535975 143.1 -19.880886704589518 -246.30960010017017 167.27945 105.611946 -999.0 -999.0 -999.0 -999.0 -999.0 210.79942796986174 13.55888635966471 210.79203273268467 13.433860856607996 56.78292267638277 241.40645308840857 -999.0 6231.0 -999.0 -1 -999 {-999.0 -999.0 -999.0 -999.0 -999.0} "" -999.0 -999.0 -999.0 -999.0 -999 -999 "" "" "" "" 0 0 0.0 0.0 -999 ""
FIBERMAP 758 R+4C17 APOGEE 0 0 0 1 0 0 123.83502995009822 88.6244455006906 143.1 136.68244113685876 67.0757085531557 65.864395 91.69405 -999.0 -999.0 -999.0 -999.0 -999.0 211.53737475781057 14.977694262754046 211.5273348384336 14.853105167587284 58.241820871976124 242.5757032883939 -999.0 16600.0 -999.0 2 83 {-999.0 -999.0 -999.0 -999.0 -999.0} "" -999.0 -999.0 -999.0 -999.0 -999 -999 "" "" "" "" 0 0 0.0 0.0 -999 ""
FIBERMAP 758 R+4C17 BOSS 1 1 0 1 0 0 124.52068291197791 88.34212310534997 143.1 137.31231859150776 66.68470129039426 65.864395 91.69405 211.54027639775 14.975844253381418 -0.19280809 0.47161147 0.37214524 211.54027583233892 14.975845589411437 211.53033695316165 14.851340921698226 58.24294053737523 242.56961161238934 5400.0 5400.0 2016.0 1 210 {-999.0 19.768393 19.260002 18.832579 18.56326} sdss_psfmag 19.629269 19.124603 18.390575 -999.0 63050394841200250 1060310421 dark_flexible_2x2 bhm_aqmes_bonus_core bhm_filler science 0 0 0.0 0.0 -999 ""
FIBERMAP 758 R+4C17 METROLOGY 0 0 0 1 0 0 123.94314401465884 87.88183519335381 143.1 136.66715211539523 66.32555747616884 65.864395 91.69405 -999.0 -999.0 -999.0 -999.0 -999.0 211.53726539698445 14.974249585809721 211.5273027477549 14.84971888631614 58.23964518954996 242.57077303313912 -999.0 6231.0 -999.0 -1 -999 {-999.0 -999.0 -999.0 -999.0 -999.0} "" -999.0 -999.0 -999.0 -999.0 -999 -999 "" "" "" "" 0 0 0.0 0.0 -999 ""
FIBERMAP 760 R+10C10 APOGEE 0 0 0 1 0 0 19.680367807307423 214.66359091077422 143.1 54.65186725999114 208.48161318376575 156.50536 43.104443 -999.0 -999.0 -999.0 -999.0 -999.0 211.1523307964027 15.619599642745396 211.1417413601407 15.494364489845013 58.354975631173005 243.97010401597453 -999.0 16600.0 -999.0 2 -999 {-999.0 -999.0 -999.0 -999.0 -999.0} "" -999.0 -999.0 -999.0 -999.0 -999 -999 "" "" "" "" 0 0 0.0 0.0 -999 ""
FIBERMAP 760 R+10C10 BOSS 1 1 0 1 0 0 20.398330305603473 214.92225689217676 143.1 55.40242597803876 208.61885295242516 156.50536 43.104443 211.15582289595739 15.62016963695024 -17.160563 -2.1928513 0.19355744 211.15577241745243 15.62016342480724 211.1452814796634 15.495010414331956 58.35805141759647 243.9670333607848 5400.0 5400.0 2016.0 1 122 {-999.0 18.05775 17.807173 17.720297 17.709246} sdss_psfmag_from_gaia 18.0201 17.8064 17.39 15.895 63050394841221103 968382211 "" ops_std_boss_gdr2 ops_std standard_boss 0 0 0.0 0.0 -999 ""
FIBERMAP 760 R+10C10 METROLOGY 0 0 0 1 0 0 20.25216520781462 214.18431049881795 143.1 55.13711906624385 207.91504754242004 156.50536 43.104443 -999.0 -999.0 -999.0 -999.0 -999.0 211.1545503638276 15.61702023097466 211.14403588260518 15.49184446293629 58.355145142627165 243.96372213499575 -999.0 6231.0 -999.0 -1 -999 {-999.0 -999.0 -999.0 -999.0 -999.0} "" -999.0 -999.0 -999.0 -999.0 -999 -999 "" "" "" "" 0 0 0.0 0.0 -999 ""
FIBERMAP 761 R+4C9 APOGEE 0 0 0 1 0 0 -52.58496945929062 74.03952867268063 143.1 -39.70676346075956 81.6547574001321 2.575458 101.066154 -999.0 -999.0 -999.0 -999.0 -999.0 210.70693538791127 15.046318385122337 210.69752743258755 14.92070522446582 57.662176659145835 243.62792296798347 -999.0 16600.0 -999.0 2 118 {-999.0 -999.0 -999.0 -999.0 -999.0} "" -999.0 -999.0 -999.0 -999.0 -999 -999 "" "" "" "" 0 0 0.0 0.0 -999 ""
FIBERMAP 761 R+4C9 BOSS 1 1 0 1 0 0 -52.40092937751031 73.31488524227271 143.1 -39.64422053891839 80.90986117860508 2.575458 101.066154 210.70710264821787 15.042893997796568 -0.46484464 -1.169879 -2.298157 210.7071012846299 15.042890683641778 210.69780210655205 14.91735965057817 57.66028851651235 243.62273611310465 5400.0 5400.0 2016.0 1 64 {-999.0 20.523346 20.385126 20.446482 20.141115} sdss_psfmag 20.665962 20.659702 20.424734 -999.0 63050394841217756 1060491948 dark_flexible_2x2 bhm_aqmes_bonus_faint bhm_filler science 0 0 0.0 0.0 -999 ""
FIBERMAP 761 R+4C9 METROLOGY 0 0 0 1 0 0 -53.127732312498225 73.4786040254056 143.1 -40.334153832189294 81.19065100567052 2.575458 101.066154 -999.0 -999.0 -999.0 -999.0 -999.0 210.7038839122821 15.044182479078643 210.69455631567416 14.918624300293345 57.65863521159561 243.62825088952656 -999.0 6231.0 -999.0 -1 -999 {-999.0 -999.0 -999.0 -999.0 -999.0} "" -999.0 -999.0 -999.0 -999.0 -999 -999 "" "" "" "" 0 0 0.0 0.0 -999 ""
FIBERMAP 762 R+2C22 APOGEE 0 0 0 1 0 0 194.9707206545312 44.128021914438776 143.1 199.5350998795101 11.512391999714069 88.58961 158.02493 -999.0 -999.0 -999.0 -999.0 -999.0 211.8301808068453 14.72363524984943 211.82024288998616 14.599477764531361 58.29766621723799 241.86055299446338 -999.0 16600.0 -999.0 2 -999 {-999.0 -999.0 -999.0 -999.0 -999.0} "" -999.0 -999.0 -999.0 -999.0 -999 -999 "" "" "" "" 0 0 0.0 0.0 -999 ""
FIBERMAP 762 R+2C22 BOSS 1 1 0 1 0 0 195.24962226186042 44.80164057366623 143.1 199.92075766784586 12.13096218985621 88.58961 158.02493 211.83196486257305 14.726346816799323 -8.130391 2.6321592 0.27643648 211.8319410476577 14.72635427345253 211.82209767470005 14.602279278303998 58.30084169788677 241.862443251845 5400.0 5400.0 2016.0 1 224 {-999.0 16.807789 16.424065 16.269167 -999.0} sdss_psfmag 16.740864 16.429333 15.959152 15.103 63050394841199762 976659423 "" ops_std_boss ops_std standard_boss 0 0 0.0 0.0 -999 ""
FIBERMAP 762 R+2C22 METROLOGY 0 0 0 1 0 0 195.7118059531532 44.214361712203875 143.1 200.28017215727323 11.475878408629855 88.58961 158.02493 -999.0 -999.0 -999.0 -999.0 -999.0 211.83361715268984 14.723393866873993 211.8237482000942 14.599298798080728 58.30015032021217 241.8561440379256 -999.0 6231.0 -999.0 -1 -999 {-999.0 -999.0 -999.0 -999.0 -999.0} "" -999.0 -999.0 -999.0 -999.0 -999 -999 "" "" "" "" 0 0 0.0 0.0 -999 ""
FIBERMAP 765 R+2C19 APOGEE 1 1 0 1 0 0 116.68636933768187 25.986944115810008 143.1 119.34864340655382 6.472906078464206 285.57257 27.73851 211.45514596902922 14.702532576877099 11.564149 -15.436459 0.77303725 211.45517983813835 14.702488846869345 211.44559339243497 14.577875210769857 58.005493512441596 242.26947556374893 16000.0 16600.0 2016.0 2 72 {-999.0 13.382568 12.613727 12.339568 -999.0} sdss_psfmag_from_g3xp 13.168807 12.655107 11.98941 10.594 63050394841199945 1104633538 bright_flexible_2x1 mwm_tess_rgb_apogee mwm_tessrgb science 0 0 0.0 0.0 -999 ""
FIBERMAP 765 R+2C19 BOSS 0 0 0 1 0 0 116.17172879951505 26.527002299586513 143.1 118.9297408177769 7.090030343276416 285.57257 27.73851 -999.0 -999.0 -999.0 -999.0 -999.0 211.4531789864395 14.705226021661012 211.44369179938826 14.580690690028103 58.00587755253058 242.27578251936285 -999.0 5400.0 -999.0 1 221 {-999.0 -999.0 -999.0 -999.0 -999.0} "" -999.0 -999.0 -999.0 -999.0 -999 -999 "" "" "" "" 0 0 0.0 0.0 -999 ""
FIBERMAP 765 R+2C19 METROLOGY 0 0 0 1 0 0 116.8998532220416 26.7052918253861 143.1 119.67712608996756 7.1463302759431 285.57257 27.73851 -999.0 -999.0 -999.0 -999.0 -999.0 211.456705295164 14.705491559467669 211.4471859620968 14.580937358192557 58.00863602562142 242.272061259069 -999.0 6231.0 -999.0 -1 -999 {-999.0 -999.0 -999.0 -999.0 -999.0} "" -999.0 -999.0 -999.0 -999.0 -999 -999 "" "" "" "" 0 0 0.0 0.0 -999 ""
FIBERMAP 766 R+7C3 APOGEE 0 0 0 1 0 0 -176.6525469731102 153.56303748828873 143.1 -149.01313838866102 180.45364746442897 164.09593 56.95582 -999.0 -999.0 -999.0 -999.0 -999.0 210.19398327647454 15.49196927167461 210.18443051207964 15.365627321441858 57.54947433784367 244.85272478135653 -999.0 16600.0 -999.0 2 123 {-999.0 -999.0 -999.0 -999.0 -999.0} "" -999.0 -999.0 -999.0 -999.0 -999 -999 "" "" "" "" 0 0 0.0 0.0 -999 ""
FIBERMAP 766 R+7C3 BOSS 1 1 0 1 0 0 -176.09380621615435 154.06681911337452 143.1 -148.37937112482996 180.85877323678642 164.09593 56.95582 210.19681210398494 15.493773544473543 5.531918 -4.7941575 2.9402182 210.1968283663597 15.493759963084969 210.18737736766815 15.367500710221583 57.55286750703581 244.8522299095787 5400.0 5400.0 2016.0 1 26 {-999.0 19.697014 18.133041 17.103157 -999.0} sdss_psfmag 18.987001 17.794579 16.704184 14.563 63050394841222882 1126494452 dark_1x1 openfibertargets_mwm_snc_further_ext_boss open_fiber science 0 0 0.0 0.0 -999 ""
FIBERMAP 766 R+7C3 METROLOGY 0 0 0 1 0 0 -175.94138633863537 153.33451427251902 143.1 -148.34927152317107 180.11151212200815 164.09593 56.95582 -999.0 -999.0 -999.0 -999.0 -999.0 210.1969904599599 15.490415814043194 210.18751324659195 15.36413494335178 57.55090462286783 244.8471281690753 -999.0 6231.0 -999.0 -1 -999 {-999.0 -999.0 -999.0 -999.0 -999.0} "" -999.0 -999.0 -999.0 -999.0 -999 -999 "" "" "" "" 0 0 0.0 0.0 -999 ""
FIBERMAP 776 R+1C5 APOGEE 0 0 0 1 0 0 -196.09967226439764 31.79481852815868 143.1 -188.184022911358 63.55207919387421 117.079765 113.5903 -999.0 -999.0 -999.0 -999.0 -999.0 210.00981602077508 14.962245699791586 210.00113486366797 14.835834256927063 57.08312361470366 244.28339234424766 -999.0 16600.0 -999.0 2 110 {-999.0 -999.0 -999.0 -999.0 -999.0} "" -999.0 -999.0 -999.0 -999.0 -999 -999 "" "" "" "" 0 0 0.0 0.0 -999 ""
FIBERMAP 776 R+1C5 BOSS 1 1 0 1 0 0 -195.59593143940978 32.35436076009485 143.1 -187.59534508721356 64.02122855511288 117.079765 113.5903 210.01244120005006 14.96431447664354 -12.28863 2.3722878 0.16087548 210.01240516549555 14.964321197104175 210.00382610585066 14.83799430885339 57.086504159872284 244.28353408886153 5400.0 5400.0 2016.0 1 63 {-999.0 18.850254 18.251722 18.000162 -999.0} sdss_psfmag 18.70295 18.487225 17.568392 15.786 63050394841213823 1092190553 dark_flexible_2x1 mwm_cb_galex_mag_boss mwm_cb science 0 0 0.0 0.0 -999 ""
FIBERMAP 776 R+1C5 METROLOGY 0 0 0 1 0 0 -195.36536242853603 31.638416587078268 143.1 -187.485484684109 63.277273190822086 117.079765 113.5903 -999.0 -999.0 -999.0 -999.0 -999.0 210.01295780333447 14.960969668142049 210.0043523778586 14.834621081177872 57.08480757670788 244.2780875557707 -999.0 6231.0 -999.0 -1 -999 {-999.0 -999.0 -999.0 -999.0 -999.0} "" -999.0 -999.0 -999.0 -999.0 -999 -999 "" "" "" "" 0 0 0.0 0.0 -999 ""
FIBERMAP 779 R+1C20 APOGEE 0 0 0 1 0 0 124.99624695234809 24.28157532274512 143.1 127.26430879334966 3.426720386848652 227.43973 38.831196 -999.0 -999.0 -999.0 -999.0 -999.0 211.49225524009935 14.688487592639799 211.48265629909247 14.563923229158014 58.02414952103739 242.20592090766087 -999.0 16600.0 -999.0 2 85 {-999.0 -999.0 -999.0 -999.0 -999.0} "" -999.0 -999.0 -999.0 -999.0 -999 -999 "" "" "" "" 0 0 0.0 0.0 -999 ""
FIBERMAP 779 R+1C20 BOSS 1 1 0 1 0 0 125.02835804972896 25.01814245223199 143.1 127.41690316931499 4.147890123781811 227.43973 38.831196 211.49303512251913 14.69166490722923 -32.82648 7.4364595 0.8656455 211.4929389849918 14.691685973985434 211.483436347145 14.567203160164013 58.02682816711045 242.20976925970214 5400.0 5400.0 2016.0 1 233 {-999.0 18.252096 17.180492 16.778011 -999.0} sdss_psfmag 17.905258 17.220127 16.421711 14.759 63050394841199927 1136102499 dark_flexible_3x1 mwm_halo_local_high_boss_triple mwm_halo science 0 0 0.0 0.0 -999 ""
FIBERMAP 779 R+1C20 METROLOGY 0 0 0 1 0 0 125.66284774740693 24.621264041596724 143.1 127.97751365483339 3.652301295609447 227.43973 38.831196 -999.0 -999.0 -999.0 -999.0 -999.0 211.4955772856314 14.689443737907306 211.48604671145767 14.56494163336247 58.027323068655335 242.20343437078475 -999.0 6231.0 -999.0 -1 -999 {-999.0 -999.0 -999.0 -999.0 -999.0} "" -999.0 -999.0 -999.0 -999.0 -999 -999 "" "" "" "" 0 0 0.0 0.0 -999 ""
FIBERMAP 781 R+8C12 APOGEE 0 0 0 1 0 0 25.25924737615028 158.74516110566736 143.1 50.97373657089712 152.41599184635442 217.22925 58.812626 -999.0 -999.0 -999.0 -999.0 -999.0 211.13487731837648 15.366781879850004 211.1246523704625 15.241594882596324 58.1846676192474 243.61356929627613 -999.0 16600.0 -999.0 2 -999 {-999.0 -999.0 -999.0 -999.0 -999.0} "" -999.0 -999.0 -999.0 -999.0 -999 -999 "" "" "" "" 0 0 0.0 0.0 -999 ""
FIBERMAP 781 R+8C12 BOSS 1 1 0 1 0 0 25.180078509092834 159.49216969094908 143.1 51.018294959692845 153.16572870733194 217.22925 58.812626 211.13499572703154 15.370139120282142 3.4935708 3.109891 1.8854316 211.13500599109034 15.370147930304386 211.12487908056957 15.245039417313262 58.186990696764596 243.6184115020007 5400.0 5400.0 2016.0 1 139 {-999.0 19.481045 18.677387 18.455286 -999.0} sdss_psfmag_ps1 19.338366 19.769756 17.661356 -999.0 63050394841218619 1092117937 dark_flexible_2x1 mwm_cb_galex_mag_boss mwm_cb science 0 0 0.0 0.0 -999 ""
FIBERMAP 781 R+8C12 METROLOGY 0 0 0 1 0 0 25.855872535247006 159.193157087842 143.1 51.63570892191751 152.75987925221506 217.22925 58.812626 -999.0 -999.0 -999.0 -999.0 -999.0 211.13793951978045 15.368313396731795 211.1277832070665 15.243186418884187 58.188020478776245 243.61234585922125 -999.0 6231.0 -999.0 -1 -999 {-999.0 -999.0 -999.0 -999.0 -999.0} "" -999.0 -999.0 -999.0 -999.0 -999 -999 "" "" "" "" 0 0 0.0 0.0 -999 ""
FIBERMAP 784 R0C21 APOGEE 0 0 0 1 0 0 146.25098940560716 -5.961085509220918 143.1 143.26182215295884 -29.889656662260883 199.41856 126.54271 -999.0 -999.0 -999.0 -999.0 -999.0 211.56649223292064 14.536683992210769 211.55704063686608 14.412252927109725 57.982123254907286 241.8991379095637 -999.0 16600.0 -999.0 2 73 {-999.0 -999.0 -999.0 -999.0 -999.0} "" -999.0 -999.0 -999.0 -999.0 -999 -999 "" "" "" "" 0 0 0.0 0.0 -999 ""
FIBERMAP 784 R0C21 BOSS 1 1 0 1 0 0 145.63469879161636 -5.553388445940265 143.1 142.7209367026066 -29.386385710677903 199.41856 126.54271 211.5636435136792 14.53888790545445 -14.835028 -0.41962618 1.4056996 211.56392912241944 14.53888671668978 211.55457782437014 14.414534064890006 57.98176315671242 241.90532580701276 5400.0 5400.0 2016.0 1 243 {-999.0 17.123875 16.173113 15.812217 -999.0} sdss_psfmag 16.789143 16.200932 15.452798 13.947 63050394841199040 1092190644 dark_flexible_2x1 mwm_cb_galex_mag_boss mwm_cb science 0 0 1.146560549736023 0.0 -999 ""
FIBERMAP 784 R0C21 METROLOGY 0 0 0 1 0 0 146.29667634778244 -5.2132653908784645 143.1 143.4296531874105 -29.159617423810527 199.41856 126.54271 -999.0 -999.0 -999.0 -999.0 -999.0 211.56726947708702 14.539932400426364 211.55788507051 14.415560225237058 57.98487617324623 241.90292376768315 -999.0 6231.0 -999.0 -1 -999 {-999.0 -999.0 -999.0 -999.0 -999.0} "" -999.0 -999.0 -999.0 -999.0 -999 -999 "" "" "" "" 0 0 0.0 0.0 -999 ""
FIBERMAP 786 R+11C5 APOGEE 0 0 0 1 0 0 -73.39077383672544 204.4467924867375 143.1 -38.817149512694876 213.68506863904798 274.1952 140.8201 -999.0 -999.0 -999.0 -999.0 -999.0 210.7121367053059 15.643729225968617 210.7019109576329 15.51795829062069 58.036483435600324 244.50256520618854 -999.0 16600.0 -999.0 2 22 {-999.0 -999.0 -999.0 -999.0 -999.0} "" -999.0 -999.0 -999.0 -999.0 -999 -999 "" "" "" "" 0 0 0.0 0.0 -999 ""
FIBERMAP 786 R+11C5 BOSS 1 1 0 1 0 0 -73.81492219982786 203.8374949080311 143.1 -39.335497537505645 213.15378095595534 274.1952 140.8201 210.70961250120843 15.641315684484933 -11.70892 -4.539503 0.33151016 210.70957805538143 15.641302824505757 210.69946211553534 15.515608042332978 58.033176940705715 244.50181410585583 5400.0 5400.0 2016.0 1 144 {-999.0 16.727327 16.334818 16.190296 -999.0} sdss_psfmag 16.640106 16.338251 15.861 14.99 63050394841223322 976659568 "" ops_std_boss ops_std standard_boss 0 0 0.0 0.0 -999 ""
FIBERMAP 786 R+11C5 METROLOGY 0 0 0 1 0 0 -74.14350346201901 204.51039895322248 143.1 -39.54908885823026 213.87137886801344 274.1952 140.8201 -999.0 -999.0 -999.0 -999.0 -999.0 210.70861119510593 15.64453866720791 210.6984622003822 15.518819569084224 58.03439640977986 244.50771364788523 -999.0 6231.0 -999.0 -1 -999 {-999.0 -999.0 -999.0 -999.0 -999.0} "" -999.0 -999.0 -999.0 -999.0 -999 -999 "" "" "" "" 0 0 0.0 0.0 -999 ""
FIBERMAP 787 R+9C16 APOGEE 1 1 0 1 0 0 137.19990036335838 186.99710286360502 143.1 166.0137554036707 161.90187885571666 135.96716 102.60308 211.6751133592381 15.406086407562647 5.016559 -52.27261 4.8684 211.67512810034788 15.40593832427696 211.66437000801537 15.281400972574156 58.61519242431388 243.04953084650867 16000.0 16600.0 2016.0 2 88 {-999.0 11.0285635 10.626413 10.496276 -999.0} sdss_psfmag_from_g3xp 10.959042 10.648931 10.168744 9.336 63050394841219533 974688872 "" ops_std_apogee ops_std standard_apogee 0 0 0.0 0.0 -999 ""
FIBERMAP 787 R+9C16 BOSS 0 0 0 1 0 0 137.57142201410744 187.64548551270136 143.1 166.48661690462606 162.48035421074488 135.96716 102.60308 -999.0 -999.0 -999.0 -999.0 -999.0 211.67726107264133 15.408468418107958 211.6665971226364 15.284011189073139 58.61850473512081 243.05082898187504 -999.0 5400.0 -999.0 1 227 {-999.0 -999.0 -999.0 -999.0 -999.0} "" -999.0 -999.0 -999.0 -999.0 -999 -999 "" "" "" "" 0 0 0.0 0.0 -999 ""
FIBERMAP 787 R+9C16 METROLOGY 0 0 0 1 0 0 137.95195732288468 187.00995649683497 143.1 166.75758404311205 161.79108806151532 135.96716 102.60308 -999.0 -999.0 -999.0 -999.0 -999.0 211.67855345159845 15.405366244258259 211.66786425904058 15.280889246690556 58.61748935153739 243.0446930247703 -999.0 6231.0 -999.0 -1 -999 {-999.0 -999.0 -999.0 -999.0 -999.0} "" -999.0 -999.0 -999.0 -999.0 -999 -999 "" "" "" "" 0 0 0.0 0.0 -999 ""
FIBERMAP 789 R+2C9 APOGEE 0 0 0 1 0 0 -102.0922280031634 51.04295388960411 143.1 -92.30886984143251 67.10209071880219 166.34552 80.44425 -999.0 -999.0 -999.0 -999.0 -999.0 210.4591609050386 14.979888907819062 210.45006066092537 14.853999757116831 57.43386562844808 243.80976886135062 -999.0 16600.0 -999.0 2 109 {-999.0 -999.0 -999.0 -999.0 -999.0} "" -999.0 -999.0 -999.0 -999.0 -999 -999 "" "" "" "" 0 0 0.0 0.0 -999 ""
FIBERMAP 789 R+2C9 BOSS 1 1 0 1 0 0 -101.82094959591197 51.74401675309204 143.1 -91.92622484926562 67.74897936356903 166.34552 80.44425 210.4604384445285 14.982811558966782 -58.91064 -10.0086155 0.8617434 210.4608131834638 14.982783205454856 210.45181300878198 14.856976762656517 57.43704845507675 243.81211983954512 5400.0 5400.0 2016.0 1 53 {-999.0 13.706821 13.658031 13.684907 -999.0} sdss_psfmag_from_g3xp 13.751985 13.612138 13.359414 12.928 63050394841217677 1135937647 dark_flexible_3x1 mwm_halo_local_high_boss_triple mwm_halo science 0 0 1.903994083404541 0.0 -999 ""
FIBERMAP 789 R+2C9 METROLOGY 0 0 0 1 0 0 -101.35272934691112 51.16196800434535 143.1 -91.5599981415794 67.09806275453359 166.34552 80.44425 -999.0 -999.0 -999.0 -999.0 -999.0 210.46257229497036 14.979843656624206 210.4535446003813 14.854016972801078 57.43650515562572 243.80588360237618 -999.0 6231.0 -999.0 -1 -999 {-999.0 -999.0 -999.0 -999.0 -999.0} "" -999.0 -999.0 -999.0 -999.0 -999 -999 "" "" "" "" 0 0 0.0 0.0 -999 ""
FIBERMAP 790 R+6C16 APOGEE 0 0 0 1 0 0 105.56812020063069 125.14760068601082 143.1 124.66277662206957 106.095719279543 106.66537 134.9188 -999.0 -999.0 -999.0 -999.0 -999.0 211.4813212706921 15.15515047415927 211.47108339942292 15.030443661814804 58.312139755127326 242.90211899998192 -999.0 16600.0 -999.0 2 -999 {-999.0 -999.0 -999.0 -999.0 -999.0} "" -999.0 -999.0 -999.0 -999.0 -999 -999 "" "" "" "" 0 0 0.0 0.0 -999 ""
FIBERMAP 790 R+6C16 BOSS 1 1 0 1 0 0 105.92802833702967 125.82817869350492 143.1 125.12946988052992 106.70785403246346 106.66537 134.9188 211.48346036032575 15.157871113843521 -0.38642144 -0.54308975 -0.6395569 211.48345922617258 15.157869575322398 211.473316811199 15.033244285355737 58.315581220457794 242.90365705072733 5400.0 5400.0 2016.0 1 215 {-999.0 20.568705 20.47848 20.27365 20.258713} sdss_psfmag_from_gaiadr2 20.26395 20.536383 20.141018 -999.0 63050394841217110 1129369103 dark_flexible_3x1 bhm_gua_dark_d3 bhm_filler science 0 0 0.0 0.0 -999 ""
FIBERMAP 790 R+6C16 METROLOGY 0 0 0 1 0 0 106.31367920518807 125.1759511928002 143.1 125.40274080809286 106.00127911421106 106.66537 134.9188 -999.0 -999.0 -999.0 -999.0 -999.0 211.48475822944638 15.154673039875593 211.47459050964085 15.030027658380636 58.31450218668058 242.89743069387396 -999.0 6231.0 -999.0 -1 -999 {-999.0 -999.0 -999.0 -999.0 -999.0} "" -999.0 -999.0 -999.0 -999.0 -999 -999 "" "" "" "" 0 0 0.0 0.0 -999 ""
FIBERMAP 791 R+7C20 APOGEE 0 0 0 1 0 0 233.76841622053107 137.01214009925067 143.1 253.0485416700821 96.75008149188956 67.24892 36.99826 -999.0 -999.0 -999.0 -999.0 -999.0 212.07967694244638 15.107499367431988 212.0689828429828 14.983546255051586 58.72837303873126 242.1302294398451 -999.0 16600.0 -999.0 2 76 {-999.0 -999.0 -999.0 -999.0 -999.0} "" -999.0 -999.0 -999.0 -999.0 -999 -999 "" "" "" "" 0 0 0.0 0.0 -999 ""
FIBERMAP 791 R+7C20 BOSS 1 1 0 1 0 0 234.0195216348186 136.31263684409868 143.1 253.18135532313988 96.01896950115369 67.24892 36.99826 212.08018899938753 15.104115120984952 0.068565585 -0.29409617 -1.1494136 212.08018920057756 15.10411428783873 212.06959819273257 14.980241983185367 58.726720181599056 242.12460002318687 5400.0 5400.0 2016.0 1 250 {-999.0 19.702063 19.707329 19.791721 19.609236} sdss_psfmag 19.879484 20.099962 19.881252 -999.0 63050394841202243 1060491888 dark_flexible_2x2 bhm_aqmes_bonus_faint bhm_filler science 0 0 0.0 0.0 -999 ""
FIBERMAP 791 R+7C20 METROLOGY 0 0 0 1 0 0 233.286447326351 136.43860799451608 143.1 252.4790397128946 96.26356020562534 67.24892 36.99826 -999.0 -999.0 -999.0 -999.0 -999.0 212.07697442096776 15.105277857116873 212.06635663738302 14.981378758069722 58.725036608459064 242.13013748703037 -999.0 6231.0 -999.0 -1 -999 {-999.0 -999.0 -999.0 -999.0 -999.0} "" -999.0 -999.0 -999.0 -999.0 -999 -999 "" "" "" "" 0 0 0.0 0.0 -999 ""
FIBERMAP 792 R-7C14 APOGEE 1 1 0 1 0 0 96.46084546411916 -123.73385184972967 143.1 74.82099209512543 -137.8691821536054 107.89228 21.706411 211.24339899025523 14.046945654698005 3.634372 -3.8490012 5.316488 211.24340960344603 14.046934750846962 211.23490801983792 13.922245652436507 57.42730476395413 241.57583169158485 16000.0 16600.0 2016.0 2 184 {-999.0 11.284451 10.9056635 10.789017 -999.0} sdss_psfmag_from_g3xp 11.221619 10.925889 10.459965 9.662 63050394841188732 974688656 "" ops_std_apogee ops_std standard_apogee 0 0 0.0 0.0 -999 ""
FIBERMAP 792 R-7C14 BOSS 0 0 0 1 0 0 96.95154222690556 -124.28891942100189 143.1 75.21381592237395 -138.49717854113368 107.89228 21.706411 -999.0 -999.0 -999.0 -999.0 -999.0 211.24516060766027 14.043954356906593 211.2367632263563 13.9193525182905 57.42680263963503 241.56957111108366 -999.0 5400.0 -999.0 1 326 {-999.0 -999.0 -999.0 -999.0 -999.0} "" -999.0 -999.0 -999.0 -999.0 -999 -999 "" "" "" "" 0 0 0.0 0.0 -999 ""
FIBERMAP 792 R-7C14 METROLOGY 0 0 0 1 0 0 96.21049885587615 -124.43393731937691 143.1 74.45915161408612 -138.5185432848475 107.89228 21.706411 -999.0 -999.0 -999.0 -999.0 -999.0 211.2416511445405 14.043893542351544 211.23322776361977 13.919263504329399 57.424130570568146 241.57357379785958 -999.0 6231.0 -999.0 -1 -999 {-999.0 -999.0 -999.0 -999.0 -999.0} "" -999.0 -999.0 -999.0 -999.0 -999 -999 "" "" "" "" 0 0 0.0 0.0 -999 ""
FIBERMAP 793 R+7C1 APOGEE 0 0 0 1 0 0 -193.86953895343999 131.7446143296416 143.1 -169.5754521201728 161.7617343314344 35.930656 60.24394 -999.0 -999.0 -999.0 -999.0 -999.0 210.09750135682324 15.407050477987072 210.0881491524616 15.280618969749009 57.42398323481002 244.83401531929718 -999.0 16600.0 -999.0 2 97 {-999.0 -999.0 -999.0 -999.0 -999.0} "" -999.0 -999.0 -999.0 -999.0 -999 -999 "" "" "" "" 0 0 0.0 0.0 -999 ""
FIBERMAP 793 R+7C1 BOSS 1 1 0 1 0 0 -193.78506503078128 131.00897522392654 143.1 -169.612911816272 161.02233970464943 35.930656 60.24394 210.09719393402972 15.403668893064996 -4.0163403 -3.322573 0.37979382 210.09718213218258 15.403659480534492 210.08794147536085 15.277308743698859 57.42179117905206 244.8293935977 5400.0 5400.0 2016.0 1 82 {-999.0 17.031336 16.658533 16.550842 -999.0} sdss_psfmag 16.980984 16.677443 16.218117 15.434 63050394841222725 976659565 "" ops_std_boss ops_std standard_boss 0 0 0.0 0.0 -999 ""
FIBERMAP 793 R+7C1 METROLOGY 0 0 0 1 0 0 -194.47494494770575 131.2989923620812 143.1 -170.24569484602972 161.42162988388753 35.930656 60.24394 -999.0 -999.0 -999.0 -999.0 -999.0 210.09426869786878 15.405452960687832 210.08499802684616 15.279075583976045 57.42063668333707 244.8352226684363 -999.0 6231.0 -999.0 -1 -999 {-999.0 -999.0 -999.0 -999.0 -999.0} "" -999.0 -999.0 -999.0 -999.0 -999 -999 "" "" "" "" 0 0 0.0 0.0 -999 ""
FIBERMAP 795 R+5C3 APOGEE 0 0 0 1 0 0 -179.82197777331928 98.8112123939497 143.1 -161.1277907907253 126.9748331230513 352.09647 135.1184 -999.0 -999.0 -999.0 -999.0 -999.0 210.1365273248725 15.250271574082442 210.12734973916145 15.123928655395787 57.35726963007795 244.56172685212965 -999.0 16600.0 -999.0 2 130 {-999.0 -999.0 -999.0 -999.0 -999.0} "" -999.0 -999.0 -999.0 -999.0 -999 -999 "" "" "" "" 0 0 0.0 0.0 -999 ""
FIBERMAP 795 R+5C3 BOSS 1 1 0 1 0 0 -179.36807582533368 98.24011323849952 143.1 -160.77388791836728 126.33706626678297 352.09647 135.1184 210.13828964394574 15.247468553488023 -88.378494 -43.331753 4.0550385 210.13803014154337 15.247345798643096 210.12896233734423 15.12108642620929 57.35673913347227 244.55580001123533 5400.0 5400.0 2016.0 1 28 {-999.0 19.923662 18.57839 16.953548 -999.0} sdss_psfmag 19.336935 17.930227 16.19977 13.691 63050394841222399 1094662999 bright_1x1 mwm_bin_vis_boss mwm_filler science 0 0 0.0 0.0 -999 ""
FIBERMAP 795 R+5C3 METROLOGY 0 0 0 1 0 0 -180.10380464257744 98.12117168304667 143.1 -161.5190296909728 126.34054688567754 352.09647 135.1184 -999.0 -999.0 -999.0 -999.0 -999.0 210.13458269654484 15.24735723215857 210.12548714130355 15.121070740299471 57.354090571747484 244.5596176975587 -999.0 6231.0 -999.0 -1 -999 {-999.0 -999.0 -999.0 -999.0 -999.0} "" -999.0 -999.0 -999.0 -999.0 -999 -999 "" "" "" "" 0 0 0.0 0.0 -999 ""
FIBERMAP 796 R-1C17 APOGEE 0 0 0 1 0 0 84.34368097849867 -37.382893855832265 143.1 77.04693064349449 -50.71597700345207 328.50946 69.666985 -999.0 -999.0 -999.0 -999.0 -999.0 211.25557381144398 14.442755905155483 211.2465168316046 14.317970844769526 57.690994789160854 242.1263003871473 -999.0 16600.0 -999.0 2 -999 {-999.0 -999.0 -999.0 -999.0 -999.0} "" -999.0 -999.0 -999.0 -999.0 -999 -999 "" "" "" "" 0 0 0.0 0.0 -999 ""
FIBERMAP 796 R-1C17 BOSS 1 1 0 1 0 0 83.77166600429358 -37.855081163217505 143.1 76.40525858911145 -51.087763512896466 328.50946 69.666985 211.25210209787224 14.440997082269755 4.54949 -12.4762535 0.19211285 211.2524906322401 14.440961738240892 211.24354098732888 14.31625629866394 57.6876829935117 242.1272999081717 5400.0 5400.0 2016.0 1 280 {-999.0 16.057411 15.507113 15.32539 -999.0} sdss_psfmag 15.927671 15.539627 14.9678 13.793 63050394841198943 1133101647 dark_flexible_3x1 mwm_halo_mp_xp_boss_triple mwm_halo science 0 0 1.3081332445144653 0.0 -999 ""
FIBERMAP 796 R-1C17 METROLOGY 0 0 0 1 0 0 83.6442905654032 -37.123057309938616 143.1 76.3998130089257 -50.34489115293347 328.50946 69.666985 -999.0 -999.0 -999.0 -999.0 -999.0 211.25249948046493 14.44437100172173 211.24351618283674 14.319641122916918 57.689835656305554 242.13218695139128 -999.0 6231.0 -999.0 -1 -999 {-999.0 -999.0 -999.0 -999.0 -999.0} "" -999.0 -999.0 -999.0 -999.0 -999 -999 "" "" "" "" 0 0 0.0 0.0 -999 ""
FIBERMAP 800 R+11C7 APOGEE 0 0 0 1 0 0 -40.52656924428797 208.8325960705473 143.1 -5.684697730263435 212.61515313860986 154.44427 162.44795 -999.0 -999.0 -999.0 -999.0 -999.0 210.86817852947902 15.638956211170253 210.85781840013192 15.5133732409919 58.15189657441395 244.32040941350598 -999.0 16600.0 -999.0 2 16 {-999.0 -999.0 -999.0 -999.0 -999.0} "" -999.0 -999.0 -999.0 -999.0 -999 -999 "" "" "" "" 0 0 0.0 0.0 -999 ""
FIBERMAP 800 R+11C7 BOSS 1 1 0 1 0 0 -41.06726284648356 209.34672590475014 143.1 -6.133551975618587 213.2109827108857 154.44427 162.44795 210.8659886171233 15.641700002743045 -8.700031 -34.94014 0.54572135 210.865963022942 15.641601020679802 210.8557048627906 15.51609304702878 58.151974577167074 244.32684683884094 5400.0 5400.0 2016.0 1 112 {-999.0 16.910479 16.534937 16.36872 -999.0} sdss_psfmag 16.839159 16.534813 16.06806 15.348 63050394841219224 1136102843 dark_flexible_3x1 mwm_halo_local_high_boss_triple mwm_halo science 0 0 0.0 0.0 -999 ""
FIBERMAP 800 R+11C7 METROLOGY 0 0 0 1 0 0 -40.35561496533473 209.56262982071385 143.1 -5.396241460078457 213.30708495720938 154.44427 162.44795 -999.0 -999.0 -999.0 -999.0 -999.0 210.8694668259723 15.64204349586998 210.8591755105017 15.516517369731678 58.15486683520333 244.32356541032846 -999.0 6231.0 -999.0 -1 -999 {-999.0 -999.0 -999.0 -999.0 -999.0} "" -999.0 -999.0 -999.0 -999.0 -999 -999 "" "" "" "" 0 0 0.0 0.0 -999 ""
FIBERMAP 804 R-6C16 APOGEE 0 0 0 1 0 0 133.84828954530172 -115.14550902263024 143.1 113.10444733399103 -135.53692630171602 81.911255 15.231966 -999.0 -999.0 -999.0 -999.0 -999.0 211.42250998391648 14.057388976114138 211.41384371802928 13.93291514493793 57.56642726784821 241.38134308837414 -999.0 16600.0 -999.0 2 -999 {-999.0 -999.0 -999.0 -999.0 -999.0} "" -999.0 -999.0 -999.0 -999.0 -999 -999 "" "" "" "" 0 0 0.0 0.0 -999 ""
FIBERMAP 804 R-6C16 BOSS 1 1 0 1 0 0 133.94124784277895 -115.90312610527533 143.1 113.07174717919447 -136.2993896821113 81.911255 15.231966 211.42226758850626 14.053811377758889 -999.0 -999.0 -999.0 211.42226758850623 14.05381137775889 211.41370809577168 13.929422535734554 57.56405933098034 241.37655003440423 5400.0 5400.0 2016.0 1 305 {-999.0 20.869965 20.732973 20.62099 20.51606} sdss_psfmag_from_gdr3 21.08344 20.700834 20.5077 -999.0 63050394841197577 1128566716 dark_flexible_3x1 bhm_spiders_agn_gaiadr3_d3 bhm_spiders science 0 0 0.0 0.0 -999 ""
FIBERMAP 804 R-6C16 METROLOGY 0 0 0 1 0 0 133.26102730983456 -115.60571011705082 143.1 112.4497054398191 -135.89438817862197 81.911255 15.231966 -999.0 -999.0 -999.0 -999.0 -999.0 211.41939665619418 14.055677335186681 211.4108082342466 13.931260570410739 57.563112289475804 241.3825636291244 -999.0 6231.0 -999.0 -1 -999 {-999.0 -999.0 -999.0 -999.0 -999.0} "" -999.0 -999.0 -999.0 -999.0 -999 -999 "" "" "" "" 0 0 0.0 0.0 -999 ""
FIBERMAP 805 R0C18 APOGEE 0 0 0 1 0 0 80.52728883054219 -15.954516528934814 143.1 76.80097152470826 -28.95562610108358 276.20703 75.017426 -999.0 -999.0 -999.0 -999.0 -999.0 211.25477296622324 14.541812497091637 211.24558026469424 14.416998904989848 57.753740981619785 242.269773599979 -999.0 16600.0 -999.0 2 -999 {-999.0 -999.0 -999.0 -999.0 -999.0} "" -999.0 -999.0 -999.0 -999.0 -999 -999 "" "" "" "" 0 0 0.0 0.0 -999 ""
FIBERMAP 805 R0C18 BOSS 1 1 0 1 0 0 79.78031372220357 -15.851171891170784 143.1 76.08123153829256 -28.73106872086103 276.20703 75.017426 211.25103544638893 14.542741526667951 -26.87811 1.413685 0.7868704 211.25133196367543 14.54274553148862 211.242243240586 14.418009972434737 57.75190410530623 242.2751052816655 5400.0 5400.0 2016.0 1 241 {-999.0 15.998389 15.499009 15.327722 -999.0} sdss_psfmag 15.884383 15.524609 14.989475 13.914 63050394841199369 1136776327 dark_flexible_3x1 mwm_halo_local_high_boss_triple mwm_halo science 0 0 1.307376503944397 0.0 -999 ""
FIBERMAP 805 R0C18 METROLOGY 0 0 0 1 0 0 80.24266583148217 -15.26484143955005 143.1 76.63348753076005 -28.22870447312346 276.20703 75.017426 -999.0 -999.0 -999.0 -999.0 -999.0 211.25395698760784 14.545053127033992 211.2448337875942 14.420296711600072 57.75529533819125 242.27539077006264 -999.0 6231.0 -999.0 -1 -999 {-999.0 -999.0 -999.0 -999.0 -999.0} "" -999.0 -999.0 -999.0 -999.0 -999 -999 "" "" "" "" 0 0 0.0 0.0 -999 ""
FIBERMAP 806 R+4C22 APOGEE 0 0 0 1 0 0 227.09270069204854 64.52577307479828 143.1 234.56426593782544 26.356160971368137 286.9382 114.63773 -999.0 -999.0 -999.0 -999.0 -999.0 211.99317537117614 14.789903997296584 211.98300446349674 14.665930773069524 58.461016785424995 241.76455306267704 -999.0 16600.0 -999.0 2 -999 {-999.0 -999.0 -999.0 -999.0 -999.0} "" -999.0 -999.0 -999.0 -999.0 -999 -999 "" "" "" "" 0 0 0.0 0.0 -999 ""
FIBERMAP 806 R+4C22 BOSS 1 1 0 1 0 0 226.564659043242 64.02231941772185 143.1 233.9608296044085 25.946318682282662 286.9382 114.63773 211.99029348124336 14.788035602152485 3.781315 -16.075783 0.42925274 211.99030456031917 14.787990061002871 211.98023806117544 14.664094434385422 58.457786440164554 241.76515500175574 5400.0 5400.0 2016.0 1 236 {-999.0 16.370874 16.014105 15.909783 15.873121} sdss_psfmag_from_ps1dr2 16.3004 16.0244 15.5767 14.753 63050394841201887 1035520526 "" ops_std_boss_ps1dr2 ops_std standard_boss 0 0 0.0 0.0 -999 ""
FIBERMAP 806 R+4C22 METROLOGY 0 0 0 1 0 0 226.381212035151 64.75037465898221 143.1 233.89943173175692 26.694482445511035 286.9382 114.63773 -999.0 -999.0 -999.0 -999.0 -999.0 211.99005858454987 14.79140403011525 211.97995935490007 14.667484272577099 58.45975985055881 241.77044902293466 -999.0 6231.0 -999.0 -1 -999 {-999.0 -999.0 -999.0 -999.0 -999.0} "" -999.0 -999.0 -999.0 -999.0 -999 -999 "" "" "" "" 0 0 0.0 0.0 -999 ""
FIBERMAP 808 R-9C5 APOGEE 0 0 0 1 0 0 -87.21999712914543 -182.0517200095516 143.1 -115.90902686791296 -165.22984962383333 350.63193 97.83673 -999.0 -999.0 -999.0 -999.0 -999.0 210.35061746866955 13.924483081320826 210.34302724819418 13.798759241811466 56.68553741322283 242.42819763298735 -999.0 16600.0 -999.0 2 287 {-999.0 -999.0 -999.0 -999.0 -999.0} "" -999.0 -999.0 -999.0 -999.0 -999 -999 "" "" "" "" 0 0 0.0 0.0 -999 ""
FIBERMAP 808 R-9C5 BOSS 1 1 0 1 0 0 -87.24021153547122 -182.80724366715253 143.1 -116.05300025408388 -165.97166841295618 350.63193 97.83673 210.3498284873384 13.92101155969117 -999.0 -999.0 -999.0 210.34982848733839 13.921011559691172 210.34234959492136 13.795373820299957 56.68286220292337 242.4242349009556 5400.0 5400.0 2016.0 1 412 {-999.0 21.517887 20.279839 19.811972 19.46809} sdss_fiber2mag_from_lsdr10 20.308434 21.084682 18.681906 16.205 63050394841189390 1058147115 dark_flexible_2x2 bhm_spiders_clusters_lsdr10 bhm_spiders science 0 0 0.0 0.0 -999 ""
FIBERMAP 808 R-9C5 METROLOGY 0 0 0 1 0 0 -87.88327093120341 -182.40257979390313 143.1 -116.6207844641562 -165.4669942328634 350.63193 97.83673 -999.0 -999.0 -999.0 -999.0 -999.0 210.34720467071455 13.923328407048553 210.33969488323032 13.797662534108394 56.682350507666676 242.4304418143945 -999.0 6231.0 -999.0 -1 -999 {-999.0 -999.0 -999.0 -999.0 -999.0} "" -999.0 -999.0 -999.0 -999.0 -999 -999 "" "" "" "" 0 0 0.0 0.0 -999 ""
FIBERMAP 809 R+9C1 APOGEE 0 0 0 1 0 0 -203.9235837470639 184.7876427875856 143.1 -170.78303079583407 215.7261855031911 169.36108 85.13991 -999.0 -999.0 -999.0 -999.0 -999.0 210.09307266306357 15.649353694167795 210.083400430643 15.52285075150102 57.56869631963682 245.19561703481588 -999.0 16600.0 -999.0 2 120 {-999.0 -999.0 -999.0 -999.0 -999.0} "" -999.0 -999.0 -999.0 -999.0 -999 -999 "" "" "" "" 0 0 0.0 0.0 -999 ""
FIBERMAP 809 R+9C1 BOSS 1 1 0 1 0 0 -203.7494213623425 185.5171282255334 143.1 -170.49150054005187 216.41704986168557 169.36108 85.13991 210.0938695526969 15.652386251991128 -5.6249657 -3.1567442 0.05593126 210.0943467199557 15.652377309237114 210.0847759181142 15.525954210105102 57.571640146600785 245.1986935462363 5400.0 5400.0 2016.0 1 78 {-999.0 14.886074 14.375547 14.145807 -999.0} sdss_psfmag_from_g3xp 14.76808 14.377584 13.802239 12.638 63050394841224106 1061908006 dark_flexible_2x1 manual_mwm_halo_vmp_wise_boss mwm_halo science 0 0 1.71146559715271 0.0 -999 ""
FIBERMAP 809 R+9C1 METROLOGY 0 0 0 1 0 0 -203.19936806953194 185.00051466632087 143.1 -170.03382303347925 215.81723409624038 169.36108 85.13991 -999.0 -999.0 -999.0 -999.0 -999.0 210.09649553318664 15.649737836766393 210.08689612485568 15.523295530555126 57.571636006460814 245.1924410984647 -999.0 6231.0 -999.0 -1 -999 {-999.0 -999.0 -999.0 -999.0 -999.0} "" -999.0 -999.0 -999.0 -999.0 -999 -999 "" "" "" "" 0 0 0.0 0.0 -999 ""
FIBERMAP 816 R+4C16 APOGEE 0 0 0 1 0 0 73.9933896648999 70.15988795312201 143.1 84.49458632747918 57.047653940147775 235.4919 83.667915 -999.0 -999.0 -999.0 -999.0 -999.0 211.29208281041502 14.933259029615899 211.28231792603094 14.808382328140759 58.03038345952247 242.79493799310342 -999.0 16600.0 -999.0 2 -999 {-999.0 -999.0 -999.0 -999.0 -999.0} "" -999.0 -999.0 -999.0 -999.0 -999 -999 "" "" "" "" 0 0 0.0 0.0 -999 ""
FIBERMAP 816 R+4C16 BOSS 1 1 0 1 0 0 73.43665868162807 70.62853166325718 143.1 84.02244755685297 57.60125559811165 235.4919 83.667915 211.28954749739412 14.935860101944357 -24.48136 -44.90692 0.9303069 211.28980662099568 14.935732884935884 211.2801423980775 14.810933547699262 58.03037318022155 242.80118266590972 5400.0 5400.0 2016.0 1 211 {-999.0 16.44817 15.819467 15.799352 -999.0} sdss_psfmag 16.314674 15.937421 15.380461 14.299 63050394841216798 1136102804 dark_flexible_3x1 mwm_halo_local_high_boss_triple mwm_halo science 0 0 1.1510006189346313 0.0 -999 ""
FIBERMAP 816 R+4C16 METROLOGY 0 0 0 1 0 0 74.12903343049842 70.89355187438709 143.1 84.74881347618944 57.74896307190328 235.4919 83.667915 -999.0 -999.0 -999.0 -999.0 -999.0 211.29324748573714 14.936409768095093 211.28355032171226 14.811591494525775 58.033338816960715 242.7982007829159 -999.0 6231.0 -999.0 -1 -999 {-999.0 -999.0 -999.0 -999.0 -999.0} "" -999.0 -999.0 -999.0 -999.0 -999 -999 "" "" "" "" 0 0 0.0 0.0 -999 ""
FIBERMAP 818 R+7C11 APOGEE 1 1 0 1 0 0 -6.50875455451818 148.9217027611681 143.1 18.029699799971112 147.94303686265118 218.52124 19.986423 210.97956658619037 15.346993023226174 2.0422845 -3.4226048 0.4633265 210.9795725857254 15.346983327315266 210.96951297793308 15.221614256876283 58.05525680675875 243.76095359445333 16000.0 16600.0 2016.0 2 19 {-999.0 14.034341 13.364474 13.117097 -999.0} sdss_psfmag_from_g3xp 13.863235 13.39811 12.769942 11.462 63050394841218560 1108999143 bright_flexible_4x1 mwm_tess_rgb_apogee mwm_tessrgb science 0 0 0.0 0.0 -999 ""
FIBERMAP 818 R+7C11 BOSS 0 0 0 1 0 0 -6.138397191165446 149.57936593594263 143.1 18.502936634225943 148.5308563087462 218.52124 19.986423 -999.0 -999.0 -999.0 -999.0 -999.0 210.98171134330858 15.34961800892767 210.97174935901842 15.224330185631148 58.058637437729885 243.7624224066446 -999.0 5400.0 -999.0 1 135 {-999.0 -999.0 -999.0 -999.0 -999.0} "" -999.0 -999.0 -999.0 -999.0 -999 -999 "" "" "" "" 0 0 0.0 0.0 -999 ""
FIBERMAP 818 R+7C11 METROLOGY 0 0 0 1 0 0 -5.760080686422473 148.94991468523114 143.1 18.772713277837912 147.84794864203724 218.52124 19.986423 -999.0 -999.0 -999.0 -999.0 -999.0 210.98300751608727 15.34653498318418 210.97301937322527 15.221227069643955 58.05765985189744 243.75639303662757 -999.0 6231.0 -999.0 -1 -999 {-999.0 -999.0 -999.0 -999.0 -999.0} "" -999.0 -999.0 -999.0 -999.0 -999 -999 "" "" "" "" 0 0 0.0 0.0 -999 ""
FIBERMAP 819 R+10C16 APOGEE 0 0 0 1 0 0 169.7669424797223 197.16294012579792 143.1 199.8020574383707 166.58132494322933 18.119173 113.409874 -999.0 -999.0 -999.0 -999.0 -999.0 211.83266715594416 15.425225353671802 211.8217416365942 15.300877260216302 58.745342315113874 242.894626366763 -999.0 16600.0 -999.0 2 -999 {-999.0 -999.0 -999.0 -999.0 -999.0} "" -999.0 -999.0 -999.0 -999.0 -999 -999 "" "" "" "" 0 0 0.0 0.0 -999 ""
FIBERMAP 819 R+10C16 BOSS 1 1 0 1 0 0 170.26360911194948 196.59738771739856 143.1 200.19904773604313 165.94200776026594 18.119173 113.409874 211.83443120744846 15.422257423610864 -0.5097375 -0.26198784 -0.18987024 211.83442970947223 15.422256681424477 211.82360647136608 15.297989780995119 58.74491700240056 242.8881210516223 5400.0 5400.0 2016.0 1 177 {-999.0 19.785973 19.63818 19.508131 19.434721} sdss_psfmag_from_gaiadr2 19.76238 19.628963 19.25931 -999.0 63050394841219550 1129369137 dark_flexible_3x1 bhm_gua_dark_d3 bhm_filler science 0 0 0.0 0.0 -999 ""
FIBERMAP 819 R+10C16 METROLOGY 0 0 0 1 0 0 169.54081661510043 196.45193444800006 143.1 199.4623119304165 165.91721732299754 18.119173 113.409874 -999.0 -999.0 -999.0 -999.0 -999.0 211.83102779429638 15.4222079000548 211.82017944984852 15.297914639507644 58.74230444284784 242.89202705725677 -999.0 6231.0 -999.0 -1 -999 {-999.0 -999.0 -999.0 -999.0 -999.0} "" -999.0 -999.0 -999.0 -999.0 -999 -999 "" "" "" "" 0 0 0.0 0.0 -999 ""
FIBERMAP 820 R+4C5 APOGEE 0 0 0 1 0 0 -141.03069955590607 72.3564194720938 143.1 -127.21294977587581 94.51521983738667 8.601968 88.204636 -999.0 -999.0 -999.0 -999.0 -999.0 210.29523572961241 15.103981628548942 210.28611309316773 14.977864988167944 57.38715728635403 244.172919771247 -999.0 16600.0 -999.0 2 127 {-999.0 -999.0 -999.0 -999.0 -999.0} "" -999.0 -999.0 -999.0 -999.0 -999 -999 "" "" "" "" 0 0 0.0 0.0 -999 ""
FIBERMAP 820 R+4C5 BOSS 1 1 0 1 0 0 -140.91923004347544 71.62578114705437 143.1 -127.2229639961655 93.77632528838262 8.601968 88.204636 210.29471389207146 15.100584177147564 -0.39965865 -1.1391281 -0.024165353 210.29503171584676 15.10058095010704 210.28601975137164 14.974546222322378 57.38502437454459 244.1681993103267 5400.0 5400.0 2016.0 1 41 {-999.0 17.319065 16.34544 15.9196615 -999.0} sdss_psfmag 16.968674 16.313135 15.531181 13.924 63050394841218074 1150929974 dark_flexible_3x1 manual_mwm_halo_vmp_wise_boss_triple mwm_halo science 0 0 1.1087334156036377 0.0 -999 ""
FIBERMAP 820 R+4C5 METROLOGY 0 0 0 1 0 0 -141.61559458704707 71.88952340724629 143.1 -127.86645614361584 94.15076639404668 8.601968 88.204636 -999.0 -999.0 -999.0 -999.0 -999.0 210.29205196873318 15.102285875995433 210.28301038893073 14.976224157379525 57.383789292682856 244.173990053154 -999.0 6231.0 -999.0 -1 -999 {-999.0 -999.0 -999.0 -999.0 -999.0} "" -999.0 -999.0 -999.0 -999.0 -999 -999 "" "" "" "" 0 0 0.0 0.0 -999 ""
FIBERMAP 824 R-6C7 APOGEE 1 1 0 1 0 0 -74.9465202130416 -108.17637631917516 143.1 -91.67590931810126 -94.3850501037483 58.009796 84.00851 210.46284432123048 14.24515859146298 -29.897964 -13.3737335 5.927772 210.46275693624216 14.245120704943886 210.45464339163982 14.11943988368682 56.97377517759128 242.75252810674016 16000.0 16600.0 2016.0 2 280 {-999.0 10.10868 9.823513 9.744356 -999.0} sdss_psfmag_from_g3xp 10.082935 9.830761 9.419971 8.799 63050394841207072 974688917 "" ops_std_apogee ops_std standard_apogee 0 0 0.0 0.0 -999 ""
FIBERMAP 824 R-6C7 BOSS 0 0 0 1 0 0 -74.33746886663494 -108.62401713956932 143.1 -91.14872131831667 -94.92652720970973 58.009796 84.00851 -999.0 -999.0 -999.0 -999.0 -999.0 210.4650882104158 14.242534484892959 210.45708075455036 14.116941462958948 56.97400561567755 242.7462318103273 -999.0 5400.0 -999.0 1 438 {-999.0 -999.0 -999.0 -999.0 -999.0} "" -999.0 -999.0 -999.0 -999.0 -999 -999 "" "" "" "" 0 0 0.0 0.0 -999 ""
FIBERMAP 824 R-6C7 METROLOGY 0 0 0 1 0 0 -75.01883970376043 -108.919782997861 143.1 -91.8692822135578 -95.10636421885525 58.009796 84.00851 -999.0 -999.0 -999.0 -999.0 -999.0 210.46175079376508 14.24175268716682 210.45371732676165 14.116131971168384 56.97097562289002 242.7488995098925 -999.0 6231.0 -999.0 -1 -999 {-999.0 -999.0 -999.0 -999.0 -999.0} "" -999.0 -999.0 -999.0 -999.0 -999 -999 "" "" "" "" 0 0 0.0 0.0 -999 ""
FIBERMAP 825 R+3C17 APOGEE 0 0 0 1 0 0 92.42903075024822 67.9143841998555 143.1 102.30814030168261 51.80637778614684 127.86148 118.73591 -999.0 -999.0 -999.0 -999.0 -999.0 211.37579987340627 14.909080150218719 211.36599566142604 14.784312203556716 58.07765680263731 242.66277922797786 -999.0 16600.0 -999.0 2 -999 {-999.0 -999.0 -999.0 -999.0 -999.0} "" -999.0 -999.0 -999.0 -999.0 -999 -999 "" "" "" "" 0 0 0.0 0.0 -999 ""
FIBERMAP 825 R+3C17 BOSS 1 1 0 1 0 0 92.69316286664599 68.59932680617875 143.1 102.68109072621833 52.43854100997575 127.86148 118.73591 211.37756441213537 14.911897032620786 -19.635807 -2.0388162 0.16648948 211.37750684714518 14.911891256842985 211.36779888049304 14.787205403254479 58.08084082918403 242.66491277754574 5400.0 5400.0 2016.0 1 219 {-999.0 17.565287 17.248575 17.14833 -999.0} sdss_psfmag 17.524815 17.268766 16.845053 15.943 63050394841216806 976203383 "" ops_std_boss ops_std standard_boss 0 0 0.0 0.0 -999 ""
FIBERMAP 825 R+3C17 METROLOGY 0 0 0 1 0 0 93.1666449743924 68.02657705547465 143.1 103.05403360563666 51.79593170833971 127.86148 118.73591 -999.0 -999.0 -999.0 -999.0 -999.0 211.3792724540682 14.908979081399155 211.36953821057955 14.784273296902457 58.08027823029231 242.6586089881631 -999.0 6231.0 -999.0 -1 -999 {-999.0 -999.0 -999.0 -999.0 -999.0} "" -999.0 -999.0 -999.0 -999.0 -999 -999 "" "" "" "" 0 0 0.0 0.0 -999 ""
FIBERMAP 827 R+5C13 APOGEE 0 0 0 1 0 0 15.348593821887818 88.59255774893836 143.1 29.682135435399104 84.85484337974887 254.91408 56.180286 -999.0 -999.0 -999.0 -999.0 -999.0 211.03412363705183 15.060534904331519 211.02440888277783 14.935310396774392 57.91723177156074 243.27733554873788 -999.0 16600.0 -999.0 2 3 {-999.0 -999.0 -999.0 -999.0 -999.0} "" -999.0 -999.0 -999.0 -999.0 -999 -999 "" "" "" "" 0 0 0.0 0.0 -999 ""
FIBERMAP 827 R+5C13 BOSS 1 1 0 1 0 0 14.870801837841572 89.15903712384461 143.1 29.303912498901198 85.49197607152043 254.91408 56.180286 211.03225708007812 15.06339848865322 -999.0 -999.0 -999.0 211.0322570800781 15.063398488653222 211.02264298121676 14.9382514751692 57.91775558089736 243.28366072028425 5400.0 5400.0 2015.5 1 148 {-999.0 -999.0 -999.0 -999.0 -999.0} "" -999.0 -999.0 -999.0 -999.0 27021603099609961 806482703 "" ops_sky_boss_good ops_sky sky_boss 0 0 0.0 0.0 -999 ""
FIBERMAP 827 R+5C13 METROLOGY 0 0 0 1 0 0 15.601314538728467 89.3029284809792 143.1 30.04800595433651 85.51395861622663 254.91408 56.180286 -999.0 -999.0 -999.0 -999.0 -999.0 211.03579196074824 15.063505378883674 211.02614547574035 14.938339775170677 57.92044179664341 243.27978195296112 -999.0 6231.0 -999.0 -1 -999 {-999.0 -999.0 -999.0 -999.0 -999.0} "" -999.0 -999.0 -999.0 -999.0 -999 -999 "" "" "" "" 0 0 0.0 0.0 -999 ""
FIBERMAP 828 R-2C18 APOGEE 0 0 0 1 0 0 99.09759057123122 -36.70138484381222 143.1 91.7099035335169 -52.46603582425438 169.02245 118.77453 -999.0 -999.0 -999.0 -999.0 -999.0 211.3243823541147 14.434647367475476 211.31527804669565 14.309948346138654 57.73693555326134 242.0347199674337 -999.0 16600.0 -999.0 2 -999 {-999.0 -999.0 -999.0 -999.0 -999.0} "" -999.0 -999.0 -999.0 -999.0 -999 -999 "" "" "" "" 0 0 0.0 0.0 -999 ""
FIBERMAP 828 R-2C18 BOSS 1 1 0 1 0 0 98.85267152760125 -36.00310941578742 143.1 91.5829896304144 -51.737150419019436 169.02245 118.77453 211.32374424289515 14.437857165538015 -0.28127494 0.072878614 -0.14203633 211.32374342008472 14.437857371996131 211.31473715123792 14.313239474263714 57.73864758164863 242.04007636090208 5400.0 5400.0 2016.0 1 294 {-999.0 20.0061 19.814543 19.912888 19.760551} sdss_psfmag 19.715063 19.572687 19.229935 -999.0 63050394841198938 1060491867 dark_flexible_2x2 bhm_aqmes_bonus_faint bhm_filler science 0 0 0.0 0.0 -999 ""
FIBERMAP 828 R-2C18 METROLOGY 0 0 0 1 0 0 99.59411246003293 -36.14449347697971 143.1 92.29102645889067 -51.998315729507475 169.02245 118.77453 -999.0 -999.0 -999.0 -999.0 -999.0 211.3270821523711 14.436689845759778 211.31804580967287 14.312052880524982 57.74034283157729 242.03451499558855 -999.0 6231.0 -999.0 -1 -999 {-999.0 -999.0 -999.0 -999.0 -999.0} "" -999.0 -999.0 -999.0 -999.0 -999 -999 "" "" "" "" 0 0 0.0 0.0 -999 ""
FIBERMAP 830 R+9C18 APOGEE 1 1 0 1 0 0 203.4917378964522 183.22953965254442 143.1 230.77574395011823 147.30275380861372 53.738388 94.47485 211.9764918374798 15.336880196394562 43.969727 -86.462425 4.5680475 211.97662099913444 15.336635256607039 211.96569397266853 15.21249061596916 58.79707329651529 242.59319269727527 16000.0 16600.0 2016.0 2 52 {-999.0 9.656147 8.974267 8.703577 -999.0} sdss_psfmag_from_g3xp 9.478966 9.004804 8.359868 7.061 63050394841202674 974688896 "" ops_std_apogee ops_std standard_apogee 0 0 0.0 0.0 -999 ""
FIBERMAP 830 R+9C18 BOSS 0 0 0 1 0 0 204.12283365400248 182.84757315186363 143.1 231.3354552906475 146.8224290906256 53.738388 94.47485 -999.0 -999.0 -999.0 -999.0 -999.0 211.979118218849 15.334361168443467 211.96829064205224 15.210298449006322 58.79762244580691 242.58685446117187 -999.0 5400.0 -999.0 1 169 {-999.0 -999.0 -999.0 -999.0 -999.0} "" -999.0 -999.0 -999.0 -999.0 -999 -999 "" "" "" "" 0 0 0.0 0.0 -999 ""
FIBERMAP 830 R+9C18 METROLOGY 0 0 0 1 0 0 203.4739459493581 182.48135016207777 143.1 230.63536379653743 146.5677706603553 53.738388 94.47485 -999.0 -999.0 -999.0 -999.0 -999.0 211.97590366275188 15.333279790273528 211.9650523501915 15.209191152344363 58.79450345459405 242.58902345153444 -999.0 6231.0 -999.0 -1 -999 {-999.0 -999.0 -999.0 -999.0 -999.0} "" -999.0 -999.0 -999.0 -999.0 -999 -999 "" "" "" "" 0 0 0.0 0.0 -999 ""
FIBERMAP 831 R-6C18 APOGEE 0 0 0 1 0 0 169.12119332620577 -101.18700994038916 143.1 150.18406757653693 -127.56118664206618 100.215675 55.879017 -999.0 -999.0 -999.0 -999.0 -999.0 211.59578282219923 14.09341443193023 211.58692217876785 13.969143093548889 57.71763610436144 241.2288243056732 -999.0 16600.0 -999.0 2 -999 {-999.0 -999.0 -999.0 -999.0 -999.0} "" -999.0 -999.0 -999.0 -999.0 -999 -999 "" "" "" "" 0 0 0.0 0.0 -999 ""
FIBERMAP 831 R-6C18 BOSS 1 1 0 1 0 0 169.81879695938756 -101.47517062934016 143.1 150.8247729239748 -127.95991392130598 100.215675 55.879017 211.59866113401006 14.091477816100252 9.730561 5.3722568 3.6271095 211.5986895549953 14.091493035186243 211.5899306902477 13.967309897519444 57.71866109827748 241.22266137931354 5400.0 5400.0 2016.0 1 288 {-999.0 17.68342 17.963434 18.257334 -999.0} sdss_psfmag 17.767862 17.822195 17.982101 -999.0 63050394841197325 1143462261 dark_1x3 mwm_wd_pwd_boss_1x3 mwm_wd science 0 0 0.0 0.0 -999 ""
FIBERMAP 831 R-6C18 METROLOGY 0 0 0 1 0 0 169.2277716446487 -101.92545631119052 143.1 150.1679475284019 -128.30697889562822 100.215675 55.879017 -999.0 -999.0 -999.0 -999.0 -999.0 211.5956380501214 14.089953817643003 211.58685470018133 13.96574342394438 57.71537491285971 241.22406965880066 -999.0 6231.0 -999.0 -1 -999 {-999.0 -999.0 -999.0 -999.0 -999.0} "" -999.0 -999.0 -999.0 -999.0 -999 -999 "" "" "" "" 0 0 0.0 0.0 -999 ""
FIBERMAP 835 R+3C22 APOGEE 1 1 0 1 0 0 204.52639838031718 72.92247811403324 143.1 213.68669849989752 38.342222294020246 146.00343 86.1613 211.89659617939225 14.844938447333591 -8.710763 -3.6503916 0.8294758 211.89657065055547 14.844928106123279 211.88640550102028 14.720819434469266 58.42463578267878 241.9596033131977 16000.0 16600.0 2016.0 2 31 {-999.0 13.132309 12.4473095 12.20009 -999.0} sdss_psfmag_from_g3xp 12.952689 12.484704 11.853399 10.528 63050394841199826 1109096152 bright_flexible_2x1 mwm_tess_rgb_apogee mwm_tessrgb science 0 0 0.0 0.0 -999 ""
FIBERMAP 835 R+3C22 BOSS 0 0 0 1 0 0 204.97432114041695 73.5298743005528 143.1 214.22818193655027 38.86773160044634 146.00343 86.1613 -999.0 -999.0 -999.0 -999.0 -999.0 211.89904051169313 14.847219595592744 211.8889695213652 14.723193801301123 58.42806114722872 241.96004634877232 -999.0 5400.0 -999.0 1 192 {-999.0 -999.0 -999.0 -999.0 -999.0} "" -999.0 -999.0 -999.0 -999.0 -999 -999 "" "" "" "" 0 0 0.0 0.0 -999 ""
FIBERMAP 835 R+3C22 METROLOGY 0 0 0 1 0 0 205.2729724379944 72.8442625788628 143.1 214.41016847845466 38.14251440787683 146.00343 86.1613 -999.0 -999.0 -999.0 -999.0 -999.0 211.8998917098446 14.84394659230913 211.88979636222825 14.71989996422299 58.4265626893941 241.95423956874328 -999.0 6231.0 -999.0 -1 -999 {-999.0 -999.0 -999.0 -999.0 -999.0} "" -999.0 -999.0 -999.0 -999.0 -999 -999 "" "" "" "" 0 0 0.0 0.0 -999 ""
FIBERMAP 837 R+1C18 APOGEE 1 1 0 1 0 0 98.71541489545186 31.48259483937528 143.1 102.52697561047816 14.843360183293157 93.085365 123.00131 211.37634641757649 14.740885247409235 -3.687462 -4.4503675 0.39777473 211.3763356158268 14.740872639945227 211.36676379174438 14.61615193852546 57.97121924184488 242.41693175393252 16000.0 16600.0 2016.0 2 69 {-999.0 13.9819765 13.289906 13.021496 -999.0} sdss_psfmag_from_g3xp 13.800339 13.317285 12.6738205 11.365 63050394841200019 1106023770 bright_flexible_4x1 mwm_tess_rgb_apogee mwm_tessrgb science 0 0 0.0 0.0 -999 ""
FIBERMAP 837 R+1C18 BOSS 0 0 0 1 0 0 99.3061570323695 31.911995180461673 143.1 103.1800929042284 15.169873418372205 93.085365 123.00131 -999.0 -999.0 -999.0 -999.0 -999.0 211.37935814956103 14.742273724277434 211.36988346844976 14.617637783510768 57.974491915696184 242.41545954774548 -999.0 5400.0 -999.0 1 231 {-999.0 -999.0 -999.0 -999.0 -999.0} "" -999.0 -999.0 -999.0 -999.0 -999 -999 "" "" "" "" 0 0 0.0 0.0 -999 ""
FIBERMAP 837 R+1C18 METROLOGY 0 0 0 1 0 0 99.3974083978993 31.178854787029106 143.1 103.14972770336166 14.431830478353177 93.085365 123.00131 -999.0 -999.0 -999.0 -999.0 -999.0 211.37922369540692 14.738936241455688 211.36972493172107 14.614277982245172 57.97223089660954 242.4107644046286 -999.0 6231.0 -999.0 -1 -999 {-999.0 -999.0 -999.0 -999.0 -999.0} "" -999.0 -999.0 -999.0 -999.0 -999 -999 "" "" "" "" 0 0 0.0 0.0 -999 ""
FIBERMAP 838 R-8C6 APOGEE 0 0 0 1 0 0 -84.98329310406201 -148.6448344141911 143.1 -108.2185497527699 -132.64941650308944 1.5891763 157.83745 -999.0 -999.0 -999.0 -999.0 -999.0 210.38586133925605 14.071690876871196 210.37804453494152 13.945967383821676 56.80587432720555 242.59478843169313 -999.0 16600.0 -999.0 2 -999 {-999.0 -999.0 -999.0 -999.0 -999.0} "" -999.0 -999.0 -999.0 -999.0 -999 -999 "" "" "" "" 0 0 0.0 0.0 -999 ""
FIBERMAP 838 R-8C6 BOSS 1 1 0 1 0 0 -84.29512201018727 -148.88272692530543 143.1 -107.57889457895935 -132.99701807049559 1.5891763 157.83745 210.38871914850674 14.069982226033506 -1.5401795 0.1664085 -1.1493945 210.3887146503801 14.069982697452756 210.3810035514571 13.94434843677042 56.80704866990766 242.58916161136534 5400.0 5400.0 2016.0 1 411 {-999.0 20.94721 20.50928 20.376837 20.291166} sdss_psfmag_from_lsdr10 20.52437 20.44724 19.992676 -999.0 63050394841206907 1059080227 dark_flexible_2x2 bhm_spiders_agn_lsdr10 bhm_spiders science 0 0 0.0 0.0 -999 ""
FIBERMAP 838 R-8C6 METROLOGY 0 0 0 1 0 0 -84.84546308797388 -149.37809075898258 143.1 -108.20299565699057 -133.39522077468453 1.5891763 157.83745 -999.0 -999.0 -999.0 -999.0 -999.0 210.3858414871719 14.068217347603275 210.37810523946564 13.942556000040156 56.80373958811684 242.5899270736784 -999.0 6231.0 -999.0 -1 -999 {-999.0 -999.0 -999.0 -999.0 -999.0} "" -999.0 -999.0 -999.0 -999.0 -999 -999 "" "" "" "" 0 0 0.0 0.0 -999 ""
FIBERMAP 839 R+3C1 APOGEE 0 0 0 1 0 0 -272.51958845712755 49.480054785160775 143.1 -260.6499478482662 93.54031155602259 238.9217 85.26426 -999.0 -999.0 -999.0 -999.0 -999.0 209.67368200692107 15.09553415451762 209.66512213632996 14.968697240488385 56.91013932174035 244.84377405396725 -999.0 16600.0 -999.0 2 143 {-999.0 -999.0 -999.0 -999.0 -999.0} "" -999.0 -999.0 -999.0 -999.0 -999 -999 "" "" "" "" 0 0 0.0 0.0 -999 ""
FIBERMAP 839 R+3C1 BOSS 1 1 0 1 0 0 -273.124541009926 49.89235620603827 143.1 -261.1788951890953 94.0462621612352 238.9217 85.26426 209.67115925659832 15.097713269345357 -5.6686473 -1.0943184 0.26200172 209.67114262374935 15.097710169245802 209.66269067156443 14.970951706208 56.90967703130213 244.84967700084482 5400.0 5400.0 2016.0 1 3 {-999.0 17.363853 17.00583 16.894215 -999.0} sdss_psfmag 17.308538 17.026142 16.582615 15.84 63050394841214276 976194413 "" ops_std_boss ops_std standard_boss 0 0 0.0 0.0 -999 ""
FIBERMAP 839 R+3C1 METROLOGY 0 0 0 1 0 0 -272.4435389349193 50.22444475242601 143.1 -260.45273476834603 94.26198307056455 238.9217 85.26426 -999.0 -999.0 -999.0 -999.0 -999.0 209.67452316662485 15.098738327597145 209.66603610320215 14.971960223557781 56.91284442280591 244.84748711671415 -999.0 6231.0 -999.0 -1 -999 {-999.0 -999.0 -999.0 -999.0 -999.0} "" -999.0 -999.0 -999.0 -999.0 -999 -999 "" "" "" "" 0 0 0.0 0.0 -999 ""
FIBERMAP 840 R+10C12 APOGEE 0 0 0 1 0 0 85.22734594420695 185.303478179676 143.1 114.47762081405072 168.76404606676658 27.201574 52.468666 -999.0 -999.0 -999.0 -999.0 -999.0 211.43366162230106 15.439007070287328 211.42307095891965 15.314163850803489 58.45463533028693 243.37839548885285 -999.0 16600.0 -999.0 2 -999 {-999.0 -999.0 -999.0 -999.0 -999.0} "" -999.0 -999.0 -999.0 -999.0 -999 -999 "" "" "" "" 0 0 0.0 0.0 -999 ""
FIBERMAP 840 R+10C12 BOSS 1 1 0 1 0 0 85.11796914489378 184.56555902498172 143.1 114.24860094300496 168.05422786190306 27.201574 52.468666 211.43252295455443 15.435775728190164 -3.1118245 -0.6458749 0.30257967 211.43251380917508 15.435773898488343 211.42202998119964 15.311008746099615 58.45187606716289 243.374897644317 5400.0 5400.0 2016.0 1 141 {-999.0 17.059803 16.721626 16.654793 -999.0} sdss_psfmag 17.00368 16.746683 16.331358 15.393 63050394841219744 976203780 "" ops_std_boss ops_std standard_boss 0 0 0.0 0.0 -999 ""
FIBERMAP 840 R+10C12 METROLOGY 0 0 0 1 0 0 84.53108147943128 185.03537787083158 143.1 113.74691298079041 168.61393942521775 27.201574 52.468666 -999.0 -999.0 -999.0 -999.0 -999.0 211.43018082965568 15.438331213998318 211.41966682237444 15.313540220690575 58.4516855799763 243.3813980052147 -999.0 6231.0 -999.0 -1 -999 {-999.0 -999.0 -999.0 -999.0 -999.0} "" -999.0 -999.0 -999.0 -999.0 -999 -999 "" "" "" "" 0 0 0.0 0.0 -999 ""
FIBERMAP 842 R-4C20 APOGEE 0 0 0 1 0 0 200.11302647671454 -75.85421491969893 143.1 184.90882570300113 -107.66467594498363 67.414604 39.36551 -999.0 -999.0 -999.0 -999.0 -999.0 211.75815551419703 14.183354049218655 211.74903410972013 14.059257876433657 57.89571333368805 241.16522045198678 -999.0 16600.0 -999.0 2 -999 {-999.0 -999.0 -999.0 -999.0 -999.0} "" -999.0 -999.0 -999.0 -999.0 -999 -999 "" "" "" "" 0 0 0.0 0.0 -999 ""
FIBERMAP 842 R-4C20 BOSS 1 1 0 1 0 0 200.33595878880126 -76.54009409902235 143.1 185.01609026063755 -108.37772587714133 67.414604 39.36551 211.75908338734132 14.18001140828946 -178.89734 3.6029494 2.4930036 211.75856066132474 14.18002161453285 211.74954424328433 14.056010370866158 57.89397604111681 241.15997463534944 5400.0 5400.0 2016.0 1 286 {-999.0 18.09231 16.791586 16.252937 -999.0} sdss_psfmag 17.595333 16.764498 15.890831 14.238 63050394841197482 1136102441 dark_flexible_3x1 mwm_halo_local_high_boss_triple mwm_halo science 0 0 0.0 0.0 -999 ""
FIBERMAP 842 R-4C20 METROLOGY 0 0 0 1 0 0 199.6103610476916 -76.40556729974003 143.1 184.3225530469439 -108.12592459179425 67.414604 39.36551 -999.0 -999.0 -999.0 -999.0 -999.0 211.7553713931372 14.181191319846324 211.74632722692218 14.057152064691513 57.89234920699211 241.16542633747122 -999.0 6231.0 -999.0 -1 -999 {-999.0 -999.0 -999.0 -999.0 -999.0} "" -999.0 -999.0 -999.0 -999.0 -999 -999 "" "" "" "" 0 0 0.0 0.0 -999 ""
FIBERMAP 846 R+1C13 APOGEE 0 0 0 1 0 0 -9.02019589442157 7.834330580402154 143.1 -7.610006571004835 9.207507847878775 270.25082 128.36537 -999.0 -999.0 -999.0 -999.0 -999.0 210.85784401349463 14.7163768661077 210.84875340309475 14.591035421516263 57.56819815149657 242.97783125810423 -999.0 16600.0 -999.0 2 131 {-999.0 -999.0 -999.0 -999.0 -999.0} "" -999.0 -999.0 -999.0 -999.0 -999 -999 "" "" "" "" 0 0 0.0 0.0 -999 ""
FIBERMAP 846 R+1C13 BOSS 1 1 0 1 0 0 -9.575411107498068 7.341183485275986 143.1 -8.238550850028917 8.81229161191893 270.25082 128.36537 210.85480614681643 14.714553333815797 -11.7459545 -18.047497 0.2363385 210.85477174334105 14.714502206987376 210.84579012987473 14.589239781588523 57.56484158373358 242.9786249670023 5400.0 5400.0 2016.0 1 13 {-999.0 17.4784 17.187073 17.081652 17.05786} sdss_psfmag_from_gaia 17.4581 17.1917 16.7753 15.866 63050394841216462 968381292 "" ops_std_boss_gdr2 ops_std standard_boss 0 0 0.0 0.0 -999 ""
FIBERMAP 846 R+1C13 METROLOGY 0 0 0 1 0 0 -9.731011914089414 8.06975367209124 143.1 -8.272400783207917 9.556391636889614 270.25082 128.36537 -999.0 -999.0 -999.0 -999.0 -999.0 210.85464680136892 14.717915427835585 210.84563125140596 14.592628598921692 57.56686797886616 242.98369752324498 -999.0 6231.0 -999.0 -1 -999 {-999.0 -999.0 -999.0 -999.0 -999.0} "" -999.0 -999.0 -999.0 -999.0 -999 -999 "" "" "" "" 0 0 0.0 0.0 -999 ""
FIBERMAP 847 R+5C22 APOGEE 0 0 0 1 0 0 223.46842977430202 111.68323735957335 143.1 238.73181796159693 73.46035928762325 168.09195 68.79442 -999.0 -999.0 -999.0 -999.0 -999.0 212.01328766270558 15.002987304298529 212.0027989367601 14.878980163769823 58.61235575367354 242.0541814957281 -999.0 16600.0 -999.0 2 74 {-999.0 -999.0 -999.0 -999.0 -999.0} "" -999.0 -999.0 -999.0 -999.0 -999 -999 "" "" "" "" 0 0 0.0 0.0 -999 ""
FIBERMAP 847 R+5C22 BOSS 1 1 0 1 0 0 223.86908558850016 112.32645261454151 143.1 239.2325647694555 74.02895523090731 168.09195 68.79442 212.0155334472656 15.005462432398403 -999.0 -999.0 -999.0 212.01553344726557 15.005462432398403 212.0051383056627 14.881537114873183 58.61572929533354 242.0551778272093 5400.0 5400.0 2015.5 1 248 {-999.0 -999.0 -999.0 -999.0 -999.0} "" -999.0 -999.0 -999.0 -999.0 27021603099597582 806481012 "" ops_sky_boss_good ops_sky sky_boss 0 0 0.0 0.0 -999 ""
FIBERMAP 847 R+5C22 METROLOGY 0 0 0 1 0 0 224.21859769926579 111.67296562655635 143.1 239.46998696568343 73.32707116129669 168.09195 68.79442 -999.0 -999.0 -999.0 -999.0 -999.0 212.0166475207425 15.002298503907582 212.00622785984217 14.878352871425239 58.61450147958439 242.04918496103653 -999.0 6231.0 -999.0 -1 -999 {-999.0 -999.0 -999.0 -999.0 -999.0} "" -999.0 -999.0 -999.0 -999.0 -999 -999 "" "" "" "" 0 0 0.0 0.0 -999 ""
FIBERMAP 849 R+6C12 APOGEE 0 0 0 1 0 0 30.575523640228624 121.85548898067493 143.1 50.16062793585024 115.16065188761114 4.79391 142.12964 -999.0 -999.0 -999.0 -999.0 -999.0 211.1308546704132 15.19795344130288 211.12086591246737 15.072807988001243 58.076110081285954 243.3686831721859 -999.0 16600.0 -999.0 2 -999 {-999.0 -999.0 -999.0 -999.0 -999.0} "" -999.0 -999.0 -999.0 -999.0 -999 -999 "" "" "" "" 0 0 0.0 0.0 -999 ""
FIBERMAP 849 R+6C12 BOSS 1 1 0 1 0 0 31.20499346206119 121.46275117809678 143.1 50.71696733146637 114.6699708764141 4.79391 142.12964 211.13340302110169 15.19571176663687 -3.2168963 -8.45595 0.37618524 211.13339357776871 15.195687811742696 211.12350827626057 15.070625953800597 58.07672653117412 243.3624420299886 5400.0 5400.0 2016.0 1 117 {-999.0 18.087605 17.79931 17.711325 -999.0} sdss_psfmag 18.063755 17.801905 17.380283 -999.0 63050394841217306 976203775 "" ops_std_boss ops_std standard_boss 0 0 0.0 0.0 -999 ""
FIBERMAP 849 R+6C12 METROLOGY 0 0 0 1 0 0 30.553903209565977 121.10970446924433 143.1 50.016866762475004 114.42866919214983 4.79391 142.12964 -999.0 -999.0 -999.0 -999.0 -999.0 211.13011761651327 15.19461700589234 211.120207620295 15.069528827490606 58.07355685404229 243.36461064926306 -999.0 6231.0 -999.0 -1 -999 {-999.0 -999.0 -999.0 -999.0 -999.0} "" -999.0 -999.0 -999.0 -999.0 -999 -999 "" "" "" "" 0 0 0.0 0.0 -999 ""
FIBERMAP 852 R0C15 APOGEE 0 0 0 1 0 0 14.389706574540957 10.288265099509672 143.1 15.880950136060358 7.7844254067646075 126.46295 117.59361 -999.0 -999.0 -999.0 -999.0 -999.0 210.9684997817825 14.70974992658432 210.9593225848588 14.584543300871738 57.646859361171025 242.84187748131487 -999.0 16600.0 -999.0 2 32 {-999.0 -999.0 -999.0 -999.0 -999.0} "" -999.0 -999.0 -999.0 -999.0 -999 -999 "" "" "" "" 0 0 0.0 0.0 -999 ""
FIBERMAP 852 R0C15 BOSS 1 1 0 1 0 0 14.720272416092488 10.951010791406265 143.1 16.31577687746715 8.383790208878855 126.46295 117.59361 210.970458984375 14.7124005703797 -999.0 -999.0 -999.0 210.970458984375 14.712400570379698 210.9613797502985 14.587277621808369 57.65013288968037 242.84346793048806 5400.0 5400.0 2015.5 1 180 {-999.0 -999.0 -999.0 -999.0 -999.0} "" -999.0 -999.0 -999.0 -999.0 27021603099609052 817238948 "" ops_sky_boss_good ops_sky sky_boss 0 0 0.0 0.0 -999 ""
FIBERMAP 852 R0C15 METROLOGY 0 0 0 1 0 0 15.137477809304666 10.340556484931893 143.1 16.627026595523958 7.713233814956931 126.46295 117.59361 -999.0 -999.0 -999.0 -999.0 -999.0 210.97194761075588 14.709364976112957 210.96284201573735 14.58422141646839 57.6492882787682 242.83737500902973 -999.0 6231.0 -999.0 -1 -999 {-999.0 -999.0 -999.0 -999.0 -999.0} "" -999.0 -999.0 -999.0 -999.0 -999 -999 "" "" "" "" 0 0 0.0 0.0 -999 ""
FIBERMAP 857 R+13C3 APOGEE 0 0 0 1 0 0 -99.12031974764075 270.6363085687541 143.1 -53.32643460407952 283.18878226786177 125.164116 68.56073 -999.0 -999.0 -999.0 -999.0 -999.0 210.64484105711904 15.953919977766835 210.63425367050218 15.82798428474779 58.175076365246426 245.0417362619388 -999.0 16600.0 -999.0 2 106 {-999.0 -999.0 -999.0 -999.0 -999.0} "" -999.0 -999.0 -999.0 -999.0 -999 -999 "" "" "" "" 0 0 0.0 0.0 -999 ""
FIBERMAP 857 R+13C3 BOSS 1 1 0 1 0 0 -98.3960017680173 270.8140073393958 143.1 -52.582900433800624 283.2451244830684 125.164116 68.56073 210.64817881894487 15.954079617727396 17.713968 2.667428 4.506195 210.64823101124574 15.954087174288615 210.6377453774698 15.828233014679979 58.17789003051705 245.0382237134123 5400.0 5400.0 2016.0 1 87 {-999.0 18.904692 17.483618 16.20533 -999.0} sdss_psfmag 18.298481 16.919847 15.752429 13.592 63050394841223861 1077852005 bright_flexible_2x1 mwm_snc_ext_main_boss mwm_snc science 0 0 0.0 0.0 -999 ""
FIBERMAP 857 R+13C3 METROLOGY 0 0 0 1 0 0 -98.593714899862 270.0944265943378 143.1 -52.896031597193826 282.5678950630292 125.164116 68.56073 -999.0 -999.0 -999.0 -999.0 -999.0 210.6467795014435 15.95110231149135 210.63626898918346 15.825225109198074 58.1749295214235 245.03534722296533 -999.0 6231.0 -999.0 -1 -999 {-999.0 -999.0 -999.0 -999.0 -999.0} "" -999.0 -999.0 -999.0 -999.0 -999 -999 "" "" "" "" 0 0 0.0 0.0 -999 ""
FIBERMAP 859 R-9C1 APOGEE 0 0 0 1 0 0 -206.71392808307525 -183.96806336401283 143.1 -234.0748845429704 -147.50212718399328 249.82484 69.644966 -999.0 -999.0 -999.0 -999.0 -999.0 209.80203012563373 14.006307348304732 209.79479251114412 13.879920471443215 56.327306731015796 243.1567181632737 -999.0 16600.0 -999.0 2 272 {-999.0 -999.0 -999.0 -999.0 -999.0} "" -999.0 -999.0 -999.0 -999.0 -999 -999 "" "" "" "" 0 0 0.0 0.0 -999 ""
FIBERMAP 859 R-9C1 BOSS 1 1 0 1 0 0 -207.29620379867904 -183.48804724896075 143.1 -234.57034983582048 -146.93311569293942 249.82484 69.644966 209.7991997625101 14.008849273562472 5.08879 -19.983253 0.5066288 209.79961545395088 14.008792662923284 209.79248495432557 13.882488661373536 56.32720513712499 243.16286186512343 5400.0 5400.0 2016.0 1 419 {-999.0 15.581939 15.150747 15.042766 -999.0} sdss_psfmag_ps1 15.497449 15.173721 14.679751 13.795 63050394841205013 1136266875 dark_flexible_3x1 mwm_halo_local_high_boss_triple mwm_halo science 0 0 1.400083303451538 0.0 -999 ""
FIBERMAP 859 R-9C1 METROLOGY 0 0 0 1 0 0 -206.5960004270086 -183.22469337077933 143.1 -233.8365364814444 -146.788336896395 249.82484 69.644966 -999.0 -999.0 -999.0 -999.0 -999.0 209.80301625671268 14.009454434084214 209.79585128744145 13.883129682082615 56.33013762101378 243.16001525609343 -999.0 6231.0 -999.0 -1 -999 {-999.0 -999.0 -999.0 -999.0 -999.0} "" -999.0 -999.0 -999.0 -999.0 -999 -999 "" "" "" "" 0 0 0.0 0.0 -999 ""
FIBERMAP 865 R-9C11 APOGEE 0 0 0 1 0 0 52.849249080955786 -167.5533963993566 143.1 24.614922874664835 -173.92647550145682 79.40716 45.716614 -999.0 -999.0 -999.0 -999.0 -999.0 211.00775812401795 13.884019093498203 210.99967480783516 13.759090089122274 57.14761368828185 241.61964477861264 -999.0 16600.0 -999.0 2 179 {-999.0 -999.0 -999.0 -999.0 -999.0} "" -999.0 -999.0 -999.0 -999.0 -999 -999 "" "" "" "" 0 0 0.0 0.0 -999 ""
FIBERMAP 865 R-9C11 BOSS 1 1 0 1 0 0 53.281684840953865 -168.15479987313478 143.1 24.942679493041343 -174.59060590538647 79.40716 45.716614 211.00885889963365 13.880940333209692 -2.9230478 -21.69643 0.5788194 211.00918770763084 13.8808788693056 211.00121093479663 13.75603796243739 57.146772404482086 241.6135772569559 5400.0 5400.0 2016.0 1 374 {-999.0 16.30058 15.847674 15.717581 -999.0} sdss_psfmag 16.210192 15.880317 15.382496 14.422 63050394841188551 1136102231 dark_flexible_3x1 mwm_halo_local_high_boss_triple mwm_halo science 0 0 1.1789506673812866 0.0 -999 ""
FIBERMAP 865 R-9C11 METROLOGY 0 0 0 1 0 0 52.53819823239762 -168.22970795486097 143.1 24.19711569959613 -174.54242351917497 79.40716 45.716614 -999.0 -999.0 -999.0 -999.0 -999.0 211.00572745606115 13.881133655623149 210.99772387785958 13.756264261293023 57.14433930816426 241.61794072838273 -999.0 6231.0 -999.0 -1 -999 {-999.0 -999.0 -999.0 -999.0 -999.0} "" -999.0 -999.0 -999.0 -999.0 -999 -999 "" "" "" "" 0 0 0.0 0.0 -999 ""
FIBERMAP 866 R+11C13 APOGEE 0 0 0 1 0 0 110.4453730935806 212.98827431169946 143.1 143.89408154133923 191.92813007163443 328.62958 143.36176 -999.0 -999.0 -999.0 -999.0 -999.0 211.57148489905916 15.542127353739177 211.5606276255337 15.417424820990066 58.622711089214874 243.37347064315082 -999.0 16600.0 -999.0 2 12 {-999.0 -999.0 -999.0 -999.0 -999.0} "" -999.0 -999.0 -999.0 -999.0 -999 -999 "" "" "" "" 0 0 0.0 0.0 -999 ""
FIBERMAP 866 R+11C13 BOSS 1 1 0 1 0 0 110.73214868697885 212.2927531150982 143.1 144.06272876271692 191.19508930435427 328.62958 143.36176 211.5718402618868 15.53889913184405 -13.331401 -45.58251 1.3355362 211.5721969347067 15.538770000960238 211.56144463706758 15.414147324805095 58.6212732105373 243.36761532597808 5400.0 5400.0 2016.0 1 99 {-999.0 15.906023 15.327387 15.1255865 -999.0} sdss_psfmag 15.7307825 15.33798 14.767901 13.578 63050394841219871 1136102199 dark_flexible_3x1 mwm_halo_local_high_boss_triple mwm_halo science 0 0 1.3730491399765015 0.0 -999 ""
FIBERMAP 866 R+11C13 METROLOGY 0 0 0 1 0 0 109.98879646604605 212.3912019946237 143.1 143.3457581066434 191.4142234467922 328.62958 143.36176 -999.0 -999.0 -999.0 -999.0 -999.0 211.56886387786807 15.539805520095674 211.55808439833106 15.415156296680113 58.61937905959761 243.37302139387847 -999.0 6231.0 -999.0 -1 -999 {-999.0 -999.0 -999.0 -999.0 -999.0} "" -999.0 -999.0 -999.0 -999.0 -999 -999 "" "" "" "" 0 0 0.0 0.0 -999 ""
FIBERMAP 868 R+9C15 APOGEE 0 0 0 1 0 0 121.84500452798584 188.4687326344855 143.1 151.11154610075565 165.87414314975697 101.55461 110.84936 -999.0 -999.0 -999.0 -999.0 -999.0 211.605416356927 15.42452693861577 211.59469329056844 15.299898386864266 58.57457427886628 243.15825153284865 -999.0 16600.0 -999.0 2 -999 {-999.0 -999.0 -999.0 -999.0 -999.0} "" -999.0 -999.0 -999.0 -999.0 -999 -999 "" "" "" "" 0 0 0.0 0.0 -999 ""
FIBERMAP 868 R+9C15 BOSS 1 1 0 1 0 0 122.4724029036096 188.88065224338152 143.1 151.7979458482728 166.17739798230087 101.55461 110.84936 211.60879837824098 15.425827950119201 -83.31193 -5.2632732 0.9730613 211.6085535435407 15.425813039637253 211.59792662555768 15.301266460427158 58.57785999345384 243.15653323317613 5400.0 5400.0 2016.0 1 229 {-999.0 17.727798 16.98539 16.73206 -999.0} sdss_psfmag 17.53824 17.020998 16.362173 15.026 63050394841219660 1136102195 dark_flexible_3x1 mwm_halo_local_high_boss_triple mwm_halo science 0 0 0.0 0.0 -999 ""
FIBERMAP 868 R+9C15 METROLOGY 0 0 0 1 0 0 122.51092610632112 188.132265055038 143.1 151.7130742221034 165.43297440579053 101.55461 110.84936 -999.0 -999.0 -999.0 -999.0 -999.0 211.60818274095672 15.422478121091363 211.59753219676497 15.297909741969137 58.57545437881299 243.15198398173663 -999.0 6231.0 -999.0 -1 -999 {-999.0 -999.0 -999.0 -999.0 -999.0} "" -999.0 -999.0 -999.0 -999.0 -999 -999 "" "" "" "" 0 0 0.0 0.0 -999 ""
FIBERMAP 869 R+10C1 APOGEE 0 0 0 1 0 0 -197.8678178040239 206.24642719556377 143.1 -161.28755257614006 235.89577998058354 229.33644 9.852565 -999.0 -999.0 -999.0 -999.0 -999.0 210.13796455004814 15.739926781441467 210.1281301224716 15.613451555789336 57.65808784725146 245.28064677367283 -999.0 16600.0 -999.0 2 115 {-999.0 -999.0 -999.0 -999.0 -999.0} "" -999.0 -999.0 -999.0 -999.0 -999 -999 "" "" "" "" 0 0 0.0 0.0 -999 ""
FIBERMAP 869 R+10C1 BOSS 1 1 0 1 0 0 -197.45272951383149 206.85487105314218 143.1 -160.7782802334852 236.42771310140756 229.33644 9.852565 210.14025947949494 15.742234713057789 -0.18936081 -0.14726083 -0.12738335 210.140258922149 15.742234295881998 210.13052572858473 15.615839881707375 57.661372439036604 245.28156062941423 5400.0 5400.0 2016.0 1 79 {-999.0 18.946833 18.340183 17.877556 17.923029} sdss_psfmag 18.022087 18.174711 17.265804 15.282 63050394841224166 1128944571 dark_1x4 bhm_aqmes_wide1 bhm_aqmes science 0 0 0.0 0.0 -999 ""
FIBERMAP 869 R+10C1 METROLOGY 0 0 0 1 0 0 -197.12222172340958 206.1796003808416 143.1 -160.56317740571475 235.7074648116788 229.33644 9.852565 -999.0 -999.0 -999.0 -999.0 -999.0 210.14127033988532 15.739054926649766 210.13151037163288 15.612640250648042 57.66017554623258 245.27573713961954 -999.0 6231.0 -999.0 -1 -999 {-999.0 -999.0 -999.0 -999.0 -999.0} "" -999.0 -999.0 -999.0 -999.0 -999 -999 "" "" "" "" 0 0 0.0 0.0 -999 ""
FIBERMAP 870 R0C26 APOGEE 0 0 0 1 0 0 274.2737537026348 11.894065605737453 143.1 272.4559949442215 -33.29788984393293 66.384155 115.66857 -999.0 -999.0 -999.0 -999.0 -999.0 212.16606060986905 14.518834663744611 212.15612484141093 14.395152912926774 58.413918192018556 241.1628670860832 -999.0 16600.0 -999.0 2 38 {-999.0 -999.0 -999.0 -999.0 -999.0} "" -999.0 -999.0 -999.0 -999.0 -999 -999 "" "" "" "" 0 0 0.0 0.0 -999 ""
FIBERMAP 870 R0C26 BOSS 1 1 0 1 0 0 275.0115466293566 11.952091937127987 143.1 273.19317179310207 -33.36178715571239 66.384155 115.66857 212.16934204101562 14.518449073020847 -999.0 -999.0 -999.0 212.1693420410156 14.51844907302085 212.15950256223437 14.394853091281092 58.41621154332491 241.15837535607298 5400.0 5400.0 2015.5 1 173 {-999.0 -999.0 -999.0 -999.0 -999.0} "" -999.0 -999.0 -999.0 -999.0 27021603099594547 806480606 "" ops_sky_boss_good ops_sky sky_boss 0 0 0.0 0.0 -999 ""
FIBERMAP 870 R0C26 METROLOGY 0 0 0 1 0 0 274.6746810054748 11.264834506769063 143.1 272.74810769782056 -33.98429247633487 66.384155 115.66857 -999.0 -999.0 -999.0 -999.0 -999.0 212.16729908375592 14.515668034026927 212.15743739863285 14.392047165222825 58.412868163182864 241.15678180400715 -999.0 6231.0 -999.0 -1 -999 {-999.0 -999.0 -999.0 -999.0 -999.0} "" -999.0 -999.0 -999.0 -999.0 -999 -999 "" "" "" "" 0 0 0.0 0.0 -999 ""
FIBERMAP 871 R-7C18 APOGEE 0 0 0 1 0 0 173.18069515205647 -152.9412666770875 143.1 145.69109240661342 -179.27043852460233 320.68918 79.33157 -999.0 -999.0 -999.0 -999.0 -999.0 211.57269299360163 13.86001605882606 211.5641751535054 13.735781788519652 57.54869585700808 240.9252868588693 -999.0 16600.0 -999.0 2 234 {-999.0 -999.0 -999.0 -999.0 -999.0} "" -999.0 -999.0 -999.0 -999.0 -999 -999 "" "" "" "" 0 0 0.0 0.0 -999 ""
FIBERMAP 871 R-7C18 BOSS 1 1 0 1 0 0 172.57935692907014 -153.3958904701289 143.1 145.02338367223166 -179.6200888690614 320.68918 79.33157 211.56952796045633 13.858363672488128 -11.407842 -13.32996 1.3010097 211.56949467420498 13.858325909989228 211.56108313280947 13.734173172593545 57.54537158790142 240.9266790871618 5400.0 5400.0 2016.0 1 276 {-999.0 20.503117 19.762218 19.203934 -999.0} sdss_psfmag 20.13925 20.466284 18.648195 -999.0 63050394841188277 1092543633 dark_flexible_2x1 mwm_cb_galex_vol_boss mwm_cb science 0 0 0.0 0.0 -999 ""
FIBERMAP 871 R-7C18 METROLOGY 0 0 0 1 0 0 172.47098035277264 -152.65823173846093 143.1 145.0376008738307 -178.87477820088063 320.68918 79.33157 -999.0 -999.0 -999.0 -999.0 -999.0 211.56961927170474 13.861710352720438 211.5611741114725 13.73753268328097 57.54763517844197 240.93130811003175 -999.0 6231.0 -999.0 -1 -999 {-999.0 -999.0 -999.0 -999.0 -999.0} "" -999.0 -999.0 -999.0 -999.0 -999 -999 "" "" "" "" 0 0 0.0 0.0 -999 ""
FIBERMAP 872 R+4C23 APOGEE 0 0 0 1 0 0 239.24335707150018 89.59313692037357 143.1 250.66328065456798 49.08410893627035 125.86115 110.806915 -999.0 -999.0 -999.0 -999.0 -999.0 212.06810129532587 14.892204891753117 212.057721593192 14.768296836737408 58.58216872519628 241.82581598720367 -999.0 16600.0 -999.0 2 77 {-999.0 -999.0 -999.0 -999.0 -999.0} "" -999.0 -999.0 -999.0 -999.0 -999 -999 "" "" "" "" 0 0 0.0 0.0 -999 ""
FIBERMAP 872 R+4C23 BOSS 1 1 0 1 0 0 239.67844888968477 90.19360888487914 143.1 251.19097276367273 49.60489570714422 125.86115 110.806915 212.0704650878906 14.894462144436048 -999.0 -999.0 -999.0 212.07046508789057 14.894462144436048 212.06017898899572 14.770636521720963 58.585492747824325 241.82632945407642 5400.0 5400.0 2015.5 1 247 {-999.0 -999.0 -999.0 -999.0 -999.0} "" -999.0 -999.0 -999.0 -999.0 27021603099597495 806481021 "" ops_sky_boss_good ops_sky sky_boss 0 0 0.0 0.0 -999 ""
FIBERMAP 872 R+4C23 METROLOGY 0 0 0 1 0 0 239.9889856564315 89.51061333422103 143.1 251.3851108905513 48.88030744347175 125.86115 110.806915 -999.0 -999.0 -999.0 -999.0 -999.0 212.0713724889083 14.89119800296373 212.06106225598728 14.767351726652938 58.58403800152715 241.8204464778562 -999.0 6231.0 -999.0 -1 -999 {-999.0 -999.0 -999.0 -999.0 -999.0} "" -999.0 -999.0 -999.0 -999.0 -999 -999 "" "" "" "" 0 0 0.0 0.0 -999 ""
FIBERMAP 875 R+1C7 APOGEE 0 0 0 1 0 0 -133.48422543128464 27.772650995029807 143.1 -127.08968488741601 49.30541534035458 49.45918 102.60827 -999.0 -999.0 -999.0 -999.0 -999.0 210.29572684181582 14.898610172426844 210.28687932601338 14.772550732043266 57.25980558277032 243.87462663534936 -999.0 16600.0 -999.0 2 138 {-999.0 -999.0 -999.0 -999.0 -999.0} "" -999.0 -999.0 -999.0 -999.0 -999 -999 "" "" "" "" 0 0 0.0 0.0 -999 ""
FIBERMAP 875 R+1C7 BOSS 1 1 0 1 0 0 -132.83045279392675 27.409658862817423 143.1 -126.50449332058561 48.84008120989035 49.45918 102.60827 210.29831261143178 14.89643929941424 0.13649862 0.069864094 -0.12433307 210.29831301156696 14.896439497332508 210.28957210146115 14.770465752677334 57.260535774639216 243.86860835797168 5400.0 5400.0 2016.0 1 21 {-999.0 19.794273 19.459913 19.424934 19.443348} sdss_psfmag_from_lsdr10 19.867289 19.556864 19.032248 -999.0 63050394841209856 1059085279 dark_flexible_2x2 bhm_spiders_agn_lsdr10 bhm_spiders science 0 0 0.0 0.0 -999 ""
FIBERMAP 875 R+1C7 METROLOGY 0 0 0 1 0 0 -133.47312026074692 27.017851696831634 143.1 -127.20265032714404 48.55916911225341 49.45918 102.60827 -999.0 -999.0 -999.0 -999.0 -999.0 210.29507689687316 14.895173489967721 210.28631054888558 14.769173042605667 57.25726569042126 243.87038605355997 -999.0 6231.0 -999.0 -1 -999 {-999.0 -999.0 -999.0 -999.0 -999.0} "" -999.0 -999.0 -999.0 -999.0 -999 -999 "" "" "" "" 0 0 0.0 0.0 -999 ""
FIBERMAP 877 R+13C4 APOGEE 0 0 0 1 0 0 -91.60913772667688 263.7193923287084 143.1 -47.05408245060316 275.13381694270606 169.85481 80.14819 -999.0 -999.0 -999.0 -999.0 -999.0 210.6741715406967 15.918249603018523 210.6636059250418 15.792358537694357 58.17569756364575 244.9555310881334 -999.0 16600.0 -999.0 2 114 {-999.0 -999.0 -999.0 -999.0 -999.0} "" -999.0 -999.0 -999.0 -999.0 -999 -999 "" "" "" "" 0 0 0.0 0.0 -999 ""
FIBERMAP 877 R+13C4 BOSS 1 1 0 1 0 0 -91.37641711975034 264.41873597722775 143.1 -46.709747453109784 275.78534017075293 169.85481 80.14819 210.67565769803878 15.921190324436802 12.91746 -44.68309 0.41186944 210.6756957516818 15.921063741528428 210.66522919023737 15.79525116900343 58.17870133140314 244.95806462641173 5400.0 5400.0 2016.0 1 86 {-999.0 16.810118 16.450838 16.322626 -999.0} sdss_psfmag 16.744194 16.455847 16.012028 15.168 63050394841223776 976659571 "" ops_std_boss ops_std standard_boss 0 0 0.0 0.0 -999 ""
FIBERMAP 877 R+13C4 METROLOGY 0 0 0 1 0 0 -90.87994649115862 263.88237219729064 143.1 -46.3081584689988 275.1748425380793 169.85481 80.14819 -999.0 -999.0 -999.0 -999.0 -999.0 210.6776029075007 15.918378329409565 210.66710870083875 15.79254680506704 58.17848103016417 244.95190866757508 -999.0 6231.0 -999.0 -1 -999 {-999.0 -999.0 -999.0 -999.0 -999.0} "" -999.0 -999.0 -999.0 -999.0 -999 -999 "" "" "" "" 0 0 0.0 0.0 -999 ""
FIBERMAP 880 R-8C1 APOGEE 0 0 0 1 0 0 -185.98297012163283 -144.9150411950156 143.1 -207.21744913856782 -112.38943912193012 75.62523 68.268585 -999.0 -999.0 -999.0 -999.0 -999.0 209.92446948030891 14.164254506767872 209.91691992526603 14.03796526007211 56.51915868239615 243.24187728278451 -999.0 16600.0 -999.0 2 276 {-999.0 -999.0 -999.0 -999.0 -999.0} "" -999.0 -999.0 -999.0 -999.0 -999 -999 "" "" "" "" 0 0 0.0 0.0 -999 ""
FIBERMAP 880 R-8C1 BOSS 1 1 0 1 0 0 -185.35927790390988 -145.3410547597375 143.1 -206.67227091633657 -112.91198992384072 75.62523 68.268585 209.9268765625194 14.161787284990941 -999.0 -999.0 -999.0 209.92687656251937 14.161787284990943 209.919435910457 14.035587065701913 56.51954171531901 243.23573880440938 5400.0 5400.0 2016.0 1 418 {-999.0 21.713495 20.417458 19.928137 19.578695} sdss_fiber2mag_from_lsdr10 20.223469 21.119642 18.75636 16.293 63050394841207213 1058148035 dark_flexible_2x2 bhm_spiders_clusters_lsdr10 bhm_spiders science 0 0 0.0 0.0 -999 ""
FIBERMAP 880 R-8C1 METROLOGY 0 0 0 1 0 0 -186.0364185422697 -145.6617875062306 143.1 -207.39275866371838 -113.11714508680078 75.62523 68.268585 -999.0 -999.0 -999.0 -999.0 -999.0 209.92358498784637 14.160894697552934 209.9161178505417 14.034666670578153 56.51646757013454 243.23814300367857 -999.0 6231.0 -999.0 -1 -999 {-999.0 -999.0 -999.0 -999.0 -999.0} "" -999.0 -999.0 -999.0 -999.0 -999 -999 "" "" "" "" 0 0 0.0 0.0 -999 ""
FIBERMAP 885 R+12C10 APOGEE 0 0 0 1 0 0 33.265985224972525 227.14573438733927 143.1 70.09995848599674 218.5617677004126 201.7922 121.17834 -999.0 -999.0 -999.0 -999.0 -999.0 211.2250022028351 15.664486612333596 211.21428530118612 15.539327322318188 58.43768980352337 243.95460009250192 -999.0 16600.0 -999.0 2 -999 {-999.0 -999.0 -999.0 -999.0 -999.0} "" -999.0 -999.0 -999.0 -999.0 -999 -999 "" "" "" "" 0 0 0.0 0.0 -999 ""
FIBERMAP 885 R+12C10 BOSS 1 1 0 1 0 0 32.65488327118941 227.5827303695442 143.1 69.56900046958502 219.09308295815265 201.7922 121.17834 211.22203919708625 15.666882357302455 -20.82233 -14.731978 0.5626392 211.22241288463104 15.666840623013336 211.2117972147406 15.541755427019647 58.43731681425341 243.9610795481424 5400.0 5400.0 2016.0 1 153 {-999.0 15.169036 14.83831 14.719383 -999.0} sdss_psfmag_from_g3xp 15.117403 14.83781 14.388194 13.587 63050394841221160 1135937638 dark_flexible_3x1 mwm_halo_local_high_boss_triple mwm_halo science 0 0 1.5076509714126587 0.0 -999 ""
FIBERMAP 885 R+12C10 METROLOGY 0 0 0 1 0 0 33.336873348165355 227.88845698326725 143.1 70.29180738279551 219.28264212929886 201.7922 121.17834 -999.0 -999.0 -999.0 -999.0 -999.0 211.2258383605786 15.66768623175388 211.21518945158073 15.542582868585534 58.44039310784116 243.95844480792044 -999.0 6231.0 -999.0 -1 -999 {-999.0 -999.0 -999.0 -999.0 -999.0} "" -999.0 -999.0 -999.0 -999.0 -999 -999 "" "" "" "" 0 0 0.0 0.0 -999 ""
FIBERMAP 886 R+3C2 APOGEE 0 0 0 1 0 0 -254.6806899958932 51.9467548605027 143.1 -242.65131466355467 93.04442970542803 250.30582 52.507347 -999.0 -999.0 -999.0 -999.0 -999.0 209.75680426075718 15.094046490199784 209.7481724310121 14.967305674591183 56.972469483382326 244.75112767623864 -999.0 16600.0 -999.0 2 -999 {-999.0 -999.0 -999.0 -999.0 -999.0} "" -999.0 -999.0 -999.0 -999.0 -999 -999 "" "" "" "" 0 0 0.0 0.0 -999 ""
FIBERMAP 886 R+3C2 BOSS 1 1 0 1 0 0 -255.08649970267678 52.53400847402422 143.1 -242.95513428798134 93.69023347857343 250.30582 52.507347 209.75528071534225 15.09687236084596 0.5746364 0.48925397 0.1819996 209.755282401424 15.096873746855476 209.74675635745712 14.970212267379694 56.9731847109564 244.75687367342883 5400.0 5400.0 2016.0 1 73 {-999.0 20.61223 19.421074 19.324678 19.085089} sdss_psfmag 20.13352 19.74053 18.893822 -999.0 63050394841214237 1129000290 dark_1x4 bhm_aqmes_wide1_faint bhm_filler science 0 0 0.0 0.0 -999 ""
FIBERMAP 886 R+3C2 METROLOGY 0 0 0 1 0 0 -254.34831422424014 52.6147281585692 143.1 -242.2138446394562 93.6486531073584 250.30582 52.507347 -999.0 -999.0 -999.0 -999.0 -999.0 209.75874510000747 15.096737674374257 209.75018551900837 14.97005701530819 56.97569705425005 244.75290167729466 -999.0 6231.0 -999.0 -1 -999 {-999.0 -999.0 -999.0 -999.0 -999.0} "" -999.0 -999.0 -999.0 -999.0 -999 -999 "" "" "" "" 0 0 0.0 0.0 -999 ""
FIBERMAP 891 R+9C3 APOGEE 0 0 0 1 0 0 -154.85130628298364 187.4891693037056 143.1 -121.9418323427864 210.3342127268278 145.31876 94.76212 -999.0 -999.0 -999.0 -999.0 -999.0 210.32137893119327 15.627135919880548 210.3115293087793 15.50090656258324 57.72921027660981 244.9119698789334 -999.0 16600.0 -999.0 2 99 {-999.0 -999.0 -999.0 -999.0 -999.0} "" -999.0 -999.0 -999.0 -999.0 -999 -999 "" "" "" "" 0 0 0.0 0.0 -999 ""
FIBERMAP 891 R+9C3 BOSS 1 1 0 1 0 0 -154.48068530916257 188.14898875044895 143.1 -121.46798151947876 210.92411552475104 145.31876 94.76212 210.32361548343334 15.629715617784338 -41.802692 8.8683195 1.8689523 210.32349251333466 15.629740740847932 210.31374347736377 15.503592260200461 57.732542095518504 244.9134967572243 5400.0 5400.0 2016.0 1 58 {-999.0 19.188393 19.070255 19.05834 -999.0} sdss_psfmag_gaia 17.128635 19.047602 16.651014 -999.0 63050394841222955 1092377607 dark_flexible_2x1 mwm_cb_galex_vol_boss mwm_cb science 0 0 0.0 0.0 -999 ""
FIBERMAP 891 R+9C3 METROLOGY 0 0 0 1 0 0 -154.0980864131252 187.5083376606119 143.1 -121.19582007007838 210.22945892873784 145.31876 94.76212 -999.0 -999.0 -999.0 -999.0 -999.0 210.32478770868795 15.62665077566796 210.31501143786136 15.500482188888512 57.73160201333129 244.9074907538791 -999.0 6231.0 -999.0 -1 -999 {-999.0 -999.0 -999.0 -999.0 -999.0} "" -999.0 -999.0 -999.0 -999.0 -999 -999 "" "" "" "" 0 0 0.0 0.0 -999 ""
FIBERMAP 894 R+13C9 APOGEE 0 0 0 1 0 0 38.80196242556404 268.7292294781664 143.1 82.38673515805748 258.66475346889536 104.069565 80.28682 -999.0 -999.0 -999.0 -999.0 -999.0 211.28252904400728 15.843408637441277 211.2715120580608 15.718270408174618 58.591776841074314 244.15826972359076 -999.0 16600.0 -999.0 2 56 {-999.0 -999.0 -999.0 -999.0 -999.0} "" -999.0 -999.0 -999.0 -999.0 -999 -999 "" "" "" "" 0 0 0.0 0.0 -999 ""
FIBERMAP 894 R+13C9 BOSS 1 1 0 1 0 0 39.544626890494776 268.79959659124194 143.1 83.13074260376148 258.6122275129269 104.069565 80.28682 211.2855401240718 15.843227597802036 -10.914452 -54.73304 0.8511902 211.28591969154937 15.843072544352061 211.27500202194062 15.718015641574448 58.594260582432625 244.15390124683034 5400.0 5400.0 2016.0 1 165 {-999.0 15.42122 15.079166 14.964396 -999.0} sdss_psfmag 15.35055 15.075472 14.62617 13.745 63050394841221399 1136102161 dark_flexible_3x1 mwm_halo_local_high_boss_triple mwm_halo science 0 0 1.4258452653884888 0.0 -999 ""
FIBERMAP 894 R+13C9 METROLOGY 0 0 0 1 0 0 39.243425469637515 268.11251230822523 143.1 82.72088086106396 257.98403784685627 104.069565 80.28682 -999.0 -999.0 -999.0 -999.0 -999.0 211.28402974981938 15.840309255257802 211.2730886942934 15.71522893434362 58.591090325337895 244.15188165546624 -999.0 6231.0 -999.0 -1 -999 {-999.0 -999.0 -999.0 -999.0 -999.0} "" -999.0 -999.0 -999.0 -999.0 -999 -999 "" "" "" "" 0 0 0.0 0.0 -999 ""
FIBERMAP 895 R+11C14 APOGEE 1 1 0 1 0 0 118.3997314496368 234.7547724444398 143.1 155.31257058055596 212.08950980442734 177.37502 20.311634 211.62470360420107 15.632019012580288 -5.1282554 0.90080386 0.33263695 211.62468851835237 15.632021564470639 211.61365788069358 15.507359858567545 58.718845937726044 243.4469257460535 16000.0 16600.0 2016.0 2 96 {-999.0 13.577074 12.86615 12.603788 -999.0} sdss_psfmag_from_g3xp 13.385664 12.900784 12.256714 10.93 63050394841219950 1108417855 bright_flexible_2x1 mwm_tess_rgb_apogee mwm_tessrgb science 0 0 0.0 0.0 -999 ""
FIBERMAP 895 R+11C14 BOSS 0 0 0 1 0 0 119.11387731458754 234.98321061876837 143.1 156.05440253153913 212.19756389794813 177.37502 20.311634 -999.0 -999.0 -999.0 -999.0 -999.0 211.62805930742564 15.632396490174845 211.61712564568006 15.507816371329316 58.72173959393609 243.4435895729984 -999.0 5400.0 -999.0 1 88 {-999.0 -999.0 -999.0 -999.0 -999.0} "" -999.0 -999.0 -999.0 -999.0 -999 -999 "" "" "" "" 0 0 0.0 0.0 -999 ""
FIBERMAP 895 R+11C14 METROLOGY 0 0 0 1 0 0 118.95997442405604 234.25257532307484 143.1 155.7826644861863 211.5022394193189 177.37502 20.311634 -999.0 -999.0 -999.0 -999.0 -999.0 211.62682490410805 15.629315677974676 211.61586818312674 15.504712914213217 58.71885389740429 243.44038271619326 -999.0 6231.0 -999.0 -1 -999 {-999.0 -999.0 -999.0 -999.0 -999.0} "" -999.0 -999.0 -999.0 -999.0 -999 -999 "" "" "" "" 0 0 0.0 0.0 -999 ""
FIBERMAP 896 R-8C17 APOGEE 0 0 0 1 0 0 148.76377472239295 -157.33852552196893 143.1 120.8879191273446 -179.59863994885504 135.68747 161.00548 -999.0 -999.0 -999.0 -999.0 -999.0 211.45728214063902 13.858407303453202 211.44886177735725 13.73403185411564 57.462751508402775 241.05905530694815 -999.0 16600.0 -999.0 2 230 {-999.0 -999.0 -999.0 -999.0 -999.0} "" -999.0 -999.0 -999.0 -999.0 -999 -999 "" "" "" "" 0 0 0.0 0.0 -999 ""
FIBERMAP 896 R-8C17 BOSS 1 1 0 1 0 0 148.40518197960841 -156.69907545991785 143.1 120.63923664126959 -178.90910904123942 135.68747 161.00548 211.45607335722067 13.86139270175159 -0.021462474 -0.25300127 -0.21076408 211.4560732945958 13.861391985023271 211.44775135912167 13.73709926555809 57.463936723483 241.06468489700003 5400.0 5400.0 2016.0 1 275 {-999.0 18.778492 18.62965 18.528048 18.440342} sdss_psfmag_from_lsdr10 18.562662 18.44185 18.133028 16.165 63050394841188320 1059078933 dark_flexible_2x1 bhm_spiders_agn_lsdr10 bhm_spiders science 0 0 0.0 0.0 -999 ""
FIBERMAP 896 R-8C17 METROLOGY 0 0 0 1 0 0 149.15110500510048 -156.69497389761608 143.1 121.37557881299885 -179.0275245628032 135.68747 161.00548 -999.0 -999.0 -999.0 -999.0 -999.0 211.45952221896133 13.860892760097641 211.45116938283581 13.736580301959052 57.46611322096325 241.05992406668705 -999.0 6231.0 -999.0 -1 -999 {-999.0 -999.0 -999.0 -999.0 -999.0} "" -999.0 -999.0 -999.0 -999.0 -999 -999 "" "" "" "" 0 0 0.0 0.0 -999 ""
FIBERMAP 897 R-6C3 APOGEE 0 0 0 1 0 0 -185.02787552673118 -124.34508232454905 143.1 -202.8984447071187 -92.25905705361873 200.20073 145.93944 -999.0 -999.0 -999.0 -999.0 -999.0 209.94379483048266 14.25526514179344 209.9361085083018 14.128972944749846 56.59114576106563 243.34839998655877 -999.0 16600.0 -999.0 2 298 {-999.0 -999.0 -999.0 -999.0 -999.0} "" -999.0 -999.0 -999.0 -999.0 -999 -999 "" "" "" "" 0 0 0.0 0.0 -999 ""
FIBERMAP 897 R-6C3 BOSS 1 1 0 1 0 0 -185.7490399588632 -124.17317161778585 143.1 -203.58147211442363 -91.9711136095229 200.20073 145.93944 209.94047363211143 14.256470483883016 -999.0 -999.0 -999.0 209.94047363211143 14.256470483883014 209.93289615324989 14.130259228176552 56.58954442084343 243.35378569682692 5400.0 5400.0 2016.0 1 445 {-999.0 21.914627 20.748726 20.31135 19.977022} sdss_fiber2mag_from_lsdr10 nan nan nan -999.0 63050398370864329 1058148039 dark_flexible_2x2 bhm_spiders_clusters_lsdr10 bhm_spiders science 0 0 0.0 0.0 -999 ""
FIBERMAP 897 R-6C3 METROLOGY 0 0 0 1 0 0 -185.23990357352056 -123.63129360337908 143.1 -202.99037289700246 -91.52027144275299 200.20073 145.93944 -999.0 -999.0 -999.0 -999.0 -999.0 209.9432381943074 14.258535404804322 209.93562516952215 14.132302649057308 56.592886724176616 243.35362476298167 -999.0 6231.0 -999.0 -1 -999 {-999.0 -999.0 -999.0 -999.0 -999.0} "" -999.0 -999.0 -999.0 -999.0 -999 -999 "" "" "" "" 0 0 0.0 0.0 -999 ""
FIBERMAP 898 R+4C19 APOGEE 0 0 0 1 0 0 156.57889569157436 62.10995611120649 143.1 164.62320302445602 35.55004355673718 287.0492 99.49815 -999.0 -999.0 -999.0 -999.0 -999.0 211.66777715018733 14.833721672146025 211.6578249352566 14.709332852950588 58.247436477599194 242.21240350697929 -999.0 16600.0 -999.0 2 90 {-999.0 -999.0 -999.0 -999.0 -999.0} "" -999.0 -999.0 -999.0 -999.0 -999 -999 "" "" "" "" 0 0 0.0 0.0 -999 ""
FIBERMAP 898 R+4C19 BOSS 1 1 0 1 0 0 155.915464642567 61.806855220754244 143.1 163.91913108167506 35.36002711474958 287.0492 99.49815 211.66441719938976 14.83288244224221 7.0517073 -26.330467 0.4203018 211.66443786483492 14.832807850555337 211.6545903419699 14.70849597762985 58.244495398811466 242.21497966550203 5400.0 5400.0 2016.0 1 208 {-999.0 16.545156 16.249332 16.11884 -999.0} sdss_psfmag 16.476442 16.207277 15.787566 14.874 63050394841200116 976203323 "" ops_std_boss ops_std standard_boss 0 0 0.0 0.0 -999 ""
FIBERMAP 898 R+4C19 METROLOGY 0 0 0 1 0 0 155.97092007976772 62.54790178466273 143.1 164.09548428614198 36.08178218819142 287.0492 99.49815 -999.0 -999.0 -999.0 -999.0 -999.0 211.66529279294906 14.836103209342468 211.655411432983 14.711768553067017 58.2471975786862 242.21879824487604 -999.0 6231.0 -999.0 -1 -999 {-999.0 -999.0 -999.0 -999.0 -999.0} "" -999.0 -999.0 -999.0 -999.0 -999 -999 "" "" "" "" 0 0 0.0 0.0 -999 ""
FIBERMAP 899 R+4C21 APOGEE 0 0 0 1 0 0 190.81490429335457 77.05854804108402 143.1 200.84272919293062 44.6724958144478 162.09578 136.96004 -999.0 -999.0 -999.0 -999.0 -999.0 211.8369421183701 14.874061980697201 211.82678741009693 14.74987118310292 58.39897789530724 242.07270852645598 -999.0 16600.0 -999.0 2 33 {-999.0 -999.0 -999.0 -999.0 -999.0} "" -999.0 -999.0 -999.0 -999.0 -999 -999 "" "" "" "" 0 0 0.0 0.0 -999 ""
FIBERMAP 899 R+4C21 BOSS 1 1 0 1 0 0 190.4546392164219 77.71016593066905 143.1 200.59439499562012 45.37430183092983 162.09578 136.96004 211.8357412330515 14.877186805933075 1.5136564 -1.2340773 -0.67604446 211.83574566982236 14.877183309910414 211.8256873831823 14.753070589201066 58.40020856239799 242.07869901822673 5400.0 5400.0 2016.0 1 193 {-999.0 20.719461 20.490652 20.289225 20.129372} sdss_psfmag_from_gaiadr2 20.792828 20.511982 20.036926 -999.0 63050394841199877 1129368863 dark_flexible_3x1 bhm_gua_dark_d3 bhm_filler science 0 0 0.0 0.0 -999 ""
FIBERMAP 899 R+4C21 METROLOGY 0 0 0 1 0 0 191.20517426947612 77.69086375898169 143.1 201.33144352329654 45.23204713492502 162.09578 136.96004 -999.0 -999.0 -999.0 -999.0 -999.0 211.83919372334293 14.876534414881835 211.82910513304967 14.752403357519231 58.40232074667463 242.0736832085459 -999.0 6231.0 -999.0 -1 -999 {-999.0 -999.0 -999.0 -999.0 -999.0} "" -999.0 -999.0 -999.0 -999.0 -999 -999 "" "" "" "" 0 0 0.0 0.0 -999 ""
FIBERMAP 901 R+8C13 APOGEE 0 0 0 1 0 0 85.49317359949558 146.2805059736743 143.1 108.33326113269486 130.23388173922248 30.719116 48.409847 -999.0 -999.0 -999.0 -999.0 -999.0 211.40474403449574 15.26502222065512 211.39442084580946 15.140191452810289 58.32388735157346 243.15317315104647 -999.0 16600.0 -999.0 2 -999 {-999.0 -999.0 -999.0 -999.0 -999.0} "" -999.0 -999.0 -999.0 -999.0 -999 -999 "" "" "" "" 0 0 0.0 0.0 -999 ""
FIBERMAP 901 R+8C13 BOSS 1 1 0 1 0 0 85.35212266984922 145.54611565038914 143.1 108.0735818964757 129.532743903676 30.719116 48.409847 211.4034241089787 15.261856886116338 11.090737 -13.744124 0.24979143 211.40345667653114 15.261817950328949 211.39324053113387 15.137065815430148 58.32103510230158 243.14991232005363 5400.0 5400.0 2016.0 1 151 {-999.0 20.531961 20.954828 21.313211 -999.0} sdss_psfmag 20.59324 20.75643 20.525724 -999.0 63050394841217387 1092190563 dark_flexible_2x1 mwm_cb_galex_mag_boss mwm_cb science 0 0 0.0 0.0 -999 ""
FIBERMAP 901 R+8C13 METROLOGY 0 0 0 1 0 0 84.79067490232897 146.0291942927062 143.1 107.59916101485823 130.10135642685816 30.719116 48.409847 -999.0 -999.0 -999.0 -999.0 -999.0 211.40125116174627 15.264421513018021 211.391004617136 15.139643472871143 58.320979500552085 243.1563132799946 -999.0 6231.0 -999.0 -1 -999 {-999.0 -999.0 -999.0 -999.0 -999.0} "" -999.0 -999.0 -999.0 -999.0 -999 -999 "" "" "" "" 0 0 0.0 0.0 -999 ""
FIBERMAP 903 R+10C13 APOGEE 0 0 0 1 0 0 108.57104733568771 204.54301891381718 143.1 140.65903611280817 183.9066861780604 102.29963 22.944588 -999.0 -999.0 -999.0 -999.0 -999.0 211.55639077986092 15.506201861246032 211.54559716865117 15.381490634323542 58.588908410921505 243.33711690144412 -999.0 16600.0 -999.0 2 -999 {-999.0 -999.0 -999.0 -999.0 -999.0} "" -999.0 -999.0 -999.0 -999.0 -999 -999 "" "" "" "" 0 0 0.0 0.0 -999 ""
FIBERMAP 903 R+10C13 BOSS 1 1 0 1 0 0 109.00723557165452 203.95212409403007 143.1 140.99221886295794 183.252303908773 102.29963 22.944588 211.5579207117137 15.503227691198651 -15.24186 -12.685921 0.25162762 211.55787590263333 15.503191753198582 211.5471859669868 15.378561346104126 58.58826690741664 243.330894755638 5400.0 5400.0 2016.0 1 98 {-999.0 17.062458 16.853771 16.740503 -999.0} sdss_psfmag 17.069698 16.82077 16.437098 15.568 63050394841219858 980761894 "" ops_std_boss_tic ops_std standard_boss 0 0 0.0 0.0 -999 ""
FIBERMAP 903 R+10C13 METROLOGY 0 0 0 1 0 0 108.26859027954755 203.86097660596317 143.1 140.24876375414743 183.28367531688383 102.29963 22.944588 -999.0 -999.0 -999.0 -999.0 -999.0 211.5544178992098 15.503382476248174 211.5437022397865 15.378725610678257 58.58575198393065 243.3351786820645 -999.0 6231.0 -999.0 -1 -999 {-999.0 -999.0 -999.0 -999.0 -999.0} "" -999.0 -999.0 -999.0 -999.0 -999 -999 "" "" "" "" 0 0 0.0 0.0 -999 ""
FIBERMAP 904 R+7C9 APOGEE 0 0 0 1 0 0 -29.068002717510723 147.4786517864234 143.1 -4.456336403675951 150.2234514214254 65.78581 119.843834 -999.0 -999.0 -999.0 -999.0 -999.0 210.87355915340925 15.357470109637932 210.86357952283163 15.23197070430993 57.98176474665339 243.89649977953616 -999.0 16600.0 -999.0 2 23 {-999.0 -999.0 -999.0 -999.0 -999.0} "" -999.0 -999.0 -999.0 -999.0 -999 -999 "" "" "" "" 0 0 0.0 0.0 -999 ""
FIBERMAP 904 R+7C9 BOSS 1 1 0 1 0 0 -28.33787735439701 147.5659098305624 143.1 -3.721922643329133 150.18964278314854 65.78581 119.843834 210.87650142350682 15.357348180762301 -8.902706 -20.184904 0.5900123 210.87691665993975 15.357290998865196 210.86703789525203 15.23187520123283 57.98431675581989 243.89244050558762 5400.0 5400.0 2016.0 1 131 {-999.0 14.871995 14.682894 14.647046 -999.0} sdss_psfmag_from_g3xp 14.873675 14.669515 14.326713 13.749 63050394841218834 1135937617 dark_flexible_3x1 mwm_halo_local_high_boss_triple mwm_halo science 0 0 1.5322680473327637 0.0 -999 ""
FIBERMAP 904 R+7C9 METROLOGY 0 0 0 1 0 0 -28.61825878024721 146.8741614656124 143.1 -4.112016322038559 149.55343506356675 65.78581 119.843834 -999.0 -999.0 -999.0 -999.0 -999.0 210.8751028320729 15.354424792693964 210.86520022166735 15.228985057261903 57.98112980408805 243.89025671483495 -999.0 6231.0 -999.0 -1 -999 {-999.0 -999.0 -999.0 -999.0 -999.0} "" -999.0 -999.0 -999.0 -999.0 -999 -999 "" "" "" "" 0 0 0.0 0.0 -999 ""
FIBERMAP 905 R-1C5 APOGEE 0 0 0 1 0 0 -190.42142728969554 -29.251541516101078 143.1 -192.60602378043527 2.4127082390006063 238.71921 145.36784 -999.0 -999.0 -999.0 -999.0 -999.0 209.98959648445958 14.684674272928344 209.98130178264682 14.558316009270957 56.89514255746892 243.90700344968832 -999.0 16600.0 -999.0 2 266 {-999.0 -999.0 -999.0 -999.0 -999.0} "" -999.0 -999.0 -999.0 -999.0 -999 -999 "" "" "" "" 0 0 0.0 0.0 -999 ""
FIBERMAP 905 R-1C5 BOSS 1 1 0 1 0 0 -191.0901176321013 -29.568398616227306 143.1 -193.31754112033772 2.2099881302119053 238.71921 145.36784 209.98612401668765 14.683661979763233 -999.0 -999.0 -999.0 209.98612401668765 14.683661979763233 209.97794097430207 14.5573832585334 56.89202114541444 243.9093960554616 5400.0 5400.0 2016.0 1 485 {-999.0 21.233711 20.995766 20.824123 20.673765} sdss_psfmag_from_lsdr10 21.012651 20.655668 20.581472 -999.0 63050394841209127 1059083988 dark_flexible_2x2 bhm_spiders_agn_lsdr10 bhm_spiders science 0 0 0.0 0.0 -999 ""
FIBERMAP 905 R-1C5 METROLOGY 0 0 0 1 0 0 -191.04139366460026 -28.82930743008706 143.1 -193.1481478688659 2.9309198345992717 238.71921 145.36784 -999.0 -999.0 -999.0 -999.0 -999.0 209.98694471027324 14.686960930622156 209.97872621333636 14.56065863334671 56.894662704567544 243.91320479949897 -999.0 6231.0 -999.0 -1 -999 {-999.0 -999.0 -999.0 -999.0 -999.0} "" -999.0 -999.0 -999.0 -999.0 -999 -999 "" "" "" "" 0 0 0.0 0.0 -999 ""
FIBERMAP 906 R+11C11 APOGEE 0 0 0 1 0 0 61.81367460312652 219.18817324204662 143.1 96.94878245860276 206.026828856511 351.16858 157.7153 -999.0 -999.0 -999.0 -999.0 -999.0 211.3512362561528 15.607382269634694 211.34048511528488 15.482392229042729 58.4975431414061 243.72477469801726 -999.0 16600.0 -999.0 2 1 {-999.0 -999.0 -999.0 -999.0 -999.0} "" -999.0 -999.0 -999.0 -999.0 -999 -999 "" "" "" "" 0 0 0.0 0.0 -999 ""
FIBERMAP 906 R+11C11 BOSS 1 1 0 1 0 0 62.45393968895902 218.81475353181847 143.1 97.51894023186892 205.55342807649112 351.16858 157.7153 211.35386116485074 15.605214520409275 -10.25848 -8.215496 0.15010157 211.35383099131042 15.605191246695549 211.3431821408662 15.480282940745404 58.49826298786441 243.71851842805268 5400.0 5400.0 2016.0 1 108 {-999.0 18.169024 17.869648 17.760452 17.73396} sdss_psfmag_from_gaia 18.1412 17.8752 17.448 -999.0 63050394841220826 968382173 "" ops_std_boss_gdr2 ops_std standard_boss 0 0 0.0 0.0 -999 ""
FIBERMAP 906 R+11C11 METROLOGY 0 0 0 1 0 0 61.81487519095312 218.4384378013018 143.1 96.82687994525314 205.28720294165618 351.16858 157.7153 -999.0 -999.0 -999.0 -999.0 -999.0 211.35060687089407 15.60403455511612 211.33993377178194 15.479100538235722 58.49507732635094 243.72047964530373 -999.0 6231.0 -999.0 -1 -999 {-999.0 -999.0 -999.0 -999.0 -999.0} "" -999.0 -999.0 -999.0 -999.0 -999 -999 "" "" "" "" 0 0 0.0 0.0 -999 ""
FIBERMAP 907 R-6C6 APOGEE 0 0 0 1 0 0 -103.03879549917153 -96.75087714279377 143.1 -117.50623670049418 -78.50461392098283 135.52487 28.45899 -999.0 -999.0 -999.0 -999.0 -999.0 210.3415792288853 14.31734856576853 210.33347097226442 14.191504301345995 56.92891476614902 242.9915088462161 -999.0 16600.0 -999.0 2 -999 {-999.0 -999.0 -999.0 -999.0 -999.0} "" -999.0 -999.0 -999.0 -999.0 -999 -999 "" "" "" "" 0 0 0.0 0.0 -999 ""
FIBERMAP 907 R-6C6 BOSS 1 1 0 1 0 0 -102.31150534747226 -96.96303310844804 143.1 -116.82377498395698 -78.83325505151248 135.52487 28.45899 210.34462159039546 14.315736642163868 0.8975601 0.43355155 0.012956163 210.3446242145838 14.315737870373777 210.336621448779 14.189982055035467 56.930308798625 242.98580023959525 5400.0 5400.0 2016.0 1 465 {-999.0 20.683104 20.277145 20.142075 20.049772} sdss_psfmag_from_lsdr10 20.681833 20.467613 20.119793 -999.0 63050394841207377 1059081468 dark_flexible_2x2 bhm_spiders_agn_lsdr10 bhm_spiders science 0 0 0.0 0.0 -999 ""
FIBERMAP 907 R-6C6 METROLOGY 0 0 0 1 0 0 -102.84760668186917 -97.47206284471133 143.1 -117.43607565001203 -79.24727357952116 135.52487 28.45899 -999.0 -999.0 -999.0 -999.0 -999.0 210.34180206100257 14.313888459482962 210.33377421213152 14.188105920502407 56.92698488685527 242.98635458101245 -999.0 6231.0 -999.0 -1 -999 {-999.0 -999.0 -999.0 -999.0 -999.0} "" -999.0 -999.0 -999.0 -999.0 -999 -999 "" "" "" "" 0 0 0.0 0.0 -999 ""
FIBERMAP 908 R+6C18 APOGEE 0 0 0 1 0 0 157.83423168457048 125.9175205169244 143.1 176.33678499872326 98.27435115376439 49.497906 145.88509 -999.0 -999.0 -999.0 -999.0 -999.0 211.72328409154065 15.11794200596676 211.712886234498 14.993543133679138 58.46950400648397 242.565409026574 -999.0 16600.0 -999.0 2 -999 {-999.0 -999.0 -999.0 -999.0 -999.0} "" -999.0 -999.0 -999.0 -999.0 -999 -999 "" "" "" "" 0 0 0.0 0.0 -999 ""
FIBERMAP 908 R+6C18 BOSS 1 1 0 1 0 0 158.55067317403586 126.13263690927857 143.1 177.07869393432773 98.3688897197344 49.497906 145.88509 211.72615980776743 15.11835098067882 13.090744 -23.165308 0.7179095 211.7266935221974 15.118285355581857 211.7163924801937 14.993970185070905 58.47239190228237 242.56192792884409 5400.0 5400.0 2016.0 1 203 {-999.0 14.723538 14.271493 14.119463 -999.0} sdss_psfmag_from_g3xp 14.634494 14.296171 13.786687 12.807 63050394841202422 1135937601 dark_flexible_3x1 mwm_halo_local_high_boss_triple mwm_halo science 0 0 1.721366286277771 0.0 -999 ""
FIBERMAP 908 R+6C18 METROLOGY 0 0 0 1 0 0 158.37645641982508 125.40502240279142 143.1 176.78741721360458 97.67987949898499 49.497906 145.88509 -999.0 -999.0 -999.0 -999.0 -999.0 211.7253486910709 15.115193868723908 211.7150246989221 14.990855322627581 58.469393420313665 242.55893027616193 -999.0 6231.0 -999.0 -1 -999 {-999.0 -999.0 -999.0 -999.0 -999.0} "" -999.0 -999.0 -999.0 -999.0 -999 -999 "" "" "" "" 0 0 0.0 0.0 -999 ""
FIBERMAP 910 R+11C8 APOGEE 0 0 0 1 0 0 -21.963494150076126 231.45977823892002 143.1 16.337971174544833 231.883716246471 179.92912 40.217575 -999.0 -999.0 -999.0 -999.0 -999.0 210.97200194485933 15.725250012536774 210.96142957576092 15.599768222178444 58.283756240741184 244.33245530237446 -999.0 16600.0 -999.0 2 15 {-999.0 -999.0 -999.0 -999.0 -999.0} "" -999.0 -999.0 -999.0 -999.0 -999 -999 "" "" "" "" 0 0 0.0 0.0 -999 ""
FIBERMAP 910 R+11C8 BOSS 1 1 0 1 0 0 -21.40127738891548 231.9555572297479 143.1 16.973852838406117 232.2803787296316 179.92912 40.217575 210.97477937227492 15.727162811317342 -66.31985 -66.13632 1.1116183 210.97489634876786 15.726975453379323 210.96442222409723 15.60157461172359 58.28713913231765 244.3317756202134 5400.0 5400.0 2016.0 1 111 {-999.0 16.988644 16.319227 15.993727 -999.0} sdss_psfmag 16.805056 16.30537 15.62469 14.295 63050394841221265 1136102158 dark_flexible_3x1 mwm_halo_local_high_boss_triple mwm_halo science 0 0 1.0817095041275024 0.0 -999 ""
FIBERMAP 910 R+11C8 METROLOGY 0 0 0 1 0 0 -21.249197105814776 231.2281132173183 143.1 17.00441553266056 231.5379673737198 179.92912 40.217575 -999.0 -999.0 -999.0 -999.0 -999.0 210.975066326971 15.723664753765034 210.9645672549816 15.598242905480612 58.28519294465019 244.32662457195232 -999.0 6231.0 -999.0 -1 -999 {-999.0 -999.0 -999.0 -999.0 -999.0} "" -999.0 -999.0 -999.0 -999.0 -999 -999 "" "" "" "" 0 0 0.0 0.0 -999 ""
FIBERMAP 912 R+3C20 APOGEE 0 0 0 1 0 0 176.95811966664954 54.09031721689516 143.1 183.4056621633138 24.29492487100468 304.0866 144.39832 -999.0 -999.0 -999.0 -999.0 -999.0 211.75529494075354 14.782097772686159 211.74533946308543 14.657831338448586 58.279526655327416 242.03417354959407 -999.0 16600.0 -999.0 2 62 {-999.0 -999.0 -999.0 -999.0 -999.0} "" -999.0 -999.0 -999.0 -999.0 -999 -999 "" "" "" "" 0 0 0.0 0.0 -999 ""
FIBERMAP 912 R+3C20 BOSS 1 1 0 1 0 0 176.94602168689778 53.34467187547952 143.1 183.27131538350736 23.56151609949326 304.0866 144.39832 211.75460815429685 14.778696698457637 -999.0 -999.0 -999.0 211.75460815429685 14.778696698457642 211.74475813985458 14.654511275047726 58.27696725685211 242.0300117126404 5400.0 5400.0 2015.5 1 216 {-999.0 -999.0 -999.0 -999.0 -999.0} "" -999.0 -999.0 -999.0 -999.0 27021603099595782 817238219 "" ops_sky_boss_good ops_sky sky_boss 0 0 0.0 0.0 -999 ""
FIBERMAP 912 R+3C20 METROLOGY 0 0 0 1 0 0 176.30466425748122 53.73246752103422 143.1 182.7024404289319 24.04927452225568 304.0866 144.39832 -999.0 -999.0 -999.0 -999.0 -999.0 211.7519821797567 14.780948734113052 211.74210295597106 14.6567365031101 58.2764213033257 242.0363912816959 -999.0 6231.0 -999.0 -1 -999 {-999.0 -999.0 -999.0 -999.0 -999.0} "" -999.0 -999.0 -999.0 -999.0 -999 -999 "" "" "" "" 0 0 0.0 0.0 -999 ""
FIBERMAP 914 R+3C11 APOGEE 0 0 0 1 0 0 -49.70990347511956 55.561646233117706 143.1 -39.90479737356213 62.958881555675944 209.08049 93.96882 -999.0 -999.0 -999.0 -999.0 -999.0 210.70591361426932 14.961264028882855 210.69662210032152 14.835673112782334 57.60818720140043 243.5051916780825 -999.0 16600.0 -999.0 2 124 {-999.0 -999.0 -999.0 -999.0 -999.0} "" -999.0 -999.0 -999.0 -999.0 -999 -999 "" "" "" "" 0 0 0.0 0.0 -999 ""
FIBERMAP 914 R+3C11 BOSS 1 1 0 1 0 0 -50.13394202767406 56.17081417230494 143.1 -40.222997502619044 63.62929108885363 209.08049 93.96882 210.7042520301234 14.964318318165878 13.108684 -18.050089 0.2902316 210.70429046935317 14.964267183993645 210.69510064261559 14.838754827847964 57.608976261359636 243.51139333467196 5400.0 5400.0 2016.0 1 14 {-999.0 16.853394 16.58369 16.492443 -999.0} sdss_psfmag 16.810623 16.561846 16.15434 15.359 63050394841217608 980761889 "" ops_std_boss_tic ops_std standard_boss 0 0 0.0 0.0 -999 ""
FIBERMAP 914 R+3C11 METROLOGY 0 0 0 1 0 0 -49.395201127187605 56.234962470811475 143.1 -39.48388064779617 63.57127595331554 209.08049 93.96882 -999.0 -999.0 -999.0 -999.0 -999.0 210.7078076121389 14.964020123524453 210.69858547097078 14.838488973106802 57.61143203122718 243.50706051095054 -999.0 6231.0 -999.0 -1 -999 {-999.0 -999.0 -999.0 -999.0 -999.0} "" -999.0 -999.0 -999.0 -999.0 -999 -999 "" "" "" "" 0 0 0.0 0.0 -999 ""
FIBERMAP 916 R-13C3 APOGEE 0 0 0 1 0 0 -85.2762112340558 -252.76960584894888 143.1 -125.60195613959587 -235.2946929391198 16.831648 97.82321 -999.0 -999.0 -999.0 -999.0 -999.0 210.30759305423203 13.60993137933344 210.3004585828602 13.484245246319302 56.451553105396655 242.03940398933392 -999.0 16600.0 -999.0 2 198 {-999.0 -999.0 -999.0 -999.0 -999.0} "" -999.0 -999.0 -999.0 -999.0 -999 -999 "" "" "" "" 0 0 0.0 0.0 -999 ""
FIBERMAP 916 R-13C3 BOSS 1 1 0 1 0 0 -84.98838689815017 -253.4545082696717 143.1 -125.43053127253809 -236.01743308267464 16.831648 97.82321 210.30830496064772 13.606606459043178 -0.039163817 -0.117959656 0.12051591 210.30830484649658 13.606606124874798 210.30128054276608 13.481009197672643 56.45007474233974 242.03399815500887 5400.0 5400.0 2016.0 1 342 {-999.0 19.359884 19.37071 19.112934 18.854504} sdss_psfmag_from_lsdr10 19.32226 19.155416 18.762804 -999.0 63050394841186843 1131801211 dark_flexible_3x1 bhm_spiders_agn_lsdr10_d3 bhm_spiders science 0 0 0.0 0.0 -999 ""
FIBERMAP 916 R-13C3 METROLOGY 0 0 0 1 0 0 -85.73502779159757 -253.3630409612349 143.1 -126.15189157974827 -235.8046446230446 16.831648 97.82321 -999.0 -999.0 -999.0 -999.0 -999.0 210.30498320720199 13.607601289152784 210.29793022664546 13.481975392107044 56.44821008240822 242.03913867420596 -999.0 6231.0 -999.0 -1 -999 {-999.0 -999.0 -999.0 -999.0 -999.0} "" -999.0 -999.0 -999.0 -999.0 -999 -999 "" "" "" "" 0 0 0.0 0.0 -999 ""
FIBERMAP 918 R-4C10 APOGEE 0 0 0 1 0 0 -29.243048365208736 -75.64208750170779 143.1 -41.25946019965078 -69.80130406883428 27.564604 95.65917 -999.0 -999.0 -999.0 -999.0 -999.0 210.69925645720343 14.356671183450677 210.69079047398702 14.231239972409018 57.221468156704 242.6425567188692 -999.0 16600.0 -999.0 2 -999 {-999.0 -999.0 -999.0 -999.0 -999.0} "" -999.0 -999.0 -999.0 -999.0 -999 -999 "" "" "" "" 0 0 0.0 0.0 -999 ""
FIBERMAP 918 R-4C10 BOSS 1 1 0 1 0 0 -28.834383341710154 -76.23786306192258 143.1 -40.95422358735291 -70.45598140425267 27.564604 95.65917 210.70056438515317 14.353571160992106 -999.0 -999.0 -999.0 210.70056438515314 14.353571160992104 210.6922059515477 14.22822621984146 57.22060405135037 242.63665225819852 5400.0 5400.0 2016.0 1 408 {-999.0 21.727514 21.489586 21.124058 20.80456} sdss_psfmag_from_lsdr10 nan nan nan -999.0 63050396950117784 1059081476 dark_flexible_2x2 bhm_spiders_agn_lsdr10 bhm_spiders science 0 0 0.0 0.0 -999 ""
FIBERMAP 918 R-4C10 METROLOGY 0 0 0 1 0 0 -29.568588941457747 -76.3134185033212 143.1 -41.69074023745362 -70.40996117297242 27.564604 95.65917 -999.0 -999.0 -999.0 -999.0 -999.0 210.69713681529996 14.353814161418347 210.6887514227368 14.228441304722494 57.21816124672333 242.64090121022576 -999.0 6231.0 -999.0 -1 -999 {-999.0 -999.0 -999.0 -999.0 -999.0} "" -999.0 -999.0 -999.0 -999.0 -999 -999 "" "" "" "" 0 0 0.0 0.0 -999 ""
FIBERMAP 919 R-12C2 APOGEE 0 0 0 1 0 0 -150.0456056250238 -219.39472439264125 143.1 -184.00169728333782 -191.74520676231157 195.38046 47.262825 -999.0 -999.0 -999.0 -999.0 -999.0 210.03526381191708 13.806389641927755 210.02809422440646 13.68032938520504 56.37474040396138 242.61853530793843 -999.0 16600.0 -999.0 2 204 {-999.0 -999.0 -999.0 -999.0 -999.0} "" -999.0 -999.0 -999.0 -999.0 -999 -999 "" "" "" "" 0 0 0.0 0.0 -999 ""
FIBERMAP 919 R-12C2 BOSS 1 1 0 1 0 0 -149.7105902871388 -218.73098237846685 143.1 -183.56231864333694 -191.14558982320912 195.38046 47.262825 210.03707793891172 13.809073433698876 25.747332 -34.14395 4.5160427 210.0371530495614 13.808976707150881 210.03008655689425 13.683005011526262 56.377940134508854 242.62001160016388 5400.0 5400.0 2016.0 1 339 {-999.0 20.907791 19.328785 17.848917 -999.0} sdss_psfmag 20.342348 18.56581 17.324564 14.879 63050394841204552 1077851986 bright_flexible_2x1 mwm_snc_ext_main_boss mwm_snc science 0 0 0.0 0.0 -999 ""
FIBERMAP 919 R-12C2 METROLOGY 0 0 0 1 0 0 -149.29096655698993 -219.35218789820354 143.1 -183.25044889622959 -191.82714665974956 195.38046 47.262825 -999.0 -999.0 -999.0 -999.0 -999.0 210.03866075359886 13.805937996903804 210.0315658983717 13.679944102901418 56.37708601428445 242.61410259847673 -999.0 6231.0 -999.0 -1 -999 {-999.0 -999.0 -999.0 -999.0 -999.0} "" -999.0 -999.0 -999.0 -999.0 -999 -999 "" "" "" "" 0 0 0.0 0.0 -999 ""
FIBERMAP 920 R+5C2 APOGEE 0 0 0 1 0 0 -207.33709522929655 109.44823827883198 143.1 -186.5183408653199 141.9828812267751 71.88377 111.09474 -999.0 -999.0 -999.0 -999.0 -999.0 210.01810738670187 15.317223396713473 210.0089463181895 15.19072397448554 57.30844386898305 244.7896791151946 -999.0 16600.0 -999.0 2 -999 {-999.0 -999.0 -999.0 -999.0 -999.0} "" -999.0 -999.0 -999.0 -999.0 -999 -999 "" "" "" "" 0 0 0.0 0.0 -999 ""
FIBERMAP 920 R+5C2 BOSS 1 1 0 1 0 0 -206.64242442136057 109.52320205749481 143.1 -185.8209126566008 141.94276802650944 71.88377 111.09474 210.02122501075573 15.317008134543398 -999.0 -999.0 -999.0 210.02122501075576 15.317008134543395 210.01216843013896 15.190593041133306 57.3108146660844 244.78594565328314 5400.0 5400.0 2016.0 1 71 {-999.0 22.507954 20.9567 20.18905 19.680487} sdss_fiber2mag_from_lsdr10 21.08736 21.026333 19.243715 -999.0 63050394841222681 1059086567 dark_flexible_2x2 bhm_spiders_agn_lsdr10 bhm_spiders science 0 0 0.0 0.0 -999 ""
FIBERMAP 920 R+5C2 METROLOGY 0 0 0 1 0 0 -206.9224954482561 108.8279407678963 143.1 -186.21127693210818 141.30304471529197 71.88377 111.09474 -999.0 -999.0 -999.0 -999.0 -999.0 210.01943128295486 15.314125376102231 210.01034988232777 15.187686142773904 57.30764253818435 244.78370238483825 -999.0 6231.0 -999.0 -1 -999 {-999.0 -999.0 -999.0 -999.0 -999.0} "" -999.0 -999.0 -999.0 -999.0 -999 -999 "" "" "" "" 0 0 0.0 0.0 -999 ""
FIBERMAP 921 R+2C21 APOGEE 0 0 0 1 0 0 194.29451012408325 22.733756033038926 143.1 195.35581642390525 -9.476750649711102 26.129673 22.543255 -999.0 -999.0 -999.0 -999.0 -999.0 211.8101973659089 14.628462075333564 211.80040988769724 14.504306248370305 58.22174886818503 241.74551084805267 -999.0 16600.0 -999.0 2 80 {-999.0 -999.0 -999.0 -999.0 -999.0} "" -999.0 -999.0 -999.0 -999.0 -999 -999 "" "" "" "" 0 0 0.0 0.0 -999 ""
FIBERMAP 921 R+2C21 BOSS 1 1 0 1 0 0 193.8359839866696 22.149142681750963 143.1 194.80761570973348 -9.97804952484252 26.129673 22.543255 211.80758415015885 14.62611421222424 -999.0 -999.0 -999.0 211.80758415015882 14.626114212224238 211.79790212792338 14.502037289174657 58.218430354402905 241.74518319537307 5400.0 5400.0 2016.0 1 223 {-999.0 21.231382 20.822605 20.323206 20.056522} sdss_psfmag nan nan nan -999.0 63050399095326312 1060793237 dark_flexible_2x2 bhm_aqmes_bonus_faint bhm_filler science 0 0 0.0 0.0 -999 ""
FIBERMAP 921 R+2C21 METROLOGY 0 0 0 1 0 0 193.54479902890625 22.834359543906395 143.1 194.63292804227524 -9.254447537860697 26.129673 22.543255 -999.0 -999.0 -999.0 -999.0 -999.0 211.80680889428086 14.62942672470433 211.79709462280368 14.505324818214467 58.219949080701085 241.75091486604202 -999.0 6231.0 -999.0 -1 -999 {-999.0 -999.0 -999.0 -999.0 -999.0} "" -999.0 -999.0 -999.0 -999.0 -999 -999 "" "" "" "" 0 0 0.0 0.0 -999 ""
FIBERMAP 925 R-13C12 APOGEE 0 0 0 1 0 0 100.26970012176041 -270.2774202850289 143.1 54.518934319923304 -283.02352528332347 305.1315 75.2168 -999.0 -999.0 -999.0 -999.0 -999.0 211.14507201530319 13.395315815955865 211.13754287831352 13.270690521334735 56.93055499908141 240.7785796979735 -999.0 16600.0 -999.0 2 182 {-999.0 -999.0 -999.0 -999.0 -999.0} "" -999.0 -999.0 -999.0 -999.0 -999 -999 "" "" "" "" 0 0 0.0 0.0 -999 ""
FIBERMAP 925 R-13C12 BOSS 1 1 0 1 0 0 99.57953170971135 -270.55411032811423 143.1 53.792828531162485 -283.18310438538015 305.1315 75.2168 211.14159571218727 13.394541768627343 -1.3982612 -2.9350617 0.051696815 211.14159164028356 13.394533453879298 211.13416936871602 13.269991524228729 56.927620149755214 240.78156616897692 5400.0 5400.0 2016.0 1 337 {-999.0 16.850155 16.295977 16.03787 -999.0} sdss_psfmag 16.7214 16.293095 15.691588 14.426 63050394841183198 1133068885 dark_flexible_3x1 mwm_halo_vmp_xp_boss_triple mwm_halo science 0 0 0.0 0.0 -999 ""
FIBERMAP 925 R-13C12 METROLOGY 0 0 0 1 0 0 99.67578237214705 -269.82282538420117 143.1 54.00781354987245 -282.47767422847437 305.1315 75.2168 -999.0 -999.0 -999.0 -999.0 -999.0 211.1426378838238 13.397686652091682 211.135181312648 13.273120329312095 56.93041785381016 240.78470423115763 -999.0 6231.0 -999.0 -1 -999 {-999.0 -999.0 -999.0 -999.0 -999.0} "" -999.0 -999.0 -999.0 -999.0 -999 -999 "" "" "" "" 0 0 0.0 0.0 -999 ""
FIBERMAP 932 R0C19 APOGEE 0 0 0 1 0 0 98.3258748755001 10.394703594579106 143.1 98.68072035692994 -5.890683233583657 169.93602 83.08845 -999.0 -999.0 -999.0 -999.0 -999.0 211.35794302116545 14.646546436355308 211.34851745918286 14.521829432727348 57.89740695641827 242.30142463893276 -999.0 16600.0 -999.0 2 64 {-999.0 -999.0 -999.0 -999.0 -999.0} "" -999.0 -999.0 -999.0 -999.0 -999 -999 "" "" "" "" 0 0 0.0 0.0 -999 ""
FIBERMAP 932 R0C19 BOSS 1 1 0 1 0 0 98.4850234754956 11.126943104917089 143.1 98.9578953681877 -5.194637799305807 169.93602 83.08845 211.35924829438412 14.649625274763132 -15.114939 0.4751867 0.15050803 211.35920403640802 14.64962662091727 211.34987488796767 14.52499218848663 57.90043903037298 242.30442159121742 5400.0 5400.0 2016.0 1 242 {-999.0 18.012587 17.718782 17.612204 17.587587} sdss_psfmag_from_gaia 17.9813 17.7237 17.2953 -999.0 63050394841199425 968381522 "" ops_std_boss_gdr2 ops_std standard_boss 0 0 0.0 0.0 -999 ""
FIBERMAP 932 R0C19 METROLOGY 0 0 0 1 0 0 99.05917534358818 10.649003738485154 143.1 99.4456894390734 -5.760267371397712 169.93602 83.08845 -999.0 -999.0 -999.0 -999.0 -999.0 211.36150579230122 14.647068007746752 211.35214939183788 14.522413889703778 57.900484520985344 242.29804178713675 -999.0 6231.0 -999.0 -1 -999 {-999.0 -999.0 -999.0 -999.0 -999.0} "" -999.0 -999.0 -999.0 -999.0 -999 -999 "" "" "" "" 0 0 0.0 0.0 -999 ""
FIBERMAP 934 R+3C10 APOGEE 0 0 0 1 0 0 -39.92801641029189 52.77206435662019 143.1 -30.71535720424604 58.601722725453214 11.888368 83.545334 -999.0 -999.0 -999.0 -999.0 -999.0 210.74920460453785 14.941427798304009 210.73990215258664 14.815894043818915 57.62832628577169 243.42739036531003 -999.0 16600.0 -999.0 2 -999 {-999.0 -999.0 -999.0 -999.0 -999.0} "" -999.0 -999.0 -999.0 -999.0 -999 -999 "" "" "" "" 0 0 0.0 0.0 -999 ""
FIBERMAP 934 R+3C10 BOSS 1 1 0 1 0 0 -39.88171735039443 51.94699234866286 143.1 -30.805149473663445 57.780391928610435 11.888368 83.545334 210.74865619648173 14.937637512157066 -0.08705995 0.5759425 0.10117439 210.74865594122326 14.937639143746921 210.73946325931024 14.812187156267637 57.62566689762484 243.4225027084094 5400.0 5400.0 2016.0 1 24 {-999.0 20.617151 19.15933 19.0141 18.256493} sdss_psfmag 19.97904 19.405634 18.321072 -999.0 63050394841217601 1060310461 dark_flexible_2x2 bhm_aqmes_bonus_core bhm_filler science 0 0 0.0 0.0 -999 ""
FIBERMAP 934 R+3C10 METROLOGY 0 0 0 1 0 0 -40.526140596826316 52.32607171318945 143.1 -31.378479080659083 58.26005721878409 11.888368 83.545334 -999.0 -999.0 -999.0 -999.0 -999.0 210.74598846704512 14.939840621655032 210.73676565494486 14.814361770454747 57.62500462689172 243.4287226235332 -999.0 6231.0 -999.0 -1 -999 {-999.0 -999.0 -999.0 -999.0 -999.0} "" -999.0 -999.0 -999.0 -999.0 -999 -999 "" "" "" "" 0 0 0.0 0.0 -999 ""
FIBERMAP 936 R+2C20 APOGEE 0 0 0 1 0 0 152.572442258839 55.89564848849604 143.1 159.65160255227372 30.0789171411479 134.35161 79.95326 -999.0 -999.0 -999.0 -999.0 -999.0 211.64443191725746 14.808990117623734 211.63453435619124 14.684579373012449 58.21428872380275 242.20359737521966 -999.0 16600.0 -999.0 2 -999 {-999.0 -999.0 -999.0 -999.0 -999.0} "" -999.0 -999.0 -999.0 -999.0 -999 -999 "" "" "" "" 0 0 0.0 0.0 -999 ""
FIBERMAP 936 R+2C20 BOSS 1 1 0 1 0 0 153.17363172155623 56.337241285644446 143.1 160.31702522883916 30.415740049591125 134.35161 79.95326 211.64723815359258 14.810448424404271 -19.989038 -5.2576003 0.5229599 211.6475070829433 14.810433530119921 211.63770548104512 14.68610710077614 58.2176242628871 242.20210454267746 5400.0 5400.0 2016.0 1 222 {-999.0 16.379162 15.981511 15.831696 -999.0} sdss_psfmag 16.276 15.961852 15.484373 14.704 63050394841200108 1136102504 dark_flexible_3x1 mwm_halo_local_high_boss_triple mwm_halo science 0 0 1.1398379802703857 0.0 -999 ""
FIBERMAP 936 R+2C20 METROLOGY 0 0 0 1 0 0 153.25550663989986 55.59550680222479 143.1 160.2760015582758 29.67076052570642 134.35161 79.95326 -999.0 -999.0 -999.0 -999.0 -999.0 211.6473203372872 14.807070018698022 211.63749505581052 14.682721350838163 58.215303123518865 242.19740885712014 -999.0 6231.0 -999.0 -1 -999 {-999.0 -999.0 -999.0 -999.0 -999.0} "" -999.0 -999.0 -999.0 -999.0 -999 -999 "" "" "" "" 0 0 0.0 0.0 -999 ""
FIBERMAP 938 R+12C15 APOGEE 0 0 0 1 0 0 151.51673776849316 248.8855970802391 143.1 190.29422180082398 220.58914701389767 135.04517 85.809654 -999.0 -999.0 -999.0 -999.0 -999.0 211.7876631930063 15.667932814016282 211.7764361417568 15.543462428597806 58.86379603232609 243.3119518058313 -999.0 16600.0 -999.0 2 44 {-999.0 -999.0 -999.0 -999.0 -999.0} "" -999.0 -999.0 -999.0 -999.0 -999 -999 "" "" "" "" 0 0 0.0 0.0 -999 ""
FIBERMAP 938 R+12C15 BOSS 1 1 0 1 0 0 152.07569665459343 249.37374001320683 143.1 190.92563673832822 220.97881326860178 135.04517 85.809654 211.79051568777095 15.669523120251004 -13.04321 5.0596056 3.3780794 211.79047731136853 15.66953745362461 211.77934586399172 15.545147506124131 58.86703701050269 243.31109915603764 5400.0 5400.0 2016.0 1 179 {-999.0 19.68768 19.876997 20.138866 -999.0} sdss_psfmag 19.818562 19.78891 19.817774 -999.0 63050394841220419 1143462309 dark_1x3 mwm_wd_pwd_boss_1x3 mwm_wd science 0 0 0.0 0.0 -999 ""
FIBERMAP 938 R+12C15 METROLOGY 0 0 0 1 0 0 152.2247929550284 248.6448176128325 143.1 190.95301375885919 220.23543373867972 135.04517 85.809654 -999.0 -999.0 -999.0 -999.0 -999.0 211.79064979432684 15.666239011860787 211.77949401283217 15.541828140967628 58.865070223072294 243.3059201830967 -999.0 6231.0 -999.0 -1 -999 {-999.0 -999.0 -999.0 -999.0 -999.0} "" -999.0 -999.0 -999.0 -999.0 -999 -999 "" "" "" "" 0 0 0.0 0.0 -999 ""
FIBERMAP 940 R+12C5 APOGEE 0 0 0 1 0 0 -67.66442290415979 245.58240265445886 143.1 -26.416146959598986 253.3150722709851 89.977806 118.88686 -999.0 -999.0 -999.0 -999.0 -999.0 210.7709205945884 15.82125003547442 210.76039913015416 15.695500842346458 58.19006316899079 244.70208427660754 -999.0 16600.0 -999.0 2 -999 {-999.0 -999.0 -999.0 -999.0 -999.0} "" -999.0 -999.0 -999.0 -999.0 -999 -999 "" "" "" "" 0 0 0.0 0.0 -999 ""
FIBERMAP 940 R+12C5 BOSS 1 1 0 1 0 0 -67.0179438983608 245.93269393744163 143.1 -25.721046613949774 253.5544134522098 89.977806 118.88686 210.77410039604285 15.822598558586227 -5.6372275 -119.88603 19.619822 210.77408379743264 15.822258932965568 210.7636652527308 15.696591932359532 58.19321563742538 244.70005890426458 5400.0 5400.0 2016.0 1 157 {-999.0 18.534485 18.00495 17.792133 -999.0} sdss_psfmag 18.421593 18.029009 17.490732 16.385 63050394841223489 1143462340 dark_1x3 mwm_wd_pwd_boss_1x3 mwm_wd science 0 0 0.0 0.0 -999 ""
FIBERMAP 940 R+12C5 METROLOGY 0 0 0 1 0 0 -67.02523021761333 245.19757192546584 143.1 -25.84892022876871 252.83059339914792 89.977806 118.88686 -999.0 -999.0 -999.0 -999.0 -999.0 210.77350801778084 15.81904725509093 210.7630616698375 15.693357457036132 58.19077222263598 244.69588954669172 -999.0 6231.0 -999.0 -1 -999 {-999.0 -999.0 -999.0 -999.0 -999.0} "" -999.0 -999.0 -999.0 -999.0 -999 -999 "" "" "" "" 0 0 0.0 0.0 -999 ""
FIBERMAP 941 R-13C14 APOGEE 0 0 0 1 0 0 164.4342216021079 -244.20933056901998 143.1 122.08107087330886 -267.84790016094263 79.78447 48.18294 -999.0 -999.0 -999.0 -999.0 -999.0 211.45884330824387 13.463454505481259 211.45096656416558 13.339192269304181 57.20532687433338 240.50435511930027 -999.0 16600.0 -999.0 2 -999 {-999.0 -999.0 -999.0 -999.0 -999.0} "" -999.0 -999.0 -999.0 -999.0 -999 -999 "" "" "" "" 0 0 0.0 0.0 -999 ""
FIBERMAP 941 R-13C14 BOSS 1 1 0 1 0 0 164.8922628287357 -244.79121152191948 143.1 122.43728603748833 -268.49698015638063 79.78447 48.18294 211.46049206886764 13.46054256968298 -50.585148 -10.097635 4.7717767 211.46034471836572 13.460513964008731 211.45257328668413 13.336341313312698 57.204624134413905 240.49849386549954 5400.0 5400.0 2016.0 1 257 {-999.0 19.578056 19.96437 20.399294 -999.0} sdss_psfmag 19.780918 19.782099 19.889845 -999.0 63050394841183668 1143462174 dark_1x3 mwm_wd_pwd_boss_1x3 mwm_wd science 0 0 0.0 0.0 -999 ""
FIBERMAP 941 R-13C14 METROLOGY 0 0 0 1 0 0 164.15353890827703 -244.90061864637676 143.1 121.69075563512371 -268.4836044603347 79.78447 48.18294 -999.0 -999.0 -999.0 -999.0 -999.0 211.45692179493224 13.46058295734844 211.44912347127843 13.336381328895781 57.20212563959425 240.50263340624022 -999.0 6231.0 -999.0 -1 -999 {-999.0 -999.0 -999.0 -999.0 -999.0} "" -999.0 -999.0 -999.0 -999.0 -999 -999 "" "" "" "" 0 0 0.0 0.0 -999 ""
FIBERMAP 942 R+1C24 APOGEE 0 0 0 1 0 0 246.21090698064404 0.36396990353519243 143.1 242.88599411497987 -40.06230883269399 13.349118 23.216146 -999.0 -999.0 -999.0 -999.0 -999.0 212.02960244664203 14.488817653740016 212.01982453901235 14.364973546935449 58.29387716278794 241.28239453989625 -999.0 16600.0 -999.0 2 59 {-999.0 -999.0 -999.0 -999.0 -999.0} "" -999.0 -999.0 -999.0 -999.0 -999 -999 "" "" "" "" 0 0 0.0 0.0 -999 ""
FIBERMAP 942 R+1C24 BOSS 1 1 0 1 0 0 245.62919660720178 -0.0911769140968266 143.1 242.237557538929 -40.41569738199007 13.349118 23.216146 212.02651977539062 14.487143714435831 -999.0 -999.0 -999.0 212.0265197753906 14.487143714435826 212.01684593175054 14.363378054577744 58.29064601538975 241.2836436022608 5400.0 5400.0 2015.5 1 183 {-999.0 -999.0 -999.0 -999.0 -999.0} "" -999.0 -999.0 -999.0 -999.0 27021603099594535 806480605 "" ops_sky_boss_good ops_sky sky_boss 0 0 0.0 0.0 -999 ""
FIBERMAP 942 R+1C24 METROLOGY 0 0 0 1 0 0 245.52204497747093 0.6525996431396592 143.1 242.253987231789 -39.66455409374079 13.349118 23.216146 -999.0 -999.0 -999.0 -999.0 -999.0 212.026647777722 14.490568201272529 212.01694096663925 14.366778547767838 58.292921014609824 241.2884554379354 -999.0 6231.0 -999.0 -1 -999 {-999.0 -999.0 -999.0 -999.0 -999.0} "" -999.0 -999.0 -999.0 -999.0 -999 -999 "" "" "" "" 0 0 0.0 0.0 -999 ""
FIBERMAP 943 R-4C19 APOGEE 0 0 0 1 0 0 174.29756014355945 -79.0016714801609 143.1 158.93151662057628 -106.53065214651666 27.973787 81.48027 -999.0 -999.0 -999.0 -999.0 -999.0 211.6373395081945 14.188596051426726 211.62831191835517 14.064349247829629 57.81003171483953 241.31554711524757 -999.0 16600.0 -999.0 2 223 {-999.0 -999.0 -999.0 -999.0 -999.0} "" -999.0 -999.0 -999.0 -999.0 -999 -999 "" "" "" "" 0 0 0.0 0.0 -999 ""
FIBERMAP 943 R-4C19 BOSS 1 1 0 1 0 0 174.55029326788062 -79.70513928897515 143.1 159.06528473335035 -107.26594141675145 27.973787 81.48027 211.63787841796875 14.18515218061846 -999.0 -999.0 -999.0 211.63787841796872 14.18515218061846 211.6289558929847 14.060990503965101 57.80832567026912 241.30999117287286 5400.0 5400.0 2015.5 1 291 {-999.0 -999.0 -999.0 -999.0 -999.0} "" -999.0 -999.0 -999.0 -999.0 27021603099594125 806480521 "" ops_sky_boss_good ops_sky sky_boss 0 0 0.0 0.0 -999 ""
FIBERMAP 943 R-4C19 METROLOGY 0 0 0 1 0 0 173.81833973416326 -79.57153948218702 143.1 158.36532691279186 -107.01401092859653 27.973787 81.48027 -999.0 -999.0 -999.0 -999.0 -999.0 211.63464693599448 14.186325504811757 211.6256969961612 14.062135854610743 57.80666542869198 241.31547936047167 -999.0 6231.0 -999.0 -1 -999 {-999.0 -999.0 -999.0 -999.0 -999.0} "" -999.0 -999.0 -999.0 -999.0 -999 -999 "" "" "" "" 0 0 0.0 0.0 -999 ""
FIBERMAP 944 R-1C11 APOGEE 1 1 0 1 0 0 -45.827651023075745 -24.16663616556864 143.1 -49.16517543413206 -16.310736783409183 319.2291 133.00226 210.66209441020234 14.600247415872703 -1.5379535 -1.3307459 0.40398282 210.66208990794115 14.600243645997177 210.6533260135677 14.474700425059575 57.34811396207512 243.03309563155815 16000.0 16600.0 2016.0 2 282 {-999.0 13.111801 12.411361 12.156078 -999.0} sdss_psfmag_from_g3xp 12.927207 12.447669 11.809572 10.507 63050394841208166 1107635087 bright_flexible_2x1 mwm_tess_rgb_apogee mwm_tessrgb science 0 0 0.0 0.0 -999 ""
FIBERMAP 944 R-1C11 BOSS 0 0 0 1 0 0 -45.831434396894885 -24.902043049144872 143.1 -49.28964102692121 -17.035412882304616 319.2291 133.00226 -999.0 -999.0 -999.0 -999.0 -999.0 210.661370859789 14.59685065219857 210.65271680061733 14.471390378502925 57.345561474495184 243.0290396108498 -999.0 5400.0 -999.0 1 440 {-999.0 -999.0 -999.0 -999.0 -999.0} "" -999.0 -999.0 -999.0 -999.0 -999 -999 "" "" "" "" 0 0 0.0 0.0 -999 ""
FIBERMAP 944 R-1C11 METROLOGY 0 0 0 1 0 0 -46.47623108157794 -24.544827160993403 143.1 -49.86692833918042 -16.577249202173142 319.2291 133.00226 -999.0 -999.0 -999.0 -999.0 -999.0 210.6586895317496 14.598964056404853 210.65000527929487 14.473476510632524 57.34485023464165 243.03511303642952 -999.0 6231.0 -999.0 -1 -999 {-999.0 -999.0 -999.0 -999.0 -999.0} "" -999.0 -999.0 -999.0 -999.0 -999 -999 "" "" "" "" 0 0 0.0 0.0 -999 ""
FIBERMAP 948 R-8C9 APOGEE 0 0 0 1 0 0 -32.598421653950595 -136.71024935484328 143.1 -54.59447324948966 -129.4790975358495 180.8523 39.904583 -999.0 -999.0 -999.0 -999.0 -999.0 210.6368297760643 14.08564942567619 210.62878294464895 13.960219467082888 57.001951605233096 242.32958140130393 -999.0 16600.0 -999.0 2 -999 {-999.0 -999.0 -999.0 -999.0 -999.0} "" -999.0 -999.0 -999.0 -999.0 -999 -999 "" "" "" "" 0 0 0.0 0.0 -999 ""
FIBERMAP 948 R-8C9 BOSS 1 1 0 1 0 0 -32.03490773397796 -136.21821254588235 143.1 -53.95792662551057 -129.08633874963354 180.8523 39.904583 210.63968349782655 14.087288904473116 -999.0 -999.0 -999.0 210.63968349782652 14.087288904473114 210.63173684454753 13.96194691045844 57.00525907921594 242.32864029555012 5400.0 5400.0 2016.0 1 384 {-999.0 22.135208 20.834948 20.333294 19.976595} sdss_fiber2mag_from_lsdr10 nan nan nan -999.0 63050397665415746 1058147128 dark_flexible_2x2 bhm_spiders_clusters_lsdr10 bhm_spiders science 0 0 0.0 0.0 -999 ""
FIBERMAP 948 R-8C9 METROLOGY 0 0 0 1 0 0 -31.89235755701528 -136.95136233983308 143.1 -53.937699764206414 -129.83281285987985 180.8523 39.904583 -999.0 -999.0 -999.0 -999.0 -999.0 210.6398161113616 14.083937966062807 210.63184421926746 13.958572981650606 57.00317555273385 242.32376352553047 -999.0 6231.0 -999.0 -1 -999 {-999.0 -999.0 -999.0 -999.0 -999.0} "" -999.0 -999.0 -999.0 -999.0 -999 -999 "" "" "" "" 0 0 0.0 0.0 -999 ""
FIBERMAP 950 R-5C15 APOGEE 0 0 0 1 0 0 88.0174845347136 -101.69262450352186 143.1 70.11228489696583 -114.74478102059632 313.03995 137.13287 -999.0 -999.0 -999.0 -999.0 -999.0 211.2218478305271 14.15178817138933 211.2132194391436 14.02704329984776 57.479031796935374 241.7497025127318 -999.0 16600.0 -999.0 2 -999 {-999.0 -999.0 -999.0 -999.0 -999.0} "" -999.0 -999.0 -999.0 -999.0 -999 -999 "" "" "" "" 0 0 0.0 0.0 -999 ""
FIBERMAP 950 R-5C15 BOSS 1 1 0 1 0 0 88.03124015084195 -102.42967290414016 143.1 70.00484769183298 -115.47395550571153 313.03995 137.13287 211.2212593023281 14.14834644070114 -0.91372216 0.6690238 0.42813984 211.2212566328657 14.148348335981357 211.21273594963952 14.023687839478859 57.47650661206796 241.74550094065611 5400.0 5400.0 2016.0 1 315 {-999.0 20.208815 20.168472 20.000557 19.829678} sdss_psfmag_from_lsdr10 20.088118 19.93548 19.790401 -999.0 63050394841189880 1059081485 dark_flexible_2x2 bhm_spiders_agn_lsdr10 bhm_spiders science 0 0 0.0 0.0 -999 ""
FIBERMAP 950 R-5C15 METROLOGY 0 0 0 1 0 0 87.38195381623005 -102.08347317804383 143.1 69.42132388847686 -115.02591946722524 313.03995 137.13287 -999.0 -999.0 -999.0 -999.0 -999.0 211.218554303193 14.150416771134035 211.21000400470098 14.025728554379077 57.47580094736475 241.7515827268916 -999.0 6231.0 -999.0 -1 -999 {-999.0 -999.0 -999.0 -999.0 -999.0} "" -999.0 -999.0 -999.0 -999.0 -999 -999 "" "" "" "" 0 0 0.0 0.0 -999 ""
FIBERMAP 951 R+2C24 APOGEE 0 0 0 1 0 0 238.70917278023458 35.88224754275814 143.1 241.31854189512956 -3.8007167655836405 138.20876 163.85938 -999.0 -999.0 -999.0 -999.0 -999.0 212.02362662082967 14.653075654310335 212.01362243082542 14.529178391736684 58.39555091674734 241.5283525785917 -999.0 16600.0 -999.0 2 -999 {-999.0 -999.0 -999.0 -999.0 -999.0} "" -999.0 -999.0 -999.0 -999.0 -999 -999 "" "" "" "" 0 0 0.0 0.0 -999 ""
FIBERMAP 951 R+2C24 BOSS 1 1 0 1 0 0 238.3063976731396 36.50681049947398 143.1 241.023840354421 -3.1186147421163097 138.20876 163.85938 212.02227341113814 14.656092387890755 -20.209856 -0.16627072 0.5212232 212.0222142330144 14.656091916854296 212.01230616387008 14.53227321234138 58.396576174344574 241.53443206568176 5400.0 5400.0 2016.0 1 185 {-999.0 18.260763 17.93666 17.817062 -999.0} sdss_psfmag 18.272707 17.933365 17.522516 -999.0 63050394841198632 976659416 "" ops_std_boss ops_std standard_boss 0 0 0.0 0.0 -999 ""
FIBERMAP 951 R+2C24 METROLOGY 0 0 0 1 0 0 239.04928882896778 36.54631309216266 143.1 241.76300424225883 -3.2016181398054098 138.20876 163.85938 -999.0 -999.0 -999.0 -999.0 -999.0 212.02565057145483 14.655718952316647 212.01571196535838 14.53188162224647 58.39884088633045 241.52979944745704 -999.0 6231.0 -999.0 -1 -999 {-999.0 -999.0 -999.0 -999.0 -999.0} "" -999.0 -999.0 -999.0 -999.0 -999 -999 "" "" "" "" 0 0 0.0 0.0 -999 ""
FIBERMAP 954 R+12C12 APOGEE 0 0 0 1 0 0 99.229016761172 241.46538064508658 143.1 137.5070993379776 221.8551880250212 42.84331 116.95748 -999.0 -999.0 -999.0 -999.0 -999.0 211.5412985421308 15.676668300404554 211.53028024357752 15.55189185510529 58.68388381585661 243.61042342584682 -999.0 16600.0 -999.0 2 -999 {-999.0 -999.0 -999.0 -999.0 -999.0} "" -999.0 -999.0 -999.0 -999.0 -999 -999 "" "" "" "" 0 0 0.0 0.0 -999 ""
FIBERMAP 954 R+12C12 BOSS 1 1 0 1 0 0 99.92511122884993 241.2138155911718 143.1 138.15232429531017 221.49280106456854 42.84331 116.95748 211.54422931850772 15.674947939572984 -0.5091884 -0.4344315 -0.35223913 211.54422782030773 15.674946708870264 211.53331007208027 15.550251803072324 58.68514354079623 243.60445490150178 5400.0 5400.0 2016.0 1 101 {-999.0 19.486927 19.268148 19.31095 19.12204} sdss_psfmag 19.620502 19.435478 19.07126 -999.0 63050394841220951 1060491962 dark_flexible_2x2 bhm_aqmes_bonus_faint bhm_filler science 0 0 0.0 0.0 -999 ""
FIBERMAP 954 R+12C12 METROLOGY 0 0 0 1 0 0 99.36513852958649 240.73180526063345 143.1 137.52091629158596 221.10934954839368 42.84331 116.95748 -999.0 -999.0 -999.0 -999.0 -999.0 211.54130432258916 15.67328098133716 211.53036302473515 15.548560994585758 58.681869523802085 243.6053173999055 -999.0 6231.0 -999.0 -1 -999 {-999.0 -999.0 -999.0 -999.0 -999.0} "" -999.0 -999.0 -999.0 -999.0 -999 -999 "" "" "" "" 0 0 0.0 0.0 -999 ""
FIBERMAP 956 R+10C8 APOGEE 0 0 0 1 0 0 -23.620425817871485 183.6905611727773 143.1 6.861383861349283 185.04320777398948 240.06964 139.2101 -999.0 -999.0 -999.0 -999.0 -999.0 210.9271279959239 15.51475184448713 210.91688507693004 15.389273644536443 58.11979775943739 244.0690226922639 -999.0 16600.0 -999.0 2 -999 {-999.0 -999.0 -999.0 -999.0 -999.0} "" -999.0 -999.0 -999.0 -999.0 -999 -999 "" "" "" "" 0 0 0.0 0.0 -999 ""
FIBERMAP 956 R+10C8 BOSS 1 1 0 1 0 0 -24.318145314099034 183.43017209131696 143.1 6.1305069772029 184.9009452308258 240.06964 139.2101 210.92393589572612 15.514141954775445 -227.94884 -18.239628 2.686346 210.92358023600735 15.514090282650606 210.91344515473224 15.388686936897193 58.11683248498789 244.07204654120048 5400.0 5400.0 2016.0 1 120 {-999.0 17.357817 16.377174 15.96854 -999.0} sdss_psfmag 17.035202 16.376337 15.603385 14.311 63050394841219059 1136102157 dark_flexible_3x1 mwm_halo_local_high_boss_triple mwm_halo science 0 0 1.0910013914108276 0.0 -999 ""
FIBERMAP 956 R+10C8 METROLOGY 0 0 0 1 0 0 -24.194398812900925 184.16723399714297 143.1 6.373558272070672 185.607558849004 240.06964 139.2101 -999.0 -999.0 -999.0 -999.0 -999.0 210.924759344325 15.517287699236187 210.9145891348419 15.391862421853903 58.119667262952184 244.07546720797018 -999.0 6231.0 -999.0 -1 -999 {-999.0 -999.0 -999.0 -999.0 -999.0} "" -999.0 -999.0 -999.0 -999.0 -999 -999 "" "" "" "" 0 0 0.0 0.0 -999 ""
FIBERMAP 962 R-1C12 APOGEE 0 0 0 1 0 0 -50.314772755896975 -18.520437351251402 143.1 -52.66365709295157 -10.00549048182936 200.17424 90.72975 -999.0 -999.0 -999.0 -999.0 -999.0 210.64563183731008 14.628970532643807 210.63684324568032 14.50339972268325 57.35391988676276 243.09300499517843 -999.0 16600.0 -999.0 2 -999 {-999.0 -999.0 -999.0 -999.0 -999.0} "" -999.0 -999.0 -999.0 -999.0 -999 -999 "" "" "" "" 0 0 0.0 0.0 -999 ""
FIBERMAP 962 R-1C12 BOSS 1 1 0 1 0 0 -50.59489166660452 -17.836186813304682 143.1 -52.827589483264255 -9.284658285253345 200.17424 90.72975 210.64472918922215 14.632162597483374 -1.3243775 1.3422701 2.4700663 210.64472531162764 14.632166400005781 210.63603821258496 14.506676488301915 57.355388834929336 243.09862373536674 5400.0 5400.0 2016.0 1 439 {-999.0 20.733295 20.440893 20.359314 20.313908} sdss_psfmag_from_lsdr10 20.518433 20.406412 19.98368 -999.0 63050394841208183 1059083996 dark_flexible_2x2 bhm_spiders_agn_lsdr10 bhm_spiders science 0 0 0.0 0.0 -999 ""
FIBERMAP 962 R-1C12 METROLOGY 0 0 0 1 0 0 -49.855166217020866 -17.932709684781543 143.1 -52.11387954199119 -9.501297477231883 200.17424 90.72975 -999.0 -999.0 -999.0 -999.0 -999.0 210.64811993902092 14.631203173968439 210.63940118606797 14.505694008717516 57.35728916181963 243.0933954277521 -999.0 6231.0 -999.0 -1 -999 {-999.0 -999.0 -999.0 -999.0 -999.0} "" -999.0 -999.0 -999.0 -999.0 -999 -999 "" "" "" "" 0 0 0.0 0.0 -999 ""
FIBERMAP 963 R+9C11 APOGEE 0 0 0 1 0 0 37.47800653280473 185.94256237602787 143.1 67.48961328446111 177.23351489961 62.757645 124.731026 -999.0 -999.0 -999.0 -999.0 -999.0 211.21273253222847 15.478585079743628 211.20228385981375 15.353461793258058 58.31300049684951 243.69080761057535 -999.0 16600.0 -999.0 2 28 {-999.0 -999.0 -999.0 -999.0 -999.0} "" -999.0 -999.0 -999.0 -999.0 -999 -999 "" "" "" "" 0 0 0.0 0.0 -999 ""
FIBERMAP 963 R+9C11 BOSS 1 1 0 1 0 0 38.210517706596846 186.06063292425517 143.1 68.23143865043919 177.2297034986271 62.757645 124.731026 211.2161510831312 15.478543929032528 -3.1837 -8.142198 0.16201584 211.21614172458533 15.47852086296815 211.20579224735823 15.353480371082156 58.31565663679993 243.68681794553277 5400.0 5400.0 2016.0 1 133 {-999.0 18.166616 17.726116 17.607553 -999.0} sdss_psfmag_ps1 18.107746 17.78246 17.332253 16.85 63050394841220766 976659551 "" ops_std_boss ops_std standard_boss 0 0 0.0 0.0 -999 ""
FIBERMAP 963 R+9C11 METROLOGY 0 0 0 1 0 0 37.92867657479454 185.34250690600436 143.1 67.83557482405723 176.5677203848052 62.757645 124.731026 -999.0 -999.0 -999.0 -999.0 -999.0 211.21430269995196 15.475556534106113 211.2039300476065 15.350492341698915 58.3123892260105 243.68450398082922 -999.0 6231.0 -999.0 -1 -999 {-999.0 -999.0 -999.0 -999.0 -999.0} "" -999.0 -999.0 -999.0 -999.0 -999 -999 "" "" "" "" 0 0 0.0 0.0 -999 ""
FIBERMAP 964 R+8C14 APOGEE 0 0 0 1 0 0 81.97994507274544 159.131949660316 143.1 106.97819390633171 143.4854349119879 100.08876 157.64058 -999.0 -999.0 -999.0 -999.0 -999.0 211.39841753866068 15.325044202472686 211.3880165768153 15.200189199079338 58.3567996630681 243.24947121853904 -999.0 16600.0 -999.0 2 -999 {-999.0 -999.0 -999.0 -999.0 -999.0} "" -999.0 -999.0 -999.0 -999.0 -999 -999 "" "" "" "" 0 0 0.0 0.0 -999 ""
FIBERMAP 964 R+8C14 BOSS 1 1 0 1 0 0 82.13083782669831 159.89016546572796 143.1 107.25149118085109 144.2084549347079 100.08876 157.64058 211.3993156784796 15.328349648336227 0.7537092 -27.600279 0.51074135 211.3996356879335 15.328271459395815 211.38933066916178 15.20349612605639 58.35986357076838 243.25285786694832 5400.0 5400.0 2016.0 1 161 {-999.0 16.462933 16.06841 15.934757 -999.0} sdss_psfmag 16.384975 16.083935 15.604663 14.775 63050394841219633 1136102194 dark_flexible_3x1 mwm_halo_local_high_boss_triple mwm_halo science 0 0 1.1033657789230347 0.0 -999 ""
FIBERMAP 964 R+8C14 METROLOGY 0 0 0 1 0 0 82.68450395985005 159.3774262480259 143.1 107.71336792568172 143.6118671179235 100.08876 157.64058 -999.0 -999.0 -999.0 -999.0 -999.0 211.4018274897209 15.325573021709015 211.39149549163312 15.200778689832735 58.35978218006545 243.24632576857573 -999.0 6231.0 -999.0 -1 -999 {-999.0 -999.0 -999.0 -999.0 -999.0} "" -999.0 -999.0 -999.0 -999.0 -999 -999 "" "" "" "" 0 0 0.0 0.0 -999 ""
FIBERMAP 965 R+5C15 APOGEE 0 0 0 1 0 0 77.44773414040142 117.94526503644042 143.1 95.74653041748101 103.609012953155 153.58768 39.0975 -999.0 -999.0 -999.0 -999.0 -999.0 211.34542348150387 15.144632475277765 211.3353195168985 15.019762436103642 58.20370302305922 243.04370791064673 -999.0 16600.0 -999.0 2 -999 {-999.0 -999.0 -999.0 -999.0 -999.0} "" -999.0 -999.0 -999.0 -999.0 -999 -999 "" "" "" "" 0 0 0.0 0.0 -999 ""
FIBERMAP 965 R+5C15 BOSS 1 1 0 1 0 0 78.17184654992053 118.12939464450591 143.1 96.49091761590793 103.67173135005224 153.58768 39.0975 211.3488726063014 15.144880577019636 -3.2576876 -6.9002204 0.28954473 211.34886304552384 15.14486102935747 211.33885745009684 15.02007498794959 58.20655191608582 243.04007775912464 5400.0 5400.0 2016.0 1 213 {-999.0 17.330896 17.008902 16.838514 -999.0} sdss_psfmag 17.266483 16.9616 16.489737 15.743 63050394841217081 976659521 "" ops_std_boss ops_std standard_boss 0 0 0.0 0.0 -999 ""
FIBERMAP 965 R+5C15 METROLOGY 0 0 0 1 0 0 77.97244429123593 117.41484893739832 143.1 96.17694716530745 102.99974506083214 153.58768 39.0975 -999.0 -999.0 -999.0 -999.0 -999.0 211.34740345071154 15.141833482029343 211.33737452487867 15.017023862012836 58.20351596771796 243.0372987079368 -999.0 6231.0 -999.0 -1 -999 {-999.0 -999.0 -999.0 -999.0 -999.0} "" -999.0 -999.0 -999.0 -999.0 -999 -999 "" "" "" "" 0 0 0.0 0.0 -999 ""
FIBERMAP 971 R+4C2 APOGEE 0 0 0 1 0 0 -221.02605732281148 94.79913985304928 143.1 -202.42411239013185 129.78252738480012 112.7549 79.34229 -999.0 -999.0 -999.0 -999.0 -999.0 209.94383756092338 15.261547881054824 209.93481707218837 15.134977408598889 57.217741809225615 244.78984279934264 -999.0 16600.0 -999.0 2 -999 {-999.0 -999.0 -999.0 -999.0 -999.0} "" -999.0 -999.0 -999.0 -999.0 -999 -999 "" "" "" "" 0 0 0.0 0.0 -999 ""
FIBERMAP 971 R+4C2 BOSS 1 1 0 1 0 0 -220.2946069076373 94.95797224913206 143.1 -201.67664119041896 129.81909162592845 112.7549 79.34229 209.94718440073757 15.261676944281454 -999.0 -999.0 -999.0 209.94718440073754 15.261676944281458 209.93826805706541 15.1351912765393 57.22049893393393 244.78636684058185 5400.0 5400.0 2016.0 1 72 {-999.0 22.045734 21.799517 21.452744 21.376244} sdss_fiber2mag_from_lsdr10 nan nan nan -999.0 63050397656480648 1059086566 dark_flexible_2x2 bhm_spiders_agn_lsdr10 bhm_spiders science 0 0 0.0 0.0 -999 ""
FIBERMAP 971 R+4C2 METROLOGY 0 0 0 1 0 0 -220.51760983986787 94.25311500233265 143.1 -202.01229728834588 129.16053521172554 112.7549 79.34229 -999.0 -999.0 -999.0 -999.0 -999.0 209.94564952101132 15.2587105842534 209.9367081340181 15.132201017233243 57.21747147693951 244.78372636366868 -999.0 6231.0 -999.0 -1 -999 {-999.0 -999.0 -999.0 -999.0 -999.0} "" -999.0 -999.0 -999.0 -999.0 -999 -999 "" "" "" "" 0 0 0.0 0.0 -999 ""
FIBERMAP 973 R+9C14 APOGEE 0 0 1 1 0 0 101.36330975005416 182.1486712398379 143.1 129.8738278536724 163.00351271545995 9.986703 170.08414 -999.0 -999.0 -999.0 -999.0 -999.0 211.5059183960073 15.412454801570176 211.49530050259398 15.287707359674068 58.4923128804218 243.25543086219392 -999.0 16600.0 -999.0 2 39 {-999.0 -999.0 -999.0 -999.0 -999.0} "" -999.0 -999.0 -999.0 -999.0 -999 -999 "" "" "" "" 0 0 0.0 0.0 -999 ""
FIBERMAP 973 R+9C14 BOSS 1 0 1 1 0 0 102.11271289006346 182.1803127960783 143.1 130.61812363241995 162.91168725276012 9.986703 170.08414 211.59942626953122 15.38837571194756 -999.0 -999.0 -999.0 211.50933823310768 15.411969715774797 211.49881900636126 15.28730518405151 58.49470251465653 243.25075518004684 5400.0 5400.0 2015.5 1 162 {-999.0 -999.0 -999.0 -999.0 -999.0} "" -999.0 -999.0 -999.0 -999.0 27021603099611848 817239197 "" ops_sky_boss_good ops_sky sky_boss 0 0 0.0 0.0 -999 ""
FIBERMAP 973 R+9C14 METROLOGY 0 0 1 1 0 0 101.75499342328116 181.51778192402355 143.1 130.1565518149946 162.3169922196159 9.986703 170.08414 -999.0 -999.0 -999.0 -999.0 -999.0 211.50719724554645 15.409319048945477 211.49665499141565 15.284630359288462 58.491398503071494 243.24927834632445 -999.0 6231.0 -999.0 -1 -999 {-999.0 -999.0 -999.0 -999.0 -999.0} "" -999.0 -999.0 -999.0 -999.0 -999 -999 "" "" "" "" 0 0 0.0 0.0 -999 ""
FIBERMAP 975 R-1C21 APOGEE 0 0 0 1 0 0 188.44142356493245 -25.582750425489568 143.1 181.65090851177243 -56.168128009684715 50.80622 32.556213 -999.0 -999.0 -999.0 -999.0 -999.0 211.744969266188 14.41676371021579 211.73553321333407 14.292586058106183 58.03711370974327 241.5160077229403 -999.0 16600.0 -999.0 2 -999 {-999.0 -999.0 -999.0 -999.0 -999.0} "" -999.0 -999.0 -999.0 -999.0 -999 -999 "" "" "" "" 0 0 0.0 0.0 -999 ""
FIBERMAP 975 R-1C21 BOSS 1 1 0 1 0 0 188.38717735721983 -26.300123893390047 143.1 181.4796344055247 -56.866733945001485 50.80622 32.556213 211.74367200404802 14.413596045610518 -5.6471024 -34.724934 0.5429446 211.74409913791877 14.413497673206539 211.7347687177541 14.28940231599791 58.03448957315218 241.51232599234783 5400.0 5400.0 2016.0 1 270 {-999.0 15.078149 14.725279 14.604657 -999.0} sdss_psfmag_from_g3xp 15.023249 14.729954 14.272662 13.459 63050394841198396 1135937599 dark_flexible_3x1 mwm_halo_local_high_boss_triple mwm_halo science 0 0 1.546873688697815 0.0 -999 ""
FIBERMAP 975 R-1C21 METROLOGY 0 0 0 1 0 0 187.75938588258944 -25.885217911967004 143.1 180.92858970954208 -56.35446504134923 50.80622 32.556213 -999.0 -999.0 -999.0 -999.0 -999.0 211.7415690484243 14.415855683438945 211.73220902776097 14.291733150490622 58.03410518410345 241.51871427988334 -999.0 6231.0 -999.0 -1 -999 {-999.0 -999.0 -999.0 -999.0 -999.0} "" -999.0 -999.0 -999.0 -999.0 -999 -999 "" "" "" "" 0 0 0.0 0.0 -999 ""
FIBERMAP 979 R+3C7 APOGEE 0 0 0 1 0 0 -111.0891192903999 49.00729728972547 143.1 -101.5162812677 66.57146833245744 340.07373 99.72007 -999.0 -999.0 -999.0 -999.0 -999.0 210.4158610848392 14.977392213198597 210.40680225542144 14.851452583149944 57.39962718596142 243.8545876990613 -999.0 16600.0 -999.0 2 125 {-999.0 -999.0 -999.0 -999.0 -999.0} "" -999.0 -999.0 -999.0 -999.0 -999 -999 "" "" "" "" 0 0 0.0 0.0 -999 ""
FIBERMAP 979 R+3C7 BOSS 1 1 0 1 0 0 -111.22199568363799 48.27928884903268 143.1 -101.76685060785636 65.87528260639537 340.07373 99.72007 210.41452949977557 14.974173092582795 -0.12240397 -0.33867243 0.13541217 210.41452914082785 14.974172133156316 210.40558130952348 14.848313425630476 57.396744784914574 243.85140604047544 5400.0 5400.0 2016.0 1 43 {-999.0 20.39215 20.104544 19.956331 19.835926} sdss_psfmag_from_lsdr10 20.02698 19.912098 19.417227 -999.0 63050394841217945 1059085281 dark_flexible_2x2 bhm_spiders_agn_lsdr10 bhm_spiders science 0 0 0.0 0.0 -999 ""
FIBERMAP 979 R+3C7 METROLOGY 0 0 0 1 0 0 -111.79145863694849 48.75221922180742 143.1 -102.25084256596735 66.43520224862311 340.07373 99.72007 -999.0 -999.0 -999.0 -999.0 -999.0 210.41229341721706 14.97673099461299 210.40331424667272 14.850845804690493 57.3966152596555 243.857616668165 -999.0 6231.0 -999.0 -1 -999 {-999.0 -999.0 -999.0 -999.0 -999.0} "" -999.0 -999.0 -999.0 -999.0 -999 -999 "" "" "" "" 0 0 0.0 0.0 -999 ""
FIBERMAP 983 R+6C5 APOGEE 0 0 0 1 0 0 -127.8396996833599 105.73683010341735 143.1 -108.72311225580036 125.27113824057112 299.95883 120.956955 -999.0 -999.0 -999.0 -999.0 -999.0 210.38227355515846 15.243761309020805 210.37288570641329 15.11770871216298 57.5396527358952 244.28010584461694 -999.0 16600.0 -999.0 2 150 {-999.0 -999.0 -999.0 -999.0 -999.0} "" -999.0 -999.0 -999.0 -999.0 -999 -999 "" "" "" "" 0 0 0.0 0.0 -999 ""
FIBERMAP 983 R+6C5 BOSS 1 1 0 1 0 0 -128.1858227660785 105.07078155275765 143.1 -109.173824614086 124.671070068937 299.95883 120.956955 210.38000122465607 15.241019633882654 1.7285634 -8.039462 0.04196463 210.38000630001767 15.240996858858272 210.37072974791843 15.115022890294323 57.53635469426217 244.2785827088602 5400.0 5400.0 2016.0 1 49 {-999.0 18.34675 17.992392 17.889194 -999.0} sdss_psfmag 18.299633 18.009607 17.587118 -999.0 63050394841222347 976203712 "" ops_std_boss ops_std standard_boss 0 0 0.0 0.0 -999 ""
FIBERMAP 983 R+6C5 METROLOGY 0 0 0 1 0 0 -128.58886906130738 105.70413248786895 143.1 -109.46735086283793 125.36188378412835 299.95883 120.956955 -999.0 -999.0 -999.0 -999.0 -999.0 210.378669596255 15.244136700193089 210.3693601365801 15.118137458344444 57.537247554487294 244.28466311248488 -999.0 6231.0 -999.0 -1 -999 {-999.0 -999.0 -999.0 -999.0 -999.0} "" -999.0 -999.0 -999.0 -999.0 -999 -999 "" "" "" "" 0 0 0.0 0.0 -999 ""
FIBERMAP 985 R+9C10 APOGEE 0 0 0 1 0 0 -7.4133161030278245 183.11451773337106 143.1 22.75112306927585 181.81430733772967 209.58287 51.58915 -999.0 -999.0 -999.0 -999.0 -999.0 211.00200218237393 15.500034252185552 210.99171237383132 15.374650200509327 58.167279918012824 243.9624400029681 -999.0 16600.0 -999.0 2 10 {-999.0 -999.0 -999.0 -999.0 -999.0} "" -999.0 -999.0 -999.0 -999.0 -999 -999 "" "" "" "" 0 0 0.0 0.0 -999 ""
FIBERMAP 985 R+9C10 BOSS 1 1 0 1 0 0 -7.303733162839749 183.84293279781204 143.1 22.97878592881259 182.5147182624455 209.58287 51.58915 211.00300125441618 15.503175247578476 -6.5263352 -3.2246635 0.28409272 211.00298206784467 15.503166112415531 210.99279010048164 15.377861161618176 58.17008911213118 243.96598645612295 5400.0 5400.0 2016.0 1 126 {-999.0 17.0526 16.743084 16.64322 -999.0} sdss_psfmag 16.993526 16.73354 16.31236 15.364 63050394841219071 976203708 "" ops_std_boss ops_std standard_boss 0 0 0.0 0.0 -999 ""
FIBERMAP 985 R+9C10 METROLOGY 0 0 0 1 0 0 -6.714441090754114 183.3764577346096 143.1 23.483394204294864 181.95790977517385 209.58287 51.58915 -999.0 -999.0 -999.0 -999.0 -999.0 211.0053858302354 15.500660621318286 210.99516596330818 15.375336924871762 58.17031586549531 243.95953750485043 -999.0 6231.0 -999.0 -1 -999 {-999.0 -999.0 -999.0 -999.0 -999.0} "" -999.0 -999.0 -999.0 -999.0 -999 -999 "" "" "" "" 0 0 0.0 0.0 -999 ""
FIBERMAP 986 R+2C13 APOGEE 0 0 1 1 0 0 0.5918826986690492 46.38992814118879 143.1 8.199737080803946 45.65503334666525 9.999181 169.95537 -999.0 -999.0 -999.0 -999.0 -999.0 210.93257450378727 14.882321895633703 210.92319257649478 14.757024270024193 57.72892180323754 243.1331288448199 -999.0 16600.0 -999.0 2 -999 {-999.0 -999.0 -999.0 -999.0 -999.0} "" -999.0 -999.0 -999.0 -999.0 -999 -999 "" "" "" "" 0 0 0.0 0.0 -999 ""
FIBERMAP 986 R+2C13 BOSS 1 0 1 1 0 0 1.3450049662875272 46.38972902069038 143.1 8.942473468907227 45.53119434001944 9.999181 169.95537 210.98988067500304 14.822926787808257 -24.611355 -0.3752255 0.60282385 210.93597633402072 14.881697065835477 210.92669574022386 14.756485096027061 57.73120924339288 243.12834109715993 5400.0 5400.0 2016.0 1 105 {-999.0 15.682248 15.333622 15.207552 -999.0} sdss_psfmag 15.592241 15.306179 14.852401 13.975 63050394841216360 1136102772 dark_flexible_3x1 mwm_halo_local_high_boss_triple mwm_halo science 0 0 1.3463903665542603 0.0 -999 ""
FIBERMAP 986 R+2C13 METROLOGY 0 0 1 1 0 0 0.9751455686907818 45.74979412945803 143.1 8.472638266980136 44.9607777136246 9.999181 169.95537 -999.0 -999.0 -999.0 -999.0 -999.0 210.9337859667996 14.879120612938731 210.92448149438587 14.753883664952504 57.72790648295987 243.12709299105666 -999.0 6231.0 -999.0 -1 -999 {-999.0 -999.0 -999.0 -999.0 -999.0} "" -999.0 -999.0 -999.0 -999.0 -999 -999 "" "" "" "" 0 0 0.0 0.0 -999 ""
FIBERMAP 988 R+7C6 APOGEE 0 0 0 1 0 0 -102.5620098514277 156.93891868666793 143.1 -75.38689578891072 171.61942690955198 159.189 34.61768 -999.0 -999.0 -999.0 -999.0 -999.0 210.53951197191859 15.453912132015919 210.52969968923344 15.32798781961238 57.7886344909818 244.41389013881303 -999.0 16600.0 -999.0 2 -999 {-999.0 -999.0 -999.0 -999.0 -999.0} "" -999.0 -999.0 -999.0 -999.0 -999 -999 "" "" "" "" 0 0 0.0 0.0 -999 ""
FIBERMAP 988 R+7C6 BOSS 1 1 0 1 0 0 -101.72011554846252 157.09059271793882 143.1 -74.5316741889878 171.63079924641508 159.189 34.61768 210.543409928568 15.453944235896186 -999.0 -999.0 -999.0 210.54340992856797 15.453944235896188 210.5336989443865 15.328104017271704 57.791739390723755 244.40959146337187 5400.0 5400.0 2016.0 1 67 {-999.0 21.526634 21.13035 20.99698 20.84176} sdss_psfmag nan nan nan -999.0 63050396950685892 1060751571 dark_flexible_2x2 bhm_aqmes_bonus_faint bhm_filler science 0 0 0.0 0.0 -999 ""
FIBERMAP 988 R+7C6 METROLOGY 0 0 0 1 0 0 -102.03743379947859 156.40836996483995 143.1 -74.95663306963938 171.01005023307815 159.189 34.61768 -999.0 -999.0 -999.0 -999.0 -999.0 210.54143687400114 15.451149738391832 210.53170178918174 15.325285431507506 57.78848347403351 244.40766571718822 -999.0 6231.0 -999.0 -1 -999 {-999.0 -999.0 -999.0 -999.0 -999.0} "" -999.0 -999.0 -999.0 -999.0 -999 -999 "" "" "" "" 0 0 0.0 0.0 -999 ""
FIBERMAP 990 R+4C7 APOGEE 0 0 0 1 0 0 -96.25623023867423 68.64700222112688 143.1 -83.66298366833804 83.506020349033 8.134198 73.31571 -999.0 -999.0 -999.0 -999.0 -999.0 210.49989470616418 15.054534741879863 210.4906578931409 14.92867321713118 57.51114394452222 243.872657232686 -999.0 16600.0 -999.0 2 95 {-999.0 -999.0 -999.0 -999.0 -999.0} "" -999.0 -999.0 -999.0 -999.0 -999 -999 "" "" "" "" 0 0 0.0 0.0 -999 ""
FIBERMAP 990 R+4C7 BOSS 1 1 0 1 0 0 -96.33927126188397 67.90782703257014 143.1 -83.86623600912019 82.79063974382244 8.134198 73.31571 210.49879998452028 15.05128692344885 -3.1544576 -17.284843 0.16884084 210.49879073078606 15.051237957146506 210.48966447948408 14.925457227748621 57.50838679155124 243.8690947174125 5400.0 5400.0 2016.0 1 51 {-999.0 17.1663 16.818016 16.685112 16.64091} sdss_psfmag_from_gaia 17.107 16.8282 16.3507 15.493 63050394841217983 969424115 "" ops_std_boss_gdr2 ops_std standard_boss 0 0 0.0 0.0 -999 ""
FIBERMAP 990 R+4C7 METROLOGY 0 0 0 1 0 0 -96.94136285340137 68.34169771371495 143.1 -84.38882062014343 83.31739340251717 8.134198 73.31571 -999.0 -999.0 -999.0 -999.0 -999.0 210.49637039288237 15.053643859002648 210.48721326406962 14.927836580088432 57.50802121152345 243.8753074153748 -999.0 6231.0 -999.0 -1 -999 {-999.0 -999.0 -999.0 -999.0 -999.0} "" -999.0 -999.0 -999.0 -999.0 -999 -999 "" "" "" "" 0 0 0.0 0.0 -999 ""
FIBERMAP 991 R-3C20 APOGEE 0 0 0 1 0 0 175.84997297788007 -62.38630293843112 143.1 163.1903895080378 -90.39856031275137 288.34488 153.21259 -999.0 -999.0 -999.0 -999.0 -999.0 211.65777602309606 14.261679460430633 211.64862963829705 14.137437420482115 57.872450565878275 241.39600695878488 -999.0 16600.0 -999.0 2 226 {-999.0 -999.0 -999.0 -999.0 -999.0} "" -999.0 -999.0 -999.0 -999.0 -999 -999 "" "" "" "" 0 0 0.0 0.0 -999 ""
FIBERMAP 991 R-3C20 BOSS 1 1 0 1 0 0 175.7527182730701 -63.11831858530779 143.1 162.9742942875766 -91.10454629060631 288.34488 153.21259 211.65669190512583 14.258370207310017 -0.48612016 0.3114452 -0.15839113 211.65669048422305 14.258371089604388 211.64765024858085 14.13421181067042 57.86963607394241 241.39254745688075 5400.0 5400.0 2016.0 1 290 {-999.0 19.228249 19.014122 18.920858 18.813631} sdss_psfmag 19.28116 19.0406 18.606075 -999.0 63050394841197815 1060310415 dark_flexible_2x2 bhm_aqmes_bonus_core bhm_filler science 0 0 0.0 0.0 -999 ""
FIBERMAP 991 R-3C20 METROLOGY 0 0 0 1 0 0 175.1605846665958 -62.67315530630789 143.1 162.4633847128332 -90.56829010965988 288.34488 153.21259 -999.0 -999.0 -999.0 -999.0 -999.0 211.65434825634702 14.260834310168628 211.64527809548383 14.13664787901994 57.86946432919737 241.39883900395253 -999.0 6231.0 -999.0 -1 -999 {-999.0 -999.0 -999.0 -999.0 -999.0} "" -999.0 -999.0 -999.0 -999.0 -999 -999 "" "" "" "" 0 0 0.0 0.0 -999 ""
FIBERMAP 994 R+7C2 APOGEE 0 0 0 1 0 0 -193.60639045407046 154.027775951942 143.1 -165.6576193097266 183.69536683862898 139.39296 69.79212 -999.0 -999.0 -999.0 -999.0 -999.0 210.11621843071634 15.50592381425765 210.10671714431226 15.379487090855013 57.49879635704607 244.95871409670454 -999.0 16600.0 -999.0 2 -999 {-999.0 -999.0 -999.0 -999.0 -999.0} "" -999.0 -999.0 -999.0 -999.0 -999 -999 "" "" "" "" 0 0 0.0 0.0 -999 ""
FIBERMAP 994 R+7C2 BOSS 1 1 0 1 0 0 -192.96228818582392 154.42171904907698 143.1 -164.95769656296753 183.9781499485295 139.39296 69.79212 210.1193705675466 15.50721127266267 0.13565053 -17.786179 0.5450037 210.11937096634912 15.50716088612618 210.10997182202013 15.380807279021603 57.50208512806664 244.9570755518255 5400.0 5400.0 2016.0 1 70 {-999.0 16.669912 16.22225 16.065306 -999.0} sdss_psfmag 16.578775 16.253334 15.754277 14.805 63050394841222957 1136102273 dark_flexible_3x1 mwm_halo_local_high_boss_triple mwm_halo science 0 0 0.0 0.0 -999 ""
FIBERMAP 994 R+7C2 METROLOGY 0 0 0 1 0 0 -192.95748350530795 153.65956167687986 143.1 -165.07808387956737 183.22568117074547 139.39296 69.79212 -999.0 -999.0 -999.0 -999.0 -999.0 210.11882676365656 15.50379217355716 210.10940237993123 15.377416237099686 57.499572675906286 244.95271530264733 -999.0 6231.0 -999.0 -1 -999 {-999.0 -999.0 -999.0 -999.0 -999.0} "" -999.0 -999.0 -999.0 -999.0 -999 -999 "" "" "" "" 0 0 0.0 0.0 -999 ""
FIBERMAP 996 R-6C15 APOGEE 0 0 0 1 0 0 78.93711243676137 -114.8530033857158 143.1 58.99615708438042 -126.23348854841622 149.5718 136.55936 -999.0 -999.0 -999.0 -999.0 -999.0 211.1695277668702 14.099729693971875 211.16101467373187 13.974935878246711 57.406704627085716 241.73659222369156 -999.0 16600.0 -999.0 2 183 {-999.0 -999.0 -999.0 -999.0 -999.0} "" -999.0 -999.0 -999.0 -999.0 -999 -999 "" "" "" "" 0 0 0.0 0.0 -999 ""
FIBERMAP 996 R-6C15 BOSS 1 1 0 1 0 0 78.7473565771145 -114.13156599072988 143.1 58.92745061395189 -125.4908159103326 149.5718 136.55936 211.1691640993216 14.103007645167889 -8.022471 -15.964759 2.208163 211.16914066614046 14.102962418537466 211.16072648001878 13.97825168339644 57.408633595225176 241.74162588899608 5400.0 5400.0 2016.0 1 316 {-999.0 19.29472 17.918621 16.729301 -999.0} sdss_psfmag 18.813883 17.404598 16.251373 13.912 63050394841189840 1094755405 bright_1x1 mwm_bin_vis_boss mwm_filler science 0 0 0.0 0.0 -999 ""
FIBERMAP 996 R-6C15 METROLOGY 0 0 0 1 0 0 79.47766835568959 -114.32770193986852 143.1 59.61552247914801 -125.80415332256236 149.5718 136.55936 -999.0 -999.0 -999.0 -999.0 -999.0 211.17238486487736 14.10157161898932 211.16394044242975 13.976841207992194 57.41010263842086 241.73588621241737 -999.0 6231.0 -999.0 -1 -999 {-999.0 -999.0 -999.0 -999.0 -999.0} "" -999.0 -999.0 -999.0 -999.0 -999 -999 "" "" "" "" 0 0 0.0 0.0 -999 ""
FIBERMAP 999 R0C27 APOGEE 0 0 0 1 0 0 279.56165152258166 -16.313199989951777 143.1 273.04031795566766 -61.98552153182593 284.15216 57.2236 -999.0 -999.0 -999.0 -999.0 -999.0 212.1674266624081 14.389212012451617 212.15767292849625 14.26556810664103 58.33077214986861 240.97330768067206 -999.0 16600.0 -999.0 2 -999 {-999.0 -999.0 -999.0 -999.0 -999.0} "" -999.0 -999.0 -999.0 -999.0 -999 -999 "" "" "" "" 0 0 0.0 0.0 -999 ""
FIBERMAP 999 R0C27 BOSS 1 1 0 1 0 0 278.8599855337415 -16.098036704919654 143.1 272.383621867798 -61.65812122887153 284.15216 57.2236 212.16432437498298 14.390618646018051 -999.0 -999.0 -999.0 212.16432437498298 14.390618646018051 212.15466983744716 14.267052538324176 58.329531132929276 240.97906406555273 5400.0 5400.0 2016.0 1 174 {-999.0 19.977922 19.800076 19.925402 19.84895} sdss_psfmag nan nan nan -999.0 63050394841198100 1129000265 dark_1x4 bhm_aqmes_wide1_faint bhm_filler science 0 0 0.0 0.0 -999 ""
FIBERMAP 999 R0C27 METROLOGY 0 0 0 1 0 0 279.4017780985286 -15.584432215696264 143.1 273.00228657939465 -61.24052518563101 284.15216 57.2236 -999.0 -999.0 -999.0 -999.0 -999.0 212.16721059265151 14.392519745592907 212.15752304400348 14.268933457917301 58.33285434733131 240.97835122486367 -999.0 6231.0 -999.0 -1 -999 {-999.0 -999.0 -999.0 -999.0 -999.0} "" -999.0 -999.0 -999.0 -999.0 -999 -999 "" "" "" "" 0 0 0.0 0.0 -999 ""
FIBERMAP 1004 R-13C1 APOGEE 0 0 0 1 0 0 -131.02074142699783 -235.64995351150657 143.1 -167.90704413768532 -210.90035100954583 127.083534 13.702094 -999.0 -999.0 -999.0 -999.0 -999.0 210.1105993915689 13.720120337134519 210.10348139326118 13.59417221257469 56.37575963969097 242.4143102275823 -999.0 16600.0 -999.0 2 199 {-999.0 -999.0 -999.0 -999.0 -999.0} "" -999.0 -999.0 -999.0 -999.0 -999 -999 "" "" "" "" 0 0 0.0 0.0 -999 ""
FIBERMAP 1004 R-13C1 BOSS 1 1 0 1 0 0 -130.4405779091044 -236.10354017545836 143.1 -167.40932299396346 -211.44294960915093 127.083534 13.702094 210.1128193259275 13.717586897328962 -0.5573722 0.41845262 -0.016912447 210.11281770058486 13.717588082765065 210.10580828509524 13.591730451687996 56.37592635841101 242.4083071493848 5400.0 5400.0 2016.0 1 340 {-999.0 19.584156 19.178179 18.960123 18.78249} sdss_psfmag_from_lsdr10 19.333786 19.091772 18.582497 -999.0 63050394841187207 1059078912 dark_flexible_2x2 bhm_spiders_agn_lsdr10 bhm_spiders science 0 0 0.0 0.0 -999 ""
FIBERMAP 1004 R-13C1 METROLOGY 0 0 0 1 0 0 -131.12487457669658 -236.39478444461508 143.1 -168.13202717366954 -211.6178468440934 127.083534 13.702094 -999.0 -999.0 -999.0 -999.0 -999.0 210.10951447015222 13.716850848923599 210.10247849007135 13.590964861880924 56.372953267470784 242.41099929520777 -999.0 6231.0 -999.0 -1 -999 {-999.0 -999.0 -999.0 -999.0 -999.0} "" -999.0 -999.0 -999.0 -999.0 -999 -999 "" "" "" "" 0 0 0.0 0.0 -999 ""
FIBERMAP 1009 R-13C2 APOGEE 0 0 0 1 0 0 -112.49718792024885 -244.57035108177877 143.1 -151.1026261130033 -222.73919393968168 36.620003 117.18153 -999.0 -999.0 -999.0 -999.0 -999.0 210.18891036215186 13.666698405303476 210.18179836379966 13.540856932021176 56.39981944346376 242.25213433699136 -999.0 16600.0 -999.0 2 190 {-999.0 -999.0 -999.0 -999.0 -999.0} "" -999.0 -999.0 -999.0 -999.0 -999 -999 "" "" "" "" 0 0 0.0 0.0 -999 ""
FIBERMAP 1009 R-13C2 BOSS 1 1 0 1 0 0 -111.83530420163487 -244.90131406846373 143.1 -150.50417663526142 -223.17427085359674 36.620003 117.18153 210.1915439069769 13.664706305281374 16.187267 -21.090899 0.77958167 210.19159109973893 13.664646556786126 210.18458649956673 13.538896153967146 56.4006325436709 242.24627006133025 5400.0 5400.0 2016.0 1 341 {-999.0 17.449596 16.803755 16.621578 -999.0} sdss_psfmag 17.303587 16.865599 16.269543 15.205 63050394841187113 1136102175 dark_flexible_3x1 mwm_halo_local_high_boss_triple mwm_halo science 0 0 0.0 0.0 -999 ""
FIBERMAP 1009 R-13C2 METROLOGY 0 0 0 1 0 0 -112.46128430398927 -245.31543004252353 143.1 -151.1895381912234 -223.47992470052915 36.620003 117.18153 -999.0 -999.0 -999.0 -999.0 -999.0 210.18846232885585 13.663324507081919 210.1814317469308 13.537546038847884 56.39741604153397 242.24796938566078 -999.0 6231.0 -999.0 -1 -999 {-999.0 -999.0 -999.0 -999.0 -999.0} "" -999.0 -999.0 -999.0 -999.0 -999 -999 "" "" "" "" 0 0 0.0 0.0 -999 ""
FIBERMAP 1011 R+6C3 APOGEE 0 0 0 1 0 0 -187.81782848371364 130.5966542287082 143.1 -163.79539913684772 159.63602554026502 144.56119 89.27507 -999.0 -999.0 -999.0 -999.0 -999.0 210.12447764291446 15.397679356168327 210.11511372345035 15.27128191834449 57.43876234277605 244.79063269454957 -999.0 16600.0 -999.0 2 126 {-999.0 -999.0 -999.0 -999.0 -999.0} "" -999.0 -999.0 -999.0 -999.0 -999 -999 "" "" "" "" 0 0 0.0 0.0 -999 ""
FIBERMAP 1011 R+6C3 BOSS 1 1 0 1 0 0 -187.3836130487381 131.1928391721489 143.1 -163.269275178003 160.1527281026398 144.56119 89.27507 210.12681218758092 15.399972758762821 -0.064785756 -0.10008167 0.09043806 210.12681199721405 15.399972475241062 210.11754947320227 15.273657318437802 57.44207600400922 244.7914290840115 5400.0 5400.0 2016.0 1 27 {-999.0 18.869602 18.714375 18.579985 18.498404} sdss_psfmag_from_gaiadr2 18.811913 18.706203 18.280857 16.468 63050394841222722 1129369174 dark_flexible_3x1 bhm_gua_dark_d3 bhm_filler science 0 0 0.0 0.0 -999 ""
FIBERMAP 1011 R+6C3 METROLOGY 0 0 0 1 0 0 -187.06814791262937 130.51629116451784 143.1 -163.06921791727945 159.43368964044643 144.56119 89.27507 -999.0 -999.0 -999.0 -999.0 -999.0 210.12777122592595 15.396755560112732 210.11848197870358 15.270419688520537 57.440794673544865 244.78565688543983 -999.0 6231.0 -999.0 -1 -999 {-999.0 -999.0 -999.0 -999.0 -999.0} "" -999.0 -999.0 -999.0 -999.0 -999 -999 "" "" "" "" 0 0 0.0 0.0 -999 ""
FIBERMAP 1012 R+1C12 APOGEE 0 0 0 1 0 0 -21.290896368593295 32.620414608235095 143.1 -15.642806407024684 35.66737929947523 84.17429 73.7982 -999.0 -999.0 -999.0 -999.0 -999.0 210.82013354441358 14.836957291312324 210.81091138348552 14.711537262508259 57.61597535620078 243.19525462719304 -999.0 16600.0 -999.0 2 -999 {-999.0 -999.0 -999.0 -999.0 -999.0} "" -999.0 -999.0 -999.0 -999.0 -999 -999 "" "" "" "" 0 0 0.0 0.0 -999 ""
FIBERMAP 1012 R+1C12 BOSS 1 1 0 1 0 0 -20.57982335722639 32.345156139307015 143.1 -14.986698644266141 35.279165559883374 84.17429 73.7982 210.82311072777318 14.83512598447241 0.030750506 -0.3443553 -0.20832998 210.82311081789032 14.835125008946942 210.8139924069321 14.70979076435225 57.617186039401496 243.1892144089729 5400.0 5400.0 2016.0 1 22 {-999.0 20.111776 19.25769 19.055086 18.83699} sdss_psfmag 19.816578 19.247005 18.588387 -999.0 63050394841216502 1060310459 dark_flexible_2x2 bhm_aqmes_bonus_core bhm_filler science 0 0 0.0 0.0 -999 ""
FIBERMAP 1012 R+1C12 METROLOGY 0 0 0 1 0 0 -21.172583778017213 31.88375721743326 143.1 -15.647059791455023 34.921424977719596 84.17429 73.7982 -999.0 -999.0 -999.0 -999.0 -999.0 210.8200276150113 14.833517139563838 210.8108847031383 14.708156497628533 57.61382273858621 243.19038724527746 -999.0 6231.0 -999.0 -1 -999 {-999.0 -999.0 -999.0 -999.0 -999.0} "" -999.0 -999.0 -999.0 -999.0 -999 -999 "" "" "" "" 0 0 0.0 0.0 -999 ""
FIBERMAP 1013 R+10C15 APOGEE 0 0 0 1 0 0 116.53360826782848 199.41246843306672 143.1 147.66983575444337 177.53942500214004 200.4027 71.661095 -999.0 -999.0 -999.0 -999.0 -999.0 211.58925298113854 15.477230390571318 211.5784705929043 15.352567494156181 58.59546903948829 243.25574289423818 -999.0 16600.0 -999.0 2 68 {-999.0 -999.0 -999.0 -999.0 -999.0} "" -999.0 -999.0 -999.0 -999.0 -999 -999 "" "" "" "" 0 0 0.0 0.0 -999 ""
FIBERMAP 1013 R+10C15 BOSS 1 1 0 1 0 0 116.47870008834751 200.1514486088194 143.1 147.73700326750475 178.27726086139296 200.4027 71.661095 211.589534053768 15.480508278695323 -16.609888 -3.9487412 0.13854864 211.5894852282254 15.480497092285232 211.57879871903378 15.35591180877126 58.597813545201035 243.26036003072898 5400.0 5400.0 2016.0 1 228 {-999.0 16.980148 16.61898 16.479609 16.43037} sdss_psfmag_from_gaia 16.9392 16.6301 16.1663 15.299 63050394841219815 969424136 "" ops_std_boss_gdr2 ops_std standard_boss 0 0 0.0 0.0 -999 ""
FIBERMAP 1013 R+10C15 METROLOGY 0 0 0 1 0 0 117.1525972997946 199.8404814233128 143.1 148.35058386645466 177.85993257026703 200.4027 71.661095 -999.0 -999.0 -999.0 -999.0 -999.0 211.59238351282738 15.478607179612395 211.58166856440937 15.354003809322231 58.59877158292045 243.2541763306782 -999.0 6231.0 -999.0 -1 -999 {-999.0 -999.0 -999.0 -999.0 -999.0} "" -999.0 -999.0 -999.0 -999.0 -999 -999 "" "" "" "" 0 0 0.0 0.0 -999 ""
FIBERMAP 1016 R+1C16 APOGEE 1 1 0 1 0 0 52.34423807056667 -1.653225593000669 143.1 51.35324499614846 -10.2240288188076 323.78214 37.903957 211.1353650468736 14.627412016277983 -5.072026 -6.866397 0.6156482 211.1353501970057 14.62739256443425 211.12614216378608 14.502410296286863 57.7192764426735 242.53125565352468 16000.0 16600.0 2016.0 2 51 {-999.0 13.908485 13.247147 12.998693 -999.0} sdss_psfmag_from_g3xp 13.739071 13.278111 12.652092 11.372 63050394841199461 1107227003 bright_flexible_4x1 mwm_tess_rgb_apogee mwm_tessrgb science 0 0 0.0 0.0 -999 ""
FIBERMAP 1016 R+1C16 BOSS 0 0 0 1 0 0 51.603673899131465 -1.691507980284321 143.1 50.61657642883326 -10.140204018783665 323.78214 37.903957 -999.0 -999.0 -999.0 -999.0 -999.0 211.13181053888485 14.627694068320462 211.1227078057325 14.502789625603935 57.7169557552658 242.53577027887854 -999.0 5400.0 -999.0 1 190 {-999.0 -999.0 -999.0 -999.0 -999.0} "" -999.0 -999.0 -999.0 -999.0 -999 -999 "" "" "" "" 0 0 0.0 0.0 -999 ""
FIBERMAP 1016 R+1C16 METROLOGY 0 0 0 1 0 0 51.93598994175276 -1.0191693072291237 143.1 51.054704223335605 -9.531665446858893 323.78214 37.903957 -999.0 -999.0 -999.0 -999.0 -999.0 211.13390335495953 14.630486385739605 211.1247658753034 14.505560391119575 57.720256910439026 242.53739125422723 -999.0 6231.0 -999.0 -1 -999 {-999.0 -999.0 -999.0 -999.0 -999.0} "" -999.0 -999.0 -999.0 -999.0 -999 -999 "" "" "" "" 0 0 0.0 0.0 -999 ""
FIBERMAP 1017 R+5C18 APOGEE 0 0 0 1 0 0 164.401817422283 85.55675693067978 143.1 176.18792326152266 57.39020521057364 43.55962 19.926062 -999.0 -999.0 -999.0 -999.0 -999.0 211.72216170808187 14.932561700685321 211.71202432090092 14.808212647464691 58.350910743913346 242.29352669509618 -999.0 16600.0 -999.0 2 70 {-999.0 -999.0 -999.0 -999.0 -999.0} "" -999.0 -999.0 -999.0 -999.0 -999 -999 "" "" "" "" 0 0 0.0 0.0 -999 ""
FIBERMAP 1017 R+5C18 BOSS 1 1 0 1 0 0 163.9560086972062 84.98893551960914 143.1 175.65502192260223 56.9033795759813 43.55962 19.926062 211.71962116226555 14.930309747803118 -1.0268073 -1.6695951 -1.3276658 211.719618151785 14.930305018000398 211.70958634593455 14.806033778175191 58.34770568774216 242.29319494894224 5400.0 5400.0 2016.0 1 209 {-999.0 20.65853 20.49067 20.584883 20.35573} sdss_psfmag 20.983221 20.820795 20.729958 -999.0 63050394841200167 1060491875 dark_flexible_2x2 bhm_aqmes_bonus_faint bhm_filler science 0 0 0.0 0.0 -999 ""
FIBERMAP 1017 R+5C18 METROLOGY 0 0 0 1 0 0 163.664655724016 85.67020284583612 143.1 175.47952014079124 57.623113905055895 43.55962 19.926062 -999.0 -999.0 -999.0 -999.0 -999.0 211.71882697743735 14.933597011568631 211.70876289868727 14.809301109739682 58.34917706502793 242.2989576077699 -999.0 6231.0 -999.0 -1 -999 {-999.0 -999.0 -999.0 -999.0 -999.0} "" -999.0 -999.0 -999.0 -999.0 -999 -999 "" "" "" "" 0 0 0.0 0.0 -999 ""
FIBERMAP 1018 R-1C8 APOGEE 0 0 0 1 0 0 -125.15399702730781 -11.724808138761018 143.1 -125.35840344338763 8.983326990246578 39.470287 164.43344 -999.0 -999.0 -999.0 -999.0 -999.0 210.30396659252614 14.71522020139094 210.29535773270038 14.589221160593869 57.15136902122054 243.60128446093512 -999.0 16600.0 -999.0 2 -999 {-999.0 -999.0 -999.0 -999.0 -999.0} "" -999.0 -999.0 -999.0 -999.0 -999 -999 "" "" "" "" 0 0 0.0 0.0 -999 ""
FIBERMAP 1018 R-1C8 BOSS 1 1 0 1 0 0 -124.47944999901597 -11.418718974094892 143.1 -124.64287773788736 9.174465678752544 39.470287 164.43344 210.3071594238281 14.716016202635103 -999.0 -999.0 -999.0 210.30715942382807 14.716016202635101 210.29865269360266 14.590103489279443 57.15440482033437 243.59885899683096 5400.0 5400.0 2015.5 1 482 {-999.0 -999.0 -999.0 -999.0 -999.0} "" -999.0 -999.0 -999.0 -999.0 27021603099603320 817238603 "" ops_sky_boss_good ops_sky sky_boss 0 0 0.0 0.0 -999 ""
FIBERMAP 1018 R-1C8 METROLOGY 0 0 0 1 0 0 -124.54888138837465 -12.161267809326722 143.1 -124.83326139972601 8.453523464962016 39.470287 164.43344 -999.0 -999.0 -999.0 -999.0 -999.0 210.30631033993492 14.712757103516173 210.29777873404453 14.586820841766736 57.15168521646735 243.59512813675414 -999.0 6231.0 -999.0 -1 -999 {-999.0 -999.0 -999.0 -999.0 -999.0} "" -999.0 -999.0 -999.0 -999.0 -999 -999 "" "" "" "" 0 0 0.0 0.0 -999 ""
FIBERMAP 1019 R+3C24 APOGEE 0 0 0 1 0 0 242.38034305421039 71.67745917075565 143.1 250.81586516066872 30.89970885109182 190.80716 50.942577 -999.0 -999.0 -999.0 -999.0 -999.0 212.06843660471486 14.809910487650775 212.0581728402791 14.686025653826473 58.52961526726569 241.704474327553 -999.0 16600.0 -999.0 2 84 {-999.0 -999.0 -999.0 -999.0 -999.0} "" -999.0 -999.0 -999.0 -999.0 -999 -999 "" "" "" "" 0 0 0.0 0.0 -999 ""
FIBERMAP 1019 R+3C24 BOSS 1 1 0 1 0 0 242.73226839669945 72.3273490900111 143.1 251.26964719789402 31.482887947839917 190.80716 50.942577 212.0704650878906 14.812455223969877 -999.0 -999.0 -999.0 212.0704650878906 14.81245522396988 212.06029483576427 14.68865266016297 58.532877015714405 241.70579568928173 5400.0 5400.0 2015.5 1 246 {-999.0 -999.0 -999.0 -999.0 -999.0} "" -999.0 -999.0 -999.0 -999.0 27021603099596599 806480872 "" ops_sky_boss_good ops_sky sky_boss 0 0 0.0 0.0 -999 ""
FIBERMAP 1019 R+3C24 METROLOGY 0 0 0 1 0 0 243.12544117775423 71.69838639785957 143.1 251.5541560965508 30.798023118462797 190.80716 50.942577 -999.0 -999.0 -999.0 -999.0 -999.0 212.07178660279968 14.809367237660958 212.06159160687355 14.685544393751693 58.53183677457507 241.69969184373304 -999.0 6231.0 -999.0 -1 -999 {-999.0 -999.0 -999.0 -999.0 -999.0} "" -999.0 -999.0 -999.0 -999.0 -999 -999 "" "" "" "" 0 0 0.0 0.0 -999 ""
FIBERMAP 1025 R-7C7 APOGEE 1 1 0 1 0 0 -63.92643650901272 -126.34079074871529 143.1 -83.789432157276 -114.10896222784244 63.74127 82.965904 210.49991755081302 14.155548140800375 -1.8413475 -0.24900056 0.46615136 210.49991217109945 14.15554743540562 210.49188662719473 14.029935364519885 56.94450207371014 242.58384221496974 16000.0 16600.0 2016.0 2 294 {-999.0 13.375393 12.62654 12.333661 -999.0} sdss_psfmag_from_g3xp 13.167213 12.654234 11.984309 10.572 63050394841206958 1103864026 bright_flexible_2x1 mwm_tess_rgb_apogee mwm_tessrgb science 0 0 0.0 0.0 -999 ""
FIBERMAP 1025 R-7C7 BOSS 0 0 0 1 0 0 -63.301869948495764 -126.73425797149264 143.1 -83.23804836910371 -114.59955764693017 63.74127 82.965904 -999.0 -999.0 -999.0 -999.0 -999.0 210.5023599043994 14.153187298602479 210.4944408489199 14.027663675370935 56.94495736515509 242.57773583249156 -999.0 5400.0 -999.0 1 410 {-999.0 -999.0 -999.0 -999.0 -999.0} "" -999.0 -999.0 -999.0 -999.0 -999 -999 "" "" "" "" 0 0 0.0 0.0 -999 ""
FIBERMAP 1025 R-7C7 METROLOGY 0 0 0 1 0 0 -63.96236425701264 -127.08776554231018 143.1 -83.94749937760471 -114.83976996207619 63.74127 82.965904 -999.0 -999.0 -999.0 -999.0 -999.0 210.49907554061753 14.152134801560907 210.49113081644248 14.026583524987995 56.94179670592236 242.5799733503918 -999.0 6231.0 -999.0 -1 -999 {-999.0 -999.0 -999.0 -999.0 -999.0} "" -999.0 -999.0 -999.0 -999.0 -999 -999 "" "" "" "" 0 0 0.0 0.0 -999 ""
FIBERMAP 1028 R+9C8 APOGEE 0 0 0 1 0 0 -21.067924644062046 156.99061784442955 143.1 4.995375969455314 158.29125645509143 14.546381 31.598759 -999.0 -999.0 -999.0 -999.0 -999.0 210.91817533468284 15.39392511778351 210.90810603381578 15.268469281125018 58.03810514592946 243.89995158581962 -999.0 16600.0 -999.0 2 2 {-999.0 -999.0 -999.0 -999.0 -999.0} "" -999.0 -999.0 -999.0 -999.0 -999 -999 "" "" "" "" 0 0 0.0 0.0 -999 ""
FIBERMAP 1028 R+9C8 BOSS 1 1 0 1 0 0 -21.594450733884074 156.47223849093317 143.1 4.3909839586628285 157.8664448390484 14.546381 31.598759 210.91534896287894 15.392039884845055 -43.553978 -19.353767 1.2833606 210.91522098852585 15.39198505744339 210.90526054820563 15.266605581231122 58.0347966469415 243.90042276832867 5400.0 5400.0 2016.0 1 124 {-999.0 18.083406 16.942953 16.480658 -999.0} sdss_psfmag 17.70626 16.946259 16.140976 14.494 63050394841218847 1136776338 dark_flexible_3x1 mwm_halo_local_high_boss_triple mwm_halo science 0 0 0.0 0.0 -999 ""
FIBERMAP 1028 R+9C8 METROLOGY 0 0 0 1 0 0 -21.78361037890823 157.19078979773474 143.1 4.322391687846855 158.60617318150264 14.546381 31.598759 -999.0 -999.0 -999.0 -999.0 -999.0 210.91493125660634 15.395343837289484 210.90493701371497 15.26994054296607 58.0366276028295 243.90572097702966 -999.0 6231.0 -999.0 -1 -999 {-999.0 -999.0 -999.0 -999.0 -999.0} "" -999.0 -999.0 -999.0 -999.0 -999 -999 "" "" "" "" 0 0 0.0 0.0 -999 ""
FIBERMAP 1032 R+2C8 APOGEE 0 0 0 1 0 0 -112.83124283031486 16.68657505746426 143.1 -108.54065780336532 34.98107011513762 341.76282 22.513742 -999.0 -999.0 -999.0 -999.0 -999.0 210.38283276149454 14.83364016089943 210.3739962576044 14.707701249061731 57.28494285808293 243.68355233088846 -999.0 16600.0 -999.0 2 -999 {-999.0 -999.0 -999.0 -999.0 -999.0} "" -999.0 -999.0 -999.0 -999.0 -999 -999 "" "" "" "" 0 0 0.0 0.0 -999 ""
FIBERMAP 1032 R+2C8 BOSS 1 1 0 1 0 0 -113.58099174079182 16.626715854437087 143.1 -109.28992718553593 35.045122605997854 341.76282 22.513742 210.37876673885287 14.833896715589482 -15.724541 -13.15386 0.5454196 210.37915525463572 14.833859451962006 210.3704274067743 14.707998388508283 57.282439108393326 243.68798309737556 5400.0 5400.0 2016.0 1 44 {-999.0 15.436776 14.8985615 14.705403 -999.0} sdss_psfmag_from_g3xp 15.315214 14.926727 14.367845 13.318 63050394841209570 1135937588 dark_flexible_3x1 mwm_halo_local_high_boss_triple mwm_halo science 0 0 1.5124084949493408 0.0 -999 ""
FIBERMAP 1032 R+2C8 METROLOGY 0 0 0 1 0 0 -113.25883324509556 17.297990151896407 143.1 -108.86199204405855 35.654279033069585 341.76282 22.513742 -999.0 -999.0 -999.0 -999.0 -999.0 210.38120450321424 14.836655144906054 210.37244111722623 14.710772389832162 57.28569523221771 243.68972475313757 -999.0 6231.0 -999.0 -1 -999 {-999.0 -999.0 -999.0 -999.0 -999.0} "" -999.0 -999.0 -999.0 -999.0 -999 -999 "" "" "" "" 0 0 0.0 0.0 -999 ""
FIBERMAP 1034 R+13C2 APOGEE 0 0 0 1 0 0 -138.4642908588782 247.80175082380956 143.1 -95.87836961576835 267.12736418729224 213.5784 97.29211 -999.0 -999.0 -999.0 -999.0 -999.0 210.44484511132816 15.881635277234516 210.43453921934042 15.755482096177639 57.97854740614509 245.15464906027987 -999.0 16600.0 -999.0 2 113 {-999.0 -999.0 -999.0 -999.0 -999.0} "" -999.0 -999.0 -999.0 -999.0 -999 -999 "" "" "" "" 0 0 0.0 0.0 -999 ""
FIBERMAP 1034 R+13C2 BOSS 1 1 0 1 0 0 -138.9463228148414 248.37347312630493 143.1 -96.25991348808101 267.7703638224999 213.5784 97.29211 210.44296921023056 15.884412059748298 0.4438487 -6.8897357 1.2298816 210.44297051752932 15.884392541788468 210.4327679815271 15.758314290105654 57.97892179592747 245.16084318887545 5400.0 5400.0 2016.0 1 95 {-999.0 18.347406 17.149836 16.670858 -999.0} sdss_psfmag 17.910967 17.152565 16.304924 14.652 63050394841223831 1095403504 bright_1x1 mwm_bin_vis_boss mwm_filler science 0 0 0.0 0.0 -999 ""
FIBERMAP 1034 R+13C2 METROLOGY 0 0 0 1 0 0 -138.2217950076507 248.51202635999718 143.1 -95.52259902960444 267.7880641872594 213.5784 97.29211 -999.0 -999.0 -999.0 -999.0 -999.0 210.4464574706336 15.884515856432756 210.4362215998401 15.758419569654974 57.98162129130431 245.15718060362104 -999.0 6231.0 -999.0 -1 -999 {-999.0 -999.0 -999.0 -999.0 -999.0} "" -999.0 -999.0 -999.0 -999.0 -999 -999 "" "" "" "" 0 0 0.0 0.0 -999 ""
FIBERMAP 1036 R0C17 APOGEE 0 0 0 1 0 0 56.95719566205848 -17.01406504667736 143.1 53.38094731741645 -26.131027267643574 288.22794 57.68942 -999.0 -999.0 -999.0 -999.0 -999.0 211.1446972628118 14.554916819150474 211.13558069043984 14.429965975322007 57.68010142843194 242.415939460709 -999.0 16600.0 -999.0 2 47 {-999.0 -999.0 -999.0 -999.0 -999.0} "" -999.0 -999.0 -999.0 -999.0 -999 -999 "" "" "" "" 0 0 0.0 0.0 -999 ""
FIBERMAP 1036 R0C17 BOSS 1 1 0 1 0 0 56.22325223221836 -16.84499872400507 143.1 52.684849613448236 -25.843791134658897 288.22794 57.68942 211.14100669292512 14.556290643109277 3.6170166 -54.935047 0.6473587 211.14135332511498 14.556135017394169 211.13234068118945 14.431262321216057 57.678514384273775 242.4215527471839 5400.0 5400.0 2016.0 1 181 {-999.0 16.201723 15.862934 15.741361 -999.0} sdss_psfmag 16.1389 15.864767 15.430911 14.66 63050394841199317 1136776326 dark_flexible_3x1 mwm_halo_local_high_boss_triple mwm_halo science 0 0 1.1709325313568115 0.0 -999 ""
FIBERMAP 1036 R0C17 METROLOGY 0 0 0 1 0 0 56.75064743674179 -16.290069848530965 143.1 53.29609924953135 -25.383075129254745 288.22794 57.68942 -999.0 -999.0 -999.0 -999.0 -999.0 211.14425826872235 14.558253829367725 211.13521107234692 14.433360644317721 57.681993517993014 242.42125360297567 -999.0 6231.0 -999.0 -1 -999 {-999.0 -999.0 -999.0 -999.0 -999.0} "" -999.0 -999.0 -999.0 -999.0 -999 -999 "" "" "" "" 0 0 0.0 0.0 -999 ""
FIBERMAP 1037 R+4C11 APOGEE 0 0 0 1 0 0 -30.25145849451543 73.68994669457048 143.1 -17.737663840468635 77.64341329256037 154.50992 157.21799 -999.0 -999.0 -999.0 -999.0 -999.0 210.81048373447078 15.028051512176912 210.8010096612852 14.902567146248039 57.72871862246812 243.48418648405055 -999.0 16600.0 -999.0 2 -999 {-999.0 -999.0 -999.0 -999.0 -999.0} "" -999.0 -999.0 -999.0 -999.0 -999 -999 "" "" "" "" 0 0 0.0 0.0 -999 ""
FIBERMAP 1037 R+4C11 BOSS 1 1 0 1 0 0 -30.763067152918623 74.22780646564173 143.1 -18.153937149633702 78.25787161236828 154.50992 157.21799 210.80841064453125 15.030807521035314 -999.0 -999.0 -999.0 210.80841064453122 15.030807521035314 210.79903849325888 14.905400833191097 57.729013498110085 243.49055744830443 5400.0 5400.0 2015.5 1 113 {-999.0 -999.0 -999.0 -999.0 -999.0} "" -999.0 -999.0 -999.0 -999.0 27021603099610373 806482773 "" ops_sky_boss_good ops_sky sky_boss 0 0 0.0 0.0 -999 ""
FIBERMAP 1037 R+4C11 METROLOGY 0 0 0 1 0 0 -30.03676096201648 74.40448637160085 143.1 -17.4086093705148 78.31288255789555 154.50992 157.21799 -999.0 -999.0 -999.0 -999.0 -999.0 210.81195682537262 15.031071048022774 210.80255180561574 14.90564559784436 57.73181065288443 243.4869245718376 -999.0 6231.0 -999.0 -1 -999 {-999.0 -999.0 -999.0 -999.0 -999.0} "" -999.0 -999.0 -999.0 -999.0 -999 -999 "" "" "" "" 0 0 0.0 0.0 -999 ""
FIBERMAP 1039 R-1C4 APOGEE 0 0 0 1 0 0 -213.1763927681728 -5.039205568282503 143.1 -211.0731553451989 30.02795609492335 102.60357 105.994995 -999.0 -999.0 -999.0 -999.0 -999.0 209.9033755400997 14.80968939966003 209.8949903863172 14.68319644185709 56.90782044248085 244.18113484181302 -999.0 16600.0 -999.0 2 -999 {-999.0 -999.0 -999.0 -999.0 -999.0} "" -999.0 -999.0 -999.0 -999.0 -999 -999 "" "" "" "" 0 0 0.0 0.0 -999 ""
FIBERMAP 1039 R-1C4 BOSS 1 1 0 1 0 0 -212.5222218225309 -4.674032960706213 143.1 -210.36802568371846 30.28071121511413 102.60357 105.994995 209.90649789171482 14.81076965978745 0.053112168 1.3290851 -0.1344302 209.90649804734733 14.81077342495798 209.89821630907556 14.684366653870013 56.910990951096494 244.17925301256625 5400.0 5400.0 2016.0 1 432 {-999.0 20.87918 20.626797 20.309372 19.991179} sdss_psfmag 20.569033 20.528646 19.67564 -999.0 63050394841213760 1060491934 dark_flexible_2x2 bhm_aqmes_bonus_faint bhm_filler science 0 0 0.0 0.0 -999 ""
FIBERMAP 1039 R-1C4 METROLOGY 0 0 0 1 0 0 -212.5398564804047 -5.428414425923519 143.1 -210.50926726772207 29.53959539062322 102.60357 105.994995 -999.0 -999.0 -999.0 -999.0 -999.0 209.90588693649562 14.807431337091236 209.89757972012535 14.681001308063117 56.90841348659144 244.17513223232294 -999.0 6231.0 -999.0 -1 -999 {-999.0 -999.0 -999.0 -999.0 -999.0} "" -999.0 -999.0 -999.0 -999.0 -999 -999 "" "" "" "" 0 0 0.0 0.0 -999 ""
FIBERMAP 1040 R+5C11 APOGEE 0 0 0 1 0 0 -2.4383282363914365 94.35824974630816 143.1 13.086303712786558 93.46141327740797 305.7802 148.43137 -999.0 -999.0 -999.0 -999.0 -999.0 210.95593095433554 15.099818207570255 210.94623103954768 14.974488645882131 57.88309601562468 243.42400350857469 -999.0 16600.0 -999.0 2 20 {-999.0 -999.0 -999.0 -999.0 -999.0} "" -999.0 -999.0 -999.0 -999.0 -999 -999 "" "" "" "" 0 0 0.0 0.0 -999 ""
FIBERMAP 1040 R+5C11 BOSS 1 1 0 1 0 0 -2.3939680036314317 93.60909502201623 143.1 13.00706286591246 92.71527443136834 305.7802 148.43137 210.95547465901674 15.096403383961238 -6.467918 -3.7460158 0.16389313 210.95545568107914 15.096392771857335 210.9458641519756 14.971144075584188 57.88072075006395 243.41952486482288 5400.0 5400.0 2016.0 1 137 {-999.0 17.472284 17.12066 16.986092 16.9406} sdss_psfmag_from_gaia 17.443 17.1311 16.6824 15.648 63050394841217264 969424104 "" ops_std_boss_gdr2 ops_std standard_boss 0 0 0.0 0.0 -999 ""
FIBERMAP 1040 R+5C11 METROLOGY 0 0 0 1 0 0 -3.061611788377901 93.93742115404001 143.1 12.402499604474812 93.14869638901378 305.7802 148.43137 -999.0 -999.0 -999.0 -999.0 -999.0 210.95263546969613 15.098382153528743 210.94301446371787 14.973106695389381 57.879809601898515 243.42564850115855 -999.0 6231.0 -999.0 -1 -999 {-999.0 -999.0 -999.0 -999.0 -999.0} "" -999.0 -999.0 -999.0 -999.0 -999 -999 "" "" "" "" 0 0 0.0 0.0 -999 ""
FIBERMAP 1044 R+13C10 APOGEE 0 0 0 1 0 0 53.7554405919096 267.39921492664223 143.1 96.9162945382505 254.89805969949077 114.53732 97.29804 -999.0 -999.0 -999.0 -999.0 -999.0 211.3507345958904 15.82607940998165 211.3396798614301 15.70102898896817 58.63268004491521 244.05433332678962 -999.0 16600.0 -999.0 2 50 {-999.0 -999.0 -999.0 -999.0 -999.0} "" -999.0 -999.0 -999.0 -999.0 -999 -999 "" "" "" "" 0 0 0.0 0.0 -999 ""
FIBERMAP 1044 R+13C10 BOSS 1 1 0 1 0 0 54.3779779602486 267.81299641583865 143.1 97.59820577403275 255.20394886498894 114.53732 97.29804 211.35350330338585 15.827334064766436 -26.047039 1.2713932 0.57491195 211.35382755881577 15.827337666487793 211.3428698808023 15.702367760410812 58.63592077077214 244.05270162720436 5400.0 5400.0 2016.0 1 164 {-999.0 15.414166 15.184088 15.077628 -999.0} sdss_psfmag 15.394048 15.155711 14.75091 13.956 63050394841221414 1136102162 dark_flexible_3x1 mwm_halo_local_high_boss_triple mwm_halo science 0 0 1.3887035846710205 0.0 -999 ""
FIBERMAP 1044 R+13C10 METROLOGY 0 0 0 1 0 0 54.42803387088505 267.0645492938078 143.1 97.52469847587001 254.45757281513335 114.53732 97.29804 -999.0 -999.0 -999.0 -999.0 -999.0 211.3535190821848 15.824035639955484 211.34253745953447 15.69904440292118 58.63361229057699 244.04806741457264 -999.0 6231.0 -999.0 -1 -999 {-999.0 -999.0 -999.0 -999.0 -999.0} "" -999.0 -999.0 -999.0 -999.0 -999 -999 "" "" "" "" 0 0 0.0 0.0 -999 ""
FIBERMAP 1046 R+5C21 APOGEE 0 0 0 1 0 0 224.90208751457018 84.35153657962371 143.1 235.6586296505481 46.26901960251562 345.73077 80.732056 -999.0 -999.0 -999.0 -999.0 -999.0 211.99865184790872 14.88005902692925 211.98834917232114 14.756067647106224 58.522880875671845 241.8903787112545 -999.0 16600.0 -999.0 2 -999 {-999.0 -999.0 -999.0 -999.0 -999.0} "" -999.0 -999.0 -999.0 -999.0 -999 -999 "" "" "" "" 0 0 0.0 0.0 -999 ""
FIBERMAP 1046 R+5C21 BOSS 1 1 0 1 0 0 224.6294069816609 83.66858420878555 143.1 235.27757506845438 45.64022267673678 345.73077 80.732056 211.99687819806144 14.877186127098192 -24.797096 -12.269386 0.5057446 211.9968055137854 14.877151369093232 211.9866077440269 14.753238768005652 58.51977411856511 241.88829291347813 5400.0 5400.0 2016.0 1 237 {-999.0 16.6974 16.211128 16.03231 -999.0} sdss_psfmag 16.580545 16.226744 15.704343 14.711 63050394841201933 1136102539 dark_flexible_3x1 mwm_halo_local_high_boss_triple mwm_halo science 0 0 0.0 0.0 -999 ""
FIBERMAP 1046 R+5C21 METROLOGY 0 0 0 1 0 0 224.16276394688128 84.25122385475015 143.1 234.91300090257874 46.291463123332704 345.73077 80.732056 -999.0 -999.0 -999.0 -999.0 -999.0 211.99515087381693 14.880135987067948 211.98492219489378 14.7561977236239 58.52042250548259 241.89464186817293 -999.0 6231.0 -999.0 -1 -999 {-999.0 -999.0 -999.0 -999.0 -999.0} "" -999.0 -999.0 -999.0 -999.0 -999 -999 "" "" "" "" 0 0 0.0 0.0 -999 ""
FIBERMAP 1051 R-5C20 APOGEE 0 0 0 1 0 0 199.80888947163032 -102.07864580346713 143.1 180.30351638557627 -133.4786677726898 311.70355 136.56395 -999.0 -999.0 -999.0 -999.0 -999.0 211.73560547504215 14.066655503606638 211.72666557667378 13.942564111807414 57.80322376461405 241.0254238344488 -999.0 16600.0 -999.0 2 233 {-999.0 -999.0 -999.0 -999.0 -999.0} "" -999.0 -999.0 -999.0 -999.0 -999 -999 "" "" "" "" 0 0 0.0 0.0 -999 ""
FIBERMAP 1051 R-5C20 BOSS 1 1 0 1 0 0 199.82689576437141 -102.823355152223 143.1 180.1990136992052 -134.21609573863125 311.70355 136.56395 211.73508732448164 14.063209110644674 -24.246105 3.1059115 0.73846066 211.73501651531566 14.063217909383456 211.72618239612234 13.939210684705724 57.80068086573945 241.0212278068386 5400.0 5400.0 2016.0 1 278 {-999.0 17.813782 17.06476 16.8083 -999.0} sdss_psfmag 17.565401 17.093939 16.455742 14.944 63050394841197239 1136102433 dark_flexible_3x1 mwm_halo_local_high_boss_triple mwm_halo science 0 0 0.0 0.0 -999 ""
FIBERMAP 1051 R-5C20 METROLOGY 0 0 0 1 0 0 199.16990834938127 -102.47120611589615 143.1 179.60887140073245 -133.76092786287316 311.70355 136.56395 -999.0 -999.0 -999.0 -999.0 -999.0 211.73232097600118 14.065301200099737 211.72345767851812 13.941266247667572 57.80001732342187 241.02738891590135 -999.0 6231.0 -999.0 -1 -999 {-999.0 -999.0 -999.0 -999.0 -999.0} "" -999.0 -999.0 -999.0 -999.0 -999 -999 "" "" "" "" 0 0 0.0 0.0 -999 ""
FIBERMAP 1054 R-2C7 APOGEE 0 0 0 1 0 0 -139.40314863152983 -46.12657452974541 143.1 -145.05952567959216 -22.60618623170393 186.04301 157.39368 -999.0 -999.0 -999.0 -999.0 -999.0 210.2119129552702 14.571409000130233 210.2035762541858 14.445341723094401 56.99182086105749 243.49819672115336 -999.0 16600.0 -999.0 2 255 {-999.0 -999.0 -999.0 -999.0 -999.0} "" -999.0 -999.0 -999.0 -999.0 -999 -999 "" "" "" "" 0 0 0.0 0.0 -999 ""
FIBERMAP 1054 R-2C7 BOSS 1 1 0 1 0 0 -140.11148517701002 -45.901230099333475 143.1 -145.72112915082053 -22.26764961602288 186.04301 157.39368 210.20865259266367 14.572864502278684 -1.3257066 -4.135548 -0.104648165 210.20864871222454 14.572852786667854 210.20041931674183 14.446864783210588 56.99040374486203 243.5039011373224 5400.0 5400.0 2016.0 1 471 {-999.0 18.149923 17.761486 17.608124 17.54772} sdss_psfmag_from_gaia 18.0795 17.7742 17.2715 16.515 63050394841209260 969424021 "" ops_std_boss_gdr2 ops_std standard_boss 0 0 0.0 0.0 -999 ""
FIBERMAP 1054 R-2C7 METROLOGY 0 0 0 1 0 0 -139.56068217100432 -45.399087611443115 143.1 -145.09545962017702 -21.86283728025107 186.04301 157.39368 -999.0 -999.0 -999.0 -999.0 -999.0 210.21161289720862 14.574721996727916 210.20334832456615 14.448713278089809 56.993771265319964 243.50326146230358 -999.0 6231.0 -999.0 -1 -999 {-999.0 -999.0 -999.0 -999.0 -999.0} "" -999.0 -999.0 -999.0 -999.0 -999 -999 "" "" "" "" 0 0 0.0 0.0 -999 ""
FIBERMAP 1056 R-6C9 APOGEE 0 0 0 1 0 0 -56.96591287586368 -115.85788119612695 143.1 -75.20358037636149 -104.91289412269191 165.35884 128.59698 -999.0 -999.0 -999.0 -999.0 -999.0 210.54006171348567 14.19723289464243 210.53194612128664 14.071656759964553 57.00105068502774 242.5972116128192 -999.0 16600.0 -999.0 2 -999 {-999.0 -999.0 -999.0 -999.0 -999.0} "" -999.0 -999.0 -999.0 -999.0 -999 -999 "" "" "" "" 0 0 0.0 0.0 -999 ""
FIBERMAP 1056 R-6C9 BOSS 1 1 0 1 0 0 -57.27492378448528 -115.18225740548219 143.1 -75.39742386783306 -104.19582678455352 165.35884 128.59698 210.53899964349353 14.200299422029126 2.2332094 21.304869 14.249719 210.53900616936713 14.200359776676814 210.53099482404295 14.074866806207911 57.002390056773855 242.60282973905979 5400.0 5400.0 2016.0 1 399 {-999.0 19.49235 18.819777 18.58039 -999.0} sdss_psfmag 19.397312 18.866812 18.368387 -999.0 63050394841206973 1143462439 dark_1x3 mwm_wd_pwd_boss_1x3 mwm_wd science 0 0 0.0 0.0 -999 ""
FIBERMAP 1056 R-6C9 METROLOGY 0 0 0 1 0 0 -56.53002591097268 -115.25235288601263 143.1 -74.67427393413344 -104.38725105782667 165.35884 128.59698 -999.0 -999.0 -999.0 -999.0 -999.0 210.54243641772652 14.199519351875518 210.5343911384315 14.074006070895503 57.00437597940289 242.59775114664365 -999.0 6231.0 -999.0 -1 -999 {-999.0 -999.0 -999.0 -999.0 -999.0} "" -999.0 -999.0 -999.0 -999.0 -999 -999 "" "" "" "" 0 0 0.0 0.0 -999 ""
FIBERMAP 1058 R-4C23 APOGEE 0 0 0 1 0 0 254.69145044260435 -73.05379631658322 143.1 239.19671298210295 -113.86307875328579 356.3643 145.28874 -999.0 -999.0 -999.0 -999.0 -999.0 212.00903228592003 14.155247407411126 211.99974078799642 14.031470774728717 58.06196715623456 240.82635549742474 -999.0 16600.0 -999.0 2 221 {-999.0 -999.0 -999.0 -999.0 -999.0} "" -999.0 -999.0 -999.0 -999.0 -999 -999 "" "" "" "" 0 0 0.0 0.0 -999 ""
FIBERMAP 1058 R-4C23 BOSS 1 1 0 1 0 0 255.2761005720638 -73.49878337014248 143.1 239.70027088688823 -114.39793254369846 356.3643 145.28874 212.0112574793779 14.152774558317608 -9.935309 -9.112995 0.23276411 212.0112284525584 14.152748742075444 212.00203791893608 14.029058788394472 58.062077055999865 240.82015105422673 5400.0 5400.0 2016.0 1 252 {-999.0 16.71165 16.417517 16.30867 -999.0} sdss_psfmag 16.68876 16.40457 15.962965 15.209 63050394841193016 980448092 "" ops_std_boss_tic ops_std standard_boss 0 0 0.0 0.0 -999 ""
FIBERMAP 1058 R-4C23 METROLOGY 0 0 0 1 0 0 254.59092196814132 -73.79801231040346 143.1 238.97538602445817 -114.58055989382414 356.3643 145.28874 -999.0 -999.0 -999.0 -999.0 -999.0 212.00790508955257 14.151949336279731 211.99869033913183 14.028231868976432 58.05907872516353 240.8229814367255 -999.0 6231.0 -999.0 -1 -999 {-999.0 -999.0 -999.0 -999.0 -999.0} "" -999.0 -999.0 -999.0 -999.0 -999 -999 "" "" "" "" 0 0 0.0 0.0 -999 ""
FIBERMAP 1063 R0C13 APOGEE 0 0 0 1 0 0 -15.873789816664111 -19.51005982070379 143.1 -18.858604802207633 -16.63580094997672 344.3077 49.482536 -999.0 -999.0 -999.0 -999.0 -999.0 210.80474170318215 14.598675315297791 210.79585710383014 14.473302878647413 57.45397015411811 242.8687212910113 -999.0 16600.0 -999.0 2 292 {-999.0 -999.0 -999.0 -999.0 -999.0} "" -999.0 -999.0 -999.0 -999.0 -999 -999 "" "" "" "" 0 0 0.0 0.0 -999 ""
FIBERMAP 1063 R0C13 BOSS 1 1 0 1 0 0 -16.475796170064566 -19.94112213357849 143.1 -19.523104314511606 -16.96210402525772 344.3077 49.482536 210.801497414488 14.597098800139232 -0.49058384 0.0662931 -0.114370175 210.8014959783555 14.59709898794121 210.79272030638882 14.471805823247532 57.45067280055728 242.87015286878943 5400.0 5400.0 2016.0 1 430 {-999.0 20.063065 19.786667 19.710033 19.66835} sdss_psfmag_from_lsdr10 20.01113 19.796251 19.432579 -999.0 63050394841216134 1059082752 dark_flexible_2x2 bhm_spiders_agn_lsdr10 bhm_spiders science 0 0 0.0 0.0 -999 ""
FIBERMAP 1063 R0C13 METROLOGY 0 0 0 1 0 0 -16.560535253016656 -19.203238712107712 143.1 -19.485537676651933 -16.220452403117697 344.3077 49.482536 -999.0 -999.0 -999.0 -999.0 -999.0 210.80170763472668 14.600503473354632 210.79289772739412 14.47518616472561 57.45295041372039 242.874806571223 -999.0 6231.0 -999.0 -1 -999 {-999.0 -999.0 -999.0 -999.0 -999.0} "" -999.0 -999.0 -999.0 -999.0 -999 -999 "" "" "" "" 0 0 0.0 0.0 -999 ""
FIBERMAP 1068 R-2C8 APOGEE 0 0 0 1 0 0 -119.4086294177601 -48.85627437464106 143.1 -125.78801561653349 -28.580928503948343 226.78493 124.593216 -999.0 -999.0 -999.0 -999.0 -999.0 210.30222051980076 14.544315376919629 210.2938421031355 14.418361666192784 57.042708274726785 243.35853902464464 -999.0 16600.0 -999.0 2 -999 {-999.0 -999.0 -999.0 -999.0 -999.0} "" -999.0 -999.0 -999.0 -999.0 -999 -999 "" "" "" "" 0 0 0.0 0.0 -999 ""
FIBERMAP 1068 R-2C8 BOSS 1 1 0 1 0 0 -120.15131734644808 -48.747433496976626 143.1 -126.5026250230094 -28.351654281509198 226.78493 124.593216 210.2987077989441 14.545260511958594 -999.0 -999.0 -999.0 210.29870779894406 14.545260511958594 210.29043719705504 14.41938591822019 57.040795063274466 243.36382278836737 5400.0 5400.0 2016.0 1 450 {-999.0 22.195995 21.44401 20.851 20.395546} sdss_fiber2mag_from_lsdr10 nan nan nan -999.0 63050399095236141 1059082740 dark_flexible_2x2 bhm_spiders_agn_lsdr10 bhm_spiders science 0 0 0.0 0.0 -999 ""
FIBERMAP 1068 R-2C8 METROLOGY 0 0 0 1 0 0 -119.69104378491171 -48.165691935146576 143.1 -125.95317237795858 -27.853474597793056 226.78493 124.593216 -999.0 -999.0 -999.0 -999.0 -999.0 210.30131828502553 14.54755436735984 210.29301234557101 14.421658531987172 57.04416375503205 243.36417392652214 -999.0 6231.0 -999.0 -1 -999 {-999.0 -999.0 -999.0 -999.0 -999.0} "" -999.0 -999.0 -999.0 -999.0 -999 -999 "" "" "" "" 0 0 0.0 0.0 -999 ""
FIBERMAP 1069 R+11C10 APOGEE 0 0 0 1 0 0 43.896950211978236 210.53897231751804 143.1 77.85839119670254 200.43797778555495 325.60614 135.20131 -999.0 -999.0 -999.0 -999.0 -999.0 211.26152243714853 15.582855084006527 211.25088578761677 15.457762506297776 58.41463241638186 243.79069481644785 -999.0 16600.0 -999.0 2 18 {-999.0 -999.0 -999.0 -999.0 -999.0} "" -999.0 -999.0 -999.0 -999.0 -999 -999 "" "" "" "" 0 0 0.0 0.0 -999 ""
FIBERMAP 1069 R+11C10 BOSS 1 1 0 1 0 0 44.05171030501911 209.81495610128098 143.1 77.8921596143531 199.69850715040346 325.60614 135.20131 211.2615966796875 15.57949057115286 -999.0 -999.0 -999.0 211.2615966796875 15.57949057115286 211.25106654679828 15.454477173162912 58.412724119283496 243.78557826379532 5400.0 5400.0 2015.5 1 109 {-999.0 -999.0 -999.0 -999.0 -999.0} "" -999.0 -999.0 -999.0 -999.0 27021603099612845 806483119 "" ops_sky_boss_good ops_sky sky_boss 0 0 0.0 0.0 -999 ""
FIBERMAP 1069 R+11C10 METROLOGY 0 0 0 1 0 0 43.33992143267645 210.02986794010462 143.1 77.22543852172231 200.0273213717221 325.60614 135.20131 -999.0 -999.0 -999.0 -999.0 -999.0 211.25848614881662 15.581002420824744 211.24792788213188 15.45596267288941 58.4112807609461 243.79139253994876 -999.0 6231.0 -999.0 -1 -999 {-999.0 -999.0 -999.0 -999.0 -999.0} "" -999.0 -999.0 -999.0 -999.0 -999 -999 "" "" "" "" 0 0 0.0 0.0 -999 ""
FIBERMAP 1070 R+9C13 APOGEE 0 0 0 1 0 0 70.79255814075813 162.34183710175228 143.1 96.47157829160489 148.48786701171272 247.82451 107.75694 -999.0 -999.0 -999.0 -999.0 -999.0 211.34904056472948 15.347976423105473 211.33865150827057 15.22305484337551 58.33406992188181 243.34036445877976 -999.0 16600.0 -999.0 2 55 {-999.0 -999.0 -999.0 -999.0 -999.0} "" -999.0 -999.0 -999.0 -999.0 -999 -999 "" "" "" "" 0 0 0.0 0.0 -999 ""
FIBERMAP 1070 R+9C13 BOSS 1 1 0 1 0 0 70.0596119611825 162.4121575254997 143.1 95.76025268131606 148.67755098598852 247.82451 107.75694 211.34538142232012 15.34902106658459 -36.82657 -70.477486 1.2097994 211.34562516901664 15.348821410607412 211.33533980475374 15.223974509801955 58.332158060701566 243.34554663971014 5400.0 5400.0 2016.0 1 152 {-999.0 16.31172 15.776089 15.58953 -999.0} sdss_psfmag 16.17445 15.824662 15.222734 14.05 63050394841217504 1136102818 dark_flexible_3x1 mwm_halo_local_high_boss_triple mwm_halo science 0 0 1.2217628955841064 0.0 -999 ""
FIBERMAP 1070 R+9C13 METROLOGY 0 0 0 1 0 0 70.48958504469975 163.0231807968369 143.1 96.28462866675653 149.20958437457423 247.82451 107.75694 -999.0 -999.0 -999.0 -999.0 -999.0 211.34811547967772 15.351226822980909 211.33779560151333 15.226359839208365 58.335499673508906 243.34625461061512 -999.0 6231.0 -999.0 -1 -999 {-999.0 -999.0 -999.0 -999.0 -999.0} "" -999.0 -999.0 -999.0 -999.0 -999 -999 "" "" "" "" 0 0 0.0 0.0 -999 ""
FIBERMAP 1078 R-3C9 APOGEE 0 0 0 1 0 0 -86.63318092207228 -51.468903696570045 143.1 -93.89205613928044 -36.5384979032727 116.70222 137.78844 -999.0 -999.0 -999.0 -999.0 -999.0 210.45189561860374 14.508161130490464 210.44343686272396 14.382393979599314 57.13231642303441 243.13877714979895 -999.0 16600.0 -999.0 2 245 {-999.0 -999.0 -999.0 -999.0 -999.0} "" -999.0 -999.0 -999.0 -999.0 -999 -999 "" "" "" "" 0 0 0.0 0.0 -999 ""
FIBERMAP 1078 R-3C9 BOSS 1 1 0 1 0 0 -86.44963686575666 -50.753835207792164 143.1 -93.59364006114369 -35.863392524490735 116.70222 137.78844 210.45314015279544 14.51113301233715 -999.0 -999.0 -999.0 210.4531401527954 14.511133012337147 210.4447817609174 14.385449981787149 57.13525873886472 243.1416194780191 5400.0 5400.0 2016.0 1 470 {-999.0 22.489695 21.402037 20.923483 20.566196} sdss_fiber2mag_from_lsdr10 nan nan nan -999.0 63050396950129868 1059082745 dark_flexible_2x2 bhm_spiders_agn_lsdr10 bhm_spiders science 0 0 0.0 0.0 -999 ""
FIBERMAP 1078 R-3C9 METROLOGY 0 0 0 1 0 0 -85.92896266265521 -51.289138023100776 143.1 -93.16800604747912 -36.476817360123285 116.70222 137.78844 -999.0 -999.0 -999.0 -999.0 -999.0 210.45518073518295 14.508367860656033 210.44679447119893 14.38266436232894 57.135006172544756 243.1353712317495 -999.0 6231.0 -999.0 -1 -999 {-999.0 -999.0 -999.0 -999.0 -999.0} "" -999.0 -999.0 -999.0 -999.0 -999 -999 "" "" "" "" 0 0 0.0 0.0 -999 ""
FIBERMAP 1081 R-1C22 APOGEE 0 0 0 1 0 0 200.06554841331834 -13.038146637684875 143.1 195.17472617223092 -45.70434697261275 22.89932 128.30042 -999.0 -999.0 -999.0 -999.0 -999.0 211.80825822496146 14.464048669420537 211.7987025156915 14.339936181445692 58.11442087238563 241.50945438664058 -999.0 16600.0 -999.0 2 196 {-999.0 -999.0 -999.0 -999.0 -999.0} "" -999.0 -999.0 -999.0 -999.0 -999 -999 "" "" "" "" 0 0 0.0 0.0 -999 ""
FIBERMAP 1081 R-1C22 BOSS 1 1 0 1 0 0 200.718350997554 -13.395320946152042 143.1 195.75991615303346 -46.16378400019562 22.89932 128.30042 211.8109130859375 14.461861843533867 -999.0 -999.0 -999.0 211.81091308593747 14.46186184353387 211.80145815121205 14.337835419076049 58.11509894901992 241.50315228357724 5400.0 5400.0 2015.5 1 313 {-999.0 -999.0 -999.0 -999.0 -999.0} "" -999.0 -999.0 -999.0 -999.0 27021603099594659 806480598 "" ops_sky_boss_good ops_sky sky_boss 0 0 0.0 0.0 -999 ""
FIBERMAP 1081 R-1C22 METROLOGY 0 0 0 1 0 0 200.08071824389924 -13.789931294899667 143.1 195.0662644393511 -46.44828731102197 22.89932 128.30042 -999.0 -999.0 -999.0 -999.0 -999.0 211.80769689404534 14.460607059167378 211.79821816627998 14.336553720546025 58.111875677814155 241.50514449628292 -999.0 6231.0 -999.0 -1 -999 {-999.0 -999.0 -999.0 -999.0 -999.0} "" -999.0 -999.0 -999.0 -999.0 -999 -999 "" "" "" "" 0 0 0.0 0.0 -999 ""
FIBERMAP 1083 R-3C10 APOGEE 0 0 0 1 0 0 -50.427576113040224 -53.424628341913426 143.1 -58.505248529920394 -44.41133344397313 324.56302 171.26714 -999.0 -999.0 -999.0 -999.0 -999.0 210.6181738368975 14.472287841691088 210.60962074030328 14.346727867739846 57.23424462177847 242.8996145949571 -999.0 16600.0 -999.0 2 -999 {-999.0 -999.0 -999.0 -999.0 -999.0} "" -999.0 -999.0 -999.0 -999.0 -999 -999 "" "" "" "" 0 0 0.0 0.0 -999 ""
FIBERMAP 1083 R-3C10 BOSS 1 1 0 1 0 0 -49.88781799149452 -53.941391653068955 143.1 -58.0577492519368 -45.009606709718824 324.56302 171.26714 210.62013882180796 14.469456859523648 0.97508776 -0.3310053 -0.56470376 210.62014167462658 14.469455921817378 210.61169548065507 14.343982532112822 57.234054804631086 242.89333740070953 5400.0 5400.0 2016.0 1 447 {-999.0 20.27908 20.106031 20.207527 20.402369} sdss_psfmag_from_lsdr10 20.28976 20.158577 19.835331 -999.0 63050394841207833 1059082748 dark_flexible_2x2 bhm_spiders_agn_lsdr10 bhm_spiders science 0 0 0.0 0.0 -999 ""
FIBERMAP 1083 R-3C10 METROLOGY 0 0 0 1 0 0 -50.611539929402355 -54.147690783740735 143.1 -58.805390991893674 -45.09425396932409 324.56302 171.26714 -999.0 -999.0 -999.0 -999.0 -999.0 210.61666279790117 14.469100343492887 210.608190432917 14.343599267807194 57.231187796130804 242.89677368675365 -999.0 6231.0 -999.0 -1 -999 {-999.0 -999.0 -999.0 -999.0 -999.0} "" -999.0 -999.0 -999.0 -999.0 -999 -999 "" "" "" "" 0 0 0.0 0.0 -999 ""
FIBERMAP 1085 R-2C13 APOGEE 0 0 0 1 0 0 -18.270039496539923 -50.28799593773314 143.1 -26.274830789269103 -46.59723167326883 278.3869 32.600143 -999.0 -999.0 -999.0 -999.0 -999.0 210.76973840517493 14.46223093056216 210.76106918654284 14.336854521861088 57.34124261506341 242.71293177134658 -999.0 16600.0 -999.0 2 -999 {-999.0 -999.0 -999.0 -999.0 -999.0} "" -999.0 -999.0 -999.0 -999.0 -999 -999 "" "" "" "" 0 0 0.0 0.0 -999 ""
FIBERMAP 1085 R-2C13 BOSS 1 1 0 1 0 0 -18.774423294850322 -49.74680269664845 143.1 -26.683431291642034 -45.98067183839258 278.3869 32.600143 210.76769819909 14.46493129736289 0.01507743 0.079866014 -0.05043017 210.76769824320118 14.464931523615641 210.75913126751223 14.339635230935478 57.341564049806685 242.71912072842218 5400.0 5400.0 2016.0 1 355 {-999.0 19.949377 19.778097 19.632002 19.532896} sdss_psfmag_from_gaiadr2 20.054886 19.77395 19.467884 -999.0 63050394841207759 1055914637 dark_flexible_2x2 bhm_gua_dark bhm_filler science 0 0 0.0 0.0 -999 ""
FIBERMAP 1085 R-2C13 METROLOGY 0 0 0 1 0 0 -18.03975990898682 -49.57832468139809 143.1 -25.93120773618233 -45.93512206088402 278.3869 32.600143 -999.0 -999.0 -999.0 -999.0 -999.0 210.77126967623624 14.46516422995202 210.762669847212 14.339848531598276 57.34434425781098 242.71538252537843 -999.0 6231.0 -999.0 -1 -999 {-999.0 -999.0 -999.0 -999.0 -999.0} "" -999.0 -999.0 -999.0 -999.0 -999 -999 "" "" "" "" 0 0 0.0 0.0 -999 ""
FIBERMAP 1086 R-3C15 APOGEE 0 0 0 1 0 0 42.164719749250835 -48.46739111449016 143.1 33.62802525938441 -54.723433058998985 170.4413 86.83007 -999.0 -999.0 -999.0 -999.0 -999.0 211.05145686943868 14.42488206595986 211.0425981418132 14.299854609421732 57.52766491894263 242.33662695466512 -999.0 16600.0 -999.0 2 -999 {-999.0 -999.0 -999.0 -999.0 -999.0} "" -999.0 -999.0 -999.0 -999.0 -999 -999 "" "" "" "" 0 0 0.0 0.0 -999 ""
FIBERMAP 1086 R-3C15 BOSS 1 1 0 1 0 0 42.31970918278733 -47.73339833539229 143.1 33.90138612038793 -54.02497563379819 170.4413 86.83007 211.05266560323975 14.427947398011593 -999.0 -999.0 -999.0 211.05266560323972 14.427947398011597 211.04390467093316 14.303003686981507 57.5306526283621 242.33962650884425 5400.0 5400.0 2016.0 1 274 {-999.0 21.432755 21.25437 21.124216 21.009424} sdss_psfmag_from_lsdr10 nan nan nan -999.0 63050399095312800 1059082753 dark_flexible_2x2 bhm_spiders_agn_lsdr10 bhm_spiders science 0 0 0.0 0.0 -999 ""
FIBERMAP 1086 R-3C15 METROLOGY 0 0 0 1 0 0 42.87132770797103 -48.22787666151267 143.1 34.36424135794183 -54.60321742919177 170.4413 86.83007 -999.0 -999.0 -999.0 -999.0 -999.0 211.0548615568611 14.425340416078345 211.04607316826502 14.30037652824716 57.530586854042994 242.33336133568312 -999.0 6231.0 -999.0 -1 -999 {-999.0 -999.0 -999.0 -999.0 -999.0} "" -999.0 -999.0 -999.0 -999.0 -999 -999 "" "" "" "" 0 0 0.0 0.0 -999 ""
FIBERMAP 1091 R+10C17 APOGEE 0 0 0 1 0 0 182.9515072905625 179.0196281419985 143.1 209.82672499388164 146.52287500351446 300.9221 99.29381 -999.0 -999.0 -999.0 -999.0 -999.0 211.8794195053286 15.33436069319143 211.86858061270823 15.210095579145875 58.72302510562464 242.70403153546675 -999.0 16600.0 -999.0 2 49 {-999.0 -999.0 -999.0 -999.0 -999.0} "" -999.0 -999.0 -999.0 -999.0 -999 -999 "" "" "" "" 0 0 0.0 0.0 -999 ""
FIBERMAP 1091 R+10C17 BOSS 1 1 0 1 0 0 182.40191967528716 178.52164945586787 143.1 209.20293773134617 146.12196969482673 300.9221 99.29381 211.87643654409993 15.332520575196197 -999.0 -999.0 -999.0 211.8764365440999 15.332520575196193 211.8657023863777 15.208330778022104 58.71975775694726 242.70478401931848 5400.0 5400.0 2016.0 1 170 {-999.0 22.356672 20.658552 19.8624 -999.0} sdss_psfmag -999.0 -999.0 -999.0 -999.0 63050399095838359 1116028647 dark_1x1 openfibertargets_bhm_racsradio_boss open_fiber science 0 0 0.0 0.0 -999 ""
FIBERMAP 1091 R+10C17 METROLOGY 0 0 0 1 0 0 182.23909347976473 179.2571846631806 143.1 209.16310520773763 146.8741252084739 300.9221 99.29381 -999.0 -999.0 -999.0 -999.0 -999.0 211.8762721636047 15.335931088701795 211.86550519273874 15.211717889367042 58.721753369870804 242.71006783500684 -999.0 6231.0 -999.0 -1 -999 {-999.0 -999.0 -999.0 -999.0 -999.0} "" -999.0 -999.0 -999.0 -999.0 -999 -999 "" "" "" "" 0 0 0.0 0.0 -999 ""
FIBERMAP 1092 R-7C20 APOGEE 0 0 0 1 0 0 214.50240577409787 -153.23091039519156 143.1 186.39720073067915 -186.3400251424817 306.26968 82.54556 -999.0 -999.0 -999.0 -999.0 -999.0 211.76103684090384 13.828618968905225 211.75240749837872 13.704625846538384 57.66644058291565 240.65772693980202 -999.0 16600.0 -999.0 2 200 {-999.0 -999.0 -999.0 -999.0 -999.0} "" -999.0 -999.0 -999.0 -999.0 -999 -999 "" "" "" "" 0 0 0.0 0.0 -999 ""
FIBERMAP 1092 R-7C20 BOSS 1 1 0 1 0 0 213.81856512785114 -153.51307003828438 143.1 185.676437757092 -186.50603750448758 306.26968 82.54556 211.757601218734 13.827772966649652 -0.21214737 0.045775454 -0.03565494 211.75760059980337 13.827773096327123 211.74907560948904 13.703860817701521 57.663496215922706 240.66061969056003 5400.0 5400.0 2016.0 1 332 {-999.0 18.429487 18.188429 18.111027 17.858332} sdss_psfmag 18.455074 18.211021 17.753126 16.07 63050394841192634 1128944537 dark_1x4 bhm_aqmes_wide1 bhm_aqmes science 0 0 0.0 0.0 -999 ""
FIBERMAP 1092 R-7C20 METROLOGY 0 0 0 1 0 0 213.91277316421764 -152.7731882661699 143.1 185.89081960004927 -185.7917933553636 306.26968 82.54556 -999.0 -999.0 -999.0 -999.0 -999.0 211.75866052915794 13.831008480664751 211.75010176662954 13.70707254542167 57.66635616259016 240.66392719687832 -999.0 6231.0 -999.0 -1 -999 {-999.0 -999.0 -999.0 -999.0 -999.0} "" -999.0 -999.0 -999.0 -999.0 -999 -999 "" "" "" "" 0 0 0.0 0.0 -999 ""
FIBERMAP 1094 R+1C19 APOGEE 0 0 0 1 0 0 141.90360997203015 9.26578539413988 143.1 141.47405301165537 -14.158385957139322 35.84841 36.577324 -999.0 -999.0 -999.0 -999.0 -999.0 211.5584843436349 14.608246247101341 211.54894011431554 14.483785447152508 58.02206257057377 242.0121061988084 -999.0 16600.0 -999.0 2 -999 {-999.0 -999.0 -999.0 -999.0 -999.0} "" -999.0 -999.0 -999.0 -999.0 -999 -999 "" "" "" "" 0 0 0.0 0.0 -999 ""
FIBERMAP 1094 R+1C19 BOSS 1 1 0 1 0 0 141.6805845073056 8.559765815414881 143.1 141.13818386703562 -14.818085025428411 35.84841 36.577324 211.55685424804685 14.605163990104302 -999.0 -999.0 -999.0 211.55685424804682 14.605163990104305 211.54741664191474 14.480783891574745 58.01900508798254 242.00954722287437 5400.0 5400.0 2015.5 1 232 {-999.0 -999.0 -999.0 -999.0 -999.0} "" -999.0 -999.0 -999.0 -999.0 27021603099595650 817238217 "" ops_sky_boss_good ops_sky sky_boss 0 0 0.0 0.0 -999 ""
FIBERMAP 1094 R+1C19 METROLOGY 0 0 0 1 0 0 141.1773145476672 9.095031369117809 143.1 140.7297087229332 -14.20755425253091 35.84841 36.577324 -999.0 -999.0 -999.0 -999.0 -999.0 211.55497315727095 14.607972000217652 211.54550470087884 14.483565608736194 58.01937052376091 242.0158182878202 -999.0 6231.0 -999.0 -1 -999 {-999.0 -999.0 -999.0 -999.0 -999.0} "" -999.0 -999.0 -999.0 -999.0 -999 -999 "" "" "" "" 0 0 0.0 0.0 -999 ""
FIBERMAP 1095 R+5C8 APOGEE 0 0 0 1 0 0 -85.08059372649066 79.27068671651129 143.1 -70.89685276533729 92.14891885883101 291.07004 68.244095 -999.0 -999.0 -999.0 -999.0 -999.0 210.56003357771013 15.093906032175594 210.5506905043469 14.968104958761757 57.5810722785344 243.86262039071647 -999.0 16600.0 -999.0 2 -999 {-999.0 -999.0 -999.0 -999.0 -999.0} "" -999.0 -999.0 -999.0 -999.0 -999 -999 "" "" "" "" 0 0 0.0 0.0 -999 ""
FIBERMAP 1095 R+5C8 BOSS 1 1 0 1 0 0 -85.8253160704761 79.26931990388906 143.1 -71.63156178827536 92.2698344154736 291.07004 68.244095 210.55643844048095 15.094403819719815 -1.2085744 2.58052 4.60292 210.5564348943574 15.094411130084978 210.54719995491283 14.968686805636532 57.578800354036886 243.86739323487046 5400.0 5400.0 2016.0 1 65 {-999.0 19.947266 19.78553 19.880943 -999.0} sdss_psfmag 20.5493 20.630077 20.400549 -999.0 63050394841217999 1092543770 dark_flexible_2x1 mwm_cb_galex_vol_boss mwm_cb science 0 0 0.0 0.0 -999 ""
FIBERMAP 1095 R+5C8 METROLOGY 0 0 0 1 0 0 -85.45475241508039 79.91618439757964 143.1 -71.15989435378377 92.84696976254261 291.07004 68.244095 -999.0 -999.0 -999.0 -999.0 -999.0 210.55869575346435 15.097052272302877 210.54942478994315 14.971306739531649 57.58211465105484 243.86871063065803 -999.0 6231.0 -999.0 -1 -999 {-999.0 -999.0 -999.0 -999.0 -999.0} "" -999.0 -999.0 -999.0 -999.0 -999 -999 "" "" "" "" 0 0 0.0 0.0 -999 ""
FIBERMAP 1096 R+1C25 APOGEE 0 0 0 1 0 0 270.73634266002415 10.241062535012881 143.1 268.6958336822181 -34.34742033828795 347.24042 93.03041 -999.0 -999.0 -999.0 -999.0 -999.0 212.14874120715652 14.514169152257177 212.13882669405098 14.39046699082484 58.39813279093353 241.1768307664812 -999.0 16600.0 -999.0 2 -999 {-999.0 -999.0 -999.0 -999.0 -999.0} "" -999.0 -999.0 -999.0 -999.0 -999 -999 "" "" "" "" 0 0 0.0 0.0 -999 ""
FIBERMAP 1096 R+1C25 BOSS 1 1 0 1 0 0 270.62868623947503 9.506818463221707 143.1 268.46911389060847 -35.05389642208371 347.24042 93.03041 212.1474771633624 14.511328946151346 32.56313 -152.15529 3.6939101 212.1475724512662 14.510897904805985 212.1377628056557 14.387276951322763 58.39527785826289 241.17347766722972 5400.0 5400.0 2016.0 1 184 {-999.0 18.401037 17.021927 16.085968 -999.0} sdss_psfmag 17.85116 16.717943 15.649009 13.815 63050394841198330 1136102466 dark_flexible_3x1 mwm_halo_local_high_boss_triple mwm_halo science 0 0 0.0 0.0 -999 ""
FIBERMAP 1096 R+1C25 METROLOGY 0 0 0 1 0 0 270.04424442895413 9.962383473973894 143.1 267.96749805991533 -34.50864429032321 347.24042 93.03041 -999.0 -999.0 -999.0 -999.0 -999.0 212.14531660526006 14.513396856741492 212.13547680026807 14.38974908979241 58.39519877399472 241.17980889808467 -999.0 6231.0 -999.0 -1 -999 {-999.0 -999.0 -999.0 -999.0 -999.0} "" -999.0 -999.0 -999.0 -999.0 -999 -999 "" "" "" "" 0 0 0.0 0.0 -999 ""
FIBERMAP 1098 R+5C1 APOGEE 0 0 0 1 0 0 -240.7686138461108 89.1654495088759 143.1 -222.8201694823177 127.46748562139989 198.02283 147.8445 -999.0 -999.0 -999.0 -999.0 -999.0 209.8490214278705 15.250253726572286 209.84010073732702 15.12357648216176 57.13864325679524 244.8770331459149 -999.0 16600.0 -999.0 2 122 {-999.0 -999.0 -999.0 -999.0 -999.0} "" -999.0 -999.0 -999.0 -999.0 -999 -999 "" "" "" "" 0 0 0.0 0.0 -999 ""
FIBERMAP 1098 R+5C1 BOSS 1 1 0 1 0 0 -241.49183621083867 89.33451443464284 143.1 -223.5056937332384 127.7529602632537 198.02283 147.8445 209.8457646385517 15.251468117429514 -14.104916 -10.876625 0.50822794 209.84572322201956 15.251437304991061 209.83691172581067 15.124837060593768 57.136990382719496 244.8823534326315 5400.0 5400.0 2016.0 1 1 {-999.0 16.708517 16.21728 16.067017 -999.0} sdss_psfmag 16.608135 16.247358 15.729476 14.809 63050394841214447 1136102732 dark_flexible_3x1 mwm_halo_local_high_boss_triple mwm_halo science 0 0 0.0 0.0 -999 ""
FIBERMAP 1098 R+5C1 METROLOGY 0 0 0 1 0 0 -240.98226376626064 89.88910436566664 143.1 -222.91207749286139 128.2162680063131 198.02283 147.8445 -999.0 -999.0 -999.0 -999.0 -999.0 209.8485178766693 15.253574004894164 209.83967047346334 15.126953386264807 57.14039184710356 244.88241217588038 -999.0 6231.0 -999.0 -1 -999 {-999.0 -999.0 -999.0 -999.0 -999.0} "" -999.0 -999.0 -999.0 -999.0 -999 -999 "" "" "" "" 0 0 0.0 0.0 -999 ""
FIBERMAP 1100 R-9C17 APOGEE 0 0 0 1 0 0 174.34953685040668 -185.51257523756584 143.1 141.4965243998587 -211.585881237894 297.3692 121.48677 -999.0 -999.0 -999.0 -999.0 -999.0 211.55167300462162 13.714819352431588 211.5433734812117 13.590600088972364 57.438333282707234 240.74577310986558 -999.0 16600.0 -999.0 2 -999 {-999.0 -999.0 -999.0 -999.0 -999.0} "" -999.0 -999.0 -999.0 -999.0 -999 -999 "" "" "" "" 0 0 0.0 0.0 -999 ""
FIBERMAP 1100 R-9C17 BOSS 1 1 0 1 0 0 173.96361053000385 -186.16435732077395 143.1 141.00889815400973 -212.16534443172088 297.3692 121.48677 211.54929603723755 13.712116757540171 -2.0103528 0.044004876 -0.67383915 211.54929017502198 13.712116882201693 211.54109756393368 13.58798102212498 57.43494553898333 240.7447965615701 5400.0 5400.0 2016.0 1 269 {-999.0 21.383963 20.679316 20.5354 20.466364} sdss_psfmag_from_lsdr10 20.50779 20.57585 20.095528 -999.0 63050394841183999 1059078937 dark_flexible_2x2 bhm_spiders_agn_lsdr10 bhm_spiders science 0 0 0.0 0.0 -999 ""
FIBERMAP 1100 R-9C17 METROLOGY 0 0 0 1 0 0 173.60352966881635 -185.50094486665822 143.1 140.76268199347632 -211.45193623417993 297.3692 121.48677 -999.0 -999.0 -999.0 -999.0 -999.0 211.54820984069067 13.715339018243768 211.53998502035256 13.59117666486243 57.43622554452375 240.7505957933724 -999.0 6231.0 -999.0 -1 -999 {-999.0 -999.0 -999.0 -999.0 -999.0} "" -999.0 -999.0 -999.0 -999.0 -999 -999 "" "" "" "" 0 0 0.0 0.0 -999 ""
FIBERMAP 1101 R-12C14 APOGEE 1 1 0 1 0 0 127.81889317821134 -251.2779140546978 143.1 84.80862101817985 -268.80804967054667 297.6331 60.5153 211.28610774679 13.458694784032897 -7.29411 -6.4090714 0.23491365 211.2860864997928 13.458676627747867 211.27835633855116 13.334204744338448 57.07558892012332 240.70115446669436 16000.0 16600.0 2016.0 2 213 {-999.0 14.319708 13.528002 13.220327 -999.0} sdss_psfmag_from_g3xp 14.090847 13.555283 12.868127 11.394 63050394841183222 1107957902 bright_flexible_4x1 mwm_tess_rgb_apogee mwm_tessrgb science 0 0 0.0 0.0 -999 ""
FIBERMAP 1101 R-12C14 BOSS 0 0 0 1 0 0 127.08319242024362 -251.2908755077958 143.1 84.08090603006445 -268.7000504668015 297.6331 60.5153 -999.0 -999.0 -999.0 -999.0 -999.0 211.2826092248216 13.459070296193818 211.27498381174496 13.334680986709603 57.07342871349111 240.70578309516185 -999.0 5400.0 -999.0 1 256 {-999.0 -999.0 -999.0 -999.0 -999.0} "" -999.0 -999.0 -999.0 -999.0 -999 -999 "" "" "" "" 0 0 0.0 0.0 -999 ""
FIBERMAP 1101 R-12C14 METROLOGY 0 0 0 1 0 0 127.43275061775739 -250.63097427224267 143.1 84.53399705508266 -268.10660905737586 297.6331 60.5153 -999.0 -999.0 -999.0 -999.0 -999.0 211.28476247348047 13.461738448241533 211.27710261618302 13.337326362178562 57.07672120645615 240.7069582321845 -999.0 6231.0 -999.0 -1 -999 {-999.0 -999.0 -999.0 -999.0 -999.0} "" -999.0 -999.0 -999.0 -999.0 -999 -999 "" "" "" "" 0 0 0.0 0.0 -999 ""
FIBERMAP 1103 R-2C9 APOGEE 0 0 0 1 0 0 -95.36402759596585 -48.26794556273728 143.1 -101.97736756621035 -31.948170861482517 220.30995 135.34763 -999.0 -999.0 -999.0 -999.0 -999.0 210.41391489489476 14.529045825044989 210.40546073736573 14.403227991150162 57.11699309455842 243.21136130039025 -999.0 16600.0 -999.0 2 258 {-999.0 -999.0 -999.0 -999.0 -999.0} "" -999.0 -999.0 -999.0 -999.0 -999 -999 "" "" "" "" 0 0 0.0 0.0 -999 ""
FIBERMAP 1103 R-2C9 BOSS 1 1 0 1 0 0 -96.08806047692057 -48.20910190945023 143.1 -102.68178658932587 -31.771269212543253 220.30995 135.34763 210.41045202031415 14.52975166064515 -999.0 -999.0 -999.0 210.41045202031412 14.52975166064515 210.40210549467074 14.404012987741812 57.11497060601533 243.2162642926431 5400.0 5400.0 2016.0 1 449 {-999.0 20.761278 20.663076 20.714989 20.756647} sdss_psfmag_from_gdr3 20.864244 20.929285 20.845465 -999.0 63050394841208067 1059221051 dark_flexible_2x2 bhm_spiders_agn_gaiadr3 bhm_spiders science 0 0 0.0 0.0 -999 ""
FIBERMAP 1103 R-2C9 METROLOGY 0 0 0 1 0 0 -95.67396725014167 -47.59234036033226 143.1 -102.17213008744358 -31.23096938076 220.30995 135.34763 -999.0 -999.0 -999.0 -999.0 -999.0 210.41287961758098 14.532237721544266 210.40449777598997 14.406477567630473 57.1183237790674 243.21708572982476 -999.0 6231.0 -999.0 -1 -999 {-999.0 -999.0 -999.0 -999.0 -999.0} "" -999.0 -999.0 -999.0 -999.0 -999 -999 "" "" "" "" 0 0 0.0 0.0 -999 ""
FIBERMAP 1104 R-13C7 APOGEE 0 0 0 1 0 0 -19.864583099765767 -250.16089498510172 143.1 -60.6612623066623 -243.46069175195524 119.6001 154.1217 -999.0 -999.0 -999.0 -999.0 -999.0 210.6095886518378 13.572176248140229 210.60225631620835 13.446858047104653 56.65109617179573 241.6430649755465 -999.0 16600.0 -999.0 2 299 {-999.0 -999.0 -999.0 -999.0 -999.0} "" -999.0 -999.0 -999.0 -999.0 -999 -999 "" "" "" "" 0 0 0.0 0.0 -999 ""
FIBERMAP 1104 R-13C7 BOSS 1 1 0 1 0 0 -19.909912649017333 -249.41841294913712 143.1 -60.58407292881769 -242.72097472868361 119.6001 154.1217 210.60953261915859 13.575460701308815 -17.191587 -30.733496 0.7413881 210.60982651243415 13.575373636260846 210.60259487960616 13.450142053942795 56.653477806067635 241.6472215521997 5400.0 5400.0 2016.0 1 416 {-999.0 16.093481 15.724664 15.643777 -999.0} sdss_psfmag 16.034052 15.728914 15.25156 14.444 63050394841188797 1136102207 dark_flexible_3x1 mwm_halo_local_high_boss_triple mwm_halo science 0 0 1.2037841081619263 0.0 -999 ""
FIBERMAP 1104 R-13C7 METROLOGY 0 0 0 1 0 0 -19.2420263844104 -249.7487846328478 143.1 -59.979606346017285 -243.15645392650634 119.6001 154.1217 -999.0 -999.0 -999.0 -999.0 -999.0 210.61267744271436 13.573448145773508 210.60541619745345 13.448195757184939 56.654302505628365 241.64128841484626 -999.0 6231.0 -999.0 -1 -999 {-999.0 -999.0 -999.0 -999.0 -999.0} "" -999.0 -999.0 -999.0 -999.0 -999 -999 "" "" "" "" 0 0 0.0 0.0 -999 ""
FIBERMAP 1105 R-7C6 APOGEE 0 0 0 1 0 0 -98.54552527726837 -123.59341781762173 143.1 -117.48156602873294 -105.71582489948234 74.53282 121.18389 -999.0 -999.0 -999.0 -999.0 -999.0 210.34209963709955 14.193824133284744 210.33415629982414 14.068014926219288 56.85092679542198 242.81622356399475 -999.0 16600.0 -999.0 2 -999 {-999.0 -999.0 -999.0 -999.0 -999.0} "" -999.0 -999.0 -999.0 -999.0 -999 -999 "" "" "" "" 0 0 0.0 0.0 -999 ""
FIBERMAP 1105 R-7C6 BOSS 1 1 0 1 0 0 -97.82793927687145 -123.38248756853747 143.1 -116.73921556907848 -105.62560282799471 74.53282 121.18389 210.34541874087236 14.194106475221579 0.48014936 -0.13130638 -0.39593062 210.34542014392375 14.19410610324321 210.3375795749985 14.068385648655024 56.853723460074285 242.81287980514864 5400.0 5400.0 2016.0 1 437 {-999.0 19.670809 19.545267 19.450344 19.36227} sdss_psfmag_from_gdr3 19.618887 19.504942 19.08388 -999.0 63050394841207044 1128566737 dark_flexible_3x1 bhm_spiders_agn_gaiadr3_d3 bhm_spiders science 0 0 0.0 0.0 -999 ""
FIBERMAP 1105 R-7C6 METROLOGY 0 0 0 1 0 0 -98.00619686359481 -124.10896300741226 143.1 -117.03429056832341 -106.31282624281455 74.53282 121.18389 -999.0 -999.0 -999.0 -999.0 -999.0 210.34408951563032 14.191021584236367 210.33622422596557 14.065276368042548 56.850729903182284 242.81002610486738 -999.0 6231.0 -999.0 -1 -999 {-999.0 -999.0 -999.0 -999.0 -999.0} "" -999.0 -999.0 -999.0 -999.0 -999 -999 "" "" "" "" 0 0 0.0 0.0 -999 ""
FIBERMAP 1106 R-10C9 APOGEE 0 0 0 1 0 0 14.518728411417422 -203.35057491034013 143.1 -19.065610804761235 -202.93869847865628 358.23828 82.80037 -999.0 -999.0 -999.0 -999.0 -999.0 210.80330619976084 13.753469954285068 210.7955696096726 13.628331916055005 56.91184590578094 241.6727600547699 -999.0 16600.0 -999.0 2 -999 {-999.0 -999.0 -999.0 -999.0 -999.0} "" -999.0 -999.0 -999.0 -999.0 -999 -999 "" "" "" "" 0 0 0.0 0.0 -999 ""
FIBERMAP 1106 R-10C9 BOSS 1 1 0 1 0 0 14.431341983188455 -204.09354885549237 143.1 -19.27377246886537 -203.6571122190656 358.23828 82.80037 210.80222766781847 13.750107281328182 -1.2094932 -0.63486934 -0.07838127 210.80222414034893 13.750105482804273 210.79459723390852 13.625053345942588 56.90900161016346 241.66930798941266 5400.0 5400.0 2016.0 1 371 {-999.0 17.61675 16.808834 16.492985 -999.0} sdss_psfmag 17.390396 16.835516 16.137085 14.738 63050394841189007 1061125805 dark_flexible_2x1 manual_mwm_halo_distant_kgiant_far_boss mwm_halo science 0 0 0.0 0.0 -999 ""
FIBERMAP 1106 R-10C9 METROLOGY 0 0 0 1 0 0 13.829245969793043 -203.63566427037216 143.1 -19.792418997348314 -203.1066740501342 358.23828 82.80037 -999.0 -999.0 -999.0 -999.0 -999.0 210.79983183542845 13.752619346119227 210.7921740163206 13.627539189492001 56.90881880971812 241.67557097341896 -999.0 6231.0 -999.0 -1 -999 {-999.0 -999.0 -999.0 -999.0 -999.0} "" -999.0 -999.0 -999.0 -999.0 -999 -999 "" "" "" "" 0 0 0.0 0.0 -999 ""
FIBERMAP 1107 R-13C5 APOGEE 0 0 0 1 0 0 -37.403441782174966 -242.34143128043425 143.1 -76.67526615643352 -232.8693087954592 90.44747 38.31895 -999.0 -999.0 -999.0 -999.0 -999.0 210.5348779572781 13.619794110581722 210.5275430339724 13.494373743997691 56.62657086610837 241.79450513585408 -999.0 16600.0 -999.0 2 283 {-999.0 -999.0 -999.0 -999.0 -999.0} "" -999.0 -999.0 -999.0 -999.0 -999 -999 "" "" "" "" 0 0 0.0 0.0 -999 ""
FIBERMAP 1107 R-13C5 BOSS 1 1 0 1 0 0 -36.917206937477886 -242.90110108958496 143.1 -76.28759847410208 -233.50111162564963 90.44747 38.31895 210.53659308555925 13.616876311887124 -4.235106 -9.336845 0.24870251 210.53658074092516 13.616849861500132 210.5293537717539 13.491519471648608 56.62606448879734 241.78847845597676 5400.0 5400.0 2016.0 1 414 {-999.0 17.484629 17.104286 16.994476 -999.0} sdss_psfmag 17.384811 17.08973 16.62322 15.725 63050394841188821 976659368 "" ops_std_boss ops_std standard_boss 0 0 0.0 0.0 -999 ""
FIBERMAP 1107 R-13C5 METROLOGY 0 0 0 1 0 0 -37.63989386832586 -243.04926091516327 143.1 -77.02467450940502 -233.528588743134 90.44747 38.31895 -999.0 -999.0 -999.0 -999.0 -999.0 210.53318261817145 13.616769035685405 210.52592871123954 13.491409942170156 56.62345552912591 241.79224714074752 -999.0 6231.0 -999.0 -1 -999 {-999.0 -999.0 -999.0 -999.0 -999.0} "" -999.0 -999.0 -999.0 -999.0 -999 -999 "" "" "" "" 0 0 0.0 0.0 -999 ""
FIBERMAP 1108 R-9C7 APOGEE 0 0 0 1 0 0 -67.37127363542966 -190.86492125764116 143.1 -97.78005721686579 -177.1805274895544 281.25153 62.747658 -999.0 -999.0 -999.0 -999.0 -999.0 210.43543543109644 13.87033797406901 210.42784683059688 13.744729423268476 56.71403293188856 242.25642538717844 -999.0 16600.0 -999.0 2 178 {-999.0 -999.0 -999.0 -999.0 -999.0} "" -999.0 -999.0 -999.0 -999.0 -999 -999 "" "" "" "" 0 0 0.0 0.0 -999 ""
FIBERMAP 1108 R-9C7 BOSS 1 1 0 1 0 0 -68.09046827998355 -190.6751006910779 143.1 -98.45820159320265 -176.8752437795875 281.25153 62.747658 210.4321352277999 13.871594805385813 -999.0 -999.0 -999.0 210.43213522779988 13.871594805385813 210.4246534006773 13.746068169544689 56.71251664721465 242.26192637256085 5400.0 5400.0 2016.0 1 390 {-999.0 21.651764 20.397623 19.905418 19.548216} sdss_fiber2mag_from_lsdr10 20.525938 21.584951 18.65933 -999.0 63050394841189289 1058146106 dark_flexible_2x2 bhm_spiders_clusters_lsdr10 bhm_spiders science 0 0 0.0 0.0 -999 ""
FIBERMAP 1108 R-9C7 METROLOGY 0 0 0 1 0 0 -67.5567029971221 -190.14937656618434 143.1 -97.84546409082577 -176.44437684363353 281.25153 62.747658 -999.0 -999.0 -999.0 -999.0 -999.0 210.43502016271117 13.873562098488062 210.42750337488303 13.748013893183579 56.71588802220944 242.2614014317794 -999.0 6231.0 -999.0 -1 -999 {-999.0 -999.0 -999.0 -999.0 -999.0} "" -999.0 -999.0 -999.0 -999.0 -999 -999 "" "" "" "" 0 0 0.0 0.0 -999 ""
FIBERMAP 1109 R+8C19 APOGEE 0 0 0 1 0 0 216.68060845410832 143.90129936247848 143.1 237.32665691023135 106.34989837304379 6.901853 66.286446 -999.0 -999.0 -999.0 -999.0 -999.0 212.0070299523223 15.151671393697773 211.99633676305007 15.02761539094665 58.702445002698056 242.28178043326446 -999.0 16600.0 -999.0 2 60 {-999.0 -999.0 -999.0 -999.0 -999.0} "" -999.0 -999.0 -999.0 -999.0 -999 -999 "" "" "" "" 0 0 0.0 0.0 -999 ""
FIBERMAP 1109 R+8C19 BOSS 1 1 0 1 0 0 216.48752771025414 143.17551484995812 143.1 237.01707595985005 105.66578995411241 6.901853 66.286446 212.00536593561284 15.148646632113197 -118.80658 -42.703194 2.8600166 212.0055067448865 15.148525657797373 211.99491886300464 15.024547884871735 58.699435100677995 242.27890901363037 5400.0 5400.0 2016.0 1 168 {-999.0 15.012409 14.416898 14.17382 -999.0} sdss_psfmag_from_g3xp 14.862506 14.433188 13.82876 12.649 63050394841202511 1135937602 dark_flexible_3x1 mwm_halo_local_high_boss_triple mwm_halo science 0 0 1.7009414434432983 0.0 -999 ""
FIBERMAP 1109 R+8C19 METROLOGY 0 0 0 1 0 0 215.95866316263465 143.71135742615104 143.1 236.58345280888832 106.28109176701497 6.901853 66.286446 -999.0 -999.0 -999.0 -999.0 -999.0 212.00352638595194 15.151347383274299 211.99290773556754 15.02734379981337 58.699719398489876 242.28543909143016 -999.0 6231.0 -999.0 -1 -999 {-999.0 -999.0 -999.0 -999.0 -999.0} "" -999.0 -999.0 -999.0 -999.0 -999 -999 "" "" "" "" 0 0 0.0 0.0 -999 ""
FIBERMAP 1111 R+8C16 APOGEE 0 0 0 1 0 0 135.05006075460102 140.3766488467564 143.1 156.23963247172847 116.27526371989877 285.9152 104.664345 -999.0 -999.0 -999.0 -999.0 -999.0 211.62940688086434 15.20022432354785 211.6189761649989 15.075686987301667 58.451399311036624 242.79676375972792 -999.0 16600.0 -999.0 2 -999 {-999.0 -999.0 -999.0 -999.0 -999.0} "" -999.0 -999.0 -999.0 -999.0 -999 -999 "" "" "" "" 0 0 0.0 0.0 -999 ""
FIBERMAP 1111 R+8C16 BOSS 1 1 0 1 0 0 134.4256681096777 139.97850344289205 143.1 155.558458492772 115.98510027712192 285.9152 104.664345 211.62616244211097 15.198889507965 -1.2678597 -0.81399024 1.1593509 211.6261587201996 15.198887202008773 211.61583346227846 15.074425617914708 58.44825114243223 242.79856490865413 5400.0 5400.0 2016.0 1 202 {-999.0 20.509708 20.364275 20.235422 20.16461} sdss_psfmag_from_gaiadr2 20.269236 20.354864 19.775385 -999.0 63050394841219270 1129369134 dark_flexible_3x1 bhm_gua_dark_d3 bhm_filler science 0 0 0.0 0.0 -999 ""
FIBERMAP 1111 R+8C16 METROLOGY 0 0 0 1 0 0 134.39343921068283 140.73092293355117 143.1 155.65019989139412 116.73246736671865 285.9152 104.664345 -999.0 -999.0 -999.0 -999.0 -999.0 211.6266119077731 15.202284210173152 211.61625285839034 15.07779970296588 58.45069887521248 242.80307007293268 -999.0 6231.0 -999.0 -1 -999 {-999.0 -999.0 -999.0 -999.0 -999.0} "" -999.0 -999.0 -999.0 -999.0 -999 -999 "" "" "" "" 0 0 0.0 0.0 -999 ""
FIBERMAP 1112 R-6C10 APOGEE 0 0 0 1 0 0 -31.89623491842843 -103.39616203903569 143.1 -48.432653385862885 -96.73826011417985 147.29059 92.65138 -999.0 -999.0 -999.0 -999.0 -999.0 210.66560294291455 14.23422256776665 210.65733117117816 14.108785371823695 57.11833379962408 242.50687704066496 -999.0 16600.0 -999.0 2 -999 {-999.0 -999.0 -999.0 -999.0 -999.0} "" -999.0 -999.0 -999.0 -999.0 -999 -999 "" "" "" "" 0 0 0.0 0.0 -999 ""
FIBERMAP 1112 R-6C10 BOSS 1 1 0 1 0 0 -31.52678479823148 -102.7397684114976 143.1 -47.96051974872403 -96.15154381765643 147.29059 92.65138 210.66768955173873 14.236758257012879 -0.038439136 -0.5895656 -0.5540613 210.667689439394 14.236756586830202 210.6595171088218 14.11140554011511 57.1216389254028 242.50809337958245 5400.0 5400.0 2016.0 1 367 {-999.0 20.290594 20.178638 20.07114 19.97191} sdss_psfmag_from_lsdr10 20.220848 20.14622 19.734348 -999.0 63050394841190207 1059081475 dark_flexible_2x2 bhm_spiders_agn_lsdr10 bhm_spiders science 0 0 0.0 0.0 -999 ""
FIBERMAP 1112 R-6C10 METROLOGY 0 0 0 1 0 0 -31.15032488660937 -103.37942271576738 143.1 -47.69424924532876 -96.84420947315425 147.29059 92.65138 -999.0 -999.0 -999.0 -999.0 -999.0 210.6689751223486 14.233639843926428 210.66077630735288 14.108267297775226 57.12057241810924 242.50220958353816 -999.0 6231.0 -999.0 -1 -999 {-999.0 -999.0 -999.0 -999.0 -999.0} "" -999.0 -999.0 -999.0 -999.0 -999 -999 "" "" "" "" 0 0 0.0 0.0 -999 ""
FIBERMAP 1113 R-3C16 APOGEE 0 0 0 1 0 0 78.79392876363771 -75.45886530868745 143.1 65.32241031147983 -87.35739565197129 299.2093 85.039665 -999.0 -999.0 -999.0 -999.0 -999.0 211.19989539997138 14.276196668733668 211.19111463066008 14.151390384627549 57.54281148162047 241.95239915598142 -999.0 16600.0 -999.0 2 235 {-999.0 -999.0 -999.0 -999.0 -999.0} "" -999.0 -999.0 -999.0 -999.0 -999 -999 "" "" "" "" 0 0 0.0 0.0 -999 ""
FIBERMAP 1113 R-3C16 BOSS 1 1 0 1 0 0 78.12272210042907 -75.77016931924103 143.1 64.60932291214421 -87.55422589676267 299.2093 85.039665 211.19649130414373 14.275203847083693 -5.999216 -7.579738 0.3183209 211.19647376745357 14.275182374412546 211.18779981416588 14.150455846789018 57.539750017734114 241.9549208801745 5400.0 5400.0 2016.0 1 282 {-999.0 18.293217 17.968428 17.847082 17.811666} sdss_psfmag_from_gaia 18.2429 17.9766 17.5169 16.397 63050394841198845 969423910 "" ops_std_boss_gdr2 ops_std standard_boss 0 0 0.0 0.0 -999 ""
FIBERMAP 1113 R-3C16 METROLOGY 0 0 0 1 0 0 78.18219792554228 -75.03398877270902 143.1 64.78884236566896 -86.83792998809095 299.2093 85.039665 -999.0 -999.0 -999.0 -999.0 -999.0 211.19735226346384 14.278468257713687 211.18864400352754 14.153718160111856 57.542476023391444 241.9585917977092 -999.0 6231.0 -999.0 -1 -999 {-999.0 -999.0 -999.0 -999.0 -999.0} "" -999.0 -999.0 -999.0 -999.0 -999 -999 "" "" "" "" 0 0 0.0 0.0 -999 ""
FIBERMAP 1114 R-8C15 APOGEE 0 0 0 1 0 0 104.3313591666234 -163.3903267151127 143.1 76.07277239719248 -178.2726273288989 208.19571 134.36757 -999.0 -999.0 -999.0 -999.0 -999.0 211.2482787885683 13.864296133975648 211.2400230900106 13.739663953921108 57.31255608609078 241.31229184183593 -999.0 16600.0 -999.0 2 203 {-999.0 -999.0 -999.0 -999.0 -999.0} "" -999.0 -999.0 -999.0 -999.0 -999 -999 "" "" "" "" 0 0 0.0 0.0 -999 ""
FIBERMAP 1114 R-8C15 BOSS 1 1 0 1 0 0 103.62867511815985 -163.19527032437068 143.1 75.41177122831903 -177.9648903720108 208.19571 134.36757 211.2451171875 13.865551661067073 -999.0 -999.0 -999.0 211.24511718749997 13.865551661067075 211.23696478311243 13.741000550257633 57.311169675071774 241.31775006794115 5400.0 5400.0 2015.5 1 318 {-999.0 -999.0 -999.0 -999.0 -999.0} "" -999.0 -999.0 -999.0 -999.0 27021603099587028 806479565 "" ops_sky_boss_good ops_sky sky_boss 0 0 0.0 0.0 -999 ""
FIBERMAP 1114 R-8C15 METROLOGY 0 0 0 1 0 0 104.15408953896352 -162.66598937905547 143.1 76.01685660334014 -177.52914452213068 208.19571 134.36757 -999.0 -999.0 -999.0 -999.0 -999.0 211.24798031538938 13.867550298125197 211.23979381660274 13.742977935741502 57.31454304996555 241.31722033143436 -999.0 6231.0 -999.0 -1 -999 {-999.0 -999.0 -999.0 -999.0 -999.0} "" -999.0 -999.0 -999.0 -999.0 -999 -999 "" "" "" "" 0 0 0.0 0.0 -999 ""
FIBERMAP 1115 R-5C21 APOGEE 0 0 0 1 0 0 211.87815754953775 -115.19106140936951 143.1 190.05415844908404 -148.39227915607992 302.96133 75.36643 -999.0 -999.0 -999.0 -999.0 -999.0 211.78008087620984 13.999385745090883 211.77119781831357 13.875368236121128 57.79207689109255 240.87696110135875 -999.0 16600.0 -999.0 2 -999 {-999.0 -999.0 -999.0 -999.0 -999.0} "" -999.0 -999.0 -999.0 -999.0 -999 -999 "" "" "" "" 0 0 0.0 0.0 -999 ""
FIBERMAP 1115 R-5C21 BOSS 1 1 0 1 0 0 211.19890228011838 -115.45014577862617 143.1 189.341706162597 -148.53628625735607 302.96133 75.36643 211.77680615755187 13.998699031921896 -38.359894 -23.901329 5.503672 211.7766941615423 13.998631321725533 211.7679161373826 13.874694186145291 57.78922556836168 240.87991205604476 5400.0 5400.0 2016.0 1 321 {-999.0 19.718653 18.246717 16.803705 -999.0} sdss_psfmag 19.088594 17.50934 16.291592 14.033 63050394841197203 1077800931 bright_flexible_2x1 mwm_snc_ext_main_boss mwm_snc science 0 0 0.0 0.0 -999 ""
FIBERMAP 1115 R-5C21 METROLOGY 0 0 0 1 0 0 211.3072752727719 -114.71069133683538 143.1 189.5699880795987 -147.82478907269746 302.96133 75.36643 -999.0 -999.0 -999.0 -999.0 -999.0 211.77781356279854 14.001868005883722 211.76900078637038 13.877907267472123 57.79212293758258 240.8831820089557 -999.0 6231.0 -999.0 -1 -999 {-999.0 -999.0 -999.0 -999.0 -999.0} "" -999.0 -999.0 -999.0 -999.0 -999 -999 "" "" "" "" 0 0 0.0 0.0 -999 ""
FIBERMAP 1118 R-13C4 APOGEE 0 0 0 1 0 0 -89.34123297812744 -238.7753316929006 143.1 -127.3136087354639 -220.82543005978587 159.5308 81.536415 -999.0 -999.0 -999.0 -999.0 -999.0 210.29914146700986 13.674691599404985 210.2919276164472 13.548977293730863 56.48696221817505 242.13864653901993 -999.0 16600.0 -999.0 2 279 {-999.0 -999.0 -999.0 -999.0 -999.0} "" -999.0 -999.0 -999.0 -999.0 -999 -999 "" "" "" "" 0 0 0.0 0.0 -999 ""
FIBERMAP 1118 R-13C4 BOSS 1 1 0 1 0 0 -89.01108397144272 -238.11899205684057 143.1 -126.88024480248397 -220.23231481612407 159.5308 81.536415 210.30126176443946 13.677257807437401 -83.94657 -7.7629185 2.22156 210.30101701143528 13.677235815714502 210.29390489269633 13.551610231051704 56.490128833541704 242.1400497035006 5400.0 5400.0 2016.0 1 413 {-999.0 19.542965 18.083961 17.348024 -999.0} sdss_psfmag 18.932304 17.937498 16.95944 15.109 63050394841187132 1136102176 dark_flexible_3x1 mwm_halo_local_high_boss_triple mwm_halo science 0 0 0.0 0.0 -999 ""
FIBERMAP 1118 R-13C4 METROLOGY 0 0 0 1 0 0 -88.59799154012259 -238.73704425690144 143.1 -126.57429887715986 -220.90968941638405 159.5308 81.536415 -999.0 -999.0 -999.0 -999.0 -999.0 210.30249354978721 13.674224417601852 210.29535377259617 13.548576638690806 56.48925100638634 242.1342039339857 -999.0 6231.0 -999.0 -1 -999 {-999.0 -999.0 -999.0 -999.0 -999.0} "" -999.0 -999.0 -999.0 -999.0 -999 -999 "" "" "" "" 0 0 0.0 0.0 -999 ""
FIBERMAP 1121 R-3C7 APOGEE 1 1 0 1 0 0 -106.467818288767 -55.9002692276665 143.1 -114.181538516567 -37.65262601789812 37.19017 85.73812 210.35732441212187 14.503109077195253 -211.43294 -12.641697 12.605356 210.35670572804955 14.503073263671576 210.34833769813548 14.377195718553699 57.05765940557414 243.23857729578077 16000.0 16600.0 2016.0 2 254 {-999.0 22.88944 21.689411 18.73599 -999.0} sdss_psfmag 21.418573 19.347824 17.801395 14.765 63050394841208037 1110771186 bright_flexible_4x1 manual_mwm_planet_gaia_astrometry_apogee mwm_planet science 0 0 0.0 0.0 -999 ""
FIBERMAP 1121 R-3C7 BOSS 0 0 0 1 0 0 -106.08167429886896 -56.53212164179484 143.1 -113.90443619951832 -38.33918690382017 37.19017 85.73812 -999.0 -999.0 -999.0 -999.0 -999.0 210.35785408977836 14.499850053048446 210.34959323505325 14.374057823541815 57.05661922067103 243.23269181411823 -999.0 5400.0 -999.0 1 468 {-999.0 -999.0 -999.0 -999.0 -999.0} "" -999.0 -999.0 -999.0 -999.0 -999 -999 "" "" "" "" 0 0 0.0 0.0 -999 ""
FIBERMAP 1121 R-3C7 METROLOGY 0 0 0 1 0 0 -106.8230595974758 -56.56062270127824 143.1 -114.64030877236699 -38.2455804329175 37.19017 85.73812 -999.0 -999.0 -999.0 -999.0 -999.0 210.35444279952551 14.500301875937648 210.34615427511972 14.374481802018677 57.054305194231226 243.2371668449569 -999.0 6231.0 -999.0 -1 -999 {-999.0 -999.0 -999.0 -999.0 -999.0} "" -999.0 -999.0 -999.0 -999.0 -999 -999 "" "" "" "" 0 0 0.0 0.0 -999 ""
FIBERMAP 1125 R0C22 APOGEE 0 0 0 1 0 0 163.1964475002472 7.583017105150259 143.1 162.1979116628005 -19.31373816357157 188.85248 78.470146 -999.0 -999.0 -999.0 -999.0 -999.0 211.65529257813455 14.584443797931888 211.64569880023134 14.460108755521842 58.07864953456795 241.86407740309267 -999.0 16600.0 -999.0 2 -999 {-999.0 -999.0 -999.0 -999.0 -999.0} "" -999.0 -999.0 -999.0 -999.0 -999 -999 "" "" "" "" 0 0 0.0 0.0 -999 ""
FIBERMAP 1125 R0C22 BOSS 1 1 0 1 0 0 163.2329203567648 8.324169229723111 143.1 162.35556057081038 -18.588762546298536 188.85248 78.470146 211.65572287863776 14.587632910254934 -22.076746 5.072191 0.69821763 211.6560042244882 14.587647279276903 211.6465060475072 14.46339406675812 58.08136091963122 241.86788488695885 5400.0 5400.0 2016.0 1 244 {-999.0 16.204952 15.798048 15.639072 -999.0} sdss_psfmag 16.108711 15.785095 15.293273 14.416 63050394841199586 1136102484 dark_flexible_3x1 mwm_halo_local_high_boss_triple mwm_halo science 0 0 1.205343246459961 0.0 -999 ""
FIBERMAP 1125 R0C22 METROLOGY 0 0 0 1 0 0 163.8594258413992 7.925247582570258 143.1 162.90796115741426 -19.085055727377352 188.85248 78.470146 -999.0 -999.0 -999.0 -999.0 -999.0 211.65859072776053 14.585406107231861 211.649064891134 14.461133495399599 58.08180454390258 241.8615969374901 -999.0 6231.0 -999.0 -1 -999 {-999.0 -999.0 -999.0 -999.0 -999.0} "" -999.0 -999.0 -999.0 -999.0 -999 -999 "" "" "" "" 0 0 0.0 0.0 -999 ""
FIBERMAP 1126 R+3C12 APOGEE 0 0 1 1 0 0 -10.653732323519979 65.77179809024022 143.1 0.2907027659976314 66.61669083845736 9.995142 169.99777 -999.0 -999.0 -999.0 -999.0 -999.0 210.89542330063392 14.977801788462063 210.88594334492916 14.852433141223816 57.76107766677827 243.3144648591661 -999.0 16600.0 -999.0 2 14 {-999.0 -999.0 -999.0 -999.0 -999.0} "" -999.0 -999.0 -999.0 -999.0 -999 -999 "" "" "" "" 0 0 0.0 0.0 -999 ""
FIBERMAP 1126 R+3C12 BOSS 1 0 1 1 0 0 -9.921806152744757 65.78354011497537 143.1 1.0144948585896725 66.50810865657282 9.995142 169.99777 210.83450317382812 14.940303130903516 -999.0 -999.0 -999.0 210.8987321143628 14.977258285464059 210.8893535759638 14.851974801810728 57.763351399990995 243.30990913138038 5400.0 5400.0 2015.5 1 114 {-999.0 -999.0 -999.0 -999.0 -999.0} "" -999.0 -999.0 -999.0 -999.0 27021603099609483 806482609 "" ops_sky_boss_good ops_sky sky_boss 0 0 0.0 0.0 -999 ""
FIBERMAP 1126 R+3C12 METROLOGY 0 0 1 1 0 0 -10.275453878830287 65.13016825192317 143.1 0.5584424729550016 65.92177825191567 9.995142 169.99777 -999.0 -999.0 -999.0 -999.0 -999.0 210.89660726500634 14.974608462370922 210.8872048613946 14.849300201943905 57.76005425096912 243.30846193147795 -999.0 6231.0 -999.0 -1 -999 {-999.0 -999.0 -999.0 -999.0 -999.0} "" -999.0 -999.0 -999.0 -999.0 -999 -999 "" "" "" "" 0 0 0.0 0.0 -999 ""
FIBERMAP 1127 R-13C6 APOGEE 0 0 0 1 0 0 -15.063120740263802 -254.87712750635117 143.1 -56.70008556529412 -248.90036238977035 33.35798 69.45122 -999.0 -999.0 -999.0 -999.0 -999.0 210.62809821853756 13.547819490949845 210.62078347733848 13.422530181040633 56.64900828623005 241.58812584389824 -999.0 16600.0 -999.0 2 274 {-999.0 -999.0 -999.0 -999.0 -999.0} "" -999.0 -999.0 -999.0 -999.0 -999 -999 "" "" "" "" 0 0 0.0 0.0 -999 ""
FIBERMAP 1127 R-13C6 BOSS 1 1 0 1 0 0 -14.913302799989506 -255.6124944073874 143.1 -56.67305484073869 -249.65021630170168 33.35798 69.45122 210.62786227016184 13.544355873738887 -21.826273 4.429796 0.5813275 210.62812512615187 13.544368422918284 210.62092011637733 13.41916745821237 56.646925234154715 241.58331812586582 5400.0 5400.0 2016.0 1 415 {-999.0 16.296494 15.919501 15.8238125 -999.0} sdss_psfmag 16.239809 15.932585 15.456094 14.512 63050394841187771 1136102174 dark_flexible_3x1 mwm_halo_local_high_boss_triple mwm_halo science 0 0 1.1425586938858032 0.0 -999 ""
FIBERMAP 1127 R-13C6 METROLOGY 0 0 0 1 0 0 -15.625980357482671 -255.38073514374682 143.1 -57.33788650317483 -249.30464035906542 33.35798 69.45122 -999.0 -999.0 -999.0 -999.0 -999.0 210.62505799428337 13.545949653868508 210.61782356866513 13.420719822287868 56.64564332055104 241.5890232713772 -999.0 6231.0 -999.0 -1 -999 {-999.0 -999.0 -999.0 -999.0 -999.0} "" -999.0 -999.0 -999.0 -999.0 -999 -999 "" "" "" "" 0 0 0.0 0.0 -999 ""
FIBERMAP 1129 R-8C8 APOGEE 0 0 0 1 0 0 -39.4302446536116 -138.58010489547758 143.1 -61.63935951275044 -130.2016446989448 104.87514 80.33274 -999.0 -999.0 -999.0 -999.0 -999.0 210.60382245523766 14.082422096411113 210.59580774139397 13.95695377034172 56.97529731783316 242.362636362891 -999.0 16600.0 -999.0 2 -999 {-999.0 -999.0 -999.0 -999.0 -999.0} "" -999.0 -999.0 -999.0 -999.0 -999 -999 "" "" "" "" 0 0 0.0 0.0 -999 ""
FIBERMAP 1129 R-8C8 BOSS 1 1 0 1 0 0 -38.6910164674541 -138.50440387855699 143.1 -60.89786542222678 -130.24834593088863 104.87514 80.33274 210.60716700411865 14.082069009541897 -999.0 -999.0 -999.0 210.60716700411865 14.082069009541895 210.5992548780118 13.956689844205108 56.977696056146144 242.3583301110807 5400.0 5400.0 2016.0 1 389 {-999.0 21.650372 20.251495 19.719387 19.356579} sdss_fiber2mag_from_lsdr10 20.601793 21.129238 18.608805 16.584 63050394841189609 1058147119 dark_flexible_2x2 bhm_spiders_clusters_lsdr10 bhm_spiders science 0 0 0.0 0.0 -999 ""
FIBERMAP 1129 R-8C8 METROLOGY 0 0 0 1 0 0 -38.99901936931927 -139.18896180370706 143.1 -61.31402038512144 -130.8729273469096 104.87514 80.33274 -999.0 -999.0 -999.0 -999.0 -999.0 210.60525570995728 14.07927417447225 210.59731927769928 13.953869415795907 56.97444633624803 242.3565672497852 -999.0 6231.0 -999.0 -1 -999 {-999.0 -999.0 -999.0 -999.0 -999.0} "" -999.0 -999.0 -999.0 -999.0 -999 -999 "" "" "" "" 0 0 0.0 0.0 -999 ""
FIBERMAP 1130 R-3C13 APOGEE 0 0 0 1 0 0 28.951061142401482 -46.35839232620705 143.1 20.94225656914959 -50.47409581381545 104.029 27.513685 -999.0 -999.0 -999.0 -999.0 -999.0 210.9918384753832 14.444317956203975 210.98300397723915 14.31921316541703 57.49563813356569 242.43307137626152 -999.0 16600.0 -999.0 2 174 {-999.0 -999.0 -999.0 -999.0 -999.0} "" -999.0 -999.0 -999.0 -999.0 -999 -999 "" "" "" "" 0 0 0.0 0.0 -999 ""
FIBERMAP 1130 R-3C13 BOSS 1 1 0 1 0 0 29.43531622240561 -46.91706281910161 143.1 21.32813576378022 -51.1045880407247 104.029 27.513685 210.99378497736396 14.441483339855882 -78.30085 -52.997536 2.3946574 210.99355592120082 14.44133320281435 210.98482769781242 14.316314567767192 57.49514566470324 242.42682074405568 5400.0 5400.0 2016.0 1 364 {-999.0 19.301489 17.931355 16.930124 -999.0} sdss_psfmag 18.752985 17.579636 16.506939 14.506 63050394841199259 1136776324 dark_flexible_3x1 mwm_halo_local_high_boss_triple mwm_halo science 0 0 0.0 0.0 -999 ""
FIBERMAP 1130 R-3C13 METROLOGY 0 0 0 1 0 0 28.702871139167414 -47.060661798410244 143.1 20.582184491152553 -51.12596498119986 104.029 27.513685 -999.0 -999.0 -999.0 -999.0 -999.0 210.99007416523716 14.441269861528907 210.98131938551353 14.316223381872465 57.49247230279074 242.43073185984775 -999.0 6231.0 -999.0 -1 -999 {-999.0 -999.0 -999.0 -999.0 -999.0} "" -999.0 -999.0 -999.0 -999.0 -999 -999 "" "" "" "" 0 0 0.0 0.0 -999 ""
FIBERMAP 1131 R-8C19 APOGEE 0 0 0 1 0 0 202.2964151668729 -163.92028471505938 143.1 172.60409551411033 -194.87855372936826 227.69911 154.94368 -999.0 -999.0 -999.0 -999.0 -999.0 211.6967291069811 13.790122949467358 211.68820616815162 13.666061165081189 57.59406584216679 240.67984517721982 -999.0 16600.0 -999.0 2 185 {-999.0 -999.0 -999.0 -999.0 -999.0} "" -999.0 -999.0 -999.0 -999.0 -999 -999 "" "" "" "" 0 0 0.0 0.0 -999 ""
FIBERMAP 1131 R-8C19 BOSS 1 1 0 1 0 0 201.61132253055885 -164.2209077281642 143.1 171.87906656784807 -195.06257010157844 227.69911 154.94368 211.69288190215764 13.789201117364689 -62.747223 -2.625728 1.9129103 211.6932696495623 13.789193678861968 211.68485179094566 13.665213052458492 57.59104996867273 240.68264227230918 5400.0 5400.0 2016.0 1 331 {-999.0 14.109098 13.60912 13.443759 -999.0} sdss_psfmag_from_g3xp 14.004186 13.638527 13.1071205 12.114 63050394841184027 1135937577 dark_flexible_3x1 mwm_halo_local_high_boss_triple mwm_halo science 0 0 1.9955847263336182 0.0 -999 ""
FIBERMAP 1131 R-8C19 METROLOGY 0 0 0 1 0 0 201.67728484800625 -163.48692262408852 143.1 172.06462291055215 -194.34950436389462 227.69911 154.94368 -999.0 -999.0 -999.0 -999.0 -999.0 211.69419562170265 13.792422390668603 211.685743714904 13.668417796699062 57.59380693056865 240.6860931804649 -999.0 6231.0 -999.0 -1 -999 {-999.0 -999.0 -999.0 -999.0 -999.0} "" -999.0 -999.0 -999.0 -999.0 -999 -999 "" "" "" "" 0 0 0.0 0.0 -999 ""
FIBERMAP 1132 R+2C1 APOGEE 0 0 0 1 0 0 -272.8735553494463 25.116315703920648 143.1 -264.9989259897307 69.56961329829787 261.09714 111.56754 -999.0 -999.0 -999.0 -999.0 -999.0 209.65356711701045 14.9871444422004 209.64516775716174 14.860314255204193 56.82812409376859 244.709420273712 -999.0 16600.0 -999.0 2 145 {-999.0 -999.0 -999.0 -999.0 -999.0} "" -999.0 -999.0 -999.0 -999.0 -999 -999 "" "" "" "" 0 0 0.0 0.0 -999 ""
FIBERMAP 1132 R+2C1 BOSS 1 1 0 1 0 0 -273.58624874619113 24.983922897505664 143.1 -265.7235573475462 69.55604577819112 261.09714 111.56754 209.65012381698253 14.986981672122937 -0.6123697 -3.096916 -1.5996184 209.6501220211107 14.986972898857314 209.6418345335318 14.860221241352678 56.825532473131915 244.7129220664678 5400.0 5400.0 2016.0 1 4 {-999.0 20.255108 20.674904 21.025167 -999.0} sdss_psfmag 20.450258 20.520008 20.617443 -999.0 63050394841213664 1092190550 dark_flexible_2x1 mwm_cb_galex_mag_boss mwm_cb science 0 0 0.0 0.0 -999 ""
FIBERMAP 1132 R+2C1 METROLOGY 0 0 0 1 0 0 -273.3629127139645 25.692054340883693 143.1 -265.3870351928582 70.21777669236644 261.09714 111.56754 -999.0 -999.0 -999.0 -999.0 -999.0 209.65170411000912 14.989997357159377 209.643380509248 14.86322331060244 56.82856140377052 244.71555190788428 -999.0 6231.0 -999.0 -1 -999 {-999.0 -999.0 -999.0 -999.0 -999.0} "" -999.0 -999.0 -999.0 -999.0 -999 -999 "" "" "" "" 0 0 0.0 0.0 -999 ""
FIBERMAP 1135 R-2C11 APOGEE 0 0 0 1 0 0 -38.70123829871993 -29.18546068496537 143.1 -42.96068702352887 -22.430534625189768 45.78773 128.69632 -999.0 -999.0 -999.0 -999.0 -999.0 210.69127952567183 14.572354262288181 210.68252826955074 14.446853556290433 57.35235071680375 242.95995422118938 -999.0 16600.0 -999.0 2 268 {-999.0 -999.0 -999.0 -999.0 -999.0} "" -999.0 -999.0 -999.0 -999.0 -999 -999 "" "" "" "" 0 0 0.0 0.0 -999 ""
FIBERMAP 1135 R-2C11 BOSS 1 1 0 1 0 0 -37.96531082171201 -29.233048385761826 143.1 -42.24268899195293 -22.598287833440157 45.78773 128.69632 210.6945289891938 14.571492721936796 -0.092823446 0.05994278 0.1760707 210.69452871749453 14.571492891748935 210.6858802951422 14.446079255380436 57.354370414950196 242.95502962971997 5400.0 5400.0 2016.0 1 448 {-999.0 19.562845 19.470058 19.441494 19.418053} sdss_psfmag_from_gdr3 19.588785 19.44062 19.227434 -999.0 63050394841207895 1128566744 dark_flexible_3x1 bhm_spiders_agn_gaiadr3_d3 bhm_spiders science 0 0 0.0 0.0 -999 ""
FIBERMAP 1135 R-2C11 METROLOGY 0 0 0 1 0 0 -38.37662720022642 -29.859560058233548 143.1 -42.75120752961274 -23.14865963795367 45.78773 128.69632 -999.0 -999.0 -999.0 -999.0 -999.0 210.69216929822014 14.569012731707831 210.68349669508086 14.443573465028997 57.35099668095642 242.95414993057307 -999.0 6231.0 -999.0 -1 -999 {-999.0 -999.0 -999.0 -999.0 -999.0} "" -999.0 -999.0 -999.0 -999.0 -999 -999 "" "" "" "" 0 0 0.0 0.0 -999 ""
FIBERMAP 1137 R-1C6 APOGEE 0 0 0 1 0 0 -189.28322109917357 -22.699551457892877 143.1 -190.40780222462564 8.687764788112911 253.94812 34.430298 -999.0 -999.0 -999.0 -999.0 -999.0 209.99976632039764 14.713194614425857 209.99142490250165 14.586840284155597 56.92062467105139 243.9365525063944 -999.0 16600.0 -999.0 2 -999 {-999.0 -999.0 -999.0 -999.0 -999.0} "" -999.0 -999.0 -999.0 -999.0 -999 -999 "" "" "" "" 0 0 0.0 0.0 -999 ""
FIBERMAP 1137 R-1C6 BOSS 1 1 0 1 0 0 -189.52415483476022 -22.000643596296122 143.1 -190.5306817770535 9.416619651374273 253.94812 34.430298 209.99895036062662 14.716511369565472 25.173899 -31.710043 2.5581365 209.99902409471287 14.71642153804626 209.9907866966577 14.590148717337232 56.922210692135025 243.94199131997664 5400.0 5400.0 2016.0 1 484 {-999.0 19.575672 18.856337 17.65946 -999.0} sdss_psfmag 19.28162 18.450361 17.14166 14.979 63050394841209630 1092543721 dark_flexible_2x1 mwm_cb_galex_vol_boss mwm_cb science 0 0 0.0 0.0 -999 ""
FIBERMAP 1137 R-1C6 METROLOGY 0 0 0 1 0 0 -188.79136102224794 -22.13853840524749 143.1 -189.83060035402718 9.160315253145612 253.94812 34.430298 -999.0 -999.0 -999.0 -999.0 -999.0 210.0023301878661 14.715290635215405 209.9940606331961 14.588998293745007 56.923964627152394 243.9367171978606 -999.0 6231.0 -999.0 -1 -999 {-999.0 -999.0 -999.0 -999.0 -999.0} "" -999.0 -999.0 -999.0 -999.0 -999 -999 "" "" "" "" 0 0 0.0 0.0 -999 ""
FIBERMAP 1140 R-5C12 APOGEE 1 1 0 1 0 0 0.0848579735951831 -89.75210776670943 143.1 -14.651214897051776 -88.53221488525683 149.03555 114.94685 210.8242161940125 14.271345823644278 12.521758 0.51767015 2.892943 210.82425279653677 14.271347290151338 210.81579677540736 14.1460894331949 57.26032573129622 242.37841700477287 16000.0 16600.0 2016.0 2 159 {-999.0 11.844889 11.438055 11.336759 -999.0} sdss_psfmag_from_g3xp 11.781434 11.473781 11.008988 10.278 63050394841190340 974688694 "" ops_std_apogee ops_std standard_apogee 0 0 0.0 0.0 -999 ""
FIBERMAP 1140 R-5C12 BOSS 0 0 0 1 0 0 0.16402264222111462 -89.01322881266569 143.1 -14.451834256336694 -87.81649004800701 149.03555 114.94685 -999.0 -999.0 -999.0 -999.0 -999.0 210.82508081550657 14.274472275283548 210.81672347168637 14.149298446529647 57.26306994041181 242.3819129495887 -999.0 5400.0 -999.0 1 387 {-999.0 -999.0 -999.0 -999.0 -999.0} "" -999.0 -999.0 -999.0 -999.0 -999 -999 "" "" "" "" 0 0 0.0 0.0 -999 ""
FIBERMAP 1140 R-5C12 METROLOGY 0 0 0 1 0 0 0.7748615373565393 -89.44133631942475 143.1 -13.919676431298619 -88.33899583315305 149.03555 114.94685 -999.0 -999.0 -999.0 -999.0 -999.0 210.82761022568073 14.272125627950134 210.8192244334632 14.146931675431642 57.26341848567211 242.3756800220211 -999.0 6231.0 -999.0 -1 -999 {-999.0 -999.0 -999.0 -999.0 -999.0} "" -999.0 -999.0 -999.0 -999.0 -999 -999 "" "" "" "" 0 0 0.0 0.0 -999 ""
FIBERMAP 1143 R-2C5 APOGEE 0 0 0 1 0 0 -165.17073282518174 -27.840876017570228 143.1 -167.47085748270985 -0.3415104114713415 73.77044 75.2147 -999.0 -999.0 -999.0 -999.0 -999.0 210.10688593874536 14.672451464354216 210.09850548625525 14.546233278535222 56.97603124930646 243.75954285579124 -999.0 16600.0 -999.0 2 249 {-999.0 -999.0 -999.0 -999.0 -999.0} "" -999.0 -999.0 -999.0 -999.0 -999 -999 "" "" "" "" 0 0 0.0 0.0 -999 ""
FIBERMAP 1143 R-2C5 BOSS 1 1 0 1 0 0 -164.5270250361996 -28.213662532918292 143.1 -166.89720037947419 -0.8148519013464265 73.77044 75.2147 210.10940551757812 14.670222616137025 -999.0 -999.0 -999.0 210.1094055175781 14.670222616137021 210.10113263643004 14.544091202252082 56.976670055018744 243.75355549074192 5400.0 5400.0 2015.5 1 473 {-999.0 -999.0 -999.0 -999.0 -999.0} "" -999.0 -999.0 -999.0 -999.0 27021603099603299 806481767 "" ops_sky_boss_good ops_sky sky_boss 0 0 0.0 0.0 -999 ""
FIBERMAP 1143 R-2C5 METROLOGY 0 0 0 1 0 0 -165.17734974878093 -28.592326389091134 143.1 -167.600751585946 -1.0815442546847611 73.77044 75.2147 -999.0 -999.0 -999.0 -999.0 -999.0 210.10616251195196 14.669027194285091 210.09786383307755 14.542868748830093 56.97343843184575 243.75544698036805 -999.0 6231.0 -999.0 -1 -999 {-999.0 -999.0 -999.0 -999.0 -999.0} "" -999.0 -999.0 -999.0 -999.0 -999 -999 "" "" "" "" 0 0 0.0 0.0 -999 ""
FIBERMAP 1144 R+12C1 APOGEE 0 0 0 1 0 0 -167.06704102292278 232.7762985320242 143.1 -126.55469630545313 257.0042771263643 150.57916 141.30234 -999.0 -999.0 -999.0 -999.0 -999.0 210.30089632821273 15.835533262170047 210.2907844976935 15.709222972503545 57.840635340030474 245.24425847577197 -999.0 16600.0 -999.0 2 129 {-999.0 -999.0 -999.0 -999.0 -999.0} "" -999.0 -999.0 -999.0 -999.0 -999 -999 "" "" "" "" 0 0 0.0 0.0 -999 ""
FIBERMAP 1144 R+12C1 BOSS 1 1 0 1 0 0 -167.2954104014532 233.46510192565498 143.1 -126.66684310792697 257.72110369512853 150.57916 141.30234 210.30029296874997 15.838626504761109 -999.0 -999.0 -999.0 210.30029296874994 15.838626504761109 210.29028327297232 15.71239284544155 57.84218273627506 245.24953456295773 5400.0 5400.0 2015.5 1 8 {-999.0 -999.0 -999.0 -999.0 -999.0} "" -999.0 -999.0 -999.0 -999.0 27021603099615975 806483510 "" ops_sky_boss_good ops_sky sky_boss 0 0 0.0 0.0 -999 ""
FIBERMAP 1144 R+12C1 METROLOGY 0 0 0 1 0 0 -166.57261495625997 233.33099346289777 143.1 -125.9760009872043 257.47017505779934 150.57916 141.30234 -999.0 -999.0 -999.0 -999.0 -999.0 210.3035478441844 15.837560781867046 210.2935066746303 15.71130908387256 57.84398426607597 245.2443695942738 -999.0 6231.0 -999.0 -1 -999 {-999.0 -999.0 -999.0 -999.0 -999.0} "" -999.0 -999.0 -999.0 -999.0 -999 -999 "" "" "" "" 0 0 0.0 0.0 -999 ""
FIBERMAP 1148 R0C11 APOGEE 0 0 0 1 0 0 -61.38614710256118 5.511087989005211 143.1 -59.63749641084879 15.513297801435973 347.3047 159.72832 -999.0 -999.0 -999.0 -999.0 -999.0 210.61283117159297 14.745214081379917 210.60391367341379 14.619572026725734 57.402559656903954 243.2974398230047 -999.0 16600.0 -999.0 2 285 {-999.0 -999.0 -999.0 -999.0 -999.0} "" -999.0 -999.0 -999.0 -999.0 -999 -999 "" "" "" "" 0 0 0.0 0.0 -999 ""
FIBERMAP 1148 R0C11 BOSS 1 1 0 1 0 0 -60.76057860443833 5.112533530843196 143.1 -59.085959647325794 15.017520589829129 347.3047 159.72832 210.61531665767427 14.742891301762752 -9.630513 -3.1886165 0.28306273 210.61528844657676 14.742882268716562 210.6064767280873 14.617326122452662 57.40306932784439 243.29130153031073 5400.0 5400.0 2016.0 1 431 {-999.0 17.116007 16.751345 16.610205 16.559574} sdss_psfmag_from_gaia 17.0637 16.7627 16.2863 15.526 63050394841208274 969424011 "" ops_std_boss_gdr2 ops_std standard_boss 0 0 0.0 0.0 -999 ""
FIBERMAP 1148 R0C11 METROLOGY 0 0 0 1 0 0 -61.42111334131501 4.767058141479054 143.1 -59.79413185808987 14.785236674812513 347.3047 159.72832 -999.0 -999.0 -999.0 -999.0 -999.0 210.61199048987797 14.741845405222564 210.6031533710277 14.61626228626424 57.399902263005906 243.2935313905927 -999.0 6231.0 -999.0 -1 -999 {-999.0 -999.0 -999.0 -999.0 -999.0} "" -999.0 -999.0 -999.0 -999.0 -999 -999 "" "" "" "" 0 0 0.0 0.0 -999 ""
FIBERMAP 1149 R-5C9 APOGEE 0 0 0 1 0 0 -66.021529345221 -81.50649061914102 143.1 -78.49512539537038 -69.54704180000583 161.13417 71.9654 -999.0 -999.0 -999.0 -999.0 -999.0 210.5243722196669 14.35795842343565 210.51605353869616 14.232318867622833 57.091537460736205 242.84290692685713 -999.0 16600.0 -999.0 2 284 {-999.0 -999.0 -999.0 -999.0 -999.0} "" -999.0 -999.0 -999.0 -999.0 -999 -999 "" "" "" "" 0 0 0.0 0.0 -999 ""
FIBERMAP 1149 R-5C9 BOSS 1 1 0 1 0 0 -65.57926751923256 -80.90603631838616 143.1 -77.96036474464242 -69.0274495744291 161.13417 71.9654 210.52675164101808 14.360229406484725 -5.6522264 -9.292609 0.3063413 210.52673511237674 14.360203081414326 210.518516616486 14.234649732928991 57.09486223729729 242.8434245761568 5400.0 5400.0 2016.0 1 409 {-999.0 17.080997 16.690874 16.574656 -999.0} sdss_psfmag 17.009048 16.71018 16.243168 15.348 63050394841207667 976659466 "" ops_std_boss ops_std standard_boss 0 0 0.0 0.0 -999 ""
FIBERMAP 1149 R-5C9 METROLOGY 0 0 0 1 0 0 -65.27443065262575 -81.58484453953639 143.1 -77.77116071323282 -69.74697230007372 161.13417 71.9654 -999.0 -999.0 -999.0 -999.0 -999.0 210.5276645787073 14.356959766765673 210.5194198466262 14.231384609393908 57.09346201010206 242.83776096122412 -999.0 6231.0 -999.0 -1 -999 {-999.0 -999.0 -999.0 -999.0 -999.0} "" -999.0 -999.0 -999.0 -999.0 -999 -999 "" "" "" "" 0 0 0.0 0.0 -999 ""
FIBERMAP 1150 R-9C10 APOGEE 0 0 0 1 0 0 25.76759566989418 -179.8832495369947 143.1 -4.118672007079874 -181.64074345777038 357.8833 99.65946 -999.0 -999.0 -999.0 -999.0 -999.0 210.8732463066461 13.849338467631837 210.8653218120703 13.724257349716572 57.025610162822886 241.7263325907948 -999.0 16600.0 -999.0 2 180 {-999.0 -999.0 -999.0 -999.0 -999.0} "" -999.0 -999.0 -999.0 -999.0 -999 -999 "" "" "" "" 0 0 0.0 0.0 -999 ""
FIBERMAP 1150 R-9C10 BOSS 1 1 0 1 0 0 25.863991862127886 -180.6088152929801 143.1 -4.142719553510355 -182.37216053261534 357.8833 99.65946 210.87302436519684 13.845898434380755 0.08269569 0.14199989 -0.15341735 210.8730246064767 13.845898836652802 210.86520888019035 13.720904187110047 57.02335634854155 241.72176662890033 5400.0 5400.0 2016.0 1 375 {-999.0 18.984278 18.911594 18.541338 18.3423} sdss_fiber2mag_from_lsdr10 18.076506 18.134428 17.293627 15.599 63050394841189064 1059078922 dark_flexible_2x1 bhm_spiders_agn_lsdr10 bhm_spiders science 0 0 0.0 0.0 -999 ""
FIBERMAP 1150 R-9C10 METROLOGY 0 0 0 1 0 0 25.166633642942855 -180.32235564775024 143.1 -4.783462126749799 -181.9751512032531 357.8833 99.65946 -999.0 -999.0 -999.0 -999.0 -999.0 210.8700587448426 13.847728124502039 210.8622136026397 13.722705092220572 57.02230372440664 241.7277488380254 -999.0 6231.0 -999.0 -1 -999 {-999.0 -999.0 -999.0 -999.0 -999.0} "" -999.0 -999.0 -999.0 -999.0 -999 -999 "" "" "" "" 0 0 0.0 0.0 -999 ""
FIBERMAP 1151 R-9C4 APOGEE 0 0 0 1 0 0 -124.79584665256623 -188.51562890536607 143.1 -154.02952204940524 -165.43594502975503 269.58444 112.29116 -999.0 -999.0 -999.0 -999.0 -999.0 210.17314764396284 13.924105615698545 210.1657065562889 13.798173405619611 56.552870347462125 242.62774282111502 -999.0 16600.0 -999.0 2 -999 {-999.0 -999.0 -999.0 -999.0 -999.0} "" -999.0 -999.0 -999.0 -999.0 -999 -999 "" "" "" "" 0 0 0.0 0.0 -999 ""
FIBERMAP 1151 R-9C4 BOSS 1 1 0 1 0 0 -125.46598509184496 -188.78636219638028 143.1 -154.73489527781098 -165.59293765555327 269.58444 112.29116 210.16974175591628 13.92329603325273 -999.0 -999.0 -999.0 210.16974175591625 13.92329603325273 210.16241136398594 13.797446320245319 56.54994488366562 242.630440266708 5400.0 5400.0 2016.0 1 479 {-999.0 23.20235 21.809208 21.106878 20.61575} sdss_fiber2mag_from_lsdr10 nan nan nan -999.0 63050398380311197 1059080224 dark_flexible_2x2 bhm_spiders_agn_lsdr10 bhm_spiders science 0 0 0.0 0.0 -999 ""
FIBERMAP 1151 R-9C4 METROLOGY 0 0 0 1 0 0 -125.38225689592875 -188.05434265259962 143.1 -154.53213997724512 -164.8847271417661 269.58444 112.29116 -999.0 -999.0 -999.0 -999.0 -999.0 210.17069551310152 13.926514506562636 210.16332982890003 13.800640553305465 56.552672782702324 242.6338620356845 -999.0 6231.0 -999.0 -1 -999 {-999.0 -999.0 -999.0 -999.0 -999.0} "" -999.0 -999.0 -999.0 -999.0 -999 -999 "" "" "" "" 0 0 0.0 0.0 -999 ""
FIBERMAP 1152 R-9C3 APOGEE 0 0 0 1 0 0 -146.51261187248446 -166.90381228885445 143.1 -171.89966155049245 -140.55591194474027 28.470226 166.0411 -999.0 -999.0 -999.0 -999.0 -999.0 210.08927761400489 14.036612785998784 210.08175756909395 13.91055101976475 56.56181599643719 242.87912168813162 -999.0 16600.0 -999.0 2 256 {-999.0 -999.0 -999.0 -999.0 -999.0} "" -999.0 -999.0 -999.0 -999.0 -999 -999 "" "" "" "" 0 0 0.0 0.0 -999 ""
FIBERMAP 1152 R-9C3 BOSS 1 1 0 1 0 0 -145.80084077018893 -166.72427276344445 143.1 -171.16819957240827 -140.49569441648367 28.470226 166.0411 210.09253574654394 14.036763403642066 -0.5716898 0.16824569 -0.10169459 210.09253407715417 14.036763880265944 210.08511813117258 13.910791746914247 56.56448442776854 242.87568860078287 5400.0 5400.0 2016.0 1 477 {-999.0 19.114462 19.234587 19.141504 19.023434} sdss_psfmag_from_lsdr10 19.1735 19.121447 18.712019 -999.0 63050394841206839 1059080222 dark_flexible_2x2 bhm_spiders_agn_lsdr10 bhm_spiders science 0 0 0.0 0.0 -999 ""
FIBERMAP 1152 R-9C3 METROLOGY 0 0 0 1 0 0 -146.02241511508504 -167.4688102715729 143.1 -171.50896116419437 -141.19362014254773 28.470226 166.0411 -999.0 -999.0 -999.0 -999.0 -999.0 210.0910118433106 14.033646472531304 210.08357103469018 13.907649108970535 56.56132520004039 242.8730270419846 -999.0 6231.0 -999.0 -1 -999 {-999.0 -999.0 -999.0 -999.0 -999.0} "" -999.0 -999.0 -999.0 -999.0 -999 -999 "" "" "" "" 0 0 0.0 0.0 -999 ""
FIBERMAP 1153 R-6C11 APOGEE 0 0 0 1 0 0 -18.967270442010378 -116.7158911576761 143.1 -37.86816854891166 -111.99747432472972 222.47575 67.82045 -999.0 -999.0 -999.0 -999.0 -999.0 210.7152111190386 14.164858565199618 210.7069912221615 14.039499901112634 57.11101442243646 242.35204669098192 -999.0 16600.0 -999.0 2 -999 {-999.0 -999.0 -999.0 -999.0 -999.0} "" -999.0 -999.0 -999.0 -999.0 -999 -999 "" "" "" "" 0 0 0.0 0.0 -999 ""
FIBERMAP 1153 R-6C11 BOSS 1 1 0 1 0 0 -19.23550439880869 -116.02656437057038 143.1 -38.01954598310137 -111.2735868552885 222.47575 67.82045 210.71445176731032 14.16800968983515 -25.41471 0.56753683 0.20303872 210.71437751116747 14.168011297601092 210.70625854876698 14.04273536976168 57.112541545668876 242.35746030872807 5400.0 5400.0 2016.0 1 386 {-999.0 18.021574 17.71266 17.609152 -999.0} sdss_psfmag 17.980244 17.721163 17.291409 16.246 63050394841190167 976203255 "" ops_std_boss ops_std standard_boss 0 0 0.0 0.0 -999 ""
FIBERMAP 1153 R-6C11 METROLOGY 0 0 0 1 0 0 -18.494410907687342 -116.13877258986564 143.1 -37.30706192325781 -111.50592036424078 222.47575 67.82045 -999.0 -999.0 -999.0 -999.0 -999.0 210.71775419709672 14.166985418754786 210.7096041728406 14.04168982420994 57.11436376866822 242.35215235615618 -999.0 6231.0 -999.0 -1 -999 {-999.0 -999.0 -999.0 -999.0 -999.0} "" -999.0 -999.0 -999.0 -999.0 -999 -999 "" "" "" "" 0 0 0.0 0.0 -999 ""
FIBERMAP 1156 R-11C14 APOGEE 0 0 0 1 0 0 136.33821213296767 -230.21304183446637 143.1 96.66911583656852 -249.4314020700958 13.958538 35.42235 -999.0 -999.0 -999.0 -999.0 -999.0 211.34188645318565 13.54508243411087 211.33399233903094 13.420654154553594 57.17318802389799 240.75572900421517 -999.0 16600.0 -999.0 2 239 {-999.0 -999.0 -999.0 -999.0 -999.0} "" -999.0 -999.0 -999.0 -999.0 -999 -999 "" "" "" "" 0 0 0.0 0.0 -999 ""
FIBERMAP 1156 R-11C14 BOSS 1 1 0 1 0 0 135.8558307606838 -230.78052546816957 143.1 96.10020006951797 -249.9118903158779 13.958538 35.42235 211.33912529316544 13.542842332588204 -999.0 -999.0 -999.0 211.33912529316544 13.542842332588203 211.33133862680944 13.418497830009622 57.169825337692565 240.75585462648237 5400.0 5400.0 2016.0 1 255 {-999.0 21.18474 20.771177 20.64775 20.569304} sdss_psfmag_from_lsdr10 20.678974 21.0715 19.982426 -999.0 63050394841183787 1059077614 dark_flexible_2x2 bhm_spiders_agn_lsdr10 bhm_spiders science 0 0 0.0 0.0 -999 ""
FIBERMAP 1156 R-11C14 METROLOGY 0 0 0 1 0 0 135.60185423816893 -230.0771032350397 143.1 95.96519816926003 -249.17644186192123 13.958538 35.42235 -999.0 -999.0 -999.0 -999.0 -999.0 211.3385559071725 13.546147692543114 211.33073626948408 13.421777035863629 57.171536130485826 240.76112685390518 -999.0 6231.0 -999.0 -1 -999 {-999.0 -999.0 -999.0 -999.0 -999.0} "" -999.0 -999.0 -999.0 -999.0 -999 -999 "" "" "" "" 0 0 0.0 0.0 -999 ""
FIBERMAP 1158 R-5C22 APOGEE 0 0 0 1 0 0 247.89244168480963 -106.73199270548925 143.1 226.96210723463673 -145.96208399213822 345.0397 94.04767 -999.0 -999.0 -999.0 -999.0 -999.0 211.95075576111856 14.010559385286756 211.941715687905 13.886750662607037 57.92467152693726 240.68945614506623 -999.0 16600.0 -999.0 2 211 {-999.0 -999.0 -999.0 -999.0 -999.0} "" -999.0 -999.0 -999.0 -999.0 -999 -999 "" "" "" "" 0 0 0.0 0.0 -999 ""
FIBERMAP 1158 R-5C22 BOSS 1 1 0 1 0 0 247.7499906313353 -107.45793002177652 143.1 226.70243488080072 -146.65465516131715 345.0397 94.04767 211.94944542677786 14.007363889869737 -9.033359 -3.1630132 0.25000265 211.94941905187355 14.007354929355504 211.94048414932385 13.883629352359836 57.921722912127436 240.68649225817433 5400.0 5400.0 2016.0 1 251 {-999.0 16.572006 16.212202 16.10347 -999.0} sdss_psfmag 16.539137 16.231405 15.782953 14.908 63050394841192897 980761824 "" ops_std_boss_tic ops_std standard_boss 0 0 0.0 0.0 -999 ""
FIBERMAP 1158 R-5C22 METROLOGY 0 0 0 1 0 0 247.18842203680862 -106.9706203174897 143.1 226.22858946090625 -146.0818499040947 345.0397 94.04767 -999.0 -999.0 -999.0 -999.0 -999.0 211.94729790307014 14.00995405463914 211.9383329175182 13.886201314412453 57.92183111453047 240.69272736744588 -999.0 6231.0 -999.0 -1 -999 {-999.0 -999.0 -999.0 -999.0 -999.0} "" -999.0 -999.0 -999.0 -999.0 -999 -999 "" "" "" "" 0 0 0.0 0.0 -999 ""
FIBERMAP 1162 R-2C6 APOGEE 0 0 0 1 0 0 -151.91624060313885 -58.36257865782427 143.1 -159.4094259644199 -32.61966520400771 334.81387 54.875645 -999.0 -999.0 -999.0 -999.0 -999.0 210.1449405750226 14.52582157740389 210.13672250525588 14.399688530095194 56.91277347473758 243.50787953259643 -999.0 16600.0 -999.0 2 -999 {-999.0 -999.0 -999.0 -999.0 -999.0} "" -999.0 -999.0 -999.0 -999.0 -999 -999 "" "" "" "" 0 0 0.0 0.0 -999 ""
FIBERMAP 1162 R-2C6 BOSS 1 1 0 1 0 0 -152.5663624912885 -58.74560471394485 143.1 -160.1134932917742 -32.89069308840141 334.81387 54.875645 210.14149102176938 14.524491549434563 -999.0 -999.0 -999.0 210.14149102176938 14.524491549434563 210.1333844002396 14.398438617041624 56.90947447140269 243.50982866970242 5400.0 5400.0 2016.0 1 472 {-999.0 21.241123 21.149738 20.970789 20.795654} sdss_psfmag_from_lsdr10 20.313726 20.868156 19.971123 -999.0 63050394841208660 1059082737 dark_flexible_2x2 bhm_spiders_agn_lsdr10 bhm_spiders science 0 0 0.0 0.0 -999 ""
FIBERMAP 1162 R-2C6 METROLOGY 0 0 0 1 0 0 -152.5686750298997 -58.000651456181444 143.1 -159.99347255030963 -32.15560106303626 334.81387 54.875645 -999.0 -999.0 -999.0 -999.0 -999.0 210.14208206250953 14.527858449004292 210.13394025171476 14.401781520197764 56.911997024366514 243.51396581717424 -999.0 6231.0 -999.0 -1 -999 {-999.0 -999.0 -999.0 -999.0 -999.0} "" -999.0 -999.0 -999.0 -999.0 -999 -999 "" "" "" "" 0 0 0.0 0.0 -999 ""
FIBERMAP 1163 R-8C7 APOGEE 0 0 0 1 0 0 -79.41347088262775 -142.37437285202876 143.1 -101.69585317709988 -127.37957162588486 166.03432 78.08026 -999.0 -999.0 -999.0 -999.0 -999.0 210.41626989386359 14.095506278931966 210.40839554713227 13.969812025026302 56.84376793014803 242.59391256138196 -999.0 16600.0 -999.0 2 -999 {-999.0 -999.0 -999.0 -999.0 -999.0} "" -999.0 -999.0 -999.0 -999.0 -999 -999 "" "" "" "" 0 0 0.0 0.0 -999 ""
FIBERMAP 1163 R-8C7 BOSS 1 1 0 1 0 0 -79.11213086659542 -141.685997786914 143.1 -101.28564283244664 -126.75013167576505 166.03432 78.08026 210.41803589454986 14.098226478388309 0.16475347 -0.33874622 -0.3486691 210.41803637577533 14.098225518752786 210.41026258601786 13.972617826951987 56.84695444099473 242.5957424589255 5400.0 5400.0 2016.0 1 401 {-999.0 20.375498 20.220598 20.1551 20.066845} sdss_psfmag 20.022367 19.89616 19.510107 -999.0 63050394841206921 1060491911 dark_flexible_2x2 bhm_aqmes_bonus_faint bhm_filler science 0 0 0.0 0.0 -999 ""
FIBERMAP 1163 R-8C7 METROLOGY 0 0 0 1 0 0 -78.67138192974966 -142.29713318263484 143.1 -100.95128504111447 -127.4252250189703 166.03432 78.08026 -999.0 -999.0 -999.0 -999.0 -999.0 210.41964731743866 14.095196338626087 210.41184632125453 13.969567249438928 56.84618750516763 242.58965594343562 -999.0 6231.0 -999.0 -1 -999 {-999.0 -999.0 -999.0 -999.0 -999.0} "" -999.0 -999.0 -999.0 -999.0 -999 -999 "" "" "" "" 0 0 0.0 0.0 -999 ""
FIBERMAP 1167 R-3C5 APOGEE 0 0 0 1 0 0 -178.4877157648468 -43.369025383336584 143.1 -183.15408021814858 -13.469899932449998 161.411 74.38523 -999.0 -999.0 -999.0 -999.0 -999.0 210.03385112810696 14.612655988176645 210.02561360811126 14.486369186127407 56.883525289536536 243.7551437503577 -999.0 16600.0 -999.0 2 264 {-999.0 -999.0 -999.0 -999.0 -999.0} "" -999.0 -999.0 -999.0 -999.0 -999 -999 "" "" "" "" 0 0 0.0 0.0 -999 ""
FIBERMAP 1167 R-3C5 BOSS 1 1 0 1 0 0 -178.06278243463044 -42.738771514333365 143.1 -182.6315175523073 -12.91807291636728 161.411 74.38523 210.03611925582518 14.615083951666342 -0.8569395 -1.5067856 0.2746508 210.03611674701992 14.615079683087288 210.02798119538636 14.48887838728192 56.88688439560351 243.7560903419666 5400.0 5400.0 2016.0 1 466 {-999.0 20.555948 20.32806 20.116854 19.914486} sdss_psfmag_from_gdr3 20.594248 20.39979 19.793135 -999.0 63050394841209070 1059221065 dark_flexible_2x2 bhm_spiders_agn_gaiadr3 bhm_spiders science 0 0 0.0 0.0 -999 ""
FIBERMAP 1167 R-3C5 METROLOGY 0 0 0 1 0 0 -177.74422753233733 -43.42250085134408 143.1 -182.42959198355828 -13.644701243377593 161.411 74.38523 -999.0 -999.0 -999.0 -999.0 -999.0 210.03710904695703 14.611805598552591 210.0289466304397 14.485582692343993 56.88554578929244 243.75031825998656 -999.0 6231.0 -999.0 -1 -999 {-999.0 -999.0 -999.0 -999.0 -999.0} "" -999.0 -999.0 -999.0 -999.0 -999 -999 "" "" "" "" 0 0 0.0 0.0 -999 ""
FIBERMAP 1169 R-11C9 APOGEE 0 0 0 1 0 0 9.256345191508288 -221.99439869682664 143.1 -27.316471369988044 -220.46228198159375 208.43845 156.02344 -999.0 -999.0 -999.0 -999.0 -999.0 210.7647980549625 13.674790044406835 210.75719970348803 13.549628057157841 56.83241944160432 241.60737947337722 -999.0 16600.0 -999.0 2 168 {-999.0 -999.0 -999.0 -999.0 -999.0} "" -999.0 -999.0 -999.0 -999.0 -999 -999 "" "" "" "" 0 0 0.0 0.0 -999 ""
FIBERMAP 1169 R-11C9 BOSS 1 1 0 1 0 0 8.516306861864042 -222.08553926656563 143.1 -28.06129923041135 -220.4306750505893 208.43845 156.02344 210.76121121253806 13.674877876076225 0.5014627 -23.02595 0.40900254 210.761212674578 13.674812645771812 210.75372173919496 13.549732995451096 56.829914766566596 241.61153521985477 5400.0 5400.0 2016.0 1 361 {-999.0 17.713331 17.353796 17.258915 -999.0} sdss_psfmag 17.64577 17.36571 16.915525 16.127 63050394841187826 976203279 "" ops_std_boss ops_std standard_boss 0 0 0.0 0.0 -999 ""
FIBERMAP 1169 R-11C9 METROLOGY 0 0 0 1 0 0 8.808289210200273 -221.39343469230042 143.1 -27.659705627280605 -219.79602058109222 208.43845 156.02344 -999.0 -999.0 -999.0 -999.0 -999.0 210.76311572753607 13.677689504153157 210.755589713478 13.552586747227535 56.833148124634256 241.61335094447753 -999.0 6231.0 -999.0 -1 -999 {-999.0 -999.0 -999.0 -999.0 -999.0} "" -999.0 -999.0 -999.0 -999.0 -999 -999 "" "" "" "" 0 0 0.0 0.0 -999 ""
FIBERMAP 1170 R-5C6 APOGEE 0 0 0 1 0 0 -135.99706043764732 -86.93842554939256 143.1 -148.4004803265306 -63.41618478129508 164.61292 91.78406 -999.0 -999.0 -999.0 -999.0 -999.0 210.19685250320984 14.385931838277997 210.18877628666792 14.25989844393133 56.86371414409226 243.25108775317824 -999.0 16600.0 -999.0 2 -999 {-999.0 -999.0 -999.0 -999.0 -999.0} "" -999.0 -999.0 -999.0 -999.0 -999 -999 "" "" "" "" 0 0 0.0 0.0 -999 ""
FIBERMAP 1170 R-5C6 BOSS 1 1 0 1 0 0 -135.84595120611942 -86.21267359294687 143.1 -148.13229924996554 -62.725217866112615 164.61292 91.78406 210.197928817688 14.388964003701933 1.5591809 -0.12336794 -0.7311752 210.19793337774178 14.388963654212352 210.18995869945388 14.263014961256847 56.86657241624589 243.25417966859192 5400.0 5400.0 2016.0 1 456 {-999.0 20.57791 20.474897 20.231781 19.998915} sdss_psfmag_from_lsdr10 20.744043 20.425552 19.911684 -999.0 63050394841207479 1059082738 dark_flexible_2x2 bhm_spiders_agn_lsdr10 bhm_spiders science 0 0 0.0 0.0 -999 ""
FIBERMAP 1170 R-5C6 METROLOGY 0 0 0 1 0 0 -135.28406524021466 -86.71865332878728 143.1 -147.66120594367138 -63.31648860146293 164.61292 91.78406 -999.0 -999.0 -999.0 -999.0 -999.0 210.20018462 14.38630582548948 210.1921814151326 14.260336632681938 56.86654805610366 243.24789153559487 -999.0 6231.0 -999.0 -1 -999 {-999.0 -999.0 -999.0 -999.0 -999.0} "" -999.0 -999.0 -999.0 -999.0 -999 -999 "" "" "" "" 0 0 0.0 0.0 -999 ""
FIBERMAP 1172 R-3C6 APOGEE 0 0 0 1 0 0 -151.58794428430892 -42.724452272151254 143.1 -156.51827877605228 -17.250414017663967 136.2247 88.80225 -999.0 -999.0 -999.0 -999.0 -999.0 210.15825629845523 14.595690365237424 210.14993359300422 14.469553507616752 56.96666485195101 243.59268980858752 -999.0 16600.0 -999.0 2 -999 {-999.0 -999.0 -999.0 -999.0 -999.0} "" -999.0 -999.0 -999.0 -999.0 -999 -999 "" "" "" "" 0 0 0.0 0.0 -999 ""
FIBERMAP 1172 R-3C6 BOSS 1 1 0 1 0 0 -151.07433216372263 -42.18996481947817 143.1 -155.92397868487652 -16.80759561095927 136.2247 88.80225 210.1606079508961 14.597671893965094 -24.752598 -19.144962 0.5156779 210.1608644056614 14.597617658113585 210.15264355977573 14.47156679444598 56.969971221774664 243.59253710161093 5400.0 5400.0 2016.0 1 467 {-999.0 16.413954 15.953058 15.81421 -999.0} sdss_psfmag 16.304863 15.963612 15.444683 14.536 63050394841209325 1136776331 dark_flexible_3x1 mwm_halo_local_high_boss_triple mwm_halo science 0 0 1.145872712135315 0.0 -999 ""
FIBERMAP 1172 R-3C6 METROLOGY 0 0 0 1 0 0 -150.86421713748086 -42.90578345384901 143.1 -155.83427047490113 -17.548069162724953 136.2247 88.80225 -999.0 -999.0 -999.0 -999.0 -999.0 210.16133333361557 14.594276823679774 210.1530862874563 14.468203771843312 56.968190875534546 243.58724416478685 -999.0 6231.0 -999.0 -1 -999 {-999.0 -999.0 -999.0 -999.0 -999.0} "" -999.0 -999.0 -999.0 -999.0 -999 -999 "" "" "" "" 0 0 0.0 0.0 -999 ""
FIBERMAP 1174 R-1C1 APOGEE 0 0 0 1 0 0 -301.6709875191379 -20.549144828537536 143.1 -300.8975319091992 29.25968850028548 250.79178 29.283594 -999.0 -999.0 -999.0 -999.0 -999.0 209.48908054946696 14.803899310088376 209.48106662663577 14.67693131216784 56.590028876787606 244.6255509005277 -999.0 16600.0 -999.0 2 293 {-999.0 -999.0 -999.0 -999.0 -999.0} "" -999.0 -999.0 -999.0 -999.0 -999 -999 "" "" "" "" 0 0 0.0 0.0 -999 ""
FIBERMAP 1174 R-1C1 BOSS 1 1 0 1 0 0 -301.8523399580549 -19.83340328610122 143.1 -300.95888558824595 29.995363968904634 250.79178 29.283594 209.4887745937322 14.807168651480556 -20.289213 -13.559797 2.1060755 209.48871514204302 14.807130237868947 209.4808069707444 14.680244405443883 56.591882378169224 244.63055908271573 5400.0 5400.0 2016.0 1 425 {-999.0 20.95746 19.509356 18.244781 -999.0} sdss_psfmag 20.174372 18.933382 17.779713 15.386 63050394841213454 1094170633 bright_1x1 mwm_bin_vis_boss mwm_filler science 0 0 0.0 0.0 -999 ""
FIBERMAP 1174 R-1C1 METROLOGY 0 0 0 1 0 0 -301.12517137132875 -20.040523818127856 143.1 -300.2757170813988 29.671709007511836 250.79178 29.283594 -999.0 -999.0 -999.0 -999.0 -999.0 209.49186956294193 14.80571539408472 209.48392918267768 14.678809829347461 56.593366534202545 244.62511729827924 -999.0 6231.0 -999.0 -1 -999 {-999.0 -999.0 -999.0 -999.0 -999.0} "" -999.0 -999.0 -999.0 -999.0 -999 -999 "" "" "" "" 0 0 0.0 0.0 -999 ""
FIBERMAP 1176 R+12C11 APOGEE 0 0 0 1 0 0 55.63721611808244 225.05853301968608 143.1 91.82098866055819 212.8304986893443 218.38353 113.42935 -999.0 -999.0 -999.0 -999.0 -999.0 211.32711904126262 15.638106785290063 211.31634687462167 15.513078934702033 58.4984366226542 243.79844696833572 -999.0 16600.0 -999.0 2 -999 {-999.0 -999.0 -999.0 -999.0 -999.0} "" -999.0 -999.0 -999.0 -999.0 -999 -999 "" "" "" "" 0 0 0.0 0.0 -999 ""
FIBERMAP 1176 R+12C11 BOSS 1 1 0 1 0 0 54.98132773268723 225.39538146125554 143.1 91.22941833303462 213.27039587657862 218.38353 113.42935 211.3242417585854 15.640097837023287 2.8072226 -15.326298 0.07292967 211.32425001694895 15.640054419092884 211.31357939614892 15.515100395911901 58.49760593607299 243.80465034609077 5400.0 5400.0 2016.0 1 102 {-999.0 17.921549 17.598932 17.47864 17.44401} sdss_psfmag_from_gaia 17.8919 17.6069 17.1687 16.037 63050394841220882 968382244 "" ops_std_boss_gdr2 ops_std standard_boss 0 0 0.0 0.0 -999 ""
FIBERMAP 1176 R+12C11 METROLOGY 0 0 0 1 0 0 55.61013218238453 225.80413910934666 143.1 91.91668571551976 213.5703013759417 218.38353 113.42935 -999.0 -999.0 -999.0 -999.0 -999.0 211.3275033884191 15.641392646036222 211.31679920114402 15.516420148615195 58.50085610336387 243.8029352834261 -999.0 6231.0 -999.0 -1 -999 {-999.0 -999.0 -999.0 -999.0 -999.0} "" -999.0 -999.0 -999.0 -999.0 -999 -999 "" "" "" "" 0 0 0.0 0.0 -999 ""
FIBERMAP 1177 R+4C12 APOGEE 0 0 0 1 0 0 -18.177688933411645 73.72474821537924 143.1 -5.824159185684095 75.69554491428808 230.39165 73.0136 -999.0 -999.0 -999.0 -999.0 -999.0 210.86664646502464 15.019145136765626 210.85713526312395 14.893730539500044 57.76538714836865 243.40748715002206 -999.0 16600.0 -999.0 2 -999 {-999.0 -999.0 -999.0 -999.0 -999.0} "" -999.0 -999.0 -999.0 -999.0 -999 -999 "" "" "" "" 0 0 0.0 0.0 -999 ""
FIBERMAP 1177 R+4C12 BOSS 1 1 0 1 0 0 -18.592320949414077 74.34122347640503 143.1 -6.131882422385748 76.37161701254169 230.39165 73.0136 210.86457995688562 15.022213355266777 -5.7398033 -11.238711 0.2052868 210.86509231908337 15.022181517075785 210.85568200102398 14.896845119430376 57.76625083917724 243.41368456718794 5400.0 5400.0 2016.0 1 115 {-999.0 14.589798 14.047229 13.8144 -999.0} sdss_psfmag_from_g3xp 14.462564 14.054535 13.470141 12.294 63050394841216744 1133174358 dark_flexible_3x1 mwm_halo_mp_xp_boss_triple mwm_halo science 0 0 1.840005874633789 0.0 -999 ""
FIBERMAP 1177 R+4C12 METROLOGY 0 0 0 1 0 0 -17.848923038934544 74.39450560962021 143.1 -5.389956512608616 76.30212053209604 230.39165 73.0136 -999.0 -999.0 -999.0 -999.0 -999.0 210.86862072858915 15.021877249344348 210.85917836478575 14.896522233275343 57.76867707597075 243.4092343074617 -999.0 6231.0 -999.0 -1 -999 {-999.0 -999.0 -999.0 -999.0 -999.0} "" -999.0 -999.0 -999.0 -999.0 -999 -999 "" "" "" "" 0 0 0.0 0.0 -999 ""
FIBERMAP 1189 R-13C11 APOGEE 0 0 0 1 0 0 87.70933777658173 -244.647304878673 143.1 46.33902208023263 -255.68367060549843 29.987175 126.472885 -999.0 -999.0 -999.0 -999.0 -999.0 211.1077412714543 13.516886471162827 211.10007648242265 13.392181610224677 56.98269952022237 240.99063713358362 -999.0 16600.0 -999.0 2 189 {-999.0 -999.0 -999.0 -999.0 -999.0} "" -999.0 -999.0 -999.0 -999.0 -999 -999 "" "" "" "" 0 0 0.0 0.0 -999 ""
FIBERMAP 1189 R-13C11 BOSS 1 1 0 1 0 0 88.38475164327569 -244.9384854460779 143.1 46.95734692078191 -256.0817332800279 29.987175 126.472885 211.1102479111818 13.51497546939656 -46.065434 13.505106 1.4658695 211.1105074133435 13.515013728029585 211.10294623180812 13.390399690969234 56.98364331426331 240.98481081492778 5400.0 5400.0 2016.0 1 336 {-999.0 16.03091 15.368141 15.110006 -999.0} sdss_psfmag 15.8314 15.380903 14.765267 13.531 63050394841187501 1136102240 dark_flexible_3x1 mwm_halo_local_high_boss_triple mwm_halo science 0 0 1.3781347274780273 0.0 -999 ""
FIBERMAP 1189 R-13C11 METROLOGY 0 0 0 1 0 0 87.76107596233457 -245.3906796003254 143.1 46.268006683994095 -256.42532017016214 29.987175 126.472885 -999.0 -999.0 -999.0 -999.0 -999.0 211.1073217207582 13.513508335518376 211.09973579161522 13.388866192191681 56.980278502939825 240.9864360402994 -999.0 6231.0 -999.0 -1 -999 {-999.0 -999.0 -999.0 -999.0 -999.0} "" -999.0 -999.0 -999.0 -999.0 -999 -999 "" "" "" "" 0 0 0.0 0.0 -999 ""
FIBERMAP 1190 R+13C5 APOGEE 0 0 0 1 0 0 -46.90943844474371 256.3588129769182 143.1 -4.1772821128704525 260.53592321231787 359.0353 139.06508 -999.0 -999.0 -999.0 -999.0 -999.0 210.87560213629726 15.853450088729868 210.8649412293944 15.72781747664023 58.28935102795168 244.63322007694103 -999.0 16600.0 -999.0 2 111 {-999.0 -999.0 -999.0 -999.0 -999.0} "" -999.0 -999.0 -999.0 -999.0 -999 -999 "" "" "" "" 0 0 0.0 0.0 -999 ""
FIBERMAP 1190 R+13C5 BOSS 1 1 0 1 0 0 -46.343049964118855 255.88371564873222 143.1 -3.6966781189784634 259.9743711504181 359.0353 139.06508 210.8777824670957 15.850885207628215 -9.244428 -1.8173637 0.4275151 210.87775524335933 15.850880059209512 210.86719938970575 15.725328235596246 58.28953849812292 244.6269429986829 5400.0 5400.0 2016.0 1 85 {-999.0 16.558485 16.109797 15.982898 -999.0} sdss_psfmag 16.438887 16.1238 15.639799 14.706 63050394841225509 978108351 "" ops_std_boss ops_std standard_boss 0 0 0.0 0.0 -999 ""
FIBERMAP 1190 R+13C5 METROLOGY 0 0 0 1 0 0 -47.040653222518536 255.61812405711666 143.1 -4.42829447686483 259.82695853297025 359.0353 139.06508 -999.0 -999.0 -999.0 -999.0 -999.0 210.87434200929167 15.850244421122794 210.86376081333196 15.724666701184692 58.28651972685896 244.6298158162811 -999.0 6231.0 -999.0 -1 -999 {-999.0 -999.0 -999.0 -999.0 -999.0} "" -999.0 -999.0 -999.0 -999.0 -999 -999 "" "" "" "" 0 0 0.0 0.0 -999 ""
FIBERMAP 1192 R-11C4 APOGEE 0 0 0 1 0 0 -107.68496802331181 -204.9753809164247 143.1 -139.8561200818479 -184.47857512027102 111.26376 134.11032 -999.0 -999.0 -999.0 -999.0 -999.0 210.23965580487456 13.838108597070844 210.23227356574114 13.712278474787409 56.547533901202655 242.4329366477118 -999.0 16600.0 -999.0 2 164 {-999.0 -999.0 -999.0 -999.0 -999.0} "" -999.0 -999.0 -999.0 -999.0 -999 -999 "" "" "" "" 0 0 0.0 0.0 -999 ""
FIBERMAP 1192 R-11C4 BOSS 1 1 0 1 0 0 -107.38035596522045 -204.29900000023932 143.1 -139.44465179586754 -183.86150161742145 111.26376 134.11032 210.24143434780922 13.840766507136541 -4.9027677 -1.0260792 0.3597225 210.24142004340098 13.840763600352318 210.23413935228615 13.715021339600456 56.55068372989882 242.4346458310284 5400.0 5400.0 2016.0 1 349 {-999.0 17.659147 17.261032 17.116003 -999.0} sdss_psfmag 17.562614 17.27329 16.794388 15.993 63050394841187273 976659357 "" ops_std_boss ops_std standard_boss 0 0 0.0 0.0 -999 ""
FIBERMAP 1192 R-11C4 METROLOGY 0 0 0 1 0 0 -106.94122855293801 -204.89843572407946 143.1 -139.10997246335953 -184.5247899132479 111.26376 134.11032 -999.0 -999.0 -999.0 -999.0 -999.0 210.24303231664163 13.837803445155222 210.23572402660943 13.712039381108786 56.54995254415047 242.42870383006684 -999.0 6231.0 -999.0 -1 -999 {-999.0 -999.0 -999.0 -999.0 -999.0} "" -999.0 -999.0 -999.0 -999.0 -999 -999 "" "" "" "" 0 0 0.0 0.0 -999 ""
FIBERMAP 1194 R-7C9 APOGEE 0 0 0 1 0 0 -44.57273209969608 -137.82748461144695 143.1 -66.58759285385551 -128.61511119028225 171.74318 133.8539 -999.0 -999.0 -999.0 -999.0 -999.0 210.5806282039894 14.089648302118288 210.57262326816146 13.964150387444892 56.96263474900397 242.3992210060798 -999.0 16600.0 -999.0 2 171 {-999.0 -999.0 -999.0 -999.0 -999.0} "" -999.0 -999.0 -999.0 -999.0 -999 -999 "" "" "" "" 0 0 0.0 0.0 -999 ""
FIBERMAP 1194 R-7C9 BOSS 1 1 0 1 0 0 -44.98307037068997 -137.20799067073673 143.1 -66.89058578493274 -127.93676682880736 171.74318 133.8539 210.57907104492185 14.092590358153899 -999.0 -999.0 -999.0 210.57907104492182 14.092590358153899 210.5711684926671 13.96717484408975 56.963488042008436 242.40513976551713 5400.0 5400.0 2015.5 1 388 {-999.0 -999.0 -999.0 -999.0 -999.0} "" -999.0 -999.0 -999.0 -999.0 27021603099587908 806479668 "" ops_sky_boss_good ops_sky sky_boss 0 0 0.0 0.0 -999 ""
FIBERMAP 1194 R-7C9 METROLOGY 0 0 0 1 0 0 -44.23894075462193 -137.15906529404103 143.1 -66.1486534917568 -128.01068029991487 171.74318 133.8539 -999.0 -999.0 -999.0 -999.0 -999.0 210.58258247596498 14.092283269359465 210.57464765163127 13.966847902188565 56.965871282303524 242.40071220020616 -999.0 6231.0 -999.0 -1 -999 {-999.0 -999.0 -999.0 -999.0 -999.0} "" -999.0 -999.0 -999.0 -999.0 -999 -999 "" "" "" "" 0 0 0.0 0.0 -999 ""
FIBERMAP 1200 R+2C7 APOGEE 0 0 0 1 0 0 -141.40562164228527 51.17413962989852 143.1 -131.06028414339343 73.68568550987152 125.809975 108.64961 -999.0 -999.0 -999.0 -999.0 -999.0 210.2771113949733 15.009351506421966 210.26813173395158 14.883239632582244 57.314688722392226 244.0556275355758 -999.0 16600.0 -999.0 2 146 {-999.0 -999.0 -999.0 -999.0 -999.0} "" -999.0 -999.0 -999.0 -999.0 -999 -999 "" "" "" "" 0 0 0.0 0.0 -999 ""
FIBERMAP 1200 R+2C7 BOSS 1 1 0 1 0 0 -140.9987596480158 51.794517863598244 143.1 -130.55716570279074 74.2307394834268 125.809975 108.64961 210.2793396211354 15.01181225056053 -8.1743355 -10.878988 0.11577328 210.2793156458119 15.011781431429888 210.27043681369315 14.885753083796205 57.31799707494031 244.05669988387294 5400.0 5400.0 2016.0 1 47 {-999.0 17.219261 16.962433 16.863567 -999.0} sdss_psfmag 17.198084 16.941847 16.520626 15.674 63050394841209942 980448234 "" ops_std_boss_tic ops_std standard_boss 0 0 0.0 0.0 -999 ""
FIBERMAP 1200 R+2C7 METROLOGY 0 0 0 1 0 0 -140.66164869115136 51.12574332313645 143.1 -130.33448399057977 73.51581395895037 125.809975 108.64961 -999.0 -999.0 -999.0 -999.0 -999.0 210.28039840922673 15.008555392287203 210.27149293168327 14.882506084817342 57.31677333025337 244.05081819787387 -999.0 6231.0 -999.0 -1 -999 {-999.0 -999.0 -999.0 -999.0 -999.0} "" -999.0 -999.0 -999.0 -999.0 -999 -999 "" "" "" "" 0 0 0.0 0.0 -999 ""
FIBERMAP 1203 R-3C1 APOGEE 0 0 0 1 0 0 -275.78909728751705 -67.03600010555832 143.1 -283.00334448336247 -20.837228138392785 256.55566 54.528645 -999.0 -999.0 -999.0 -999.0 -999.0 209.57203038683903 14.578075381396188 209.56423942904792 14.45126472474075 56.51292450074137 244.21398545646633 -999.0 16600.0 -999.0 2 269 {-999.0 -999.0 -999.0 -999.0 -999.0} "" -999.0 -999.0 -999.0 -999.0 -999 -999 "" "" "" "" 0 0 0.0 0.0 -999 ""
FIBERMAP 1203 R-3C1 BOSS 1 1 0 1 0 0 -276.27516597743147 -66.49025320030337 143.1 -283.3931340651488 -20.21918409180747 256.55566 54.528645 209.57012986238632 14.580778954182284 -999.0 -999.0 -999.0 209.5701298623863 14.580778954182286 209.5624460520445 14.454049592668971 56.513302707960776 244.2198941082727 5400.0 5400.0 2016.0 1 496 {-999.0 22.426908 21.677317 21.14746 20.7487} sdss_psfmag_from_lsdr10 nan nan nan -999.0 63050399085782115 1059082725 dark_flexible_2x2 bhm_spiders_agn_lsdr10 bhm_spiders science 0 0 0.0 0.0 -999 ""
FIBERMAP 1203 R-3C1 METROLOGY 0 0 0 1 0 0 -275.5562726801194 -66.33095205092813 143.1 -282.6579704034989 -20.180095996946044 256.55566 54.528645 -999.0 -999.0 -999.0 -999.0 -999.0 209.57352922642932 14.580990002045452 209.56581132121403 14.454240604370163 56.51596983616916 244.21648296554076 -999.0 6231.0 -999.0 -1 -999 {-999.0 -999.0 -999.0 -999.0 -999.0} "" -999.0 -999.0 -999.0 -999.0 -999 -999 "" "" "" "" 0 0 0.0 0.0 -999 ""
FIBERMAP 1207 R-4C13 APOGEE 0 0 0 1 0 0 27.76210662138835 -95.84034838372969 143.1 11.64602697164377 -99.08062760213814 329.8682 66.91627 -999.0 -999.0 -999.0 -999.0 -999.0 210.94771796629877 14.223252091478924 210.9392225461213 14.098155789656781 57.32146881635696 242.16834514662048 -999.0 16600.0 -999.0 2 -999 {-999.0 -999.0 -999.0 -999.0 -999.0} "" -999.0 -999.0 -999.0 -999.0 -999 -999 "" "" "" "" 0 0 0.0 0.0 -999 ""
FIBERMAP 1207 R-4C13 BOSS 1 1 0 1 0 0 27.19475532046858 -96.2898951889791 143.1 11.01267144653877 -99.43085049993016 329.8682 66.91627 210.9446423099945 14.221532038337768 -999.0 -999.0 -999.0 210.9446423099945 14.221532038337772 210.9362553433519 14.0965166344628 57.318210072643396 242.16943928925866 5400.0 5400.0 2016.0 1 363 {-999.0 22.896706 21.794344 21.216736 20.777723} sdss_fiber2mag_from_lsdr10 nan nan nan -999.0 63050396950294349 1059081483 dark_flexible_2x2 bhm_spiders_agn_lsdr10 bhm_spiders science 0 0 0.0 0.0 -999 ""
FIBERMAP 1207 R-4C13 METROLOGY 0 0 0 1 0 0 27.073454778601583 -95.553258467609 143.1 11.013974561743353 -98.68442602141931 329.8682 66.91627 -999.0 -999.0 -999.0 -999.0 -999.0 210.9446829635285 14.224956817601736 210.93626200669462 14.099916657809484 57.32039769422725 242.17425965511336 -999.0 6231.0 -999.0 -1 -999 {-999.0 -999.0 -999.0 -999.0 -999.0} "" -999.0 -999.0 -999.0 -999.0 -999 -999 "" "" "" "" 0 0 0.0 0.0 -999 ""
FIBERMAP 1208 R-3C19 APOGEE 0 0 0 1 0 0 133.168017898513 -51.74006990793028 143.1 122.84301224579966 -72.89144073370441 157.96332 110.367386 -999.0 -999.0 -999.0 -999.0 -999.0 211.46984641576972 14.341475941205873 211.4607476139089 14.216980654902768 57.78497466779293 241.7312225686232 -999.0 16600.0 -999.0 2 -999 {-999.0 -999.0 -999.0 -999.0 -999.0} "" -999.0 -999.0 -999.0 -999.0 -999 -999 "" "" "" "" 0 0 0.0 0.0 -999 ""
FIBERMAP 1208 R-3C19 BOSS 1 1 0 1 0 0 133.1597959498155 -51.01459131594243 143.1 122.9540075923936 -72.17458548764371 157.96332 110.367386 211.4703580011312 14.344646366182497 -8.513498 -9.302836 0.46299157 211.47033310708827 14.344620012138686 211.46133097853368 14.220207486622337 57.78748871483751 241.73516277555447 5400.0 5400.0 2016.0 1 289 {-999.0 17.118685 16.788183 16.619785 -999.0} sdss_psfmag 17.071486 16.761028 16.283752 15.464 63050394841198947 978108288 "" ops_std_boss ops_std standard_boss 0 0 0.0 0.0 -999 ""
FIBERMAP 1208 R-3C19 METROLOGY 0 0 0 1 0 0 133.81315980980418 -51.36529811762668 143.1 123.5408129254862 -72.62773606394293 157.96332 110.367386 -999.0 -999.0 -999.0 -999.0 -999.0 211.4730876431897 14.342584487985848 211.46405724127715 14.218152361517914 57.78818175517224 241.72901856994196 -999.0 6231.0 -999.0 -1 -999 {-999.0 -999.0 -999.0 -999.0 -999.0} "" -999.0 -999.0 -999.0 -999.0 -999 -999 "" "" "" "" 0 0 0.0 0.0 -999 ""
FIBERMAP 1213 R+9C2 APOGEE 0 0 0 1 0 0 -183.85332877286652 172.8016246549409 143.1 -152.956467114668 200.60993796948298 206.00423 96.53858 -999.0 -999.0 -999.0 -999.0 -999.0 210.17594797521753 15.582402654017027 210.1662902329308 15.456014854936045 57.591067285352274 245.00588164331072 -999.0 16600.0 -999.0 2 -999 {-999.0 -999.0 -999.0 -999.0 -999.0} "" -999.0 -999.0 -999.0 -999.0 -999 -999 "" "" "" "" 0 0 0.0 0.0 -999 ""
FIBERMAP 1213 R+9C2 BOSS 1 1 0 1 0 0 -184.25491975228243 173.43194710842442 143.1 -153.24905524991303 201.29752591154678 206.00423 96.53858 210.1744766855289 15.585411802304328 0.14070223 0.02968263 -0.06442525 210.17447709934024 15.585411886392372 210.16492296613674 15.459100905009302 57.59191433738645 245.01193992120346 5400.0 5400.0 2016.0 1 19 {-999.0 18.453669 18.536028 18.431335 18.269138} sdss_psfmag 18.24591 18.257977 17.852386 -999.0 63050394841222993 1128944570 dark_1x4 bhm_aqmes_wide1 bhm_aqmes science 0 0 0.0 0.0 -999 ""
FIBERMAP 1213 R+9C2 METROLOGY 0 0 0 1 0 0 -183.50671511044743 173.46232197560764 143.1 -152.50614945017358 201.20464793448215 206.00423 96.53858 -999.0 -999.0 -999.0 -999.0 -999.0 210.1779816738577 15.585043735063062 210.16839476876714 15.458714464232663 57.59432380255257 245.00754788714607 -999.0 6231.0 -999.0 -1 -999 {-999.0 -999.0 -999.0 -999.0 -999.0} "" -999.0 -999.0 -999.0 -999.0 -999 -999 "" "" "" "" 0 0 0.0 0.0 -999 ""
FIBERMAP 1215 R-1C15 APOGEE 0 0 0 1 0 0 25.746448474195155 -29.276826994700592 143.1 20.586035993460275 -33.10123908293713 226.45584 122.20112 -999.0 -999.0 -999.0 -999.0 -999.0 210.9903180356145 14.52343983158489 210.98137672786277 14.398311202275819 57.54490619208092 242.5483416829719 -999.0 16600.0 -999.0 2 -999 {-999.0 -999.0 -999.0 -999.0 -999.0} "" -999.0 -999.0 -999.0 -999.0 -999 -999 "" "" "" "" 0 0 0.0 0.0 -999 ""
FIBERMAP 1215 R-1C15 BOSS 1 1 0 1 0 0 25.01613320956306 -29.14763885043872 143.1 19.886969643143576 -32.8539285702444 226.45584 122.20112 210.98693847656247 14.52446984182616 -999.0 -999.0 -999.0 210.98693847656244 14.524469841826162 210.97810191378 14.399419666253705 57.54316921078957 242.55370118480363 5400.0 5400.0 2015.5 1 272 {-999.0 -999.0 -999.0 -999.0 -999.0} "" -999.0 -999.0 -999.0 -999.0 27021603099608925 806482573 "" ops_sky_boss_good ops_sky sky_boss 0 0 0.0 0.0 -999 ""
FIBERMAP 1215 R-1C15 METROLOGY 0 0 0 1 0 0 25.492328583140388 -28.575339246067642 143.1 20.450575104706903 -32.36767498277738 226.45584 122.20112 -999.0 -999.0 -999.0 -999.0 -999.0 210.98962249813448 14.526708036070312 210.98075135476108 14.401636995615902 57.54655983875404 242.5538360715439 -999.0 6231.0 -999.0 -1 -999 {-999.0 -999.0 -999.0 -999.0 -999.0} "" -999.0 -999.0 -999.0 -999.0 -999 -999 "" "" "" "" 0 0 0.0 0.0 -999 ""
FIBERMAP 1222 R+1C10 APOGEE 0 0 0 1 0 0 -77.06671548704885 3.32069474495 143.1 -75.46210790763604 15.927347756722554 296.58698 94.18608 -999.0 -999.0 -999.0 -999.0 -999.0 210.53836281966878 14.747073919145434 210.5295074637196 14.621342910255299 57.34775982444356 243.38411499836434 -999.0 16600.0 -999.0 2 -999 {-999.0 -999.0 -999.0 -999.0 -999.0} "" -999.0 -999.0 -999.0 -999.0 -999 -999 "" "" "" "" 0 0 0.0 0.0 -999 ""
FIBERMAP 1222 R+1C10 BOSS 1 1 0 1 0 0 -77.70435554716326 2.9171519286985124 143.1 -76.15723330066128 15.634035972755838 296.58698 94.18608 210.5349485549644 14.745663655857058 -0.76921374 -0.4789549 0.12238185 210.53494630164303 14.745662299023762 210.52620087467537 14.620010042328856 57.34443490480572 243.3859289583078 5400.0 5400.0 2016.0 1 30 {-999.0 19.605116 19.499262 19.537497 19.61952} sdss_psfmag_from_lsdr10 19.79797 19.632067 19.32103 -999.0 63050394841209461 1059083994 dark_flexible_2x2 bhm_spiders_agn_lsdr10 bhm_spiders science 0 0 0.0 0.0 -999 ""
FIBERMAP 1222 R+1C10 METROLOGY 0 0 0 1 0 0 -77.72775243979368 3.666660245567668 143.1 -76.0572592466929 16.377081928254874 296.58698 94.18608 -999.0 -999.0 -999.0 -999.0 -999.0 210.53545403041082 14.749068393584555 210.52667382303468 14.623392426481086 57.346919787187296 243.39026561255633 -999.0 6231.0 -999.0 -1 -999 {-999.0 -999.0 -999.0 -999.0 -999.0} "" -999.0 -999.0 -999.0 -999.0 -999 -999 "" "" "" "" 0 0 0.0 0.0 -999 ""
FIBERMAP 1226 R+8C2 APOGEE 0 0 0 1 0 0 -196.2457296871867 169.4225980485041 143.1 -165.73325560470883 199.31186518593964 217.728 14.2476845 -999.0 -999.0 -999.0 -999.0 -999.0 210.11621448171607 15.576048730257009 210.10661935407154 15.449592827293909 57.541649752742615 245.06203483870587 -999.0 16600.0 -999.0 2 -999 {-999.0 -999.0 -999.0 -999.0 -999.0} "" -999.0 -999.0 -999.0 -999.0 -999 -999 "" "" "" "" 0 0 0.0 0.0 -999 ""
FIBERMAP 1226 R+8C2 BOSS 1 1 0 1 0 0 -195.7976979888166 170.01694673349084 143.1 -165.19380677970727 199.82448847037483 217.728 14.2476845 210.11864239744602 15.57830301592205 -4.216519 -0.25488493 1.5289868 210.11862999691093 15.57830229385717 210.10913646183033 15.451928126335362 57.544997608185795 245.0627116799354 5400.0 5400.0 2016.0 1 69 {-999.0 20.893822 19.691952 18.34219 -999.0} sdss_psfmag 18.961845 19.052364 17.419199 -999.0 63050394841222988 1092543641 dark_flexible_2x1 mwm_cb_galex_vol_boss mwm_cb science 0 0 0.0 0.0 -999 ""
FIBERMAP 1226 R+8C2 METROLOGY 0 0 0 1 0 0 -195.50437238278062 169.33862586432653 143.1 -165.0158757530835 199.10733623956025 217.728 14.2476845 -999.0 -999.0 -999.0 -999.0 -999.0 210.11947645396728 15.575112982737908 210.10995601736 15.448718092519629 57.54365872581542 245.0570794519333 -999.0 6231.0 -999.0 -1 -999 {-999.0 -999.0 -999.0 -999.0 -999.0} "" -999.0 -999.0 -999.0 -999.0 -999 -999 "" "" "" "" 0 0 0.0 0.0 -999 ""
FIBERMAP 1229 R-10C17 APOGEE 0 0 0 1 0 0 168.938071185506 -197.1582774523851 143.1 134.2475360572383 -222.18307114031356 175.33064 136.91779 -999.0 -999.0 -999.0 -999.0 -999.0 211.51752048048317 13.667268317267986 211.509314667691 13.543020507536323 57.38212854620654 240.7194503367362 -999.0 16600.0 -999.0 2 188 {-999.0 -999.0 -999.0 -999.0 -999.0} "" -999.0 -999.0 -999.0 -999.0 -999 -999 "" "" "" "" 0 0 0.0 0.0 -999 ""
FIBERMAP 1229 R-10C17 BOSS 1 1 0 1 0 0 168.45394339640305 -196.6141731498525 143.1 133.85939102302459 -221.5669657597871 175.33064 136.91779 211.5156555175781 13.669924128672221 -999.0 -999.0 -999.0 211.51565551757807 13.669924128672221 211.50754892835548 13.545759065542347 57.38263095350188 240.72537354866887 5400.0 5400.0 2015.5 1 329 {-999.0 -999.0 -999.0 -999.0 -999.0} "" -999.0 -999.0 -999.0 -999.0 27021603099583408 806479092 "" ops_sky_boss_good ops_sky sky_boss 0 0 0.0 0.0 -999 ""
FIBERMAP 1229 R-10C17 METROLOGY 0 0 0 1 0 0 169.1750684132992 -196.45230027034995 143.1 134.597177934369 -221.52570767736512 175.33064 136.91779 -999.0 -999.0 -999.0 -999.0 -999.0 211.51910691105545 13.670145513096951 211.51096850298416 13.545960310041808 57.385271165995 240.72160716331655 -999.0 6231.0 -999.0 -1 -999 {-999.0 -999.0 -999.0 -999.0 -999.0} "" -999.0 -999.0 -999.0 -999.0 -999 -999 "" "" "" "" 0 0 0.0 0.0 -999 ""
FIBERMAP 1232 R-4C22 APOGEE 0 0 0 1 0 0 240.68139546324613 -85.75420763078468 143.1 223.29418518011266 -124.0888192281412 14.264971 70.479126 -999.0 -999.0 -999.0 -999.0 -999.0 211.93512266252267 14.109104403195285 211.92595745357312 13.985248597917012 57.977575610714126 240.84866000955606 -999.0 16600.0 -999.0 2 -999 {-999.0 -999.0 -999.0 -999.0 -999.0} "" -999.0 -999.0 -999.0 -999.0 -999 -999 "" "" "" "" 0 0 0.0 0.0 -999 ""
FIBERMAP 1232 R-4C22 BOSS 1 1 0 1 0 0 240.6284089806106 -86.49140965943121 143.1 223.12089815975958 -124.80718795383665 14.264971 70.479126 211.93419771274225 14.105772806565144 -0.057357635 -0.2230351 0.12354047 211.9341975452018 14.105772174728124 211.9251373611895 13.981999664621279 57.97484971212333 240.84500411888743 5400.0 5400.0 2016.0 1 322 {-999.0 19.01569 19.027802 18.757652 18.481682} sdss_psfmag 18.736464 18.684868 18.269361 -999.0 63050394841192998 1128944538 dark_1x4 bhm_aqmes_wide1 bhm_aqmes science 0 0 0.0 0.0 -999 ""
FIBERMAP 1232 R-4C22 METROLOGY 0 0 0 1 0 0 240.00856138149317 -86.07663014697026 143.1 222.57766737181328 -124.29634795341771 14.264971 70.479126 -999.0 -999.0 -999.0 -999.0 -999.0 211.93174311823645 14.10810098023756 211.92265352899767 13.984301088033876 57.97452994775906 240.85125951582938 -999.0 6231.0 -999.0 -1 -999 {-999.0 -999.0 -999.0 -999.0 -999.0} "" -999.0 -999.0 -999.0 -999.0 -999 -999 "" "" "" "" 0 0 0.0 0.0 -999 ""
FIBERMAP 1240 R+7C16 APOGEE 0 0 0 1 0 0 105.10386365468145 130.0937973412269 143.1 125.01693601332065 111.05013901834114 239.2369 68.425865 -999.0 -999.0 -999.0 -999.0 -999.0 211.48301373730584 15.177604167429795 211.47274314320055 15.052893241906967 58.32756292080791 242.9333302503543 -999.0 16600.0 -999.0 2 66 {-999.0 -999.0 -999.0 -999.0 -999.0} "" -999.0 -999.0 -999.0 -999.0 -999 -999 "" "" "" "" 0 0 0.0 0.0 -999 ""
FIBERMAP 1240 R+7C16 BOSS 1 1 0 1 0 0 104.65294939126856 130.67926932526674 143.1 124.66833938952519 111.70159062133631 239.2369 68.425865 211.48132324218747 15.180525815773592 -999.0 -999.0 -999.0 211.48132324218747 15.180525815773596 211.47115118737187 15.0558915755021 58.32826418702848 242.93960701923763 5400.0 5400.0 2015.5 1 201 {-999.0 -999.0 -999.0 -999.0 -999.0} "" -999.0 -999.0 -999.0 -999.0 27021603099609852 806482697 "" ops_sky_boss_good ops_sky sky_boss 0 0 0.0 0.0 -999 ""
FIBERMAP 1240 R+7C16 METROLOGY 0 0 0 1 0 0 105.38360880965021 130.79201941001753 143.1 125.40746497777882 111.69283590634431 239.2369 68.425865 -999.0 -999.0 -999.0 -999.0 -999.0 211.48481356062402 15.180479363655305 211.47460988440548 15.0558268634472 58.33081319958483 242.93549470890767 -999.0 6231.0 -999.0 -1 -999 {-999.0 -999.0 -999.0 -999.0 -999.0} "" -999.0 -999.0 -999.0 -999.0 -999 -999 "" "" "" "" 0 0 0.0 0.0 -999 ""
FIBERMAP 1241 R+7C13 APOGEE 0 0 0 1 0 0 60.33946825562313 144.04672513160716 143.1 83.15861702105764 132.16037740067773 26.557798 147.06406 -999.0 -999.0 -999.0 -999.0 -999.0 211.2863568603092 15.274405514548741 211.27612523463847 15.149427785952545 58.24088299989477 243.3033585542725 -999.0 16600.0 -999.0 2 48 {-999.0 -999.0 -999.0 -999.0 -999.0} "" -999.0 -999.0 -999.0 -999.0 -999 -999 "" "" "" "" 0 0 0.0 0.0 -999 ""
FIBERMAP 1241 R+7C13 BOSS 1 1 0 1 0 0 61.08110192914046 143.96672878385849 143.1 83.87692216902134 131.95972426236256 26.557798 147.06406 211.2893195857788 15.273462990752328 -3.5257788 -5.2308693 0.05028723 211.28966604595877 15.27344817220154 211.27953469655617 15.148554126520898 58.24289572308564 243.29814040971337 5400.0 5400.0 2016.0 1 150 {-999.0 16.4398 15.807343 15.536859 -999.0} sdss_psfmag 16.272606 15.821843 15.197991 13.942 63050394841217476 1133139115 dark_flexible_3x1 mwm_halo_mp_xp_boss_triple mwm_halo science 0 0 1.239160418510437 0.0 -999 ""
FIBERMAP 1241 R+7C13 METROLOGY 0 0 0 1 0 0 60.64148224562112 143.36159207820964 143.1 83.3439986129605 131.43508023157733 26.557798 147.06406 -999.0 -999.0 -999.0 -999.0 -999.0 211.2871788224527 15.271097413309821 211.27702410243705 15.146178495153258 58.23951789600505 243.29751914868092 -999.0 6231.0 -999.0 -1 -999 {-999.0 -999.0 -999.0 -999.0 -999.0} "" -999.0 -999.0 -999.0 -999.0 -999 -999 "" "" "" "" 0 0 0.0 0.0 -999 ""
FIBERMAP 1251 R+6C7 APOGEE 1 1 0 1 0 0 -83.74291877266099 135.39466818221695 143.1 -60.36350347897623 147.28175204324404 124.281944 54.471157 210.61052335201094 15.344025362046144 -174.7386 10.483747 28.209442 210.61001003681676 15.344055060906868 210.60028834673767 15.218245923313429 57.77418720453147 244.17316708862762 16000.0 16600.0 2016.0 2 100 {-999.0 15.953533 14.484578 13.024386 -999.0} sdss_psfmag_from_g3xp 15.363963 13.736635 12.508692 10.219 63050394841218350 984840038 bright_1x1 mwm_snc_100pc_apogee mwm_snc science 0 0 0.0 0.0 -999 ""
FIBERMAP 1251 R+6C7 BOSS 0 0 0 1 0 0 -83.00037092690565 135.36092873836827 143.1 -59.63670257395259 147.12656983136068 124.281944 54.471157 -999.0 -999.0 -999.0 -999.0 -999.0 210.61330981099803 15.343333401735288 210.60368609176885 15.217606891422378 57.77636244355533 244.16841340824357 -999.0 5400.0 -999.0 1 66 {-999.0 -999.0 -999.0 -999.0 -999.0} "" -999.0 -999.0 -999.0 -999.0 -999 -999 "" "" "" "" 0 0 0.0 0.0 -999 ""
FIBERMAP 1251 R+6C7 METROLOGY 0 0 0 1 0 0 -83.42486166289362 134.70867261716288 143.1 -60.16244091389097 146.55297036635804 124.281944 54.471157 -999.0 -999.0 -999.0 -999.0 -999.0 210.61086231858468 15.3407451838563 210.60121464778433 15.214993853580276 57.77287101393414 244.16734407260066 -999.0 6231.0 -999.0 -1 -999 {-999.0 -999.0 -999.0 -999.0 -999.0} "" -999.0 -999.0 -999.0 -999.0 -999 -999 "" "" "" "" 0 0 0.0 0.0 -999 ""
FIBERMAP 1252 R+13C7 APOGEE 0 0 0 1 0 0 -21.769172039440328 253.65748282121604 143.1 20.173893983653617 253.7443659540026 147.53789 138.28642 -999.0 -999.0 -999.0 -999.0 -999.0 210.9901304672416 15.82295352076174 210.97940725801868 15.69746689685112 58.3576025284196 244.45864048044092 -999.0 16600.0 -999.0 2 46 {-999.0 -999.0 -999.0 -999.0 -999.0} "" -999.0 -999.0 -999.0 -999.0 -999 -999 "" "" "" "" 0 0 0.0 0.0 -999 ""
FIBERMAP 1252 R+13C7 BOSS 1 1 0 1 0 0 -22.002841766125247 254.35936004453788 143.1 20.05866607176117 254.47495680225694 147.53789 138.28642 210.98949294827997 15.826161904164687 -1.4865873 -2.6472604 0.25288963 210.98948857099373 15.826154404729989 210.97886455333202 15.700743608199462 58.359207686813114 244.46417607899784 5400.0 5400.0 2016.0 1 167 {-999.0 17.403564 17.05384 16.929754 -999.0} sdss_psfmag 17.36761 17.056396 16.586222 15.913 63050394841225444 976659586 "" ops_std_boss ops_std standard_boss 0 0 0.0 0.0 -999 ""
FIBERMAP 1252 R+13C7 METROLOGY 0 0 0 1 0 0 -21.2710788711603 254.21089717597525 143.1 20.755995755288016 254.20839887298865 147.53789 138.28642 -999.0 -999.0 -999.0 -999.0 -999.0 210.99279742202665 15.824973846799978 210.98214283510322 15.699545394600777 58.360957432197424 244.45867291517143 -999.0 6231.0 -999.0 -1 -999 {-999.0 -999.0 -999.0 -999.0 -999.0} "" -999.0 -999.0 -999.0 -999.0 -999 -999 "" "" "" "" 0 0 0.0 0.0 -999 ""
FIBERMAP 1254 R+2C6 APOGEE 0 0 0 1 0 0 -144.10443832758233 30.55463465840105 143.1 -137.1071738278909 53.79271119025038 342.88083 101.485466 -999.0 -999.0 -999.0 -999.0 -999.0 210.24873439145347 14.918879017335094 210.23990093638918 14.792758774896159 57.23694420982411 243.95623060670403 -999.0 16600.0 -999.0 2 -999 {-999.0 -999.0 -999.0 -999.0 -999.0} "" -999.0 -999.0 -999.0 -999.0 -999 -999 "" "" "" "" 0 0 0.0 0.0 -999 ""
FIBERMAP 1254 R+2C6 BOSS 1 1 0 1 0 0 -144.15992320937846 29.838216026828423 143.1 -137.27951282143957 53.095250322407544 342.88083 101.485466 210.24776315503908 14.915646309279126 0.8054555 -0.3637043 0.06480501 210.24776551638064 14.915645278939767 210.2390434164128 14.789606829190289 57.23432942069193 243.95263572980102 5400.0 5400.0 2016.0 1 48 {-999.0 19.641085 19.385214 19.405144 19.486856} sdss_psfmag_from_lsdr10 19.611097 19.42165 19.24471 -999.0 63050394841209846 1059085278 dark_flexible_2x2 bhm_spiders_agn_lsdr10 bhm_spiders science 0 0 0.0 0.0 -999 ""
FIBERMAP 1254 R+2C6 METROLOGY 0 0 0 1 0 0 -144.78112632191133 30.240381036555892 143.1 -137.82615145399794 53.59387177116429 342.88083 101.485466 -999.0 -999.0 -999.0 -999.0 -999.0 210.24524227868795 14.917923404346547 210.2364893000389 14.79185810892305 57.23380465986991 243.95873363167635 -999.0 6231.0 -999.0 -1 -999 {-999.0 -999.0 -999.0 -999.0 -999.0} "" -999.0 -999.0 -999.0 -999.0 -999 -999 "" "" "" "" 0 0 0.0 0.0 -999 ""
FIBERMAP 1256 R-7C15 APOGEE 0 0 0 1 0 0 109.36546183615467 -122.33753698502994 143.1 87.77744612948027 -138.61065686736862 79.46525 93.13349 -999.0 -999.0 -999.0 -999.0 -999.0 211.3040231452088 14.04353671173938 211.29547480315205 13.918922111142054 57.4699248212912 241.50032375319176 -999.0 16600.0 -999.0 2 -999 {-999.0 -999.0 -999.0 -999.0 -999.0} "" -999.0 -999.0 -999.0 -999.0 -999 -999 "" "" "" "" 0 0 0.0 0.0 -999 ""
FIBERMAP 1256 R-7C15 BOSS 1 1 0 1 0 0 110.19001126475015 -122.49386402061056 143.1 88.56499572118342 -138.90020393302638 79.46525 93.13349 211.3076798818872 14.042045031101365 -17.730621 16.3599 2.1811776 211.30762810554498 14.042091377120673 211.29918121439786 13.917566125792002 57.471784565793726 241.49406596692305 5400.0 5400.0 2016.0 1 317 {-999.0 19.007381 19.310312 19.559494 -999.0} sdss_psfmag 19.118176 19.118952 19.189348 -999.0 63050394841188753 1143462109 dark_1x3 mwm_wd_pwd_boss_1x3 mwm_wd science 0 0 0.0 0.0 -999 ""
FIBERMAP 1256 R-7C15 METROLOGY 0 0 0 1 0 0 109.66357330391557 -123.02148985862668 143.1 87.95917260130895 -139.33414939038576 79.46525 93.13349 -999.0 -999.0 -999.0 -999.0 -999.0 211.30480651910278 14.04016099208476 211.2963353869833 13.915608824191596 57.468412475398964 241.4946258692668 -999.0 6231.0 -999.0 -1 -999 {-999.0 -999.0 -999.0 -999.0 -999.0} "" -999.0 -999.0 -999.0 -999.0 -999 -999 "" "" "" "" 0 0 0.0 0.0 -999 ""
FIBERMAP 1260 R+1C4 APOGEE 0 0 0 1 0 0 -209.54761829923768 6.718058766174787 143.1 -205.5640359718881 41.02784489779684 283.79645 118.06042 -999.0 -999.0 -999.0 -999.0 -999.0 209.92891998047864 14.85969407117526 209.92044616016415 14.733216925741454 56.9582233670718 244.22480806885494 -999.0 16600.0 -999.0 2 -999 {-999.0 -999.0 -999.0 -999.0 -999.0} "" -999.0 -999.0 -999.0 -999.0 -999 -999 "" "" "" "" 0 0 0.0 0.0 -999 ""
FIBERMAP 1260 R+1C4 BOSS 1 1 0 1 0 0 -210.0837198238336 6.202573017160674 143.1 -206.17739673092123 40.60745913921955 283.79645 118.06042 209.92591474955898 14.857700274743161 -999.0 -999.0 -999.0 209.92591474955896 14.857700274743157 209.91755370588513 14.731302841953225 56.95484249358971 244.22525089914237 5400.0 5400.0 2016.0 1 62 {-999.0 21.554556 21.304152 20.897804 20.61459} sdss_fiber2mag_from_lsdr10 nan nan nan -999.0 63050398370887579 1059083987 dark_flexible_2x2 bhm_spiders_agn_lsdr10 bhm_spiders science 0 0 0.0 0.0 -999 ""
FIBERMAP 1260 R+1C4 METROLOGY 0 0 0 1 0 0 -210.26364327519144 6.9277495249655505 143.1 -206.2357920966389 41.352205268811616 283.79645 118.06042 -999.0 -999.0 -999.0 -999.0 -999.0 209.92567838973812 14.861098466304854 209.91728263233915 14.73467638917693 56.95673567106238 244.23039415041603 -999.0 6231.0 -999.0 -1 -999 {-999.0 -999.0 -999.0 -999.0 -999.0} "" -999.0 -999.0 -999.0 -999.0 -999 -999 "" "" "" "" 0 0 0.0 0.0 -999 ""
FIBERMAP 1265 R+5C6 APOGEE 0 0 0 1 0 0 -121.7156046274169 77.97000468885435 143.1 -107.24177868066532 96.88061067116026 317.26212 63.36797 -999.0 -999.0 -999.0 -999.0 -999.0 210.38905232353747 15.115026273520034 210.3798318229061 14.989017076029013 57.464998967898694 244.08459755389455 -999.0 16600.0 -999.0 2 -999 {-999.0 -999.0 -999.0 -999.0 -999.0} "" -999.0 -999.0 -999.0 -999.0 -999 -999 "" "" "" "" 0 0 0.0 0.0 -999 ""
FIBERMAP 1265 R+5C6 BOSS 1 1 0 1 0 0 -122.37509778462385 77.65957974477438 143.1 -107.94316928052851 96.68272436249751 317.26212 63.36797 210.38560630017074 15.114078014444546 -0.4023911 -1.020053 -0.033052694 210.38560511939053 15.114075124732237 210.376494503393 14.98814317965166 57.461931283633426 244.08705389023564 5400.0 5400.0 2016.0 1 50 {-999.0 17.484718 16.532534 16.10779 -999.0} sdss_psfmag 17.157827 16.515692 15.744228 14.189 63050394841218068 1061125820 dark_flexible_2x1 manual_mwm_halo_distant_kgiant_far_boss mwm_halo science 0 0 0.0 0.0 -999 ""
FIBERMAP 1265 R+5C6 METROLOGY 0 0 0 1 0 0 -122.32860697394732 78.39531646115792 143.1 -107.77652920123947 97.40071433599131 317.26212 63.36797 -999.0 -999.0 -999.0 -999.0 -999.0 210.38642999413153 15.117352875103952 210.37728436617317 14.991398019665597 57.46455325085247 244.09090998262167 -999.0 6231.0 -999.0 -1 -999 {-999.0 -999.0 -999.0 -999.0 -999.0} "" -999.0 -999.0 -999.0 -999.0 -999 -999 "" "" "" "" 0 0 0.0 0.0 -999 ""
FIBERMAP 1266 R-1C23 APOGEE 0 0 0 1 0 0 205.59372533837058 -27.324560053744488 143.1 198.28145843306893 -60.70194418905945 205.0878 137.81126 -999.0 -999.0 -999.0 -999.0 -999.0 211.8221714155596 14.395985944588686 211.81269916114695 14.271909669487082 58.08072973183851 241.39472067086933 -999.0 16600.0 -999.0 2 -999 {-999.0 -999.0 -999.0 -999.0 -999.0} "" -999.0 -999.0 -999.0 -999.0 -999 -999 "" "" "" "" 0 0 0.0 0.0 -999 ""
FIBERMAP 1266 R-1C23 BOSS 1 1 0 1 0 0 204.87006954844261 -27.121226401951446 143.1 197.60113272761748 -60.38260075727148 205.0878 137.81126 211.81871216267518 14.397331846500775 -20.862446 5.0314007 0.59118205 211.81896791646628 14.397346099968072 211.8095965144844 14.27334792290826 58.07937096958642 241.40047699541896 5400.0 5400.0 2016.0 1 312 {-999.0 16.518744 16.08193 15.93139 -999.0} sdss_psfmag 16.42145 16.081463 15.572775 14.523 63050394841198383 1136102472 dark_flexible_3x1 mwm_halo_local_high_boss_triple mwm_halo science 0 0 1.1045631170272827 0.0 -999 ""
FIBERMAP 1266 R-1C23 METROLOGY 0 0 0 1 0 0 205.41781627620782 -26.599495930814093 143.1 198.22700382004123 -59.957967955201795 205.0878 137.81126 -999.0 -999.0 -999.0 -999.0 -999.0 211.82191124171496 14.39928965764882 211.8125062464112 14.275271195886749 58.082765039853896 241.39979312863554 -999.0 6231.0 -999.0 -1 -999 {-999.0 -999.0 -999.0 -999.0 -999.0} "" -999.0 -999.0 -999.0 -999.0 -999 -999 "" "" "" "" 0 0 0.0 0.0 -999 ""
FIBERMAP 1270 R+5C12 APOGEE 0 0 0 1 0 0 18.360176243587155 99.76565272665547 143.1 34.486642260730825 95.37991991613745 317.3362 164.14772 -999.0 -999.0 -999.0 -999.0 -999.0 211.0568465601524 15.108327648144112 211.04704623857492 14.983117394765246 57.96429832133063 243.32146028469572 -999.0 16600.0 -999.0 2 8 {-999.0 -999.0 -999.0 -999.0 -999.0} "" -999.0 -999.0 -999.0 -999.0 -999 -999 "" "" "" "" 0 0 0.0 0.0 -999 ""
FIBERMAP 1270 R+5C12 BOSS 1 1 0 1 0 0 18.735179944540455 99.12485861521789 143.1 34.75128944603095 94.6863691934456 317.3362 164.14772 211.05800729993226 15.105177971887066 -1.1970274 -14.095346 0.32073027 211.0580037875117 15.105138041123682 211.0483097184836 14.980010414879782 57.963294819141616 243.31545839231137 5400.0 5400.0 2016.0 1 116 {-999.0 16.99805 16.71458 16.59165 -999.0} sdss_psfmag 16.9659 16.694105 16.261799 15.382 63050394841217251 976203751 "" ops_std_boss ops_std standard_boss 0 0 0.0 0.0 -999 ""
FIBERMAP 1270 R+5C12 METROLOGY 0 0 0 1 0 0 17.997631159770243 99.11794123290656 143.1 34.02274411147203 94.80063277679139 317.3362 164.14772 -999.0 -999.0 -999.0 -999.0 -999.0 211.05459577127203 15.105680270724386 211.04487481253557 14.980525599549662 57.961037817719436 243.320145417481 -999.0 6231.0 -999.0 -1 -999 {-999.0 -999.0 -999.0 -999.0 -999.0} "" -999.0 -999.0 -999.0 -999.0 -999 -999 "" "" "" "" 0 0 0.0 0.0 -999 ""
FIBERMAP 1271 R-4C14 APOGEE 0 0 0 1 0 0 47.491347500989754 -68.13225062047556 143.1 35.65298140836671 -74.99244973483688 46.05802 141.85033 -999.0 -999.0 -999.0 -999.0 -999.0 211.06074323031513 14.33262741986088 211.05200284090802 14.207636881895153 57.475594321226374 242.19395508069084 -999.0 16600.0 -999.0 2 -999 {-999.0 -999.0 -999.0 -999.0 -999.0} "" -999.0 -999.0 -999.0 -999.0 -999 -999 "" "" "" "" 0 0 0.0 0.0 -999 ""
FIBERMAP 1271 R-4C14 BOSS 1 1 0 1 0 0 48.223230356827315 -68.02494731051328 143.1 36.39241940006059 -75.006777203533 46.05802 141.85033 211.06413208625938 14.332444670702909 0.50438166 -3.3257973 -2.4663386 211.06413356102516 14.332435249038372 211.05549355993327 14.207532383838979 57.47812364834342 242.1897691113857 5400.0 5400.0 2016.0 1 324 {-999.0 20.992798 20.54747 20.13415 19.78403} sdss_psfmag_from_gaiadr2 20.367186 20.692968 19.147293 -999.0 63050394841190317 1129368712 dark_flexible_3x1 bhm_gua_dark_d3 bhm_filler science 0 0 0.0 0.0 -999 ""
FIBERMAP 1271 R-4C14 METROLOGY 0 0 0 1 0 0 47.95314666065618 -68.71825703395854 143.1 36.012225554410485 -75.64621543060127 46.05802 141.85033 -999.0 -999.0 -999.0 -999.0 -999.0 211.06236491144713 14.329559619990999 211.05370120673842 14.204631759928294 57.47493009661411 242.18770286324855 -999.0 6231.0 -999.0 -1 -999 {-999.0 -999.0 -999.0 -999.0 -999.0} "" -999.0 -999.0 -999.0 -999.0 -999 -999 "" "" "" "" 0 0 0.0 0.0 -999 ""
FIBERMAP 1272 R+1C9 APOGEE 0 0 0 1 0 0 -85.6127304021382 21.71251186374673 143.1 -80.87119389370666 35.469360240271 27.84941 97.14587 -999.0 -999.0 -999.0 -999.0 -999.0 210.51291972721344 14.836032912923093 210.50396645555873 14.710247129540676 57.38444226547662 243.5411225155193 -999.0 16600.0 -999.0 2 147 {-999.0 -999.0 -999.0 -999.0 -999.0} "" -999.0 -999.0 -999.0 -999.0 -999 -999 "" "" "" "" 0 0 0.0 0.0 -999 ""
FIBERMAP 1272 R+1C9 BOSS 1 1 0 1 0 0 -85.18280101787269 21.097291366132744 143.1 -80.54817758327476 34.79201423561151 27.84941 97.14587 210.51429024674033 14.83288368879104 0.40200868 0.9850064 -0.349189 210.51429142485097 14.832886479219587 210.5054463006321 14.707185261654965 57.383633747791144 243.5350338764835 5400.0 5400.0 2016.0 1 45 {-999.0 20.744146 20.18138 19.70261 19.482874} sdss_psfmag 20.266483 20.096373 19.313177 -999.0 63050394841209506 1060491918 dark_flexible_2x2 bhm_aqmes_bonus_faint bhm_filler science 0 0 0.0 0.0 -999 ""
FIBERMAP 1272 R+1C9 METROLOGY 0 0 0 1 0 0 -85.93381227950434 21.028573270585174 143.1 -81.30014635730159 34.84753686179954 27.84941 97.14587 -999.0 -999.0 -999.0 -999.0 -999.0 210.51079106334453 14.833155887559382 210.50191890167252 14.707427191965328 57.38113026617517 243.53935772714456 -999.0 6231.0 -999.0 -1 -999 {-999.0 -999.0 -999.0 -999.0 -999.0} "" -999.0 -999.0 -999.0 -999.0 -999 -999 "" "" "" "" 0 0 0.0 0.0 -999 ""
FIBERMAP 1276 R-2C3 APOGEE 0 0 0 1 0 0 -216.4773864511084 -23.346530956674975 143.1 -217.33434556353018 12.514237201451287 95.45461 81.43324 -999.0 -999.0 -999.0 -999.0 -999.0 209.87446682529705 14.730140924970687 209.86621224592318 14.603636467724515 56.836464820967294 244.09902982236872 -999.0 16600.0 -999.0 2 257 {-999.0 -999.0 -999.0 -999.0 -999.0} "" -999.0 -999.0 -999.0 -999.0 -999 -999 "" "" "" "" 0 0 0.0 0.0 -999 ""
FIBERMAP 1276 R-2C3 BOSS 1 1 0 1 0 0 -215.73433667819967 -23.358498979830802 143.1 -216.60347534377254 12.380444714962868 95.45461 81.43324 209.87771424134874 14.729468918818746 -1.3743563 -1.0735533 0.39608064 209.87771021563276 14.729465877545204 209.8695614896316 14.603048618973032 56.838631591335144 244.09449426271792 5400.0 5400.0 2016.0 1 475 {-999.0 17.218575 16.881996 16.737389 -999.0} sdss_psfmag 17.189034 16.893902 16.453821 15.79 63050394841209223 976659474 "" ops_std_boss ops_std standard_boss 0 0 0.0 0.0 -999 ""
FIBERMAP 1276 R-2C3 METROLOGY 0 0 0 1 0 0 -216.12626014649592 -24.005790910433568 143.1 -217.09627913108264 11.806394519511638 95.45461 81.43324 -999.0 -999.0 -999.0 -999.0 -999.0 209.87546855956654 14.726876960042244 209.86729467474072 14.600434224396622 56.83528624732269 244.09325995256037 -999.0 6231.0 -999.0 -1 -999 {-999.0 -999.0 -999.0 -999.0 -999.0} "" -999.0 -999.0 -999.0 -999.0 -999 -999 "" "" "" "" 0 0 0.0 0.0 -999 ""
FIBERMAP 1281 R+5C7 APOGEE 0 0 0 1 0 0 -95.30394060994502 84.39319418597665 143.1 -80.13867972982293 98.87940844770304 299.68985 112.57838 -999.0 -999.0 -999.0 -999.0 -999.0 210.516554941617 15.12440752425522 210.50720902228193 14.998546490663472 57.56721748385471 243.95584913105608 -999.0 16600.0 -999.0 2 108 {-999.0 -999.0 -999.0 -999.0 -999.0} "" -999.0 -999.0 -999.0 -999.0 -999 -999 "" "" "" "" 0 0 0.0 0.0 -999 ""
FIBERMAP 1281 R+5C7 BOSS 1 1 0 1 0 0 -95.76671790501557 83.81833445413567 143.1 -80.68947187627882 98.38842703568102 299.68985 112.57838 210.51344741011528 15.122193284292923 -12.687629 -20.764494 0.5424263 210.51381824136587 15.122134460471903 210.50458293604623 14.99635171244687 57.56386595625154 243.9555954517491 5400.0 5400.0 2016.0 1 54 {-999.0 15.505751 15.1349535 14.987776 -999.0} sdss_psfmag 15.438898 15.139318 14.669049 13.765 63050394841218021 1136776340 dark_flexible_3x1 mwm_halo_local_high_boss_triple mwm_halo science 0 0 1.4181580543518066 0.0 -999 ""
FIBERMAP 1281 R+5C7 METROLOGY 0 0 0 1 0 0 -96.03991540728117 84.51129356971713 143.1 -80.84514829034134 99.11671178189916 299.68985 112.57838 -999.0 -999.0 -999.0 -999.0 -999.0 210.51312580827448 15.125455778314576 210.50385681834746 14.999648341147314 57.56537138959417 243.9612178003205 -999.0 6231.0 -999.0 -1 -999 {-999.0 -999.0 -999.0 -999.0 -999.0} "" -999.0 -999.0 -999.0 -999.0 -999 -999 "" "" "" "" 0 0 0.0 0.0 -999 ""
FIBERMAP 1285 R+9C4 APOGEE 0 0 0 1 0 0 -117.07051066486285 178.62794414973288 143.1 -86.13518742420801 195.39220236339764 303.21423 177.96223 -999.0 -999.0 -999.0 -999.0 -999.0 210.48924943805505 15.560888842983168 210.47933749492904 15.434875699077782 57.81630851019701 244.6280116367979 -999.0 16600.0 -999.0 2 -999 {-999.0 -999.0 -999.0 -999.0 -999.0} "" -999.0 -999.0 -999.0 -999.0 -999 -999 "" "" "" "" 0 0 0.0 0.0 -999 ""
FIBERMAP 1285 R+9C4 BOSS 1 1 0 1 0 0 -116.67051910017227 177.99570918577743 143.1 -85.84449069979344 194.70299078349896 303.21423 177.96223 210.49029377422917 15.558110933602794 -66.03657 -125.98353 3.712776 210.49048196749732 15.557754034276826 210.48067881680976 15.43182250166299 57.81544854796585 244.6219996314127 5400.0 5400.0 2016.0 1 15 {-999.0 17.380733 15.9693775 15.269899 -999.0} sdss_psfmag 16.675093 15.758154 14.807413 13.019 63050394841223199 1136102210 dark_flexible_3x1 mwm_halo_local_high_boss_triple mwm_halo science 0 0 1.326141357421875 0.0 -999 ""
FIBERMAP 1285 R+9C4 METROLOGY 0 0 0 1 0 0 -117.41318788566167 177.96519660891707 143.1 -86.58195935299479 194.79482410377219 303.21423 177.96223 -999.0 -999.0 -999.0 -999.0 -999.0 210.4870500245291 15.558168056651512 210.47721907327866 15.432209749648257 57.813058293622376 244.6264260975604 -999.0 6231.0 -999.0 -1 -999 {-999.0 -999.0 -999.0 -999.0 -999.0} "" -999.0 -999.0 -999.0 -999.0 -999 -999 "" "" "" "" 0 0 0.0 0.0 -999 ""
FIBERMAP 1287 R+12C7 APOGEE 0 0 0 1 0 0 -32.837342545433614 243.49537642061526 143.1 7.58953058220372 245.53905715745262 145.7294 103.56154 -999.0 -999.0 -999.0 -999.0 -999.0 210.9308810911994 15.78643888279509 210.92026190507818 15.660890925996025 58.290210617798664 244.47050472639978 -999.0 16600.0 -999.0 2 -999 {-999.0 -999.0 -999.0 -999.0 -999.0} "" -999.0 -999.0 -999.0 -999.0 -999 -999 "" "" "" "" 0 0 0.0 0.0 -999 ""
FIBERMAP 1287 R+12C7 BOSS 1 1 0 1 0 0 -32.59046256713692 244.19869230840146 143.1 7.948482437783015 246.19217342653434 145.7294 103.56154 210.93249223170076 15.789274941856197 -7.1864495 9.292277 -0.099462755 210.9324710749084 15.78930126598482 210.9219497224982 15.663832114550287 58.29330199411265 244.4730110415366 5400.0 5400.0 2016.0 1 155 {-999.0 17.99576 17.690498 17.578522 17.550014} sdss_psfmag_from_gaia 17.9513 17.6967 17.2505 -999.0 63050394841225419 968382104 "" ops_std_boss_gdr2 ops_std standard_boss 0 0 0.0 0.0 -999 ""
FIBERMAP 1287 R+12C7 METROLOGY 0 0 0 1 0 0 -32.10418744856719 243.6337439906979 143.1 8.335323249784171 245.5551580396727 145.7294 103.56154 -999.0 -999.0 -999.0 -999.0 -999.0 210.93431776713865 15.786467934945149 210.92376942151657 15.660979770357311 58.292926708529365 244.46668200636867 -999.0 6231.0 -999.0 -1 -999 {-999.0 -999.0 -999.0 -999.0 -999.0} "" -999.0 -999.0 -999.0 -999.0 -999 -999 "" "" "" "" 0 0 0.0 0.0 -999 ""
FIBERMAP 1289 R-2C15 APOGEE 1 1 0 1 0 0 34.86648128780747 -50.08911662036959 143.1 26.163871703396424 -55.124688236772954 241.57352 104.02722 211.01630541842817 14.423176984161584 15.923635 -24.257593 3.639124 211.01635199656957 14.423108264724311 211.00752614505708 14.298039092959481 57.500378977197734 242.37450050930892 16000.0 16600.0 2016.0 2 219 {-999.0 12.089203 11.6521635 11.527316 -999.0} sdss_psfmag_from_g3xp 12.010822 11.685694 11.195567 10.341 63050394841199253 974688635 "" ops_std_apogee ops_std standard_apogee 0 0 0.0 0.0 -999 ""
FIBERMAP 1289 R-2C15 BOSS 0 0 0 1 0 0 34.15360037165624 -49.90763889672137 143.1 25.490584587824493 -54.82866922655892 241.57352 104.02722 -999.0 -999.0 -999.0 -999.0 -999.0 211.0131000228283 14.424347821013946 211.00437793789467 14.299357420388416 57.49887636395075 242.38001751761297 -999.0 5400.0 -999.0 1 273 {-999.0 -999.0 -999.0 -999.0 -999.0} "" -999.0 -999.0 -999.0 -999.0 -999 -999 "" "" "" "" 0 0 0.0 0.0 -999 ""
FIBERMAP 1289 R-2C15 METROLOGY 0 0 0 1 0 0 34.66266198185076 -49.360006377396985 143.1 26.082554794519368 -54.372139386095256 241.57352 104.02722 -999.0 -999.0 -999.0 -999.0 -999.0 211.01591539849358 14.426451470100478 211.0071587726237 14.301440293376666 57.502280014797364 242.3797914353461 -999.0 6231.0 -999.0 -1 -999 {-999.0 -999.0 -999.0 -999.0 -999.0} "" -999.0 -999.0 -999.0 -999.0 -999 -999 "" "" "" "" 0 0 0.0 0.0 -999 ""
FIBERMAP 1296 R-5C7 APOGEE 0 0 0 1 0 0 -115.03167558350131 -92.68824072176231 143.1 -128.66727365769432 -72.52891507331901 175.47684 103.806854 -999.0 -999.0 -999.0 -999.0 -999.0 210.28926038399626 14.344519562020174 210.28116042209615 14.21860615977154 56.90689711001063 243.0888200649245 -999.0 16600.0 -999.0 2 262 {-999.0 -999.0 -999.0 -999.0 -999.0} "" -999.0 -999.0 -999.0 -999.0 -999 -999 "" "" "" "" 0 0 0.0 0.0 -999 ""
FIBERMAP 1296 R-5C7 BOSS 1 1 0 1 0 0 -115.15045900842517 -91.9516545763552 143.1 -128.6634963316379 -71.78295371908268 175.47684 103.806854 210.28910900252978 14.347797418824308 0.2123314 -0.4143831 -0.3652885 210.28910962340993 14.347796244916728 210.28111155491834 14.221966096707689 56.90898986632763 243.09363525855477 5400.0 5400.0 2016.0 1 464 {-999.0 20.571865 20.161903 20.066187 20.116957} sdss_psfmag 20.741383 20.461103 19.826635 -999.0 63050394841207391 1060491913 dark_flexible_2x2 bhm_aqmes_bonus_faint bhm_filler science 0 0 0.0 0.0 -999 ""
FIBERMAP 1296 R-5C7 METROLOGY 0 0 0 1 0 0 -114.45920300269053 -92.21365114896955 143.1 -128.02475589941776 -72.15483444928547 175.47684 103.806854 -999.0 -999.0 -999.0 -999.0 -999.0 210.29214319078113 14.346134503619174 210.28411471009258 14.220284485245717 56.91017597065265 243.0878735543488 -999.0 6231.0 -999.0 -1 -999 {-999.0 -999.0 -999.0 -999.0 -999.0} "" -999.0 -999.0 -999.0 -999.0 -999 -999 "" "" "" "" 0 0 0.0 0.0 -999 ""
FIBERMAP 1300 R+11C12 APOGEE 1 1 0 1 0 0 65.39783678868106 221.56631145608293 143.1 100.87410005735146 207.78385075173165 162.33833 100.332436 211.36968496798744 15.615134673802434 -7.19637 0.55219936 0.07389911 211.36966380008604 15.61513623812921 211.35888529954022 15.490166560601118 58.516258287582026 243.7152773826863 16000.0 16600.0 2016.0 2 11 {-999.0 14.172349 13.300285 12.937021 -999.0} sdss_psfmag_from_g3xp 13.90427 13.31261 12.578946 10.959 63050394841220827 1106548273 bright_flexible_2x1 mwm_tess_rgb_apogee mwm_tessrgb science 0 0 0.0 0.0 -999 ""
FIBERMAP 1300 R+11C12 BOSS 0 0 0 1 0 0 65.45110435219753 222.31381144168844 143.1 101.049354944896 208.5123297221371 162.33833 100.332436 -999.0 -999.0 -999.0 -999.0 -999.0 211.3703973171728 15.618354545784895 211.35971528095627 15.493462770435794 58.51893690451795 243.71926173944294 -999.0 5400.0 -999.0 1 142 {-999.0 -999.0 -999.0 -999.0 -999.0} "" -999.0 -999.0 -999.0 -999.0 -999 -999 "" "" "" "" 0 0 0.0 0.0 -999 ""
FIBERMAP 1300 R+11C12 METROLOGY 0 0 0 1 0 0 66.06894227702887 221.89030465225025 143.1 101.58917089909073 207.99321235382692 162.33833 100.332436 -999.0 -999.0 -999.0 -999.0 -999.0 211.37296019923443 15.616019504689937 211.362250326207 15.491109427592168 58.51938248866021 243.71282245448162 -999.0 6231.0 -999.0 -1 -999 {-999.0 -999.0 -999.0 -999.0 -999.0} "" -999.0 -999.0 -999.0 -999.0 -999 -999 "" "" "" "" 0 0 0.0 0.0 -999 ""
FIBERMAP 1301 R+2C23 APOGEE 0 0 0 1 0 0 230.32001155287364 55.92421428185162 143.1 236.33506395574003 17.34300949417952 107.63674 71.939354 -999.0 -999.0 -999.0 -999.0 -999.0 212.0011585837624 14.749011214071421 211.99103843864953 14.625059285981775 58.440666286569126 241.69520092738367 -999.0 16600.0 -999.0 2 82 {-999.0 -999.0 -999.0 -999.0 -999.0} "" -999.0 -999.0 -999.0 -999.0 -999 -999 "" "" "" "" 0 0 0.0 0.0 -999 ""
FIBERMAP 1301 R+2C23 BOSS 1 1 0 1 0 0 231.06140696028592 55.93424733097797 143.1 237.06791454286284 17.231187233488612 107.63674 71.939354 212.00407231005295 14.748442902655235 -1.2784177 -14.1632395 0.24498157 212.00447975214064 14.748402779557416 211.9944567851976 14.624535946929962 58.44286005538655 241.69036646811705 5400.0 5400.0 2016.0 1 225 {-999.0 15.621397 15.161069 14.94719 -999.0} sdss_psfmag 15.532394 15.1770935 14.638852 13.508 63050394841198742 1133104035 dark_flexible_3x1 mwm_halo_mp_xp_boss_triple mwm_halo science 0 0 1.4315028190612793 0.0 -999 ""
FIBERMAP 1301 R+2C23 METROLOGY 0 0 0 1 0 0 230.68103132523999 55.27751468133973 143.1 236.58494992577837 16.64593025404154 107.63674 71.939354 -999.0 -999.0 -999.0 -999.0 -999.0 212.00225141576192 14.745788834899745 211.99220596105613 14.621897056755056 58.43949446438493 241.6891884624606 -999.0 6231.0 -999.0 -1 -999 {-999.0 -999.0 -999.0 -999.0 -999.0} "" -999.0 -999.0 -999.0 -999.0 -999 -999 "" "" "" "" 0 0 0.0 0.0 -999 ""
FIBERMAP 1302 R-9C18 APOGEE 0 0 0 1 0 0 185.99429077958334 -195.55596893549568 143.1 151.33233980095778 -223.40296670849287 323.58273 35.515697 -999.0 -999.0 -999.0 -999.0 -999.0 211.5966432239986 13.662042952895076 211.5883799751091 13.537893858735197 57.43672277002558 240.61853853108784 -999.0 16600.0 -999.0 2 187 {-999.0 -999.0 -999.0 -999.0 -999.0} "" -999.0 -999.0 -999.0 -999.0 -999 -999 "" "" "" "" 0 0 0.0 0.0 -999 ""
FIBERMAP 1302 R-9C18 BOSS 1 1 0 1 0 0 185.24284553715165 -195.55384166912643 143.1 150.59157393414978 -223.27750138512474 323.58273 35.515697 211.59312043280858 13.662504334863604 -999.0 -999.0 -999.0 211.59312043280855 13.662504334863604 211.58496048187484 13.53843650491719 57.43457387268083 240.62335774634795 5400.0 5400.0 2016.0 1 330 {-999.0 21.454653 21.169909 21.13381 21.143566} sdss_psfmag_from_lsdr10 21.245728 21.16944 20.891344 -999.0 63050394841183906 1059078939 dark_flexible_2x2 bhm_spiders_agn_lsdr10 bhm_spiders science 0 0 0.0 0.0 -999 ""
FIBERMAP 1302 R-9C18 METROLOGY 0 0 0 1 0 0 185.61304185690312 -194.904582061191 143.1 151.06327229675463 -222.69794354276985 323.58273 35.515697 -999.0 -999.0 -999.0 -999.0 -999.0 211.59536423656957 13.665129390693487 211.58717021703 13.541039277581765 57.43790360010104 240.62437935518602 -999.0 6231.0 -999.0 -1 -999 {-999.0 -999.0 -999.0 -999.0 -999.0} "" -999.0 -999.0 -999.0 -999.0 -999 -999 "" "" "" "" 0 0 0.0 0.0 -999 ""
FIBERMAP 1303 R-7C11 APOGEE 0 0 0 1 0 0 0.6797487968615918 -121.23460509584868 143.1 -19.23308984979662 -119.67958682890492 160.2153 76.85018 -999.0 -999.0 -999.0 -999.0 -999.0 210.8026465055046 14.129880549615663 210.79440032087155 14.004636192049732 57.15371680174902 242.20253390359062 -999.0 16600.0 -999.0 2 151 {-999.0 -999.0 -999.0 -999.0 -999.0} "" -999.0 -999.0 -999.0 -999.0 -999 -999 "" "" "" "" 0 0 0.0 0.0 -999 ""
FIBERMAP 1303 R-7C11 BOSS 1 1 0 1 0 0 1.080306732954635 -120.60330703229471 143.1 -18.73439606002971 -119.1227281821503 160.2153 76.85018 210.8048748905613 14.132267225509416 -0.046504173 0.028742654 0.009635151 210.80487475470778 14.132267306934597 210.79672756430608 14.007109599928823 57.1570360857533 242.20335682852945 5400.0 5400.0 2016.0 1 377 {-999.0 19.335096 19.386232 19.304523 19.209621} sdss_psfmag_from_lsdr10 19.441895 19.336695 19.021425 -999.0 63050394841190115 1059081479 dark_flexible_2x2 bhm_spiders_agn_lsdr10 bhm_spiders science 0 0 0.0 0.0 -999 ""
FIBERMAP 1303 R-7C11 METROLOGY 0 0 0 1 0 0 1.423225314900689 -121.25576125000589 143.1 -18.50330719784806 -119.82251119713308 160.2153 76.85018 -999.0 -999.0 -999.0 -999.0 -999.0 210.80598861047855 14.129123676140745 210.79781528714534 14.003944201164817 57.155812617821944 242.19763303357894 -999.0 6231.0 -999.0 -1 -999 {-999.0 -999.0 -999.0 -999.0 -999.0} "" -999.0 -999.0 -999.0 -999.0 -999 -999 "" "" "" "" 0 0 0.0 0.0 -999 ""
FIBERMAP 1304 R+7C15 APOGEE 0 0 0 1 0 0 93.55176819876445 152.7048666075296 143.1 117.33578300456554 135.24691987645434 151.69792 73.546524 -999.0 -999.0 -999.0 -999.0 -999.0 211.44705321836344 15.287447830282382 211.43666150804404 15.162662633294284 58.36971585032793 243.13756559655113 -999.0 16600.0 -999.0 2 -999 {-999.0 -999.0 -999.0 -999.0 -999.0} "" -999.0 -999.0 -999.0 -999.0 -999 -999 "" "" "" "" 0 0 0.0 0.0 -999 ""
FIBERMAP 1304 R+7C15 BOSS 1 1 0 1 0 0 94.05835852632431 153.21633251840817 143.1 117.9193783072825 135.6681860104824 151.69792 73.546524 211.4498194543159 15.289262838255931 -30.358408 12.380819 3.207736 211.44973029626178 15.289297911910879 211.43943542524104 15.164594783050058 58.37301253898448 243.13721649329545 5400.0 5400.0 2016.0 1 187 {-999.0 20.02329 20.126966 20.21515 -999.0} sdss_psfmag 20.275122 20.000973 20.079252 -999.0 63050394841219601 1092543628 dark_flexible_2x1 mwm_cb_galex_vol_boss mwm_cb science 0 0 0.0 0.0 -999 ""
FIBERMAP 1304 R+7C15 METROLOGY 0 0 0 1 0 0 94.2707055608471 152.50538966672337 143.1 118.01208831576234 134.93215477757585 151.69792 73.546524 -999.0 -999.0 -999.0 -999.0 -999.0 211.45018609592879 15.285978719030249 211.4398662454031 15.161254489332174 58.37123369243593 243.1317671388381 -999.0 6231.0 -999.0 -1 -999 {-999.0 -999.0 -999.0 -999.0 -999.0} "" -999.0 -999.0 -999.0 -999.0 -999 -999 "" "" "" "" 0 0 0.0 0.0 -999 ""
FIBERMAP 1306 R-11C6 APOGEE 0 0 0 1 0 0 -77.42742072039609 -214.04821130281132 143.1 -111.50404115477915 -198.39416471722103 245.42184 35.777084 -999.0 -999.0 -999.0 -999.0 -999.0 210.37196002619933 13.775030905459861 210.36455183360044 13.649374163203051 56.60561828149362 242.1955198735543 -999.0 16600.0 -999.0 2 177 {-999.0 -999.0 -999.0 -999.0 -999.0} "" -999.0 -999.0 -999.0 -999.0 -999 -999 "" "" "" "" 0 0 0.0 0.0 -999 ""
FIBERMAP 1306 R-11C6 BOSS 1 1 0 1 0 0 -77.59139739186601 -213.32431430579277 143.1 -111.54691902296324 -197.65329854560426 245.42184 35.777084 210.37162859854934 13.778240590392336 -4.306894 0.9613385 0.21175383 210.3716160360438 13.778243313771759 210.36430985254302 13.652671902879886 56.607560474184815 242.20038099757306 5400.0 5400.0 2016.0 1 358 {-999.0 17.536594 17.226105 17.062607 -999.0} sdss_psfmag 17.497705 17.204924 16.742777 16.004 63050394841189224 976659369 "" ops_std_boss ops_std standard_boss 0 0 0.0 0.0 -999 ""
FIBERMAP 1306 R-11C6 METROLOGY 0 0 0 1 0 0 -76.87787088672161 -213.5481863086105 143.1 -110.87995520516056 -197.9912350283746 245.42184 35.777084 -999.0 -999.0 -999.0 -999.0 -999.0 210.37476388680952 13.776743952172001 210.36742706087762 13.651152118043441 56.60890104131375 242.19472553688564 -999.0 6231.0 -999.0 -1 -999 {-999.0 -999.0 -999.0 -999.0 -999.0} "" -999.0 -999.0 -999.0 -999.0 -999 -999 "" "" "" "" 0 0 0.0 0.0 -999 ""
FIBERMAP 1308 R-4C5 APOGEE 0 0 0 1 0 0 -167.71220260875543 -85.69518995693508 143.1 -179.47552752322167 -56.98325809060247 218.59169 115.88563 -999.0 -999.0 -999.0 -999.0 -999.0 210.05175040182453 14.415114873814664 210.0437598122569 14.28890377498732 56.77303664623539 243.45430806316824 -999.0 16600.0 -999.0 2 252 {-999.0 -999.0 -999.0 -999.0 -999.0} "" -999.0 -999.0 -999.0 -999.0 -999 -999 "" "" "" "" 0 0 0.0 0.0 -999 ""
FIBERMAP 1308 R-4C5 BOSS 1 1 0 1 0 0 -168.36542842683568 -85.34885707702648 143.1 -180.06291479356523 -56.53444397048089 218.59169 115.88563 210.04884665607668 14.417053479799495 -0.29386464 -1.0701748 -0.047968205 210.0488457965181 14.417050448096983 210.0409622424881 14.290919761149075 56.77220308480632 243.46028278982618 5400.0 5400.0 2016.0 1 459 {-999.0 18.232021 17.482134 17.14278 -999.0} sdss_psfmag 18.043352 17.490297 16.798187 15.609 63050394841208597 1150531386 dark_flexible_3x1 manual_mwm_halo_distant_kgiant_far_boss_triple mwm_halo science 0 0 0.0 0.0 -999 ""
FIBERMAP 1308 R-4C5 METROLOGY 0 0 0 1 0 0 -167.74375151955374 -84.94114410091012 143.1 -179.3828484783275 -56.234398629278495 218.59169 115.88563 -999.0 -999.0 -999.0 -999.0 -999.0 210.052047353357 14.418440083352802 210.04412888634852 14.292288835088625 56.77544822786502 243.45869222279273 -999.0 6231.0 -999.0 -1 -999 {-999.0 -999.0 -999.0 -999.0 -999.0} "" -999.0 -999.0 -999.0 -999.0 -999 -999 "" "" "" "" 0 0 0.0 0.0 -999 ""
FIBERMAP 1312 R-11C11 APOGEE 0 0 0 1 0 0 42.03027215764496 -229.75418841317955 143.1 3.7329608074387375 -233.49600384771654 295.06595 33.69445 -999.0 -999.0 -999.0 -999.0 -999.0 210.90960422199848 13.616133344615994 210.90196631761557 13.491161499109364 56.9013779913559 241.3587037076997 -999.0 16600.0 -999.0 2 156 {-999.0 -999.0 -999.0 -999.0 -999.0} "" -999.0 -999.0 -999.0 -999.0 -999 -999 "" "" "" "" 0 0 0.0 0.0 -999 ""
FIBERMAP 1312 R-11C11 BOSS 1 1 0 1 0 0 41.38795569888066 -229.37469607069823 143.1 3.1617768260359713 -233.01627713524465 295.06595 33.69445 210.90684052576478 13.61816507893693 -999.0 -999.0 -999.0 210.90684052576475 13.618165078936931 210.89930598030583 13.49327602448608 56.90079153681597 241.36472700630267 5400.0 5400.0 2016.0 1 393 {-999.0 21.66165 21.393955 21.357603 21.364534} sdss_psfmag_from_lsdr10 nan nan nan -999.0 63050397665349128 1059077606 dark_flexible_2x2 bhm_spiders_agn_lsdr10 bhm_spiders science 0 0 0.0 0.0 -999 ""
FIBERMAP 1312 R-11C11 METROLOGY 0 0 0 1 0 0 42.03115765067355 -229.005667240983 143.1 3.8567213736776758 -232.75791798776388 295.06595 33.69445 -999.0 -999.0 -999.0 -999.0 -999.0 210.91011253739347 13.61935014755172 210.902544305672 13.494440120087503 56.90393941607616 241.36259033484419 -999.0 6231.0 -999.0 -1 -999 {-999.0 -999.0 -999.0 -999.0 -999.0} "" -999.0 -999.0 -999.0 -999.0 -999 -999 "" "" "" "" 0 0 0.0 0.0 -999 ""
FIBERMAP 1314 R-13C8 APOGEE 1 1 0 1 0 0 23.189680413357504 -261.1050736885543 143.1 -19.99560948961666 -261.3227842695128 338.71408 102.62958 210.79899547078722 13.491975778615608 -3.8296363 -2.1440434 0.004001862 210.7989843138942 13.491969704746104 210.79160509614485 13.366900165398993 56.73898280832032 241.31426901507828 16000.0 16600.0 2016.0 2 273 {-999.0 14.882761 13.642117 13.132797 -999.0} sdss_psfmag_from_g3xp 14.411523 13.620843 12.758182 10.809 63050394841187672 1104374055 bright_flexible_2x1 mwm_tess_rgb_apogee mwm_tessrgb science 0 0 0.0 0.0 -999 ""
FIBERMAP 1314 R-13C8 BOSS 0 0 0 1 0 0 23.06419127763619 -261.82628298895804 143.1 -20.2377768872569 -262.01347711421334 338.71408 102.62958 -999.0 -999.0 -999.0 -999.0 -999.0 210.79775293969294 13.488796112193404 210.7904834851737 13.363813348842775 56.736142718533706 241.31129917690515 -999.0 5400.0 -999.0 1 417 {-999.0 -999.0 -999.0 -999.0 -999.0} "" -999.0 -999.0 -999.0 -999.0 -999 -999 "" "" "" "" 0 0 0.0 0.0 -999 ""
FIBERMAP 1314 R-13C8 METROLOGY 0 0 0 1 0 0 22.493622412720185 -261.35544775289463 143.1 -20.723203519643164 -261.4554422455648 338.71408 102.62958 -999.0 -999.0 -999.0 -999.0 -999.0 210.79552357954472 13.491315366018325 210.7882229567599 13.366304460921906 56.736099404836715 241.3173571209468 -999.0 6231.0 -999.0 -1 -999 {-999.0 -999.0 -999.0 -999.0 -999.0} "" -999.0 -999.0 -999.0 -999.0 -999 -999 "" "" "" "" 0 0 0.0 0.0 -999 ""
FIBERMAP 1316 R-8C11 APOGEE 0 0 0 1 0 0 27.587001835572856 -148.34258906921548 143.1 2.853859376758836 -150.83237122721266 6.300832 153.85754 -999.0 -999.0 -999.0 -999.0 -999.0 210.90607642763993 13.988544066807034 210.89793547649435 13.863463335661027 57.13974380476135 241.88414815744548 -999.0 16600.0 -999.0 2 -999 {-999.0 -999.0 -999.0 -999.0 -999.0} "" -999.0 -999.0 -999.0 -999.0 -999 -999 "" "" "" "" 0 0 0.0 0.0 -999 ""
FIBERMAP 1316 R-8C11 BOSS 1 1 0 1 0 0 28.30202142549325 -148.5821995758945 143.1 3.5197119105911314 -151.18607498103253 6.300832 153.85754 210.90909132404008 13.98679738929988 -999.0 -999.0 -999.0 210.90909132404008 13.986797389299882 210.90105395572027 13.861805909147957 57.14098699715107 241.87821353221656 5400.0 5400.0 2016.0 1 373 {-999.0 22.255407 22.11673 21.769821 21.690964} sdss_fiber2mag_from_lsdr10 nan nan nan -999.0 63050397665538375 1059080231 dark_flexible_2x2 bhm_spiders_agn_lsdr10 bhm_spiders science 0 0 0.0 0.0 -999 ""
FIBERMAP 1316 R-8C11 METROLOGY 0 0 0 1 0 0 27.735703368508453 -149.07371821964952 143.1 2.8804847670662053 -151.57786236063814 6.300832 153.85754 -999.0 -999.0 -999.0 -999.0 -999.0 210.90612241554254 13.985061892675555 210.89806054700057 13.860043211083934 57.13762937373307 241.87918887432028 -999.0 6231.0 -999.0 -1 -999 {-999.0 -999.0 -999.0 -999.0 -999.0} "" -999.0 -999.0 -999.0 -999.0 -999 -999 "" "" "" "" 0 0 0.0 0.0 -999 ""
FIBERMAP 1317 R-12C9 APOGEE 0 0 0 1 0 0 42.03079966323676 -234.23503412620892 143.1 2.9978455037928238 -237.91533787346827 46.308414 56.695244 -999.0 -999.0 -999.0 -999.0 -999.0 210.90614519924637 13.596350724053458 210.8985369846215 13.471380296555068 56.88596384287117 241.33519876531054 -999.0 16600.0 -999.0 2 -999 {-999.0 -999.0 -999.0 -999.0 -999.0} "" -999.0 -999.0 -999.0 -999.0 -999 -999 "" "" "" "" 0 0 0.0 0.0 -999 ""
FIBERMAP 1317 R-12C9 BOSS 1 1 0 1 0 0 42.19514769206258 -234.97654659895133 143.1 3.038197632196259 -238.67363832744664 46.308414 56.695244 210.90622414727673 13.592840651425275 -999.0 -999.0 -999.0 210.90622414727673 13.592840651425277 210.89872449301882 13.467958100898585 56.883872780859896 241.33022885835527 5400.0 5400.0 2016.0 1 405 {-999.0 23.194462 22.430231 22.079535 21.814587} sdss_psfmag_from_lsdr10 nan nan nan -999.0 63050396950092940 1059077605 dark_flexible_2x2 bhm_spiders_agn_lsdr10 bhm_spiders science 0 0 0.0 0.0 -999 ""
FIBERMAP 1317 R-12C9 METROLOGY 0 0 0 1 0 0 41.491119571628644 -234.7502111629969 143.1 2.3810060547186045 -238.33483165827425 46.308414 56.695244 -999.0 -999.0 -999.0 -999.0 -999.0 210.9031924920266 13.594390986826113 210.8956638396363 13.469479757426567 56.88260586858269 241.33589113538343 -999.0 6231.0 -999.0 -1 -999 {-999.0 -999.0 -999.0 -999.0 -999.0} "" -999.0 -999.0 -999.0 -999.0 -999 -999 "" "" "" "" 0 0 0.0 0.0 -999 ""
FIBERMAP 1318 R-11C7 APOGEE 0 0 0 1 0 0 -54.23081415117041 -212.90557220127323 143.1 -88.43872795636537 -201.07549866002162 236.3969 45.177563 -999.0 -999.0 -999.0 -999.0 -999.0 210.47946913364603 13.76261397520215 210.47198833606365 13.637087761920224 56.677563708349325 242.0561244437784 -999.0 16600.0 -999.0 2 169 {-999.0 -999.0 -999.0 -999.0 -999.0} "" -999.0 -999.0 -999.0 -999.0 -999 -999 "" "" "" "" 0 0 0.0 0.0 -999 ""
FIBERMAP 1318 R-11C7 BOSS 1 1 0 1 0 0 -54.40928270607071 -212.1841205807633 143.1 -88.49629995343449 -200.33466506687247 236.3969 45.177563 210.4790632745629 13.765821670776015 -999.0 -999.0 -999.0 210.4790632745629 13.765821670776013 210.47168405841848 13.640380633278003 56.67946072538507 242.06105351304797 5400.0 5400.0 2016.0 1 359 {-999.0 21.92408 20.599815 20.10018 19.74806} sdss_fiber2mag_from_lsdr10 20.478243 21.414078 18.782824 17.129 63050394841188944 1058146110 dark_flexible_2x2 bhm_spiders_clusters_lsdr10 bhm_spiders science 0 0 0.0 0.0 -999 ""
FIBERMAP 1318 R-11C7 METROLOGY 0 0 0 1 0 0 -53.68671767112282 -212.38780029305488 143.1 -87.81710682224875 -200.6541707289324 236.3969 45.177563 -999.0 -999.0 -999.0 -999.0 -999.0 210.48226912145878 13.764407075921802 210.47485927021398 13.638945703672487 56.680894262879136 242.05543512394615 -999.0 6231.0 -999.0 -1 -999 {-999.0 -999.0 -999.0 -999.0 -999.0} "" -999.0 -999.0 -999.0 -999.0 -999 -999 "" "" "" "" 0 0 0.0 0.0 -999 ""
FIBERMAP 1323 R+2C5 APOGEE 0 0 0 1 0 0 -160.2502919712635 38.39760200812261 143.1 -151.74346363871683 64.17858034990003 44.11684 62.810024 -999.0 -999.0 -999.0 -999.0 -999.0 210.18014474829286 14.965832774324223 210.1713087637488 14.83961916599897 57.214300601112186 244.10027679936408 -999.0 16600.0 -999.0 2 140 {-999.0 -999.0 -999.0 -999.0 -999.0} "" -999.0 -999.0 -999.0 -999.0 -999 -999 "" "" "" "" 0 0 0.0 0.0 -999 ""
FIBERMAP 1323 R+2C5 BOSS 1 1 0 1 0 0 -160.01561233206135 37.69235928431165 143.1 -151.62779222316726 63.44450446602454 44.11684 62.810024 210.18052562436696 14.962441084173435 -999.0 -999.0 -999.0 210.18052562436694 14.962441084173435 210.17180026469669 14.836310775921197 57.21261245200553 244.09494970021507 5400.0 5400.0 2016.0 1 34 {-999.0 nan nan nan nan} undefined nan nan nan 15.569 63050399095250044 1059085276 dark_flexible_2x2 bhm_spiders_agn_lsdr10 bhm_spiders science 0 0 0.0 0.0 -999 ""
FIBERMAP 1323 R+2C5 METROLOGY 0 0 0 1 0 0 -160.75944448954166 37.8348690807378 143.1 -152.33800258871491 63.70717261172159 44.11684 62.810024 -999.0 -999.0 -999.0 -999.0 -999.0 210.17723988877657 14.963640700230739 210.16848571357048 14.837482998357926 57.21083514596918 244.10032757161048 -999.0 6231.0 -999.0 -1 -999 {-999.0 -999.0 -999.0 -999.0 -999.0} "" -999.0 -999.0 -999.0 -999.0 -999 -999 "" "" "" "" 0 0 0.0 0.0 -999 ""
FIBERMAP 1324 R-4C11 APOGEE 0 0 0 1 0 0 -29.570236379043713 -96.68731641264193 143.1 -45.0372165822736 -90.5035081711387 302.7794 52.069897 -999.0 -999.0 -999.0 -999.0 -999.0 210.68153023699034 14.262540261239385 210.67320668315267 14.137114148627589 57.14827765489395 242.5289055413003 -999.0 16600.0 -999.0 2 -999 {-999.0 -999.0 -999.0 -999.0 -999.0} "" -999.0 -999.0 -999.0 -999.0 -999 -999 "" "" "" "" 0 0 0.0 0.0 -999 ""
FIBERMAP 1324 R-4C11 BOSS 1 1 0 1 0 0 -30.328643054630135 -96.61233171751957 143.1 -45.77288693337835 -90.305044109809 302.7794 52.069897 210.67794799804688 14.263318204568336 -999.0 -999.0 -999.0 210.67794799804688 14.263318204568334 210.66973101341586 14.137971851929734 57.14623244599746 242.53409063229122 5400.0 5400.0 2015.5 1 357 {-999.0 -999.0 -999.0 -999.0 -999.0} "" -999.0 -999.0 -999.0 -999.0 27021603099601952 806481639 "" ops_sky_boss_good ops_sky sky_boss 0 0 0.0 0.0 -999 ""
FIBERMAP 1324 R-4C11 METROLOGY 0 0 0 1 0 0 -29.895772526365917 -96.01598326337967 143.1 -45.248062548678156 -89.78795948664832 302.7794 52.069897 -999.0 -999.0 -999.0 -999.0 -999.0 210.68044545685024 14.265698073479719 210.67219353686255 14.14033015032732 57.149576062756125 242.53462385059515 -999.0 6231.0 -999.0 -1 -999 {-999.0 -999.0 -999.0 -999.0 -999.0} "" -999.0 -999.0 -999.0 -999.0 -999 -999 "" "" "" "" 0 0 0.0 0.0 -999 ""
FIBERMAP 1326 R-3C23 APOGEE 0 0 0 1 0 0 244.03593689409297 -67.03786521182366 143.1 229.67533673002342 -106.18049718510663 312.28857 121.839264 -999.0 -999.0 -999.0 -999.0 -999.0 211.96554958683578 14.189930666623068 211.95624566332344 14.066090121256341 58.052628446771415 240.9279939084238 -999.0 16600.0 -999.0 2 -999 {-999.0 -999.0 -999.0 -999.0 -999.0} "" -999.0 -999.0 -999.0 -999.0 -999 -999 "" "" "" "" 0 0 0.0 0.0 -999 ""
FIBERMAP 1326 R-3C23 BOSS 1 1 0 1 0 0 243.85168205799843 -67.73586160506017 143.1 229.37902242673445 -106.83864846772524 312.28857 121.839264 211.96422703689868 14.18698155263094 -55.673508 -39.98691 1.929409 211.96406435773306 14.186868273493706 211.9548657295016 14.063109955408265 58.04966927371313 240.92537789305766 5400.0 5400.0 2016.0 1 323 {-999.0 19.462437 18.07631 16.845732 -999.0} sdss_psfmag 18.9425 17.544432 16.398502 14.291 63050394841197432 1136102435 dark_flexible_3x1 mwm_halo_local_high_boss_triple mwm_halo science 0 0 0.0 0.0 -999 ""
FIBERMAP 1326 R-3C23 METROLOGY 0 0 0 1 0 0 243.3123274392975 -67.21966547981684 143.1 228.931827987808 -106.24100083519721 312.28857 121.839264 -999.0 -999.0 -999.0 -999.0 -999.0 211.96205640982322 14.189593449280093 211.95282717564203 14.065808218659786 58.04993204237003 240.9316800410515 -999.0 6231.0 -999.0 -1 -999 {-999.0 -999.0 -999.0 -999.0 -999.0} "" -999.0 -999.0 -999.0 -999.0 -999 -999 "" "" "" "" 0 0 0.0 0.0 -999 ""
FIBERMAP 1328 R-3C12 APOGEE 0 0 0 1 0 0 -20.567017026189667 -72.19797717482498 143.1 -32.13726725245032 -67.82891334127062 260.4995 89.27484 -999.0 -999.0 -999.0 -999.0 -999.0 210.74213036097876 14.365606733575538 210.73361576488173 14.240224218461213 57.25917469525541 242.60643577413472 -999.0 16600.0 -999.0 2 154 {-999.0 -999.0 -999.0 -999.0 -999.0} "" -999.0 -999.0 -999.0 -999.0 -999 -999 "" "" "" "" 0 0 0.0 0.0 -999 ""
FIBERMAP 1328 R-3C12 BOSS 1 1 0 1 0 0 -21.294141644541256 -72.0907354500927 143.1 -32.836789836108885 -67.6037713693347 260.4995 89.27484 210.73872016260813 14.366515107032969 -999.0 -999.0 -999.0 210.73872016260813 14.366515107032969 210.73031154717563 14.241212013580723 57.25733771076242 242.61161871630642 5400.0 5400.0 2016.0 1 356 {-999.0 22.773346 21.839622 21.194796 20.716953} sdss_fiber2mag_from_lsdr10 nan nan nan -999.0 63050396950117971 1059081478 dark_flexible_2x2 bhm_spiders_agn_lsdr10 bhm_spiders science 0 0 0.0 0.0 -999 ""
FIBERMAP 1328 R-3C12 METROLOGY 0 0 0 1 0 0 -20.832902510680256 -71.50466045883044 143.1 -32.28567345874905 -67.10147634920702 260.4995 89.27484 -999.0 -999.0 -999.0 -999.0 -999.0 210.74134445541887 14.368828904230224 210.73290094743868 14.243504558929555 57.260732883481396 242.61192480375098 -999.0 6231.0 -999.0 -1 -999 {-999.0 -999.0 -999.0 -999.0 -999.0} "" -999.0 -999.0 -999.0 -999.0 -999 -999 "" "" "" "" 0 0 0.0 0.0 -999 ""
FIBERMAP 1329 R+3C16 APOGEE 0 0 0 1 0 0 95.47354899188073 55.35292850464895 143.1 103.24854892093592 38.91777588197338 19.675322 83.102104 -999.0 -999.0 -999.0 -999.0 -999.0 211.38006149677156 14.850425522017751 211.37033481204946 14.725679006320087 58.043637192499446 242.57216138348477 -999.0 16600.0 -999.0 2 63 {-999.0 -999.0 -999.0 -999.0 -999.0} "" -999.0 -999.0 -999.0 -999.0 -999 -999 "" "" "" "" 0 0 0.0 0.0 -999 ""
FIBERMAP 1329 R+3C16 BOSS 1 1 0 1 0 0 95.61086950720889 54.613860295037725 143.1 103.26264636661924 38.16632328785725 19.675322 83.102104 211.38020100417887 14.846990962755358 -46.147923 -17.065714 1.446893 211.38006575612272 14.846942617186677 211.37044573588628 14.722278179636053 58.0415570785491 242.56707411623563 5400.0 5400.0 2016.0 1 220 {-999.0 18.903368 17.587852 16.830475 -999.0} sdss_psfmag 18.383066 17.423632 16.467049 14.595 63050394841200069 1136102503 dark_flexible_3x1 mwm_halo_local_high_boss_triple mwm_halo science 0 0 0.0 0.0 -999 ""
FIBERMAP 1329 R+3C16 METROLOGY 0 0 0 1 0 0 94.9055587576598 54.85644911722501 143.1 102.60685816560995 38.521370481135044 19.675322 83.102104 -999.0 -999.0 -999.0 -999.0 -999.0 211.3770082729971 14.848590419384495 211.36735963396018 14.723898757366765 58.04028443161024 242.57302323452873 -999.0 6231.0 -999.0 -1 -999 {-999.0 -999.0 -999.0 -999.0 -999.0} "" -999.0 -999.0 -999.0 -999.0 -999 -999 "" "" "" "" 0 0 0.0 0.0 -999 ""
FIBERMAP 1330 R-3C11 APOGEE 0 0 0 1 0 0 -46.18279456719947 -62.04960565717669 143.1 -55.73481171784431 -53.61462310348055 195.69832 118.892876 -999.0 -999.0 -999.0 -999.0 -999.0 210.63121144126626 14.430385296332306 210.62270381126882 14.304852488410434 57.217434554369696 242.82499497814473 -999.0 16600.0 -999.0 2 208 {-999.0 -999.0 -999.0 -999.0 -999.0} "" -999.0 -999.0 -999.0 -999.0 -999 -999 "" "" "" "" 0 0 0.0 0.0 -999 ""
FIBERMAP 1330 R-3C11 BOSS 1 1 0 1 0 0 -46.69851158723936 -61.52822624034641 143.1 -56.15784254625866 -53.01574409851254 195.69832 118.892876 210.62908686262733 14.433001215941056 -999.0 -999.0 -999.0 210.62908686262733 14.433001215941056 210.62068224924585 14.307548749221429 57.2176360365546 242.83113880995046 5400.0 5400.0 2016.0 1 347 {-999.0 22.264965 20.923494 20.406525 20.04581} sdss_fiber2mag_from_lsdr10 nan nan nan -999.0 63050397665386546 1058148843 dark_flexible_2x2 bhm_spiders_clusters_lsdr10 bhm_spiders science 0 0 0.0 0.0 -999 ""
FIBERMAP 1330 R-3C11 METROLOGY 0 0 0 1 0 0 -45.98747123130895 -61.32581137069065 143.1 -55.423345746513704 -52.93284572480055 195.69832 118.892876 -999.0 -999.0 -999.0 -999.0 -999.0 210.63257452924267 14.433405309320236 210.62413674274126 14.307933186045688 57.220464603440995 242.82775765969507 -999.0 6231.0 -999.0 -1 -999 {-999.0 -999.0 -999.0 -999.0 -999.0} "" -999.0 -999.0 -999.0 -999.0 -999 -999 "" "" "" "" 0 0 0.0 0.0 -999 ""
FIBERMAP 1331 R-10C3 APOGEE 0 0 0 1 0 0 -149.82643855768126 -205.67748549758352 143.1 -181.53353772388968 -178.2525204644404 256.59692 64.86399 -999.0 -999.0 -999.0 -999.0 -999.0 210.04606606904707 13.866927945164516 210.03880729728758 13.740863293587495 56.42145126416848 242.69060453132712 -999.0 16600.0 -999.0 2 242 {-999.0 -999.0 -999.0 -999.0 -999.0} "" -999.0 -999.0 -999.0 -999.0 -999 -999 "" "" "" "" 0 0 0.0 0.0 -999 ""
FIBERMAP 1331 R-10C3 BOSS 1 1 0 1 0 0 -150.43005868754207 -205.2561856230023 143.1 -182.0596936521277 -177.73791385584406 256.59692 64.86399 210.04348754882812 13.869153705981319 -999.0 -999.0 -999.0 210.04348754882812 13.869153705981324 210.03633528847874 13.74317205923949 56.421079608738324 242.69658968123937 5400.0 5400.0 2015.5 1 478 {-999.0 -999.0 -999.0 -999.0 -999.0} "" -999.0 -999.0 -999.0 -999.0 27021603099599614 817238570 "" ops_sky_boss_good ops_sky sky_boss 0 0 0.0 0.0 -999 ""
FIBERMAP 1331 R-10C3 METROLOGY 0 0 0 1 0 0 -149.75828121352717 -204.9377128392227 143.1 -181.34486636724955 -177.53410709905378 256.59692 64.86399 -999.0 -999.0 -999.0 -999.0 -999.0 210.04682105662766 13.870081978587816 210.03963440529606 13.744079400157743 56.42412441201554 242.69414915146479 -999.0 6231.0 -999.0 -1 -999 {-999.0 -999.0 -999.0 -999.0 -999.0} "" -999.0 -999.0 -999.0 -999.0 -999 -999 "" "" "" "" 0 0 0.0 0.0 -999 ""
FIBERMAP 1333 R-5C14 APOGEE 0 0 0 1 0 0 60.93243794015299 -113.3588643498077 143.1 41.48429111074821 -121.8040013224394 315.9221 86.10739 -999.0 -999.0 -999.0 -999.0 -999.0 211.08750076433859 14.119905985967158 211.07902880390702 13.995007191022632 57.35890559554094 241.86031138755686 -999.0 16600.0 -999.0 2 195 {-999.0 -999.0 -999.0 -999.0 -999.0} "" -999.0 -999.0 -999.0 -999.0 -999 -999 "" "" "" "" 0 0 0.0 0.0 -999 ""
FIBERMAP 1333 R-5C14 BOSS 1 1 0 1 0 0 60.36503595176197 -113.84338116196558 143.1 40.845144450962344 -122.18870517211295 315.9221 86.10739 211.08441450952097 14.11802868653752 -0.7520821 -0.43837938 -0.9853354 211.08441231258684 14.118027444650819 211.07604848927377 13.993209833151083 57.355536445634165 241.86122304818068 5400.0 5400.0 2016.0 1 325 {-999.0 21.353834 20.92988 20.449947 20.414621} sdss_psfmag 20.880627 20.697931 20.111794 -999.0 63050394841189872 1060491815 dark_flexible_2x2 bhm_aqmes_bonus_faint bhm_filler science 0 0 0.0 0.0 -999 ""
FIBERMAP 1333 R-5C14 METROLOGY 0 0 0 1 0 0 60.22732003241206 -113.10076697551693 143.1 40.831239191865876 -121.43369043297281 315.9221 86.10739 -999.0 -999.0 -999.0 -999.0 -999.0 211.08438407652943 14.121486394545414 211.0759864094964 13.996643855129323 57.35770525126666 241.86616023577793 -999.0 6231.0 -999.0 -1 -999 {-999.0 -999.0 -999.0 -999.0 -999.0} "" -999.0 -999.0 -999.0 -999.0 -999 -999 "" "" "" "" 0 0 0.0 0.0 -999 ""
FIBERMAP 1334 R-4C16 APOGEE 0 0 0 1 0 0 83.43927522528878 -85.78392786325846 143.1 68.20879673493933 -98.30316153328472 204.64471 141.62811 -999.0 -999.0 -999.0 -999.0 -999.0 211.21324039091655 14.2264431020054 211.20451670063562 14.10166691218813 57.5207277671416 241.86595228661932 -999.0 16600.0 -999.0 2 -999 {-999.0 -999.0 -999.0 -999.0 -999.0} "" -999.0 -999.0 -999.0 -999.0 -999 -999 "" "" "" "" 0 0 0.0 0.0 -999 ""
FIBERMAP 1334 R-4C16 BOSS 1 1 0 1 0 0 82.7046351315148 -85.61079087161994 143.1 67.51268023954974 -98.01179631724591 204.64471 141.62811 211.20991470885306 14.227633628104517 -2.0618105 3.380051 1.726659 211.20990868311364 14.227643203464154 211.20128888428403 14.102946502550804 57.519158950291356 241.87153137279606 5400.0 5400.0 2016.0 1 283 {-999.0 20.830744 20.381746 20.0342 19.708582} sdss_psfmag_from_gdr3 21.095284 20.71836 19.96782 -999.0 63050394841189928 1128566706 dark_flexible_3x1 bhm_spiders_agn_gaiadr3_d3 bhm_spiders science 0 0 0.0 0.0 -999 ""
FIBERMAP 1334 R-4C16 METROLOGY 0 0 0 1 0 0 83.21689019367037 -85.07174328168998 143.1 68.10639058092627 -97.56425766873583 204.64471 141.62811 -999.0 -999.0 -999.0 -999.0 -999.0 211.2127258146086 14.229704359323637 211.2040715248486 14.104986674220179 57.52253727802079 241.8711974266172 -999.0 6231.0 -999.0 -1 -999 {-999.0 -999.0 -999.0 -999.0 -999.0} "" -999.0 -999.0 -999.0 -999.0 -999 -999 "" "" "" "" 0 0 0.0 0.0 -999 ""
FIBERMAP 1335 R-7C1 APOGEE 0 0 0 1 0 0 -199.93848673999113 -122.56866530212709 143.1 -217.3124390275594 -88.05913513071528 87.347206 69.72438 -999.0 -999.0 -999.0 -999.0 -999.0 209.87687371610224 14.274336184307153 209.86921934155703 14.147961061339172 56.55284515630469 243.44948210780512 -999.0 16600.0 -999.0 2 260 {-999.0 -999.0 -999.0 -999.0 -999.0} "" -999.0 -999.0 -999.0 -999.0 -999 -999 "" "" "" "" 0 0 0.0 0.0 -999 ""
FIBERMAP 1335 R-7C1 BOSS 1 1 0 1 0 0 -199.25420950432436 -122.8681736707212 143.1 -216.68673986619206 -88.46686625314479 87.347206 69.72438 209.8796444490574 14.272391411595622 -999.0 -999.0 -999.0 209.87964444905737 14.272391411595624 209.872098123066 14.146105179048755 56.55383934900468 243.44367375113157 5400.0 5400.0 2016.0 1 500 {-999.0 21.046898 19.762798 19.252455 18.888145} sdss_fiber2mag_from_lsdr10 19.473413 21.161867 17.77898 15.399 63050394841208345 1058148010 dark_flexible_2x2 bhm_spiders_clusters_lsdr10 bhm_spiders science 0 0 0.0 0.0 -999 ""
FIBERMAP 1335 R-7C1 METROLOGY 0 0 0 1 0 0 -199.85823188775603 -123.31064790850891 143.1 -217.3551012283288 -88.80409339489144 87.347206 69.72438 -999.0 -999.0 -999.0 -999.0 -999.0 209.87659967528984 14.270895608733142 209.86902741807182 14.144582145510496 56.55056840088141 243.4449398593395 -999.0 6231.0 -999.0 -1 -999 {-999.0 -999.0 -999.0 -999.0 -999.0} "" -999.0 -999.0 -999.0 -999.0 -999 -999 "" "" "" "" 0 0 0.0 0.0 -999 ""
FIBERMAP 1336 R-9C8 APOGEE 1 1 0 1 0 0 -27.801731771937295 -191.6896764670021 143.1 -58.889881605710684 -184.49020995231277 323.87714 78.22521 210.6171656580845 13.83691356862129 -9.373614 4.767905 1.0507803 210.6171383099001 13.836927075637591 210.60944342155554 13.711543421232522 56.827657395516205 242.00283646313068 16000.0 16600.0 2016.0 2 173 {-999.0 10.90485 10.402104 10.201143 -999.0} sdss_psfmag_from_g3xp 10.79481 10.419313 9.864225 8.818 63050394841189126 1061827630 dark_flexible_2x1 manual_mwm_halo_mp_wise_apogee mwm_halo science 0 0 0.0 0.0 -999 ""
FIBERMAP 1336 R-9C8 BOSS 0 0 0 1 0 0 -28.341460506862227 -192.1931638887166 143.1 -59.50484990585738 -184.8981668335166 323.87714 78.22521 -999.0 -999.0 -999.0 -999.0 -999.0 210.61414752330776 13.834958910438843 210.60656269888898 13.709658317865099 56.82430274570496 242.00350210819835 -999.0 5400.0 -999.0 1 383 {-999.0 -999.0 -999.0 -999.0 -999.0} "" -999.0 -999.0 -999.0 -999.0 -999 -999 "" "" "" "" 0 0 0.0 0.0 -999 ""
FIBERMAP 1336 R-9C8 METROLOGY 0 0 0 1 0 0 -28.517211078647602 -191.4673691749524 143.1 -59.55902826371659 -184.1534960721742 323.87714 78.22521 -999.0 -999.0 -999.0 -999.0 -999.0 210.61391991657067 13.838350690536803 210.60630094552732 13.713024461906672 56.82627918550874 242.0085033604937 -999.0 6231.0 -999.0 -1 -999 {-999.0 -999.0 -999.0 -999.0 -999.0} "" -999.0 -999.0 -999.0 -999.0 -999 -999 "" "" "" "" 0 0 0.0 0.0 -999 ""
FIBERMAP 1338 R-8C12 APOGEE 0 0 0 1 0 0 55.30736416814743 -150.03699973707816 143.1 29.91497213150274 -157.05443419595014 17.086452 126.62126 -999.0 -999.0 -999.0 -999.0 -999.0 211.03278637887396 13.960255108203352 211.02457827449723 13.835334915985975 57.21541176908795 241.6979601498894 -999.0 16600.0 -999.0 2 -999 {-999.0 -999.0 -999.0 -999.0 -999.0} "" -999.0 -999.0 -999.0 -999.0 -999 -999 "" "" "" "" 0 0 0.0 0.0 -999 ""
FIBERMAP 1338 R-8C12 BOSS 1 1 0 1 0 0 55.89758156817287 -150.4616927817773 143.1 30.427352509356687 -157.5701869573028 17.086452 126.62126 211.03508649084588 13.957779225857184 -999.0 -999.0 -999.0 211.03508649084588 13.957779225857184 211.02698307233788 13.8329476212079 57.21564752237949 241.69180829054963 5400.0 5400.0 2016.0 1 382 {-999.0 21.914385 21.637844 21.201189 20.83314} sdss_psfmag_from_lsdr10 nan nan nan -999.0 63050397665538998 1059080234 dark_flexible_2x2 bhm_spiders_agn_lsdr10 bhm_spiders science 0 0 0.0 0.0 -999 ""
FIBERMAP 1338 R-8C12 METROLOGY 0 0 0 1 0 0 55.234768533538954 -150.77955738086587 143.1 29.721466277236594 -157.77486561238734 17.086452 126.62126 -999.0 -999.0 -999.0 -999.0 -999.0 211.03180520376225 13.956890573648803 211.02367653484396 13.832031141438705 57.212606532768326 241.69435445891284 -999.0 6231.0 -999.0 -1 -999 {-999.0 -999.0 -999.0 -999.0 -999.0} "" -999.0 -999.0 -999.0 -999.0 -999 -999 "" "" "" "" 0 0 0.0 0.0 -999 ""
FIBERMAP 1339 R-4C7 APOGEE 0 0 0 1 0 0 -101.42636557084825 -75.55910631257449 143.1 -112.43684837243346 -57.86888491563152 353.16235 134.50195 -999.0 -999.0 -999.0 -999.0 -999.0 210.36507925503543 14.411127358301734 210.35682526831908 14.28528467959182 57.00588183276382 243.09821237834694 -999.0 16600.0 -999.0 2 259 {-999.0 -999.0 -999.0 -999.0 -999.0} "" -999.0 -999.0 -999.0 -999.0 -999 -999 "" "" "" "" 0 0 0.0 0.0 -999 ""
FIBERMAP 1339 R-4C7 BOSS 1 1 0 1 0 0 -100.9657105256382 -76.13722700156522 143.1 -112.07743798668443 -58.51468545901048 353.16235 134.50195 210.3666131112805 14.408095049970173 0.38328132 -4.801335 0.32926726 210.36661423233912 14.408081448249444 210.35846888183892 14.282325443801488 57.005239846694515 243.09215459843062 5400.0 5400.0 2016.0 1 460 {-999.0 16.501451 16.203064 16.095661 -999.0} sdss_psfmag 16.469608 16.201395 15.770444 14.983 63050394841207949 976203272 "" ops_std_boss ops_std standard_boss 0 0 0.0 0.0 -999 ""
FIBERMAP 1339 R-4C7 METROLOGY 0 0 0 1 0 0 -101.70601159666246 -76.26245099629833 143.1 -112.82812056744348 -58.516650272229676 353.16235 134.50195 -999.0 -999.0 -999.0 -999.0 -999.0 210.3631353289686 14.40810155457962 210.35496294577786 14.28231762610437 57.00260589455177 243.09609565754212 -999.0 6231.0 -999.0 -1 -999 {-999.0 -999.0 -999.0 -999.0 -999.0} "" -999.0 -999.0 -999.0 -999.0 -999 -999 "" "" "" "" 0 0 0.0 0.0 -999 ""
FIBERMAP 1340 R+9C17 APOGEE 0 0 0 1 0 0 181.29744318376737 166.99168171911577 143.1 206.22073080204223 134.93183032297034 348.483 98.963165 -999.0 -999.0 -999.0 -999.0 -999.0 211.86269185036383 15.282304097638107 211.85194098562158 15.158032542683685 58.67763376183737 242.6460269975263 -999.0 16600.0 -999.0 2 -999 {-999.0 -999.0 -999.0 -999.0 -999.0} "" -999.0 -999.0 -999.0 -999.0 -999 -999 "" "" "" "" 0 0 0.0 0.0 -999 ""
FIBERMAP 1340 R+9C17 BOSS 1 1 0 1 0 0 181.28106123104007 166.2522690046176 143.1 206.08318217252375 134.20527181260607 348.483 98.963165 211.86199679890802 15.278994673744307 -7.546656 -9.324986 0.27235144 211.86197463661188 15.278968256951773 211.8513287260974 15.154775491533384 58.67511327079869 242.64189934336196 5400.0 5400.0 2016.0 1 240 {-999.0 17.574123 17.334085 17.24821 -999.0} sdss_psfmag 17.567183 17.316013 16.896336 -999.0 63050394841202636 976203774 "" ops_std_boss ops_std standard_boss 0 0 0.0 0.0 -999 ""
FIBERMAP 1340 R+9C17 METROLOGY 0 0 0 1 0 0 180.63977607160388 166.63935239860677 143.1 205.5142615616891 134.69231591033522 348.483 98.963165 -999.0 -999.0 -999.0 -999.0 -999.0 211.85935112221972 15.281214665392596 211.84867614383484 15.156995692313153 58.67453857201366 242.64832342857892 -999.0 6231.0 -999.0 -1 -999 {-999.0 -999.0 -999.0 -999.0 -999.0} "" -999.0 -999.0 -999.0 -999.0 -999 -999 "" "" "" "" 0 0 0.0 0.0 -999 ""
FIBERMAP 1341 R-6C4 APOGEE 0 0 0 1 0 0 -168.96133061513828 -116.15238971787834 143.1 -185.7077449753289 -86.81668846306177 169.51668 125.978264 -999.0 -999.0 -999.0 -999.0 -999.0 210.02346105290943 14.279837629034773 210.01567419602543 14.153631224153653 56.66651617399437 243.2944651666132 -999.0 16600.0 -999.0 2 -999 {-999.0 -999.0 -999.0 -999.0 -999.0} "" -999.0 -999.0 -999.0 -999.0 -999 -999 "" "" "" "" 0 0 0.0 0.0 -999 ""
FIBERMAP 1341 R-6C4 BOSS 1 1 0 1 0 0 -169.29825338984554 -115.49317436861693 143.1 -185.93181045699606 -86.11122161386282 169.51668 125.978264 210.02224811250323 14.282929846152973 -999.0 -999.0 -999.0 210.0222481125032 14.282929846152973 210.0145654500989 14.156806093701146 56.667690795250515 243.30017830212978 5400.0 5400.0 2016.0 1 453 {-999.0 21.95286 20.721128 20.260096 19.919846} sdss_fiber2mag_from_lsdr10 nan nan nan -999.0 63050399095175486 1058148075 dark_flexible_2x2 bhm_spiders_clusters_lsdr10 bhm_spiders science 0 0 0.0 0.0 -999 ""
FIBERMAP 1341 R-6C4 METROLOGY 0 0 0 1 0 0 -168.54731176376515 -115.531704313491 143.1 -185.19751763385455 -86.27250650687701 169.51668 125.978264 -999.0 -999.0 -999.0 -999.0 -999.0 210.0257054403096 14.282224240900845 210.01799040218862 14.156080643217033 56.66980489204657 243.29533409818117 -999.0 6231.0 -999.0 -1 -999 {-999.0 -999.0 -999.0 -999.0 -999.0} "" -999.0 -999.0 -999.0 -999.0 -999 -999 "" "" "" "" 0 0 0.0 0.0 -999 ""
FIBERMAP 1342 R+2C4 APOGEE 0 0 0 1 0 0 -199.3168002632473 27.89814777658402 143.1 -191.99665456057173 60.23714282234564 266.24576 133.32095 -999.0 -999.0 -999.0 -999.0 -999.0 209.99204096225074 14.947122447390475 209.98339557463703 14.820694497068093 57.06028038572116 244.28116113995912 -999.0 16600.0 -999.0 2 -999 {-999.0 -999.0 -999.0 -999.0 -999.0} "" -999.0 -999.0 -999.0 -999.0 -999 -999 "" "" "" "" 0 0 0.0 0.0 -999 ""
FIBERMAP 1342 R+2C4 BOSS 1 1 0 1 0 0 -199.87091725698534 27.420197596926208 143.1 -192.62162078862218 59.85673429113191 266.24576 133.32095 209.98897155739152 14.945301561410005 0.22275682 4.674001 0.94690406 209.98897221053443 14.945314802406754 209.9804393003709 14.81896603857457 57.0569670925575 244.281935002209 5400.0 5400.0 2016.0 1 35 {-999.0 21.189934 21.055357 20.651627 20.373018} sdss_fiber2mag_from_lsdr10 20.759241 20.902348 19.802809 -999.0 63050394841213820 1059085275 dark_flexible_2x2 bhm_spiders_agn_lsdr10 bhm_spiders science 0 0 0.0 0.0 -999 ""
FIBERMAP 1342 R+2C4 METROLOGY 0 0 0 1 0 0 -200.02044877029826 28.146221876475025 143.1 -192.6499028334228 60.59732699112892 266.24576 133.32095 -999.0 -999.0 -999.0 -999.0 -999.0 209.98887917889314 14.948693519931876 209.98031136625525 14.82232036375657 57.0589537442378 244.28691036506598 -999.0 6231.0 -999.0 -1 -999 {-999.0 -999.0 -999.0 -999.0 -999.0} "" -999.0 -999.0 -999.0 -999.0 -999 -999 "" "" "" "" 0 0 0.0 0.0 -999 ""
FIBERMAP 1345 R-1C16 APOGEE 0 0 0 1 0 0 68.00081014665264 -25.245625447135353 143.1 62.92134193675584 -36.06249566435147 337.41818 115.13218 -999.0 -999.0 -999.0 -999.0 -999.0 211.18942767463977 14.509597538002009 211.18033511921726 14.384713525897315 57.684516452265456 242.29901754667333 -999.0 16600.0 -999.0 2 231 {-999.0 -999.0 -999.0 -999.0 -999.0} "" -999.0 -999.0 -999.0 -999.0 -999 -999 "" "" "" "" 0 0 0.0 0.0 -999 ""
FIBERMAP 1345 R-1C16 BOSS 1 1 0 1 0 0 68.03386406082764 -25.995189372389696 143.1 62.8308830196173 -36.80718188959251 337.41818 115.13218 211.1889216973686 14.50610394769696 0.52533495 0.54407716 0.9620226 211.1889232345975 14.506105489015312 211.1799385229005 14.381304541460997 57.68204032464123 242.29457619467865 5400.0 5400.0 2016.0 1 281 {-999.0 20.331976 20.180256 20.423029 20.20259} sdss_psfmag 20.522078 20.475357 20.601131 -999.0 63050394841199244 1060491870 dark_flexible_2x2 bhm_aqmes_bonus_faint bhm_filler science 0 0 0.0 0.0 -999 ""
FIBERMAP 1345 R-1C16 METROLOGY 0 0 0 1 0 0 67.36768619913197 -25.654506293967053 143.1 62.22979421073095 -36.36181352230894 337.41818 115.13218 -999.0 -999.0 -999.0 -999.0 -999.0 211.18612641140365 14.50816644445212 211.17711211185372 14.383338058125055 57.681236969083415 242.30077587765038 -999.0 6231.0 -999.0 -1 -999 {-999.0 -999.0 -999.0 -999.0 -999.0} "" -999.0 -999.0 -999.0 -999.0 -999 -999 "" "" "" "" 0 0 0.0 0.0 -999 ""
FIBERMAP 1346 R+3C6 APOGEE 0 0 0 1 0 0 -150.68245751934106 36.67134473351436 143.1 -142.5905639088865 60.90527031327547 330.27625 21.992783 -999.0 -999.0 -999.0 -999.0 -999.0 210.2230264381122 14.951116724014932 210.21417240898677 14.824957423543633 57.237580785537126 244.03140675050219 -999.0 16600.0 -999.0 2 -999 {-999.0 -999.0 -999.0 -999.0 -999.0} "" -999.0 -999.0 -999.0 -999.0 -999 -999 "" "" "" "" 0 0 0.0 0.0 -999 ""
FIBERMAP 1346 R+3C6 BOSS 1 1 0 1 0 0 -151.4068126288501 36.76711063403636 143.1 -143.28923908098088 61.11863953981185 330.27625 21.992783 210.2195911516095 14.95201548645044 -999.0 -999.0 -999.0 210.21959115160948 14.95201548645044 210.2108452098185 14.825933826234643 57.23567401141554 244.03652185690672 5400.0 5400.0 2016.0 1 39 {-999.0 21.58047 21.631664 21.188814 20.852182} sdss_fiber2mag_from_lsdr10 nan nan nan -999.0 63050399095250157 1059085277 dark_flexible_2x2 bhm_spiders_agn_lsdr10 bhm_spiders science 0 0 0.0 0.0 -999 ""
FIBERMAP 1346 R+3C6 METROLOGY 0 0 0 1 0 0 -150.97656392682796 37.35702935605373 143.1 -142.7680560710311 61.62981325458555 330.27625 21.992783 -999.0 -999.0 -999.0 -999.0 -999.0 210.22207406814337 14.95436518961378 210.21329272126923 14.828262569370882 57.23897561003502 244.03716257437804 -999.0 6231.0 -999.0 -1 -999 {-999.0 -999.0 -999.0 -999.0 -999.0} "" -999.0 -999.0 -999.0 -999.0 -999 -999 "" "" "" "" 0 0 0.0 0.0 -999 ""
FIBERMAP 1349 R-5C10 APOGEE 0 0 0 1 0 0 -41.474629317214955 -118.01119568782225 143.1 -60.27877275575248 -109.57986323458147 332.92865 8.78393 -999.0 -999.0 -999.0 -999.0 -999.0 210.61007347006316 14.175962277509788 210.60192733930148 14.050475242148577 57.03973273402567 242.48759057925827 -999.0 16600.0 -999.0 2 289 {-999.0 -999.0 -999.0 -999.0 -999.0} "" -999.0 -999.0 -999.0 -999.0 -999 -999 "" "" "" "" 0 0 0.0 0.0 -999 ""
FIBERMAP 1349 R-5C10 BOSS 1 1 0 1 0 0 -42.19139134496316 -117.76605826767486 143.1 -60.94543640204937 -109.22042248400388 332.92865 8.78393 210.60681252241938 14.17746570227211 -999.0 -999.0 -999.0 210.60681252241935 14.177465702272109 210.59877201736634 14.052059056105309 57.038392334241664 242.4934262449069 5400.0 5400.0 2016.0 1 398 {-999.0 21.169327 19.854723 19.369894 19.02605} sdss_fiber2mag_from_lsdr10 19.766155 21.07152 18.144157 16.057 63050394841190191 1058148096 dark_flexible_2x2 bhm_spiders_clusters_lsdr10 bhm_spiders science 0 0 0.0 0.0 -999 ""
FIBERMAP 1349 R-5C10 METROLOGY 0 0 0 1 0 0 -41.6329079105504 -117.27863417618116 143.1 -60.3146083948172 -108.83138713233589 332.92865 8.78393 -999.0 -999.0 -999.0 -999.0 -999.0 210.609803804781 14.179260936495274 210.6017286606458 14.053833338982296 57.0417319836835 242.49256259403074 -999.0 6231.0 -999.0 -1 -999 {-999.0 -999.0 -999.0 -999.0 -999.0} "" -999.0 -999.0 -999.0 -999.0 -999 -999 "" "" "" "" 0 0 0.0 0.0 -999 ""
FIBERMAP 1351 R-3C8 APOGEE 0 0 0 1 0 0 -109.29844265572207 -51.46745620497668 143.1 -116.2455003560961 -32.81603782643592 120.913704 135.32916 -999.0 -999.0 -999.0 -999.0 -999.0 210.34698872364706 14.525073638686685 210.3385975127203 14.39917796899953 57.06422955843452 243.280879077635 -999.0 16600.0 -999.0 2 -999 {-999.0 -999.0 -999.0 -999.0 -999.0} "" -999.0 -999.0 -999.0 -999.0 -999 -999 "" "" "" "" 0 0 0.0 0.0 -999 ""
FIBERMAP 1351 R-3C8 BOSS 1 1 0 1 0 0 -109.13252626202144 -50.73581677300098 143.1 -115.96174910503899 -32.1216953127541 120.913704 135.32916 210.34815394511594 14.528135367473498 -999.0 -999.0 -999.0 210.3481539451159 14.528135367473494 210.33986348016765 14.402323744989166 57.067166678262566 243.2839419479183 5400.0 5400.0 2016.0 1 469 {-999.0 23.25748 22.618246 21.778528 21.243816} sdss_fiber2mag_from_lsdr10 nan nan nan -999.0 63050399095236428 1059082741 dark_flexible_2x2 bhm_spiders_agn_lsdr10 bhm_spiders science 0 0 0.0 0.0 -999 ""
FIBERMAP 1351 R-3C8 METROLOGY 0 0 0 1 0 0 -108.58516957132461 -51.24858755124585 143.1 -115.5061002480127 -32.71727841376401 120.913704 135.32916 -999.0 -999.0 -999.0 -999.0 -999.0 210.35033539288972 14.525452677583095 210.34201668894298 14.399620706401008 57.06707719531321 243.27766432306245 -999.0 6231.0 -999.0 -1 -999 {-999.0 -999.0 -999.0 -999.0 -999.0} "" -999.0 -999.0 -999.0 -999.0 -999 -999 "" "" "" "" 0 0 0.0 0.0 -999 ""
FIBERMAP 1353 R-12C3 APOGEE 0 0 0 1 0 0 -116.22540490769698 -240.67305638480556 143.1 -154.1397591967074 -218.28340148243865 194.80113 154.6881 -999.0 -999.0 -999.0 -999.0 -999.0 210.17465435394686 13.686712125498614 210.1675275668199 13.560848322765573 56.40205686714133 242.295921145703 -999.0 16600.0 -999.0 2 -999 {-999.0 -999.0 -999.0 -999.0 -999.0} "" -999.0 -999.0 -999.0 -999.0 -999 -999 "" "" "" "" 0 0 0.0 0.0 -999 ""
FIBERMAP 1353 R-12C3 BOSS 1 1 0 1 0 0 -116.97181694111875 -240.53266706779607 143.1 -154.85286209884185 -218.0224011189417 194.80113 154.6881 210.17123041763463 13.687806876447778 -999.0 -999.0 -999.0 210.17123041763463 13.687806876447778 210.16421184934865 13.56202600232669 56.40034562251174 242.30129635108645 5400.0 5400.0 2016.0 1 350 {-999.0 21.624857 20.432095 19.920216 19.534595} sdss_fiber2mag_from_lsdr10 20.496908 21.151443 18.702538 15.911 63050394841187187 1059078913 dark_flexible_2x2 bhm_spiders_agn_lsdr10 bhm_spiders science 0 0 0.0 0.0 -999 ""
FIBERMAP 1353 R-12C3 METROLOGY 0 0 0 1 0 0 -116.47783700872806 -239.97095951479346 143.1 -154.27345549601375 -217.54951372468764 194.80113 154.6881 -999.0 -999.0 -999.0 -999.0 -999.0 210.17392484843106 13.689934756659504 210.16687098213356 13.564131706055143 56.403679288026574 242.30120717171891 -999.0 6231.0 -999.0 -1 -999 {-999.0 -999.0 -999.0 -999.0 -999.0} "" -999.0 -999.0 -999.0 -999.0 -999 -999 "" "" "" "" 0 0 0.0 0.0 -999 ""
FIBERMAP 1354 R+3C8 APOGEE 0 0 0 1 0 0 -105.691007304956 42.313658833522915 143.1 -97.29129446005486 59.083621222820305 278.58237 90.86629 -999.0 -999.0 -999.0 -999.0 -999.0 210.4357119458113 14.943380928006004 210.42668148971893 14.81747413107293 57.39339189099342 243.7830708325033 -999.0 16600.0 -999.0 2 -999 {-999.0 -999.0 -999.0 -999.0 -999.0} "" -999.0 -999.0 -999.0 -999.0 -999 -999 "" "" "" "" 0 0 0.0 0.0 -999 ""
FIBERMAP 1354 R+3C8 BOSS 1 1 0 1 0 0 -106.44991498134848 42.20179459251154 143.1 -98.05813454490786 59.0978872156553 278.58237 90.86629 210.43195418777944 14.94338665238436 -0.025261987 -0.72243327 0.12534173 210.4319541137097 14.94338460580026 210.42303237640354 14.817555081354115 57.390689700684966 243.78728177663555 5400.0 5400.0 2016.0 1 52 {-999.0 20.360115 19.868242 19.7061 19.594135} sdss_psfmag_from_lsdr10 20.599497 20.05843 19.4187 -999.0 63050394841217664 1059085282 dark_flexible_2x2 bhm_spiders_agn_lsdr10 bhm_spiders science 0 0 0.0 0.0 -999 ""
FIBERMAP 1354 R+3C8 METROLOGY 0 0 0 1 0 0 -106.16677782202068 42.88837997947442 143.1 -97.66617063936701 59.72855051476582 278.58237 90.86629 -999.0 -999.0 -999.0 -999.0 -999.0 210.43383678744806 14.946274721318163 210.42487965409828 14.820423452629218 57.39387691059286 243.78936331402622 -999.0 6231.0 -999.0 -1 -999 {-999.0 -999.0 -999.0 -999.0 -999.0} "" -999.0 -999.0 -999.0 -999.0 -999 -999 "" "" "" "" 0 0 0.0 0.0 -999 ""
FIBERMAP 1355 R0C10 APOGEE 0 0 0 1 0 0 -91.51874712650032 9.645070769594232 143.1 -88.67717298556435 24.53742122853065 71.35678 142.67793 -999.0 -999.0 -999.0 -999.0 -999.0 210.4762032704882 14.786230860672097 210.46734915644856 14.660415372229771 57.32558033574359 243.510485261503 -999.0 16600.0 -999.0 2 -999 {-999.0 -999.0 -999.0 -999.0 -999.0} "" -999.0 -999.0 -999.0 -999.0 -999 -999 "" "" "" "" 0 0 0.0 0.0 -999 ""
FIBERMAP 1355 R0C10 BOSS 1 1 0 1 0 0 -90.90676146707553 10.07149979233904 143.1 -88.00359201585856 24.85751637129142 71.35678 142.67793 210.47921946166187 14.787621387345096 -999.0 -999.0 -999.0 210.47921946166184 14.787621387345096 210.47046609936368 14.661891381569943 57.32885364581053 243.50910229140464 5400.0 5400.0 2016.0 1 491 {-999.0 20.685137 20.795532 20.592487 20.435654} sdss_psfmag nan nan nan -999.0 63050394841209490 1060491917 dark_flexible_2x2 bhm_aqmes_bonus_faint bhm_filler science 0 0 0.0 0.0 -999 ""
FIBERMAP 1355 R0C10 METROLOGY 0 0 0 1 0 0 -90.8479869249352 9.318355706415138 143.1 -88.06927165415469 24.105076559666344 71.35678 142.67793 -999.0 -999.0 -999.0 -999.0 -999.0 210.47894933138488 14.784216241870686 210.4701710141336 14.658463546498343 57.32647752790042 243.5044951395987 -999.0 6231.0 -999.0 -1 -999 {-999.0 -999.0 -999.0 -999.0 -999.0} "" -999.0 -999.0 -999.0 -999.0 -999 -999 "" "" "" "" 0 0 0.0 0.0 -999 ""
FIBERMAP 1356 R+8C9 APOGEE 0 0 0 1 0 0 -8.398092461972745 139.65497320612437 143.1 14.644984410481069 139.1138762313929 12.955897 42.561768 -999.0 -999.0 -999.0 -999.0 -999.0 210.96356274973908 15.307022253590935 210.9535721687878 15.181644862295615 58.01829592894671 243.72008409351957 -999.0 16600.0 -999.0 2 -999 {-999.0 -999.0 -999.0 -999.0 -999.0} "" -999.0 -999.0 -999.0 -999.0 -999 -999 "" "" "" "" 0 0 0.0 0.0 -999 ""
FIBERMAP 1356 R+8C9 BOSS 1 1 0 1 0 0 -8.839569990178923 139.01756116719181 143.1 14.104929799215748 138.5577055657071 12.955897 42.561768 210.960919535262 15.304490269526607 -1.3885317 -2.5130982 0.15164435 210.96091545705877 15.30448315016051 210.95103391690037 15.179182902330473 58.014845348901474 243.71933989452933 5400.0 5400.0 2016.0 1 123 {-999.0 19.38978 19.804203 19.968761 -999.0} sdss_psfmag 19.744888 19.599907 19.949554 -999.0 63050394841218534 1092190570 dark_flexible_2x1 mwm_cb_galex_mag_boss mwm_cb science 0 0 0.0 0.0 -999 ""
FIBERMAP 1356 R+8C9 METROLOGY 0 0 0 1 0 0 -9.142445999516344 139.70596135825917 143.1 13.919234415186738 139.28636647968338 12.955897 42.561768 -999.0 -999.0 -999.0 -999.0 -999.0 210.9600722599864 15.307799105990345 210.95015770383054 15.18247435125258 58.0162392489007 243.7251911304886 -999.0 6231.0 -999.0 -1 -999 {-999.0 -999.0 -999.0 -999.0 -999.0} "" -999.0 -999.0 -999.0 -999.0 -999 -999 "" "" "" "" 0 0 0.0 0.0 -999 ""
FIBERMAP 1357 R+3C5 APOGEE 0 0 0 1 0 0 -165.73604590918598 72.44183622487506 143.1 -151.5646480049785 98.65542242261422 89.72838 105.69578 -999.0 -999.0 -999.0 -999.0 -999.0 210.1810769266155 15.122277656403677 210.17203089875875 14.996022041106293 57.31202410168797 244.3260922789691 -999.0 16600.0 -999.0 2 148 {-999.0 -999.0 -999.0 -999.0 -999.0} "" -999.0 -999.0 -999.0 -999.0 -999 -999 "" "" "" "" 0 0 0.0 0.0 -999 ""
FIBERMAP 1357 R+3C5 BOSS 1 1 0 1 0 0 -165.01763932373066 72.64741011363017 143.1 -150.82236761261325 98.74022704956461 89.72838 105.69578 210.18440404081574 15.122629224833652 -1.3409806 -0.6596504 -0.11119524 210.18440010567093 15.1226273561074 210.17545703571005 14.996456788678012 57.314890224024474 244.3229241634159 5400.0 5400.0 2016.0 1 40 {-999.0 17.295841 16.47629 16.165606 -999.0} sdss_psfmag 17.05398 16.499891 15.801083 14.378 63050394841214035 1150646567 dark_flexible_3x1 manual_mwm_halo_distant_kgiant_near_boss_triple mwm_halo science 0 0 0.0 0.0 -999 ""
FIBERMAP 1357 R+3C5 METROLOGY 0 0 0 1 0 0 -165.19838226471506 71.92575966174107 143.1 -151.11910166550535 98.05817032151658 89.72838 105.69578 -999.0 -999.0 -999.0 -999.0 -999.0 210.18304552808536 15.119545906229172 210.17407768808937 14.993351584519068 57.311919427263284 244.3199429439569 -999.0 6231.0 -999.0 -1 -999 {-999.0 -999.0 -999.0 -999.0 -999.0} "" -999.0 -999.0 -999.0 -999.0 -999 -999 "" "" "" "" 0 0 0.0 0.0 -999 ""
FIBERMAP 1358 R-3C14 APOGEE 0 0 0 1 0 0 29.48900766357005 -72.32444517843182 143.1 17.20987342938727 -76.17150923217109 265.23636 106.34255 -999.0 -999.0 -999.0 -999.0 -999.0 210.97405632885614 14.327383123256578 210.9653966128709 14.202289479097862 57.407722920409725 242.28632494923494 -999.0 16600.0 -999.0 2 215 {-999.0 -999.0 -999.0 -999.0 -999.0} "" -999.0 -999.0 -999.0 -999.0 -999 -999 "" "" "" "" 0 0 0.0 0.0 -999 ""
FIBERMAP 1358 R-3C14 BOSS 1 1 0 1 0 0 28.760750580841567 -72.48818371795927 143.1 16.46474620518408 -76.21343643203755 265.23636 106.34255 210.970458984375 14.327073640927196 -999.0 -999.0 -999.0 210.97045898437497 14.327073640927196 210.96190612101748 14.202059400913077 57.40497715919291 242.29002075184198 5400.0 5400.0 2015.5 1 264 {-999.0 -999.0 -999.0 -999.0 -999.0} "" -999.0 -999.0 -999.0 -999.0 27021603099588458 806479760 "" ops_sky_boss_good ops_sky sky_boss 0 0 0.0 0.0 -999 ""
FIBERMAP 1358 R-3C14 METROLOGY 0 0 0 1 0 0 28.979163541018345 -71.77389521251425 143.1 16.79742379105899 -75.54482485972262 265.23636 106.34255 -999.0 -999.0 -999.0 -999.0 -999.0 210.97205642772826 14.330144652139472 210.96346876364976 14.205107763794217 57.40809301200068 242.29256519972955 -999.0 6231.0 -999.0 -1 -999 {-999.0 -999.0 -999.0 -999.0 -999.0} "" -999.0 -999.0 -999.0 -999.0 -999 -999 "" "" "" "" 0 0 0.0 0.0 -999 ""
FIBERMAP 1359 R-7C12 APOGEE 0 0 0 1 0 0 40.42178007931004 -120.64239173995855 143.1 20.059832474025505 -125.62009799588297 92.99733 87.346855 -999.0 -999.0 -999.0 -999.0 -999.0 210.98696332279707 14.102706112573992 210.9785992080731 13.977690761160346 57.27324301055565 241.95213552973806 -999.0 16600.0 -999.0 2 161 {-999.0 -999.0 -999.0 -999.0 -999.0} "" -999.0 -999.0 -999.0 -999.0 -999 -999 "" "" "" "" 0 0 0.0 0.0 -999 ""
FIBERMAP 1359 R-7C12 BOSS 1 1 0 1 0 0 41.15383009691432 -120.64556655157952 143.1 20.7812977635723 -125.74341228438098 92.99733 87.346855 210.99025136245513 14.102004205882702 0.12574688 0.041145194 0.23101626 210.990251729753 14.102004322443086 210.98198921441352 13.977077705683683 57.27536380168688 241.9473475435874 5400.0 5400.0 2016.0 1 381 {-999.0 19.605253 19.483067 19.358845 19.313602} sdss_psfmag_from_gaiadr2 19.538378 19.47687 19.147297 -999.0 63050394841189792 1129368703 dark_flexible_3x1 bhm_gua_dark_d3 bhm_filler science 0 0 0.0 0.0 -999 ""
FIBERMAP 1359 R-7C12 METROLOGY 0 0 0 1 0 0 40.793835755597996 -121.28885611443921 143.1 20.32064125501017 -126.31875704522572 92.99733 87.346855 -999.0 -999.0 -999.0 -999.0 -999.0 210.988112486232 14.09943068658729 210.97982599780585 13.974478246226916 57.27208347768461 241.94617259498028 -999.0 6231.0 -999.0 -1 -999 {-999.0 -999.0 -999.0 -999.0 -999.0} "" -999.0 -999.0 -999.0 -999.0 -999 -999 "" "" "" "" 0 0 0.0 0.0 -999 ""
FIBERMAP 1362 R-12C4 APOGEE 0 0 0 1 0 0 -99.18968610296477 -215.27639982219347 143.1 -133.16877602454545 -196.03268477404714 170.86137 53.476463 -999.0 -999.0 -999.0 -999.0 -999.0 210.27111519564582 13.786032542581934 210.26377614429407 13.660253987751746 56.53761245514508 242.32494140996334 -999.0 16600.0 -999.0 2 -999 {-999.0 -999.0 -999.0 -999.0 -999.0} "" -999.0 -999.0 -999.0 -999.0 -999 -999 "" "" "" "" 0 0 0.0 0.0 -999 ""
FIBERMAP 1362 R-12C4 BOSS 1 1 0 1 0 0 -98.65534731797187 -214.74838424937462 143.1 -132.55509670924772 -195.59965204453522 170.86137 53.476463 210.27383359833183 13.787856943621144 -1.6279864 -0.9113573 0.29223028 210.27382884956603 13.787854361833402 210.26659154174672 13.66216520137331 56.54093685671164 242.3244102988751 5400.0 5400.0 2016.0 1 351 {-999.0 20.791914 20.593742 20.288198 20.012308} sdss_psfmag_from_lsdr10 20.591072 20.468256 20.06671 -999.0 63050394841187245 1059078916 dark_flexible_2x2 bhm_spiders_agn_lsdr10 bhm_spiders science 0 0 0.0 0.0 -999 ""
FIBERMAP 1362 R-12C4 METROLOGY 0 0 0 1 0 0 -98.47025301839116 -215.47408142814774 143.1 -132.49168705938675 -196.34576060301717 170.86137 53.476463 -999.0 -999.0 -999.0 -999.0 -999.0 210.2741819404305 13.784530662880252 210.26691862030793 13.658818277117014 56.53903018319916 242.31938808940333 -999.0 6231.0 -999.0 -1 -999 {-999.0 -999.0 -999.0 -999.0 -999.0} "" -999.0 -999.0 -999.0 -999.0 -999 -999 "" "" "" "" 0 0 0.0 0.0 -999 ""
FIBERMAP 1363 R-6C13 APOGEE 0 0 0 1 0 0 25.775809738850267 -119.58344580892287 143.1 5.789051352601874 -122.17123105757757 233.13875 64.57738 -999.0 -999.0 -999.0 -999.0 -999.0 210.92004293828109 14.118431065264753 210.91171359057205 13.993330764425435 57.23365252505081 242.0515116941324 -999.0 16600.0 -999.0 2 -999 {-999.0 -999.0 -999.0 -999.0 -999.0} "" -999.0 -999.0 -999.0 -999.0 -999 -999 "" "" "" "" 0 0 0.0 0.0 -999 ""
FIBERMAP 1363 R-6C13 BOSS 1 1 0 1 0 0 25.42459588009164 -118.93054698965533 143.1 5.549854240707295 -121.46964768940646 233.13875 64.57738 210.9188221664886 14.121478342170304 0.63086647 -0.2522773 1.6109407 210.91882400936328 14.121477627492883 210.91059545866895 13.996459643317575 57.2348350310204 242.05722727195976 5400.0 5400.0 2016.0 1 380 {-999.0 20.74249 20.806465 20.42079 20.181955} sdss_fiber2mag_from_lsdr10 20.352615 20.416742 19.47428 -999.0 63050394841189808 1059080232 dark_flexible_2x2 bhm_spiders_agn_lsdr10 bhm_spiders science 0 0 0.0 0.0 -999 ""
FIBERMAP 1363 R-6C13 METROLOGY 0 0 0 1 0 0 26.167167629238705 -118.94822853732008 143.1 6.279314999512751 -121.60899667767659 233.13875 64.57738 -999.0 -999.0 -999.0 -999.0 -999.0 210.9222752673832 14.120875030087012 210.91401502798885 13.995837328951552 57.23697477211679 242.05240246701868 -999.0 6231.0 -999.0 -1 -999 {-999.0 -999.0 -999.0 -999.0 -999.0} "" -999.0 -999.0 -999.0 -999.0 -999 -999 "" "" "" "" 0 0 0.0 0.0 -999 ""
FIBERMAP 1364 R+13C6 APOGEE 0 0 0 1 1 0 -44.24322269175339 249.15578800637098 143.1 -2.7302637995502628 252.99419675753018 175.26477 135.94754 -999.0 -999.0 -999.0 -999.0 -999.0 210.88235947345115 15.819804690600272 210.8717385739186 15.694189358091206 58.273858120032216 244.57510164556152 -999.0 16600.0 -999.0 2 105 {-999.0 -999.0 -999.0 -999.0 -999.0} "" -999.0 -999.0 -999.0 -999.0 -999 -999 "" "" "" "" 0 0 0.0 0.0 -999 ""
FIBERMAP 1364 R+13C6 BOSS 1 0 0 1 1 0 -44.72023891406464 249.72024953020454 143.1 -3.10805291614585 253.62921197825324 175.26477 135.94754 210.98594850411808 15.855977348663663 2.3183713 -7.681594 0.124171466 210.88048215115097 15.822581867840926 210.86996262395678 15.697041121444506 58.27426191235811 244.58137789043644 5400.0 5400.0 2016.0 1 84 {-999.0 15.299158 14.71632 14.459161 -999.0} sdss_psfmag_from_g3xp 15.1519 14.721689 14.112691 12.869 63050394841225474 1133166423 dark_flexible_3x1 mwm_halo_mp_xp_boss_triple mwm_halo science 0 0 1.5975728034973145 0.0 -999 ""
FIBERMAP 1364 R+13C6 METROLOGY 0 0 0 1 1 0 -43.996144548539995 249.86364290344864 143.1 -2.3703713187634605 253.65175710463478 175.26477 135.94754 -999.0 -999.0 -999.0 -999.0 -999.0 210.88398279418695 15.822695849817151 210.87343059236025 15.69713728001576 58.27695481935666 244.57762034385544 -999.0 6231.0 -999.0 -1 -999 {-999.0 -999.0 -999.0 -999.0 -999.0} "" -999.0 -999.0 -999.0 -999.0 -999 -999 "" "" "" "" 0 0 0.0 0.0 -999 ""
FIBERMAP 1365 R+12C3 APOGEE 0 0 0 1 0 0 -106.17369150853924 250.49550753011988 143.1 -63.589426755194076 264.4828331246639 112.64338 67.886925 -999.0 -999.0 -999.0 -999.0 -999.0 210.59632116085413 15.870637025427104 210.58589161790928 15.744666310865052 58.08735139539445 244.97056521291253 -999.0 16600.0 -999.0 2 -999 {-999.0 -999.0 -999.0 -999.0 -999.0} "" -999.0 -999.0 -999.0 -999.0 -999 -999 "" "" "" "" 0 0 0.0 0.0 -999 ""
FIBERMAP 1365 R+12C3 BOSS 1 1 0 1 0 0 -105.43152057915702 250.51870584782182 143.1 -62.853649920662434 264.3838678292388 112.64338 67.886925 210.59967041015625 15.870132860144338 -999.0 -999.0 -999.0 210.59967041015625 15.870132860144338 210.58934302619934 15.744243977291916 58.08972301418214 244.96609275532555 5400.0 5400.0 2015.5 1 94 {-999.0 -999.0 -999.0 -999.0 -999.0} "" -999.0 -999.0 -999.0 -999.0 27021603099615155 806483433 "" ops_sky_boss_good ops_sky sky_boss 0 0 0.0 0.0 -999 ""
FIBERMAP 1365 R+12C3 METROLOGY 0 0 0 1 0 0 -105.78153653829662 249.860782030533 143.1 -63.3068677750192 263.79245180673325 112.64338 67.886925 -999.0 -999.0 -999.0 -999.0 -999.0 210.59756133195117 15.867512812590157 210.58720986953597 15.741600123177346 58.08648216581871 244.964507185437 -999.0 6231.0 -999.0 -1 -999 {-999.0 -999.0 -999.0 -999.0 -999.0} "" -999.0 -999.0 -999.0 -999.0 -999 -999 "" "" "" "" 0 0 0.0 0.0 -999 ""
FIBERMAP 1369 R-1C18 APOGEE 0 0 0 1 0 0 96.215059565054 -27.35094058579793 143.1 90.40209272690743 -42.77089749971794 197.51448 152.10109 -999.0 -999.0 -999.0 -999.0 -999.0 211.3184257811667 14.478775926601676 211.30926566788673 14.354057360384267 57.760781696687985 242.10510930060855 -999.0 16600.0 -999.0 2 217 {-999.0 -999.0 -999.0 -999.0 -999.0} "" -999.0 -999.0 -999.0 -999.0 -999 -999 "" "" "" "" 0 0 0.0 0.0 -999 ""
FIBERMAP 1369 R-1C18 BOSS 1 1 0 1 0 0 95.49395072225329 -27.194710885904275 143.1 89.71654574094563 -42.4984286216156 197.51448 152.10109 211.31515502929688 14.479920028853698 -999.0 -999.0 -999.0 211.3151550292969 14.479920028853698 211.30609807050487 14.355279789699972 57.759211752983056 242.11055711498224 5400.0 5400.0 2015.5 1 295 {-999.0 -999.0 -999.0 -999.0 -999.0} "" -999.0 -999.0 -999.0 -999.0 27021603099595157 806480702 "" ops_sky_boss_good ops_sky sky_boss 0 0 0.0 0.0 -999 ""
FIBERMAP 1369 R-1C18 METROLOGY 0 0 0 1 0 0 95.98375946287871 -26.631346793724482 143.1 90.29211045310346 -42.02322266204242 197.51448 152.10109 -999.0 -999.0 -999.0 -999.0 -999.0 211.31788676971541 14.48210379371378 211.30879561946165 14.357442850474337 57.762604040255034 242.11052560802528 -999.0 6231.0 -999.0 -1 -999 {-999.0 -999.0 -999.0 -999.0 -999.0} "" -999.0 -999.0 -999.0 -999.0 -999 -999 "" "" "" "" 0 0 0.0 0.0 -999 ""
FIBERMAP 1370 R0C23 APOGEE 0 0 0 1 0 0 221.68069375747478 5.186630132232707 143.1 219.48475070013868 -31.278737963988608 72.30562 46.29373 -999.0 -999.0 -999.0 -999.0 -999.0 211.92164046980963 14.529051405599377 211.91189750748288 14.405061575024968 58.24017526998327 241.46918969701937 -999.0 16600.0 -999.0 2 89 {-999.0 -999.0 -999.0 -999.0 -999.0} "" -999.0 -999.0 -999.0 -999.0 -999 -999 "" "" "" "" 0 0 0.0 0.0 -999 ""
FIBERMAP 1370 R0C23 BOSS 1 1 0 1 0 0 221.92598399161798 4.4922272571424875 143.1 219.61266646106975 -32.003864991962544 72.30562 46.29373 211.92214965820312 14.525674015254324 -999.0 -999.0 -999.0 211.92214965820312 14.525674015254324 211.91251051004636 14.4017675390339 58.23849782132421 241.46368702747256 5400.0 5400.0 2015.5 1 245 {-999.0 -999.0 -999.0 -999.0 -999.0} "" -999.0 -999.0 -999.0 -999.0 27021603099594683 817238146 "" ops_sky_boss_good ops_sky sky_boss 0 0 0.0 0.0 -999 ""
FIBERMAP 1370 R0C23 METROLOGY 0 0 0 1 0 0 221.18450554156786 4.623517168113356 143.1 218.90293544003444 -31.75264890778539 72.30562 46.29373 -999.0 -999.0 -999.0 -999.0 -999.0 211.91888792786898 14.526850802333632 211.90922175318542 14.40291676504179 58.23681145927026 241.46926585571197 -999.0 6231.0 -999.0 -1 -999 {-999.0 -999.0 -999.0 -999.0 -999.0} "" -999.0 -999.0 -999.0 -999.0 -999 -999 "" "" "" "" 0 0 0.0 0.0 -999 ""
FIBERMAP 1372 R-11C10 APOGEE 0 0 0 1 0 0 12.732569020119147 -218.34596202186023 143.1 -23.289059113194067 -217.43470384355706 256.06024 38.040466 -999.0 -999.0 -999.0 -999.0 -999.0 210.78358736659996 13.688345902967322 210.77595519996567 13.56320257850158 56.85510104016974 241.604634687226 -999.0 16600.0 -999.0 2 157 {-999.0 -999.0 -999.0 -999.0 -999.0} "" -999.0 -999.0 -999.0 -999.0 -999 -999 "" "" "" "" 0 0 0.0 0.0 -999 ""
FIBERMAP 1372 R-11C10 BOSS 1 1 0 1 0 0 12.426134901657619 -217.66501403397024 143.1 -23.47948714627567 -216.71280854036993 256.06024 38.040466 210.7822996502011 13.691499212275769 -18.002405 -13.523118 0.69985026 210.78258842419228 13.691460902575095 210.77505731626877 13.5664020545881 56.856512716815416 241.61012336823717 5400.0 5400.0 2016.0 1 362 {-999.0 16.228897 15.808132 15.674008 -999.0} sdss_psfmag 16.133041 15.817679 15.335816 14.454 63050394841187936 1136102196 dark_flexible_3x1 mwm_halo_local_high_boss_triple mwm_halo science 0 0 1.1936423778533936 0.0 -999 ""
FIBERMAP 1372 R-11C10 METROLOGY 0 0 0 1 0 0 13.16760650609579 -217.73199936917288 143.1 -22.759205777599195 -216.90060292140203 256.06024 38.040466 -999.0 -999.0 -999.0 -999.0 -999.0 210.78598128918478 13.690644419531104 210.77841884198995 13.56556531378839 56.85845642891063 241.60508100217203 -999.0 6231.0 -999.0 -1 -999 {-999.0 -999.0 -999.0 -999.0 -999.0} "" -999.0 -999.0 -999.0 -999.0 -999 -999 "" "" "" "" 0 0 0.0 0.0 -999 ""
FIBERMAP 1373 R-9C2 APOGEE 0 0 0 1 0 0 -150.77147082614567 -174.28470920172484 143.1 -177.31172061852052 -147.1361522546332 32.741188 82.76353 -999.0 -999.0 -999.0 -999.0 -999.0 210.06438339041398 14.006987964897831 210.05692362740638 13.880905438015468 56.52434932581395 242.865515988809 -999.0 16600.0 -999.0 2 -999 {-999.0 -999.0 -999.0 -999.0 -999.0} "" -999.0 -999.0 -999.0 -999.0 -999 -999 "" "" "" "" 0 0 0.0 0.0 -999 ""
FIBERMAP 1373 R-9C2 BOSS 1 1 0 1 0 0 -150.44085840333838 -174.93935177624965 143.1 -177.0931280123442 -147.83607319937514 32.741188 82.76353 210.06487275323823 14.003761486563166 22.27021 -15.244121 11.518726 210.06528644729514 14.003718301424268 210.05793934007895 13.877724282663022 56.52308288103367 242.85993159001734 5400.0 5400.0 2016.0 1 490 {-999.0 18.355682 16.339334 15.601141 -999.0} sdss_psfmag 18.192682 16.43111 15.169121 12.852 63050394841204711 1151049843 dark_1x1 mwm_snc_100pc_boss_single mwm_snc science 0 0 1.2179147005081177 0.0 -999 ""
FIBERMAP 1373 R-9C2 METROLOGY 0 0 0 1 0 0 -151.1921384567759 -174.90090781017165 143.1 -177.82776872590318 -147.67481754244358 32.741188 82.76353 -999.0 -999.0 -999.0 -999.0 -999.0 210.06190997391954 14.004486320149988 210.0545324654654 13.878463269103102 56.52100420772075 242.86478404294837 -999.0 6231.0 -999.0 -1 -999 {-999.0 -999.0 -999.0 -999.0 -999.0} "" -999.0 -999.0 -999.0 -999.0 -999 -999 "" "" "" "" 0 0 0.0 0.0 -999 ""
FIBERMAP 1374 R-5C8 APOGEE 0 0 0 1 0 0 -60.01538463657543 -105.58914804622228 143.1 -76.52527841370586 -94.28468341802505 30.334066 50.14233 -999.0 -999.0 -999.0 -999.0 -999.0 210.53378220571952 14.245506850803439 210.5256069408831 14.119909795987217 57.027106155872694 242.67265964142857 -999.0 16600.0 -999.0 2 -999 {-999.0 -999.0 -999.0 -999.0 -999.0} "" -999.0 -999.0 -999.0 -999.0 -999 -999 "" "" "" "" 0 0 0.0 0.0 -999 ""
FIBERMAP 1374 R-5C8 BOSS 1 1 0 1 0 0 -60.129265704687 -106.32872345656027 143.1 -76.75901254633938 -94.99539562894309 30.334066 50.14233 210.53255106413962 14.242153076163873 -999.0 -999.0 -999.0 210.5325510641396 14.242153076163872 210.5244865411053 14.116639999307317 57.024184122116566 242.66930490970196 5400.0 5400.0 2016.0 1 463 {-999.0 21.637794 21.289652 21.061245 20.867872} sdss_psfmag_from_lsdr10 nan nan nan -999.0 63050397665427757 1059081473 dark_flexible_2x2 bhm_spiders_agn_lsdr10 bhm_spiders science 0 0 0.0 0.0 -999 ""
FIBERMAP 1374 R-5C8 METROLOGY 0 0 0 1 0 0 -60.71133221178519 -105.85806988072343 143.1 -77.25580858632709 -94.43565231652752 30.334066 50.14233 -999.0 -999.0 -999.0 -999.0 -999.0 210.53025314993943 14.244729860424153 210.52215735231016 14.119189386611383 57.02406977458462 242.67555943973116 -999.0 6231.0 -999.0 -1 -999 {-999.0 -999.0 -999.0 -999.0 -999.0} "" -999.0 -999.0 -999.0 -999.0 -999 -999 "" "" "" "" 0 0 0.0 0.0 -999 ""
FIBERMAP 1376 R+4C13 APOGEE 0 0 0 1 0 0 33.38103945732574 90.47605636186461 143.1 47.77590894521956 83.75200205817734 77.49256 85.51531 -999.0 -999.0 -999.0 -999.0 -999.0 211.11940205963674 15.05530133907916 211.10961971684821 14.930181329940966 57.97797248974219 243.17215677750022 -999.0 16600.0 -999.0 2 -999 {-999.0 -999.0 -999.0 -999.0 -999.0} "" -999.0 -999.0 -999.0 -999.0 -999 -999 "" "" "" "" 0 0 0.0 0.0 -999 ""
FIBERMAP 1376 R+4C13 BOSS 1 1 0 1 0 0 34.09070367269932 90.27686156623666 143.1 48.44311490859534 83.43903762960059 77.49256 85.51531 211.12245349227732 15.053944742075284 4.163794 -40.581295 0.6733712 211.1224657070912 15.053829779161946 211.11278540473785 14.92879439019084 57.97947411631448 243.16649088424234 5400.0 5400.0 2016.0 1 107 {-999.0 16.813942 16.483324 16.366941 -999.0} sdss_psfmag 16.754992 16.460457 15.995665 15.089 63050394841217183 1136102844 dark_flexible_3x1 mwm_halo_local_high_boss_triple mwm_halo science 0 0 0.0 0.0 -999 ""
FIBERMAP 1376 R+4C13 METROLOGY 0 0 0 1 0 0 33.56188194705902 89.75220694767759 143.1 47.83542858870727 83.00841389698586 77.49256 85.51531 -999.0 -999.0 -999.0 -999.0 -999.0 211.11962321440853 15.05189520908784 211.10991893247615 14.926834084564483 57.976088131860735 243.16691119811446 -999.0 6231.0 -999.0 -1 -999 {-999.0 -999.0 -999.0 -999.0 -999.0} "" -999.0 -999.0 -999.0 -999.0 -999 -999 "" "" "" "" 0 0 0.0 0.0 -999 ""
FIBERMAP 1378 R-3C2 APOGEE 0 0 0 1 0 0 -222.14076334747443 -69.93526956514219 143.1 -230.56849827913572 -32.50426924841306 350.63983 80.3903 -999.0 -999.0 -999.0 -999.0 -999.0 209.81391517184312 14.525875103785175 209.80598303179806 14.399357199089854 56.6632595219204 243.87468963843725 -999.0 16600.0 -999.0 2 -999 {-999.0 -999.0 -999.0 -999.0 -999.0} "" -999.0 -999.0 -999.0 -999.0 -999 -999 "" "" "" "" 0 0 0.0 0.0 -999 ""
FIBERMAP 1378 R-3C2 BOSS 1 1 0 1 0 0 -222.36566849549135 -70.65262735139386 143.1 -230.90808269877914 -33.17484206368019 350.63983 80.3903 209.81227191856055 14.522780458207821 -18.76926 -12.497598 0.6964781 209.81221699204488 14.522745053706915 209.8043986179371 14.396310261232209 56.66015457377757 243.87211761161564 5400.0 5400.0 2016.0 1 436 {-999.0 16.979156 16.408342 16.21404 -999.0} sdss_psfmag 16.861557 16.449347 15.879239 14.886 63050394841208896 1136776329 dark_flexible_3x1 mwm_halo_local_high_boss_triple mwm_halo science 0 0 0.0 0.0 -999 ""
FIBERMAP 1378 R-3C2 METROLOGY 0 0 0 1 0 0 -222.8694530023044 -70.09549867440639 143.1 -231.31347597385573 -32.542664245414 350.63983 80.3903 -999.0 -999.0 -999.0 -999.0 -999.0 209.81036389256244 14.52563086327009 209.80251263105413 14.399169236134448 56.66052168099316 243.87825454543912 -999.0 6231.0 -999.0 -1 -999 {-999.0 -999.0 -999.0 -999.0 -999.0} "" -999.0 -999.0 -999.0 -999.0 -999 -999 "" "" "" "" 0 0 0.0 0.0 -999 ""
FIBERMAP 1381 R-7C10 APOGEE 0 0 0 1 0 0 -28.77339987432258 -131.45466663925126 143.1 -49.95920738770708 -124.92373016732574 199.54495 78.04813 -999.0 -999.0 -999.0 -999.0 -999.0 210.65853531443187 14.10627527670246 210.65044237420057 13.98086539908415 57.03131880847134 242.3339319620311 -999.0 16600.0 -999.0 2 170 {-999.0 -999.0 -999.0 -999.0 -999.0} "" -999.0 -999.0 -999.0 -999.0 -999 -999 "" "" "" "" 0 0 0.0 0.0 -999 ""
FIBERMAP 1381 R-7C10 BOSS 1 1 0 1 0 0 -28.86579956604861 -130.71642757071444 143.1 -49.929137660276695 -124.18047011922134 199.54495 78.04813 210.65854680922595 14.109509668886783 -999.0 -999.0 -999.0 210.65854680922592 14.109509668886785 210.65055419880142 13.984183811986611 57.03352940622252 242.33848440806182 5400.0 5400.0 2016.0 1 385 {-999.0 21.89009 20.534992 20.034185 19.685518} sdss_fiber2mag_from_lsdr10 nan nan nan -999.0 63050397665407309 1058147132 dark_flexible_2x2 bhm_spiders_clusters_lsdr10 bhm_spiders science 0 0 0.0 0.0 -999 ""
FIBERMAP 1381 R-7C10 METROLOGY 0 0 0 1 0 0 -28.17636511412442 -130.99778552329352 143.1 -49.295372363992385 -124.57114701741628 199.54495 78.04813 -999.0 -999.0 -999.0 -999.0 -999.0 210.66155357382772 14.107767006523233 210.65353115091318 13.982421158885868 57.03461650102077 242.332595080431 -999.0 6231.0 -999.0 -1 -999 {-999.0 -999.0 -999.0 -999.0 -999.0} "" -999.0 -999.0 -999.0 -999.0 -999 -999 "" "" "" "" 0 0 0.0 0.0 -999 ""
FIBERMAP 1382 R+4C14 APOGEE 0 0 0 1 0 0 52.76548223632382 78.04096450738037 143.1 64.85236235935398 68.30544633126047 305.37228 161.15475 -999.0 -999.0 -999.0 -999.0 -999.0 211.19972590003434 14.98480157538755 211.1899703766353 14.85979836982148 57.99380282892832 242.97673369497733 -999.0 16600.0 -999.0 2 -999 {-999.0 -999.0 -999.0 -999.0 -999.0} "" -999.0 -999.0 -999.0 -999.0 -999 -999 "" "" "" "" 0 0 0.0 0.0 -999 ""
FIBERMAP 1382 R+4C14 BOSS 1 1 0 1 0 0 53.0036318766486 77.32719415381072 143.1 64.97005606409357 67.56239036535887 305.37228 161.15475 211.19986006002375 14.981543749645914 -17.186365 -60.489586 0.7469608 211.2002043812792 14.981372388450518 211.190555583865 14.856451432237249 57.99212597114188 242.97116545427144 5400.0 5400.0 2016.0 1 158 {-999.0 15.828023 15.291885 15.126665 -999.0} sdss_psfmag 15.7099 15.339659 14.793917 13.726 63050394841216889 1136102815 dark_flexible_3x1 mwm_halo_local_high_boss_triple mwm_halo science 0 0 1.372697114944458 0.0 -999 ""
FIBERMAP 1382 R+4C14 METROLOGY 0 0 0 1 0 0 52.26305020491733 77.48939943023304 143.1 64.26628497318926 67.84394959362156 305.37228 161.15475 -999.0 -999.0 -999.0 -999.0 -999.0 211.1969151556794 14.982680959658655 211.1872383659205 14.857732749027175 57.990450930210635 242.97686195235053 -999.0 6231.0 -999.0 -1 -999 {-999.0 -999.0 -999.0 -999.0 -999.0} "" -999.0 -999.0 -999.0 -999.0 -999 -999 "" "" "" "" 0 0 0.0 0.0 -999 ""
FIBERMAP 1383 R-9C6 APOGEE 0 0 0 1 0 0 -74.27487152835312 -187.0918007793684 143.1 -103.96930527170421 -172.32588922921389 288.82474 119.088524 -999.0 -999.0 -999.0 -999.0 -999.0 210.4064619959995 13.892311987982884 210.39886813872602 13.766663043801344 56.7065493304299 242.31999337985212 -999.0 16600.0 -999.0 2 165 {-999.0 -999.0 -999.0 -999.0 -999.0} "" -999.0 -999.0 -999.0 -999.0 -999 -999 "" "" "" "" 0 0 0.0 0.0 -999 ""
FIBERMAP 1383 R-9C6 BOSS 1 1 0 1 0 0 -74.75949683091999 -187.65250695178204 143.1 -104.53932144299141 -172.7993247900187 288.82474 119.088524 210.4036808155338 13.890056113266834 -999.0 -999.0 -999.0 210.40368081553376 13.890056113266834 210.39619811711808 13.764490641766233 56.70316637728122 242.31999243139046 5400.0 5400.0 2016.0 1 402 {-999.0 22.08164 20.778769 20.279661 19.924925} sdss_fiber2mag_from_lsdr10 nan nan nan -999.0 63050396950158480 1058147117 dark_flexible_2x2 bhm_spiders_clusters_lsdr10 bhm_spiders science 0 0 0.0 0.0 -999 ""
FIBERMAP 1383 R-9C6 METROLOGY 0 0 0 1 0 0 -75.00706061242867 -186.9481841276362 143.1 -104.66785090527671 -172.06404092681703 288.82474 119.088524 -999.0 -999.0 -999.0 -999.0 -999.0 210.40310062140645 13.893406695244094 210.39558398163354 13.767815182922703 56.7048434211209 242.32533319666987 -999.0 6231.0 -999.0 -1 -999 {-999.0 -999.0 -999.0 -999.0 -999.0} "" -999.0 -999.0 -999.0 -999.0 -999 -999 "" "" "" "" 0 0 0.0 0.0 -999 ""
FIBERMAP 1384 R-12C6 APOGEE 0 0 0 1 0 0 -56.99303278633671 -237.8571957532317 143.1 -95.25936652515685 -225.23062891377737 202.39699 117.38526 -999.0 -999.0 -999.0 -999.0 -999.0 210.4482373604689 13.654316749752716 210.4409275537588 13.5287840383217 56.58459884128953 241.94115562798595 -999.0 16600.0 -999.0 2 -999 {-999.0 -999.0 -999.0 -999.0 -999.0} "" -999.0 -999.0 -999.0 -999.0 -999 -999 "" "" "" "" 0 0 0.0 0.0 -999 ""
FIBERMAP 1384 R-12C6 BOSS 1 1 0 1 0 0 -57.561421209596155 -237.38295852237505 143.1 -95.74208417350602 -224.66959678809957 202.39699 117.38526 210.44586181640622 13.656728147383873 -999.0 -999.0 -999.0 210.44586181640622 13.656728147383873 210.43865645964198 13.531279002750223 56.5845255798458 241.94720401115663 5400.0 5400.0 2015.5 1 403 {-999.0 -999.0 -999.0 -999.0 -999.0} "" -999.0 -999.0 -999.0 -999.0 27021603099585666 817237615 "" ops_sky_boss_good ops_sky sky_boss 0 0 0.0 0.0 -999 ""
FIBERMAP 1384 R-12C6 METROLOGY 0 0 0 1 0 0 -56.86690266910215 -237.12183653894374 143.1 -95.01424391849153 -224.52608590648353 202.39699 117.38526 -999.0 -999.0 -999.0 -999.0 -999.0 210.44927655483818 13.657387537738716 210.44203757319474 13.531917570617702 56.58744715606928 241.94423243814367 -999.0 6231.0 -999.0 -1 -999 {-999.0 -999.0 -999.0 -999.0 -999.0} "" -999.0 -999.0 -999.0 -999.0 -999 -999 "" "" "" "" 0 0 0.0 0.0 -999 ""
FIBERMAP 1388 R-10C8 APOGEE 0 0 0 1 0 0 -17.399406059385978 -187.44049339772525 143.1 -47.93295418548755 -182.00722540721614 6.663305 152.7966 -999.0 -999.0 -999.0 -999.0 -999.0 210.6683277236809 13.848017092278791 210.660575217688 13.7226912351266 56.87280496500765 241.9598161685061 -999.0 16600.0 -999.0 2 -999 {-999.0 -999.0 -999.0 -999.0 -999.0} "" -999.0 -999.0 -999.0 -999.0 -999 -999 "" "" "" "" 0 0 0.0 0.0 -999 ""
FIBERMAP 1388 R-10C8 BOSS 1 1 0 1 0 0 -16.66864428510266 -187.696003651074 143.1 -47.25418619051614 -182.37919478103635 6.663305 152.7966 210.67140474498584 13.846210899375722 -6.989431 -5.24889 1.7422899 210.6713843520127 13.846196029773614 210.66373679147478 13.7209603984555 56.87403455154704 241.9537700394129 5400.0 5400.0 2016.0 1 372 {-999.0 21.417995 19.982151 18.686607 -999.0} sdss_psfmag 20.587996 19.400644 18.223955 15.841 63050394841189105 1094644748 bright_1x1 mwm_bin_vis_boss mwm_filler science 0 0 0.0 0.0 -999 ""
FIBERMAP 1388 R-10C8 METROLOGY 0 0 0 1 0 0 -17.258058408742254 -188.17307979001583 143.1 -47.91382082379395 -182.75294643809522 6.663305 152.7966 -999.0 -999.0 -999.0 -999.0 -999.0 210.66833566577668 13.844550509049046 210.6606629413178 13.719287269188598 56.87067362403704 241.95495721584496 -999.0 6231.0 -999.0 -1 -999 {-999.0 -999.0 -999.0 -999.0 -999.0} "" -999.0 -999.0 -999.0 -999.0 -999 -999 "" "" "" "" 0 0 0.0 0.0 -999 ""
FIBERMAP 1391 R-5C4 APOGEE 0 0 0 1 0 0 -182.04356911672397 -83.89280084763313 143.1 -193.31397610360705 -52.85281767714666 179.40433 65.02604 -999.0 -999.0 -999.0 -999.0 -999.0 209.9872500639458 14.433824443978033 209.97929009388997 14.30753304531113 56.73625559609437 243.55248693391007 -999.0 16600.0 -999.0 2 -999 {-999.0 -999.0 -999.0 -999.0 -999.0} "" -999.0 -999.0 -999.0 -999.0 -999 -999 "" "" "" "" 0 0 0.0 0.0 -999 ""
FIBERMAP 1391 R-5C4 BOSS 1 1 0 1 0 0 -181.7292411880465 -83.20746642291485 143.1 -192.89145558363617 -52.22850883710535 179.40433 65.02604 209.98903791898948 14.436585585628112 2.2097254 -8.90928 0.7383128 209.98904438303632 14.436560346493568 209.98118671608665 14.310354631801447 56.73945981338094 243.5543747019295 5400.0 5400.0 2016.0 1 454 {-999.0 19.542461 20.013409 20.287014 -999.0} sdss_psfmag 19.556963 19.78132 19.963165 -999.0 63050394841208667 1143462442 dark_1x3 mwm_wd_pwd_boss_1x3 mwm_wd science 0 0 0.0 0.0 -999 ""
FIBERMAP 1391 R-5C4 METROLOGY 0 0 0 1 0 0 -181.30107111315073 -83.81959773839898 143.1 -192.5696672358553 -52.902519294938614 179.40433 65.02604 -999.0 -999.0 -999.0 -999.0 -999.0 209.9905959788423 14.433529967295913 209.9827104922333 14.307302977534137 56.73868585146638 243.54835681962177 -999.0 6231.0 -999.0 -1 -999 {-999.0 -999.0 -999.0 -999.0 -999.0} "" -999.0 -999.0 -999.0 -999.0 -999 -999 "" "" "" "" 0 0 0.0 0.0 -999 ""
FIBERMAP 1392 R-12C10 APOGEE 0 0 0 1 0 0 61.453477397962544 -219.8380545792539 143.1 24.51711994138296 -226.9049604667491 100.50673 38.134033 -999.0 -999.0 -999.0 -999.0 -999.0 211.0066049302846 13.64559115058346 210.99884738978574 13.52072779953296 56.992110850807805 241.28732333429622 -999.0 16600.0 -999.0 2 -999 {-999.0 -999.0 -999.0 -999.0 -999.0} "" -999.0 -999.0 -999.0 -999.0 -999 -999 "" "" "" "" 0 0 0.0 0.0 -999 ""
FIBERMAP 1392 R-12C10 BOSS 1 1 0 1 0 0 62.03573716686096 -220.3286319911139 143.1 25.010835623020075 -227.4843854501949 100.50673 38.134033 211.0088658811454 13.642887936765591 -22.673319 -6.2547984 0.41600326 211.00879978488985 13.642870217513405 211.00114764614682 13.518096762991597 56.99209262304516 241.2809844063887 5400.0 5400.0 2016.0 1 406 {-999.0 20.620085 20.737015 20.971853 -999.0} sdss_psfmag 20.534609 20.717983 20.356873 -999.0 63050394841187837 1092190625 dark_flexible_2x1 mwm_cb_galex_mag_boss mwm_cb science 0 0 0.0 0.0 -999 ""
FIBERMAP 1392 R-12C10 METROLOGY 0 0 0 1 0 0 61.323112937285416 -220.57267494917576 143.1 24.267942499464514 -227.60807962013914 100.50673 38.134033 -999.0 -999.0 -999.0 -999.0 -999.0 211.0053617588001 13.642349307759885 210.9976838264646 13.517547337263746 56.98918010078133 241.28424850505726 -999.0 6231.0 -999.0 -1 -999 {-999.0 -999.0 -999.0 -999.0 -999.0} "" -999.0 -999.0 -999.0 -999.0 -999 -999 "" "" "" "" 0 0 0.0 0.0 -999 ""
FIBERMAP 1393 R-12C5 APOGEE 0 0 0 1 0 0 -61.446855234663495 -216.95599282027587 143.1 -96.22054117399792 -203.88555624387268 98.9875 85.397026 -999.0 -999.0 -999.0 -999.0 -999.0 210.4432656395133 13.750100798743082 210.43583163696553 13.624535267104944 56.6426097607156 242.07988173844518 -999.0 16600.0 -999.0 2 -999 {-999.0 -999.0 -999.0 -999.0 -999.0} "" -999.0 -999.0 -999.0 -999.0 -999 -999 "" "" "" "" 0 0 0.0 0.0 -999 ""
FIBERMAP 1393 R-12C5 BOSS 1 1 0 1 0 0 -60.70105872109157 -216.8997498863289 143.1 -95.47576355013567 -203.95252641254447 98.9875 85.397026 210.4466179913282 13.749698516730595 -1.4888934 -11.126982 2.5481412 210.44661364900003 13.749666995059476 210.4392835635506 13.624192314108809 56.64495347707585 242.07547174479728 5400.0 5400.0 2016.0 1 352 {-999.0 21.870867 20.78721 20.343065 -999.0} sdss_psfmag_gaia 21.112297 20.796034 19.591824 -999.0 63050394841189198 1092373280 dark_flexible_2x1 mwm_cb_galex_vol_boss mwm_cb science 0 0 0.0 0.0 -999 ""
FIBERMAP 1393 R-12C5 METROLOGY 0 0 0 1 0 0 -61.025547181224226 -217.5717537354199 143.1 -95.90611639892708 -204.56201984396264 98.9875 85.397026 -999.0 -999.0 -999.0 -999.0 -999.0 210.44465630690812 13.746966928441806 210.43730113813353 13.621466035600589 56.641723045466485 242.07394021857957 -999.0 6231.0 -999.0 -1 -999 {-999.0 -999.0 -999.0 -999.0 -999.0} "" -999.0 -999.0 -999.0 -999.0 -999 -999 "" "" "" "" 0 0 0.0 0.0 -999 ""
FIBERMAP 1395 R+4C20 APOGEE 0 0 0 1 0 0 163.15658605610923 91.65439829122927 143.1 175.96088047333515 63.60845598869845 203.43967 35.993683 -999.0 -999.0 -999.0 -999.0 -999.0 211.7211847034784 14.960787389123817 211.71100867202802 14.836429323577256 58.36814967265541 242.3361504426866 -999.0 16600.0 -999.0 2 -999 {-999.0 -999.0 -999.0 -999.0 -999.0} "" -999.0 -999.0 -999.0 -999.0 -999 -999 "" "" "" "" 0 0 0.0 0.0 -999 ""
FIBERMAP 1395 R+4C20 BOSS 1 1 0 1 0 0 163.53744776360026 92.30617462097337 143.1 176.44351078505755 64.18874498274243 203.43967 35.993683 211.72285502638022 14.963360129638234 -23.077494 -6.2744455 0.5817238 211.72339748954408 14.963342354726406 211.71331626063113 14.8390665339887 58.37154953944579 242.3373131758366 5400.0 5400.0 2016.0 1 205 {-999.0 13.883864 13.365041 13.164989 -999.0} sdss_psfmag_from_g3xp 13.768337 13.383547 12.825734 11.734 63050394841200152 1135937600 dark_flexible_3x1 mwm_halo_local_high_boss_triple mwm_halo science 0 0 2.122002601623535 0.0 -999 ""
FIBERMAP 1395 R+4C20 METROLOGY 0 0 0 1 0 0 163.9026612837433 91.6485900881889 143.1 176.69574583527157 63.48024194402675 203.43967 35.993683 -999.0 -999.0 -999.0 -999.0 -999.0 211.72458549309383 14.960138604855784 211.7144792644483 14.835842394262025 58.37036017938598 242.33120990554522 -999.0 6231.0 -999.0 -1 -999 {-999.0 -999.0 -999.0 -999.0 -999.0} "" -999.0 -999.0 -999.0 -999.0 -999 -999 "" "" "" "" 0 0 0.0 0.0 -999 ""
FIBERMAP 1396 R0C3 APOGEE 0 0 0 1 0 0 -235.23923850418936 4.152496677633358 143.1 -231.32366986312272 42.715431614737554 14.152113 125.30841 -999.0 -999.0 -999.0 -999.0 -999.0 209.8092854013077 14.86673337578706 209.80090737558612 14.740115775148936 56.87193968822308 244.3663229036781 -999.0 16600.0 -999.0 2 297 {-999.0 -999.0 -999.0 -999.0 -999.0} "" -999.0 -999.0 -999.0 -999.0 -999 -999 "" "" "" "" 0 0 0.0 0.0 -999 ""
FIBERMAP 1396 R0C3 BOSS 1 1 0 1 0 0 -234.67561206145527 3.6687724280253007 143.1 -230.84720624811698 42.145824678982756 14.152113 125.30841 209.81135625765128 14.86408841472626 -999.0 -999.0 -999.0 209.81135625765125 14.864088414726263 209.80308786912687 14.737556693973156 56.87200385647864 244.36025643479195 5400.0 5400.0 2016.0 1 422 {-999.0 22.328083 20.808653 20.21568 19.82692} sdss_fiber2mag_from_lsdr10 nan nan nan -999.0 63050396940673844 1058149772 dark_flexible_2x2 bhm_spiders_clusters_lsdr10 bhm_spiders science 0 0 0.0 0.0 -999 ""
FIBERMAP 1396 R0C3 METROLOGY 0 0 0 1 0 0 -235.36815572964943 3.411054335240901 143.1 -231.5725399512357 42.00534667320213 14.152113 125.30841 -999.0 -999.0 -999.0 -999.0 -999.0 209.8080335143848 14.863455702136248 209.79973834330485 14.736896869574387 56.86905486779126 244.3629903367214 -999.0 6231.0 -999.0 -1 -999 {-999.0 -999.0 -999.0 -999.0 -999.0} "" -999.0 -999.0 -999.0 -999.0 -999 -999 "" "" "" "" 0 0 0.0 0.0 -999 ""
FIBERMAP 1400 R-5C13 APOGEE 0 0 0 1 0 0 44.52408015085699 -95.98776470695789 143.1 28.153371428212456 -101.97788713347413 350.19595 132.63536 -999.0 -999.0 -999.0 -999.0 -999.0 211.02520264513868 14.209991897846834 211.01665994649227 14.084992670027315 57.37056633955712 242.06021720688798 -999.0 16600.0 -999.0 2 155 {-999.0 -999.0 -999.0 -999.0 -999.0} "" -999.0 -999.0 -999.0 -999.0 -999 -999 "" "" "" "" 0 0 0.0 0.0 -999 ""
FIBERMAP 1400 R-5C13 BOSS 1 1 0 1 0 0 44.94915420856447 -96.60127361130806 143.1 28.471880156413288 -102.65274795884069 350.19595 132.63536 211.02660943914063 14.20681582868749 -3.0219193 -8.558148 0.13726898 211.02660060825195 14.206791584274528 211.01816431089466 14.081879030840753 57.369681837673376 242.05405466311507 5400.0 5400.0 2016.0 1 379 {-999.0 18.342825 17.973658 17.830225 17.777782} sdss_psfmag_from_gaia 18.2893 17.9853 17.5061 16.023 63050394841189981 969423818 "" ops_std_boss_gdr2 ops_std standard_boss 0 0 0.0 0.0 -999 ""
FIBERMAP 1400 R-5C13 METROLOGY 0 0 0 1 0 0 44.20876184853755 -96.66758593532491 143.1 27.730779269333695 -102.59659597421994 350.19595 132.63536 -999.0 -999.0 -999.0 -999.0 -999.0 211.02314844077162 14.207083695621801 211.0146854461574 14.0821430615558 57.367267318508624 242.05845344783054 -999.0 6231.0 -999.0 -1 -999 {-999.0 -999.0 -999.0 -999.0 -999.0} "" -999.0 -999.0 -999.0 -999.0 -999 -999 "" "" "" "" 0 0 0.0 0.0 -999 ""
