#%yanny
#
# confSummaryF-25969.par
#
# Created by pydl.pydlutils.yanny.yanny
#
# 2026-04-06 03:38:35 UTC
#
configuration_id 25969
robostrategy_run iota-1
fps_calibrations_version 2025.12.04
jaeger_version 1.11.0
coordio_version 1.18.1
kaiju_version 1.4.1
design_id 771798
field_id 103454
focal_scale 0.9997783869410065
instruments BOSS APOGEE
epoch 2461136.6523614875
obstime Mon Apr 06 03:38:35 2026
MJD 61136
observatory APO
temperature 1.8613238929410691
raCen 103.324780627666
decCen 4.03171222222195
pa 31.597214
is_dithered 0
parent_configuration -999
dither_radius -999.0
cloned_from -999
rotator_angle 164.72
fvc_centroid_method flex
fvc_rms 0.01097
fvc_90_perc 0.0095
fvc_percent_reached 55.2
fvc_image_path /data/fcam/61136/proc-fimg-fvc1n-0012.fits

typedef enum {
    BOSS,
    APOGEE,
    METROLOGY,
    NONE
} FIBERTYPE;

typedef struct {
    short positionerId;
    char holeId[28];
    FIBERTYPE fiberType;
    short assigned;
    short on_target;
    short disabled;
    short valid;
    short decollided;
    short too;
    double xwok;
    double ywok;
    double zwok;
    double xFocal;
    double yFocal;
    float alpha;
    float beta;
    double racat;
    double deccat;
    float pmra;
    float pmdec;
    float parallax;
    double ra;
    double dec;
    double ra_observed;
    double dec_observed;
    double alt_observed;
    double az_observed;
    float lambda_design;
    float lambda_eff;
    float coord_epoch;
    short spectrographId;
    short fiberId;
    float mag[5];
    char optical_prov[120];
    float bp_mag;
    float gaia_g_mag;
    float rp_mag;
    float h_mag;
    long catalogid;
    long carton_to_target_pk;
    char cadence[400];
    char firstcarton[400];
    char program[400];
    char category[400];
    long sdssv_boss_target0;
    long sdssv_apogee_target0;
    double delta_ra;
    double delta_dec;
    long too_id;
    char too_program[80];
} FIBERMAP;

FIBERMAP 3 R-1C14 APOGEE 0 0 0 1 0 0 30.1703682694416 -16.986848857948623 143.1 16.7937955259633 -30.269478109683547 50.102215 65.77641 -999.0 -999.0 -999.0 -999.0 -999.0 103.4019141794203 3.894116582325871 103.42037055774654 3.8684947844242057 43.099240640314314 240.5014035276628 -999.0 16600.0 -999.0 2 214 {-999.0 -999.0 -999.0 -999.0 -999.0} "" -999.0 -999.0 -999.0 -999.0 -999 -999 "" "" "" "" 0 0 0.0 0.0 -999 ""
FIBERMAP 3 R-1C14 BOSS 1 1 0 1 0 0 30.519016033004068 -17.636452086653744 143.1 16.750410683734483 -31.0052881999825 50.102215 65.77641 103.40102210864735 3.8905851750696954 -1.0046747 0.06669175 0.2585072 103.40157311492571 3.890598208838615 103.42018143335741 3.865126271484793 43.096812809700864 240.498195201281 5400.0 5400.0 2016.0 1 263 {-999.0 11.525611 10.731419 10.30231 -999.0} sdss_psfmag_from_g3xp 11.28569 10.676984 9.909143 8.517 63050395117947455 1093208295 bright_3x1 mwm_astar_core_boss mwm_ob science 0 0 1.977007508277893 0.0 -999 ""
FIBERMAP 3 R-1C14 METROLOGY 0 0 0 1 0 0 29.768921288560108 -17.61726584851159 143.1 16.12170755948209 -30.59602898415391 50.102215 65.77641 -999.0 -999.0 -999.0 -999.0 -999.0 103.39874149430679 3.892500437318366 103.41730970271112 3.8669935177786523 43.095980147285964 240.50273778850465 -999.0 6231.0 -999.0 -1 -999 {-999.0 -999.0 -999.0 -999.0 -999.0} "" -999.0 -999.0 -999.0 -999.0 -999 -999 "" "" "" "" 0 0 0.0 0.0 -999 ""
FIBERMAP 16 R+7C7 APOGEE 1 1 0 1 0 0 -98.59076559322355 135.82085155300467 143.1 -12.80949617221758 167.30474118120168 230.24335 55.31056 103.26461791992188 4.791889490551156 -999.0 -999.0 -999.0 103.26464526786094 4.791923170320106 103.28530676223232 4.7664740732381805 43.60616307165406 241.53746442141824 16000.0 16600.0 2015.5 2 102 {-999.0 -999.0 -999.0 -999.0 -999.0} "" -999.0 -999.0 -999.0 -999.0 27021603131853027 841579478 "" ops_sky_apogee_best ops_sky sky_apogee 0 0 0.0 0.0 -999 ""
FIBERMAP 16 R+7C7 BOSS 0 0 0 1 0 0 -98.79516742213119 136.52864165682928 143.1 -12.612796798652647 168.01454098551895 230.24335 55.31056 -999.0 -999.0 -999.0 -999.0 -999.0 103.26537197129238 4.795045789019371 103.28620030511439 4.769737796419095 43.609012277041934 241.53998341915084 -999.0 5400.0 -999.0 1 76 {-999.0 -999.0 -999.0 -999.0 -999.0} "" -999.0 -999.0 -999.0 -999.0 -999 -999 "" "" "" "" 0 0 0.0 0.0 -999 ""
FIBERMAP 16 R+7C7 METROLOGY 0 0 0 1 0 0 -98.07530703082419 136.36250001165095 143.1 -12.086819562988877 167.4959774986731 230.24335 55.31056 -999.0 -999.0 -999.0 -999.0 -999.0 103.26782132435788 4.79274007797182 103.28859822745244 4.767385430810421 43.609207414992824 241.5353601804083 -999.0 6231.0 -999.0 -1 -999 {-999.0 -999.0 -999.0 -999.0 -999.0} "" -999.0 -999.0 -999.0 -999.0 -999 -999 "" "" "" "" 0 0 0.0 0.0 -999 ""
FIBERMAP 37 R-9C9 APOGEE 0 0 0 1 0 0 9.516420647173124 -173.5026224590335 143.1 -82.78175925488478 -152.7334980721025 64.24203 41.878876 -999.0 -999.0 -999.0 -999.0 -999.0 102.94982904542807 3.3368359899474687 102.96706147117175 3.312522006022522 42.38940447283348 240.36577916520292 -999.0 16600.0 -999.0 2 167 {-999.0 -999.0 -999.0 -999.0 -999.0} "" -999.0 -999.0 -999.0 -999.0 -999 -999 "" "" "" "" 0 0 0.0 0.0 -999 ""
FIBERMAP 37 R-9C9 BOSS 1 1 0 1 0 0 9.72176829282111 -174.21298259841103 143.1 -82.97899946284505 -153.44598187093044 64.24203 41.878876 102.94876098632812 3.333409662633855 -999.0 -999.0 -999.0 102.94875980012027 3.3334117026829566 102.9661482081653 3.3092535645500174 42.38651055508095 240.36338031513918 5400.0 5400.0 2015.5 1 376 {-999.0 -999.0 -999.0 -999.0 -999.0} "" -999.0 -999.0 -999.0 -999.0 27021603131813965 810611556 "" ops_sky_boss_good ops_sky sky_boss 0 0 0.0 0.0 -999 ""
FIBERMAP 37 R-9C9 METROLOGY 0 0 0 1 0 0 8.987274505440467 -174.02968321155268 143.1 -83.5084502547344 -152.90514208679258 64.24203 41.878876 -999.0 -999.0 -999.0 -999.0 -999.0 102.94639178580651 3.3359088613839902 102.96374035875897 3.3117132494018984 42.38642616337796 240.3680352686756 -999.0 6231.0 -999.0 -1 -999 {-999.0 -999.0 -999.0 -999.0 -999.0} "" -999.0 -999.0 -999.0 -999.0 -999 -999 "" "" "" "" 0 0 0.0 0.0 -999 ""
FIBERMAP 40 R+12C6 APOGEE 0 0 0 1 0 0 -59.41827628752446 231.97901398202868 143.1 70.91874608449913 228.66987568227765 191.62022 107.01589 -999.0 -999.0 -999.0 -999.0 -999.0 103.64492719134819 5.068557976695207 103.6661590251851 5.042056468672508 44.07244987414979 241.468000151456 -999.0 16600.0 -999.0 2 -999 {-999.0 -999.0 -999.0 -999.0 -999.0} "" -999.0 -999.0 -999.0 -999.0 -999 -999 "" "" "" "" 0 0 0.0 0.0 -999 ""
FIBERMAP 40 R+12C6 BOSS 1 1 0 1 0 0 -59.80023926500574 232.63081446749558 143.1 70.9349118869259 229.42500833101633 191.62022 107.01589 103.64485482024267 5.071835569429754 -2.5062935 1.3252048 3.0183468 103.64483382810526 5.071825827492467 103.66623053821013 5.045465283314525 44.07478932918415 241.47145250392984 5400.0 5400.0 2016.0 1 156 {-999.0 17.80558 16.428854 15.519852 -999.0} sdss_psfmag_ps1 17.224642 16.160511 15.073974 12.925 63050395118204588 1094838423 bright_1x1 mwm_bin_vis_boss mwm_filler science 0 0 0.0 0.0 -999 ""
FIBERMAP 40 R+12C6 METROLOGY 0 0 0 1 0 0 -59.053734036419506 232.62999088459213 143.1 71.57017718984058 229.0332663752181 191.62022 107.01589 -999.0 -999.0 -999.0 -999.0 -999.0 103.64777204321864 5.070101400267182 103.66911931580029 5.043693454871349 44.07573491477017 241.46693660494836 -999.0 6231.0 -999.0 -1 -999 {-999.0 -999.0 -999.0 -999.0 -999.0} "" -999.0 -999.0 -999.0 -999.0 -999 -999 "" "" "" "" 0 0 0.0 0.0 -999 ""
FIBERMAP 52 R+5C17 APOGEE 0 0 0 1 1 0 109.87409084240663 107.80287056188486 143.1 150.0349848590513 34.245839484975285 169.10925 84.98718 -999.0 -999.0 -999.0 -999.0 -999.0 104.00844157474106 4.189008943780493 104.02745204380858 4.161737313008331 43.74252195203556 240.22977993440264 -999.0 16600.0 -999.0 2 -999 {-999.0 -999.0 -999.0 -999.0 -999.0} "" -999.0 -999.0 -999.0 -999.0 -999 -999 "" "" "" "" 0 0 0.0 0.0 -999 ""
FIBERMAP 52 R+5C17 BOSS 1 0 0 1 1 0 110.07668791899286 108.50389989660653 143.1 150.5747282244038 34.73668448783619 169.10925 84.98718 104.0672109175591 4.117077832080737 -0.55496955 -0.7195025 -0.74766225 104.0107853037888 4.191108941592299 104.0299566706056 4.163976040864783 43.74587574222647 240.22969138316057 5400.0 5400.0 2016.0 1 206 {-999.0 14.306477 13.957736 13.778245 -999.0} sdss_psfmag_from_g3xp 14.250022 13.9559555 13.413418 12.548 63050395117962164 1068446303 bright_3x1 mwm_ob_core_boss mwm_ob science 0 0 0.0 0.0 -999 ""
FIBERMAP 52 R+5C17 METROLOGY 0 0 0 1 1 0 110.59664088857076 107.98883671821442 143.1 150.74769656532592 34.02570928609015 169.10925 84.98718 -999.0 -999.0 -999.0 -999.0 -999.0 104.01161217954376 4.187916809917683 104.0307313062205 4.160741249364439 43.74423663758085 240.22568569241682 -999.0 6231.0 -999.0 -1 -999 {-999.0 -999.0 -999.0 -999.0 -999.0} "" -999.0 -999.0 -999.0 -999.0 -999 -999 "" "" "" "" 0 0 0.0 0.0 -999 ""
FIBERMAP 56 R-8C4 APOGEE 0 0 0 1 0 0 -118.78484592550582 -149.79694217354046 143.1 -179.62074639185795 -65.33875811120991 45.350967 88.74459 -999.0 -999.0 -999.0 -999.0 -999.0 102.50832170409333 3.7326101674727212 102.52662227347093 3.709373492354896 42.33525052219022 241.16394319952758 -999.0 16600.0 -999.0 2 -999 {-999.0 -999.0 -999.0 -999.0 -999.0} "" -999.0 -999.0 -999.0 -999.0 -999 -999 "" "" "" "" 0 0 0.0 0.0 -999 ""
FIBERMAP 56 R-8C4 BOSS 1 1 0 1 0 0 -118.26587096743184 -150.35559248467544 143.1 -179.47144306699988 -66.08633822073422 45.350967 88.74459 102.50826854163948 3.729044277774485 -1.677325 0.71284646 0.7164162 102.5088015140546 3.729049944604458 102.52725903833516 3.7059638760324773 42.33341929668111 241.15995865828586 5400.0 5400.0 2016.0 1 452 {-999.0 10.235926 10.278632 10.383246 -999.0} sdss_psfmag_from_g3xp 10.286 10.211614 10.054758 9.896 63050395118144514 1068446340 bright_3x1 mwm_ob_core_boss mwm_ob science 0 0 1.9100556373596191 0.0 -999 ""
FIBERMAP 56 R-8C4 METROLOGY 0 0 0 1 0 0 -118.98005661630498 -150.51704964240156 143.1 -180.16419344759947 -65.849718558141 45.350967 88.74459 -999.0 -999.0 -999.0 -999.0 -999.0 102.50572065590316 3.730166261992562 102.52413474671965 3.70704525781929 42.33184748697066 241.16388371215652 -999.0 6231.0 -999.0 -1 -999 {-999.0 -999.0 -999.0 -999.0 -999.0} "" -999.0 -999.0 -999.0 -999.0 -999 -999 "" "" "" "" 0 0 0.0 0.0 -999 ""
FIBERMAP 59 R+4C8 APOGEE 0 0 0 1 0 0 -76.82887629951291 86.21540598181872 143.1 -20.26260230013105 113.66305161473885 52.334637 92.79413 -999.0 -999.0 -999.0 -999.0 -999.0 103.23114542833419 4.548813763473142 103.25122710452376 4.523502705020493 43.41781713038345 241.32069273953536 -999.0 16600.0 -999.0 2 -999 {-999.0 -999.0 -999.0 -999.0 -999.0} "" -999.0 -999.0 -999.0 -999.0 -999 -999 "" "" "" "" 0 0 0.0 0.0 -999 ""
FIBERMAP 59 R+4C8 BOSS 1 1 0 1 0 0 -76.17351405267132 85.83889172656242 143.1 -19.901748482907546 112.99912841803832 52.334637 92.79413 103.23263505100375 4.545725471431497 -0.71953315 -0.006693025 -0.34053576 103.23262992919746 4.545711323779112 103.2528637898555 4.520542066713667 43.417033208151 241.3161656776021 5400.0 5400.0 2016.0 1 33 {-999.0 16.088932 15.226598 14.815512 -999.0} sdss_psfmag_ps1 15.79731 15.266052 14.385039 13.008 63050395118183200 1093344576 bright_3x1 mwm_astar_core_boss mwm_ob science 0 0 0.0 0.0 -999 ""
FIBERMAP 59 R+4C8 METROLOGY 0 0 0 1 0 0 -76.81854812428493 85.4693796355626 143.1 -20.64459697189 113.0223525032443 52.334637 92.79413 -999.0 -999.0 -999.0 -999.0 -999.0 103.22928551889959 4.545837462509058 103.24947521164665 4.52063585270066 43.41459653021415 241.3193891470229 -999.0 6231.0 -999.0 -1 -999 {-999.0 -999.0 -999.0 -999.0 -999.0} "" -999.0 -999.0 -999.0 -999.0 -999 -999 "" "" "" "" 0 0 0.0 0.0 -999 ""
FIBERMAP 63 R+5C19 APOGEE 0 0 0 1 0 0 177.72005494324688 105.90208737470442 143.1 206.81445767864534 -2.9124396693600128 45.123314 115.687805 -999.0 -999.0 -999.0 -999.0 -999.0 104.26565956493305 4.020527991762483 104.28419826785967 3.9926198144586995 43.81399521851125 239.8164146607602 -999.0 16600.0 -999.0 2 -999 {-999.0 -999.0 -999.0 -999.0 -999.0} "" -999.0 -999.0 -999.0 -999.0 -999 -999 "" "" "" "" 0 0 0.0 0.0 -999 ""
FIBERMAP 63 R+5C19 BOSS 1 1 0 1 0 0 178.43376605304795 105.66501870492766 143.1 207.29804482148833 -3.488180864175888 45.123314 115.687805 104.26773521731378 4.0178134393320155 0.16355528 -2.726046 1.5416427 104.26773467113023 4.017772422098224 104.28642155832614 3.9900050858822564 43.81382036646514 239.81166928907626 5400.0 5400.0 2016.0 1 204 {-999.0 18.968948 17.615854 16.785038 -999.0} sdss_psfmag_ps1 18.374365 17.397802 16.42571 14.554 63050395117963734 1094779638 bright_1x1 mwm_bin_vis_boss mwm_filler science 0 0 0.0 0.0 -999 ""
FIBERMAP 63 R+5C19 METROLOGY 0 0 0 1 0 0 177.86174255402997 105.16956665727564 143.1 206.5513985592414 -3.610447678211304 45.123314 115.687805 -999.0 -999.0 -999.0 -999.0 -999.0 104.26440408490295 4.017253737298951 104.28304656398899 3.9894539219685115 43.81098975090713 239.8143084236554 -999.0 6231.0 -999.0 -1 -999 {-999.0 -999.0 -999.0 -999.0 -999.0} "" -999.0 -999.0 -999.0 -999.0 -999 -999 "" "" "" "" 0 0 0.0 0.0 -999 ""
FIBERMAP 65 R+5C14 APOGEE 1 1 0 1 0 0 65.04188610229845 97.35503382878994 143.1 106.38463548207629 48.83322253617098 324.90625 149.12624 103.80981445312501 4.255165958530995 -999.0 -999.0 -999.0 103.80980908365699 4.2551609726794295 103.82903034479807 4.228394878065313 43.642867177851706 240.48356582265433 16000.0 16600.0 2015.5 2 41 {-999.0 -999.0 -999.0 -999.0 -999.0} "" -999.0 -999.0 -999.0 -999.0 27021603131840028 832724115 "" ops_sky_apogee_best ops_sky sky_apogee 0 0 0.0 0.0 -999 ""
FIBERMAP 65 R+5C14 BOSS 0 0 0 1 0 0 65.3419195230768 96.67563838695293 143.1 106.28424642588499 48.097508052337446 324.90625 149.12624 -999.0 -999.0 -999.0 -999.0 -999.0 103.80925263422412 4.251690301782659 103.82862309807996 4.225071775979998 43.640311335801805 240.48057783539863 -999.0 5400.0 -999.0 1 159 {-999.0 -999.0 -999.0 -999.0 -999.0} "" -999.0 -999.0 -999.0 -999.0 -999 -999 "" "" "" "" 0 0 0.0 0.0 -999 ""
FIBERMAP 65 R+5C14 METROLOGY 0 0 0 1 0 0 64.61216784263394 96.74551574197727 143.1 105.69942016101461 48.53927770659891 324.90625 149.12624 -999.0 -999.0 -999.0 -999.0 -999.0 103.80661925449569 4.253734264220457 103.82595072389978 4.2270809954789295 43.63972097807361 240.48511707509812 -999.0 6231.0 -999.0 -1 -999 {-999.0 -999.0 -999.0 -999.0 -999.0} "" -999.0 -999.0 -999.0 -999.0 -999 -999 "" "" "" "" 0 0 0.0 0.0 -999 ""
FIBERMAP 71 R-4C9 APOGEE 1 1 0 1 0 0 -66.89346854644897 -68.82875604282972 143.1 -93.01850198808755 -23.5713698074707 45.38914 151.7468 102.90069580078124 3.9232658361455606 -999.0 -999.0 -999.0 102.90069140092474 3.92328720487781 102.91934867306776 3.8989759626872886 42.75232157117015 240.99465640380916 16000.0 16600.0 2015.5 2 270 {-999.0 -999.0 -999.0 -999.0 -999.0} "" -999.0 -999.0 -999.0 -999.0 27021603131849219 841579201 "" ops_sky_apogee_best ops_sky sky_apogee 0 0 0.0 0.0 -999 ""
FIBERMAP 71 R-4C9 BOSS 0 0 0 1 0 0 -66.17690333398544 -68.61455781358926 143.1 -92.29609798771754 -23.764323573506505 45.38914 151.7468 -999.0 -999.0 -999.0 -999.0 -999.0 102.90377710162352 3.922256382398914 102.92259413301991 3.898086390180717 42.754107128578696 240.99078345875193 -999.0 5400.0 -999.0 1 462 {-999.0 -999.0 -999.0 -999.0 -999.0} "" -999.0 -999.0 -999.0 -999.0 -999 -999 "" "" "" "" 0 0 0.0 0.0 -999 ""
FIBERMAP 71 R-4C9 METROLOGY 0 0 0 1 0 0 -66.35124950699945 -69.33893949344623 143.1 -92.82401653149802 -24.28985320965892 45.38914 151.7468 -999.0 -999.0 -999.0 -999.0 -999.0 102.90143441293381 3.9199020690147215 102.92020018443958 3.8956964886102687 42.75073157006242 240.99058259500163 -999.0 6231.0 -999.0 -1 -999 {-999.0 -999.0 -999.0 -999.0 -999.0} "" -999.0 -999.0 -999.0 -999.0 -999 -999 "" "" "" "" 0 0 0.0 0.0 -999 ""
FIBERMAP 78 R-5C11 APOGEE 0 0 0 1 0 0 -18.88491223179254 -77.68430759447197 143.1 -56.774949624396676 -56.26067978164426 171.57123 42.162857 -999.0 -999.0 -999.0 -999.0 -999.0 103.06641613933293 3.7749087008731643 103.0846724498756 3.750193342949178 42.772998587740275 240.69339660853626 -999.0 16600.0 -999.0 2 160 {-999.0 -999.0 -999.0 -999.0 -999.0} "" -999.0 -999.0 -999.0 -999.0 -999 -999 "" "" "" "" 0 0 0.0 0.0 -999 ""
FIBERMAP 78 R-5C11 BOSS 1 1 0 1 0 0 -18.27537360444549 -77.27036832458481 143.1 -56.03905554855398 -56.22747777515838 171.57123 42.162857 103.06961059570312 3.774889032810819 -999.0 -999.0 -999.0 103.06958080184417 3.774888337892485 103.08799863935178 3.7503142480549383 42.77551951788951 240.69045077557652 5400.0 5400.0 2015.5 1 366 {-999.0 -999.0 -999.0 -999.0 -999.0} "" -999.0 -999.0 -999.0 -999.0 27021603131838177 810614229 "" ops_sky_boss_good ops_sky sky_boss 0 0 0.0 0.0 -999 ""
FIBERMAP 78 R-5C11 METROLOGY 0 0 0 1 0 0 -18.216287945934265 -78.01208431321307 143.1 -56.37727223212336 -56.89004689611735 171.57123 42.162857 -999.0 -999.0 -999.0 -999.0 -999.0 103.0680994113574 3.7719171516554906 103.08646446400468 3.747305216050551 42.77235364878296 240.68885320330372 -999.0 6231.0 -999.0 -1 -999 {-999.0 -999.0 -999.0 -999.0 -999.0} "" -999.0 -999.0 -999.0 -999.0 -999 -999 "" "" "" "" 0 0 0.0 0.0 -999 ""
FIBERMAP 86 R-12C11 APOGEE 0 0 0 1 0 0 53.678618642938275 -227.77928873279572 143.1 -73.6064946496096 -222.08694675965702 169.51514 107.60245 -999.0 -999.0 -999.0 -999.0 -999.0 102.99330011644517 3.0244482635397576 103.00977109685272 3.0000884157952368 42.20728054873283 240.01775144773455 -999.0 16600.0 -999.0 2 -999 {-999.0 -999.0 -999.0 -999.0 -999.0} "" -999.0 -999.0 -999.0 -999.0 -999 -999 "" "" "" "" 0 0 0.0 0.0 -999 ""
FIBERMAP 86 R-12C11 BOSS 1 1 0 1 0 0 53.595718530593295 -227.03602964711217 143.1 -73.28774917130097 -221.4105889066257 169.51514 107.60245 102.99427617671205 3.027293126203358 -0.31392577 0.342006 0.17186254 102.99455135458605 3.0272937638955915 103.01119312474191 3.0030838758296317 42.21036557744571 240.01938943488565 5400.0 5400.0 2016.0 1 407 {-999.0 14.078325 13.394084 13.148865 -999.0} sdss_psfmag_gaia 13.8887825 13.4374275 12.798142 11.782 63050395117489407 1093448014 bright_3x1 mwm_astar_core_boss mwm_ob science 0 0 0.9615247845649719 0.0 -999 ""
FIBERMAP 86 R-12C11 METROLOGY 0 0 0 1 0 0 54.273290244013346 -227.32870281714074 143.1 -72.86406423997393 -222.01475003140465 169.51514 107.60245 -999.0 -999.0 -999.0 -999.0 -999.0 102.99653773653519 3.0246348765446376 103.01312605370134 3.0003767452503536 42.20992137360711 240.01494081667437 -999.0 6231.0 -999.0 -1 -999 {-999.0 -999.0 -999.0 -999.0 -999.0} "" -999.0 -999.0 -999.0 -999.0 -999 -999 "" "" "" "" 0 0 0.0 0.0 -999 ""
FIBERMAP 97 R-4C15 APOGEE 0 0 0 1 0 0 59.159592178500645 -77.99803756156486 143.1 9.52057294349645 -97.40976692036915 115.55154 166.15988 -999.0 -999.0 -999.0 -999.0 -999.0 103.36938951051334 3.5884948393650293 103.38711855160881 3.5630236002588886 42.86695642691719 240.2264526115551 -999.0 16600.0 -999.0 2 191 {-999.0 -999.0 -999.0 -999.0 -999.0} "" -999.0 -999.0 -999.0 -999.0 -999 -999 "" "" "" "" 0 0 0.0 0.0 -999 ""
FIBERMAP 97 R-4C15 BOSS 1 1 0 1 0 0 59.001090501883894 -77.27610445508982 143.1 9.76376772452162 -96.71196725135071 115.55154 166.15988 103.37036132812499 3.591497518308657 -999.0 -999.0 -999.0 103.37033603344562 3.591471035805957 103.38823305122764 3.5661465936211427 42.86989993254736 240.22853357961264 5400.0 5400.0 2015.5 1 314 {-999.0 -999.0 -999.0 -999.0 -999.0} "" -999.0 -999.0 -999.0 -999.0 27021603131837573 810614124 "" ops_sky_boss_good ops_sky sky_boss 0 0 0.0 0.0 -999 ""
FIBERMAP 97 R-4C15 METROLOGY 0 0 0 1 0 0 59.71504911292411 -77.49744225007426 143.1 10.255805909039692 -97.27444225314507 115.55154 166.15988 -999.0 -999.0 -999.0 -999.0 -999.0 103.37263070394305 3.5889724738980138 103.39047547085056 3.5636000655786813 42.86979973759633 240.2239098019524 -999.0 6231.0 -999.0 -1 -999 {-999.0 -999.0 -999.0 -999.0 -999.0} "" -999.0 -999.0 -999.0 -999.0 -999 -999 "" "" "" "" 0 0 0.0 0.0 -999 ""
FIBERMAP 103 R-8C3 APOGEE 0 0 0 1 0 0 -143.3067615786469 -144.05467960284395 143.1 -197.49475836553492 -47.603580738553404 72.80224 79.329865 -999.0 -999.0 -999.0 -999.0 -999.0 102.42715235893452 3.8129404575842543 102.4456680604149 3.7899005467207747 42.32984869300944 241.3180647269866 -999.0 16600.0 -999.0 2 267 {-999.0 -999.0 -999.0 -999.0 -999.0} "" -999.0 -999.0 -999.0 -999.0 -999 -999 "" "" "" "" 0 0 0.0 0.0 -999 ""
FIBERMAP 103 R-8C3 BOSS 1 1 0 1 0 0 -142.64362475049458 -144.38009349886977 143.1 -197.10051617919947 -48.228061273019435 72.80224 79.329865 102.4287461997184 3.809926682127269 -0.5649523 -0.8166697 -0.2658442 102.42873331845756 3.809947958278124 102.44740734704527 3.7870553624627217 42.32921587448493 241.3136387116906 5400.0 5400.0 2016.0 1 476 {-999.0 16.479704 15.645232 15.245775 -999.0} sdss_psfmag_ps1 16.191084 15.999037 14.82462 13.437 63050395118147687 1093344455 bright_3x1 mwm_astar_core_boss mwm_ob science 0 0 0.0 0.0 -999 ""
FIBERMAP 103 R-8C3 METROLOGY 0 0 0 1 0 0 -143.26103235131453 -144.80852774598745 143.1 -197.85070406723517 -48.269484683652294 72.80224 79.329865 -999.0 -999.0 -999.0 -999.0 -999.0 102.42540645418248 3.809799534752825 102.44403398556602 3.7868730084771505 42.326604611772204 241.3165222113712 -999.0 6231.0 -999.0 -1 -999 {-999.0 -999.0 -999.0 -999.0 -999.0} "" -999.0 -999.0 -999.0 -999.0 -999 -999 "" "" "" "" 0 0 0.0 0.0 -999 ""
FIBERMAP 107 R-3C24 APOGEE 0 0 0 1 0 0 247.45781258939365 -77.65428550281666 143.1 170.04856034517852 -195.7529914071516 313.02625 27.449692 -999.0 -999.0 -999.0 -999.0 -999.0 104.0977243285481 3.1476239623412363 104.11420936322799 3.120339655008316 43.09068295506295 239.10530481356153 -999.0 16600.0 -999.0 2 222 {-999.0 -999.0 -999.0 -999.0 -999.0} "" -999.0 -999.0 -999.0 -999.0 -999 -999 "" "" "" "" 0 0 0.0 0.0 -999 ""
FIBERMAP 107 R-3C24 BOSS 1 1 0 1 0 0 246.757806721572 -77.40435799975178 143.1 169.58337991002813 -195.17347929196148 313.02625 27.449692 104.0954837202665 3.1500809724983845 -1.0227764 0.10521792 0.13790745 104.09549665143813 3.1500430797236554 104.11214590939028 3.122914836494449 43.09097396599184 239.10980331949918 5400.0 5400.0 2016.0 1 253 {-999.0 15.627207 15.103814 14.900777 -999.0} sdss_psfmag_ps1 15.481037 15.126261 14.4821615 13.483 63050395117867056 1093344372 bright_3x1 mwm_astar_core_boss mwm_ob science 0 0 0.0 0.0 -999 ""
FIBERMAP 107 R-3C24 METROLOGY 0 0 0 1 0 0 247.33128386532096 -76.91842800869065 143.1 170.326276119839 -195.0600825755758 313.02625 27.449692 -999.0 -999.0 -999.0 -999.0 -999.0 104.0988866085303 3.1506289904519544 104.11549166545257 3.1234490251763534 43.09375747522299 239.10716985842248 -999.0 6231.0 -999.0 -1 -999 {-999.0 -999.0 -999.0 -999.0 -999.0} "" -999.0 -999.0 -999.0 -999.0 -999 -999 "" "" "" "" 0 0 0.0 0.0 -999 ""
FIBERMAP 110 R-1C13 APOGEE 0 0 0 1 0 0 -10.93550279331932 -1.787998899030704 143.1 -10.248881261687162 4.205731810140749 120.90431 79.30102 -999.0 -999.0 -999.0 -999.0 -999.0 103.27803587883068 4.050856095753161 103.29690229993446 4.0255261815617525 43.11530162315497 240.7738820596283 -999.0 16600.0 -999.0 2 162 {-999.0 -999.0 -999.0 -999.0 -999.0} "" -999.0 -999.0 -999.0 -999.0 -999 -999 "" "" "" "" 0 0 0.0 0.0 -999 ""
FIBERMAP 110 R-1C13 BOSS 1 1 0 1 0 0 -10.244288238318571 -1.5258736637555828 143.1 -9.522959433977844 4.066870334175812 120.90431 79.30102 103.28116530508774 4.050087546135936 -1.0635806 0.008689109 0.055023354 103.28118720943502 4.050086605376908 103.30021165834603 4.024896200004063 43.11730337571615 240.7701838367385 5400.0 5400.0 2016.0 1 346 {-999.0 15.529696 14.957691 14.644493 -999.0} sdss_psfmag_from_g3xp 15.383889 14.956845 14.279072 13.173 63050395117951677 1093208254 bright_3x1 mwm_astar_core_boss mwm_ob science 0 0 0.0 0.0 -999 ""
FIBERMAP 110 R-1C13 METROLOGY 0 0 0 1 0 0 -10.348124495637279 -2.2598387845260213 143.1 -9.995854374719123 3.4962446933543934 120.90431 79.30102 -999.0 -999.0 -999.0 -999.0 -999.0 103.27907988139377 4.047522187948785 103.29805316310842 4.022296035156607 43.113958120860865 240.76956163585194 -999.0 6231.0 -999.0 -1 -999 {-999.0 -999.0 -999.0 -999.0 -999.0} "" -999.0 -999.0 -999.0 -999.0 -999 -999 "" "" "" "" 0 0 0.0 0.0 -999 ""
FIBERMAP 114 R-12C15 APOGEE 0 0 0 1 0 0 163.89613835023601 -236.8854343429822 143.1 15.480681515353373 -287.57647387280036 276.52518 159.59166 -999.0 -999.0 -999.0 -999.0 -999.0 103.39802674856085 2.7328703522633653 103.41369527645128 2.7075106882282256 42.29954389625068 239.35610638316953 -999.0 16600.0 -999.0 2 236 {-999.0 -999.0 -999.0 -999.0 -999.0} "" -999.0 -999.0 -999.0 -999.0 -999 -999 "" "" "" "" 0 0 0.0 0.0 -999 ""
FIBERMAP 114 R-12C15 BOSS 1 1 0 1 0 0 163.706262807292 -237.60453512878044 143.1 14.94230500676088 -288.0893717668692 276.52518 159.59166 103.39515343040398 2.7304741317949115 -0.47685468 -0.32903278 0.2664905 103.39543202730636 2.7304495913878535 103.41125802277963 2.705251913863608 42.2962231737899 239.3561641504132 5400.0 5400.0 2016.0 1 258 {-999.0 13.546941 13.268774 13.172479 -999.0} sdss_psfmag_from_g3xp 13.51805 13.250422 12.811873 12.078 63050395117422999 1068446141 bright_3x1 mwm_ob_core_boss mwm_ob science 0 0 0.9558795690536499 0.0 -999 ""
FIBERMAP 114 R-12C15 METROLOGY 0 0 0 1 0 0 163.17148646482363 -237.07435693972275 143.1 14.764631291788618 -287.357760268067 276.52518 159.59166 -999.0 -999.0 -999.0 -999.0 -999.0 103.39467028161877 2.7337325953273757 103.41045824852364 2.708492357141303 42.297878876227315 239.3600818869142 -999.0 6231.0 -999.0 -1 -999 {-999.0 -999.0 -999.0 -999.0 -999.0} "" -999.0 -999.0 -999.0 -999.0 -999 -999 "" "" "" "" 0 0 0.0 0.0 -999 ""
FIBERMAP 115 R-11C13 APOGEE 1 1 0 1 0 0 115.21066250825517 -199.23623149835916 143.1 -6.25637928021167 -230.01294737931607 99.12319 50.67495 103.29901697589104 2.9891773322960944 0.7620089 -3.3171659 0.55240196 103.29900789421939 2.9891945104139497 103.31531579089301 2.9640383717785124 42.404759681049484 239.69947266966088 16000.0 16600.0 2016.0 2 166 {-999.0 14.696613 13.4080105 12.833018 -999.0} sdss_psfmag_gaia 14.208624 13.359977 12.453324 10.451 63050395117485576 1107917934 bright_flexible_2x1 mwm_tess_rgb_apogee mwm_tessrgb science 0 0 0.0 0.0 -999 ""
FIBERMAP 115 R-11C13 BOSS 0 0 0 1 0 0 115.85293257846813 -199.60293064879193 143.1 -5.901532854303552 -230.66165433586548 99.12319 50.67495 -999.0 -999.0 -999.0 -999.0 -999.0 103.30046316734146 2.986102382026052 103.31692590724828 2.961096518410024 42.40390851852924 239.69508107506434 -999.0 5400.0 -999.0 1 395 {-999.0 -999.0 -999.0 -999.0 -999.0} "" -999.0 -999.0 -999.0 -999.0 -999 -999 "" "" "" "" 0 0 0.0 0.0 -999 ""
FIBERMAP 115 R-11C13 METROLOGY 0 0 0 1 0 0 115.21308862002284 -199.9821794328067 143.1 -6.645061987662138 -230.6494403930848 99.12319 50.67495 -999.0 -999.0 -999.0 -999.0 -999.0 103.29713467121157 2.986200422230774 103.31355242343375 2.961159811433089 42.40150286896861 239.69827629242147 -999.0 6231.0 -999.0 -1 -999 {-999.0 -999.0 -999.0 -999.0 -999.0} "" -999.0 -999.0 -999.0 -999.0 -999 -999 "" "" "" "" 0 0 0.0 0.0 -999 ""
FIBERMAP 117 R-1C9 APOGEE 1 1 0 1 0 0 -92.47556057297686 -26.393169902296385 143.1 -92.57431748333778 25.965858673310557 302.5212 134.9779 102.90206909179686 4.1488026410715975 -999.0 -999.0 -999.0 102.90205874080377 4.14880567856819 102.9212599520227 4.124442914500952 42.90586866730402 241.2197948864345 16000.0 16600.0 2015.5 2 244 {-999.0 -999.0 -999.0 -999.0 -999.0} "" -999.0 -999.0 -999.0 -999.0 27021603131849974 832725336 "" ops_sky_apogee_best ops_sky sky_apogee 0 0 0.0 0.0 -999 ""
FIBERMAP 117 R-1C9 BOSS 0 0 0 1 0 0 -92.61537364554788 -27.122314588818078 143.1 -93.07532389202763 25.41818361583816 302.5212 134.9779 -999.0 -999.0 -999.0 -999.0 -999.0 102.89957339756522 4.14616856655998 102.91893155137547 4.121960836244436 42.90248021173791 241.21942728720273 -999.0 5400.0 -999.0 1 481 {-999.0 -999.0 -999.0 -999.0 -999.0} "" -999.0 -999.0 -999.0 -999.0 -999 -999 "" "" "" "" 0 0 0.0 0.0 -999 ""
FIBERMAP 117 R-1C9 METROLOGY 0 0 0 1 0 0 -93.18505284213815 -26.637977192393418 143.1 -93.30673231695494 26.129041867273262 302.5212 134.9779 -999.0 -999.0 -999.0 -999.0 -999.0 102.89856535653736 4.1494404491415455 102.91788558140263 4.125192742378521 42.903886890498136 241.22364718287173 -999.0 6231.0 -999.0 -1 -999 {-999.0 -999.0 -999.0 -999.0 -999.0} "" -999.0 -999.0 -999.0 -999.0 -999 -999 "" "" "" "" 0 0 0.0 0.0 -999 ""
FIBERMAP 119 R0C6 APOGEE 0 0 0 1 0 0 -159.83779776227206 -7.300597380000371 143.1 -139.93631893714058 77.51065086247922 40.515064 41.427532 -999.0 -999.0 -999.0 -999.0 -999.0 102.68611461538288 4.382198000378577 102.70593698869612 4.358354236938755 42.904030127793085 241.653284519622 -999.0 16600.0 -999.0 2 -999 {-999.0 -999.0 -999.0 -999.0 -999.0} "" -999.0 -999.0 -999.0 -999.0 -999 -999 "" "" "" "" 0 0 0.0 0.0 -999 ""
FIBERMAP 119 R0C6 BOSS 1 1 0 1 0 0 -159.90652542669199 -8.028091674208873 143.1 -140.3759270737037 76.92714466511181 40.515064 41.427532 102.68393435744964 4.379439401388683 -1.9969995 -5.8730345 1.1468424 102.68390766522634 4.379417568007211 102.70388733390018 4.355727356036595 42.90075278636763 241.6524927569965 5400.0 5400.0 2016.0 1 494 {-999.0 14.48337 14.09094 13.976209 -999.0} sdss_psfmag_from_g3xp 14.417239 14.113832 13.647318 12.911 63050395118171054 979094454 "" ops_std_boss ops_std standard_boss 0 0 0.0 0.0 -999 ""
FIBERMAP 119 R0C6 METROLOGY 0 0 0 1 0 0 -160.52474283795277 -7.591747587813817 143.1 -140.673809135712 77.62255925239373 40.515064 41.427532 -999.0 -999.0 -999.0 -999.0 -999.0 102.68260745287866 4.38260385014889 102.70254885941591 4.358874678069453 42.901871475493614 241.65690266521437 -999.0 6231.0 -999.0 -1 -999 {-999.0 -999.0 -999.0 -999.0 -999.0} "" -999.0 -999.0 -999.0 -999.0 -999 -999 "" "" "" "" 0 0 0.0 0.0 -999 ""
FIBERMAP 120 R-7C13 APOGEE 1 1 0 1 0 0 69.56750482302157 -139.84559288059873 143.1 -14.013931493256978 -155.5288570131229 354.2285 107.533905 103.26277948526868 3.324621958047008 -3.303591 0.85511947 0.8571713 103.26278493169058 3.32463281183796 103.2799071678728 3.2994985070359215 42.608831342700036 240.06380722741426 16000.0 16600.0 2016.0 2 163 {-999.0 13.247207 12.769125 12.585767 -999.0} sdss_psfmag_from_g3xp 13.145887 12.784538 12.250545 11.322 63050395117921349 1108337092 bright_flexible_3x1 mwm_tess_rgb_apogee mwm_tessrgb science 0 0 0.0 0.0 -999 ""
FIBERMAP 120 R-7C13 BOSS 0 0 0 1 0 0 69.71716104004838 -140.5805237826386 143.1 -14.271467360317088 -156.2330916296626 354.2285 107.533905 -999.0 -999.0 -999.0 -999.0 -999.0 103.26145460518477 3.3212347723450057 103.27873121190277 3.2962563491021992 42.60575822933367 240.06168236213054 -999.0 5400.0 -999.0 1 354 {-999.0 -999.0 -999.0 -999.0 -999.0} "" -999.0 -999.0 -999.0 -999.0 -999 -999 "" "" "" "" 0 0 0.0 0.0 -999 ""
FIBERMAP 120 R-7C13 METROLOGY 0 0 0 1 0 0 69.01785764413289 -140.35429300109854 143.1 -14.748462611108904 -155.67412675592337 354.2285 107.533905 -999.0 -999.0 -999.0 -999.0 -999.0 103.25932201882085 3.3238127020126824 103.27655940904674 3.298796339271163 42.6059118648684 240.06621483245775 -999.0 6231.0 -999.0 -1 -999 {-999.0 -999.0 -999.0 -999.0 -999.0} "" -999.0 -999.0 -999.0 -999.0 -999 -999 "" "" "" "" 0 0 0.0 0.0 -999 ""
FIBERMAP 124 R-6C12 APOGEE 0 0 0 1 0 0 11.454358760417023 -126.48492023568579 143.1 -56.502274937176864 -113.7100788152351 234.08652 105.572205 -999.0 -999.0 -999.0 -999.0 -999.0 103.06859914832002 3.513779230020994 103.0862262525664 3.4891143323273464 42.596762712716384 240.43135048240498 -999.0 16600.0 -999.0 2 -999 {-999.0 -999.0 -999.0 -999.0 -999.0} "" -999.0 -999.0 -999.0 -999.0 -999 -999 "" "" "" "" 0 0 0.0 0.0 -999 ""
FIBERMAP 124 R-6C12 BOSS 1 1 0 1 0 0 10.759720682134564 -126.23094146112908 143.1 -56.960762186890236 -113.12992858498038 234.08652 105.572205 103.06603979651415 3.5161978579810467 -0.216402 0.49851587 0.1583087 103.06631296656211 3.5162078333269204 103.08410941947278 3.4916994320156745 42.59697365963715 240.43587691144734 5400.0 5400.0 2016.0 1 378 {-999.0 13.760047 13.337116 13.154212 -999.0} sdss_psfmag_from_g3xp 13.661083 13.330093 12.808198 12.01 63050395117936621 1068446298 bright_3x1 mwm_ob_core_boss mwm_ob science 0 0 0.9573906660079956 0.0 -999 ""
FIBERMAP 124 R-6C12 METROLOGY 0 0 0 1 0 0 11.321613523372278 -125.75072633585161 143.1 -56.230724356906585 -113.015330254188 234.08652 105.572205 -999.0 -999.0 -999.0 -999.0 -999.0 103.06968751605979 3.51678583872994 103.08743830173853 3.4922256361087727 42.599766459685085 240.43332907868253 -999.0 6231.0 -999.0 -1 -999 {-999.0 -999.0 -999.0 -999.0 -999.0} "" -999.0 -999.0 -999.0 -999.0 -999 -999 "" "" "" "" 0 0 0.0 0.0 -999 ""
FIBERMAP 126 R-7C19 APOGEE 0 0 0 1 0 0 181.67706675449864 -130.93464184278125 143.1 86.12230555937298 -206.66678490663267 121.27084 142.52435 -999.0 -999.0 -999.0 -999.0 -999.0 103.71818139871841 3.095746506812785 103.73463798549449 3.06946699347704 42.7812533233847 239.4122424524951 -999.0 16600.0 -999.0 2 -999 {-999.0 -999.0 -999.0 -999.0 -999.0} "" -999.0 -999.0 -999.0 -999.0 -999 -999 "" "" "" "" 0 0 0.0 0.0 -999 ""
FIBERMAP 126 R-7C19 BOSS 1 1 0 1 0 0 181.7337416145246 -130.19535126019008 143.1 86.55782919640602 -206.0669198178775 121.27084 142.52435 103.72004721957288 3.0982746836517765 -4.927055 -5.2721534 0.11924496 103.7200163266815 3.0982647812958515 103.7366385358477 3.072131775010171 42.78453707174513 239.4129995712246 5400.0 5400.0 2016.0 1 320 {-999.0 14.743823 14.344861 14.060455 -999.0} sdss_psfmag_from_g3xp 14.63348 14.508726 13.719081 12.779 63050395117864022 1093208334 bright_3x1 mwm_astar_core_boss mwm_ob science 0 0 0.0 0.0 -999 ""
FIBERMAP 126 R-7C19 METROLOGY 0 0 0 1 0 0 182.35477383118848 -130.62259200907465 143.1 86.86287683090026 -206.7560568087664 121.27084 142.52435 -999.0 -999.0 -999.0 -999.0 -999.0 103.72143530046921 3.09522798743078 103.73800451140437 3.0690488964486105 42.78340220991065 239.40867431474481 -999.0 6231.0 -999.0 -1 -999 {-999.0 -999.0 -999.0 -999.0 -999.0} "" -999.0 -999.0 -999.0 -999.0 -999 -999 "" "" "" "" 0 0 0.0 0.0 -999 ""
FIBERMAP 129 R-6C21 APOGEE 0 0 0 1 0 0 217.89884596033872 -102.6405823430394 143.1 131.78868743214394 -201.54658808120223 127.73155 101.898254 -999.0 -999.0 -999.0 -999.0 -999.0 103.92497746219193 3.1201600435991863 103.9414402295352 3.093333594168568 42.94727618605 239.24156828104378 -999.0 16600.0 -999.0 2 194 {-999.0 -999.0 -999.0 -999.0 -999.0} "" -999.0 -999.0 -999.0 -999.0 -999 -999 "" "" "" "" 0 0 0.0 0.0 -999 ""
FIBERMAP 129 R-6C21 BOSS 1 1 0 1 0 0 218.35413602364343 -102.05620906073896 143.1 132.48250720956756 -201.28745088960554 127.73155 101.898254 103.92791541741498 3.1213428711739075 20.71782 -54.318096 1.550554 103.92797505154701 3.1211723836800944 103.94459833684454 3.0944891523219695 42.95035573526538 239.2397372403022 5400.0 5400.0 2016.0 1 333 {-999.0 19.195686 17.68173 17.083122 -999.0} sdss_psfmag_ps1 18.58819 17.528763 16.509008 14.479 63050395117867516 1072806038 bright_1x1 mwm_halo_local_high_boss_single mwm_halo science 0 0 0.0 0.0 -999 ""
FIBERMAP 129 R-6C21 METROLOGY 0 0 0 1 0 0 218.6341004864372 -102.75023735240381 143.1 132.35736305623396 -202.0251134867888 127.73155 101.898254 -999.0 -999.0 -999.0 -999.0 -999.0 103.92743699699027 3.1179046890160502 103.94400757723491 3.0911807161082563 42.94764541130587 239.23702271381552 -999.0 6231.0 -999.0 -1 -999 {-999.0 -999.0 -999.0 -999.0 -999.0} "" -999.0 -999.0 -999.0 -999.0 -999 -999 "" "" "" "" 0 0 0.0 0.0 -999 ""
FIBERMAP 130 R-9C15 APOGEE 0 0 0 1 0 0 104.57255940049511 -171.06368621990794 143.1 -0.5578225400543918 -200.44969153540072 209.34546 68.785545 -999.0 -999.0 -999.0 -999.0 -999.0 103.32454889876303 3.1220383578552657 103.34116888638857 3.0967859644156723 42.5146296006835 239.80634896739224 -999.0 16600.0 -999.0 2 -999 {-999.0 -999.0 -999.0 -999.0 -999.0} "" -999.0 -999.0 -999.0 -999.0 -999 -999 "" "" "" "" 0 0 0.0 0.0 -999 ""
FIBERMAP 130 R-9C15 BOSS 1 1 0 1 0 0 104.4538207075426 -170.3413830138137 143.1 -0.28057317874573584 -199.77240568220805 209.34546 68.785545 103.32516128845305 3.124897371505163 -0.5387894 0.14670779 0.26205072 103.3256398854118 3.124887285681739 103.34242864192754 3.0997839940903003 42.51760099262327 239.80813926545952 5400.0 5400.0 2016.0 1 265 {-999.0 11.149579 10.956316 10.904903 -999.0} sdss_psfmag_from_g3xp 11.122269 10.928724 10.572269 10.084 63050395117916819 1068446332 bright_3x1 mwm_ob_core_boss mwm_ob science 0 0 1.6938236951828003 0.0 -999 ""
FIBERMAP 130 R-9C15 METROLOGY 0 0 0 1 0 0 105.14967939887204 -170.59082843157702 143.1 0.18132820160487695 -200.34933486234576 209.34546 68.785545 -999.0 -999.0 -999.0 -999.0 -999.0 103.32779160423718 3.122349310690055 103.34452774543797 3.097197685792942 42.517353115809335 239.80363525631168 -999.0 6231.0 -999.0 -1 -999 {-999.0 -999.0 -999.0 -999.0 -999.0} "" -999.0 -999.0 -999.0 -999.0 -999 -999 "" "" "" "" 0 0 0.0 0.0 -999 ""
FIBERMAP 136 R-10C12 APOGEE 0 0 0 1 0 0 57.128379473781195 -207.8652332649767 143.1 -60.23725635541904 -206.93594356893013 261.36295 86.75502 -999.0 -999.0 -999.0 -999.0 -999.0 103.0535445531942 3.09245881168311 103.07016320392546 3.06792541889703 42.29767502665092 240.0288663888557 -999.0 16600.0 -999.0 2 -999 {-999.0 -999.0 -999.0 -999.0 -999.0} "" -999.0 -999.0 -999.0 -999.0 -999 -999 "" "" "" "" 0 0 0.0 0.0 -999 ""
FIBERMAP 136 R-10C12 BOSS 1 1 0 1 0 0 56.4276249971364 -207.73203254159088 143.1 -60.764219078219305 -206.45543959403443 261.36295 86.75502 103.05099555820813 3.0944099745770397 -10.063687 6.0710464 1.6319036 103.0509655157493 3.0944221136440535 103.06775337250951 3.070048454597407 42.29737169789359 240.03318549333346 5400.0 5400.0 2016.0 1 369 {-999.0 16.573729 15.461448 15.12604 -999.0} sdss_psfmag_ps1 16.171288 15.517595 14.746425 13.193 63050395117489640 1096471528 bright_1x1 mwm_bin_vis_boss mwm_filler science 0 0 0.0 0.0 -999 ""
FIBERMAP 136 R-10C12 METROLOGY 0 0 0 1 0 0 56.89199072858474 -207.15757350092605 143.1 -60.06786415279119 -206.20949910277255 261.36295 86.75502 -999.0 -999.0 -999.0 -999.0 -999.0 103.05416916365581 3.095580625318575 103.07091253276883 3.071154805657866 42.30042973703249 240.03135950709958 -999.0 6231.0 -999.0 -1 -999 {-999.0 -999.0 -999.0 -999.0 -999.0} "" -999.0 -999.0 -999.0 -999.0 -999 -999 "" "" "" "" 0 0 0.0 0.0 -999 ""
FIBERMAP 138 R-2C24 APOGEE 0 0 0 1 0 0 259.2694336736031 -41.66780034696855 143.1 198.95764966048338 -171.29547097560697 349.78616 115.64342 -999.0 -999.0 -999.0 -999.0 -999.0 104.22841652111292 3.258666447537321 104.24513479696833 3.2310166713401225 43.26165208884647 239.09106635650255 -999.0 16600.0 -999.0 2 -999 {-999.0 -999.0 -999.0 -999.0 -999.0} "" -999.0 -999.0 -999.0 -999.0 -999 -999 "" "" "" "" 0 0 0.0 0.0 -999 ""
FIBERMAP 138 R-2C24 BOSS 1 1 0 1 0 0 259.4764896682941 -42.377952861127184 143.1 198.7619729804553 -172.00867285005222 349.78616 115.64342 104.22738857978108 3.255305928313809 -3.52297 -7.6993546 0.9187404 104.22736899399436 3.2552953870771004 104.24423639529869 3.2277989730732246 43.25877965379111 239.08872502775006 5400.0 5400.0 2016.0 1 260 {-999.0 14.53948 14.245306 14.093338 -999.0} sdss_psfmag_ps1 14.46577 14.174312 13.718658 12.944 63050395117869009 978397010 "" ops_std_boss ops_std standard_boss 0 0 0.0 0.0 -999 ""
FIBERMAP 138 R-2C24 METROLOGY 0 0 0 1 0 0 258.7560968289481 -42.20923110378924 143.1 198.23689386736052 -171.48763332207977 349.78616 115.64342 -999.0 -999.0 -999.0 -999.0 -999.0 104.22506669431911 3.25766037908996 104.24189587331517 3.230126984814471 43.25870030487158 239.0932530075366 -999.0 6231.0 -999.0 -1 -999 {-999.0 -999.0 -999.0 -999.0 -999.0} "" -999.0 -999.0 -999.0 -999.0 -999 -999 "" "" "" "" 0 0 0.0 0.0 -999 ""
FIBERMAP 140 R-4C12 APOGEE 0 0 0 1 0 0 -0.763321542876431 -92.6111357856807 143.1 -49.16235785912968 -78.46442755988373 279.8189 104.013596 -999.0 -999.0 -999.0 -999.0 -999.0 103.10147123429051 3.6739744789986717 103.11947533464632 3.6491886200367705 42.72993816065579 240.5602852759962 -999.0 16600.0 -999.0 2 -999 {-999.0 -999.0 -999.0 -999.0 -999.0} "" -999.0 -999.0 -999.0 -999.0 -999 -999 "" "" "" "" 0 0 0.0 0.0 -999 ""
FIBERMAP 140 R-4C12 BOSS 1 1 0 1 0 0 -1.4258588567987374 -92.93083595639757 143.1 -49.894018575690055 -78.38961675889124 279.8189 104.013596 103.09765295367505 3.6741308259699905 -0.87201977 -2.4939783 0.33738765 103.09794669118803 3.674117662267143 103.11611448418665 3.649491108945053 42.72768246401686 240.56368939738496 5400.0 5400.0 2016.0 1 365 {-999.0 13.359041 12.932688 12.795722 -999.0} sdss_psfmag_gaia 13.278999 12.960073 12.462053 11.631 63050395117942274 1068388831 bright_3x1 mwm_ob_core_boss mwm_ob science 0 0 1.0805577039718628 0.0 -999 ""
FIBERMAP 140 R-4C12 METROLOGY 0 0 0 1 0 0 -1.3764565751055515 -92.1860153171483 143.1 -49.46179120141909 -77.78123289198334 279.8189 104.013596 -999.0 -999.0 -999.0 -999.0 -999.0 103.09995906280533 3.676938844963073 103.1180870818535 3.652263852590514 42.73101070607606 240.56463871161156 -999.0 6231.0 -999.0 -1 -999 {-999.0 -999.0 -999.0 -999.0 -999.0} "" -999.0 -999.0 -999.0 -999.0 -999 -999 "" "" "" "" 0 0 0.0 0.0 -999 ""
FIBERMAP 142 R0C2 APOGEE 0 0 0 1 0 0 -264.0575920497861 6.215179689081356 143.1 -221.60616004579572 143.6134810725063 349.6618 165.09972 -999.0 -999.0 -999.0 -999.0 -999.0 102.31737887538587 4.678262305786215 102.33801666711065 4.65532804850899 42.82918722780407 242.28903128186107 -999.0 16600.0 -999.0 2 295 {-999.0 -999.0 -999.0 -999.0 -999.0} "" -999.0 -999.0 -999.0 -999.0 -999 -999 "" "" "" "" 0 0 0.0 0.0 -999 ""
FIBERMAP 142 R0C2 BOSS 1 1 0 1 0 0 -263.41128435493954 5.850561023294555 143.1 -221.24678550861142 142.9644307587009 349.6618 165.09972 102.31882763879004 4.675183179999699 -4.8322077 8.258985 -0.11022869 102.3188094607306 4.675215732959577 102.33960443100273 4.6524247200041335 42.82843861179383 242.2846396656633 5400.0 5400.0 2016.0 1 423 {-999.0 15.761972 14.9939 14.614632 -999.0} sdss_psfmag_ps1 15.512508 14.995368 14.216909 12.897 63050395118224291 1093344662 bright_3x1 mwm_astar_core_boss mwm_ob science 0 0 0.0 0.0 -999 ""
FIBERMAP 142 R0C2 METROLOGY 0 0 0 1 0 0 -264.05365065631986 5.470190480481298 143.1 -221.99305018662358 142.9770107272686 349.6618 165.09972 -999.0 -999.0 -999.0 -999.0 -999.0 102.31550954123183 4.675274642585332 102.3362588065632 4.652450842730511 42.825965443313244 242.28768966472572 -999.0 6231.0 -999.0 -1 -999 {-999.0 -999.0 -999.0 -999.0 -999.0} "" -999.0 -999.0 -999.0 -999.0 -999 -999 "" "" "" "" 0 0 0.0 0.0 -999 ""
FIBERMAP 144 R-4C4 APOGEE 0 0 0 1 0 0 -182.54250837827033 -91.77688524322652 143.1 -203.52190202792949 17.467086345158577 266.97964 107.914795 -999.0 -999.0 -999.0 -999.0 -999.0 102.3987395645631 4.108121170074882 102.41797544383331 4.085092827661982 42.50774847448329 241.63934290675428 -999.0 16600.0 -999.0 2 -999 {-999.0 -999.0 -999.0 -999.0 -999.0} "" -999.0 -999.0 -999.0 -999.0 -999 -999 "" "" "" "" 0 0 0.0 0.0 -999 ""
FIBERMAP 144 R-4C4 BOSS 1 1 0 1 0 0 -183.2698602704494 -91.97414176510586 143.1 -204.2446170256 17.680117422324944 266.97964 107.914795 102.3952423359379 4.108918430366419 -0.4057294 0.4394945 0.18595792 102.39526392154507 4.108927240314465 102.41466824828615 4.086057172471994 42.50594790621838 241.64331395828367 5400.0 5400.0 2016.0 1 455 {-999.0 13.909735 13.536428 13.4209175 -999.0} sdss_psfmag_gaia 13.846158 13.557486 13.086219 12.391 63050395118161875 1068388840 bright_3x1 mwm_ob_core_boss mwm_ob science 0 0 0.0 0.0 -999 ""
FIBERMAP 144 R-4C4 METROLOGY 0 0 0 1 0 0 -183.0733987849621 -91.25265499172016 143.1 -203.69938231971452 18.191597233102996 266.97964 107.914795 -999.0 -999.0 -999.0 -999.0 -999.0 102.39777283566815 4.111300933989181 102.41713529604067 4.088381423497823 42.50933199214129 241.64341465711368 -999.0 6231.0 -999.0 -1 -999 {-999.0 -999.0 -999.0 -999.0 -999.0} "" -999.0 -999.0 -999.0 -999.0 -999 -999 "" "" "" "" 0 0 0.0 0.0 -999 ""
FIBERMAP 146 R-8C5 APOGEE 1 1 0 1 0 0 -109.52502840847265 -145.78278291486683 143.1 -169.6326918355715 -66.77100117547063 46.348797 142.63791 102.55354974784528 3.72615604920504 -0.42319837 1.3906245 0.41616887 102.55353128916542 3.7261676521848224 102.57180442074679 3.702813143202009 42.364097736789525 241.11622342143266 16000.0 16600.0 2016.0 2 265 {-999.0 15.583896 14.110466 13.887755 -999.0} sdss_psfmag_ps1 14.914211 13.877837 12.882901 10.536 63050395118144466 1107892874 bright_flexible_2x1 mwm_tess_rgb_apogee mwm_tessrgb science 0 0 0.0 0.0 -999 ""
FIBERMAP 146 R-8C5 BOSS 0 0 0 1 0 0 -108.78723878647048 -145.65705951906077 143.1 -168.93855952792362 -67.05041484182136 46.348797 142.63791 -999.0 -999.0 -999.0 -999.0 -999.0 102.55646356696448 3.7247318636022526 102.57489786625689 3.7015209495479873 42.36550307198143 241.11211287923913 -999.0 5400.0 -999.0 1 480 {-999.0 -999.0 -999.0 -999.0 -999.0} "" -999.0 -999.0 -999.0 -999.0 -999 -999 "" "" "" "" 0 0 0.0 0.0 -999 ""
FIBERMAP 146 R-8C5 METROLOGY 0 0 0 1 0 0 -109.05021441513051 -146.35939963452705 143.1 -169.5304056977588 -67.5107480589644 46.348797 142.63791 -999.0 -999.0 -999.0 -999.0 -999.0 102.55385375528489 3.722686590250998 102.57223695226304 3.6994402160472672 42.36213941217981 241.11246113737792 -999.0 6231.0 -999.0 -1 -999 {-999.0 -999.0 -999.0 -999.0 -999.0} "" -999.0 -999.0 -999.0 -999.0 -999 -999 "" "" "" "" 0 0 0.0 0.0 -999 ""
FIBERMAP 147 R-3C3 APOGEE 1 1 0 1 0 0 -217.68976098110392 -52.04920419404981 143.1 -212.64153812946236 69.70886381917585 60.84098 166.10187 102.35726664776561 4.344729631028591 -2.7112486 1.8811486 0.4052092 102.35723511307481 4.344746381657603 102.37705425751841 4.321777199981434 42.63586328115495 241.9152067743821 16000.0 16600.0 2016.0 2 278 {-999.0 14.699742 13.527941 13.030832 -999.0} sdss_psfmag_gaia 14.279322 13.516393 12.659738 10.742 63050395118167953 1105405663 bright_flexible_2x1 mwm_tess_rgb_apogee mwm_tessrgb science 0 0 0.0 0.0 -999 ""
FIBERMAP 147 R-3C3 BOSS 0 0 0 1 0 0 -217.17950182250613 -51.49777498178261 143.1 -211.91816570722736 69.91115266618047 60.84098 166.10187 -999.0 -999.0 -999.0 -999.0 -999.0 102.36028955385387 4.345549168723265 102.38027515439177 4.322719829333567 42.638882612288064 241.91324281439384 -999.0 5400.0 -999.0 1 442 {-999.0 -999.0 -999.0 -999.0 -999.0} "" -999.0 -999.0 -999.0 -999.0 -999 -999 "" "" "" "" 0 0 0.0 0.0 -999 ""
FIBERMAP 147 R-3C3 METROLOGY 0 0 0 1 0 0 -216.9662987121433 -52.23850955837507 143.1 -212.12462747912113 69.16868818532292 60.84098 166.10187 -999.0 -999.0 -999.0 -999.0 -999.0 102.359416063637 4.342219274944878 102.37934699433833 4.319350997841631 42.6359429310505 241.9106766290946 -999.0 6231.0 -999.0 -1 -999 {-999.0 -999.0 -999.0 -999.0 -999.0} "" -999.0 -999.0 -999.0 -999.0 -999 -999 "" "" "" "" 0 0 0.0 0.0 -999 ""
FIBERMAP 148 R-10C10 APOGEE 0 0 0 1 0 0 11.736244319406612 -183.05766480272206 143.1 -85.89664042669799 -162.03303146149423 150.03368 100.04766 -999.0 -999.0 -999.0 -999.0 -999.0 102.93590764223718 3.2947982594867447 102.95304264448868 3.2705301024630145 42.35055026459901 240.33708080077065 -999.0 16600.0 -999.0 2 -999 {-999.0 -999.0 -999.0 -999.0 -999.0} "" -999.0 -999.0 -999.0 -999.0 -999 -999 "" "" "" "" 0 0 0.0 0.0 -999 ""
FIBERMAP 148 R-10C10 BOSS 1 1 0 1 0 0 11.998570866074278 -182.35254235073063 143.1 -85.30388952466792 -161.56998890013077 150.03368 100.04766 102.93814835318348 3.2966981369477644 -0.37872022 -0.17838691 0.23173863 102.93839932725716 3.296689595905858 102.95570229571143 3.2725669773027386 42.3538816312026 240.33664956752943 5400.0 5400.0 2016.0 1 370 {-999.0 13.554299 13.179197 13.062961 -999.0} sdss_psfmag_gaia 13.491791 13.200484 12.729914 12.005 63050395117504853 1068388726 bright_3x1 mwm_ob_core_boss mwm_ob science 0 0 0.9878870844841003 0.0 -999 ""
FIBERMAP 148 R-10C10 METROLOGY 0 0 0 1 0 0 12.470160775263157 -182.923394119642 143.1 -85.20132905493654 -162.30313769433852 150.03368 100.04766 -999.0 -999.0 -999.0 -999.0 -999.0 102.93893531906824 3.2934303747214035 102.95618382363011 3.269263849650429 42.35198254082056 240.33293508523388 -999.0 6231.0 -999.0 -1 -999 {-999.0 -999.0 -999.0 -999.0 -999.0} "" -999.0 -999.0 -999.0 -999.0 -999 -999 "" "" "" "" 0 0 0.0 0.0 -999 ""
FIBERMAP 153 R-7C3 APOGEE 1 1 0 1 0 0 -176.35983074250976 -130.88873827298823 143.1 -218.74485698424232 -19.07780806732465 115.41591 145.30698 102.33076468932566 3.9420714013662277 -2.405911 1.7500175 0.37424356 102.33075823287422 3.9420891188466283 102.34961112337186 3.9192757542526664 42.345912794419604 241.5347942493063 16000.0 16600.0 2016.0 2 300 {-999.0 14.772441 13.563186 13.0072365 -999.0} sdss_psfmag_from_g3xp 14.315225 13.497637 12.607571 10.57 63050395118158877 1109636594 bright_flexible_2x1 mwm_tess_rgb_apogee mwm_tessrgb science 0 0 0.0 0.0 -999 ""
FIBERMAP 153 R-7C3 BOSS 0 0 0 1 0 0 -176.2559555513837 -130.16256513153115 143.1 -218.27601054876547 -18.513838187500063 115.41591 145.30698 -999.0 -999.0 -999.0 -999.0 -999.0 102.33264884324704 3.944498099423047 102.35167329855176 3.9218295478778176 42.34915220511887 241.53548518680088 -999.0 5400.0 -999.0 1 446 {-999.0 -999.0 -999.0 -999.0 -999.0} "" -999.0 -999.0 -999.0 -999.0 -999 -999 "" "" "" "" 0 0 0.0 0.0 -999 ""
FIBERMAP 153 R-7C3 METROLOGY 0 0 0 1 0 0 -175.66690171239335 -130.60440780843763 143.1 -218.00584344262268 -19.198658467862543 115.41591 145.30698 -999.0 -999.0 -999.0 -999.0 -999.0 102.33393409449336 3.941439833496708 102.35290371055913 3.91872595787199 42.34797749092267 241.5312582457934 -999.0 6231.0 -999.0 -1 -999 {-999.0 -999.0 -999.0 -999.0 -999.0} "" -999.0 -999.0 -999.0 -999.0 -999 -999 "" "" "" "" 0 0 0.0 0.0 -999 ""
FIBERMAP 155 R-11C15 APOGEE 0 0 0 1 0 0 127.64753245690466 -209.45173140448964 143.1 -1.0167616210734738 -245.22688119458124 203.85884 74.253845 -999.0 -999.0 -999.0 -999.0 -999.0 103.32295544285924 2.9211638891680094 103.33909413339319 2.895959808928733 42.375243148728714 239.61040502038492 -999.0 16600.0 -999.0 2 -999 {-999.0 -999.0 -999.0 -999.0 -999.0} "" -999.0 -999.0 -999.0 -999.0 -999 -999 "" "" "" "" 0 0 0.0 0.0 -999 ""
FIBERMAP 155 R-11C15 BOSS 1 1 0 1 0 0 127.52318821624974 -208.71949251406775 143.1 -0.7390811470414786 -244.53819812879635 203.85884 74.253845 103.3240418967972 2.924070984044428 2.5252516 -2.7052999 1.5092416 103.32404482668203 2.9240654045468197 103.34035281282797 2.8990115332988933 42.37825387723944 239.6122356201431 5400.0 5400.0 2016.0 1 267 {-999.0 -999.0 -999.0 -999.0 -999.0} "" -999.0 14.588326 -999.0 12.128 63050395117425370 1095006261 bright_1x1 mwm_bin_vis_boss mwm_filler science 0 0 0.0 0.0 -999 ""
FIBERMAP 155 R-11C15 METROLOGY 0 0 0 1 0 0 128.22552348844323 -208.97993870851738 143.1 -0.2774270648355809 -245.12788778735302 203.85884 74.253845 -999.0 -999.0 -999.0 -999.0 -999.0 103.32619078495412 2.921485279639067 103.34244594938792 2.8963827851843593 42.377965111385855 239.60770586969494 -999.0 6231.0 -999.0 -1 -999 {-999.0 -999.0 -999.0 -999.0 -999.0} "" -999.0 -999.0 -999.0 -999.0 -999 -999 "" "" "" "" 0 0 0.0 0.0 -999 ""
FIBERMAP 159 R-8C14 APOGEE 0 0 0 1 0 0 77.37673887027097 -138.91374191228138 143.1 -6.8757416447111295 -158.82602499791622 181.84476 47.91917 -999.0 -999.0 -999.0 -999.0 -999.0 103.29532783056416 3.3097942308547736 103.31240605039659 3.2845776586194497 42.62230581022503 240.01886698191277 -999.0 16600.0 -999.0 2 -999 {-999.0 -999.0 -999.0 -999.0 -999.0} "" -999.0 -999.0 -999.0 -999.0 -999 -999 "" "" "" "" 0 0 0.0 0.0 -999 ""
FIBERMAP 159 R-8C14 BOSS 1 1 0 1 0 0 77.84973335720701 -138.33823972059363 143.1 -6.171492352636392 -158.5837161841444 181.84476 47.91917 103.29836491394572 3.3106992936814983 0.13054006 -0.6955189 -1.1201183 103.29836762883383 3.310688696961161 103.3156092190826 3.2856155693820055 42.62534870794791 240.01692368872324 5400.0 5400.0 2016.0 1 327 {-999.0 16.08002 15.342972 15.092556 -999.0} sdss_psfmag_ps1 15.864963 15.4396 14.692391 13.453 63050395117921310 1093344472 bright_3x1 mwm_astar_core_boss mwm_ob science 0 0 0.0 0.0 -999 ""
FIBERMAP 159 R-8C14 METROLOGY 0 0 0 1 0 0 78.11364544773046 -139.0304924009688 143.1 -6.309376007150003 -159.31145804717443 181.84476 47.91917 -999.0 -999.0 -999.0 -999.0 -999.0 103.29779467935234 3.3074496473030597 103.31498273366049 3.282335773603929 42.6226492267853 240.01425323289772 -999.0 6231.0 -999.0 -1 -999 {-999.0 -999.0 -999.0 -999.0 -999.0} "" -999.0 -999.0 -999.0 -999.0 -999 -999 "" "" "" "" 0 0 0.0 0.0 -999 ""
FIBERMAP 160 R+8C5 APOGEE 1 1 0 1 0 0 -105.53079712501692 148.8829919482589 143.1 -11.877054964136912 182.06337062037386 277.34152 150.13904 103.26873779296874 4.858569895513924 -999.0 -999.0 -999.0 103.26875854289251 4.858574910847691 103.28958048435697 4.833101358944354 43.65398506890138 241.60182861866292 16000.0 16600.0 2015.5 2 92 {-999.0 -999.0 -999.0 -999.0 -999.0} "" -999.0 -999.0 -999.0 -999.0 27021603131853504 841579502 "" ops_sky_apogee_best ops_sky sky_apogee 0 0 0.0 0.0 -999 ""
FIBERMAP 160 R+8C5 BOSS 0 0 0 1 0 0 -105.793482124505 148.18505072475597 143.1 -12.466349380293838 181.6066310999302 277.34152 150.13904 -999.0 -999.0 -999.0 -999.0 -999.0 103.26591380902313 4.8564166450368464 103.28689062631435 4.8310943190653965 43.65065061621131 241.60225152630483 -999.0 5400.0 -999.0 1 68 {-999.0 -999.0 -999.0 -999.0 -999.0} "" -999.0 -999.0 -999.0 -999.0 -999 -999 "" "" "" "" 0 0 0.0 0.0 -999 ""
FIBERMAP 160 R+8C5 METROLOGY 0 0 0 1 0 0 -106.26847899084213 148.76618046648937 143.1 -12.566427197072825 182.3503169030483 277.34152 150.13904 -999.0 -999.0 -999.0 -999.0 -999.0 103.26549664051123 4.8598003722931695 103.28643660787725 4.834437818478037 43.652554965284274 241.60610082150603 -999.0 6231.0 -999.0 -1 -999 {-999.0 -999.0 -999.0 -999.0 -999.0} "" -999.0 -999.0 -999.0 -999.0 -999 -999 "" "" "" "" 0 0 0.0 0.0 -999 ""
FIBERMAP 162 R-9C14 APOGEE 0 0 0 1 0 0 110.97468640229103 -178.38787135021246 143.1 1.0573801010759263 -210.04031717460262 323.6517 133.89075 -999.0 -999.0 -999.0 -999.0 -999.0 103.33199180783753 3.0789190956799706 103.34850644462892 3.0536565918627177 42.490377359574296 239.7569631772715 -999.0 16600.0 -999.0 2 192 {-999.0 -999.0 -999.0 -999.0 -999.0} "" -999.0 -999.0 -999.0 -999.0 -999 -999 "" "" "" "" 0 0 0.0 0.0 -999 ""
FIBERMAP 162 R-9C14 BOSS 1 1 0 1 0 0 111.09608483576648 -179.11037402740502 143.1 0.7822911894997645 -210.7191661376945 323.6517 133.89075 103.33057895663116 3.0756757033625393 -0.13137746 -4.5203447 0.9961544 103.33058754289054 3.0756655208882124 103.34725701648824 3.0505602723957588 42.4873451994619 239.7550695620048 5400.0 5400.0 2016.0 1 328 {-999.0 14.577374 14.190819 14.077242 -999.0} sdss_psfmag_from_g3xp 14.511968 14.209033 13.745679 12.975 63050395117915816 979094345 "" ops_std_boss ops_std standard_boss 0 0 0.0 0.0 -999 ""
FIBERMAP 162 R-9C14 METROLOGY 0 0 0 1 0 0 110.39543918576781 -178.85331730782127 143.1 0.3203004250224456 -210.13324790478697 323.6517 133.89075 -999.0 -999.0 -999.0 -999.0 -999.0 103.32852816051295 3.0783459525485397 103.34515860642409 3.053202202268371 42.48763356919385 239.75962553072873 -999.0 6231.0 -999.0 -1 -999 {-999.0 -999.0 -999.0 -999.0 -999.0} "" -999.0 -999.0 -999.0 -999.0 -999 -999 "" "" "" "" 0 0 0.0 0.0 -999 ""
FIBERMAP 167 R-6C5 APOGEE 0 0 0 1 0 0 -136.63375565893693 -132.31932802595287 143.1 -185.66495889836696 -41.10569174982868 282.22217 95.191864 -999.0 -999.0 -999.0 -999.0 -999.0 102.48041360341446 3.84252600904514 102.49898660143288 3.8193392098530197 42.38900279334186 241.2990327761224 -999.0 16600.0 -999.0 2 251 {-999.0 -999.0 -999.0 -999.0 -999.0} "" -999.0 -999.0 -999.0 -999.0 -999 -999 "" "" "" "" 0 0 0.0 0.0 -999 ""
FIBERMAP 167 R-6C5 BOSS 1 1 0 1 0 0 -137.32911529224478 -132.56991445802353 143.1 -186.38836617154053 -40.95483293881897 282.22217 95.191864 102.47696322890194 3.8431180891826138 -6.32581 -31.826809 0.84737986 102.4769245920895 3.843041398266047 102.4956653785448 3.820014238485845 42.38700772240705 241.30272997391071 5400.0 5400.0 2016.0 1 457 {-999.0 15.830188 15.377099 15.252258 -999.0} sdss_psfmag_ps1 15.718972 15.3933935 14.893344 13.983 63050395118147863 1072806013 bright_1x1 mwm_halo_local_high_boss_single mwm_halo science 0 0 0.0 0.0 -999 ""
FIBERMAP 167 R-6C5 METROLOGY 0 0 0 1 0 0 -137.19706572852067 -131.83782820707808 143.1 -185.89243000988122 -40.40058620576062 282.22217 95.191864 -999.0 -999.0 -999.0 -999.0 -999.0 102.47920979968389 3.845606798076976 102.4979092223931 3.822530380363011 42.39035724935551 241.30320695909023 -999.0 6231.0 -999.0 -1 -999 {-999.0 -999.0 -999.0 -999.0 -999.0} "" -999.0 -999.0 -999.0 -999.0 -999 -999 "" "" "" "" 0 0 0.0 0.0 -999 ""
FIBERMAP 170 R-2C20 APOGEE 0 0 0 1 0 0 152.86139396727935 -24.661786570381253 143.1 117.2526633214502 -101.07421700024327 115.72133 105.23094 -999.0 -999.0 -999.0 -999.0 -999.0 103.8600812335775 3.573561964321111 103.87764851908395 3.5468078587026084 43.213044142740976 239.75212767283853 -999.0 16600.0 -999.0 2 -999 {-999.0 -999.0 -999.0 -999.0 -999.0} "" -999.0 -999.0 -999.0 -999.0 -999 -999 "" "" "" "" 0 0 0.0 0.0 -999 ""
FIBERMAP 170 R-2C20 BOSS 1 1 0 1 0 0 153.42435950010497 -24.15975171508343 143.1 117.99504441036999 -100.94159968675362 115.72133 105.23094 103.86337280273438 3.5739779938214866 -999.0 -999.0 -999.0 103.86333961399522 3.573991566992735 103.88106545691812 3.5473777833924265 43.215917028304915 239.74948757957407 5400.0 5400.0 2015.5 1 298 {-999.0 -999.0 -999.0 -999.0 -999.0} "" -999.0 -999.0 -999.0 -999.0 27021603131837418 819466538 "" ops_sky_boss_good ops_sky sky_boss 0 0 0.0 0.0 -999 ""
FIBERMAP 170 R-2C20 METROLOGY 0 0 0 1 0 0 153.57049062998843 -24.893829461775574 143.1 117.73495361420834 -101.64326124653118 115.72133 105.23094 -999.0 -999.0 -999.0 -999.0 -999.0 103.86219274060198 3.570852385521261 103.87986646517322 3.544200078499419 43.21286676042341 239.747440510582 -999.0 6231.0 -999.0 -1 -999 {-999.0 -999.0 -999.0 -999.0 -999.0} "" -999.0 -999.0 -999.0 -999.0 -999 -999 "" "" "" "" 0 0 0.0 0.0 -999 ""
FIBERMAP 171 R-12C7 APOGEE 0 0 0 1 0 0 -8.273727189667223 -249.19283312866187 143.1 -137.57988275625854 -207.86954604966266 17.213135 33.239845 -999.0 -999.0 -999.0 -999.0 -999.0 102.70330126152457 3.088715011339181 102.72000161071219 3.065105002823704 42.040269776811165 240.3481878750752 -999.0 16600.0 -999.0 2 -999 {-999.0 -999.0 -999.0 -999.0 -999.0} "" -999.0 -999.0 -999.0 -999.0 -999 -999 "" "" "" "" 0 0 0.0 0.0 -999 ""
FIBERMAP 171 R-12C7 BOSS 1 1 0 1 0 0 -8.739042538426125 -249.7679564744637 143.1 -138.277394323154 -208.11555480253853 17.213135 33.239845 102.70001436762071 3.0874311907891667 -0.16420807 0.37278587 0.19045526 102.69998443610527 3.0874482182374656 102.71684845510782 3.064001457269517 42.03721347134069 240.34998970046902 5400.0 5400.0 2016.0 1 404 {-999.0 15.032846 14.411599 14.11035 -999.0} sdss_psfmag_from_g3xp 14.858779 14.392516 13.740207 12.671 63050395117502072 1093208163 bright_3x1 mwm_astar_core_boss mwm_ob science 0 0 0.0 0.0 -999 ""
FIBERMAP 171 R-12C7 METROLOGY 0 0 0 1 0 0 -9.011769785406742 -249.08349371497278 143.1 -138.15109791708582 -207.38982892388623 17.213135 33.239845 -999.0 -999.0 -999.0 -999.0 -999.0 102.70057380570884 3.0907494958701 102.71739859150404 3.06725673155641 42.039833909895876 240.3526933123826 -999.0 6231.0 -999.0 -1 -999 {-999.0 -999.0 -999.0 -999.0 -999.0} "" -999.0 -999.0 -999.0 -999.0 -999 -999 "" "" "" "" 0 0 0.0 0.0 -999 ""
FIBERMAP 177 R-4C3 APOGEE 1 1 0 1 0 0 -201.12576253679106 -88.72762912053116 143.1 -217.74943892642412 29.798157896912493 254.96169 134.91669 102.33446252989965 4.1637412192119285 -0.7275623 -0.09160705 0.3865059 102.334487665434 4.163738346941136 102.35387504659383 4.140867650913987 42.497666686049136 241.75361039179268 16000.0 16600.0 2016.0 2 286 {-999.0 14.053286 12.96179 12.513108 -999.0} sdss_psfmag_gaia 13.676796 12.969025 12.147602 10.429 63050395118163012 1104341108 bright_flexible_2x1 mwm_tess_rgb_apogee mwm_tessrgb science 0 0 0.0 0.0 -999 ""
FIBERMAP 177 R-4C3 BOSS 0 0 0 1 0 0 -201.76195411213604 -89.09848016378348 143.1 -218.4854588481732 29.815609828576275 254.96169 134.91669 -999.0 -999.0 -999.0 -999.0 -999.0 102.3309683767831 4.163655884789654 102.35052233322136 4.140943619067363 42.495233997849404 241.75672386127872 -999.0 5400.0 -999.0 1 443 {-999.0 -999.0 -999.0 -999.0 -999.0} "" -999.0 -999.0 -999.0 -999.0 -999 -999 "" "" "" "" 0 0 0.0 0.0 -999 ""
FIBERMAP 177 R-4C3 METROLOGY 0 0 0 1 0 0 -201.77632784454067 -88.34849323627495 143.1 -218.1048345610091 30.46180080475895 254.96169 134.91669 -999.0 -999.0 -999.0 -999.0 -999.0 102.3327301505449 4.166635870880767 102.35224383429045 4.14387604518096 42.49847281479861 241.7581184439611 -999.0 6231.0 -999.0 -1 -999 {-999.0 -999.0 -999.0 -999.0 -999.0} "" -999.0 -999.0 -999.0 -999.0 -999 -999 "" "" "" "" 0 0 0.0 0.0 -999 ""
FIBERMAP 179 R-4C8 APOGEE 0 0 0 1 0 0 -102.27513036584195 -65.05180591800003 143.1 -121.16976550092228 -1.8211378672680445 169.6208 77.651405 -999.0 -999.0 -999.0 -999.0 -999.0 102.77220799305337 4.021893347014345 102.7911369195026 3.9978992124847417 42.72469457820554 241.21157816210592 -999.0 16600.0 -999.0 2 -999 {-999.0 -999.0 -999.0 -999.0 -999.0} "" -999.0 -999.0 -999.0 -999.0 -999 -999 "" "" "" "" 0 0 0.0 0.0 -999 ""
FIBERMAP 179 R-4C8 BOSS 1 1 0 1 0 0 -101.99120543538834 -64.36396870459076 143.1 -120.5676766987866 -1.3841286331354588 169.6208 77.651405 102.77471094828361 4.023769153333025 1.5072771 -4.1171336 1.1618595 102.7747232378318 4.023740569310697 102.79381955091128 3.999888303608954 42.72801215351463 241.2111232211054 5400.0 5400.0 2016.0 1 461 {-999.0 20.097555 18.798733 17.616259 -999.0} sdss_psfmag_ps1 19.474787 18.307125 17.201485 15.174 63050395118150568 1095289145 bright_1x1 mwm_bin_vis_boss mwm_filler science 0 0 0.0 0.0 -999 ""
FIBERMAP 179 R-4C8 METROLOGY 0 0 0 1 0 0 -101.53583770581092 -64.9512656607094 143.1 -120.48754490330455 -2.1227839130042105 169.6208 77.651405 -999.0 -999.0 -999.0 -999.0 -999.0 102.77515473200187 4.0204229968283185 102.79419656666875 3.9965281220819415 42.72602523564248 241.20739903409435 -999.0 6231.0 -999.0 -1 -999 {-999.0 -999.0 -999.0 -999.0 -999.0} "" -999.0 -999.0 -999.0 -999.0 -999 -999 "" "" "" "" 0 0 0.0 0.0 -999 ""
FIBERMAP 187 R-7C8 APOGEE 1 1 0 1 0 0 -63.697819031300035 -152.77541161946812 143.1 -134.2708433851822 -96.73126233924822 284.6208 72.32024 102.71454711151834 3.5904069392629405 0.19504207 -2.745474 0.9923501 102.71454982843285 3.590392377666687 102.73245357727433 3.5666428444883738 42.39014586194923 240.83366854246336 16000.0 16600.0 2016.0 2 288 {-999.0 11.039349 11.197968 11.350196 -999.0} sdss_psfmag_from_g3xp 11.151873 11.112432 11.024638 10.862 63050395117940780 974928049 "" ops_std_apogee ops_std standard_apogee 0 0 0.0 0.0 -999 ""
FIBERMAP 187 R-7C8 BOSS 0 0 0 1 0 0 -64.43905308546337 -152.7457952375543 143.1 -134.88653746236932 -96.3177626731055 284.6208 72.32024 -999.0 -999.0 -999.0 -999.0 -999.0 102.71153484827379 3.592080740200436 102.72960822835512 3.5684901785848955 42.389307776357875 240.83811292739892 -999.0 5400.0 -999.0 1 400 {-999.0 -999.0 -999.0 -999.0 -999.0} "" -999.0 -999.0 -999.0 -999.0 -999 -999 "" "" "" "" 0 0 0.0 0.0 -999 ""
FIBERMAP 187 R-7C8 METROLOGY 0 0 0 1 0 0 -64.04540135130313 -152.11322701343386 143.1 -134.21996076747402 -95.9852965148891 284.6208 72.32024 -999.0 -999.0 -999.0 -999.0 -999.0 102.71460618052284 3.5936405755313867 102.73263580203383 3.5699986685119693 42.39255258026428 240.83684460885837 -999.0 6231.0 -999.0 -1 -999 {-999.0 -999.0 -999.0 -999.0 -999.0} "" -999.0 -999.0 -999.0 -999.0 -999 -999 "" "" "" "" 0 0 0.0 0.0 -999 ""
FIBERMAP 188 R-1C2 APOGEE 0 0 0 1 0 0 -247.1885305961299 -1.9465017782341327 143.1 -211.51640082033532 127.8267967044895 116.51127 47.010532 -999.0 -999.0 -999.0 -999.0 -999.0 102.3625246348664 4.607571842894757 102.38297894191902 4.584533336803732 42.81553385345847 242.17632262035528 -999.0 16600.0 -999.0 2 -999 {-999.0 -999.0 -999.0 -999.0 -999.0} "" -999.0 -999.0 -999.0 -999.0 -999 -999 "" "" "" "" 0 0 0.0 0.0 -999 ""
FIBERMAP 188 R-1C2 BOSS 1 1 0 1 0 0 -246.46371931391812 -2.157584123590361 143.1 -211.00974879997858 127.26736993370868 116.51127 47.010532 102.3646379526277 4.604854173972905 1.4303503 -5.1656766 0.5282638 102.3646128100255 4.604935246214166 102.3852249884215 4.582038441989082 42.81554276098339 242.17175282445612 5400.0 5400.0 2016.0 1 434 {-999.0 17.436813 16.435255 15.925905 -999.0} sdss_psfmag_ps1 17.081451 16.387215 15.578564 13.971 63050395118223073 980260715 "" ops_std_boss_red ops_std standard_boss 0 0 0.0 0.0 -999 ""
FIBERMAP 188 R-1C2 METROLOGY 0 0 0 1 0 0 -247.01135318955716 -2.671257010786441 143.1 -211.74517033827098 127.11681093816343 116.51127 47.010532 -999.0 -999.0 -999.0 -999.0 -999.0 102.36135483225587 4.604261877648792 102.38191955528947 4.581332252603522 42.812614438079414 242.17402566738426 -999.0 6231.0 -999.0 -1 -999 {-999.0 -999.0 -999.0 -999.0 -999.0} "" -999.0 -999.0 -999.0 -999.0 -999 -999 "" "" "" "" 0 0 0.0 0.0 -999 ""
FIBERMAP 189 R-5C5 APOGEE 1 1 0 1 0 0 -147.0614199499496 -119.3732571845619 143.1 -187.76325950710384 -24.618981915015556 347.22528 12.122474 102.46977296846421 3.9177262623812554 -16.506655 -11.40194 1.7757814 102.47058154164453 3.9173430869328763 102.48933766488733 3.8941661185762917 42.4322502162359 241.38275891306068 16000.0 16600.0 2016.0 2 263 {-999.0 13.159734 12.704035 12.555132 -999.0} sdss_psfmag_gaia 12.425807 12.734495 11.577482 10.688 63050395118149286 1093892321 bright_1x1 mwm_bin_vis_apogee mwm_filler science 0 0 0.0 0.0 -999 ""
FIBERMAP 189 R-5C5 BOSS 0 0 0 1 0 0 -147.8040697796409 -119.36040106859849 143.1 -188.38893871018644 -24.219013058763792 347.22528 12.122474 -999.0 -999.0 -999.0 -999.0 -999.0 102.46752870829059 3.918993628915479 102.48645515249041 3.895974510145481 42.43133898897681 241.3871929617639 -999.0 5400.0 -999.0 1 458 {-999.0 -999.0 -999.0 -999.0 -999.0} "" -999.0 -999.0 -999.0 -999.0 -999 -999 "" "" "" "" 0 0 0.0 0.0 -999 ""
FIBERMAP 189 R-5C5 METROLOGY 0 0 0 1 0 0 -147.41834843085854 -118.71432739450243 143.1 -187.72204070528332 -23.870891989334666 347.22528 12.122474 -999.0 -999.0 -999.0 -999.0 -999.0 102.47059214285319 3.9206264163448417 102.48947479341842 3.897556303751227 42.434632150458064 241.38603274664416 -999.0 6231.0 -999.0 -1 -999 {-999.0 -999.0 -999.0 -999.0 -999.0} "" -999.0 -999.0 -999.0 -999.0 -999 -999 "" "" "" "" 0 0 0.0 0.0 -999 ""
FIBERMAP 192 R+4C10 APOGEE 0 0 0 1 0 0 -48.61653724542325 90.6945724454543 143.1 6.108314688553618 102.69892318192687 109.56656 112.859886 -999.0 -999.0 -999.0 -999.0 -999.0 103.3516563734312 4.499359969924338 103.37158678974879 4.473743064161518 43.47304045558181 241.15875111073288 -999.0 16600.0 -999.0 2 -999 {-999.0 -999.0 -999.0 -999.0 -999.0} "" -999.0 -999.0 -999.0 -999.0 -999 -999 "" "" "" "" 0 0 0.0 0.0 -999 ""
FIBERMAP 192 R+4C10 BOSS 1 1 0 1 0 0 -48.049873504646165 91.21255500804081 143.1 6.862198898574591 102.84318375701297 109.56656 112.859886 103.35494555340692 4.4999300637812345 -0.08579146 -0.16177398 0.108748786 103.35494091216033 4.499927860180935 103.37503132844432 4.474447258029043 43.47605215550616 241.156279038371 5400.0 5400.0 2016.0 1 74 {-999.0 16.299654 15.685124 15.451983 -999.0} sdss_psfmag_ps1 16.10459 15.683126 15.085344 14.156 63050395118183545 1068388820 bright_3x1 mwm_ob_core_boss mwm_ob science 0 0 0.0 0.0 -999 ""
FIBERMAP 192 R+4C10 METROLOGY 0 0 0 1 0 0 -47.901511828996505 90.48149819929685 143.1 6.605590007135828 102.14292629501914 109.56656 112.859886 -999.0 -999.0 -999.0 -999.0 -999.0 103.35382164063256 4.49677546954146 103.37385953821058 4.471257368633119 43.473039335777436 241.15411636140476 -999.0 6231.0 -999.0 -1 -999 {-999.0 -999.0 -999.0 -999.0 -999.0} "" -999.0 -999.0 -999.0 -999.0 -999 -999 "" "" "" "" 0 0 0.0 0.0 -999 ""
FIBERMAP 194 R-10C1 APOGEE 0 0 0 1 0 0 -173.02153277741883 -211.72193052929936 143.1 -258.2448037074354 -89.66111170840439 328.77612 70.29594 -999.0 -999.0 -999.0 -999.0 -999.0 102.15581206252882 3.622510001240756 102.17394044696647 3.600228033556428 42.00164828841953 241.37513461547508 -999.0 16600.0 -999.0 2 291 {-999.0 -999.0 -999.0 -999.0 -999.0} "" -999.0 -999.0 -999.0 -999.0 -999 -999 "" "" "" "" 0 0 0.0 0.0 -999 ""
FIBERMAP 194 R-10C1 BOSS 1 1 0 1 0 0 -173.59167438058168 -212.20259403777033 143.1 -258.9821007590927 -89.77177093045276 328.77612 70.29594 102.15235563502512 3.6218733735427784 0.6465549 -5.206598 0.69288015 102.15235916103842 3.6218619432658192 102.17065482274631 3.5997417634861595 41.9988958272546 241.3776206550964 5400.0 5400.0 2016.0 1 420 {-999.0 15.817262 15.222282 15.016274 -999.0} sdss_psfmag_ps1 15.645139 15.244768 14.668685 13.67 63050395117721317 916938983 bright_3x1 mwm_yso_disk_boss mwm_yso science 0 0 0.0 0.0 -999 ""
FIBERMAP 194 R-10C1 METROLOGY 0 0 0 1 0 0 -173.72701223070354 -211.46813800441888 143.1 -258.71262064090865 -89.07544106172917 328.77612 70.29594 -999.0 -999.0 -999.0 -999.0 -999.0 102.15358272735203 3.625046957785088 102.17183814400556 3.6028796107213887 42.00188122342337 241.37967390188976 -999.0 6231.0 -999.0 -1 -999 {-999.0 -999.0 -999.0 -999.0 -999.0} "" -999.0 -999.0 -999.0 -999.0 -999 -999 "" "" "" "" 0 0 0.0 0.0 -999 ""
FIBERMAP 199 R+10C9 APOGEE 0 0 0 1 0 0 7.81263726565431 183.76465264967297 143.1 102.91409772676627 152.39481769602168 307.77853 118.18424 -999.0 -999.0 -999.0 -999.0 -999.0 103.79220576383575 4.725019680019211 103.81256676445372 4.698202793112017 43.94896575998275 240.97785538239347 -999.0 16600.0 -999.0 2 -999 {-999.0 -999.0 -999.0 -999.0 -999.0} "" -999.0 -999.0 -999.0 -999.0 -999 -999 "" "" "" "" 0 0 0.0 0.0 -999 ""
FIBERMAP 199 R+10C9 BOSS 1 1 0 1 0 0 7.515924477846052 183.07556187653128 143.1 102.30046259995447 151.96343961855197 307.77853 118.18424 103.78895733925413 4.7229602557403565 0.05453059 -0.9430315 0.38553542 103.78929900084835 4.722974772345784 103.80981254051079 4.696308823608472 43.94566206992165 240.9784882704813 5400.0 5400.0 2016.0 1 121 {-999.0 12.561983 12.366681 12.329444 -999.0} sdss_psfmag_from_g3xp 12.553317 12.348179 11.98526 11.469 63050395118189281 1068446356 bright_3x1 mwm_ob_core_boss mwm_ob science 0 0 1.226383090019226 0.0 -999 ""
FIBERMAP 199 R+10C9 METROLOGY 0 0 0 1 0 0 7.071762022048577 183.67652856713056 143.1 102.23703340316999 152.7078659070615 307.77853 118.18424 -999.0 -999.0 -999.0 -999.0 -999.0 103.78903214891062 4.726371944643866 103.8095095595674 4.699665485010947 43.94770513061322 240.9822110476523 -999.0 6231.0 -999.0 -1 -999 {-999.0 -999.0 -999.0 -999.0 -999.0} "" -999.0 -999.0 -999.0 -999.0 -999 -999 "" "" "" "" 0 0 0.0 0.0 -999 ""
FIBERMAP 200 R+7C19 APOGEE 0 0 0 1 0 0 180.8517129109264 142.4439727358316 143.1 228.6229402877895 26.564850383866855 132.34099 129.59312 -999.0 -999.0 -999.0 -999.0 -999.0 104.36358822304457 4.154279533289263 104.3824239210424 4.126088145703548 43.9767892690661 239.85831872476723 -999.0 16600.0 -999.0 2 -999 {-999.0 -999.0 -999.0 -999.0 -999.0} "" -999.0 -999.0 -999.0 -999.0 -999 -999 "" "" "" "" 0 0 0.0 0.0 -999 ""
FIBERMAP 200 R+7C19 BOSS 1 1 0 1 0 0 180.962481367518 143.18437868192711 143.1 229.10511232454138 27.13732951473055 132.34099 129.59312 104.36521885146816 4.156761303983637 -0.5509626 -0.21625471 0.54404974 104.36562935272431 4.156732758456717 104.38462501250734 4.128680273882569 43.980164007601 239.8588568918861 5400.0 5400.0 2016.0 1 238 {-999.0 11.395487 11.201976 11.152019 -999.0} sdss_psfmag_from_g3xp 11.373625 11.188346 10.765225 10.115 63050395117967683 1068446300 bright_3x1 mwm_ob_core_boss mwm_ob science 0 0 1.6209723949432373 0.0 -999 ""
FIBERMAP 200 R+7C19 METROLOGY 0 0 0 1 0 0 181.54406610360246 142.72201776294605 143.1 229.35817097668246 26.43894917326072 132.34099 129.59312 -999.0 -999.0 -999.0 -999.0 -999.0 104.36681010882984 4.15360821952837 104.385754136549 4.125512297765739 43.97881675915291 239.85457601046994 -999.0 6231.0 -999.0 -1 -999 {-999.0 -999.0 -999.0 -999.0 -999.0} "" -999.0 -999.0 -999.0 -999.0 -999 -999 "" "" "" "" 0 0 0.0 0.0 -999 ""
FIBERMAP 202 R-10C6 APOGEE 0 0 0 1 0 0 -59.38278209186865 -204.65630978305813 143.1 -157.77300146634758 -143.17148826856712 306.9413 117.62385 -999.0 -999.0 -999.0 -999.0 -999.0 102.60952356417997 3.380181684708367 102.62694887797517 3.356754814573233 42.170448386486704 240.72158588745882 -999.0 16600.0 -999.0 2 -999 {-999.0 -999.0 -999.0 -999.0 -999.0} "" -999.0 -999.0 -999.0 -999.0 -999 -999 "" "" "" "" 0 0 0.0 0.0 -999 ""
FIBERMAP 202 R-10C6 BOSS 1 1 0 1 0 0 -59.70290773585031 -205.33148991071528 143.1 -158.39928733962483 -143.57875622750322 306.9413 117.62385 102.60646840140585 3.378174863716653 9.760332 -10.434644 1.0948222 102.60650900759335 3.3781628698666557 102.62409605302707 3.3548972096420764 42.1670958048701 240.7223510439253 5400.0 5400.0 2016.0 1 391 {-999.0 18.826454 17.46876 17.037405 -999.0} sdss_psfmag_ps1 18.284746 17.473051 16.620577 14.893 63050395117509129 1094306007 bright_1x1 mwm_bin_vis_boss mwm_filler science 0 0 0.0 0.0 -999 ""
FIBERMAP 202 R-10C6 METROLOGY 0 0 0 1 0 0 -60.12598592144069 -204.72196074056282 143.1 -158.44027666849306 -142.83808298168066 306.9413 117.62385 -999.0 -999.0 -999.0 -999.0 -999.0 102.60635038710164 3.381557743816939 102.62389865044196 3.3582484381722195 42.16922431408867 240.72585352535407 -999.0 6231.0 -999.0 -1 -999 {-999.0 -999.0 -999.0 -999.0 -999.0} "" -999.0 -999.0 -999.0 -999.0 -999 -999 "" "" "" "" 0 0 0.0 0.0 -999 ""
FIBERMAP 204 R-3C18 APOGEE 0 0 0 1 0 0 141.58889123633796 -62.88425083141277 143.1 87.63139829380982 -127.71822145751038 28.178226 63.03872 -999.0 -999.0 -999.0 -999.0 -999.0 103.72539433909712 3.4521592431811277 103.7427043341691 3.425783769823186 43.03201669676386 239.75801780666265 -999.0 16600.0 -999.0 2 224 {-999.0 -999.0 -999.0 -999.0 -999.0} "" -999.0 -999.0 -999.0 -999.0 -999 -999 "" "" "" "" 0 0 0.0 0.0 -999 ""
FIBERMAP 204 R-3C18 BOSS 1 1 0 1 0 0 141.6808858234464 -63.61149703969639 143.1 87.32878533923187 -128.38570727013484 28.178226 63.03872 103.72359971797907 3.4489415512684696 -0.44471505 -1.2093143 -0.49364966 103.72389090876042 3.4489308013419 103.74135289441949 3.4227098859614076 43.02892671409733 239.75622334824956 5400.0 5400.0 2016.0 1 293 {-999.0 13.190095 12.917392 12.799049 -999.0} sdss_psfmag_from_g3xp 13.155888 12.907041 12.453422 11.789 63050395117926785 1068446293 bright_3x1 mwm_ob_core_boss mwm_ob science 0 0 1.0833320617675781 0.0 -999 ""
FIBERMAP 204 R-3C18 METROLOGY 0 0 0 1 0 0 140.98762228608064 -63.32473647059483 143.1 86.88864063284322 -127.77836127872234 28.178226 63.03872 -999.0 -999.0 -999.0 -999.0 -999.0 103.72192886337437 3.451725905775486 103.73935290611973 3.4254670345259965 43.029364812093974 239.76084128189626 -999.0 6231.0 -999.0 -1 -999 {-999.0 -999.0 -999.0 -999.0 -999.0} "" -999.0 -999.0 -999.0 -999.0 -999 -999 "" "" "" "" 0 0 0.0 0.0 -999 ""
FIBERMAP 208 R-7C5 APOGEE 0 0 0 1 0 0 -106.55052985906136 -139.72682938114914 143.1 -163.9274366741528 -63.17209801377717 16.824493 83.20396 -999.0 -999.0 -999.0 -999.0 -999.0 102.57926782031649 3.742535759123185 102.59757363421375 3.719109854097253 42.39407098134444 241.10900182731172 -999.0 16600.0 -999.0 2 253 {-999.0 -999.0 -999.0 -999.0 -999.0} "" -999.0 -999.0 -999.0 -999.0 -999 -999 "" "" "" "" 0 0 0.0 0.0 -999 ""
FIBERMAP 208 R-7C5 BOSS 1 1 0 1 0 0 -106.3886916482433 -140.4534093327547 143.1 -164.1702243332713 -63.87560253850365 16.824493 83.20396 102.57797910458824 3.7391562282952573 -999.0 -999.0 -999.0 102.57796871141565 3.7391691835714767 102.59643200151066 3.7158983187269268 42.391062538634 241.10683494294454 5400.0 5400.0 2016.0 1 451 {-999.0 14.991643 14.464682 14.087074 13.738772} sdss_psfmag_from_gdr3 15.112846 14.881249 13.898713 12.527 63050395118144373 1059271738 bright_flexible_2x1 bhm_spiders_agn_gaiadr3 bhm_spiders science 0 0 0.0 0.0 -999 ""
FIBERMAP 208 R-7C5 METROLOGY 0 0 0 1 0 0 -107.10656290643914 -140.2232486779629 143.1 -164.66097272155588 -63.30356475437645 16.824493 83.20396 -999.0 -999.0 -999.0 -999.0 -999.0 102.57578932597451 3.7418095159001252 102.59421272942103 3.7185010596051864 42.3911856110181 241.1114590756241 -999.0 6231.0 -999.0 -1 -999 {-999.0 -999.0 -999.0 -999.0 -999.0} "" -999.0 -999.0 -999.0 -999.0 -999 -999 "" "" "" "" 0 0 0.0 0.0 -999 ""
FIBERMAP 214 R-11C5 APOGEE 1 1 0 1 0 0 -95.16451330146964 -208.31632039549743 143.1 -190.1606406053456 -127.54473407726928 193.87625 81.48844 102.46277106645745 3.451002702683016 -0.59697914 -7.204058 1.6214237 102.4627565057474 3.4509768996309513 102.48039066120555 3.4279217308233116 42.111064930951066 240.925858197369 16000.0 16600.0 2016.0 2 153 {-999.0 9.460193 9.525276 9.615713 -999.0} sdss_psfmag_from_g3xp 9.549314 9.462168 9.290113 8.967 63050395117716823 974927855 "" ops_std_apogee ops_std standard_apogee 0 0 0.0 0.0 -999 ""
FIBERMAP 214 R-11C5 BOSS 0 0 0 1 0 0 -95.25777901186413 -207.58439383911136 143.1 -189.85665839400414 -126.8725967998718 193.87625 81.48844 -999.0 -999.0 -999.0 -999.0 -999.0 102.46390364799984 3.453837050396233 102.48171085177546 3.430930954694618 42.11407155479279 240.92764263567702 -999.0 5400.0 -999.0 1 392 {-999.0 -999.0 -999.0 -999.0 -999.0} "" -999.0 -999.0 -999.0 -999.0 -999 -999 "" "" "" "" 0 0 0.0 0.0 -999 ""
FIBERMAP 214 R-11C5 METROLOGY 0 0 0 1 0 0 -94.57222487025203 -207.85680641916738 143.1 -189.41556284500228 -127.46368616506014 193.87625 81.48844 -999.0 -999.0 -999.0 -999.0 -999.0 102.4659678501737 3.451211708573841 102.48372101288709 3.4282574655633744 42.113739654345785 240.92315874339204 -999.0 6231.0 -999.0 -1 -999 {-999.0 -999.0 -999.0 -999.0 -999.0} "" -999.0 -999.0 -999.0 -999.0 -999 -999 "" "" "" "" 0 0 0.0 0.0 -999 ""
FIBERMAP 215 R-10C15 APOGEE 1 1 0 1 0 0 123.50247259121737 -207.84037434959652 143.1 -3.7024693885173976 -241.68340811231738 262.13815 82.09834 103.3107500627463 2.9369839316547877 -1.587655 -0.020825705 0.91253006 103.31073510554926 2.9369760190931906 103.32691481747531 2.911800564229718 42.377294893739425 239.63729753041264 16000.0 16600.0 2016.0 2 237 {-999.0 14.430007 14.159819 13.755736 -999.0} sdss_psfmag_from_g3xp 14.39061 14.260283 13.366426 12.33 63050395117425392 1113647402 bright_flexible_4x1 manual_mwm_planet_tess_pc_apogee mwm_planet science 0 0 0.0 0.0 -999 ""
FIBERMAP 215 R-10C15 BOSS 0 0 0 1 0 0 122.78026550380146 -207.67103486736704 143.1 -4.228769867497452 -241.16089219765766 262.13815 82.09834 -999.0 -999.0 -999.0 -999.0 -999.0 103.30817904648953 2.9391247357343366 103.32452724146384 2.9141091872305385 42.37714894955819 239.64178602530308 -999.0 5400.0 -999.0 1 266 {-999.0 -999.0 -999.0 -999.0 -999.0} "" -999.0 -999.0 -999.0 -999.0 -999 -999 "" "" "" "" 0 0 0.0 0.0 -999 ""
FIBERMAP 215 R-10C15 METROLOGY 0 0 0 1 0 0 123.28991108117087 -207.1268580509798 143.1 -3.509718959499691 -240.96445781611817 262.13815 82.09834 -999.0 -999.0 -999.0 -999.0 -999.0 103.31148439572786 2.940061472092826 103.32778787501246 2.9149934756036404 42.38012242096495 239.63962656933018 -999.0 6231.0 -999.0 -1 -999 {-999.0 -999.0 -999.0 -999.0 -999.0} "" -999.0 -999.0 -999.0 -999.0 -999 -999 "" "" "" "" 0 0 0.0 0.0 -999 ""
FIBERMAP 222 R-12C12 APOGEE 0 0 0 1 0 0 100.66152282985647 -213.9308634858922 143.1 -26.34336303339899 -234.90510963690613 133.99449 21.492178 -999.0 -999.0 -999.0 -999.0 -999.0 103.20793441198282 2.967109000768993 103.2242126730672 2.9421971208604445 42.32360449868296 239.7624987675352 -999.0 16600.0 -999.0 2 -999 {-999.0 -999.0 -999.0 -999.0 -999.0} "" -999.0 -999.0 -999.0 -999.0 -999 -999 "" "" "" "" 0 0 0.0 0.0 -999 ""
FIBERMAP 222 R-12C12 BOSS 1 1 0 1 0 0 101.35478757842111 -214.23910347964372 143.1 -25.91446882775699 -235.53074736008594 133.99449 21.492178 103.20972833330201 2.9641264900502686 -0.94002426 0.161983 0.18274988 103.20972462801994 2.964125598587872 103.22615846435923 2.939363415341697 42.3230735587177 239.75790731692246 5400.0 5400.0 2016.0 1 343 {-999.0 15.31839 14.743503 14.545333 -999.0} sdss_psfmag_ps1 15.175631 14.753123 14.114763 13.096 63050395117485665 1093344065 bright_3x1 mwm_astar_core_boss mwm_ob science 0 0 0.0 0.0 -999 ""
FIBERMAP 222 R-12C12 METROLOGY 0 0 0 1 0 0 100.74062228340003 -214.6727565084776 143.1 -26.664629431982195 -235.57831330732355 133.99449 21.492178 -999.0 -999.0 -999.0 -999.0 -999.0 103.20636938732939 2.9639585831018813 103.22275745131532 2.9391616948804806 42.32046446211556 239.76086113889437 -999.0 6231.0 -999.0 -1 -999 {-999.0 -999.0 -999.0 -999.0 -999.0} "" -999.0 -999.0 -999.0 -999.0 -999 -999 "" "" "" "" 0 0 0.0 0.0 -999 ""
FIBERMAP 228 R+13C11 APOGEE 0 0 0 1 0 0 84.23865916413322 262.2928041517678 143.1 209.13099424843494 179.23241817323944 49.88738 126.294106 -999.0 -999.0 -999.0 -999.0 -999.0 104.27180934073539 4.84404356334978 104.29233331819137 4.815950384683542 44.38079999381925 240.64803055263627 -999.0 16600.0 -999.0 2 53 {-999.0 -999.0 -999.0 -999.0 -999.0} "" -999.0 -999.0 -999.0 -999.0 -999 -999 "" "" "" "" 0 0 0.0 0.0 -999 ""
FIBERMAP 228 R+13C11 BOSS 1 1 0 1 0 0 84.98120110754819 262.27604352441375 143.1 209.7545362856201 178.82918089089995 49.88738 126.294106 104.2741889427981 4.8420493954775585 0.24028966 -1.1340739 0.027195593 104.2744727757227 4.842070746324352 104.29514520450789 4.81411230758039 44.38161555628115 240.64348279873872 5400.0 5400.0 2016.0 1 163 {-999.0 13.022665 13.1321945 12.963706 -999.0} sdss_psfmag_from_g3xp 12.997601 13.197518 12.548058 12.106 63050395118091093 1093208362 bright_3x1 mwm_astar_core_boss mwm_ob science 0 0 1.052262783050537 0.0 -999 ""
FIBERMAP 228 R+13C11 METROLOGY 0 0 0 1 0 0 84.59825855226008 261.6370364231975 143.1 209.09370627165896 178.48562184719557 49.88738 126.294106 -999.0 -999.0 -999.0 -999.0 -999.0 104.2715613729458 4.840589113123702 104.2921873698578 4.812598534362302 44.378422123584706 240.64471904098025 -999.0 6231.0 -999.0 -1 -999 {-999.0 -999.0 -999.0 -999.0 -999.0} "" -999.0 -999.0 -999.0 -999.0 -999 -999 "" "" "" "" 0 0 0.0 0.0 -999 ""
FIBERMAP 233 R+4C4 APOGEE 0 0 0 1 0 0 -182.68450910230368 69.72240298234503 143.1 -119.04491459756308 155.0683940996908 192.5191 159.75833 -999.0 -999.0 -999.0 -999.0 -999.0 102.7809359206369 4.734145614807691 102.80158549336312 4.709978842298044 43.210119852045565 241.92370241202525 -999.0 16600.0 -999.0 2 -999 {-999.0 -999.0 -999.0 -999.0 -999.0} "" -999.0 -999.0 -999.0 -999.0 -999 -999 "" "" "" "" 0 0 0.0 0.0 -999 ""
FIBERMAP 233 R+4C4 BOSS 1 1 0 1 0 0 -183.41272963565862 69.80580930928673 143.1 -119.6213501338209 155.52088247639733 192.5191 159.75833 102.778128776978 4.736029421755238 5.5088067 13.253836 5.7566195 102.77812601867959 4.736065692618025 102.7989432577408 4.712050940380833 43.209542936532365 241.92823114052143 5400.0 5400.0 2016.0 1 36 {-999.0 16.566942 15.003303 14.519581 -999.0} sdss_psfmag_ps1 15.923037 14.91567 13.919442 12.044 63050395118199266 1094829778 bright_1x1 mwm_bin_vis_boss mwm_filler science 0 0 0.0 0.0 -999 ""
FIBERMAP 233 R+4C4 METROLOGY 0 0 0 1 0 0 -182.97990306022874 70.40753391153534 143.1 -118.93757033240585 155.8065624337854 192.5191 159.75833 -999.0 -999.0 -999.0 -999.0 -999.0 102.7812845161027 4.737411672260408 102.80205818007391 4.713347224185184 43.21271953598336 241.92671143406682 -999.0 6231.0 -999.0 -1 -999 {-999.0 -999.0 -999.0 -999.0 -999.0} "" -999.0 -999.0 -999.0 -999.0 -999 -999 "" "" "" "" 0 0 0.0 0.0 -999 ""
FIBERMAP 238 R-5C3 APOGEE 1 1 0 1 0 0 -204.35927003167865 -108.61701476420019 143.1 -230.92160098604643 14.554882997685294 254.30923 76.590416 102.27543206713331 4.094379977132027 0.28666848 2.1831095 0.37302646 102.27543869280608 4.094349538543199 102.29467406727059 4.071649518761256 42.4074590826313 241.73754416536596 16000.0 16600.0 2016.0 2 290 {-999.0 14.623412 13.513834 13.054565 -999.0} sdss_psfmag_gaia 14.236133 13.517243 12.686758 10.83 63050395118161167 1108746909 bright_flexible_2x1 mwm_tess_rgb_apogee mwm_tessrgb science 0 0 0.0 0.0 -999 ""
FIBERMAP 238 R-5C3 BOSS 0 0 0 1 0 0 -205.00771169202037 -108.26946574293463 143.1 -231.29173429487255 15.19051525433911 254.30923 76.590416 -999.0 -999.0 -999.0 -999.0 -999.0 102.27356697012284 4.097074342275932 102.29297572092128 4.074528301702226 42.40812944464432 241.7419759693091 -999.0 5400.0 -999.0 1 444 {-999.0 -999.0 -999.0 -999.0 -999.0} "" -999.0 -999.0 -999.0 -999.0 -999 -999 "" "" "" "" 0 0 0.0 0.0 -999 ""
FIBERMAP 238 R-5C3 METROLOGY 0 0 0 1 0 0 -204.3806658620676 -107.86904805941798 143.1 -230.54801471228208 15.203031999816762 254.30923 76.590416 -999.0 -999.0 -999.0 -999.0 -999.0 102.27696171683891 4.097188821473226 102.29632270094265 4.074591387575419 42.410650670111956 241.73901079719965 -999.0 6231.0 -999.0 -1 -999 {-999.0 -999.0 -999.0 -999.0 -999.0} "" -999.0 -999.0 -999.0 -999.0 -999 -999 "" "" "" "" 0 0 0.0 0.0 -999 ""
FIBERMAP 240 R-13C13 APOGEE 0 0 0 1 0 0 115.25015940525483 -245.7481203874981 143.1 -30.58699244008708 -269.64147095848165 113.49845 141.89676 -999.0 -999.0 -999.0 -999.0 -999.0 103.18934547161001 2.8120527643277415 103.20525684769052 2.7872240738106684 42.20341399650631 239.6278528271061 -999.0 16600.0 -999.0 2 176 {-999.0 -999.0 -999.0 -999.0 -999.0} "" -999.0 -999.0 -999.0 -999.0 -999 -999 "" "" "" "" 0 0 0.0 0.0 -999 ""
FIBERMAP 240 R-13C13 BOSS 1 1 0 1 0 0 115.445588906635 -245.02791611954424 143.1 -30.043308347096325 -269.13054270015317 113.49845 141.89676 103.1916258099669 2.8141729096863277 -0.38701972 0.2813125 0.14187491 103.19163295587065 2.8141700500075726 103.2077124119561 2.7894894977864535 42.20675256579716 239.6277983709581 5400.0 5400.0 2016.0 1 345 {-999.0 13.844072 13.583574 13.513503 -999.0} sdss_psfmag_gaia 13.823627 13.587969 13.186516 12.636 63050395117422913 1093448012 bright_3x1 mwm_astar_core_boss mwm_ob science 0 0 0.0 0.0 -999 ""
FIBERMAP 240 R-13C13 METROLOGY 0 0 0 1 0 0 115.96808241763145 -245.555264023602 143.1 -29.874611661355647 -269.8533099354449 113.49845 141.89676 -999.0 -999.0 -999.0 -999.0 -999.0 103.19245728154485 2.811002834469252 103.20848257929993 2.7862770094598184 42.205103181053005 239.62393456563584 -999.0 6231.0 -999.0 -1 -999 {-999.0 -999.0 -999.0 -999.0 -999.0} "" -999.0 -999.0 -999.0 -999.0 -999 -999 "" "" "" "" 0 0 0.0 0.0 -999 ""
FIBERMAP 245 R-9C16 APOGEE 1 1 0 1 0 0 136.55224841700226 -170.3881972509274 143.1 27.028758532815914 -216.62633828573178 123.91576 143.08241 103.45001220703125 3.049707739921544 -999.0 -999.0 -999.0 103.45000716273938 3.0497065898415943 103.46642158162638 3.0241405629938494 42.55570589017729 239.6181383803887 16000.0 16600.0 2015.5 2 193 {-999.0 -999.0 -999.0 -999.0 -999.0} "" -999.0 -999.0 -999.0 -999.0 27021603131834018 832723338 "" ops_sky_apogee_best ops_sky sky_apogee 0 0 0.0 0.0 -999 ""
FIBERMAP 245 R-9C16 BOSS 0 0 0 1 0 0 136.59196419945917 -169.64731688838967 143.1 27.45067320766211 -216.0162357520753 123.91576 143.08241 -999.0 -999.0 -999.0 -999.0 -999.0 103.45176432781984 3.0522580604620253 103.46834606122417 3.0268395744014573 42.55895681831096 239.61900705923696 -999.0 5400.0 -999.0 1 308 {-999.0 -999.0 -999.0 -999.0 -999.0} "" -999.0 -999.0 -999.0 -999.0 -999 -999 "" "" "" "" 0 0 0.0 0.0 -999 ""
FIBERMAP 245 R-9C16 METROLOGY 0 0 0 1 0 0 137.21576349244881 -170.05006098556126 143.1 27.770909225094872 -216.6859617578609 123.91576 143.08241 -999.0 -999.0 -999.0 -999.0 -999.0 103.45326600635514 3.049308573235804 103.46979447382506 3.023843523049761 42.557948419665706 239.61470287149209 -999.0 6231.0 -999.0 -1 -999 {-999.0 -999.0 -999.0 -999.0 -999.0} "" -999.0 -999.0 -999.0 -999.0 -999 -999 "" "" "" "" 0 0 0.0 0.0 -999 ""
FIBERMAP 251 R-9C13 APOGEE 0 0 0 1 0 0 78.4136059073864 -161.36984530254986 143.1 -17.755927562807436 -178.49196679772913 92.714195 114.63259 -999.0 -999.0 -999.0 -999.0 -999.0 103.24606642173147 3.2208261413619623 103.26294365606799 3.195758369027884 42.52552431657735 239.97677230784183 -999.0 16600.0 -999.0 2 172 {-999.0 -999.0 -999.0 -999.0 -999.0} "" -999.0 -999.0 -999.0 -999.0 -999 -999 "" "" "" "" 0 0 0.0 0.0 -999 ""
FIBERMAP 251 R-9C13 BOSS 1 1 0 1 0 0 79.06981607098467 -161.0325386621824 143.1 -17.020432049059455 -178.5484702282325 92.714195 114.63259 103.24927316132663 3.2203600716783924 0.17559743 0.19903809 -0.051885825 103.24924590391142 3.220370505706706 103.26628368350458 3.195446710626582 42.527742720144424 239.97336729512534 5400.0 5400.0 2016.0 1 397 {-999.0 15.73786 15.314587 15.069185 -999.0} sdss_psfmag_ps1 15.634931 15.268639 14.691192 13.669 63050395117920420 1093344471 bright_3x1 mwm_astar_core_boss mwm_ob science 0 0 0.0 0.0 -999 ""
FIBERMAP 251 R-9C13 METROLOGY 0 0 0 1 0 0 79.03504304901766 -161.78124342811384 143.1 -17.44223629326286 -179.16782489762775 92.714195 114.63259 -999.0 -999.0 -999.0 -999.0 -999.0 103.24738258367292 3.217625264445477 103.2643682240003 3.192663837559733 42.524443771306224 239.97238983719794 -999.0 6231.0 -999.0 -1 -999 {-999.0 -999.0 -999.0 -999.0 -999.0} "" -999.0 -999.0 -999.0 -999.0 -999 -999 "" "" "" "" 0 0 0.0 0.0 -999 ""
FIBERMAP 256 R-3C17 APOGEE 0 0 0 1 0 0 117.23945761792456 -66.8459003830658 143.1 64.82108121113549 -118.33689391895399 11.121995 70.749596 -999.0 -999.0 -999.0 -999.0 -999.0 103.62158633442723 3.49427610182086 103.63902405095888 3.4681635983417802 42.98568793417708 239.89721299976972 -999.0 16600.0 -999.0 2 -999 {-999.0 -999.0 -999.0 -999.0 -999.0} "" -999.0 -999.0 -999.0 -999.0 -999 -999 "" "" "" "" 0 0 0.0 0.0 -999 ""
FIBERMAP 256 R-3C17 BOSS 1 1 0 1 0 0 117.15545788296555 -67.58999270720585 143.1 64.35977341531864 -118.92653445138457 11.121995 70.749596 103.61931774810469 3.4913702860292064 -0.2716298 -0.071452536 0.090571985 103.61935485634248 3.4913935721909346 103.63694607991698 3.465437458270082 42.9823096197793 239.89643850945612 5400.0 5400.0 2016.0 1 302 {-999.0 16.733852 15.874079 15.669895 -999.0} sdss_psfmag_ps1 16.486671 15.928098 15.208241 13.921 63050395117926764 1093344484 bright_3x1 mwm_astar_core_boss mwm_ob science 0 0 0.0 0.0 -999 ""
FIBERMAP 256 R-3C17 METROLOGY 0 0 0 1 0 0 116.55923415416264 -67.15242610769513 143.1 64.08126076093613 -118.24159973136142 11.121995 70.749596 -999.0 -999.0 -999.0 -999.0 -999.0 103.61812485621452 3.494548001548725 103.63567867197838 3.4685519376241087 42.98352012917306 239.9007253875687 -999.0 6231.0 -999.0 -1 -999 {-999.0 -999.0 -999.0 -999.0 -999.0} "" -999.0 -999.0 -999.0 -999.0 -999 -999 "" "" "" "" 0 0 0.0 0.0 -999 ""
FIBERMAP 260 R+3C9 APOGEE 1 1 0 1 0 0 -71.3895172063417 46.83315837933397 143.1 -36.26018065974681 77.27727035828944 306.64682 114.57939 103.15846290385014 4.383234471815514 0.69131905 -2.7915514 1.8450016 103.15845874936637 4.383227075711423 103.17815904679526 4.358141255638871 43.252640886590825 241.21996044172164 16000.0 16600.0 2016.0 2 121 {-999.0 15.599942 14.634902 14.250794 -999.0} sdss_psfmag_from_g3xp 15.299905 14.659174 13.882774 12.371 63050395118181874 917005541 bright_3x1 mwm_yso_variable_apogee mwm_yso science 0 0 0.0 0.0 -999 ""
FIBERMAP 260 R+3C9 BOSS 0 0 0 1 0 0 -71.73415547170784 46.19046957966074 143.1 -36.89032071080681 76.91051123996661 306.64682 114.57939 -999.0 -999.0 -999.0 -999.0 -999.0 103.15540585368028 4.381442048600688 103.17526343884066 4.356510720024753 43.24940855048282 241.22097567853734 -999.0 5400.0 -999.0 1 32 {-999.0 -999.0 -999.0 -999.0 -999.0} "" -999.0 -999.0 -999.0 -999.0 -999 -999 "" "" "" "" 0 0 0.0 0.0 -999 ""
FIBERMAP 260 R+3C9 METROLOGY 0 0 0 1 0 0 -72.14169170856329 46.810604315836265 143.1 -36.91251958460432 77.65207448654202 306.64682 114.57939 -999.0 -999.0 -999.0 -999.0 -999.0 103.15534645003187 4.384848933686989 103.1751667131831 4.3598756322175864 43.251603599531556 241.2244796834707 -999.0 6231.0 -999.0 -1 -999 {-999.0 -999.0 -999.0 -999.0 -999.0} "" -999.0 -999.0 -999.0 -999.0 -999 -999 "" "" "" "" 0 0 0.0 0.0 -999 ""
FIBERMAP 261 R+4C15 APOGEE 0 0 0 1 0 0 77.05261925378477 83.69488260524277 143.1 109.45696442383777 30.909171410673732 20.457651 127.80836 -999.0 -999.0 -999.0 -999.0 -999.0 103.82400990021014 4.1736365775037365 103.84303086011693 4.146850310312579 43.59766976370764 240.38784611643553 -999.0 16600.0 -999.0 2 65 {-999.0 -999.0 -999.0 -999.0 -999.0} "" -999.0 -999.0 -999.0 -999.0 -999 -999 "" "" "" "" 0 0 0.0 0.0 -999 ""
FIBERMAP 261 R+4C15 BOSS 1 1 0 1 0 0 77.69503806639338 83.32876379900884 143.1 109.81224151412353 30.260880738662227 20.457651 127.80836 103.82555044729627 4.170533407380779 -6.299397 12.203985 2.7011347 103.82552808508352 4.170556913065567 103.84469871277355 4.143913109449484 43.596890917197086 240.38331083718924 5400.0 5400.0 2016.0 1 212 {-999.0 16.156553 15.148349 14.774299 -999.0} sdss_psfmag_ps1 15.7465 15.072602 14.283794 12.713 63050395117974909 1096134815 bright_1x1 mwm_bin_vis_boss mwm_filler science 0 0 0.0 0.0 -999 ""
FIBERMAP 261 R+4C15 METROLOGY 0 0 0 1 0 0 77.05992242025003 82.94302406346115 143.1 109.06933869505002 30.265090398887335 20.457651 127.80836 -999.0 -999.0 -999.0 -999.0 -999.0 103.82218058588371 4.1706102190978225 103.84130758970372 4.143933849515795 43.59442600384619 240.38650887427033 -999.0 6231.0 -999.0 -1 -999 {-999.0 -999.0 -999.0 -999.0 -999.0} "" -999.0 -999.0 -999.0 -999.0 -999 -999 "" "" "" "" 0 0 0.0 0.0 -999 ""
FIBERMAP 264 R+10C3 APOGEE 1 1 0 1 0 0 -148.51084264919953 176.47564944426128 143.1 -34.023482510777484 228.074442320847 311.50552 11.879497 103.16754234589452 5.064940008427503 -0.5983361 2.8110347 0.38046622 103.16758633325259 5.065124559055742 103.18893612948301 5.0398741938847875 43.717705517200415 241.90715337889156 16000.0 16600.0 2016.0 2 136 {-999.0 14.881563 13.635051 13.089267 -999.0} sdss_psfmag_gaia 14.417825 13.601536 12.712103 10.763 63050395118206616 1109028945 bright_flexible_2x1 mwm_tess_rgb_apogee mwm_tessrgb science 0 0 0.0 0.0 -999 ""
FIBERMAP 264 R+10C3 BOSS 0 0 0 1 0 0 -149.11492649097178 176.90820596386072 143.1 -34.31131297369868 228.75922798914405 311.50552 11.879497 -999.0 -999.0 -999.0 -999.0 -999.0 103.16610961143287 5.068079212880356 103.18762651443518 5.042974536302639 43.71880313930105 241.91155256177476 -999.0 5400.0 -999.0 1 16 {-999.0 -999.0 -999.0 -999.0 -999.0} "" -999.0 -999.0 -999.0 -999.0 -999 -999 "" "" "" "" 0 0 0.0 0.0 -999 ""
FIBERMAP 264 R+10C3 METROLOGY 0 0 0 1 0 0 -148.43738185226593 177.2217789811144 143.1 -33.570082141688545 228.67133826438055 311.50552 11.879497 -999.0 -999.0 -999.0 -999.0 -999.0 103.16952802396924 5.067733592367703 103.19099795454218 5.04257965555738 43.721040644648674 241.9080444500123 -999.0 6231.0 -999.0 -1 -999 {-999.0 -999.0 -999.0 -999.0 -999.0} "" -999.0 -999.0 -999.0 -999.0 -999 -999 "" "" "" "" 0 0 0.0 0.0 -999 ""
FIBERMAP 285 R-8C18 APOGEE 0 0 0 1 0 0 171.82702094270607 -145.94050500734383 143.1 69.87386761990177 -214.28549903698635 117.50368 127.585594 -999.0 -999.0 -999.0 -999.0 -999.0 103.64445537727869 3.061109281635972 103.66084764239713 3.035030590868271 42.70411194144043 239.44734660388747 -999.0 16600.0 -999.0 2 -999 {-999.0 -999.0 -999.0 -999.0 -999.0} "" -999.0 -999.0 -999.0 -999.0 -999 -999 "" "" "" "" 0 0 0.0 0.0 -999 ""
FIBERMAP 285 R-8C18 BOSS 1 1 0 1 0 0 172.12621191303168 -145.2721269745378 143.1 70.47876315571004 -213.87305731865538 117.50368 127.585594 103.64706415228966 3.062841730040093 -4.6474705 -17.57761 1.9688575 103.6470527853093 3.062786648075967 103.66360893932085 3.0368530017514184 42.70736638158956 239.44656111734975 5400.0 5400.0 2016.0 1 319 {-999.0 18.796427 17.54035 16.475603 -999.0} sdss_psfmag_ps1 18.25047 17.159258 16.122526 14.104 63050395117863900 1096725163 bright_1x1 mwm_bin_vis_boss mwm_filler science 0 0 0.0 0.0 -999 ""
FIBERMAP 285 R-8C18 METROLOGY 0 0 0 1 0 0 172.56967474469252 -145.86889976377296 143.1 70.54379346255551 -214.6135457502251 117.50368 127.585594 -999.0 -999.0 -999.0 -999.0 -999.0 103.64738645174292 3.0595153491534095 103.66388919052889 3.0335384164361763 42.70528686616012 239.44302806068004 -999.0 6231.0 -999.0 -1 -999 {-999.0 -999.0 -999.0 -999.0 -999.0} "" -999.0 -999.0 -999.0 -999.0 -999 -999 "" "" "" "" 0 0 0.0 0.0 -999 ""
FIBERMAP 288 R-1C7 APOGEE 0 0 0 1 0 0 -143.20854361220754 2.153316871719216 143.1 -120.82322197441043 76.85038539534085 155.55505 23.443472 -999.0 -999.0 -999.0 -999.0 -999.0 102.77298183037378 4.379663235529497 102.79277507770598 4.355591366803411 42.96641746645498 241.57118580425896 -999.0 16600.0 -999.0 2 247 {-999.0 -999.0 -999.0 -999.0 -999.0} "" -999.0 -999.0 -999.0 -999.0 -999 -999 "" "" "" "" 0 0 0.0 0.0 -999 ""
FIBERMAP 288 R-1C7 BOSS 1 1 0 1 0 0 -142.46523882478567 2.1823222196608647 143.1 -120.17505681042203 76.48572115474283 155.55505 23.443472 102.77572631835936 4.377911144818583 -999.0 -999.0 -999.0 102.77572109494831 4.3779048476658655 102.79567228948025 4.353973099982139 42.96747425783968 241.56689735527078 5400.0 5400.0 2015.5 1 483 {-999.0 -999.0 -999.0 -999.0 -999.0} "" -999.0 -999.0 -999.0 -999.0 27021603131850983 810615775 "" ops_sky_boss_good ops_sky sky_boss 0 0 0.0 0.0 -999 ""
FIBERMAP 288 R-1C7 METROLOGY 0 0 0 1 0 0 -142.8156877403966 1.5193908292850153 143.1 -120.82074864346747 76.10476796543546 155.55505 23.443472 -999.0 -999.0 -999.0 -999.0 -999.0 102.77284176176028 4.376195250745223 102.79274342469876 4.352229803299004 42.96413900869238 241.56780796898408 -999.0 6231.0 -999.0 -1 -999 {-999.0 -999.0 -999.0 -999.0 -999.0} "" -999.0 -999.0 -999.0 -999.0 -999 -999 "" "" "" "" 0 0 0.0 0.0 -999 ""
FIBERMAP 289 R-11C12 APOGEE 1 1 0 1 0 0 98.16750750233548 -210.09327228879638 143.1 -26.456936665413036 -230.3307204586212 60.538532 53.39838 103.2073586723704 2.987619590737124 -0.3108474 -0.97936773 0.45039505 103.20734004875993 2.9875960512396547 103.22366758877104 2.9626812177773725 42.33726237584879 239.78316233136883 16000.0 16600.0 2016.0 2 175 {-999.0 15.1965 13.816997 13.143254 -999.0} sdss_psfmag_from_g3xp 14.637655 13.693609 12.717119 10.527 63050395117485755 1105851277 bright_flexible_2x1 mwm_tess_rgb_apogee mwm_tessrgb science 0 0 0.0 0.0 -999 ""
FIBERMAP 289 R-11C12 BOSS 0 0 0 1 0 0 98.46642751649287 -210.76538211216356 143.1 -26.55445744451247 -231.05964754059684 60.538532 53.39838 -999.0 -999.0 -999.0 -999.0 -999.0 103.20674348521395 2.9841416510202357 103.2232260588732 2.9593827882434893 42.33467878710191 239.78032495638098 -999.0 5400.0 -999.0 1 394 {-999.0 -999.0 -999.0 -999.0 -999.0} "" -999.0 -999.0 -999.0 -999.0 -999 -999 "" "" "" "" 0 0 0.0 0.0 -999 ""
FIBERMAP 289 R-11C12 METROLOGY 0 0 0 1 0 0 97.73093912765752 -210.69612883102675 143.1 -27.144495789346287 -230.61540427432618 60.538532 53.39838 -999.0 -999.0 -999.0 -999.0 -999.0 103.20410544694332 2.9861789705350463 103.22054735121003 2.9613830508460355 42.33410456816508 239.78477628310412 -999.0 6231.0 -999.0 -1 -999 {-999.0 -999.0 -999.0 -999.0 -999.0} "" -999.0 -999.0 -999.0 -999.0 -999 -999 "" "" "" "" 0 0 0.0 0.0 -999 ""
FIBERMAP 293 R-11C16 APOGEE 1 1 0 1 0 0 184.1391610450072 -202.8372437742842 143.1 50.554312272917514 -269.18614208335504 79.19737 61.46947 103.55667375878639 2.8152467998553594 -2.1694658 -2.2456234 0.5162087 103.55666891521706 2.8152472772752586 103.57249441450773 2.7894528308359283 42.47090831832918 239.28830607739414 16000.0 16600.0 2016.0 2 218 {-999.0 16.853281 15.759193 15.215471 -999.0} sdss_psfmag_ps1 16.40313 15.630305 14.767804 12.919 63050395117420220 916992118 bright_3x1 mwm_yso_variable_apogee mwm_yso science 0 0 0.0 0.0 -999 ""
FIBERMAP 293 R-11C16 BOSS 0 0 0 1 0 0 184.71451889855066 -203.29580767165874 143.1 50.80405732588544 -269.8780272014602 79.19737 61.46947 -999.0 -999.0 -999.0 -999.0 -999.0 103.5576344235073 2.8120229933126737 103.57361348087443 2.786380537714937 42.469597374389465 239.28424582557648 -999.0 5400.0 -999.0 1 259 {-999.0 -999.0 -999.0 -999.0 -999.0} "" -999.0 -999.0 -999.0 -999.0 -999 -999 "" "" "" "" 0 0 0.0 0.0 -999 ""
FIBERMAP 293 R-11C16 METROLOGY 0 0 0 1 0 0 184.0189302609647 -203.5707504224386 143.1 50.06769651008601 -269.7477893872308 79.19737 61.46947 -999.0 -999.0 -999.0 -999.0 -999.0 103.55434901363985 2.8126297250454027 103.5702845947884 2.7869521713803507 42.46758526542939 239.2879170075681 -999.0 6231.0 -999.0 -1 -999 {-999.0 -999.0 -999.0 -999.0 -999.0} "" -999.0 -999.0 -999.0 -999.0 -999 -999 "" "" "" "" 0 0 0.0 0.0 -999 ""
FIBERMAP 296 R+3C13 APOGEE 1 1 0 1 0 0 3.375725676325769 69.4485452165195 143.1 39.253764032821884 57.37155591707888 128.34312 113.00396 103.50357759031947 4.293581739164713 -1.4305068 -7.1024776 0.9672515 103.50354115405284 4.293552193384568 103.52293456930914 4.2675799479902885 43.44509588614544 240.80887977249301 16000.0 16600.0 2016.0 2 5 {-999.0 13.702869 13.276279 13.108849 -999.0} sdss_psfmag_from_g3xp 13.61567 13.289313 12.765845 11.838 63050395117977840 1113647406 bright_flexible_4x1 manual_mwm_planet_tess_pc_apogee mwm_planet science 0 0 0.0 0.0 -999 ""
FIBERMAP 296 R+3C13 BOSS 0 0 0 1 0 0 3.7298709246435466 70.08518328178528 143.1 39.88883033862163 57.728182422457294 128.34312 113.00396 -999.0 -999.0 -999.0 -999.0 -999.0 103.5062990877412 4.295065706252511 103.52585445616347 4.269231724979291 43.44835732495932 240.80783996755258 -999.0 5400.0 -999.0 1 106 {-999.0 -999.0 -999.0 -999.0 -999.0} "" -999.0 -999.0 -999.0 -999.0 -999 -999 "" "" "" "" 0 0 0.0 0.0 -999 ""
FIBERMAP 296 R+3C13 METROLOGY 0 0 0 1 0 0 4.147376744586771 69.47677344986597 143.1 39.925660784577026 56.991381327643495 128.34312 113.00396 -999.0 -999.0 -999.0 -999.0 -999.0 103.50651699165992 4.291747872381424 103.52601923181629 4.265872704267371 43.44620468241694 240.80428101658012 -999.0 6231.0 -999.0 -1 -999 {-999.0 -999.0 -999.0 -999.0 -999.0} "" -999.0 -999.0 -999.0 -999.0 -999 -999 "" "" "" "" 0 0 0.0 0.0 -999 ""
FIBERMAP 298 R-12C13 APOGEE 0 0 0 1 0 0 122.27847542336816 -230.26085718423622 143.1 -16.48926602878089 -260.1347119139056 354.40945 135.79805 -999.0 -999.0 -999.0 -999.0 -999.0 103.25302046329864 2.8544706949203897 103.26901719262821 2.8294651637724755 42.27870282687428 239.6101622780378 -999.0 16600.0 -999.0 2 -999 {-999.0 -999.0 -999.0 -999.0 -999.0} "" -999.0 -999.0 -999.0 -999.0 -999 -999 "" "" "" "" 0 0 0.0 0.0 -999 ""
FIBERMAP 298 R-12C13 BOSS 1 1 0 1 0 0 122.76133895922797 -230.81873018796807 143.1 -16.370306702842203 -260.86271390899833 354.40945 135.79805 103.25307566027517 2.8510646496226086 0.33627608 -1.4857191 0.28587195 103.2534069652555 2.85106044603524 103.269558590889 2.8262089319829915 42.27685697732876 239.60646380220965 5400.0 5400.0 2016.0 1 344 {-999.0 12.935933 12.686031 12.609896 -999.0} sdss_psfmag_from_g3xp 12.915672 12.668787 12.255241 11.635 63050395117424666 1068446142 bright_3x1 mwm_ob_core_boss mwm_ob science 0 0 1.1452707052230835 0.0 -999 ""
FIBERMAP 298 R-12C13 METROLOGY 0 0 0 1 0 0 122.03453622802144 -230.96594983735736 143.1 -17.066343321267766 -260.60736091603945 354.40945 135.79805 -999.0 -999.0 -999.0 -999.0 -999.0 103.25029627740669 2.8522407515236 103.26640529742241 2.8273534336824087 42.27535658702533 239.61051333407997 -999.0 6231.0 -999.0 -1 -999 {-999.0 -999.0 -999.0 -999.0 -999.0} "" -999.0 -999.0 -999.0 -999.0 -999 -999 "" "" "" "" 0 0 0.0 0.0 -999 ""
FIBERMAP 302 R-2C21 APOGEE 0 0 0 1 0 0 172.02947607722282 -52.36068225073339 143.1 119.06603775589457 -134.70237512150894 256.4744 101.25311 -999.0 -999.0 -999.0 -999.0 -999.0 103.8681656533654 3.421211318141899 103.88536495592427 3.3944686394189043 43.11406618447692 239.59301132888058 -999.0 16600.0 -999.0 2 228 {-999.0 -999.0 -999.0 -999.0 -999.0} "" -999.0 -999.0 -999.0 -999.0 -999 -999 "" "" "" "" 0 0 0.0 0.0 -999 ""
FIBERMAP 302 R-2C21 BOSS 1 1 0 1 0 0 171.28884551482332 -52.33827078995095 143.1 118.44708344821325 -134.29532703043168 256.4744 101.25311 103.8647860167948 3.4228819128521804 -4.723344 -0.6826702 2.5677226 103.86523813480896 3.4228473376205595 103.88260073642692 3.3962617331241964 43.11329360424119 239.59739327146542 5400.0 5400.0 2016.0 1 284 {-999.0 11.435091 11.253149 11.214949 -999.0} sdss_psfmag_gaia 11.447967 11.243438 10.898112 10.394 63050395117925697 1077921805 bright_flexible_2x1 mwm_snc_ext_main_boss mwm_snc science 0 0 1.5728795528411865 0.0 -999 ""
FIBERMAP 302 R-2C21 METROLOGY 0 0 0 1 0 0 171.67752634990484 -51.701116297112364 143.1 119.11182952383368 -133.95635147447652 256.4744 101.25311 -999.0 -999.0 -999.0 -999.0 -999.0 103.8682945457717 3.4244479045066436 103.88561524535379 3.3978115045538035 43.116544781125626 239.59610309903815 -999.0 6231.0 -999.0 -1 -999 {-999.0 -999.0 -999.0 -999.0 -999.0} "" -999.0 -999.0 -999.0 -999.0 -999 -999 "" "" "" "" 0 0 0.0 0.0 -999 ""
FIBERMAP 307 R0C7 APOGEE 1 1 0 1 0 0 -175.36590102103878 -0.9515703632870642 143.1 -149.83368674386568 91.05131263070366 221.72156 71.22495 102.64114379882812 4.443383440623151 -999.0 -999.0 -999.0 102.64114142947167 4.443376726564998 102.66112377824061 4.4196385143267705 42.91189500663511 241.7562740954068 16000.0 16600.0 2015.5 2 250 {-999.0 -999.0 -999.0 -999.0 -999.0} "" -999.0 -999.0 -999.0 -999.0 27021603131851034 841579333 "" ops_sky_apogee_best ops_sky sky_apogee 0 0 0.0 0.0 -999 ""
FIBERMAP 307 R0C7 BOSS 0 0 0 1 0 0 -175.65141806731876 -0.27195142193083255 143.1 -149.72081899539606 91.7796133497064 221.72156 71.22495 -999.0 -999.0 -999.0 -999.0 -999.0 102.64144053605926 4.446564622889917 102.66159407458127 4.422971841764995 42.914474397755335 241.75922717372174 -999.0 5400.0 -999.0 1 493 {-999.0 -999.0 -999.0 -999.0 -999.0} "" -999.0 -999.0 -999.0 -999.0 -999 -999 "" "" "" "" 0 0 0.0 0.0 -999 ""
FIBERMAP 307 R0C7 METROLOGY 0 0 0 1 0 0 -174.90949882275666 -0.36041217887470145 143.1 -149.1353657884553 91.31564503046361 221.72156 71.22495 -999.0 -999.0 -999.0 -999.0 -999.0 102.64415290776556 4.444513143862741 102.6642544033329 4.4208720284628615 42.915039675097496 241.75467289040012 -999.0 6231.0 -999.0 -1 -999 {-999.0 -999.0 -999.0 -999.0 -999.0} "" -999.0 -999.0 -999.0 -999.0 -999 -999 "" "" "" "" 0 0 0.0 0.0 -999 ""
FIBERMAP 310 R+1C8 APOGEE 0 0 0 1 0 0 -129.34041388384114 2.242301602815324 143.1 -108.96701404330072 69.6616416662303 286.01816 77.37122 -999.0 -999.0 -999.0 -999.0 -999.0 102.82697747754163 4.347264073571244 102.84667809230643 4.323056950043905 42.984426460055886 241.48891665695157 -999.0 16600.0 -999.0 2 -999 {-999.0 -999.0 -999.0 -999.0 -999.0} "" -999.0 -999.0 -999.0 -999.0 -999 -999 "" "" "" "" 0 0 0.0 0.0 -999 ""
FIBERMAP 310 R+1C8 BOSS 1 1 0 1 0 0 -130.08399534747744 2.1894835446226395 143.1 -109.62788858806661 70.00617279916523 286.01816 77.37122 102.82379150390625 4.348684295633063 -999.0 -999.0 -999.0 102.82375713465787 4.348698121791959 102.84362477747055 4.324646179108082 42.9832374339931 241.49332109531758 5400.0 5400.0 2015.5 1 46 {-999.0 -999.0 -999.0 -999.0 -999.0} "" -999.0 -999.0 -999.0 -999.0 27021603131851037 819467832 "" ops_sky_boss_good ops_sky sky_boss 0 0 0.0 0.0 -999 ""
FIBERMAP 310 R+1C8 METROLOGY 0 0 0 1 0 0 -129.75278331134467 2.8640840694161476 143.1 -108.99246555862447 70.40713982255923 286.01816 77.37122 -999.0 -999.0 -999.0 -999.0 -999.0 102.82670174069312 4.350570448350422 102.84652700937647 4.3264686925196045 42.986605726457114 241.49251099209644 -999.0 6231.0 -999.0 -1 -999 {-999.0 -999.0 -999.0 -999.0 -999.0} "" -999.0 -999.0 -999.0 -999.0 -999 -999 "" "" "" "" 0 0 0.0 0.0 -999 ""
FIBERMAP 322 R+11C6 APOGEE 0 0 0 1 0 0 -70.93276631800518 216.5942156240745 143.1 53.05443093944681 221.60035722878058 181.46666 101.973114 -999.0 -999.0 -999.0 -999.0 -999.0 103.56388600268261 5.036932277678511 103.58506250292129 5.010649221085727 43.99146328928587 241.51095552086628 -999.0 16600.0 -999.0 2 4 {-999.0 -999.0 -999.0 -999.0 -999.0} "" -999.0 -999.0 -999.0 -999.0 -999 -999 "" "" "" "" 0 0 0.0 0.0 -999 ""
FIBERMAP 322 R+11C6 BOSS 1 1 0 1 0 0 -71.10806066020024 217.3120503657065 143.1 53.281178857032835 222.30346335402467 181.46666 101.973114 103.56475216565308 5.039985303648241 -0.49059203 -0.06938235 0.14316815 103.56475389831306 5.0399789588754 103.58609497198239 5.0138347299134125 43.9943622587537 241.51328197066226 5400.0 5400.0 2016.0 1 143 {-999.0 14.151101 13.749955 13.579832 -999.0} sdss_psfmag_from_g3xp 14.067799 13.736503 13.224868 12.446 63050395118204288 1068446366 bright_3x1 mwm_ob_core_boss mwm_ob science 0 0 0.0 0.0 -999 ""
FIBERMAP 322 R+11C6 METROLOGY 0 0 0 1 0 0 -70.38309926343037 217.11596727954011 143.1 53.79581574709294 221.7567307729179 181.46666 101.973114 -999.0 -999.0 -999.0 -999.0 -999.0 103.56714850875424 5.037559134282144 103.58843846620857 5.011368972735052 43.99444090621592 241.5085632638947 -999.0 6231.0 -999.0 -1 -999 {-999.0 -999.0 -999.0 -999.0 -999.0} "" -999.0 -999.0 -999.0 -999.0 -999 -999 "" "" "" "" 0 0 0.0 0.0 -999 ""
FIBERMAP 325 R+6C4 APOGEE 0 0 0 1 0 0 -168.68435108534342 126.25392045652154 143.1 -77.5100758375415 195.87489954132263 156.77039 99.323326 -999.0 -999.0 -999.0 -999.0 -999.0 102.96981714013803 4.919426375703576 102.99086586861699 4.894724928633992 43.473883255408374 241.93973213223347 -999.0 16600.0 -999.0 2 -999 {-999.0 -999.0 -999.0 -999.0 -999.0} "" -999.0 -999.0 -999.0 -999.0 -999 -999 "" "" "" "" 0 0 0.0 0.0 -999 ""
FIBERMAP 325 R+6C4 BOSS 1 1 0 1 0 0 -168.50874004206156 126.98854646362688 143.1 -76.97571390689693 196.40849029926343 156.77039 99.323326 102.97210693359375 4.921746889293416 -999.0 -999.0 -999.0 102.97207051107384 4.921741093309853 102.9932851183786 4.897176864163443 43.47731469880226 241.94003190540565 5400.0 5400.0 2015.5 1 38 {-999.0 -999.0 -999.0 -999.0 -999.0} "" -999.0 -999.0 -999.0 -999.0 27021603131853350 810616018 "" ops_sky_boss_good ops_sky sky_boss 0 0 0.0 0.0 -999 ""
FIBERMAP 325 R+6C4 METROLOGY 0 0 0 1 0 0 -167.96942675912956 126.46733364331998 143.1 -76.78948038376804 195.6821368044591 156.77039 99.323326 -999.0 -999.0 -999.0 -999.0 -999.0 102.97296532605606 4.918510162402021 102.99412627024418 4.893903558718076 43.4757544124441 241.93590175639693 -999.0 6231.0 -999.0 -1 -999 {-999.0 -999.0 -999.0 -999.0 -999.0} "" -999.0 -999.0 -999.0 -999.0 -999 -999 "" "" "" "" 0 0 0.0 0.0 -999 ""
FIBERMAP 333 R+12C2 APOGEE 0 0 0 1 0 0 -150.22608182581325 224.81114582249327 143.1 -10.1646132152207 270.133685113113 236.67198 82.48316 -999.0 -999.0 -999.0 -999.0 -999.0 103.275776577078 5.253378309275872 103.29755486149168 5.227806105536078 43.923651509353775 242.0012391724324 -999.0 16600.0 -999.0 2 132 {-999.0 -999.0 -999.0 -999.0 -999.0} "" -999.0 -999.0 -999.0 -999.0 -999 -999 "" "" "" "" 0 0 0.0 0.0 -999 ""
FIBERMAP 333 R+12C2 BOSS 1 1 0 1 0 0 -150.78379821465398 225.292852800089 143.1 -10.387212435914288 270.8360369373114 236.67198 82.48316 103.27459344955756 5.256347015956146 0.47857517 0.38845614 0.11280099 103.27460146975935 5.256360123674467 103.29654594431986 5.230931589096324 43.92498528209402 242.00540415849224 5400.0 5400.0 2016.0 1 6 {-999.0 15.722756 15.41421 15.078852 -999.0} sdss_psfmag_ps1 15.5932665 15.280078 14.661085 13.721 63050395118210022 1068388824 bright_3x1 mwm_ob_core_boss mwm_ob science 0 0 0.0 0.0 -999 ""
FIBERMAP 333 R+12C2 METROLOGY 0 0 0 1 0 0 -150.0852414193509 225.54914990291687 143.1 -9.65809116439861 270.68836636176957 236.67198 82.48316 -999.0 -999.0 -999.0 -999.0 -999.0 103.2779586766153 5.255751744157882 103.29985581269761 5.230274518096783 43.92700490899289 242.0016741986716 -999.0 6231.0 -999.0 -1 -999 {-999.0 -999.0 -999.0 -999.0 -999.0} "" -999.0 -999.0 -999.0 -999.0 -999 -999 "" "" "" "" 0 0 0.0 0.0 -999 ""
FIBERMAP 343 R+11C1 APOGEE 0 0 0 1 0 0 -184.82336046946628 211.92494158784385 143.1 -46.37655763476982 277.2832982998813 211.47939 88.59754 -999.0 -999.0 -999.0 -999.0 -999.0 103.11138154569089 5.284409818400574 103.13327905746343 5.259262436737246 43.82251959644768 242.18486903907876 -999.0 16600.0 -999.0 2 139 {-999.0 -999.0 -999.0 -999.0 -999.0} "" -999.0 -999.0 -999.0 -999.0 -999 -999 "" "" "" "" 0 0 0.0 0.0 -999 ""
FIBERMAP 343 R+11C1 BOSS 1 1 0 1 0 0 -185.18576743395707 212.55751713214585 143.1 -46.353809212227944 278.0118156929527 211.47939 88.59754 103.11135200103695 5.287504554954988 1.3851814 -0.35466498 -1.041842 103.11132781483683 5.287494844710905 103.13339231328865 5.262488356123618 43.82474892674778 242.18810461593972 5400.0 5400.0 2016.0 1 9 {-999.0 15.923716 15.338416 15.189237 -999.0} sdss_psfmag_ps1 15.764237 15.431287 14.804738 13.879 63050395118266394 1093344789 bright_3x1 mwm_astar_core_boss mwm_ob science 0 0 0.0 0.0 -999 ""
FIBERMAP 343 R+11C1 METROLOGY 0 0 0 1 0 0 -184.44316389637382 212.5608369292467 143.1 -45.719696027530276 277.62564590543116 211.47939 88.59754 -999.0 -999.0 -999.0 -999.0 -999.0 103.11424905972231 5.28583642845458 103.13626354436957 5.260782548609008 43.82575005666403 242.18370345337215 -999.0 6231.0 -999.0 -1 -999 {-999.0 -999.0 -999.0 -999.0 -999.0} "" -999.0 -999.0 -999.0 -999.0 -999 -999 "" "" "" "" 0 0 0.0 0.0 -999 ""
FIBERMAP 361 R+13C14 APOGEE 1 1 0 1 0 0 138.92930969493216 240.80043118644795 143.1 244.44524951338457 132.28177983079283 239.03368 118.456024 104.43206441767708 4.631913058443697 -3.8625653 -4.24711 1.2621146 104.43205475409825 4.631898326905943 104.4520245748875 4.60343055211501 44.3533155892301 240.27862186977154 16000.0 16600.0 2016.0 2 98 {-999.0 12.030871 11.656231 11.551528 -999.0} sdss_psfmag_from_g3xp 11.973006 11.679357 11.223347 10.552 63050395118084970 1103950270 bright_flexible_2x1 mwm_tess_rgb_apogee mwm_tessrgb science 0 0 0.0 0.0 -999 ""
FIBERMAP 361 R+13C14 BOSS 0 0 0 1 0 0 138.1942339809939 240.83372069052172 143.1 243.83672374051304 132.69518148089094 239.03368 118.456024 -999.0 -999.0 -999.0 -999.0 -999.0 104.42915993080192 4.633631929276835 104.44928811462086 4.605313410164351 44.35259871525373 240.2831473412374 -999.0 5400.0 -999.0 1 90 {-999.0 -999.0 -999.0 -999.0 -999.0} "" -999.0 -999.0 -999.0 -999.0 -999 -999 "" "" "" "" 0 0 0.0 0.0 -999 ""
FIBERMAP 361 R+13C14 METROLOGY 0 0 0 1 0 0 138.58494304050808 241.46542890196545 143.1 244.50034406159392 133.028456740056 239.03368 118.456024 -999.0 -999.0 -999.0 -999.0 -999.0 104.43215780001536 4.6351530996683294 104.45224538949151 4.606786191951792 44.355760755847186 240.28185064405528 -999.0 6231.0 -999.0 -1 -999 {-999.0 -999.0 -999.0 -999.0 -999.0} "" -999.0 -999.0 -999.0 -999.0 -999 -999 "" "" "" "" 0 0 0.0 0.0 -999 ""
FIBERMAP 368 R-8C2 APOGEE 0 0 0 1 0 0 -183.01971305038927 -174.3957307142315 143.1 -247.20636793857435 -52.63814611437727 304.8176 63.514973 -999.0 -999.0 -999.0 -999.0 -999.0 102.20385109859625 3.7898125266120286 102.2223701680947 3.767367189053177 42.14982228273987 241.49799007751665 -999.0 16600.0 -999.0 2 -999 {-999.0 -999.0 -999.0 -999.0 -999.0} "" -999.0 -999.0 -999.0 -999.0 -999 -999 "" "" "" "" 0 0 0.0 0.0 -999 ""
FIBERMAP 368 R-8C2 BOSS 1 1 0 1 0 0 -183.8577479599483 -174.45747676796486 143.1 -247.9523523421511 -52.25174034262615 304.8176 63.514973 102.20034045434063 3.791380715967778 -0.666717 -0.6128216 0.19184673 102.20031514601907 3.7914010822788473 102.21900629597462 3.7691162119482304 42.148511713799714 241.50277940672365 5400.0 5400.0 2016.0 1 489 {-999.0 15.891134 15.010306 14.540435 -999.0} sdss_psfmag_ps1 15.592322 14.96178 14.174148 12.645 63050395117723949 1093344285 bright_3x1 mwm_astar_core_boss mwm_ob science 0 0 0.0 0.0 -999 ""
FIBERMAP 368 R-8C2 METROLOGY 0 0 0 1 0 0 -183.47971430558118 -173.80831193198696 143.1 -247.29038166007044 -51.896959919603994 304.8176 63.514973 -999.0 -999.0 -999.0 -999.0 -999.0 102.20331936499376 3.793053469939083 102.22196627519446 3.7707173675856813 42.15177502052763 241.50170192910312 -999.0 6231.0 -999.0 -1 -999 {-999.0 -999.0 -999.0 -999.0 -999.0} "" -999.0 -999.0 -999.0 -999.0 -999 -999 "" "" "" "" 0 0 0.0 0.0 -999 ""
FIBERMAP 372 R+12C4 APOGEE 0 0 0 1 0 0 -77.30530921033859 232.7668343955214 143.1 56.09948168647026 238.7104903416359 355.69067 122.15482 -999.0 -999.0 -999.0 -999.0 -999.0 103.57735811817972 5.11356393703574 103.59871696009412 5.0872301247570295 44.052883333143264 241.57731916247678 -999.0 16600.0 -999.0 2 -999 {-999.0 -999.0 -999.0 -999.0 -999.0} "" -999.0 -999.0 -999.0 -999.0 -999 -999 "" "" "" "" 0 0 0.0 0.0 -999 ""
FIBERMAP 372 R+12C4 BOSS 1 1 0 1 0 0 -76.94212670713168 232.12712081576544 143.1 56.073654578981206 237.97548820783496 355.69067 122.15482 103.57617992005089 5.110130001796197 -2.0006044 -0.30423236 1.1920165 103.57710627243017 5.110159925238293 103.59861415072555 5.083968779817686 44.05062246392899 241.57404562927317 5400.0 5400.0 2016.0 1 93 {-999.0 7.7517977 8.069061 8.281289 -999.0} sdss_psfmag_from_g3xp 7.8864694 7.927298 7.960905 8.056 63050395118204809 1068446365 bright_3x1 mwm_ob_core_boss mwm_ob science 0 0 3.280531883239746 0.0 -999 ""
FIBERMAP 372 R+12C4 METROLOGY 0 0 0 1 0 0 -77.689080637076 232.1270051428831 143.1 55.43751516946505 238.36666537004996 355.69067 122.15482 -999.0 -999.0 -999.0 -999.0 -999.0 103.57424985912492 5.1119454065790295 103.59571827583642 5.085721324270549 44.04965497978731 241.57854454387 -999.0 6231.0 -999.0 -1 -999 {-999.0 -999.0 -999.0 -999.0 -999.0} "" -999.0 -999.0 -999.0 -999.0 -999 -999 "" "" "" "" 0 0 0.0 0.0 -999 ""
FIBERMAP 373 R-8C13 APOGEE 0 0 0 1 0 0 75.62470647684435 -172.39597770347345 143.1 -25.906653991551295 -186.42051571405946 338.9861 66.14627 -999.0 -999.0 -999.0 -999.0 -999.0 103.20911382951321 3.184988534861134 103.22591452674294 3.1600257104196015 42.47411228623799 239.97574955848097 -999.0 16600.0 -999.0 2 -999 {-999.0 -999.0 -999.0 -999.0 -999.0} "" -999.0 -999.0 -999.0 -999.0 -999 -999 "" "" "" "" 0 0 0.0 0.0 -999 ""
FIBERMAP 373 R-8C13 BOSS 1 1 0 1 0 0 75.10688680604832 -172.92561259076626 143.1 -26.62504818528242 -186.60028489525038 338.9861 66.14627 103.20570727746093 3.183958193321104 -3.7042677 2.735224 -0.077693045 103.20568019275845 3.1839665345532304 103.22264209378869 3.159165491740852 42.471141093738325 239.97793070271075 5400.0 5400.0 2016.0 1 353 {-999.0 13.918303 13.534645 13.386009 -999.0} sdss_psfmag_from_g3xp 13.852305 13.563332 13.046105 12.169 63050395117920258 1093208247 bright_3x1 mwm_astar_core_boss mwm_ob science 0 0 0.0 0.0 -999 ""
FIBERMAP 373 R-8C13 METROLOGY 0 0 0 1 0 0 74.89915290378435 -172.22209845476425 143.1 -26.43342615756084 -185.8923809151305 338.9861 66.14627 -999.0 -999.0 -999.0 -999.0 -999.0 103.20658771295571 3.187213368111049 103.22351103828754 3.1623659893355622 42.47396391560759 239.98028971393032 -999.0 6231.0 -999.0 -1 -999 {-999.0 -999.0 -999.0 -999.0 -999.0} "" -999.0 -999.0 -999.0 -999.0 -999 -999 "" "" "" "" 0 0 0.0 0.0 -999 ""
FIBERMAP 375 R+2C25 APOGEE 1 1 0 1 0 0 261.8502657762826 33.06545887418523 143.1 240.3027943799586 -109.00725688790526 171.03418 155.44533 104.41535864347544 3.5408232446413734 -1.3321978 -0.6526441 0.2361009 104.4153622493278 3.540797246347627 104.4327100943346 3.512599326359538 43.59155410747383 239.19333233199558 16000.0 16600.0 2016.0 2 57 {-999.0 15.121626 13.833047 13.2146635 -999.0} sdss_psfmag_from_g3xp 14.625532 13.735388 12.810129 10.701 63050395117898536 1105595018 bright_flexible_2x1 mwm_tess_rgb_apogee mwm_tessrgb science 0 0 0.0 0.0 -999 ""
FIBERMAP 375 R+2C25 BOSS 0 0 0 1 0 0 261.2295338543627 33.461442044845825 143.1 239.98162885907414 -108.34489501740323 171.03418 155.44533 -999.0 -999.0 -999.0 -999.0 -999.0 104.41379325928112 3.5436230599658347 104.43130367502215 3.5155765690791534 43.59259324076679 239.19764463676654 -999.0 5400.0 -999.0 1 176 {-999.0 -999.0 -999.0 -999.0 -999.0} "" -999.0 -999.0 -999.0 -999.0 -999 -999 "" "" "" "" 0 0 0.0 0.0 -999 ""
FIBERMAP 375 R+2C25 METROLOGY 0 0 0 1 0 0 261.88328887673885 33.80999252246051 143.1 240.72092350481552 -108.3905375321506 171.03418 155.44533 -999.0 -999.0 -999.0 -999.0 -999.0 104.41714028144503 3.5434848173590505 104.4346054720487 3.5153876979252496 43.5948476152166 239.1943152572629 -999.0 6231.0 -999.0 -1 -999 {-999.0 -999.0 -999.0 -999.0 -999.0} "" -999.0 -999.0 -999.0 -999.0 -999 -999 "" "" "" "" 0 0 0.0 0.0 -999 ""
FIBERMAP 380 R-1C10 APOGEE 0 0 0 1 0 0 -99.09554688721137 -18.344014302914506 143.1 -93.99528109187958 36.287963703174924 231.70985 47.13471 -999.0 -999.0 -999.0 -999.0 -999.0 102.89547001528737 4.1957614714986855 102.91478638102649 4.171406110075822 42.932728790232176 241.27313409099293 -999.0 16600.0 -999.0 2 -999 {-999.0 -999.0 -999.0 -999.0 -999.0} "" -999.0 -999.0 -999.0 -999.0 -999 -999 "" "" "" "" 0 0 0.0 0.0 -999 ""
FIBERMAP 380 R-1C10 BOSS 1 1 0 1 0 0 -99.24719106855659 -17.59806187509204 143.1 -93.73366471500934 37.00262520258838 231.70985 47.13471 102.89645023427276 4.1989008813531425 -2.5267508 -0.930533 0.17606775 102.89644667865576 4.198888027174757 102.91593291900517 4.17467709650861 42.93577664891563 241.2753856999533 5400.0 5400.0 2016.0 1 441 {-999.0 16.509491 15.550315 15.132277 -999.0} sdss_psfmag_ps1 16.14488 15.482157 14.673475 13.245 63050395118156262 1093344485 bright_3x1 mwm_astar_core_boss mwm_ob science 0 0 0.0 0.0 -999 ""
FIBERMAP 380 R-1C10 METROLOGY 0 0 0 1 0 0 -98.53337793682547 -17.853475770550517 143.1 -93.25960044379893 36.41120843840432 231.70985 47.13471 -999.0 -999.0 -999.0 -999.0 -999.0 102.89866788935038 4.196243171370095 102.91810107728452 4.171985118793481 42.935562841578786 241.27067839286343 -999.0 6231.0 -999.0 -1 -999 {-999.0 -999.0 -999.0 -999.0 -999.0} "" -999.0 -999.0 -999.0 -999.0 -999 -999 "" "" "" "" 0 0 0.0 0.0 -999 ""
FIBERMAP 382 R+9C5 APOGEE 0 0 0 1 0 0 -109.63781698103303 155.11457760249436 143.1 -12.11016239207937 189.52133600720182 307.9023 39.609497 -999.0 -999.0 -999.0 -999.0 -999.0 103.26762742757077 4.892202144160453 103.28853119011029 4.86672467586281 43.675732153254565 241.63730717330446 -999.0 16600.0 -999.0 2 112 {-999.0 -999.0 -999.0 -999.0 -999.0} "" -999.0 -999.0 -999.0 -999.0 -999 -999 "" "" "" "" 0 0 0.0 0.0 -999 ""
FIBERMAP 382 R+9C5 BOSS 1 1 0 1 0 0 -110.34581091293488 155.34717065369657 143.1 -12.591225450044249 190.09027110789583 307.9023 39.609497 103.26524901221185 4.894681078043835 0.29037952 -1.9290904 -0.016345525 103.2652674900011 4.8946684469979065 103.28633714994112 4.869339784845606 43.6758599845581 241.6420165685449 5400.0 5400.0 2016.0 1 80 {-999.0 14.969038 14.226249 13.926105 -999.0} sdss_psfmag_ps1 14.713917 14.257046 13.495314 12.299 63050395118202928 1093344593 bright_3x1 mwm_astar_core_boss mwm_ob science 0 0 0.0 0.0 -999 ""
FIBERMAP 382 R+9C5 METROLOGY 0 0 0 1 0 0 -109.78253510128026 155.85578303293377 143.1 -11.845134645259792 190.2283270688397 307.9023 39.609497 -999.0 -999.0 -999.0 -999.0 -999.0 103.26871198110618 4.895331847518695 103.28973718237302 4.869953450145128 43.67878685083793 241.6395098007705 -999.0 6231.0 -999.0 -1 -999 {-999.0 -999.0 -999.0 -999.0 -999.0} "" -999.0 -999.0 -999.0 -999.0 -999 -999 "" "" "" "" 0 0 0.0 0.0 -999 ""
FIBERMAP 383 R+6C1 APOGEE 0 0 0 1 0 0 -236.4346042001501 126.0897924668179 143.1 -135.28970373133785 231.2246392614304 160.69838 96.14218 -999.0 -999.0 -999.0 -999.0 -999.0 102.70803718381053 5.075825843589258 102.72953548463937 5.051780404194083 43.38415740692931 242.33975914122394 -999.0 16600.0 -999.0 2 119 {-999.0 -999.0 -999.0 -999.0 -999.0} "" -999.0 -999.0 -999.0 -999.0 -999 -999 "" "" "" "" 0 0 0.0 0.0 -999 ""
FIBERMAP 383 R+6C1 BOSS 1 1 0 1 0 0 -236.28976082992645 126.79991407844008 143.1 -134.79437853046193 231.7534799471043 160.69838 96.14218 102.7101401979639 5.078079933853887 0.08282114 -0.44713244 0.085439704 102.7101215476989 5.078073548758152 102.73178679274918 5.054165519739944 43.38741797706378 242.34016390156785 5400.0 5400.0 2016.0 1 83 {-999.0 15.849177 15.685748 15.36426 -999.0} sdss_psfmag_ps1 15.804913 15.483833 14.98533 14.099 63050395118258994 1068388853 bright_3x1 mwm_ob_core_boss mwm_ob science 0 0 0.0 0.0 -999 ""
FIBERMAP 383 R+6C1 METROLOGY 0 0 0 1 0 0 -235.72154095047125 126.32159759280948 143.1 -134.56105888303313 231.04851331618275 160.69838 96.14218 -999.0 -999.0 -999.0 -999.0 -999.0 102.71121192401682 5.074972571313643 102.7328234212099 5.051021694916541 43.38610232798217 242.33598592535026 -999.0 6231.0 -999.0 -1 -999 {-999.0 -999.0 -999.0 -999.0 -999.0} "" -999.0 -999.0 -999.0 -999.0 -999 -999 "" "" "" "" 0 0 0.0 0.0 -999 ""
FIBERMAP 386 R-4C2 APOGEE 0 0 0 1 0 0 -223.0547496123177 -65.14347347471394 143.1 -224.06931727264666 61.368593333571425 83.16153 120.41854 -999.0 -999.0 -999.0 -999.0 -999.0 102.30583820226347 4.306618452932756 102.32557878486608 4.283792951289113 42.57229322032129 241.92341023139846 -999.0 16600.0 -999.0 2 -999 {-999.0 -999.0 -999.0 -999.0 -999.0} "" -999.0 -999.0 -999.0 -999.0 -999 -999 "" "" "" "" 0 0 0.0 0.0 -999 ""
FIBERMAP 386 R-4C2 BOSS 1 1 0 1 0 0 -222.3720545179483 -64.83344750433247 143.1 -223.3255585436073 61.274985117785555 83.16153 120.41854 102.30899987155999 4.30606076790898 -0.409328 -1.1497858 0.34518227 102.30898353231629 4.306077754815125 102.32888766079225 4.283392468960822 42.57448052521992 241.92001168206704 5400.0 5400.0 2016.0 1 486 {-999.0 15.829592 15.49641 15.4463005 -999.0} sdss_psfmag_ps1 15.783991 15.503792 15.056654 14.46 63050395118167477 978397063 "" ops_std_boss ops_std standard_boss 0 0 0.0 0.0 -999 ""
FIBERMAP 386 R-4C2 METROLOGY 0 0 0 1 0 0 -222.45258883176825 -65.58400085738145 143.1 -223.7872997830308 60.67802732204692 83.16153 120.41854 -999.0 -999.0 -999.0 -999.0 -999.0 102.30696384542364 4.303400366850595 102.32681509024758 4.280678937091755 42.57112968775738 241.91914564550694 -999.0 6231.0 -999.0 -1 -999 {-999.0 -999.0 -999.0 -999.0 -999.0} "" -999.0 -999.0 -999.0 -999.0 -999 -999 "" "" "" "" 0 0 0.0 0.0 -999 ""
FIBERMAP 388 R+2C3 APOGEE 0 0 0 1 0 0 -212.05909897280318 47.070761566048255 143.1 -155.9248202024004 151.16632334735138 46.95729 102.49459 -999.0 -999.0 -999.0 -999.0 -999.0 102.61366908798239 4.715218378310389 102.63431730483933 4.691495686930236 43.07361016440787 242.05726420634875 -999.0 16600.0 -999.0 2 116 {-999.0 -999.0 -999.0 -999.0 -999.0} "" -999.0 -999.0 -999.0 -999.0 -999 -999 "" "" "" "" 0 0 0.0 0.0 -999 ""
FIBERMAP 388 R+2C3 BOSS 1 1 0 1 0 0 -211.40242550090247 46.71122599420152 143.1 -155.55395587739736 150.51617172341352 46.95729 102.49459 102.6151632465403 4.7121554012155835 2.9501646 -3.759444 1.215748 102.61514936197104 4.712182022071029 102.6359530393222 4.688601581782871 43.072895751584866 242.05282336917014 5400.0 5400.0 2016.0 1 60 {-999.0 -999.0 -999.0 -999.0 -999.0} "" -999.0 17.716568 -999.0 13.863 63050395118177278 1095367024 bright_1x1 mwm_bin_vis_boss mwm_filler science 0 0 0.0 0.0 -999 ""
FIBERMAP 388 R+2C3 METROLOGY 0 0 0 1 0 0 -212.02941235853822 46.319453488656656 143.1 -156.2930966517578 150.51098600589228 46.95729 102.49459 -999.0 -999.0 -999.0 -999.0 -999.0 102.61185559761901 4.712165196950644 102.6326138714025 4.688552199112522 43.07038239949064 242.0558103377818 -999.0 6231.0 -999.0 -1 -999 {-999.0 -999.0 -999.0 -999.0 -999.0} "" -999.0 -999.0 -999.0 -999.0 -999 -999 "" "" "" "" 0 0 0.0 0.0 -999 ""
FIBERMAP 394 R-1C26 APOGEE 0 0 0 1 0 0 301.9947593763237 -18.946975235601133 143.1 247.2427970159157 -174.3279801898974 81.441055 11.787215 -999.0 -999.0 -999.0 -999.0 -999.0 104.4443825081112 3.247282704875334 104.46101933532367 3.2190716036609013 43.40896080874954 238.87411145954172 -999.0 16600.0 -999.0 2 240 {-999.0 -999.0 -999.0 -999.0 -999.0} "" -999.0 -999.0 -999.0 -999.0 -999 -999 "" "" "" "" 0 0 0.0 0.0 -999 ""
FIBERMAP 394 R-1C26 BOSS 1 1 0 1 0 0 302.0433219485187 -19.688255614183422 143.1 246.8958474394316 -174.98466606994546 81.441055 11.787215 104.4427944171689 3.2441677936110196 -0.19696327 -0.31807157 0.18454537 104.44262780384247 3.244191561813877 104.45941344757387 3.216135205807982 43.405769989436116 238.8727268357418 5400.0 5400.0 2016.0 1 262 {-999.0 14.792711 14.593053 14.539364 -999.0} sdss_psfmag_from_g3xp 14.782471 14.569169 14.199858 13.67 63050395117855525 1068376799 bright_1x1 manual_mwm_validation_hot_boss mwm_validation science 0 0 0.0 0.0 -999 ""
FIBERMAP 394 R-1C26 METROLOGY 0 0 0 1 0 0 301.3645042044988 -19.364930807111488 143.1 246.4871576310298 -174.35375041898578 81.441055 11.787215 -999.0 -999.0 -999.0 -999.0 -999.0 104.44087792994083 3.247038656318832 104.45762668792463 3.2189438786275497 43.406430154599434 238.87721571469615 -999.0 6231.0 -999.0 -1 -999 {-999.0 -999.0 -999.0 -999.0 -999.0} "" -999.0 -999.0 -999.0 -999.0 -999 -999 "" "" "" "" 0 0 0.0 0.0 -999 ""
FIBERMAP 396 R+11C2 APOGEE 0 0 0 1 0 0 -129.19607052038336 219.91695193012112 143.1 5.180062377796306 254.9498507898116 56.018723 77.30834 -999.0 -999.0 -999.0 -999.0 -999.0 103.3456448776532 5.185927258554783 103.36724073290293 5.160185575284373 43.9302556498079 241.86701606922765 -999.0 16600.0 -999.0 2 -999 {-999.0 -999.0 -999.0 -999.0 -999.0} "" -999.0 -999.0 -999.0 -999.0 -999 -999 "" "" "" "" 0 0 0.0 0.0 -999 ""
FIBERMAP 396 R+11C2 BOSS 1 1 0 1 0 0 -128.67227621778207 219.385517003741 143.1 5.347725872115946 254.22292180330797 56.018723 77.30834 103.34598785078066 5.182570958820441 -0.6447099 -0.22180884 0.23829225 103.34625793112615 5.182561816924469 103.36800381397285 5.15696063437025 43.92866858423658 241.8629776530555 5400.0 5400.0 2016.0 1 17 {-999.0 13.241993 13.056284 13.025044 -999.0} sdss_psfmag_from_g3xp 13.231834 13.032044 12.685703 12.08 63050395118208837 1068446360 bright_3x1 mwm_ob_core_boss mwm_ob science 0 0 1.004422664642334 0.0 -999 ""
FIBERMAP 396 R+11C2 METROLOGY 0 0 0 1 0 0 -129.39135958388928 219.19686571154256 143.1 4.636559714207355 254.43894949269654 56.018723 77.30834 -999.0 -999.0 -999.0 -999.0 -999.0 103.34306769666924 5.183553288559482 103.36477196669262 5.157920186887605 43.92691267859705 241.8669531481348 -999.0 6231.0 -999.0 -1 -999 {-999.0 -999.0 -999.0 -999.0 -999.0} "" -999.0 -999.0 -999.0 -999.0 -999 -999 "" "" "" "" 0 0 0.0 0.0 -999 ""
FIBERMAP 402 R+12C13 APOGEE 0 0 0 1 0 0 103.77782950599237 235.13302011336788 143.1 211.5427759096069 145.8689613845025 109.66249 159.09383 -999.0 -999.0 -999.0 -999.0 -999.0 104.28397244901836 4.69395297016559 104.30413043519712 4.665858483339255 44.28764301568714 240.482682841741 -999.0 16600.0 -999.0 2 -999 {-999.0 -999.0 -999.0 -999.0 -999.0} "" -999.0 -999.0 -999.0 -999.0 -999 -999 "" "" "" "" 0 0 0.0 0.0 -999 ""
FIBERMAP 402 R+12C13 BOSS 1 1 0 1 0 0 103.79392550028284 235.8885644801455 143.1 211.95225825291817 146.503923966476 109.66249 159.09383 104.28534221676826 4.696724284388736 -0.63539314 -0.4613973 0.027837267 104.28564937582176 4.696669090130613 104.30596758504691 4.668711708117865 44.29092455295332 240.48387248399138 5400.0 5400.0 2016.0 1 100 {-999.0 12.116445 12.127355 12.160941 -999.0} sdss_psfmag_from_g3xp 12.173878 12.088349 11.828425 11.498 63050395118089154 1068446337 bright_3x1 mwm_ob_core_boss mwm_ob science 0 0 1.2732173204421997 0.0 -999 ""
FIBERMAP 402 R+12C13 METROLOGY 0 0 0 1 0 0 104.42838142535254 235.49832023755155 143.1 212.2881168494274 145.83926013621942 109.66249 159.09383 -999.0 -999.0 -999.0 -999.0 -999.0 104.28722326273346 4.693704680530159 104.30749023014062 4.66570355700903 44.28999628357569 240.47934769219253 -999.0 6231.0 -999.0 -1 -999 {-999.0 -999.0 -999.0 -999.0 -999.0} "" -999.0 -999.0 -999.0 -999.0 -999 -999 "" "" "" "" 0 0 0.0 0.0 -999 ""
FIBERMAP 404 R+1C23 APOGEE 0 0 0 1 0 0 223.38197225447738 24.801091032263827 143.1 203.21548344989975 -95.89410837951762 19.318428 125.35942 -999.0 -999.0 -999.0 -999.0 -999.0 104.24909398056619 3.5989768693245727 104.26662346887969 3.571200507957915 43.511862733234885 239.40957921907076 -999.0 16600.0 -999.0 2 -999 {-999.0 -999.0 -999.0 -999.0 -999.0} "" -999.0 -999.0 -999.0 -999.0 -999 -999 "" "" "" "" 0 0 0.0 0.0 -999 ""
FIBERMAP 404 R+1C23 BOSS 1 1 0 1 0 0 224.00206979372203 24.37869044834313 143.1 203.52227056283593 -96.57863405129574 19.318428 125.35942 104.25034771796058 3.595714038385234 -0.64945513 0.04791062 0.16757631 104.25034550716157 3.595722724346952 104.26802305647306 3.5680917817955464 43.51073547454284 239.40514437439228 5400.0 5400.0 2016.0 1 182 {-999.0 14.211036 13.984107 13.931143 -999.0} sdss_psfmag_from_g3xp 14.197267 14.021184 13.650837 12.973 63050395117902956 1093208359 bright_3x1 mwm_astar_core_boss mwm_ob science 0 0 0.0 0.0 -999 ""
FIBERMAP 404 R+1C23 METROLOGY 0 0 0 1 0 0 223.32145253636384 24.057451775479166 143.1 202.77440771252446 -96.49566259537929 19.318428 125.35942 -999.0 -999.0 -999.0 -999.0 -999.0 104.24701628679827 3.5961241692226125 104.26465139207346 3.568459896240839 43.50854839504383 239.40870703409678 -999.0 6231.0 -999.0 -1 -999 {-999.0 -999.0 -999.0 -999.0 -999.0} "" -999.0 -999.0 -999.0 -999.0 -999 -999 "" "" "" "" 0 0 0.0 0.0 -999 ""
FIBERMAP 409 R+9C6 APOGEE 1 0 0 1 1 0 -78.37547890425448 157.3724885139632 143.1 15.694466212814222 175.06799104460572 299.6542 84.8881 103.41262268824975 4.97833149597718 -0.9546357 -0.80520946 0.39213008 103.39452380375704 4.827322837324908 103.41523682761346 4.801525999662025 43.72569169403678 241.4533085085523 16000.0 16600.0 2016.0 2 17 {-999.0 15.284241 13.900121 13.253154 -999.0} sdss_psfmag_gaia 14.734379 13.81253 12.863099 10.772 63050395118203420 1107661810 bright_flexible_2x1 mwm_tess_rgb_apogee mwm_tessrgb science 0 0 0.0 0.0 -999 ""
FIBERMAP 409 R+9C6 BOSS 0 0 0 1 1 0 -79.05192004956496 157.06097046728905 143.1 14.955251527574351 175.1570526664669 299.6542 84.8881 -999.0 -999.0 -999.0 -999.0 -999.0 103.39099892173013 4.827630147081818 103.41187233868499 4.801985692457474 43.72351500870543 241.45689396746286 -999.0 5400.0 -999.0 1 147 {-999.0 -999.0 -999.0 -999.0 -999.0} "" -999.0 -999.0 -999.0 -999.0 -999 -999 "" "" "" "" 0 0 0.0 0.0 -999 ""
FIBERMAP 409 R+9C6 METROLOGY 0 0 0 1 1 0 -78.9963605243457 157.81204042829344 143.1 15.395995758705437 175.7675328897489 299.6542 84.8881 -999.0 -999.0 -999.0 -999.0 -999.0 103.39304438026377 4.830420299167592 103.41387902778649 4.804729315627011 43.726838805600956 241.45785108070743 -999.0 6231.0 -999.0 -1 -999 {-999.0 -999.0 -999.0 -999.0 -999.0} "" -999.0 -999.0 -999.0 -999.0 -999 -999 "" "" "" "" 0 0 0.0 0.0 -999 ""
FIBERMAP 410 R-2C2 APOGEE 0 0 0 1 0 0 -243.35340418496912 -59.87701191831563 143.1 -238.59619168870552 76.4863318579759 339.99045 39.337696 -999.0 -999.0 -999.0 -999.0 -999.0 102.24059174846761 4.374540270421656 102.26051414455026 4.351872552807378 42.56944445876532 242.0510520458405 -999.0 16600.0 -999.0 2 -999 {-999.0 -999.0 -999.0 -999.0 -999.0} "" -999.0 -999.0 -999.0 -999.0 -999 -999 "" "" "" "" 0 0 0.0 0.0 -999 ""
FIBERMAP 410 R-2C2 BOSS 1 1 0 1 0 0 -244.05694644807508 -60.148700369799855 143.1 -239.3376208285835 76.6235072499494 339.99045 39.337696 102.2366610285759 4.374968126974101 -1.3793699 -1.582217 0.58570266 102.23708206832805 4.374991275921112 102.25717246622827 4.3524809163062175 42.567368039218856 242.05468562407935 5400.0 5400.0 2016.0 1 435 {-999.0 11.032338 11.001238 11.046397 -999.0} sdss_psfmag_from_g3xp 11.059276 10.945098 10.716304 10.519 63050395118168742 1068446338 bright_3x1 mwm_ob_core_boss mwm_ob science 0 0 1.6390409469604492 0.0 -999 ""
FIBERMAP 410 R-2C2 METROLOGY 0 0 0 1 0 0 -243.9323445376605 -59.4063846257184 143.1 -238.84266831898847 77.19036633969289 339.99045 39.337696 -999.0 -999.0 -999.0 -999.0 -999.0 102.23935385741 4.377612850013217 102.25940294726553 4.355053929151335 42.570741329166275 242.05527387618798 -999.0 6231.0 -999.0 -1 -999 {-999.0 -999.0 -999.0 -999.0 -999.0} "" -999.0 -999.0 -999.0 -999.0 -999 -999 "" "" "" "" 0 0 0.0 0.0 -999 ""
FIBERMAP 415 R-2C4 APOGEE 0 0 0 1 0 0 -202.42509145482603 -30.783824846063023 143.1 -188.50329123814984 79.82162085908625 38.058277 161.09996 -999.0 -999.0 -999.0 -999.0 -999.0 102.46609376460674 4.391317861991818 102.48599662955974 4.368051787741343 42.74759335108464 241.8632560673503 -999.0 16600.0 -999.0 2 -999 {-999.0 -999.0 -999.0 -999.0 -999.0} "" -999.0 -999.0 -999.0 -999.0 -999 -999 "" "" "" "" 0 0 0.0 0.0 -999 ""
FIBERMAP 415 R-2C4 BOSS 1 1 0 1 0 0 -201.73297003082442 -30.52881115835525 143.1 -187.7803223841841 79.67622840398332 38.058277 161.09996 102.46916365840647 4.390537422583134 -0.84367037 0.32763755 0.32323998 102.46915119539229 4.390552011207394 102.48921602010694 4.367425617702657 42.749561889405214 241.85969945110548 5400.0 5400.0 2016.0 1 474 {-999.0 17.537003 16.893646 16.56385 16.409168} sdss_psfmag_from_ps1dr2 17.351 16.8786 16.2299 15.038 63050395118173144 1039371749 "" ops_std_boss_ps1dr2 ops_std standard_boss 0 0 0.0 0.0 -999 ""
FIBERMAP 415 R-2C4 METROLOGY 0 0 0 1 0 0 -201.86191603632767 -31.273207547546242 143.1 -188.2800640682108 79.10987307277205 38.058277 161.09996 -999.0 -999.0 -999.0 -999.0 -999.0 102.46694996431985 4.3880080111467725 102.4869625761093 4.364846148112422 42.74616642006972 241.85913300392434 -999.0 6231.0 -999.0 -1 -999 {-999.0 -999.0 -999.0 -999.0 -999.0} "" -999.0 -999.0 -999.0 -999.0 -999 -999 "" "" "" "" 0 0 0.0 0.0 -999 ""
FIBERMAP 417 R+13C12 APOGEE 1 1 0 1 0 0 106.19513838468943 260.88901837733965 143.1 227.0929910636345 166.5355783507174 35.380154 137.41476 104.35296833812446 4.786462288875381 0.14351718 -1.6008052 0.363338 104.35296254497268 4.786457048937623 104.37332621967744 4.75816400435418 44.40094015789247 240.51200762784873 16000.0 16600.0 2016.0 2 93 {-999.0 14.008862 13.011565 12.590085 -999.0} sdss_psfmag_from_g3xp 13.672742 13.008623 12.219026 10.54 63050395118089868 1107175678 bright_flexible_2x1 mwm_tess_rgb_apogee mwm_tessrgb science 0 0 0.0 0.0 -999 ""
FIBERMAP 417 R+13C12 BOSS 0 0 0 1 0 0 106.9377688014582 260.8082237103452 143.1 227.68306559443553 166.07776566284878 35.380154 137.41476 -999.0 -999.0 -999.0 -999.0 -999.0 104.3554667415508 4.784234685687908 104.37597797161197 4.756076988717768 44.40146472728253 240.50735201174825 -999.0 5400.0 -999.0 1 92 {-999.0 -999.0 -999.0 -999.0 -999.0} "" -999.0 -999.0 -999.0 -999.0 -999 -999 "" "" "" "" 0 0 0.0 0.0 -999 ""
FIBERMAP 417 R+13C12 METROLOGY 0 0 0 1 0 0 106.50585502858965 260.20699674093925 143.1 227.00032377670797 165.79203131961728 35.380154 137.41476 -999.0 -999.0 -999.0 -999.0 -999.0 104.35246219343021 4.783013951711624 104.37292774238773 4.754824261504593 44.39838201331472 240.50895160999534 -999.0 6231.0 -999.0 -1 -999 {-999.0 -999.0 -999.0 -999.0 -999.0} "" -999.0 -999.0 -999.0 -999.0 -999 -999 "" "" "" "" 0 0 0.0 0.0 -999 ""
FIBERMAP 422 R+8C8 APOGEE 0 0 0 1 0 0 -31.658855266385025 164.600029706503 143.1 59.26263604164804 156.7512092676422 59.559044 90.31084 -999.0 -999.0 -999.0 -999.0 -999.0 103.59339824525807 4.744787898367991 103.61385911329324 4.718487083207686 43.81638800669117 241.1838927548219 -999.0 16600.0 -999.0 2 -999 {-999.0 -999.0 -999.0 -999.0 -999.0} "" -999.0 -999.0 -999.0 -999.0 -999 -999 "" "" "" "" 0 0 0.0 0.0 -999 ""
FIBERMAP 422 R+8C8 BOSS 1 1 0 1 0 0 -30.99647261088097 164.2343092768072 143.1 59.635122295841846 156.092800211182 59.559044 90.31084 103.59498118775477 4.741711721658067 -0.7966466 -1.0561489 0.09039337 103.59496996543194 4.741720671548154 103.61558074898113 4.715559600982842 43.81568492710975 241.1792921934242 5400.0 5400.0 2016.0 1 132 {-999.0 16.69303 15.852888 15.616943 -999.0} sdss_psfmag_ps1 16.45704 15.926811 15.213158 13.975 63050395118191239 1093344586 bright_3x1 mwm_astar_core_boss mwm_ob science 0 0 0.0 0.0 -999 ""
FIBERMAP 422 R+8C8 METROLOGY 0 0 0 1 0 0 -31.638527557876778 163.85420884008894 143.1 58.88926424514403 156.10544709602055 59.559044 90.31084 -999.0 -999.0 -999.0 -999.0 -999.0 103.59161165286086 4.741807002289483 103.61217883337366 4.715614119669049 43.813215331780675 241.18251225499665 -999.0 6231.0 -999.0 -1 -999 {-999.0 -999.0 -999.0 -999.0 -999.0} "" -999.0 -999.0 -999.0 -999.0 -999 -999 "" "" "" "" 0 0 0.0 0.0 -999 ""
FIBERMAP 423 R-11C2 APOGEE 0 0 0 1 0 0 -153.94054103278626 -224.3180760764359 143.1 -248.5943431675854 -110.38269635980161 235.92455 113.93932 -999.0 -999.0 -999.0 -999.0 -999.0 102.19978721088862 3.528951422663264 102.2176785001862 3.5065736967769827 41.970821746564255 241.24245274436032 -999.0 16600.0 -999.0 2 -999 {-999.0 -999.0 -999.0 -999.0 -999.0} "" -999.0 -999.0 -999.0 -999.0 -999 -999 "" "" "" "" 0 0 0.0 0.0 -999 ""
FIBERMAP 423 R-11C2 BOSS 1 1 0 1 0 0 -154.76027033180642 -224.11992903772332 143.1 -249.18859980170552 -109.78456407527074 235.92455 113.93932 102.19692671926582 3.5315070491903264 -0.53377914 -0.4112485 0.20814452 102.19693687339362 3.531500684284536 102.21500290571521 3.509282849503043 41.97067577190662 241.2475656055558 5400.0 5400.0 2016.0 1 428 {-999.0 15.197303 14.6566925 14.400615 -999.0} sdss_psfmag_from_g3xp 15.064373 14.640064 14.024219 12.974 63050395117719986 1068446228 bright_3x1 mwm_ob_core_boss mwm_ob science 0 0 0.0 0.0 -999 ""
FIBERMAP 423 R-11C2 METROLOGY 0 0 0 1 0 0 -154.20411693115886 -223.6200863012179 143.1 -248.45316797097396 -109.65024510232175 235.92455 113.93932 -999.0 -999.0 -999.0 -999.0 -999.0 102.200265917733 3.5321432481436648 102.21828503544714 3.5098731309997593 41.973493296459516 241.24518142631558 -999.0 6231.0 -999.0 -1 -999 {-999.0 -999.0 -999.0 -999.0 -999.0} "" -999.0 -999.0 -999.0 -999.0 -999 -999 "" "" "" "" 0 0 0.0 0.0 -999 ""
FIBERMAP 425 R-10C2 APOGEE 0 0 0 1 0 0 -135.70960794130042 -188.1398891184894 143.1 -214.1183822293796 -89.12454743361012 89.67633 22.878355 -999.0 -999.0 -999.0 -999.0 -999.0 102.35349512734327 3.6247766931807917 102.371576640652 3.6019719978672518 42.148576247143616 241.19782627314942 -999.0 16600.0 -999.0 2 -999 {-999.0 -999.0 -999.0 -999.0 -999.0} "" -999.0 -999.0 -999.0 -999.0 -999 -999 "" "" "" "" 0 0 0.0 0.0 -999 ""
FIBERMAP 425 R-10C2 BOSS 1 1 0 1 0 0 -135.42356543268625 -188.80579971713618 143.1 -214.22362169430778 -89.84144987830831 89.67633 22.878355 102.35263325931683 3.621425119528763 -0.4561439 -0.23715706 0.17543289 102.3528486598052 3.6213676809873427 102.3710888983698 3.598717490482994 42.1460217884476 241.19502828392376 5400.0 5400.0 2016.0 1 427 {-999.0 13.907201 13.510545 13.358192 -999.0} sdss_psfmag_from_g3xp 13.824375 13.503898 12.998762 12.216 63050395117718458 1093208417 bright_3x1 mwm_astar_core_boss mwm_ob science 0 0 0.8711414337158203 0.0 -999 ""
FIBERMAP 425 R-10C2 METROLOGY 0 0 0 1 0 0 -136.16050772528166 -188.73432276938533 143.1 -214.81373331106371 -89.39455142232663 89.67633 22.878355 -999.0 -999.0 -999.0 -999.0 -999.0 102.35023407624074 3.6234367163117085 102.3684327382432 3.6007498836147125 42.14543537181111 241.19946354419068 -999.0 6231.0 -999.0 -1 -999 {-999.0 -999.0 -999.0 -999.0 -999.0} "" -999.0 -999.0 -999.0 -999.0 -999 -999 "" "" "" "" 0 0 0.0 0.0 -999 ""
FIBERMAP 428 R+3C23 APOGEE 0 0 0 1 0 0 237.4446159545003 65.29796082716753 143.1 236.4041292720768 -68.77485785498627 349.30945 175.24268 -999.0 -999.0 -999.0 -999.0 -999.0 104.39854262088828 3.7224774682839055 104.41633089752992 3.694285060173685 43.70496162748051 239.39079683910285 -999.0 16600.0 -999.0 2 -999 {-999.0 -999.0 -999.0 -999.0 -999.0} "" -999.0 -999.0 -999.0 -999.0 -999 -999 "" "" "" "" 0 0 0.0 0.0 -999 ""
FIBERMAP 428 R+3C23 BOSS 1 1 0 1 0 0 238.14115913408776 65.10243004617492 143.1 236.89485555444054 -69.3062338444897 349.30945 175.24268 104.40060899270698 3.719867717505205 -0.22081336 -0.47301024 -0.4293855 104.40060496402634 3.719930344217457 104.41854175116725 3.6918801015566918 43.70490571474038 239.38628288435424 5400.0 5400.0 2016.0 1 186 {-999.0 14.201397 14.012583 13.928196 -999.0} sdss_psfmag_from_g3xp 14.18887 14.085318 13.583645 13.055 63050395117904186 1068446318 bright_3x1 mwm_ob_core_boss mwm_ob science 0 0 0.0 0.0 -999 ""
FIBERMAP 428 R+3C23 METROLOGY 0 0 0 1 0 0 237.62257706633966 64.57339763241866 143.1 236.17612772391132 -69.48509061595712 349.30945 175.24268 -999.0 -999.0 -999.0 -999.0 -999.0 104.39741964355912 3.7191485534864075 104.41531140393494 3.691065129915738 43.702006805553616 239.38853569791104 -999.0 6231.0 -999.0 -1 -999 {-999.0 -999.0 -999.0 -999.0 -999.0} "" -999.0 -999.0 -999.0 -999.0 -999 -999 "" "" "" "" 0 0 0.0 0.0 -999 ""
FIBERMAP 432 R+11C15 APOGEE 0 0 0 1 0 0 165.7719601717701 218.3968012711328 143.1 255.5678178901878 99.14272087089903 75.88601 40.530212 -999.0 -999.0 -999.0 -999.0 -999.0 104.48290402781724 4.4822726300211295 104.50249966071055 4.45370288278956 44.28809826517405 240.0775368429076 -999.0 16600.0 -999.0 2 -999 {-999.0 -999.0 -999.0 -999.0 -999.0} "" -999.0 -999.0 -999.0 -999.0 -999 -999 "" "" "" "" 0 0 0.0 0.0 -999 ""
FIBERMAP 432 R+11C15 BOSS 1 1 0 1 0 0 166.11004825058922 217.7573133485683 143.1 255.52073948865194 98.42105607016644 75.88601 40.530212 104.48256277168998 4.478845838819989 1.9547576 1.3755137 1.7306455 104.48256191169486 4.478874739880934 104.50230283786283 4.450449354416386 44.28573464573706 240.07440158233385 5400.0 5400.0 2016.0 1 178 {-999.0 15.79739 14.977169 14.713901 -999.0} sdss_psfmag_from_g3xp 15.552871 15.039284 14.346996 13.015 63050395118070766 1095641361 bright_1x1 mwm_bin_vis_boss mwm_filler science 0 0 0.0 0.0 -999 ""
FIBERMAP 432 R+11C15 METROLOGY 0 0 0 1 0 0 165.36336445822874 217.77253248015617 143.1 254.89286292422514 98.82515028875319 75.88601 40.530212 -999.0 -999.0 -999.0 -999.0 -999.0 104.4797854929318 4.4807505149271325 104.49948819291069 4.452291513024317 44.28494043304469 240.07895754587838 -999.0 6231.0 -999.0 -1 -999 {-999.0 -999.0 -999.0 -999.0 -999.0} "" -999.0 -999.0 -999.0 -999.0 -999 -999 "" "" "" "" 0 0 0.0 0.0 -999 ""
FIBERMAP 436 R+4C3 APOGEE 1 1 0 1 0 0 -196.38658563914785 82.76462503087552 143.1 -123.88121892710019 173.3522128609712 328.57227 171.29515 102.75907876208319 4.816451463084749 -2.8156595 -2.056154 0.900362 102.75906307651076 4.816485439146179 102.77991814142672 4.792359153220219 43.24900358139519 242.02769176613708 16000.0 16600.0 2016.0 2 149 {-999.0 17.612108 16.259047 15.592146 -999.0} sdss_psfmag_ps1 16.964296 16.106108 15.120704 12.376 63050395118199638 1009254425 bright_3x1 mwm_yso_pms_apogee_sagitta_edr3 mwm_yso science 0 0 0.0 0.0 -999 ""
FIBERMAP 436 R+4C3 BOSS 0 0 0 1 0 0 -195.82522465628026 82.28820088872361 143.1 -123.6527488034874 172.6524505656435 328.57227 171.29515 -999.0 -999.0 -999.0 -999.0 -999.0 102.75990725034329 4.813230611684492 102.78091642415092 4.78924743324078 43.247670035074215 242.02359740782634 -999.0 5400.0 -999.0 1 29 {-999.0 -999.0 -999.0 -999.0 -999.0} "" -999.0 -999.0 -999.0 -999.0 -999 -999 "" "" "" "" 0 0 0.0 0.0 -999 ""
FIBERMAP 436 R+4C3 METROLOGY 0 0 0 1 0 0 -196.52533655623967 82.03713665513224 143.1 -124.38045322020336 172.8053918703737 328.57227 171.29515 -999.0 -999.0 -999.0 -999.0 -999.0 102.75665748951924 4.813927613129957 102.77762325753616 4.789911846932503 43.24566746668134 242.02728128442703 -999.0 6231.0 -999.0 -1 -999 {-999.0 -999.0 -999.0 -999.0 -999.0} "" -999.0 -999.0 -999.0 -999.0 -999 -999 "" "" "" "" 0 0 0.0 0.0 -999 ""
FIBERMAP 440 R+8C4 APOGEE 0 0 0 1 0 0 -132.91929288427912 169.90183199294236 143.1 -24.189837574129438 214.30912210873566 97.63336 102.882675 -999.0 -999.0 -999.0 -999.0 -999.0 103.21241113645272 5.0035480341476095 103.23359958770601 4.9781926348129195 43.709627182008646 241.8025274163203 -999.0 16600.0 -999.0 2 -999 {-999.0 -999.0 -999.0 -999.0 -999.0} "" -999.0 -999.0 -999.0 -999.0 -999 -999 "" "" "" "" 0 0 0.0 0.0 -999 ""
FIBERMAP 440 R+8C4 BOSS 1 1 0 1 0 0 -132.19316361096278 170.17176817825944 143.1 -23.43009204408221 214.15862283367838 97.63336 102.882675 103.21540072242877 5.002775196102109 -0.3449211 -0.9457642 0.2750367 103.21570680036213 5.002785475441144 103.23705190840849 4.977564243118768 43.71176565329193 241.79870087317002 5400.0 5400.0 2016.0 1 57 {-999.0 12.80089 12.616295 12.57701 -999.0} sdss_psfmag_gaia 12.788316 12.607093 12.235486 11.75 63050395118206310 1068388844 bright_3x1 mwm_ob_core_boss mwm_ob science 0 0 1.1512761116027832 0.0 -999 ""
FIBERMAP 440 R+8C4 METROLOGY 0 0 0 1 0 0 -132.3350815330554 169.43776402635436 143.1 -23.935436391984766 213.60791221202462 97.63336 102.882675 -999.0 -999.0 -999.0 -999.0 -999.0 103.2134559390381 5.000334742707237 103.23475054204556 4.9750794991306115 43.70839957161022 241.79826365539836 -999.0 6231.0 -999.0 -1 -999 {-999.0 -999.0 -999.0 -999.0 -999.0} "" -999.0 -999.0 -999.0 -999.0 -999 -999 "" "" "" "" 0 0 0.0 0.0 -999 ""
FIBERMAP 448 R+7C8 APOGEE 1 1 0 1 0 0 -40.292342770402136 141.49368441733571 143.1 39.806912531493694 141.59715122859527 48.18821 85.70689 103.50494384765625 4.6760915618366 -999.0 -999.0 -999.0 103.50494799983767 4.676125826412911 103.52526586607542 4.65007069863144 43.70504023614847 241.19619097235307 16000.0 16600.0 2015.5 2 27 {-999.0 -999.0 -999.0 -999.0 -999.0} "" -999.0 -999.0 -999.0 -999.0 27021603131852471 848088745 "" ops_sky_apogee_best ops_sky sky_apogee 0 0 0.0 0.0 -999 ""
FIBERMAP 448 R+7C8 BOSS 0 0 0 1 0 0 -39.79371963414441 140.94758181336246 143.1 39.94545782971366 140.87091715220816 48.18821 85.70689 -999.0 -999.0 -999.0 -999.0 -999.0 103.50544815350352 4.672748041394069 103.52591607371465 4.646836085891459 43.70334107875687 241.19227953209196 -999.0 5400.0 -999.0 1 104 {-999.0 -999.0 -999.0 -999.0 -999.0} "" -999.0 -999.0 -999.0 -999.0 -999 -999 "" "" "" "" 0 0 0.0 0.0 -999 ""
FIBERMAP 448 R+7C8 METROLOGY 0 0 0 1 0 0 -40.528238804754906 140.78249981919834 143.1 39.233493368887444 141.1151013115412 48.18821 85.70689 -999.0 -999.0 -999.0 -999.0 -999.0 103.50223892393579 4.6738803442617565 103.52266555960745 4.647935814407508 43.70168658007958 241.1964220076552 -999.0 6231.0 -999.0 -1 -999 {-999.0 -999.0 -999.0 -999.0 -999.0} "" -999.0 -999.0 -999.0 -999.0 -999 -999 "" "" "" "" 0 0 0.0 0.0 -999 ""
FIBERMAP 450 R+2C17 APOGEE 0 0 0 1 0 0 82.70148724105475 42.99147928506611 143.1 92.9457373675435 -6.711404738182581 83.59896 164.61786 -999.0 -999.0 -999.0 -999.0 -999.0 103.74915934462825 4.002266505070305 103.76778656372034 3.975711963933637 43.42618879918947 240.28543833253127 -999.0 16600.0 -999.0 2 61 {-999.0 -999.0 -999.0 -999.0 -999.0} "" -999.0 -999.0 -999.0 -999.0 -999 -999 "" "" "" "" 0 0 0.0 0.0 -999 ""
FIBERMAP 450 R+2C17 BOSS 1 1 0 1 0 0 82.95904050478104 43.694215877469475 143.1 93.53317373436147 -6.247893507066541 83.59896 164.61786 103.75169144731176 4.004219819891166 0.16663809 -0.014366773 0.064710505 103.75172107458313 4.004232282515764 103.77051055633962 3.977817469339034 43.429612483931265 240.28501173622703 5400.0 5400.0 2016.0 1 199 {-999.0 15.860524 15.320064 15.017134 -999.0} sdss_psfmag_ps1 15.687496 15.307055 14.664609 13.649 63050395117972212 1093344558 bright_3x1 mwm_astar_core_boss mwm_ob science 0 0 0.0 0.0 -999 ""
FIBERMAP 450 R+2C17 METROLOGY 0 0 0 1 0 0 83.4435773397767 43.123154409989354 143.1 93.64664948945959 -6.98800284008974 83.59896 164.61786 -999.0 -999.0 -999.0 -999.0 -999.0 103.75228011457504 4.000906061079841 103.77101661199885 3.9744488807693834 43.42768721783232 240.28114256642843 -999.0 6231.0 -999.0 -1 -999 {-999.0 -999.0 -999.0 -999.0 -999.0} "" -999.0 -999.0 -999.0 -999.0 -999 -999 "" "" "" "" 0 0 0.0 0.0 -999 ""
FIBERMAP 452 R+12C9 APOGEE 0 0 0 1 0 0 20.87756791967806 252.09673074864594 143.1 149.8339993810199 203.74015027591776 139.01724 62.341877 -999.0 -999.0 -999.0 -999.0 -999.0 104.00350443263756 4.955649411284714 104.02436846758673 4.928233632810052 44.2599477402004 241.0159547480489 -999.0 16600.0 -999.0 2 -999 {-999.0 -999.0 -999.0 -999.0 -999.0} "" -999.0 -999.0 -999.0 -999.0 -999 -999 "" "" "" "" 0 0 0.0 0.0 -999 ""
FIBERMAP 452 R+12C9 BOSS 1 1 0 1 0 0 21.55235730605135 252.39102775836514 143.1 150.56278662054288 203.63728908313237 139.01724 62.341877 104.0062706020882 4.955055294171087 1.0303456 -1.4670334 0.3587504 104.00665982598386 4.955045073192098 104.02767673797564 4.927762419952126 44.26206331662234 241.0123647468322 5400.0 5400.0 2016.0 1 154 {-999.0 11.845371 11.743502 11.738373 -999.0} sdss_psfmag_gaia 11.878293 11.717337 11.419316 10.971 63050395118300012 1068388872 bright_3x1 mwm_ob_core_boss mwm_ob science 0 0 1.3986080884933472 0.0 -999 ""
FIBERMAP 452 R+12C9 METROLOGY 0 0 0 1 0 0 21.47313469038654 251.64732869909602 143.1 150.10575284917942 203.04548105012364 139.01724 62.341877 -999.0 -999.0 -999.0 -999.0 -999.0 104.00465649431166 4.952437178519005 104.02562365302856 4.925120268436881 44.25877103482405 241.0115676073649 -999.0 6231.0 -999.0 -1 -999 {-999.0 -999.0 -999.0 -999.0 -999.0} "" -999.0 -999.0 -999.0 -999.0 -999 -999 "" "" "" "" 0 0 0.0 0.0 -999 ""
FIBERMAP 455 R-2C17 APOGEE 0 0 0 1 0 0 95.9991030057722 -29.01133009333152 143.1 66.55238881931399 -74.9920485653678 48.121593 122.87648 -999.0 -999.0 -999.0 -999.0 -999.0 103.62930265213231 3.691190610261529 103.6472118232042 3.665015774723728 43.12627700307488 240.08611759083945 -999.0 16600.0 -999.0 2 238 {-999.0 -999.0 -999.0 -999.0 -999.0} "" -999.0 -999.0 -999.0 -999.0 -999 -999 "" "" "" "" 0 0 0.0 0.0 -999 ""
FIBERMAP 455 R-2C17 BOSS 1 1 0 1 0 0 96.73506922547023 -29.052928327201347 143.1 67.15732056607638 -75.41299209994517 48.121593 122.87648 103.63195545696728 3.689084379198783 -1.3229865 -2.4917142 1.1670982 103.63193557296118 3.6890994642962074 103.64999846034715 3.6630669892902614 43.126976813589835 240.08156470450945 5400.0 5400.0 2016.0 1 303 {-999.0 13.748419 13.45765 13.3886795 -999.0} sdss_psfmag_from_g3xp 13.718718 13.467372 13.065473 12.38 63050395117933592 979094277 "" ops_std_boss ops_std standard_boss 0 0 0.0 0.0 -999 ""
FIBERMAP 455 R-2C17 METROLOGY 0 0 0 1 0 0 96.31950562005632 -29.683541792723986 143.1 66.4731084760891 -75.7323155968281 48.121593 122.87648 -999.0 -999.0 -999.0 -999.0 -999.0 103.62885741407835 3.6876864684308788 103.6468725284326 3.661620198145274 43.12371023546589 240.08303671508554 -999.0 6231.0 -999.0 -1 -999 {-999.0 -999.0 -999.0 -999.0 -999.0} "" -999.0 -999.0 -999.0 -999.0 -999 -999 "" "" "" "" 0 0 0.0 0.0 -999 ""
FIBERMAP 463 R+8C11 APOGEE 0 0 0 1 0 0 38.96953839572239 150.2957509223406 143.1 111.91422176969655 107.57304853786444 16.497894 81.19877 -999.0 -999.0 -999.0 -999.0 -999.0 103.83406506009494 4.522015901059668 103.85392432147881 4.495131183848872 43.84203714746421 240.7315440809983 -999.0 16600.0 -999.0 2 -999 {-999.0 -999.0 -999.0 -999.0 -999.0} "" -999.0 -999.0 -999.0 -999.0 -999 -999 "" "" "" "" 0 0 0.0 0.0 -999 ""
FIBERMAP 463 R+8C11 BOSS 1 1 0 1 0 0 39.07376971342402 149.54842251613246 143.1 111.61150954496499 106.88205150869655 16.497894 81.19877 103.83256333738818 4.518748160422031 -1.1831506 -0.4524103 0.28617495 103.83258583198744 4.518777679893773 103.85259449412541 4.492041411020621 43.838969253818405 240.72963687396157 5400.0 5400.0 2016.0 1 134 {-999.0 14.357674 13.867232 13.622502 -999.0} sdss_psfmag_from_g3xp 14.2423115 13.858191 13.2216215 12.153 63050395117985757 1093208335 bright_3x1 mwm_astar_core_boss mwm_ob science 0 0 0.0 0.0 -999 ""
FIBERMAP 463 R+8C11 METROLOGY 0 0 0 1 0 0 38.38351802659536 149.83396947243165 143.1 111.17329389619532 107.48678633877894 16.497894 81.19877 -999.0 -999.0 -999.0 -999.0 -999.0 103.83061737239628 4.5215548527512 103.85058881382741 4.494782367756958 43.83935419248964 240.734310276837 -999.0 6231.0 -999.0 -1 -999 {-999.0 -999.0 -999.0 -999.0 -999.0} "" -999.0 -999.0 -999.0 -999.0 -999 -999 "" "" "" "" 0 0 0.0 0.0 -999 ""
FIBERMAP 466 R+5C5 APOGEE 1 1 0 1 0 0 -153.02378786050934 114.96722311045947 143.1 -70.08640177455443 178.06011090387713 158.3035 61.031715 103.00359792033953 4.839388601688698 -2.5184386 -3.0004773 0.80131274 103.00359364521155 4.83935894110271 103.02443919078473 4.814585230971574 43.44526358703332 241.8267762601786 16000.0 16600.0 2016.0 2 128 {-999.0 14.30781 13.540805 13.14267 -999.0} sdss_psfmag_from_g3xp 14.080386 13.502305 12.761866 11.473 63050395118200294 1106907790 bright_flexible_4x1 mwm_tess_rgb_apogee mwm_tessrgb science 0 0 0.0 0.0 -999 ""
FIBERMAP 466 R+5C5 BOSS 0 0 0 1 0 0 -152.44067885153646 115.43085853992142 143.1 -69.3469819424388 178.14947693762755 158.3035 61.031715 -999.0 -999.0 -999.0 -999.0 -999.0 103.00677954689893 4.8396852684694975 103.02778585124145 4.815047096958251 43.448052968539635 241.8241796480351 -999.0 5400.0 -999.0 1 42 {-999.0 -999.0 -999.0 -999.0 -999.0} "" -999.0 -999.0 -999.0 -999.0 -999 -999 "" "" "" "" 0 0 0.0 0.0 -999 ""
FIBERMAP 466 R+5C5 METROLOGY 0 0 0 1 0 0 -152.32538244208212 114.69084167232242 143.1 -69.63644154581783 177.4589099399251 158.3035 61.031715 -999.0 -999.0 -999.0 -999.0 -999.0 103.00551199027618 4.836594204206338 103.02646557150393 4.811919211046425 43.44498384336782 241.8221860111803 -999.0 6231.0 -999.0 -1 -999 {-999.0 -999.0 -999.0 -999.0 -999.0} "" -999.0 -999.0 -999.0 -999.0 -999 -999 "" "" "" "" 0 0 0.0 0.0 -999 ""
FIBERMAP 469 R+1C6 APOGEE 0 0 0 1 0 0 -158.67818811507794 19.536006873497715 143.1 -124.89106265235657 99.75629115953329 327.30527 145.43231 -999.0 -999.0 -999.0 -999.0 -999.0 102.75437953874233 4.483543928357729 102.77442908529542 4.459499221275164 43.0224914657283 241.693373927045 -999.0 16600.0 -999.0 2 -999 {-999.0 -999.0 -999.0 -999.0 -999.0} "" -999.0 -999.0 -999.0 -999.0 -999 -999 "" "" "" "" 0 0 0.0 0.0 -999 ""
FIBERMAP 469 R+1C6 BOSS 1 1 0 1 0 0 -158.37021970410342 18.850020835182267 143.1 -124.98814690077317 99.01080779025258 327.30527 145.43231 102.7537095546727 4.480035161703997 7.6609135 0.057014585 2.7719505 102.7537329562611 4.480048013403188 102.773937073578 4.456152196875194 43.01988547759351 241.69042378628114 5400.0 5400.0 2016.0 1 20 {-999.0 16.981453 15.784122 15.067846 -999.0} sdss_psfmag_ps1 16.275791 15.529935 14.57314 12.768 63050395118172445 1096149979 bright_1x1 mwm_bin_vis_boss mwm_filler science 0 0 0.0 0.0 -999 ""
FIBERMAP 469 R+1C6 METROLOGY 0 0 0 1 0 0 -159.11020619193926 18.927712239478264 143.1 -125.5775955348589 99.46459288740066 327.30527 145.43231 -999.0 -999.0 -999.0 -999.0 -999.0 102.75110698932745 4.4821259461220295 102.77127068682194 4.458195096092632 43.019279746287836 241.69493392424226 -999.0 6231.0 -999.0 -1 -999 {-999.0 -999.0 -999.0 -999.0 -999.0} "" -999.0 -999.0 -999.0 -999.0 -999 -999 "" "" "" "" 0 0 0.0 0.0 -999 ""
FIBERMAP 481 R+7C10 APOGEE 1 1 0 1 0 0 10.111074322362768 135.86090274546328 143.1 79.77801960296061 110.39773890892428 65.761765 33.020916 103.68770104049783 4.5348343522447125 -1.7573203 -3.0899236 0.61971474 103.6876874778209 4.534824066181185 103.70761580039584 4.508319594733324 43.7435595934237 240.881713525989 16000.0 16600.0 2016.0 2 30 {-999.0 14.908438 13.676881 13.104431 -999.0} sdss_psfmag_from_g3xp 14.441127 13.606918 12.708564 10.753 63050395118185917 1109960472 bright_flexible_2x1 mwm_tess_rgb_apogee mwm_tessrgb science 0 0 0.0 0.0 -999 ""
FIBERMAP 481 R+7C10 BOSS 0 0 0 1 0 0 10.2590457836688 135.1344775192023 143.1 79.52350457350654 109.70162993957261 65.761765 33.020916 -999.0 -999.0 -999.0 -999.0 -999.0 103.68641482704331 4.531565760548875 103.70649322035246 4.505209446371214 43.74063240897976 240.8795884809078 -999.0 5400.0 -999.0 1 127 {-999.0 -999.0 -999.0 -999.0 -999.0} "" -999.0 -999.0 -999.0 -999.0 -999 -999 "" "" "" "" 0 0 0.0 0.0 -999 ""
FIBERMAP 481 R+7C10 METROLOGY 0 0 0 1 0 0 9.548094237651252 135.35282855419132 143.1 79.0324625466205 110.25998633912508 65.761765 33.020916 -999.0 -999.0 -999.0 -999.0 -999.0 103.68420596701557 4.534130939402705 103.70424647565926 4.507739018277124 43.740691955906634 240.8842642699774 -999.0 6231.0 -999.0 -1 -999 {-999.0 -999.0 -999.0 -999.0 -999.0} "" -999.0 -999.0 -999.0 -999.0 -999 -999 "" "" "" "" 0 0 0.0 0.0 -999 ""
FIBERMAP 483 R+13C1 APOGEE 0 0 0 1 0 0 -154.51159838315755 240.353941318846 143.1 -5.67224600383856 285.6142399990156 243.41257 106.88337 -999.0 -999.0 -999.0 -999.0 -999.0 103.29603293449708 5.3221976800593325 103.31797309798151 5.2965585234565165 43.98461680470725 242.05364904891798 -999.0 16600.0 -999.0 2 135 {-999.0 -999.0 -999.0 -999.0 -999.0} "" -999.0 -999.0 -999.0 -999.0 -999 -999 "" "" "" "" 0 0 0.0 0.0 -999 ""
FIBERMAP 483 R+13C1 BOSS 1 1 0 1 0 0 -155.23790167556652 240.52207513604577 143.1 -6.202666223659672 286.1378749215736 243.41257 106.88337 103.29345703125 5.3243518838604444 -999.0 -999.0 -999.0 103.29346365412412 5.3243572980017975 103.31556816775668 5.298865233081347 43.98436640335703 242.0582569428863 5400.0 5400.0 2015.5 1 7 {-999.0 -999.0 -999.0 -999.0 -999.0} "" -999.0 -999.0 -999.0 -999.0 27021603131857453 819468286 "" ops_sky_boss_good ops_sky sky_boss 0 0 0.0 0.0 -999 ""
FIBERMAP 483 R+13C1 METROLOGY 0 0 0 1 0 0 -154.74958108428007 241.07411985991098 143.1 -5.497653465491792 286.3521799599976 243.41257 106.88337 -999.0 -999.0 -999.0 -999.0 -999.0 103.29670526309616 5.325356619514246 103.31876643571832 5.299815950710812 43.987375319142316 242.05629538082874 -999.0 6231.0 -999.0 -1 -999 {-999.0 -999.0 -999.0 -999.0 -999.0} "" -999.0 -999.0 -999.0 -999.0 -999 -999 "" "" "" "" 0 0 0.0 0.0 -999 ""
FIBERMAP 488 R+13C8 APOGEE 0 0 0 1 0 0 -5.992354828801851 256.1580623292082 143.1 129.0799905564046 221.27386066176774 196.43134 82.09001 -999.0 -999.0 -999.0 -999.0 -999.0 103.90896536455448 5.034672386581995 103.9300456073089 5.0074875372979415 44.24390870199263 241.18610794112587 -999.0 16600.0 -999.0 2 37 {-999.0 -999.0 -999.0 -999.0 -999.0} "" -999.0 -999.0 -999.0 -999.0 -999 -999 "" "" "" "" 0 0 0.0 0.0 -999 ""
FIBERMAP 488 R+13C8 BOSS 1 1 0 1 0 0 -6.1091486831732205 256.88603865242806 143.1 129.3618678112969 221.9549587736625 196.43134 82.09001 103.91006469726562 5.0375870161862935 -999.0 -999.0 -999.0 103.91006969824878 5.03758813962908 103.93131226752354 5.010540824946822 44.24689694403899 241.18807478084173 5400.0 5400.0 2015.5 1 166 {-999.0 -999.0 -999.0 -999.0 -999.0} "" -999.0 -999.0 -999.0 -999.0 27021603131859537 819468438 "" ops_sky_boss_good ops_sky sky_boss 0 0 0.0 0.0 -999 ""
FIBERMAP 488 R+13C8 METROLOGY 0 0 0 1 0 0 -5.403658338354358 256.6280856705348 143.1 129.827514654159 221.36573952772306 196.43134 82.09001 -999.0 -999.0 -999.0 -999.0 -999.0 103.91224046909905 5.034976980709166 103.93343205414902 5.007884569219088 44.24667093541219 241.18334821845224 -999.0 6231.0 -999.0 -1 -999 {-999.0 -999.0 -999.0 -999.0 -999.0} "" -999.0 -999.0 -999.0 -999.0 -999 -999 "" "" "" "" 0 0 0.0 0.0 -999 ""
FIBERMAP 489 R-5C2 APOGEE 0 0 0 1 1 0 -222.47779009466527 -83.51868290979272 143.1 -233.20345565933354 45.41870510503235 151.51817 88.439896 -999.0 -999.0 -999.0 -999.0 -999.0 102.26487921549014 4.234120123684933 102.28445533068401 4.211418131123036 42.493415910627434 241.88754837843754 -999.0 16600.0 -999.0 2 -999 {-999.0 -999.0 -999.0 -999.0 -999.0} "" -999.0 -999.0 -999.0 -999.0 -999 -999 "" "" "" "" 0 0 0.0 0.0 -999 ""
FIBERMAP 489 R-5C2 BOSS 1 0 0 1 1 0 -222.11461179210002 -82.87926555129944 143.1 -232.55924126020489 45.77296658535429 151.51817 88.439896 102.18197352495315 4.1271483572586085 -0.43885222 0.09642116 0.205005 102.26757295752974 4.235599130490069 102.28731799402078 4.213038591623523 42.49662240522197 241.8865942659778 5400.0 5400.0 2016.0 1 487 {-999.0 14.139635 13.739034 13.612499 -999.0} sdss_psfmag_gaia 14.064008 13.76347 13.274687 12.461 63050395118164242 1068388843 bright_3x1 mwm_ob_core_boss mwm_ob science 0 0 0.0 0.0 -999 ""
FIBERMAP 489 R-5C2 METROLOGY 0 0 0 1 1 0 -221.7316925687403 -83.5180029682906 143.1 -232.56774995243663 45.02845706219191 151.51817 88.439896 -999.0 -999.0 -999.0 -999.0 -999.0 102.2675934783875 4.232268126834613 102.28728339659904 4.209666065450239 42.49434204583102 241.88322403871837 -999.0 6231.0 -999.0 -1 -999 {-999.0 -999.0 -999.0 -999.0 -999.0} "" -999.0 -999.0 -999.0 -999.0 -999 -999 "" "" "" "" 0 0 0.0 0.0 -999 ""
FIBERMAP 493 R+8C15 APOGEE 1 1 0 1 0 0 122.33710859695924 147.67718442506253 143.1 181.53533490509534 61.67287346974151 323.0203 119.454346 104.15079797164316 4.313577377047003 -1.497152 -3.485741 1.1292458 104.15078262699701 4.313566137552041 104.17005677136086 4.285896978878829 43.931214411233746 240.22139723610275 16000.0 16600.0 2016.0 2 78 {-999.0 11.05736 11.237499 11.405734 -999.0} sdss_psfmag_from_g3xp 11.177744 11.148082 11.085286 10.965 63050395117980674 974928080 "" ops_std_apogee ops_std standard_apogee 0 0 0.0 0.0 -999 ""
FIBERMAP 493 R+8C15 BOSS 0 0 0 1 0 0 122.23605464556063 146.93962522163227 143.1 181.06292659245798 61.09772978796791 323.0203 119.454346 -999.0 -999.0 -999.0 -999.0 -999.0 104.14855031413771 4.310830507205306 104.16797391965702 4.283312101017489 43.92793285652165 240.22073561343913 -999.0 5400.0 -999.0 1 230 {-999.0 -999.0 -999.0 -999.0 -999.0} "" -999.0 -999.0 -999.0 -999.0 -999 -999 "" "" "" "" 0 0 0.0 0.0 -999 ""
FIBERMAP 493 R+8C15 METROLOGY 0 0 0 1 0 0 121.6448202793984 147.39324973239982 143.1 180.79707428754548 61.79372527181547 323.0203 119.454346 -999.0 -999.0 -999.0 -999.0 -999.0 104.1473705999713 4.314026749718764 104.16675815532528 4.286469842195691 43.92919724481039 240.22509169511122 -999.0 6231.0 -999.0 -1 -999 {-999.0 -999.0 -999.0 -999.0 -999.0} "" -999.0 -999.0 -999.0 -999.0 -999 -999 "" "" "" "" 0 0 0.0 0.0 -999 ""
FIBERMAP 495 R+5C10 APOGEE 0 0 0 1 0 0 -31.18913918796635 104.31392507693202 143.1 28.083056819417866 105.16770320755627 6.7705374 165.13898 -999.0 -999.0 -999.0 -999.0 -999.0 103.45195153462251 4.510794379265111 103.47188333463453 4.484912194417924 43.55441801198959 241.07716792491564 -999.0 16600.0 -999.0 2 7 {-999.0 -999.0 -999.0 -999.0 -999.0} "" -999.0 -999.0 -999.0 -999.0 -999 -999 "" "" "" "" 0 0 0.0 0.0 -999 ""
FIBERMAP 495 R+5C10 BOSS 1 1 0 1 0 0 -30.446039470589277 104.19676734855918 143.1 28.6544829861236 104.67867922535075 6.7705374 165.13898 103.45442456591707 4.508483535584376 -1.9364913 1.7345936 0.10367108 103.45442103614249 4.5084823799381395 103.47450552490602 4.4827389760731835 43.55488198924535 241.07252099872704 5400.0 5400.0 2016.0 1 129 {-999.0 18.702576 17.698238 17.201828 16.841677} sdss_psfmag_from_ps1dr2 18.3655 17.706 16.8566 15.317 63050395118181107 1039371854 "" ops_std_boss_ps1dr2 ops_std standard_boss 0 0 0.0 0.0 -999 ""
FIBERMAP 495 R+5C10 METROLOGY 0 0 0 1 0 0 -30.918121785494744 103.61831197197095 143.1 27.949463504540585 104.4333777650642 6.7705374 165.13898 -999.0 -999.0 -999.0 -999.0 -999.0 103.45124802294917 4.507393900342185 103.47128568613766 4.481618018462808 43.55175613364873 241.0743668719509 -999.0 6231.0 -999.0 -1 -999 {-999.0 -999.0 -999.0 -999.0 -999.0} "" -999.0 -999.0 -999.0 -999.0 -999 -999 "" "" "" "" 0 0 0.0 0.0 -999 ""
FIBERMAP 501 R+6C19 APOGEE 0 0 0 1 0 0 172.93640855427154 125.5318340380259 143.1 213.02349662909998 16.30934882096191 106.90782 133.68039 -999.0 -999.0 -999.0 -999.0 -999.0 104.29350587023482 4.107759472284759 104.31224745932985 4.079760500553523 43.89404727659966 239.8779345709895 -999.0 16600.0 -999.0 2 34 {-999.0 -999.0 -999.0 -999.0 -999.0} "" -999.0 -999.0 -999.0 -999.0 -999 -999 "" "" "" "" 0 0 0.0 0.0 -999 ""
FIBERMAP 501 R+6C19 BOSS 1 1 0 1 0 0 173.31077446524185 126.17064707171862 143.1 213.67692142642434 16.657235293492775 106.90782 133.68039 104.29580744285522 4.109205150619261 -1.8508706 1.1174093 0.3107137 104.29633529243934 4.1091972307283875 104.3152346523492 4.081335710992562 43.89729789609774 239.87669887230297 5400.0 5400.0 2016.0 1 195 {-999.0 11.457954 10.611646 10.136594 -999.0} sdss_psfmag_from_g3xp 11.179452 10.575112 9.7454195 8.235 63050395117967180 1093208356 bright_3x1 mwm_astar_core_boss mwm_ob science 0 0 2.0558297634124756 0.0 -999 ""
FIBERMAP 501 R+6C19 METROLOGY 0 0 0 1 0 0 173.6819709417702 125.5191176662586 143.1 213.6517292625224 15.907973285358162 106.90782 133.68039 -999.0 -999.0 -999.0 -999.0 -999.0 104.29626332867252 4.105839320583403 104.31511069139304 4.077937570063681 43.89488222092799 239.87337781406654 -999.0 6231.0 -999.0 -1 -999 {-999.0 -999.0 -999.0 -999.0 -999.0} "" -999.0 -999.0 -999.0 -999.0 -999 -999 "" "" "" "" 0 0 0.0 0.0 -999 ""
FIBERMAP 506 R+6C10 APOGEE 0 0 0 1 0 0 -38.602675429922364 105.84724096846823 143.1 22.573153195164505 110.35683994812166 254.85646 65.79587 -999.0 -999.0 -999.0 -999.0 -999.0 103.42673433993225 4.534310067291342 103.44672960769071 4.508489104417118 43.551798978629385 241.12452249183872 -999.0 16600.0 -999.0 2 -999 {-999.0 -999.0 -999.0 -999.0 -999.0} "" -999.0 -999.0 -999.0 -999.0 -999 -999 "" "" "" "" 0 0 0.0 0.0 -999 ""
FIBERMAP 506 R+6C10 BOSS 1 1 0 1 0 0 -39.20534559108114 106.30445300549938 143.1 22.2994418309575 111.06188083287357 254.85646 65.79587 103.42532262038306 4.53741461644874 0.0021606386 0.38182405 0.13788883 103.42532759587809 4.537415001993862 103.44548977570304 4.511741765532972 43.553078649239986 241.1289871388941 5400.0 5400.0 2016.0 1 128 {-999.0 16.02961 15.513558 15.196441 -999.0} sdss_psfmag_ps1 15.893891 15.451326 14.83034 13.829 63050395118183710 1068388821 bright_3x1 mwm_ob_core_boss mwm_ob science 0 0 0.0 0.0 -999 ""
FIBERMAP 506 R+6C10 METROLOGY 0 0 0 1 0 0 -38.51250207546753 106.58786958434676 143.1 23.037903832269865 110.94029699541159 254.85646 65.79587 -999.0 -999.0 -999.0 -999.0 -999.0 103.42874338153852 4.53690120251452 103.44885834252847 4.51117811534604 43.55517915354595 241.12528912182677 -999.0 6231.0 -999.0 -1 -999 {-999.0 -999.0 -999.0 -999.0 -999.0} "" -999.0 -999.0 -999.0 -999.0 -999 -999 "" "" "" "" 0 0 0.0 0.0 -999 ""
FIBERMAP 507 R+1C26 APOGEE 1 1 0 1 0 0 296.4591132121287 8.52513676364663 143.1 256.9195137992366 -148.0339996084694 17.025637 56.317356 104.48844860147176 3.36568504135818 -0.20149381 -0.33173183 0.16683467 104.48846851207638 3.3657221128090273 104.5053781137139 3.3373707277377593 43.52284199317262 238.94941447098716 16000.0 16600.0 2016.0 2 42 {-999.0 14.708186 13.51884 13.010638 -999.0} sdss_psfmag_gaia 14.278949 13.502544 12.639331 10.79 63050395117896321 1104617677 bright_flexible_2x1 mwm_tess_rgb_apogee mwm_tessrgb science 0 0 0.0 0.0 -999 ""
FIBERMAP 507 R+1C26 BOSS 0 0 0 1 0 0 296.2229299788554 7.838005089839799 143.1 256.35844967278985 -148.49541648648446 17.025637 56.317356 -999.0 -999.0 -999.0 -999.0 -999.0 104.48577652811836 3.363487619985425 104.50283677723934 3.3352924943862843 43.519572484048304 238.94976844455908 -999.0 5400.0 -999.0 1 175 {-999.0 -999.0 -999.0 -999.0 -999.0} "" -999.0 -999.0 -999.0 -999.0 -999 -999 "" "" "" "" 0 0 0.0 0.0 -999 ""
FIBERMAP 507 R+1C26 METROLOGY 0 0 0 1 0 0 295.713952292112 8.378215181374259 143.1 256.2080001505101 -147.76877625213322 17.025637 56.317356 -999.0 -999.0 -999.0 -999.0 -999.0 104.48517678732188 3.3667862966231623 104.50220107286373 3.338549862059334 43.52136950807227 238.9536159895685 -999.0 6231.0 -999.0 -1 -999 {-999.0 -999.0 -999.0 -999.0 -999.0} "" -999.0 -999.0 -999.0 -999.0 -999 -999 "" "" "" "" 0 0 0.0 0.0 -999 ""
FIBERMAP 514 R+11C3 APOGEE 0 0 0 1 0 0 -119.47255297250294 230.7081322350581 143.1 19.11298296354263 259.0457732855692 111.201385 76.364296 -999.0 -999.0 -999.0 -999.0 -999.0 103.40890381463483 5.204311639079551 103.43052753551939 5.178400525794906 43.989338620364954 241.82738806956212 -999.0 16600.0 -999.0 2 133 {-999.0 -999.0 -999.0 -999.0 -999.0} "" -999.0 -999.0 -999.0 -999.0 -999 -999 "" "" "" "" 0 0 0.0 0.0 -999 ""
FIBERMAP 514 R+11C3 BOSS 1 1 0 1 0 0 -118.74380578386022 230.84055718926322 143.1 19.802925530073644 258.77680310595923 111.201385 76.364296 103.41191507784062 5.202977626669239 0.23462802 0.00442547 -0.17523476 103.41188602776343 5.202988845918594 103.43366371759947 5.177211368968211 43.99086911378515 241.82325849460375 5400.0 5400.0 2016.0 1 5 {-999.0 15.81038 15.32854 15.2165575 -999.0} sdss_psfmag_ps1 15.62351 15.348327 14.722623 13.588 63050395118209199 1093344632 bright_3x1 mwm_astar_core_boss mwm_ob science 0 0 0.0 0.0 -999 ""
FIBERMAP 514 R+11C3 METROLOGY 0 0 0 1 0 0 -118.98848351267262 230.13754064164513 143.1 19.22630685230806 258.3063089045973 111.201385 76.364296 -999.0 -999.0 -999.0 -999.0 -999.0 103.40931768833782 5.200923760492675 103.43104628870589 5.175113429652773 43.98752781512251 241.82350807785667 -999.0 6231.0 -999.0 -1 -999 {-999.0 -999.0 -999.0 -999.0 -999.0} "" -999.0 -999.0 -999.0 -999.0 -999 -999 "" "" "" "" 0 0 0.0 0.0 -999 ""
FIBERMAP 515 R+3C19 APOGEE 0 0 0 1 0 0 150.71149097580232 50.437892855407036 143.1 154.76122728668412 -35.99587949697339 267.5054 148.29213 -999.0 -999.0 -999.0 -999.0 -999.0 104.03037188564305 3.869748345570307 104.04860785360916 3.8424861564556725 43.53989464233892 239.8876281613722 -999.0 16600.0 -999.0 2 -999 {-999.0 -999.0 -999.0 -999.0 -999.0} "" -999.0 -999.0 -999.0 -999.0 -999 -999 "" "" "" "" 0 0 0.0 0.0 -999 ""
FIBERMAP 515 R+3C19 BOSS 1 1 0 1 0 0 150.31515708038296 49.81823020211541 143.1 154.09912686497591 -36.31595074797814 267.5054 148.29213 104.02723171635027 3.8681191728673046 0.4917658 -0.15060183 1.0020077 104.02726956199967 3.8681247557382488 104.04565933717282 3.841018009828022 43.53674497974072 239.8889294099186 5400.0 5400.0 2016.0 1 217 {-999.0 14.695844 14.311098 14.198383 -999.0} sdss_psfmag_from_g3xp 14.628443 14.32889 13.866949 13.077 63050395117958210 979094300 "" ops_std_boss ops_std standard_boss 0 0 0.0 0.0 -999 ""
FIBERMAP 515 R+3C19 METROLOGY 0 0 0 1 0 0 149.9663444733822 50.47555809724729 143.1 154.14641773200384 -35.57347626285226 267.5054 148.29213 -999.0 -999.0 -999.0 -999.0 -999.0 104.02751617316784 3.8715439003297027 104.04586963691509 3.844394120575005 43.53920873692906 239.8921266940519 -999.0 6231.0 -999.0 -1 -999 {-999.0 -999.0 -999.0 -999.0 -999.0} "" -999.0 -999.0 -999.0 -999.0 -999 -999 "" "" "" "" 0 0 0.0 0.0 -999 ""
FIBERMAP 533 R+1C3 APOGEE 1 1 0 1 0 0 -225.824094363215 12.826122498112365 143.1 -185.58490366672206 129.21532862546314 313.60355 130.32492 102.4794638058788 4.615031907372003 -4.051744 -9.325869 2.3203492 102.47940670351782 4.614931381795079 102.49984762001202 4.591583239428558 42.907102635008 242.07760732550787 16000.0 16600.0 2016.0 2 104 {-999.0 11.057005 10.946298 10.937477 -999.0} sdss_psfmag_gaia 11.093628 10.92205 10.624509 10.178 63050395118175376 975457889 "" ops_std_apogee ops_std standard_apogee 0 0 0.0 0.0 -999 ""
FIBERMAP 533 R+1C3 BOSS 0 0 0 1 0 0 -225.88225622669694 12.090870016454964 143.1 -186.01957830998975 128.61968117129535 313.60355 130.32492 -999.0 -999.0 -999.0 -999.0 -999.0 102.47724478663004 4.612097993292159 102.49784358581144 4.588902503640054 42.90382657007139 242.07669745011083 -999.0 5400.0 -999.0 1 61 {-999.0 -999.0 -999.0 -999.0 -999.0} "" -999.0 -999.0 -999.0 -999.0 -999 -999 "" "" "" "" 0 0 0.0 0.0 -999 ""
FIBERMAP 533 R+1C3 METROLOGY 0 0 0 1 0 0 -226.5028843755954 12.514382394737936 143.1 -186.32623488138404 129.3054315551353 313.60355 130.32492 -999.0 -999.0 -999.0 -999.0 -999.0 102.47591877194601 4.6152202902278985 102.49647896883249 4.591986153836347 42.9048683190588 242.08107333034627 -999.0 6231.0 -999.0 -1 -999 {-999.0 -999.0 -999.0 -999.0 -999.0} "" -999.0 -999.0 -999.0 -999.0 -999 -999 "" "" "" "" 0 0 0.0 0.0 -999 ""
FIBERMAP 544 R-6C19 APOGEE 1 1 0 1 0 0 170.32271039141065 -99.00976458855479 143.1 93.17650503130483 -173.5329857598375 163.82243 59.210857 103.75043793725118 3.245122386594808 -3.9984465 0.14063081 0.5924574 103.75042071013908 3.2451081936053328 103.76722730737112 3.2187117837867563 42.90758703827333 239.5293509828018 16000.0 16600.0 2016.0 2 229 {-999.0 13.643166 13.210405 13.034388 -999.0} sdss_psfmag_from_g3xp 13.559828 13.213331 12.690641 11.792 63050395117865876 1107584417 bright_flexible_5x1 mwm_tess_rgb_apogee mwm_tessrgb science 0 0 0.0 0.0 -999 ""
FIBERMAP 544 R-6C19 BOSS 0 0 0 1 0 0 170.8456615487977 -98.49072244598182 143.1 93.89372023222211 -173.36492499332346 163.82243 59.210857 -999.0 -999.0 -999.0 -999.0 -999.0 103.75354175807693 3.245688158048812 103.77050853453073 3.2194344239179844 42.91046211271335 239.52699067509744 -999.0 5400.0 -999.0 1 277 {-999.0 -999.0 -999.0 -999.0 -999.0} "" -999.0 -999.0 -999.0 -999.0 -999 -999 "" "" "" "" 0 0 0.0 0.0 -999 ""
FIBERMAP 544 R-6C19 METROLOGY 0 0 0 1 0 0 171.03682747694322 -99.21079606748793 143.1 93.67931519152644 -174.078251654404 163.82243 59.210857 -999.0 -999.0 -999.0 -999.0 -999.0 103.75260431314177 3.2425167347658777 103.76951850385643 3.2162233711530437 42.90753593593604 239.5247367099717 -999.0 6231.0 -999.0 -1 -999 {-999.0 -999.0 -999.0 -999.0 -999.0} "" -999.0 -999.0 -999.0 -999.0 -999 -999 "" "" "" "" 0 0 0.0 0.0 -999 ""
FIBERMAP 546 R-12C1 APOGEE 1 1 0 1 0 0 -144.6439636969037 -227.65804287342522 143.1 -242.42728520386117 -118.09670170468695 25.5037 115.42039 102.22772540753122 3.4941081843097 -3.9924932 -2.8606837 1.0697191 102.22769939094654 3.4941037157073858 102.2454993595399 3.471659864273587 41.967777193522274 241.18259204104717 16000.0 16600.0 2016.0 2 296 {-999.0 12.879428 12.049359 11.75658 -999.0} sdss_psfmag_from_g3xp 12.63193 12.093088 11.404423 10.018 63050395117716116 1110649598 bright_1x1 mwm_tess_rgb_apogee mwm_tessrgb science 0 0 0.0 0.0 -999 ""
FIBERMAP 546 R-12C1 BOSS 0 0 0 1 0 0 -144.0614304122314 -228.10267599934832 143.1 -242.16413248114958 -118.7804825786184 25.5037 115.42039 -999.0 -999.0 -999.0 -999.0 -999.0 102.22873625763212 3.4908628059301114 102.24669589260895 3.4685699932685408 41.96657396051351 241.17844099583104 -999.0 5400.0 -999.0 1 429 {-999.0 -999.0 -999.0 -999.0 -999.0} "" -999.0 -999.0 -999.0 -999.0 -999 -999 "" "" "" "" 0 0 0.0 0.0 -999 ""
FIBERMAP 546 R-12C1 METROLOGY 0 0 0 1 0 0 -144.7410658475984 -228.39980735975604 143.1 -242.8985311531753 -118.67749651787695 25.5037 115.42039 -999.0 -999.0 -999.0 -999.0 -999.0 102.22549833191843 3.4913806944808177 102.24341254577263 3.469052950396836 41.964480877100065 241.18189432436247 -999.0 6231.0 -999.0 -1 -999 {-999.0 -999.0 -999.0 -999.0 -999.0} "" -999.0 -999.0 -999.0 -999.0 -999 -999 "" "" "" "" 0 0 0.0 0.0 -999 ""
FIBERMAP 548 R+1C14 APOGEE 1 1 0 1 0 0 20.34323708066981 9.101556433065008 143.1 22.09121480779376 -2.9058102299949518 317.84128 111.48857 103.42582757523675 4.018849573650589 -1.7872463 -2.6508064 1.0085214 103.42582493417005 4.018837993583808 103.4445757189983 3.9931270992285364 43.20161223434307 240.6043093652643 16000.0 16600.0 2016.0 2 13 {-999.0 10.486285 10.578634 10.672892 -999.0} sdss_psfmag_from_g3xp 10.581223 10.50967 10.347327 10.207 63050395117951104 974928053 "" ops_std_apogee ops_std standard_apogee 0 0 0.0 0.0 -999 ""
FIBERMAP 548 R+1C14 BOSS 0 0 0 1 0 0 20.073856438991257 8.41574690523526 143.1 21.5025735525761 -3.3487114719774325 317.84128 111.48857 -999.0 -999.0 -999.0 -999.0 -999.0 103.4229940012699 4.016663539258137 103.44190025666046 3.991108016863888 43.19828175582626 240.604760207737 -999.0 5400.0 -999.0 1 96 {-999.0 -999.0 -999.0 -999.0 -999.0} "" -999.0 -999.0 -999.0 -999.0 -999 -999 "" "" "" "" 0 0 0.0 0.0 -999 ""
FIBERMAP 548 R+1C14 METROLOGY 0 0 0 1 0 0 19.606129748263818 8.98365966446399 143.1 21.401763322594935 -2.620089095047337 317.84128 111.48857 -999.0 -999.0 -999.0 -999.0 -999.0 103.42256891551928 4.020024624214534 103.44143804595734 3.9944276982095213 43.20019618264827 240.60853394974913 -999.0 6231.0 -999.0 -1 -999 {-999.0 -999.0 -999.0 -999.0 -999.0} "" -999.0 -999.0 -999.0 -999.0 -999 -999 "" "" "" "" 0 0 0.0 0.0 -999 ""
FIBERMAP 550 R+1C1 APOGEE 0 0 0 1 0 0 -293.5138684419128 35.71782873432856 143.1 -231.23572958187776 184.1668981133954 193.46942 35.667015 -999.0 -999.0 -999.0 -999.0 -999.0 102.27506104230594 4.859894503927337 102.2961509631404 4.837033973481682 42.918636091753214 242.51223409382166 -999.0 16600.0 -999.0 2 141 {-999.0 -999.0 -999.0 -999.0 -999.0} "" -999.0 -999.0 -999.0 -999.0 -999 -999 "" "" "" "" 0 0 0.0 0.0 -999 ""
FIBERMAP 550 R+1C1 BOSS 1 1 0 1 0 0 -293.0490458083199 36.27782354830261 143.1 -230.54656234758687 184.400282056638 193.46942 35.667015 102.27761031972373 4.86083158370151 0.65622324 0.34716302 -0.5660404 102.27800632476789 4.860821857265504 102.2992625482213 4.838098840247153 42.92166318502199 242.5105155812114 5400.0 5400.0 2016.0 1 12 {-999.0 13.30849 13.0364 12.961652 -999.0} sdss_psfmag_gaia 13.267815 13.042704 12.61796 12.02 63050395118230519 1068388847 bright_3x1 mwm_ob_core_boss mwm_ob science 0 0 1.0284819602966309 0.0 -999 ""
FIBERMAP 550 R+1C1 METROLOGY 0 0 0 1 0 0 -292.78134985049445 35.57258498283211 143.1 -230.68802617335774 183.6594997887975 193.46942 35.667015 -999.0 -999.0 -999.0 -999.0 -999.0 102.27739877435057 4.857536610309364 102.29860047594627 4.834774666354469 42.918965317042186 242.50771473461924 -999.0 6231.0 -999.0 -1 -999 {-999.0 -999.0 -999.0 -999.0 -999.0} "" -999.0 -999.0 -999.0 -999.0 -999 -999 "" "" "" "" 0 0 0.0 0.0 -999 ""
FIBERMAP 554 R-2C23 APOGEE 0 0 0 1 0 0 223.7347921756929 -27.508743079149227 143.1 176.1145565514832 -140.6240788600774 77.746216 130.2566 -999.0 -999.0 -999.0 -999.0 -999.0 104.12626315225098 3.3960119193382674 104.14333654390487 3.368599610114249 43.283090165752235 239.32413744456656 -999.0 16600.0 -999.0 2 197 {-999.0 -999.0 -999.0 -999.0 -999.0} "" -999.0 -999.0 -999.0 -999.0 -999 -999 "" "" "" "" 0 0 0.0 0.0 -999 ""
FIBERMAP 554 R-2C23 BOSS 1 1 0 1 0 0 224.4032761321262 -27.186946766007885 143.1 176.85237923154472 -140.7002196824678 77.746216 130.2566 104.12949778688898 3.3955129952879717 -0.0800499 -0.47991782 0.12630588 104.12946332755483 3.395518104220898 104.14669194596866 3.3682468814236004 43.28527365343234 239.32061459793965 5400.0 5400.0 2016.0 1 310 {-999.0 15.820004 15.510874 15.163402 -999.0} sdss_psfmag_ps1 15.692494 15.342632 14.786823 13.82 63050395117874298 1093344389 bright_3x1 mwm_astar_core_boss mwm_ob science 0 0 0.0 0.0 -999 ""
FIBERMAP 554 R-2C23 METROLOGY 0 0 0 1 0 0 224.38014639766922 -27.931897518392887 143.1 176.44245644660404 -141.32247665477897 77.746216 130.2566 -999.0 -999.0 -999.0 -999.0 -999.0 104.12764141863921 3.392743542935717 104.14481929701628 3.365435366039391 43.28198128366341 239.31958695731586 -999.0 6231.0 -999.0 -1 -999 {-999.0 -999.0 -999.0 -999.0 -999.0} "" -999.0 -999.0 -999.0 -999.0 -999 -999 "" "" "" "" 0 0 0.0 0.0 -999 ""
FIBERMAP 565 R+8C3 APOGEE 0 0 0 1 0 0 -168.47391060542103 165.94598507101495 143.1 -56.53904257532408 229.5649843616839 156.49832 95.72889 -999.0 -999.0 -999.0 -999.0 -999.0 103.06519733669381 5.071278916462699 103.0865892909278 5.046295970121824 43.64603107278264 242.0078011261201 -999.0 16600.0 -999.0 2 137 {-999.0 -999.0 -999.0 -999.0 -999.0} "" -999.0 -999.0 -999.0 -999.0 -999 -999 "" "" "" "" 0 0 0.0 0.0 -999 ""
FIBERMAP 565 R+8C3 BOSS 1 1 0 1 0 0 -168.2719278986757 166.66011189980242 143.1 -55.99296154593411 230.06730453878595 156.49832 95.72889 103.0675495738562 5.073450908250533 -0.5313059 -0.16831446 0.20565392 103.06751236780678 5.073430653367745 103.0890690050598 5.048583792069842 43.649397386193684 242.0078822851372 5400.0 5400.0 2016.0 1 25 {-999.0 14.857759 14.323189 14.296882 -999.0} sdss_psfmag_ps1 14.831895 14.485538 13.893464 12.851 63050395118207586 1093344620 bright_3x1 mwm_astar_core_boss mwm_ob science 0 0 0.0 0.0 -999 ""
FIBERMAP 565 R+8C3 METROLOGY 0 0 0 1 0 0 -167.7418487361556 166.12797162389782 143.1 -55.82031557544383 229.3364827142922 156.49832 95.72889 -999.0 -999.0 -999.0 -999.0 -999.0 103.0683439382121 5.070195586453552 103.08984713609851 5.045306801285436 43.64779058823988 242.00379246955256 -999.0 6231.0 -999.0 -1 -999 {-999.0 -999.0 -999.0 -999.0 -999.0} "" -999.0 -999.0 -999.0 -999.0 -999 -999 "" "" "" "" 0 0 0.0 0.0 -999 ""
FIBERMAP 566 R+8C7 APOGEE 0 0 0 1 0 0 -69.47802413567193 135.05096562026503 143.1 11.578568176680959 151.39905418803468 316.20218 54.04271 -999.0 -999.0 -999.0 -999.0 -999.0 103.37605167855791 4.7202824252792395 103.39651029148166 4.6945559541714506 43.64001936862921 241.36105300342095 -999.0 16600.0 -999.0 2 -999 {-999.0 -999.0 -999.0 -999.0 -999.0} "" -999.0 -999.0 -999.0 -999.0 -999 -999 "" "" "" "" 0 0 0.0 0.0 -999 ""
FIBERMAP 566 R+8C7 BOSS 1 1 0 1 0 0 -70.18431937272754 134.92332174685833 143.1 10.910249341843931 151.6603347929049 316.20218 54.04271 103.37280650479848 4.721389039162828 -0.28507078 -0.5736964 0.085680924 103.37284508937549 4.7213712387154985 103.39346618456301 4.695796761500604 43.638606641112325 241.36513999954803 5400.0 5400.0 2016.0 1 103 {-999.0 16.109982 15.501971 15.289942 -999.0} sdss_psfmag_ps1 15.952766 15.480645 14.820229 13.744 63050395118185662 1093344578 bright_3x1 mwm_astar_core_boss mwm_ob science 0 0 0.0 0.0 -999 ""
FIBERMAP 566 R+8C7 METROLOGY 0 0 0 1 0 0 -69.96586543502409 135.61547677795653 143.1 11.458847221698736 152.13531648753144 316.20218 54.04271 -999.0 -999.0 -999.0 -999.0 -999.0 103.3753862538748 4.723556551715529 103.3959668999816 4.697934197273095 43.641888682544646 241.36501272896234 -999.0 6231.0 -999.0 -1 -999 {-999.0 -999.0 -999.0 -999.0 -999.0} "" -999.0 -999.0 -999.0 -999.0 -999 -999 "" "" "" "" 0 0 0.0 0.0 -999 ""
FIBERMAP 572 R+10C5 APOGEE 0 0 1 1 0 0 -88.99632324558796 201.63758301761982 143.1 29.837453838332618 218.3260362519828 10.3947315 169.95868 -999.0 -999.0 -999.0 -999.0 -999.0 103.45831948400169 5.022194045413983 103.47948810188177 4.99619036230703 43.903716647673214 241.59395263942793 -999.0 16600.0 -999.0 2 -999 {-999.0 -999.0 -999.0 -999.0 -999.0} "" -999.0 -999.0 -999.0 -999.0 -999 -999 "" "" "" "" 0 0 0.0 0.0 -999 ""
FIBERMAP 572 R+10C5 BOSS 1 0 1 1 0 0 -88.24637203579309 201.65067332521406 143.1 30.482942104272784 217.94433775685155 10.3947315 169.95868 103.3964272172932 5.004879989515306 0.113275796 -0.81956005 0.044835858 103.46111137770957 5.0203821226705525 103.48243287292445 4.994513534349476 43.90477134326341 241.58949713975306 5400.0 5400.0 2016.0 1 146 {-999.0 16.803366 15.964125 15.757808 -999.0} sdss_psfmag_ps1 16.51644 15.989168 15.298481 14.175 63050395118203491 1093344608 bright_3x1 mwm_astar_core_boss mwm_ob science 0 0 0.0 0.0 -999 ""
FIBERMAP 572 R+10C5 METROLOGY 0 0 1 1 0 0 -88.60843151207344 201.00024324671037 143.1 29.833911681689038 217.5801121714971 10.3947315 169.95868 -999.0 -999.0 -999.0 -999.0 -999.0 103.45820690540253 5.018776038700417 103.47948050699563 4.992875141171592 43.90149014129277 241.5905435695999 -999.0 6231.0 -999.0 -1 -999 {-999.0 -999.0 -999.0 -999.0 -999.0} "" -999.0 -999.0 -999.0 -999.0 -999 -999 "" "" "" "" 0 0 0.0 0.0 -999 ""
FIBERMAP 575 R+3C14 APOGEE 1 1 0 1 0 0 35.53954456633904 46.21413276231783 143.1 54.47245854949619 20.737653728809054 271.44583 125.75942 103.57342693756347 4.126883895077684 -1.9445782 4.2906322 0.6550831 103.57342924605965 4.126889214011627 103.59240230648021 4.100768698075636 43.38296185879963 240.57539639163093 16000.0 16600.0 2016.0 2 24 {-999.0 14.056412 13.432926 13.140431 -999.0} sdss_psfmag_from_g3xp 13.891372 13.428138 12.788751 11.652 63050395117975938 1104840959 bright_flexible_5x1 mwm_tess_rgb_apogee mwm_tessrgb science 0 0 0.0 0.0 -999 ""
FIBERMAP 575 R+3C14 BOSS 0 0 0 1 0 0 34.958487021626176 45.76522285327613 143.1 53.74249931524522 20.65975279781716 271.44583 125.75942 -999.0 -999.0 -999.0 -999.0 -999.0 103.56996913330201 4.12639173442415 103.58910085854552 4.1004269654821 43.38031183499696 240.57812678307363 -999.0 5400.0 -999.0 1 97 {-999.0 -999.0 -999.0 -999.0 -999.0} "" -999.0 -999.0 -999.0 -999.0 -999 -999 "" "" "" "" 0 0 0.0 0.0 -999 ""
FIBERMAP 575 R+3C14 METROLOGY 0 0 0 1 0 0 34.844756682231555 46.50300765421607 143.1 54.03212330710822 21.347598696744864 271.44583 125.75942 -999.0 -999.0 -999.0 -999.0 -999.0 103.57132340325576 4.129567150599598 103.59041737693178 4.103556614933247 43.383400525040614 240.5800623949874 -999.0 6231.0 -999.0 -1 -999 {-999.0 -999.0 -999.0 -999.0 -999.0} "" -999.0 -999.0 -999.0 -999.0 -999 -999 "" "" "" "" 0 0 0.0 0.0 -999 ""
FIBERMAP 577 R+6C15 APOGEE 0 0 0 1 0 0 88.98455111370671 95.4109214507446 143.1 125.75495751574962 34.63583973774008 327.9902 42.561768 -999.0 -999.0 -999.0 -999.0 -999.0 103.8981285901272 4.190680197185208 103.91717151595577 4.1636965451228924 43.66331959274419 240.33538445912893 -999.0 16600.0 -999.0 2 36 {-999.0 -999.0 -999.0 -999.0 -999.0} "" -999.0 -999.0 -999.0 -999.0 -999 -999 "" "" "" "" 0 0 0.0 0.0 -999 ""
FIBERMAP 577 R+6C15 BOSS 1 1 0 1 0 0 88.2568719752759 95.25629966571901 143.1 125.05429713208825 34.88534842801492 327.9902 42.561768 103.89484834961502 4.1916774876565075 -1.3298172 -1.847844 1.0050608 103.89483622300152 4.191680592057235 103.91403948015619 4.164850872096714 43.66181672625019 240.33949249940088 5400.0 5400.0 2016.0 1 188 {-999.0 14.784568 14.471642 14.367191 -999.0} sdss_psfmag_ps1 14.669862 14.376737 13.858756 13.006 63050395117975233 1096505643 bright_1x1 mwm_bin_vis_boss mwm_filler science 0 0 0.0 0.0 -999 ""
FIBERMAP 577 R+6C15 METROLOGY 0 0 0 1 0 0 88.48159170343396 95.97518386659934 143.1 125.62223222898136 35.379809513241135 327.9902 42.561768 -999.0 -999.0 -999.0 -999.0 -999.0 103.89744772694785 4.193970833132371 103.916611307528 4.167092553351342 43.66522169606898 240.3393494750013 -999.0 6231.0 -999.0 -1 -999 {-999.0 -999.0 -999.0 -999.0 -999.0} "" -999.0 -999.0 -999.0 -999.0 -999 -999 "" "" "" "" 0 0 0.0 0.0 -999 ""
FIBERMAP 580 R+9C7 APOGEE 0 0 0 1 0 0 -64.40349819958 157.43508572964507 143.1 27.62528733123666 167.80237657809053 287.9415 66.652054 -999.0 -999.0 -999.0 -999.0 -999.0 103.44901548538515 4.794601805610822 103.46963489435393 4.768668890665129 43.74379115097624 241.36923111698326 -999.0 16600.0 -999.0 2 29 {-999.0 -999.0 -999.0 -999.0 -999.0} "" -999.0 -999.0 -999.0 -999.0 -999 -999 "" "" "" "" 0 0 0.0 0.0 -999 ""
FIBERMAP 580 R+9C7 BOSS 1 1 0 1 0 0 -65.13963295100291 157.49668867026156 143.1 27.030691102056483 168.2404436755108 287.9415 66.652054 103.44615302813902 4.796521381751307 -11.377851 -0.5923627 1.2012569 103.44614912243189 4.796488987073104 103.46693232806734 4.770706451500935 43.74316547313738 241.3738247914211 5400.0 5400.0 2016.0 1 118 {-999.0 17.829792 16.83221 16.425873 -999.0} sdss_psfmag_ps1 17.459957 16.827833 16.046638 14.4 63050395118192117 1096736348 bright_1x1 mwm_bin_vis_boss mwm_filler science 0 0 0.0 0.0 -999 ""
FIBERMAP 580 R+9C7 METROLOGY 0 0 0 1 0 0 -64.71351217647624 158.11060502381423 143.1 27.71514687246395 168.54001837397442 287.9415 66.652054 -999.0 -999.0 -999.0 -999.0 -999.0 103.44930854070759 4.797877272988409 103.4700493546622 4.772045568656941 43.74636585093539 241.37230880005959 -999.0 6231.0 -999.0 -1 -999 {-999.0 -999.0 -999.0 -999.0 -999.0} "" -999.0 -999.0 -999.0 -999.0 -999 -999 "" "" "" "" 0 0 0.0 0.0 -999 ""
FIBERMAP 581 R-1C19 APOGEE 0 0 0 1 0 0 116.45029568845257 -31.425436144002752 143.1 82.70330390151814 -87.76072860794795 244.78284 113.21867 -999.0 -999.0 -999.0 -999.0 -999.0 103.70293287335086 3.6333971879092717 103.72068415926805 3.6070417701416106 43.14016289314123 239.95945064037704 -999.0 16600.0 -999.0 2 -999 {-999.0 -999.0 -999.0 -999.0 -999.0} "" -999.0 -999.0 -999.0 -999.0 -999 -999 "" "" "" "" 0 0 0.0 0.0 -999 ""
FIBERMAP 581 R-1C19 BOSS 1 1 0 1 0 0 115.69491199755659 -31.408589865747174 143.1 82.06887116531726 -87.35069151666934 244.78284 113.21867 103.69992538591057 3.6350692119311514 -1.0385786 -0.0210453 -0.52044207 103.6999209870494 3.635061461439601 103.71783619305899 3.6088625392261284 43.13933532063265 239.96393540395013 5400.0 5400.0 2016.0 1 296 {-999.0 15.987242 15.403989 15.205147 -999.0} sdss_psfmag_ps1 15.799183 15.459197 14.82651 13.842 63050395117932454 1093344505 bright_3x1 mwm_astar_core_boss mwm_ob science 0 0 0.0 0.0 -999 ""
FIBERMAP 581 R-1C19 METROLOGY 0 0 0 1 0 0 116.08217273261037 -30.77647738576475 143.1 82.72976678595852 -87.01526566690445 244.78284 113.21867 -999.0 -999.0 -999.0 -999.0 -999.0 103.70296777456504 3.636646035726132 103.72084089517062 3.6103965698931186 43.14257201687614 239.96265747921726 -999.0 6231.0 -999.0 -1 -999 {-999.0 -999.0 -999.0 -999.0 -999.0} "" -999.0 -999.0 -999.0 -999.0 -999 -999 "" "" "" "" 0 0 0.0 0.0 -999 ""
FIBERMAP 587 R-10C13 APOGEE 0 0 0 1 0 0 70.06743489261667 -198.0820151111772 143.1 -44.09409977377127 -205.38275498917753 239.91048 57.595394 -999.0 -999.0 -999.0 -999.0 -999.0 103.12680318995238 3.0994885799769873 103.1434198423421 3.0747609177771453 42.355698560506795 239.96790748683026 -999.0 16600.0 -999.0 2 -999 {-999.0 -999.0 -999.0 -999.0 -999.0} "" -999.0 -999.0 -999.0 -999.0 -999 -999 "" "" "" "" 0 0 0.0 0.0 -999 ""
FIBERMAP 587 R-10C13 BOSS 1 1 0 1 0 0 69.70363182886071 -197.43002384498982 143.1 -44.062369712529595 -204.63697255665025 239.91048 57.595394 103.12675296230638 3.1026725253696674 1.002804 -2.2410643 0.23724577 103.12675945351543 3.1026435901243072 103.14354707088393 3.078068511861987 42.35805509517006 239.97105304379022 5400.0 5400.0 2016.0 1 396 {-999.0 17.475708 16.671919 16.273283 16.00412} sdss_psfmag_from_ps1dr2 17.2476 16.6621 15.9233 14.546 63050395117489942 1039359533 "" ops_std_boss_ps1dr2 ops_std standard_boss 0 0 0.0 0.0 -999 ""
FIBERMAP 587 R-10C13 METROLOGY 0 0 0 1 0 0 70.45002169740262 -197.44147680840723 143.1 -43.432770617181916 -205.03770567767717 239.91048 57.595394 -999.0 -999.0 -999.0 -999.0 -999.0 103.12967528691834 3.1008969700036846 103.14641165203909 3.0762712040828606 42.3589103077524 239.96663024968836 -999.0 6231.0 -999.0 -1 -999 {-999.0 -999.0 -999.0 -999.0 -999.0} "" -999.0 -999.0 -999.0 -999.0 -999 -999 "" "" "" "" 0 0 0.0 0.0 -999 ""
FIBERMAP 588 R+8C1 APOGEE 1 1 0 1 0 0 -193.41179962775968 154.26453462472497 143.1 -83.8943176667369 232.6806596937449 300.8637 159.52286 102.94063709881665 5.084398606894936 -0.4864241 -1.7420132 0.985901 102.94094446191436 5.084412066596505 102.96240140490863 5.059752695836797 43.562729778266714 242.13545832353486 16000.0 16600.0 2016.0 2 94 {-999.0 6.7785516 6.9154983 7.01708 -999.0} sdss_psfmag_gaia 6.853366 6.827701 6.682918 6.535 63050395118258238 916900887 bright_3x1 mwm_yso_disk_apogee mwm_yso science 0 0 1.056648850440979 0.0 -999 ""
FIBERMAP 588 R+8C1 BOSS 0 0 0 1 0 0 -193.30787964345836 153.53985882883663 143.1 -84.1854289315706 232.00911588942787 300.8637 159.52286 -999.0 -999.0 -999.0 -999.0 -999.0 102.93945015972872 5.081276499318305 102.96106065080744 5.056764528898996 43.55974408837752 242.13360766065898 -999.0 5400.0 -999.0 1 81 {-999.0 -999.0 -999.0 -999.0 -999.0} "" -999.0 -999.0 -999.0 -999.0 -999 -999 "" "" "" "" 0 0 0.0 0.0 -999 ""
FIBERMAP 588 R+8C1 METROLOGY 0 0 0 1 0 0 -194.00740770776343 153.8153580494701 143.1 -84.63680729529464 232.61015366278875 300.8637 159.52286 -999.0 -999.0 -999.0 -999.0 -999.0 102.93745269387185 5.083985545563279 102.9590247429141 5.059437783722297 43.56000997674765 242.1382235025074 -999.0 6231.0 -999.0 -1 -999 {-999.0 -999.0 -999.0 -999.0 -999.0} "" -999.0 -999.0 -999.0 -999.0 -999 -999 "" "" "" "" 0 0 0.0 0.0 -999 ""
FIBERMAP 589 R-2C25 APOGEE 1 1 0 1 0 0 279.4892496146118 -37.40214207388109 143.1 218.4105828258936 -178.25470481016356 351.08716 132.96611 104.31545971634169 3.2282842741605244 0.10080042 1.4423184 0.25266778 104.31544232910336 3.228269901293462 104.33206590438829 3.200399383385288 43.30315442496073 238.97822378232547 16000.0 16600.0 2016.0 2 216 {-999.0 14.726494 13.600854 13.132031 -999.0} sdss_psfmag_gaia 14.331909 13.600674 12.764529 10.995 63050395117869089 1106582587 bright_flexible_3x1 mwm_tess_rgb_apogee mwm_tessrgb science 0 0 0.0 0.0 -999 ""
FIBERMAP 589 R-2C25 BOSS 0 0 0 1 0 0 279.92177438786507 -37.99873727116575 143.1 218.4663917074743 -178.98931234549684 351.08716 132.96611 -999.0 -999.0 -999.0 -999.0 -999.0 104.31550374036648 3.2248324244341458 104.3322755785988 3.1971123653267894 43.30103030099901 238.9747648597713 -999.0 5400.0 -999.0 1 254 {-999.0 -999.0 -999.0 -999.0 -999.0} "" -999.0 -999.0 -999.0 -999.0 -999 -999 "" "" "" "" 0 0 0.0 0.0 -999 ""
FIBERMAP 589 R-2C25 METROLOGY 0 0 0 1 0 0 279.1752022217235 -38.07003596023652 143.1 217.79328971027542 -178.65895203125135 351.08716 132.96611 -999.0 -999.0 -999.0 -999.0 -999.0 104.31254528678383 3.2263258745151346 104.32927710035455 3.1985707427793786 43.29987905149923 238.97905854156573 -999.0 6231.0 -999.0 -1 -999 {-999.0 -999.0 -999.0 -999.0 -999.0} "" -999.0 -999.0 -999.0 -999.0 -999 -999 "" "" "" "" 0 0 0.0 0.0 -999 ""
FIBERMAP 592 R0C5 APOGEE 1 1 0 1 0 0 -205.96406319275468 -14.812543005818284 143.1 -183.15074028743166 95.27599777967559 269.41068 100.3986 102.49024170465297 4.461516552935313 1.3379701 0.20541257 0.30332944 102.49027085943182 4.46150252652777 102.51033719609148 4.438157940783368 42.812499512029085 241.91221058006303 16000.0 16600.0 2016.0 2 243 {-999.0 15.395255 14.235459 13.5359335 -999.0} sdss_psfmag_ps1 14.844503 13.927856 12.986151 10.815 63050395118173589 1108274359 bright_flexible_2x1 mwm_tess_rgb_apogee mwm_tessrgb science 0 0 0.0 0.0 -999 ""
FIBERMAP 592 R0C5 BOSS 0 0 0 1 0 0 -206.68958790837272 -14.959224620563951 143.1 -183.8454067564205 95.53113948254887 269.41068 100.3986 -999.0 -999.0 -999.0 -999.0 -999.0 102.4869255063038 4.462508892417676 102.50715956379418 4.439320060198564 42.81091852739019 241.91627449867428 -999.0 5400.0 -999.0 1 495 {-999.0 -999.0 -999.0 -999.0 -999.0} "" -999.0 -999.0 -999.0 -999.0 -999 -999 "" "" "" "" 0 0 0.0 0.0 -999 ""
FIBERMAP 592 R0C5 METROLOGY 0 0 0 1 0 0 -206.48396097790783 -14.247621928538255 143.1 -183.29754465303364 96.02940124873331 269.41068 100.3986 -999.0 -999.0 -999.0 -999.0 -999.0 102.48945669973975 4.464821224704159 102.50964908157545 4.441583521759671 42.814277563545936 241.91631010298903 -999.0 6231.0 -999.0 -1 -999 {-999.0 -999.0 -999.0 -999.0 -999.0} "" -999.0 -999.0 -999.0 -999.0 -999 -999 "" "" "" "" 0 0 0.0 0.0 -999 ""
FIBERMAP 594 R+1C22 APOGEE 0 0 0 1 0 0 202.72567480098013 12.081764636885008 143.1 178.9625872388039 -95.90506964517668 340.6414 107.53231 -999.0 -999.0 -999.0 -999.0 -999.0 104.1397131639179 3.598329045663624 104.15726881446801 3.5708384876914327 43.43241478288773 239.51269840562657 -999.0 16600.0 -999.0 2 86 {-999.0 -999.0 -999.0 -999.0 -999.0} "" -999.0 -999.0 -999.0 -999.0 -999 -999 "" "" "" "" 0 0 0.0 0.0 -999 ""
FIBERMAP 594 R+1C22 BOSS 1 1 0 1 0 0 202.67806397281282 11.347392953439233 143.1 178.53735886080358 -96.50549397530997 340.6414 107.53231 104.13767972047796 3.595421565715947 0.41684088 0.079590484 0.04224438 104.1376732517251 3.5954276445166813 104.15537925974547 3.568091268874554 43.42915640756309 239.51173766425114 5400.0 5400.0 2016.0 1 235 {-999.0 16.159811 15.66631 15.427734 -999.0} sdss_psfmag_ps1 16.016062 15.644711 15.05512 14.078 63050395117902779 1093344452 bright_3x1 mwm_astar_core_boss mwm_ob science 0 0 0.0 0.0 -999 ""
FIBERMAP 594 R+1C22 METROLOGY 0 0 0 1 0 0 202.0529454304947 11.743616800070813 143.1 178.21258392633425 -95.84062931765399 340.6414 107.53231 -999.0 -999.0 -999.0 -999.0 -999.0 104.136248459225 3.598478140469396 104.15391771909663 3.5711028212201668 43.43016822851159 239.51612971531782 -999.0 6231.0 -999.0 -1 -999 {-999.0 -999.0 -999.0 -999.0 -999.0} "" -999.0 -999.0 -999.0 -999.0 -999 -999 "" "" "" "" 0 0 0.0 0.0 -999 ""
FIBERMAP 597 R+1C2 APOGEE 0 0 0 1 0 0 -276.01400297747716 13.999116942762793 143.1 -227.7103577847298 156.50510644504186 237.92273 67.73666 -999.0 -999.0 -999.0 -999.0 -999.0 102.29021506870342 4.735951937780414 102.31100008423203 4.713077264198765 42.84744648028928 242.3722822562613 -999.0 16600.0 -999.0 2 -999 {-999.0 -999.0 -999.0 -999.0 -999.0} "" -999.0 -999.0 -999.0 -999.0 -999 -999 "" "" "" "" 0 0 0.0 0.0 -999 ""
FIBERMAP 597 R+1C2 BOSS 1 1 0 1 0 0 -276.46614176360384 14.61999062968777 143.1 -227.77015148492032 157.27066303622445 237.92273 67.73666 102.28979537588192 4.739290594660519 0.4783863 0.37532574 0.13936964 102.28979984548417 4.7392418702038634 102.31075795178612 4.716513705323279 42.84954860648974 242.3760047735659 5400.0 5400.0 2016.0 1 11 {-999.0 15.482684 14.992855 14.728328 -999.0} sdss_psfmag_ps1 15.323784 14.938995 14.351532 13.46 63050395118224813 1068388849 bright_3x1 mwm_ob_core_boss mwm_ob science 0 0 0.0 0.0 -999 ""
FIBERMAP 597 R+1C2 METROLOGY 0 0 0 1 0 0 -275.7127924121669 14.68171065490587 143.1 -227.0962958590007 156.92859579802723 237.92273 67.73666 -999.0 -999.0 -999.0 -999.0 -999.0 102.29286191788268 4.737781519134828 102.31376889039666 4.715004180322709 42.85078915661455 242.37174693834743 -999.0 6231.0 -999.0 -1 -999 {-999.0 -999.0 -999.0 -999.0 -999.0} "" -999.0 -999.0 -999.0 -999.0 -999 -999 "" "" "" "" 0 0 0.0 0.0 -999 ""
FIBERMAP 598 R+11C9 APOGEE 1 1 0 1 0 0 11.847805433968992 196.23709668332526 143.1 112.88372038938887 160.90216209828424 300.64987 85.63063 103.83732763363635 4.763389090010029 -0.42016244 -4.9893637 0.7017254 103.83731919193022 4.763386441334119 103.85776124100732 4.736443787612062 44.008010647073505 240.9748104404726 16000.0 16600.0 2016.0 2 21 {-999.0 13.560879 13.228854 12.919275 -999.0} sdss_psfmag_from_g3xp 13.450667 13.280515 12.520345 11.571 63050395118189431 1106700791 bright_flexible_4x1 mwm_tess_rgb_apogee mwm_tessrgb science 0 0 0.0 0.0 -999 ""
FIBERMAP 598 R+11C9 BOSS 0 0 0 1 0 0 11.190189405134651 195.91123172322744 143.1 112.15302116871484 160.96914527993323 300.64987 85.63063 -999.0 -999.0 -999.0 -999.0 -999.0 103.83387090707387 4.763593652446889 103.85447077535036 4.736802581195427 44.005833409266444 240.97825601039574 -999.0 5400.0 -999.0 1 110 {-999.0 -999.0 -999.0 -999.0 -999.0} "" -999.0 -999.0 -999.0 -999.0 -999 -999 "" "" "" "" 0 0 0.0 0.0 -999 ""
FIBERMAP 598 R+11C9 METROLOGY 0 0 0 1 0 0 11.226568448334023 196.65349479497985 143.1 112.5728187000159 161.58217315720952 300.64987 85.63063 -999.0 -999.0 -999.0 -999.0 -999.0 103.83580137808868 4.766390217967857 103.85636317135447 4.739553102526168 44.009081478055116 240.9793076655195 -999.0 6231.0 -999.0 -1 -999 {-999.0 -999.0 -999.0 -999.0 -999.0} "" -999.0 -999.0 -999.0 -999.0 -999 -999 "" "" "" "" 0 0 0.0 0.0 -999 ""
FIBERMAP 599 R+2C11 APOGEE 0 0 0 1 0 0 -65.24893425915857 44.09744334486109 143.1 -32.46412858446487 71.7310232706639 223.92589 42.086628 -999.0 -999.0 -999.0 -999.0 -999.0 103.17584506546781 4.358055064598666 103.19547995351599 4.332928858283056 43.24841800768198 241.17840497240633 -999.0 16600.0 -999.0 2 142 {-999.0 -999.0 -999.0 -999.0 -999.0} "" -999.0 -999.0 -999.0 -999.0 -999 -999 "" "" "" "" 0 0 0.0 0.0 -999 ""
FIBERMAP 599 R+2C11 BOSS 1 1 0 1 0 0 -65.2015643194043 44.83796037946387 143.1 -32.03588622895686 72.3368069426604 223.92589 42.086628 103.17761796297232 4.360719056978782 -1.0022445 -0.46679652 0.15070009 103.17761719605221 4.360708316427185 103.19741874782017 4.335723069479675 43.251729341790885 241.17945068607892 5400.0 5400.0 2016.0 1 23 {-999.0 16.009369 15.090716 14.603777 -999.0} sdss_psfmag_ps1 15.652083 15.112104 14.145213 12.765 63050395118181810 1093344570 bright_3x1 mwm_astar_core_boss mwm_ob science 0 0 0.0 0.0 -999 ""
FIBERMAP 599 R+2C11 METROLOGY 0 0 0 1 0 0 -64.57615658614871 44.429257590299294 143.1 -31.71740185421402 71.66116418470313 223.92589 42.086628 -999.0 -999.0 -999.0 -999.0 -999.0 103.17912686734304 4.357673520159419 103.19887514066414 4.332643531540448 43.250726976679836 241.1749832467373 -999.0 6231.0 -999.0 -1 -999 {-999.0 -999.0 -999.0 -999.0 -999.0} "" -999.0 -999.0 -999.0 -999.0 -999 -999 "" "" "" "" 0 0 0.0 0.0 -999 ""
FIBERMAP 600 R+1C17 APOGEE 0 0 0 1 0 0 61.827898889544066 20.3146979352628 143.1 63.291806654927505 -15.087949575198678 200.88055 89.2714 -999.0 -999.0 -999.0 -999.0 -999.0 103.61401890037465 3.9638077453104223 103.63258832780684 3.9376151791119405 43.3014687661151 240.37338237090606 -999.0 16600.0 -999.0 2 -999 {-999.0 -999.0 -999.0 -999.0 -999.0} "" -999.0 -999.0 -999.0 -999.0 -999 -999 "" "" "" "" 0 0 0.0 0.0 -999 ""
FIBERMAP 600 R+1C17 BOSS 1 1 0 1 0 0 61.53242884242615 21.031699718044457 143.1 63.41578098281354 -14.322601322935453 200.88055 89.2714 103.61447061607693 3.9671413513834657 -5.1130295 -0.9548754 1.4200459 103.61445352770251 3.967139306730818 103.6331898798311 3.9410922415979766 43.3042748311149 240.37632187050957 5400.0 5400.0 2016.0 1 191 {-999.0 14.0695715 13.679116 13.556684 -999.0} sdss_psfmag_gaia 14.000325 13.702327 13.221913 12.402 63050395117972499 978618900 "" ops_std_boss ops_std standard_boss 0 0 0.0 0.0 -999 ""
FIBERMAP 600 R+1C17 METROLOGY 0 0 0 1 0 0 62.29016748252996 20.900334109393675 143.1 63.99223063315324 -14.831392502701016 200.88055 89.2714 -999.0 -999.0 -999.0 -999.0 -999.0 103.61712652028157 3.964871629183547 103.63581164886017 3.938776289105894 43.30461505843002 240.37154401526766 -999.0 6231.0 -999.0 -1 -999 {-999.0 -999.0 -999.0 -999.0 -999.0} "" -999.0 -999.0 -999.0 -999.0 -999 -999 "" "" "" "" 0 0 0.0 0.0 -999 ""
FIBERMAP 604 R+7C14 APOGEE 1 1 0 1 0 0 71.98626818522413 148.46569501060597 143.1 139.07143356182763 88.71953945228545 123.85433 108.526985 103.95785316157755 4.436438161254052 -0.7297921 -2.8443606 0.99255884 103.95784882920539 4.436420217477688 103.97746923255045 4.409229582484733 43.8743260299603 240.5281542107061 16000.0 16600.0 2016.0 2 43 {-999.0 10.836098 10.924378 11.002757 -999.0} sdss_psfmag_gaia 10.918125 10.850708 10.686125 10.464 63050395117984815 975457853 "" ops_std_apogee ops_std standard_apogee 0 0 0.0 0.0 -999 ""
FIBERMAP 604 R+7C14 BOSS 0 0 0 1 0 0 72.45065002033225 149.02983356016512 143.1 139.7623960344383 88.95668295289259 123.85433 108.526985 -999.0 -999.0 -999.0 -999.0 -999.0 103.96087409921859 4.437380360973228 103.98065232062879 4.410325701952367 43.87740039897955 240.52628172109468 -999.0 5400.0 -999.0 1 160 {-999.0 -999.0 -999.0 -999.0 -999.0} "" -999.0 -999.0 -999.0 -999.0 -999 -999 "" "" "" "" 0 0 0.0 0.0 -999 ""
FIBERMAP 604 R+7C14 METROLOGY 0 0 0 1 0 0 72.72828171921996 148.33776335350348 143.1 139.63629108464247 88.22190975765795 123.85433 108.526985 -999.0 -999.0 -999.0 -999.0 -999.0 103.96035010049106 4.434081775770794 103.98007621065625 4.406988348515559 43.87471288522639 240.5234234290283 -999.0 6231.0 -999.0 -1 -999 {-999.0 -999.0 -999.0 -999.0 -999.0} "" -999.0 -999.0 -999.0 -999.0 -999 -999 "" "" "" "" 0 0 0.0 0.0 -999 ""
FIBERMAP 605 R+13C13 APOGEE 1 1 0 1 0 0 128.41538150307463 268.2672265930391 143.1 249.87985728831464 161.17899839142933 100.69467 84.08845 104.45514013072044 4.7616337503476815 -2.8077433 3.2889633 0.5927775 104.45514492943224 4.761616073976193 104.47542210976587 4.733061876850973 44.4585769100167 240.38944453216794 16000.0 16600.0 2016.0 2 103 {-999.0 13.534393 12.421686 11.973309 -999.0} sdss_psfmag_from_g3xp 13.133753 12.417263 11.597415 9.85 63050395118088063 1109271941 bright_1x1 mwm_tess_rgb_apogee mwm_tessrgb science 0 0 0.0 0.0 -999 ""
FIBERMAP 605 R+13C13 BOSS 0 0 0 1 0 0 129.15363506700925 268.296508628001 143.1 250.5238659504939 160.81721574164348 100.69467 84.08845 -999.0 -999.0 -999.0 -999.0 -999.0 104.45786135469757 4.759812568594316 104.47828654444459 4.731393005365767 44.45953673030045 240.38501114445523 -999.0 5400.0 -999.0 1 91 {-999.0 -999.0 -999.0 -999.0 -999.0} "" -999.0 -999.0 -999.0 -999.0 -999 -999 "" "" "" "" 0 0 0.0 0.0 -999 ""
FIBERMAP 605 R+13C13 METROLOGY 0 0 0 1 0 0 128.8180288022615 267.6341084545354 143.1 249.89109184592127 160.42893991563204 100.69467 84.08845 -999.0 -999.0 -999.0 -999.0 -999.0 104.45509902641952 4.758134774815894 104.4754775107055 4.729682699205593 44.45632081169445 240.385919130487 -999.0 6231.0 -999.0 -1 -999 {-999.0 -999.0 -999.0 -999.0 -999.0} "" -999.0 -999.0 -999.0 -999.0 -999 -999 "" "" "" "" 0 0 0.0 0.0 -999 ""
FIBERMAP 610 R-4C21 APOGEE 1 1 0 1 0 0 204.37993238589044 -87.54759671985079 143.1 128.18260617938373 -181.6123595573947 260.9403 140.04736 103.90898503401812 3.2096827042367213 4.3621626 -0.5250424 0.6765909 103.90899358723887 3.2096734171272474 103.92567498122162 3.1828694244841977 42.99763346282377 239.34501162530222 16000.0 16600.0 2016.0 2 232 {-999.0 12.798426 11.556152 11.032993 -999.0} sdss_psfmag_from_g3xp 12.328456 11.522481 10.6455345 8.679 63050395117871341 1108027947 bright_1x1 mwm_tess_rgb_apogee mwm_tessrgb science 0 0 0.0 0.0 -999 ""
FIBERMAP 610 R-4C21 BOSS 0 0 0 1 0 0 203.8160333960361 -88.03719293756409 143.1 127.44594590372887 -181.73389560795104 260.9403 140.04736 -999.0 -999.0 -999.0 -999.0 -999.0 103.9055227971719 3.2089189663517774 103.92236206680178 3.182275070639702 42.99482729078122 239.34754018631372 -999.0 5400.0 -999.0 1 279 {-999.0 -999.0 -999.0 -999.0 -999.0} "" -999.0 -999.0 -999.0 -999.0 -999 -999 "" "" "" "" 0 0 0.0 0.0 -999 ""
FIBERMAP 610 R-4C21 METROLOGY 0 0 0 1 0 0 203.68434924838346 -87.28221716664673 143.1 127.72928620296413 -181.02200578959454 260.9403 140.04736 -999.0 -999.0 -999.0 -999.0 -999.0 103.90685552309024 3.2121828748905448 103.92365726808396 3.18549202122762 42.99798154599131 239.34950817585366 -999.0 6231.0 -999.0 -1 -999 {-999.0 -999.0 -999.0 -999.0 -999.0} "" -999.0 -999.0 -999.0 -999.0 -999 -999 "" "" "" "" 0 0 0.0 0.0 -999 ""
FIBERMAP 613 R0C25 APOGEE 1 1 0 1 0 0 254.3630033332856 19.021301338571142 143.1 226.57018557496013 -117.04471043828907 124.64001 45.858074 104.35371041617823 3.5040932680934307 -2.136015 -6.0590496 1.0951833 104.35368287124285 3.5040805335980485 104.37095815691669 3.4760513122653767 43.521725872653626 239.2155357948538 16000.0 16600.0 2016.0 2 35 {-999.0 11.107689 10.295508 9.994918 -999.0} sdss_psfmag_from_g3xp 10.86731 10.3315 9.645266 8.281 63050395117898460 1104024999 bright_1x1 mwm_tess_rgb_apogee mwm_tessrgb science 0 0 0.0 0.0 -999 ""
FIBERMAP 613 R0C25 BOSS 0 0 0 1 0 0 255.09776095806433 18.89839038064397 143.1 227.13149421392228 -117.5342638368381 124.64001 45.858074 -999.0 -999.0 -999.0 -999.0 -999.0 104.35604872507773 3.501733425318308 104.37347356768294 3.473846813230363 43.5220216372473 239.21094599003425 -999.0 5400.0 -999.0 1 172 {-999.0 -999.0 -999.0 -999.0 -999.0} "" -999.0 -999.0 -999.0 -999.0 -999 -999 "" "" "" "" 0 0 0.0 0.0 -999 ""
FIBERMAP 613 R0C25 METROLOGY 0 0 0 1 0 0 254.62461221342556 18.316029441893544 143.1 226.42352075525068 -117.78233250574758 124.64001 45.858074 -999.0 -999.0 -999.0 -999.0 -999.0 104.3529094326844 3.5006348231852487 104.37028829636171 3.47271462278079 43.51893934482691 239.21284191452244 -999.0 6231.0 -999.0 -1 -999 {-999.0 -999.0 -999.0 -999.0 -999.0} "" -999.0 -999.0 -999.0 -999.0 -999 -999 "" "" "" "" 0 0 0.0 0.0 -999 ""
FIBERMAP 614 R+1C11 APOGEE 1 1 0 1 0 0 -45.84270566742309 36.85181885297895 143.1 -19.733953405133107 55.39537958161069 114.4774 49.35833 103.23417118435225 4.283876707474722 -2.4770527 2.099869 0.83289236 103.23414889271722 4.283891650052793 103.25358929961072 4.258627915257651 43.2410905366849 241.04944358574534 16000.0 16600.0 2016.0 2 134 {-999.0 14.723335 13.283356 12.630447 -999.0} sdss_psfmag_from_g3xp 14.133067 13.182486 12.226395 10.145 63050395118155314 1109756603 bright_1x1 mwm_tess_rgb_apogee mwm_tessrgb science 0 0 0.0 0.0 -999 ""
FIBERMAP 614 R+1C11 BOSS 0 0 0 1 0 0 -45.12601688796466 36.64683810487432 143.1 -19.231022023100675 54.84540350670798 114.4774 49.35833 -999.0 -999.0 -999.0 -999.0 -999.0 103.23628093487899 4.281277795885599 103.25587500301066 4.256155478837046 43.241103445815014 241.0448273825903 -999.0 5400.0 -999.0 1 31 {-999.0 -999.0 -999.0 -999.0 -999.0} "" -999.0 -999.0 -999.0 -999.0 -999 -999 "" "" "" "" 0 0 0.0 0.0 -999 ""
FIBERMAP 614 R+1C11 METROLOGY 0 0 0 1 0 0 -45.66665323916768 36.117133051418556 143.1 -19.968882827562716 54.6775265992359 114.4774 49.35833 -999.0 -999.0 -999.0 -999.0 -999.0 103.23295972264349 4.280539619300629 103.2525073973311 4.255384674893672 43.23810533684117 241.04715845377862 -999.0 6231.0 -999.0 -1 -999 {-999.0 -999.0 -999.0 -999.0 -999.0} "" -999.0 -999.0 -999.0 -999.0 -999 -999 "" "" "" "" 0 0 0.0 0.0 -999 ""
FIBERMAP 615 R-10C5 APOGEE 0 0 0 1 0 0 -71.78600907392806 -188.39034174333435 143.1 -159.81456309367985 -122.82281885116394 60.052757 66.5131 -999.0 -999.0 -999.0 -999.0 -999.0 102.59959075168926 3.4721747211078333 102.61724001421703 3.4487539331532004 42.225693709425 240.82174496108672 -999.0 16600.0 -999.0 2 -999 {-999.0 -999.0 -999.0 -999.0 -999.0} "" -999.0 -999.0 -999.0 -999.0 -999 -999 "" "" "" "" 0 0 0.0 0.0 -999 ""
FIBERMAP 615 R-10C5 BOSS 1 1 0 1 0 0 -71.32305082615949 -188.97075355775266 143.1 -159.7243608561988 -123.55958712344578 60.052757 66.5131 102.59933590298873 3.468641243183183 -0.6638741 -2.6758986 0.8583581 102.59981889061218 3.4686583407423344 102.61762528726064 3.4453900498684287 42.22369743983132 240.818052007194 5400.0 5400.0 2016.0 1 348 {-999.0 11.272508 10.973208 10.86789 -999.0} sdss_psfmag_from_g3xp 11.233876 10.964665 10.512042 9.81 63050395117510368 1093208142 bright_3x1 mwm_astar_core_boss mwm_ob science 0 0 1.7174066305160522 0.0 -999 ""
FIBERMAP 615 R-10C5 METROLOGY 0 0 0 1 0 0 -72.06608835587166 -189.08187451648232 143.1 -160.41531292038553 -123.26498954946402 60.052757 66.5131 -999.0 -999.0 -999.0 -999.0 -999.0 102.59673876910837 3.470042469153709 102.61450236933814 3.4467388291287557 42.222318526236656 240.82224365219366 -999.0 6231.0 -999.0 -1 -999 {-999.0 -999.0 -999.0 -999.0 -999.0} "" -999.0 -999.0 -999.0 -999.0 -999 -999 "" "" "" "" 0 0 0.0 0.0 -999 ""
FIBERMAP 619 R+7C12 APOGEE 1 1 0 1 0 0 40.24818149301032 120.22299311414231 143.1 97.25010383230568 81.29439152137785 321.90662 86.03585 103.76777171640425 4.402707779341544 -1.8722421 2.2398524 0.8066221 103.76775546795277 4.402706777991666 103.78734376001233 4.376020092505184 43.71251465417951 240.67249419752727 16000.0 16600.0 2016.0 2 6 {-999.0 12.891107 12.46274 12.311363 -999.0} sdss_psfmag_from_g3xp 12.810252 12.478188 11.974978 11.176 63050395117979713 1108570997 bright_flexible_3x1 mwm_tess_rgb_apogee mwm_tessrgb science 0 0 0.0 0.0 -999 ""
FIBERMAP 619 R+7C12 BOSS 0 0 0 1 0 0 39.746551544957754 119.68319999654183 143.1 96.5401750487075 81.09749132429035 321.90662 86.03585 -999.0 -999.0 -999.0 -999.0 -999.0 103.76440985509996 4.401700598834046 103.78415400052143 4.375167557159998 43.70959835153123 240.67460925501697 -999.0 5400.0 -999.0 1 138 {-999.0 -999.0 -999.0 -999.0 -999.0} "" -999.0 -999.0 -999.0 -999.0 -999 -999 "" "" "" "" 0 0 0.0 0.0 -999 ""
FIBERMAP 619 R+7C12 METROLOGY 0 0 0 1 0 0 39.516989380845324 120.39833655802595 143.1 96.7192970783238 81.82672680248712 321.90662 86.03585 -999.0 -999.0 -999.0 -999.0 -999.0 103.76525122969555 4.405049169113662 103.78495862592905 4.378472217739689 43.71242803425418 240.67721855025792 -999.0 6231.0 -999.0 -1 -999 {-999.0 -999.0 -999.0 -999.0 -999.0} "" -999.0 -999.0 -999.0 -999.0 -999 -999 "" "" "" "" 0 0 0.0 0.0 -999 ""
FIBERMAP 623 R+6C11 APOGEE 0 0 0 1 0 0 -0.812382568373405 97.77534074156837 143.1 50.52570261307369 83.68747532169348 306.06952 71.644714 -999.0 -999.0 -999.0 -999.0 -999.0 103.55466839084902 4.413357985499624 103.57433785458915 4.387226877885864 43.56378403802124 240.88255663534665 -999.0 16600.0 -999.0 2 -999 {-999.0 -999.0 -999.0 -999.0 -999.0} "" -999.0 -999.0 -999.0 -999.0 -999 -999 "" "" "" "" 0 0 0.0 0.0 -999 ""
FIBERMAP 623 R+6C11 BOSS 1 1 0 1 0 0 -1.5388845341192916 97.52876160126631 143.1 49.77787479468858 83.85805983418425 306.06952 71.644714 103.55108481907463 4.414019963507149 0.12309067 -0.33962345 0.1664765 103.55111943619043 4.414023947373482 103.57094999444104 4.388047069571153 43.56184976989054 240.88654246270454 5400.0 5400.0 2016.0 1 136 {-999.0 15.596485 14.905129 14.63021 -999.0} sdss_psfmag_ps1 15.348173 14.847557 14.166946 13.039 63050395118179896 1093344567 bright_3x1 mwm_astar_core_boss mwm_ob science 0 0 0.0 0.0 -999 ""
FIBERMAP 623 R+6C11 METROLOGY 0 0 0 1 0 0 -1.3817803036444494 98.25746956209252 143.1 50.29337695564531 84.39630539274198 306.06952 71.644714 -999.0 -999.0 -999.0 -999.0 -999.0 103.55350539485802 4.416508276997544 103.57329638653766 4.390483509187361 43.565220822621136 240.88683700050814 -999.0 6231.0 -999.0 -1 -999 {-999.0 -999.0 -999.0 -999.0 -999.0} "" -999.0 -999.0 -999.0 -999.0 -999 -999 "" "" "" "" 0 0 0.0 0.0 -999 ""
FIBERMAP 624 R-5C1 APOGEE 0 0 0 1 0 0 -245.6290084703736 -114.0631812681606 143.1 -268.91826674784835 31.53538567559785 286.49255 58.65737 -999.0 -999.0 -999.0 -999.0 -999.0 102.10513638742313 4.170308332165092 102.12460082521892 4.148041818687418 42.3324595074595 241.9679912269924 -999.0 16600.0 -999.0 2 241 {-999.0 -999.0 -999.0 -999.0 -999.0} "" -999.0 -999.0 -999.0 -999.0 -999 -999 "" "" "" "" 0 0 0.0 0.0 -999 ""
FIBERMAP 624 R-5C1 BOSS 1 1 0 1 0 0 -246.35356241736798 -113.90005828371139 143.1 -269.44982210508743 32.05383719834725 286.49255 58.65737 102.10257205556066 4.17251380677263 -1.9597534 -0.76803815 0.14416802 102.10259145719493 4.172487989764782 102.12222897235046 4.150377336759063 42.33225902744992 241.9724798731155 5400.0 5400.0 2016.0 1 498 {-999.0 15.55994 15.153848 14.966017 -999.0} sdss_psfmag_ps1 15.457124 15.163063 14.5631 13.66 63050395118165605 1093344515 bright_3x1 mwm_astar_core_boss mwm_ob science 0 0 0.0 0.0 -999 ""
FIBERMAP 624 R-5C1 METROLOGY 0 0 0 1 0 0 -245.8636842130074 -113.34787891540265 143.1 -268.74341240966066 32.26744097315634 286.49255 58.65737 -999.0 -999.0 -999.0 -999.0 -999.0 102.10578998738053 4.173515254354315 102.12538175534871 4.151353525249911 42.3352512472292 241.97062136551935 -999.0 6231.0 -999.0 -1 -999 {-999.0 -999.0 -999.0 -999.0 -999.0} "" -999.0 -999.0 -999.0 -999.0 -999 -999 "" "" "" "" 0 0 0.0 0.0 -999 ""
FIBERMAP 627 R+5C4 APOGEE 0 0 0 1 0 0 -169.56201320050266 105.25081289410669 143.1 -89.2594847465047 178.44916087475843 47.118816 156.97513 -999.0 -999.0 -999.0 -999.0 -999.0 102.9163608951918 4.840589352593361 102.93723258309274 4.816044558513502 43.381571277518056 241.90818158603378 -999.0 16600.0 -999.0 2 -999 {-999.0 -999.0 -999.0 -999.0 -999.0} "" -999.0 -999.0 -999.0 -999.0 -999 -999 "" "" "" "" 0 0 0.0 0.0 -999 ""
FIBERMAP 627 R+5C4 BOSS 1 1 0 1 0 0 -168.87874123276774 105.57415837382435 143.1 -88.50825763611323 178.36659288635244 47.118816 156.97513 102.91963186243804 4.840133575460311 -4.8488092 -3.1923158 0.87881464 102.91959354139907 4.840139201926362 102.94062457302016 4.815730167003037 43.38387756919112 241.9047543461647 5400.0 5400.0 2016.0 1 37 {-999.0 17.954596 16.763958 16.328915 -999.0} sdss_psfmag_ps1 17.47285 16.747683 15.904559 14.186 63050395118199229 981849967 "" ops_std_boss_tic ops_std standard_boss 0 0 0.0 0.0 -999 ""
FIBERMAP 627 R+5C4 METROLOGY 0 0 0 1 0 0 -168.94865560992548 104.82601359256164 143.1 -88.95969364523368 177.7661231186125 47.118816 156.97513 -999.0 -999.0 -999.0 -999.0 -999.0 102.91758963049168 4.8374505455603005 102.93856897581082 4.813006489967745 43.380534109894 241.90384643619757 -999.0 6231.0 -999.0 -1 -999 {-999.0 -999.0 -999.0 -999.0 -999.0} "" -999.0 -999.0 -999.0 -999.0 -999 -999 "" "" "" "" 0 0 0.0 0.0 -999 ""
FIBERMAP 630 R+11C4 APOGEE 1 1 0 1 0 0 -93.31123878790233 210.88856285485332 143.1 31.00895435573743 228.46410963740098 280.5562 163.51091 103.46344607308612 5.067675052850974 3.9543574 -8.553208 0.609833 103.46348174178885 5.067671087295325 103.48475932036604 5.041644662512631 43.93805694887843 241.63593416128003 16000.0 16600.0 2016.0 2 26 {-999.0 15.170307 13.77148 13.121505 -999.0} sdss_psfmag_from_g3xp 14.602512 13.6646805 12.7096195 10.571 63050395118205164 1110136778 bright_flexible_2x1 mwm_tess_rgb_apogee mwm_tessrgb science 0 0 0.0 0.0 -999 ""
FIBERMAP 630 R+11C4 BOSS 0 0 0 1 0 0 -93.40185086876222 210.1507239739357 143.1 30.545291457509823 227.8832580443445 280.5562 163.51091 -999.0 -999.0 -999.0 -999.0 -999.0 103.46122928371709 5.064959041822714 103.48265881183147 5.039080868395968 43.93478623082198 241.63523494824423 -999.0 5400.0 -999.0 1 145 {-999.0 -999.0 -999.0 -999.0 -999.0} "" -999.0 -999.0 -999.0 -999.0 -999 -999 "" "" "" "" 0 0 0.0 0.0 -999 ""
FIBERMAP 630 R+11C4 METROLOGY 0 0 0 1 0 0 -93.99825167298111 210.58185871859976 143.1 30.263258824052002 228.56280838769038 280.5562 163.51091 -999.0 -999.0 -999.0 -999.0 -999.0 103.45997843638794 5.068035791003355 103.48137100441068 5.042120074507535 43.93586807130345 241.63956255997277 -999.0 6231.0 -999.0 -1 -999 {-999.0 -999.0 -999.0 -999.0 -999.0} "" -999.0 -999.0 -999.0 -999.0 -999 -999 "" "" "" "" 0 0 0.0 0.0 -999 ""
FIBERMAP 631 R-5C16 APOGEE 1 1 0 1 0 0 109.76566299599777 -80.47909755992379 143.1 51.31521381089773 -126.03144339208977 104.47575 66.48035 103.56008042122151 3.4591992131212748 1.4939092 -6.276756 0.4835729 103.56010716338174 3.4591513494334865 103.5774762272311 3.433207570722532 42.91697608355868 239.91987030346286 16000.0 16600.0 2016.0 2 202 {-999.0 14.558165 13.360214 12.814129 -999.0} sdss_psfmag_from_g3xp 14.10857 13.300682 12.419738 10.433 63050395117930060 1110246699 bright_flexible_2x1 mwm_tess_rgb_apogee mwm_tessrgb science 0 0 0.0 0.0 -999 ""
FIBERMAP 631 R-5C16 BOSS 0 0 0 1 0 0 110.50363633293205 -80.58657897683717 143.1 51.88734326487988 -126.50954203561813 104.47575 66.48035 -999.0 -999.0 -999.0 -999.0 -999.0 103.5625764575459 3.456789843931534 103.5800994583571 3.4309903341911987 42.917366893792455 239.91521559407363 -999.0 5400.0 -999.0 1 304 {-999.0 -999.0 -999.0 -999.0 -999.0} "" -999.0 -999.0 -999.0 -999.0 -999 -999 "" "" "" "" 0 0 0.0 0.0 -999 ""
FIBERMAP 631 R-5C16 METROLOGY 0 0 0 1 0 0 110.04961819650322 -81.17132457336064 143.1 51.19441158539701 -126.76966254786589 104.47575 66.48035 -999.0 -999.0 -999.0 -999.0 -999.0 103.5594626578343 3.455651453988972 103.57693832375065 3.4298177882177114 42.91426409502588 239.91699828740016 -999.0 6231.0 -999.0 -1 -999 {-999.0 -999.0 -999.0 -999.0 -999.0} "" -999.0 -999.0 -999.0 -999.0 -999 -999 "" "" "" "" 0 0 0.0 0.0 -999 ""
FIBERMAP 635 R+9C12 APOGEE 0 0 0 1 0 0 41.209916719237796 177.76085730790467 143.1 128.209048627884 129.78776110410948 180.69704 102.634605 -999.0 -999.0 -999.0 -999.0 -999.0 103.90767431725456 4.622604943916855 103.92775753774725 4.595507177686583 43.96416131917561 240.76491531822666 -999.0 16600.0 -999.0 2 25 {-999.0 -999.0 -999.0 -999.0 -999.0} "" -999.0 -999.0 -999.0 -999.0 -999 -999 "" "" "" "" 0 0 0.0 0.0 -999 ""
FIBERMAP 635 R+9C12 BOSS 1 1 0 1 0 0 41.033439336025175 178.48527614592933 143.1 128.43823804726946 130.4970937169821 180.69704 102.634605 103.90860743235504 4.625743712145424 -0.77870417 -0.45808244 0.03769902 103.90858133174807 4.625709144488488 103.92882806557412 4.598751558668824 43.967142711353155 240.76723016653006 5400.0 5400.0 2016.0 1 140 {-999.0 18.572964 17.80769 17.434233 17.23342} sdss_psfmag_from_ps1dr2 18.3461 17.7972 17.0884 15.673 63050395117987909 1039367982 "" ops_std_boss_ps1dr2 ops_std standard_boss 0 0 0.0 0.0 -999 ""
FIBERMAP 635 R+9C12 METROLOGY 0 0 0 1 0 0 41.74889545700438 178.2817491983711 143.1 128.94088128412625 129.9490013472735 180.69704 102.634605 -999.0 -999.0 -999.0 -999.0 -999.0 103.91091342291438 4.623258032585774 103.93110934037014 4.596254282875247 43.967126421999396 240.76253761250575 -999.0 6231.0 -999.0 -1 -999 {-999.0 -999.0 -999.0 -999.0 -999.0} "" -999.0 -999.0 -999.0 -999.0 -999 -999 "" "" "" "" 0 0 0.0 0.0 -999 ""
FIBERMAP 637 R-13C10 APOGEE 0 0 0 1 0 0 59.85718255630827 -262.0636746624211 143.1 -86.30418844487482 -254.51879077185367 268.6241 138.52048 -999.0 -999.0 -999.0 -999.0 -999.0 102.93683632345152 2.879521408517033 102.9529742511321 2.8553423412663985 42.06684674520396 239.92782037053183 -999.0 16600.0 -999.0 2 181 {-999.0 -999.0 -999.0 -999.0 -999.0} "" -999.0 -999.0 -999.0 -999.0 -999 -999 "" "" "" "" 0 0 0.0 0.0 -999 ""
FIBERMAP 637 R-13C10 BOSS 1 1 0 1 0 0 59.33037945684821 -262.592106423075 143.1 -87.02960236805548 -254.69282963927003 268.6241 138.52048 102.93335755165344 2.8786078786193734 -0.5383917 -0.0015151139 0.072387464 102.93339681950602 2.8785922481669126 102.94969834204443 2.85457729986316 42.06393885541402 239.93008817524685 5400.0 5400.0 2016.0 1 335 {-999.0 15.631893 15.175805 14.786019 -999.0} sdss_psfmag_ps1 15.523466 15.06569 14.417022 13.276 63050395117483785 1093344062 bright_3x1 mwm_astar_core_boss mwm_ob science 0 0 0.0 0.0 -999 ""
FIBERMAP 637 R-13C10 METROLOGY 0 0 0 1 0 0 59.13412318020074 -261.8777671529422 143.1 -86.822535899097 -253.98171967439362 268.6241 138.52048 -999.0 -999.0 -999.0 -999.0 -999.0 102.93435557780477 2.8818064306125493 102.95061781003471 2.8577443444264543 42.06677712077986 239.93234929637768 -999.0 6231.0 -999.0 -1 -999 {-999.0 -999.0 -999.0 -999.0 -999.0} "" -999.0 -999.0 -999.0 -999.0 -999 -999 "" "" "" "" 0 0 0.0 0.0 -999 ""
FIBERMAP 640 R-5C17 APOGEE 0 0 0 1 0 0 102.95322661966202 -103.49550696698313 143.1 33.4573422174728 -142.06283356007003 258.36984 40.141758 -999.0 -999.0 -999.0 -999.0 -999.0 103.47885495109632 3.3862107961184815 103.49606960375365 3.3604958624893557 42.8079630320031 239.92345882848178 -999.0 16600.0 -999.0 2 -999 {-999.0 -999.0 -999.0 -999.0 -999.0} "" -999.0 -999.0 -999.0 -999.0 -999 -999 "" "" "" "" 0 0 0.0 0.0 -999 ""
FIBERMAP 640 R-5C17 BOSS 1 1 0 1 0 0 102.58306651194923 -102.82729032968287 143.1 33.49215816096503 -141.29990419123558 258.36984 40.141758 103.47885131835938 3.3894590062765957 -999.0 -999.0 -999.0 103.47886179058227 3.3894602757759733 103.49624508657621 3.3638954118304416 42.810418021388436 239.92667316355997 5400.0 5400.0 2015.5 1 300 {-999.0 -999.0 -999.0 -999.0 -999.0} "" -999.0 -999.0 -999.0 -999.0 27021603131837133 810614082 "" ops_sky_boss_good ops_sky sky_boss 0 0 0.0 0.0 -999 ""
FIBERMAP 640 R-5C17 METROLOGY 0 0 0 1 0 0 103.32540622899258 -102.84886617109227 143.1 34.11300564375763 -141.70713600293115 258.36984 40.141758 -999.0 -999.0 -999.0 -999.0 -999.0 103.48173481607623 3.3876785681925288 103.49906750619385 3.362063821549864 42.81121791611788 239.92222391625646 -999.0 6231.0 -999.0 -1 -999 {-999.0 -999.0 -999.0 -999.0 -999.0} "" -999.0 -999.0 -999.0 -999.0 -999 -999 "" "" "" "" 0 0 0.0 0.0 -999 ""
FIBERMAP 641 R-8C16 APOGEE 0 0 0 1 0 0 131.17583566061654 -176.48157926171478 143.1 19.258514438082305 -218.9989233566212 326.0433 36.190903 -999.0 -999.0 -999.0 -999.0 -999.0 103.41473781298399 3.0389288660668816 103.43113538870557 3.0134578017662697 42.52276526779851 239.64046819428953 -999.0 16600.0 -999.0 2 -999 {-999.0 -999.0 -999.0 -999.0 -999.0} "" -999.0 -999.0 -999.0 -999.0 -999 -999 "" "" "" "" 0 0 0.0 0.0 -999 ""
FIBERMAP 641 R-8C16 BOSS 1 1 0 1 0 0 130.41873164653646 -176.51881613073365 143.1 18.594286449911575 -218.6340403536684 326.0433 36.190903 103.41156005859375 3.0403690695705023 -999.0 -999.0 -999.0 103.41156146350512 3.0403617436332557 103.42812518056257 3.0150515740539747 42.52167612440703 239.64484175265085 5400.0 5400.0 2015.5 1 307 {-999.0 -999.0 -999.0 -999.0 -999.0} "" -999.0 -999.0 -999.0 -999.0 27021603131836730 819466666 "" ops_sky_boss_good ops_sky sky_boss 0 0 0.0 0.0 -999 ""
FIBERMAP 641 R-8C16 METROLOGY 0 0 0 1 0 0 130.76861503063205 -175.85641261271084 143.1 19.239220182356153 -218.253240439814 326.0433 36.190903 -999.0 -999.0 -999.0 -999.0 -999.0 103.41453271223553 3.042133080785542 103.4310540244818 3.0167713877700284 42.52498289937144 239.6438107448342 -999.0 6231.0 -999.0 -1 -999 {-999.0 -999.0 -999.0 -999.0 -999.0} "" -999.0 -999.0 -999.0 -999.0 -999 -999 "" "" "" "" 0 0 0.0 0.0 -999 ""
FIBERMAP 647 R-6C1 APOGEE 0 0 1 1 0 0 -223.54423230806947 -108.74315497858316 143.1 -247.32489335761105 24.497094233723704 10.8336935 169.6366 -999.0 -999.0 -999.0 -999.0 -999.0 102.20173529131004 4.139016270951543 102.2210982686695 4.116501291389463 42.38296032529055 241.84918184196707 -999.0 16600.0 -999.0 2 261 {-999.0 -999.0 -999.0 -999.0 -999.0} "" -999.0 -999.0 -999.0 -999.0 -999 -999 "" "" "" "" 0 0 0.0 0.0 -999 ""
FIBERMAP 647 R-6C1 BOSS 1 0 1 1 0 0 -222.8070303026242 -108.69525239148429 143.1 -246.6720261908095 24.151719005502958 10.8336935 169.6366 102.2062788116509 4.062201289465478 -0.20833424 0.17074247 0.27345124 102.20447410939919 4.137320398524511 102.22399886675714 4.11494810947282 42.384071835766136 241.84499876086258 5400.0 5400.0 2016.0 1 499 {-999.0 12.904374 12.697083 12.648215 -999.0} sdss_psfmag_from_g3xp 12.885205 12.674026 12.30227 11.77 63050395118160651 1068446342 bright_3x1 mwm_ob_core_boss mwm_ob science 0 0 1.130902886390686 0.0 -999 ""
FIBERMAP 647 R-6C1 METROLOGY 0 0 1 1 0 0 -223.1006723560074 -109.37615816042968 143.1 -247.27875885433238 23.7257024422708 10.8336935 169.6366 -999.0 -999.0 -999.0 -999.0 -999.0 102.20181438759934 4.135419037473971 102.22128805552347 4.113011807055374 42.38076677584814 241.84549897567342 -999.0 6231.0 -999.0 -1 -999 {-999.0 -999.0 -999.0 -999.0 -999.0} "" -999.0 -999.0 -999.0 -999.0 -999 -999 "" "" "" "" 0 0 0.0 0.0 -999 ""
FIBERMAP 648 R+10C6 APOGEE 0 0 0 1 0 0 -67.28779983129449 175.38844470235304 143.1 34.5735997967098 184.6016835615898 309.49847 71.959305 -999.0 -999.0 -999.0 -999.0 -999.0 103.48042997874323 4.870475426378359 103.50122493925141 4.844444714385228 43.81800928190393 241.4176996606464 -999.0 16600.0 -999.0 2 -999 {-999.0 -999.0 -999.0 -999.0 -999.0} "" -999.0 -999.0 -999.0 -999.0 -999 -999 "" "" "" "" 0 0 0.0 0.0 -999 ""
FIBERMAP 648 R+10C6 BOSS 1 1 0 1 0 0 -68.01229021799524 175.1130475280682 143.1 33.81238926194546 184.74667396161942 309.49847 71.959305 103.47679358119721 4.871040708407882 -0.00138553 -0.2783223 0.12280852 103.47681110554754 4.871034596553048 103.49776655055712 4.845156044259757 43.81593315595536 241.42163687942298 5400.0 5400.0 2016.0 1 119 {-999.0 15.573651 15.073669 15.024725 -999.0} sdss_psfmag_ps1 15.442946 15.086186 14.541373 13.693 63050395118192711 1093344587 bright_3x1 mwm_astar_core_boss mwm_ob science 0 0 0.0 0.0 -999 ""
FIBERMAP 648 R+10C6 METROLOGY 0 0 0 1 0 0 -67.87455839652915 175.84928780649537 143.1 34.315340225236575 185.30148158564 309.49847 71.959305 -999.0 -999.0 -999.0 -999.0 -999.0 103.47913683657626 4.873569175897874 103.50005297322059 4.84764353507054 43.81929166177913 241.42207176361416 -999.0 6231.0 -999.0 -1 -999 {-999.0 -999.0 -999.0 -999.0 -999.0} "" -999.0 -999.0 -999.0 -999.0 -999 -999 "" "" "" "" 0 0 0.0 0.0 -999 ""
FIBERMAP 650 R-2C1 APOGEE 1 1 0 1 0 0 -257.9708170961703 -52.7123041664124 143.1 -247.29077198092224 90.2445522452889 339.23428 82.214325 102.20169067382812 4.436368275218101 -999.0 -999.0 -999.0 102.20167876056186 4.43637921171757 102.22176130731816 4.413801116787967 42.58193375312067 242.14871552954315 16000.0 16600.0 2015.5 2 275 {-999.0 -999.0 -999.0 -999.0 -999.0} "" -999.0 -999.0 -999.0 -999.0 27021603131854271 841579558 "" ops_sky_apogee_best ops_sky sky_apogee 0 0 0.0 0.0 -999 ""
FIBERMAP 650 R-2C1 BOSS 0 0 0 1 0 0 -258.319355905903 -53.374304795859935 143.1 -247.93434967824274 89.86339109049455 339.23428 82.214325 -999.0 -999.0 -999.0 -999.0 -999.0 102.19862127387621 4.434486612807486 102.21886613389023 4.412064944206093 42.57862445165297 242.1495693150278 -999.0 5400.0 -999.0 1 426 {-999.0 -999.0 -999.0 -999.0 -999.0} "" -999.0 -999.0 -999.0 -999.0 -999 -999 "" "" "" "" 0 0 0.0 0.0 -999 ""
FIBERMAP 650 R-2C1 METROLOGY 0 0 0 1 0 0 -258.71647689321 -52.74689511661644 143.1 -247.9438684824716 90.60569361088997 339.23428 82.214325 -999.0 -999.0 -999.0 -999.0 -999.0 102.19863320004215 4.4378790920488775 102.21883920387523 4.415414732230464 42.58083631119111 242.15298602112335 -999.0 6231.0 -999.0 -1 -999 {-999.0 -999.0 -999.0 -999.0 -999.0} "" -999.0 -999.0 -999.0 -999.0 -999 -999 "" "" "" "" 0 0 0.0 0.0 -999 ""
FIBERMAP 654 R+12C14 APOGEE 1 1 0 1 0 0 147.85226696779733 224.28238745293103 143.1 243.39109555408993 113.54151594921287 350.2104 93.17818 104.42802243335738 4.547479542843916 -2.0463781 -0.49918863 0.33411154 104.4279898026808 4.5474813807536325 104.44775689212622 4.5190413726422625 44.292731026637874 240.19629247628882 16000.0 16600.0 2016.0 2 91 {-999.0 15.116201 13.91177 13.326396 -999.0} sdss_psfmag_from_g3xp 14.665893 13.830871 12.930429 10.988 63050395118084256 1109436812 bright_flexible_3x1 mwm_tess_rgb_apogee mwm_tessrgb science 0 0 0.0 0.0 -999 ""
FIBERMAP 654 R+12C14 BOSS 0 0 0 1 0 0 147.7554128314054 223.54703532434698 143.1 242.92341977969446 112.96605174987658 350.2104 93.17818 -999.0 -999.0 -999.0 -999.0 -999.0 104.4257664028699 4.544756148564955 104.44568108364388 4.516465032472683 44.2894609364236 240.19562791457287 -999.0 5400.0 -999.0 1 89 {-999.0 -999.0 -999.0 -999.0 -999.0} "" -999.0 -999.0 -999.0 -999.0 -999 -999 "" "" "" "" 0 0 0.0 0.0 -999 ""
FIBERMAP 654 R+12C14 METROLOGY 0 0 0 1 0 0 147.15465567220807 223.99651037583777 143.1 242.64728460584405 113.66350201424976 350.2104 93.17818 -999.0 -999.0 -999.0 -999.0 -999.0 104.42454798393399 4.54794690642352 104.44442715234658 4.519617908283342 44.29069422705253 240.2000417211569 -999.0 6231.0 -999.0 -1 -999 {-999.0 -999.0 -999.0 -999.0 -999.0} "" -999.0 -999.0 -999.0 -999.0 -999 -999 "" "" "" "" 0 0 0.0 0.0 -999 ""
FIBERMAP 660 R+8C18 APOGEE 0 0 0 1 0 0 168.84914067217068 154.715899699863 143.1 224.83036962149566 43.30246527087053 156.1486 140.72253 -999.0 -999.0 -999.0 -999.0 -999.0 104.34632753286121 4.230127682871747 104.36535034573814 4.201965615248981 44.01627046948694 239.95145005040956 -999.0 16600.0 -999.0 2 -999 {-999.0 -999.0 -999.0 -999.0 -999.0} "" -999.0 -999.0 -999.0 -999.0 -999 -999 "" "" "" "" 0 0 0.0 0.0 -999 ""
FIBERMAP 660 R+8C18 BOSS 1 1 0 1 0 0 168.50073629510203 155.38774218616658 143.1 224.88561127703616 44.05708601184516 156.1486 140.72253 104.34619320420626 4.2334281686940285 -0.39758894 -0.3737928 0.24750909 104.34644624427096 4.233408637356577 104.36563147916445 4.2053899454939465 44.01881602174386 239.95465887907613 5400.0 5400.0 2016.0 1 239 {-999.0 13.547104 13.214335 13.115155 -999.0} sdss_psfmag_gaia 13.500809 13.2299 12.784726 12.14 63050395117968012 1068388834 bright_3x1 mwm_ob_core_boss mwm_ob science 0 0 0.9670405387878418 0.0 -999 ""
FIBERMAP 660 R+8C18 METROLOGY 0 0 0 1 0 0 169.25269005031376 155.34344243140575 143.1 225.50274229462931 43.62546723548566 156.1486 140.72253 -999.0 -999.0 -999.0 -999.0 -999.0 104.34926285875989 4.231490374481861 104.36839894488679 4.203423827088559 44.01948631468008 239.95003961075207 -999.0 6231.0 -999.0 -1 -999 {-999.0 -999.0 -999.0 -999.0 -999.0} "" -999.0 -999.0 -999.0 -999.0 -999 -999 "" "" "" "" 0 0 0.0 0.0 -999 ""
FIBERMAP 661 R-11C8 APOGEE 1 1 0 1 0 0 6.278186234310134 -201.27167524459475 143.1 -100.08553983860864 -174.68433500881378 101.9971 32.477737 102.87185668945311 3.237666058449207 -999.0 -999.0 -999.0 102.87184540225171 3.2376999241303928 102.88885982127721 3.213612949827958 42.26486610539469 240.3398006454462 16000.0 16600.0 2015.5 2 158 {-999.0 -999.0 -999.0 -999.0 -999.0} "" -999.0 -999.0 -999.0 -999.0 27021603131813920 841576158 "" ops_sky_apogee_best ops_sky sky_apogee 0 0 0.0 0.0 -999 ""
FIBERMAP 661 R-11C8 BOSS 0 0 0 1 0 0 6.823690956923677 -201.78038335490976 143.1 -99.88748358854717 -175.40328319890642 101.9971 32.477737 -999.0 -999.0 -999.0 -999.0 -999.0 102.87257653983781 3.234261056755081 102.88974707270893 3.2103259185438255 42.263274378635266 240.335734351417 -999.0 5400.0 -999.0 1 360 {-999.0 -999.0 -999.0 -999.0 -999.0} "" -999.0 -999.0 -999.0 -999.0 -999 -999 "" "" "" "" 0 0 0.0 0.0 -999 ""
FIBERMAP 661 R-11C8 METROLOGY 0 0 0 1 0 0 6.105021749459496 -201.99808676001405 143.1 -100.61351538516946 -175.21221218094456 101.9971 32.477737 -999.0 -999.0 -999.0 -999.0 -999.0 102.86932875066755 3.235176389145904 102.88645570118081 3.2112062447070855 42.26146932859567 240.3396309027977 -999.0 6231.0 -999.0 -1 -999 {-999.0 -999.0 -999.0 -999.0 -999.0} "" -999.0 -999.0 -999.0 -999.0 -999 -999 "" "" "" "" 0 0 0.0 0.0 -999 ""
FIBERMAP 663 R0C1 APOGEE 0 0 0 1 0 0 -303.21334237139416 -15.120413501017195 143.1 -266.12596296257914 145.9557585616086 274.1646 65.457596 -999.0 -999.0 -999.0 -999.0 -999.0 102.11832336679036 4.686372786555593 102.13903427611189 4.66396208754754 42.6866646751523 242.47723321136434 -999.0 16600.0 -999.0 2 277 {-999.0 -999.0 -999.0 -999.0 -999.0} "" -999.0 -999.0 -999.0 -999.0 -999 -999 "" "" "" "" 0 0 0.0 0.0 -999 ""
FIBERMAP 663 R0C1 BOSS 1 1 0 1 0 0 -303.9154158303757 -14.877668916539816 143.1 -266.5966666997973 146.53023702733347 274.1646 65.457596 102.11581348403826 4.688754344407084 -0.60806596 0.31397158 0.23620851 102.11610522914934 4.688760374547441 102.13698860089448 4.666501797779201 42.68682414949636 242.4816585876813 5400.0 5400.0 2016.0 1 424 {-999.0 13.495729 13.166982 13.069419 -999.0} sdss_psfmag_gaia 13.45005 13.181971 12.738333 12.118 63050395118227508 1068388866 bright_3x1 mwm_ob_core_boss mwm_ob science 0 0 0.9846882820129395 0.0 -999 ""
FIBERMAP 663 R0C1 METROLOGY 0 0 0 1 0 0 -303.3624316772444 -14.378545168265909 143.1 -265.8643103114947 146.66560387782164 274.1646 65.457596 -999.0 -999.0 -999.0 -999.0 -999.0 102.11941383228681 4.6894548948753565 102.14025092107454 4.66714583672183 42.68968427736891 242.47937939109147 -999.0 6231.0 -999.0 -1 -999 {-999.0 -999.0 -999.0 -999.0 -999.0} "" -999.0 -999.0 -999.0 -999.0 -999 -999 "" "" "" "" 0 0 0.0 0.0 -999 ""
FIBERMAP 664 R+7C5 APOGEE 0 0 0 1 0 0 -136.23874891286923 147.69676826863233 143.1 -38.648208172352994 197.13892220625357 168.29028 82.07926 -999.0 -999.0 -999.0 -999.0 -999.0 103.14667814104622 4.926060169290728 103.16769602428133 4.900893039518397 43.60912267004744 241.783719198041 -999.0 16600.0 -999.0 2 117 {-999.0 -999.0 -999.0 -999.0 -999.0} "" -999.0 -999.0 -999.0 -999.0 -999 -999 "" "" "" "" 0 0 0.0 0.0 -999 ""
FIBERMAP 664 R+7C5 BOSS 1 1 0 1 0 0 -135.98291579069982 148.3914010199695 143.1 -38.066481637477466 197.5964335598331 168.29028 82.07926 103.14920637340428 4.928070761949974 -4.9830556 -4.887762 1.701146 103.14915591441641 4.928036390295714 103.17033780889 4.903005549339831 43.61249241434661 241.78345865244881 5400.0 5400.0 2016.0 1 56 {-999.0 14.605468 14.149625 13.799152 13.471205} sdss_psfmag_from_gdr3 14.937192 14.493572 13.801727 12.479 63050395118200738 1059271754 bright_flexible_2x1 bhm_spiders_agn_gaiadr3 bhm_spiders science 0 0 0.0 0.0 -999 ""
FIBERMAP 664 R+7C5 METROLOGY 0 0 0 1 0 0 -135.50542070768557 147.821708674069 143.1 -37.958285197680745 196.86117879049658 168.29028 82.07926 -999.0 -999.0 -999.0 -999.0 -999.0 103.14969932805273 4.92475971448116 103.17082782568957 4.89968754981969 43.61063722550462 241.77959987784527 -999.0 6231.0 -999.0 -1 -999 {-999.0 -999.0 -999.0 -999.0 -999.0} "" -999.0 -999.0 -999.0 -999.0 -999 -999 "" "" "" "" 0 0 0.0 0.0 -999 ""
FIBERMAP 665 R-5C18 APOGEE 1 1 0 1 0 0 137.37926162035606 -92.77858777954498 143.1 68.38712870879692 -150.9700287651829 112.931335 149.27364 103.63787033806562 3.3465281345950406 0.07802302 -1.5655633 0.36007816 103.63786095277716 3.346496378983413 103.65493955146508 3.3203730293658102 42.89595820783392 239.73533585537552 16000.0 16600.0 2016.0 2 220 {-999.0 13.913433 13.363642 13.175946 -999.0} sdss_psfmag_gaia 13.783646 13.401846 12.835259 11.811 63050395117925277 1107823210 bright_flexible_5x1 mwm_tess_rgb_apogee mwm_tessrgb science 0 0 0.0 0.0 -999 ""
FIBERMAP 665 R-5C18 BOSS 0 0 0 1 0 0 137.45795739107498 -92.0434072356576 143.1 68.83925159806458 -150.3851988139128 112.931335 149.27364 -999.0 -999.0 -999.0 -999.0 -999.0 103.63978135691673 3.348948219174339 103.6570253701272 3.32296996502734 42.899254869423665 239.73596456732076 -999.0 5400.0 -999.0 1 292 {-999.0 -999.0 -999.0 -999.0 -999.0} "" -999.0 -999.0 -999.0 -999.0 -999 -999 "" "" "" "" 0 0 0.0 0.0 -999 ""
FIBERMAP 665 R-5C18 METROLOGY 0 0 0 1 0 0 138.06028980428232 -92.4909910790021 143.1 69.11771886946762 -151.08186375692128 112.931335 149.27364 -999.0 -999.0 -999.0 -999.0 -999.0 103.64108843936458 3.3458546763402817 103.65827934308322 3.3198309787415456 42.89801185442317 239.73167480857063 -999.0 6231.0 -999.0 -1 -999 {-999.0 -999.0 -999.0 -999.0 -999.0} "" -999.0 -999.0 -999.0 -999.0 -999 -999 "" "" "" "" 0 0 0.0 0.0 -999 ""
FIBERMAP 667 R0C9 APOGEE 0 0 0 1 0 0 -103.74957401995505 -18.006259173715275 143.1 -97.7815557142803 39.013495175455816 343.09097 59.19463 -999.0 -999.0 -999.0 -999.0 -999.0 102.87818974646608 4.208098046524012 102.89754046448076 4.183785530608251 42.928344111311866 241.30145124825452 -999.0 16600.0 -999.0 2 246 {-999.0 -999.0 -999.0 -999.0 -999.0} "" -999.0 -999.0 -999.0 -999.0 -999 -999 "" "" "" "" 0 0 0.0 0.0 -999 ""
FIBERMAP 667 R0C9 BOSS 1 1 0 1 0 0 -104.28567355278784 -18.519517696382216 143.1 -98.50693796958534 38.857247021607044 343.09097 59.19463 102.87460327148439 4.207242227914691 -999.0 -999.0 -999.0 102.87467716706021 4.207244449777994 102.89418943206232 4.183089016443192 42.925403594483086 241.30381992706276 5400.0 5400.0 2015.5 1 492 {-999.0 -999.0 -999.0 -999.0 -999.0} "" -999.0 -999.0 -999.0 -999.0 27021603131850001 810615629 "" ops_sky_boss_good ops_sky sky_boss 0 0 0.0 0.0 -999 ""
FIBERMAP 667 R0C9 METROLOGY 0 0 0 1 0 0 -104.46651168724948 -17.79623057026897 143.1 -98.28205483027494 39.567900195001464 343.09097 59.19463 -999.0 -999.0 -999.0 -999.0 -999.0 102.87574932365898 4.210520901212752 102.89522311089416 4.18632009516434 42.92834077507812 241.30613584798405 -999.0 6231.0 -999.0 -1 -999 {-999.0 -999.0 -999.0 -999.0 -999.0} "" -999.0 -999.0 -999.0 -999.0 -999 -999 "" "" "" "" 0 0 0.0 0.0 -999 ""
FIBERMAP 669 R+3C3 APOGEE 1 1 0 1 0 0 -196.8673647529579 70.35180648597415 143.1 -130.79281954130533 163.03375350698923 91.930046 51.137577 102.72766113281249 4.769664138948144 -999.0 -999.0 -999.0 102.72764499983515 4.7697059996490525 102.7483949745706 4.74567203963292 43.19446012153309 242.0086995993728 16000.0 16600.0 2015.5 2 107 {-999.0 -999.0 -999.0 -999.0 -999.0} "" -999.0 -999.0 -999.0 -999.0 27021603131853196 841579462 "" ops_sky_apogee_best ops_sky sky_apogee 0 0 0.0 0.0 -999 ""
FIBERMAP 669 R+3C3 BOSS 0 0 0 1 0 0 -196.2883591854858 69.89154028300803 143.1 -130.54085994371707 162.33850799124886 91.930046 51.137577 -999.0 -999.0 -999.0 -999.0 -999.0 102.72859246256921 4.766468918590443 102.74949682124173 4.742578110895888 43.193214574300626 242.0045330923628 -999.0 5400.0 -999.0 1 59 {-999.0 -999.0 -999.0 -999.0 -999.0} "" -999.0 -999.0 -999.0 -999.0 -999 -999 "" "" "" "" 0 0 0.0 0.0 -999 ""
FIBERMAP 669 R+3C3 METROLOGY 0 0 0 1 0 0 -196.97438798643668 69.60645953513111 143.1 -131.27439052068326 162.45510494193027 91.930046 51.137577 -999.0 -999.0 -999.0 -999.0 -999.0 102.72531743018212 4.767002637258499 102.7461779206123 4.743079254015569 43.19108456519338 242.00807124645166 -999.0 6231.0 -999.0 -1 -999 {-999.0 -999.0 -999.0 -999.0 -999.0} "" -999.0 -999.0 -999.0 -999.0 -999 -999 "" "" "" "" 0 0 0.0 0.0 -999 ""
FIBERMAP 671 R+1C15 APOGEE 0 0 0 1 0 0 27.972877614406663 2.0776568352654543 143.1 24.909021438804334 -12.883730045910852 286.90088 76.176 -999.0 -999.0 -999.0 -999.0 -999.0 103.43879515825952 3.9734121107451412 103.4574330710227 3.9476767937069295 43.1801700360324 240.54659658054533 -999.0 16600.0 -999.0 2 -999 {-999.0 -999.0 -999.0 -999.0 -999.0} "" -999.0 -999.0 -999.0 -999.0 -999 -999 "" "" "" "" 0 0 0.0 0.0 -999 ""
FIBERMAP 671 R+1C15 BOSS 1 1 0 1 0 0 27.208020866105997 2.0194516682966466 143.1 24.227207714474694 -12.532641781159105 286.90088 76.176 103.4355138059969 3.9748790686461586 -0.072856456 0.13634467 0.15196598 103.43553239311845 3.9748483845686233 103.4543345991977 3.949269008778938 43.178982696035014 240.5510782431373 5400.0 5400.0 2016.0 1 189 {-999.0 15.716755 14.984866 14.587934 -999.0} sdss_psfmag_from_g3xp 15.504934 14.936619 14.1976 12.892 63050395117950802 1093208298 bright_3x1 mwm_astar_core_boss mwm_ob science 0 0 0.0 0.0 -999 ""
FIBERMAP 671 R+1C15 METROLOGY 0 0 0 1 0 0 27.545459828125512 2.6891926203854517 143.1 24.86538778558411 -12.139074833729541 286.90088 76.176 -999.0 -999.0 -999.0 -999.0 -999.0 103.43848559981826 3.976692309345101 103.45724613240463 3.9510629341654124 43.18233300416555 240.55017855961972 -999.0 6231.0 -999.0 -1 -999 {-999.0 -999.0 -999.0 -999.0 -999.0} "" -999.0 -999.0 -999.0 -999.0 -999 -999 "" "" "" "" 0 0 0.0 0.0 -999 ""
FIBERMAP 673 R-11C1 APOGEE 1 1 0 1 0 0 -177.10937445921573 -201.60391470248172 143.1 -256.42575728851705 -78.90364972079158 141.77527 102.061066 102.16355374879846 3.671036748071551 1.9177332 0.09446042 0.33488312 102.16351348945193 3.67107020725468 102.18175689153418 3.648757284306528 42.040074318162546 241.4163908798169 16000.0 16600.0 2016.0 2 271 {-999.0 14.879806 13.689483 13.148717 -999.0} sdss_psfmag_from_g3xp 14.436435 13.632137 12.752828 10.791 63050395117721599 1108784867 bright_flexible_2x1 mwm_tess_rgb_apogee mwm_tessrgb science 0 0 0.0 0.0 -999 ""
FIBERMAP 673 R-11C1 BOSS 0 0 0 1 0 0 -176.78832114347054 -200.9285695828655 143.1 -255.79859501621442 -78.49672720149475 141.77527 102.061066 -999.0 -999.0 -999.0 -999.0 -999.0 102.16612599141702 3.6727520359859684 102.18454049648221 3.650584046761486 42.043358618978836 241.41569447125372 -999.0 5400.0 -999.0 1 421 {-999.0 -999.0 -999.0 -999.0 -999.0} "" -999.0 -999.0 -999.0 -999.0 -999 -999 "" "" "" "" 0 0 0.0 0.0 -999 ""
FIBERMAP 673 R-11C1 METROLOGY 0 0 0 1 0 0 -176.36082836857162 -201.54457645281985 143.1 -255.75723958652648 -79.24522910817389 141.77527 102.061066 -999.0 -999.0 -999.0 -999.0 -999.0 102.1663893770942 3.6694155222480185 102.18474823542692 3.6472044438207463 42.04123840876157 241.4121396865438 -999.0 6231.0 -999.0 -1 -999 {-999.0 -999.0 -999.0 -999.0 -999.0} "" -999.0 -999.0 -999.0 -999.0 -999 -999 "" "" "" "" 0 0 0.0 0.0 -999 ""
FIBERMAP 674 R+4C1 APOGEE 0 0 0 1 0 0 -257.7054467918466 96.50115351060822 143.1 -168.9025488697296 217.17030076005963 193.59647 21.618347 -999.0 -999.0 -999.0 -999.0 -999.0 102.55597081423262 5.011285265009637 102.57735303305509 4.98765322650895 43.22820854809465 242.41214207496995 -999.0 16600.0 -999.0 2 144 {-999.0 -999.0 -999.0 -999.0 -999.0} "" -999.0 -999.0 -999.0 -999.0 -999 -999 "" "" "" "" 0 0 0.0 0.0 -999 ""
FIBERMAP 674 R+4C1 BOSS 1 1 0 1 0 0 -257.1025649055535 96.9202112115248 143.1 -168.16964225319157 217.21134842623195 193.59647 21.618347 102.55913426130118 5.011374972991202 -0.4763142 -0.49105012 0.18061863 102.55911455291333 5.011362901750444 102.58065911518446 4.987866611838543 43.230814056627224 242.40936154873532 5400.0 5400.0 2016.0 1 2 {-999.0 14.739193 14.302627 14.09637 -999.0} sdss_psfmag_from_g3xp 14.652987 14.285036 13.731976 12.831 63050395118260099 1068446383 bright_3x1 mwm_ob_core_boss mwm_ob science 0 0 0.0 0.0 -999 ""
FIBERMAP 674 R+4C1 METROLOGY 0 0 0 1 0 0 -257.03521740496177 96.17278004595069 143.1 -168.5038172242086 216.5395846809882 193.59647 21.618347 -999.0 -999.0 -999.0 -999.0 -999.0 102.55764036605883 5.0083793641218 102.57913189294248 4.984846763244151 43.22767190108569 242.40764672659674 -999.0 6231.0 -999.0 -1 -999 {-999.0 -999.0 -999.0 -999.0 -999.0} "" -999.0 -999.0 -999.0 -999.0 -999 -999 "" "" "" "" 0 0 0.0 0.0 -999 ""
FIBERMAP 675 R-1C20 APOGEE 0 0 0 1 0 0 139.50440377669142 -13.317585088724282 143.1 111.82075062317399 -84.41713685557164 84.00422 155.93346 -999.0 -999.0 -999.0 -999.0 -999.0 103.83541528439126 3.64907474327774 103.85317035939624 3.622369108227584 43.247042337063036 239.8506258775716 -999.0 16600.0 -999.0 2 227 {-999.0 -999.0 -999.0 -999.0 -999.0} "" -999.0 -999.0 -999.0 -999.0 -999 -999 "" "" "" "" 0 0 0.0 0.0 -999 ""
FIBERMAP 675 R-1C20 BOSS 1 1 0 1 0 0 139.85014607131666 -12.654630165684292 143.1 112.46244679593954 -84.03369816506938 84.00422 155.93346 103.83825476467935 3.650660252347932 -0.70008343 0.6174172 0.115401864 103.83822022829364 3.6506444303054297 103.85613671350347 3.6240796977191745 43.25037092845206 239.84955298499375 5400.0 5400.0 2016.0 1 271 {-999.0 16.143324 15.608735 15.438347 -999.0} sdss_psfmag_ps1 16.00921 15.630655 15.071024 14.114 63050395117929730 1093344496 bright_3x1 mwm_astar_core_boss mwm_ob science 0 0 0.0 0.0 -999 ""
FIBERMAP 675 R-1C20 METROLOGY 0 0 0 1 0 0 140.2543909376839 -13.299600219552971 143.1 112.46883341409578 -84.79468615222683 84.00422 155.93346 -999.0 -999.0 -999.0 -999.0 -999.0 103.8382852622219 3.6472368674362508 103.85614866746101 3.620630597336914 43.248017052761064 239.84609181053145 -999.0 6231.0 -999.0 -1 -999 {-999.0 -999.0 -999.0 -999.0 -999.0} "" -999.0 -999.0 -999.0 -999.0 -999 -999 "" "" "" "" 0 0 0.0 0.0 -999 ""
FIBERMAP 676 R-9C12 APOGEE 0 0 0 1 0 0 43.840952718203525 -183.71095508004473 143.1 -58.899649668395774 -179.40670702023144 230.1501 103.4044 -999.0 -999.0 -999.0 -999.0 -999.0 103.05898849899897 3.216429221341064 103.07590337745825 3.191854303051107 42.38656374199091 240.14595566339733 -999.0 16600.0 -999.0 2 152 {-999.0 -999.0 -999.0 -999.0 -999.0} "" -999.0 -999.0 -999.0 -999.0 -999 -999 "" "" "" "" 0 0 0.0 0.0 -999 ""
FIBERMAP 676 R-9C12 BOSS 1 1 0 1 0 0 43.167041131165504 -183.37641540146652 143.1 -59.298286903896 -178.76881117658098 230.1501 103.4044 103.0569856403919 3.219092929752914 -3.711682 -4.8514934 1.2419574 103.05698294961458 3.2191016978852676 103.0740683115103 3.1946841436888653 42.387158113578664 240.15044841892347 5400.0 5400.0 2016.0 1 368 {-999.0 19.855782 18.388092 17.464834 -999.0} sdss_psfmag_ps1 19.204168 18.079166 17.037834 14.939 63050395117491157 1096525150 bright_1x1 mwm_bin_vis_boss mwm_filler science 0 0 0.0 0.0 -999 ""
FIBERMAP 676 R-9C12 METROLOGY 0 0 0 1 0 0 43.790458214170094 -182.95930055485914 143.1 -58.548910982463205 -178.74017489329114 230.1501 103.4044 -999.0 -999.0 -999.0 -999.0 -999.0 103.06043773228596 3.2192867374579084 103.07747628449204 3.19481678164616 42.3897341876372 240.14743318490997 -999.0 6231.0 -999.0 -1 -999 {-999.0 -999.0 -999.0 -999.0 -999.0} "" -999.0 -999.0 -999.0 -999.0 -999 -999 "" "" "" "" 0 0 0.0 0.0 -999 ""
FIBERMAP 677 R-11C3 APOGEE 0 0 0 1 0 0 -117.45975194990646 -233.23658737040262 143.1 -222.20039847176835 -137.08704895924362 341.16248 49.311966 -999.0 -999.0 -999.0 -999.0 -999.0 102.3191427130733 3.4082570096684286 102.33671185206856 3.385590405255582 41.97679399383023 241.0145062771167 -999.0 16600.0 -999.0 2 206 {-999.0 -999.0 -999.0 -999.0 -999.0} "" -999.0 -999.0 -999.0 -999.0 -999 -999 "" "" "" "" 0 0 0.0 0.0 -999 ""
FIBERMAP 677 R-11C3 BOSS 1 1 0 1 0 0 -118.07976413365317 -233.64091723966794 143.1 -222.9401777708181 -137.106581603385 341.16248 49.311966 102.31564548406928 3.4080024121956756 0.1904706 0.7814774 0.01888843 102.31565012653444 3.4080191781849227 102.33338702524964 3.3855151776506176 41.974297508640724 241.01744994348303 5400.0 5400.0 2016.0 1 338 {-999.0 16.810575 15.913153 15.616807 -999.0} sdss_psfmag_ps1 16.503706 15.944332 15.215935 14.022 63050395117714809 1093344283 bright_3x1 mwm_astar_core_boss mwm_ob science 0 0 0.0 0.0 -999 ""
FIBERMAP 677 R-11C3 METROLOGY 0 0 0 1 0 0 -118.12411033393933 -232.90429913177732 143.1 -222.59207991496226 -136.45607459885085 341.16248 49.311966 -999.0 -999.0 -999.0 -999.0 -999.0 102.31723078860757 3.410990979773717 102.33492696975833 3.3884386852573196 41.97740666038055 241.01894975439683 -999.0 6231.0 -999.0 -1 -999 {-999.0 -999.0 -999.0 -999.0 -999.0} "" -999.0 -999.0 -999.0 -999.0 -999 -999 "" "" "" "" 0 0 0.0 0.0 -999 ""
FIBERMAP 678 R+11C16 APOGEE 0 0 0 1 0 0 187.48102830217113 222.97409706427115 143.1 276.45218866581405 91.66875366339711 102.72086 18.045038 -999.0 -999.0 -999.0 -999.0 -999.0 104.57626980141016 4.448127606185949 104.59575913124257 4.419321727774953 44.332544531329354 239.95370376981413 -999.0 16600.0 -999.0 2 58 {-999.0 -999.0 -999.0 -999.0 -999.0} "" -999.0 -999.0 -999.0 -999.0 -999 -999 "" "" "" "" 0 0 0.0 0.0 -999 ""
FIBERMAP 678 R+11C16 BOSS 1 1 0 1 0 0 187.8677929986581 222.33106918900896 143.1 276.4447071749299 90.91857617397072 102.72086 18.045038 104.57611083984374 4.444552641343563 -999.0 -999.0 -999.0 104.57608788080346 4.444597131851714 104.59572170348787 4.415935215550186 44.33020293558271 239.95028316826316 5400.0 5400.0 2015.5 1 171 {-999.0 -999.0 -999.0 -999.0 -999.0} "" -999.0 -999.0 -999.0 -999.0 27021603131845168 810615087 "" ops_sky_boss_good ops_sky sky_boss 0 0 0.0 0.0 -999 ""
FIBERMAP 678 R+11C16 METROLOGY 0 0 0 1 0 0 187.1225430009006 222.31856208394646 143.1 275.80352778831895 91.29830867490713 102.72086 18.045038 -999.0 -999.0 -999.0 -999.0 -999.0 104.5732667151515 4.446363403373213 104.59286218132337 4.417668008678366 44.32930574780261 239.9547753737776 -999.0 6231.0 -999.0 -1 -999 {-999.0 -999.0 -999.0 -999.0 -999.0} "" -999.0 -999.0 -999.0 -999.0 -999 -999 "" "" "" "" 0 0 0.0 0.0 -999 ""
FIBERMAP 681 R+6C17 APOGEE 0 0 0 1 0 0 142.30695292835023 105.66267038135237 143.1 176.5325337679545 15.434069284789675 308.93185 115.78457 -999.0 -999.0 -999.0 -999.0 -999.0 104.12873403245794 4.103640395918055 104.14750788658449 4.07607231485711 43.771613792117044 240.02995370838983 -999.0 16600.0 -999.0 2 71 {-999.0 -999.0 -999.0 -999.0 -999.0} "" -999.0 -999.0 -999.0 -999.0 -999 -999 "" "" "" "" 0 0 0.0 0.0 -999 ""
FIBERMAP 681 R+6C17 BOSS 1 1 0 1 0 0 141.98024268912891 105.00284664368586 143.1 175.9086848055551 15.043327467241605 308.93185 115.78457 104.12577343151793 4.10173723429386 -0.06447196 -0.024270918 0.24120955 104.12581382327144 4.101721285311559 104.14473977316993 4.0743067568415015 43.76839125572685 240.0307802052916 5400.0 5400.0 2016.0 1 207 {-999.0 17.850697 17.14733 16.771675 16.568653} sdss_psfmag_from_ps1dr2 17.6239 17.1333 16.339 14.982 63050395117961947 1039367518 "" ops_std_boss_ps1dr2 ops_std standard_boss 0 0 0.0 0.0 -999 ""
FIBERMAP 681 R+6C17 METROLOGY 0 0 0 1 0 0 141.5554864948558 105.60940348819551 143.1 175.864709556966 15.78234857714896 308.93185 115.78457 -999.0 -999.0 -999.0 -999.0 -999.0 104.125641582447 4.105118661492073 104.14453155617127 4.077662621672236 43.770532018280164 240.034370562582 -999.0 6231.0 -999.0 -1 -999 {-999.0 -999.0 -999.0 -999.0 -999.0} "" -999.0 -999.0 -999.0 -999.0 -999 -999 "" "" "" "" 0 0 0.0 0.0 -999 ""
FIBERMAP 683 R-1C25 APOGEE 0 0 0 1 0 0 256.4033044801619 1.087068109380823 143.1 218.91317158115965 -133.38561922937367 149.87689 47.935276 -999.0 -999.0 -999.0 -999.0 -999.0 104.31897934328344 3.430110933020165 104.33608591583749 3.40218801228644 43.44555378271457 239.1749940160331 -999.0 16600.0 -999.0 2 -999 {-999.0 -999.0 -999.0 -999.0 -999.0} "" -999.0 -999.0 -999.0 -999.0 -999 -999 "" "" "" "" 0 0 0.0 0.0 -999 ""
FIBERMAP 683 R-1C25 BOSS 1 1 0 1 0 0 257.1259504067833 1.3151931799557097 143.1 219.64804897138433 -133.5698986541661 149.87689 47.935276 104.32177861617068 3.429136864479442 0.08743762 0.549978 0.17247845 104.32212936622712 3.429149178912057 104.33938894082331 3.401366991938082 43.44737193856488 239.1710402114025 5400.0 5400.0 2016.0 1 261 {-999.0 11.862583 11.746737 11.726859 -999.0} sdss_psfmag_from_g3xp 11.889457 11.71154 11.373868 10.834 63050395117897550 1068446328 bright_3x1 mwm_ob_core_boss mwm_ob science 0 0 1.4130918979644775 0.0 -999 ""
FIBERMAP 683 R-1C25 METROLOGY 0 0 0 1 0 0 256.95721388716885 0.5872217836556004 143.1 219.1230270092023 -134.1014236580015 149.87689 47.935276 -999.0 -999.0 -999.0 -999.0 -999.0 104.31980188333043 3.426778800832254 104.3370121328395 3.3989610522352836 43.44399444233964 239.1708996822378 -999.0 6231.0 -999.0 -1 -999 {-999.0 -999.0 -999.0 -999.0 -999.0} "" -999.0 -999.0 -999.0 -999.0 -999 -999 "" "" "" "" 0 0 0.0 0.0 -999 ""
FIBERMAP 685 R+6C6 APOGEE 0 0 0 1 0 0 -101.14160074990501 118.21128003719723 143.1 -24.2060879469734 153.64526998440337 356.639 130.17714 -999.0 -999.0 -999.0 -999.0 -999.0 103.21279222130096 4.729982987542687 103.23331733433378 4.704682643903393 43.526289035196605 241.52217084590225 -999.0 16600.0 -999.0 2 -999 {-999.0 -999.0 -999.0 -999.0 -999.0} "" -999.0 -999.0 -999.0 -999.0 -999 -999 "" "" "" "" 0 0 0.0 0.0 -999 ""
FIBERMAP 685 R+6C6 BOSS 1 1 0 1 0 0 -100.67303351284866 117.50882589064398 143.1 -24.17503853489164 152.80163675026114 356.639 130.17714 103.21277076687034 4.726098381014034 -0.241254 -0.54655707 0.13528089 103.21277215669949 4.726078047287659 103.23344769005882 4.700922692910218 43.523863129672186 241.51820489655034 5400.0 5400.0 2016.0 1 55 {-999.0 16.712164 15.9872265 15.4587965 -999.0} sdss_psfmag_ps1 16.436943 15.829733 15.060287 13.699 63050395118196790 1093344588 bright_3x1 mwm_astar_core_boss mwm_ob science 0 0 0.0 0.0 -999 ""
FIBERMAP 685 R+6C6 METROLOGY 0 0 0 1 0 0 -101.41484422276949 117.51701784965655 143.1 -24.802446391844658 153.19719422523664 356.639 130.17714 -999.0 -999.0 -999.0 -999.0 -999.0 103.20995406605392 4.727888190194472 103.23058942976559 4.7026990083557925 43.52294210893417 241.52265712129946 -999.0 6231.0 -999.0 -1 -999 {-999.0 -999.0 -999.0 -999.0 -999.0} "" -999.0 -999.0 -999.0 -999.0 -999 -999 "" "" "" "" 0 0 0.0 0.0 -999 ""
FIBERMAP 687 R-7C16 APOGEE 0 0 0 1 0 0 125.12108284257377 -115.2104083946779 143.1 46.198085024080925 -163.65096996102378 145.45827 42.357044 -999.0 -999.0 -999.0 -999.0 -999.0 103.53694634186311 3.2887398609653524 103.55391205836816 3.262893620345621 42.78314037470478 239.77265746962365 -999.0 16600.0 -999.0 2 186 {-999.0 -999.0 -999.0 -999.0 -999.0} "" -999.0 -999.0 -999.0 -999.0 -999 -999 "" "" "" "" 0 0 0.0 0.0 -999 ""
FIBERMAP 687 R-7C16 BOSS 1 1 0 1 0 0 125.84620391961025 -115.14283216242588 143.1 46.85097012497804 -163.97326349499676 145.45827 42.357044 103.5393247063554 3.2872206270782187 -11.339973 -51.09703 4.8662195 103.53977272145826 3.287088880974155 103.55689444689506 3.2613868031841013 42.78427368805443 239.7683807545364 5400.0 5400.0 2016.0 1 306 {-999.0 10.985743 10.604561 10.485871 -999.0} sdss_psfmag_gaia 10.9258585 10.626619 10.15743 9.328 63050395117918793 1077921804 bright_flexible_2x1 mwm_snc_ext_main_boss mwm_snc science 0 0 1.8645081520080566 0.0 -999 ""
FIBERMAP 687 R-7C16 METROLOGY 0 0 0 1 0 0 125.55249903795308 -115.81913305437396 143.1 46.24659612442587 -164.3953258011213 145.45827 42.357044 -999.0 -999.0 -999.0 -999.0 -999.0 103.53706677174812 3.285224034926024 103.55413918627704 3.2594866168937275 42.78096860124111 239.76906746011684 -999.0 6231.0 -999.0 -1 -999 {-999.0 -999.0 -999.0 -999.0 -999.0} "" -999.0 -999.0 -999.0 -999.0 -999 -999 "" "" "" "" 0 0 0.0 0.0 -999 ""
FIBERMAP 688 R-7C2 APOGEE 0 0 0 1 0 0 -180.66572618329693 -120.03629997993787 143.1 -216.7267858920191 -7.580715855207389 98.7124 66.71608 -999.0 -999.0 -999.0 -999.0 -999.0 102.33962029435995 3.9942543349655333 102.35859679438573 3.9714063671933117 42.38755478871447 241.5789408374729 -999.0 16600.0 -999.0 2 -999 {-999.0 -999.0 -999.0 -999.0 -999.0} "" -999.0 -999.0 -999.0 -999.0 -999 -999 "" "" "" "" 0 0 0.0 0.0 -999 ""
FIBERMAP 688 R-7C2 BOSS 1 1 0 1 0 0 -179.91258588648662 -120.18951824869173 143.1 -216.16569906717092 -8.105707223319898 98.7124 66.71608 102.34194706866278 3.991745586908662 -0.53181267 -0.21072274 0.14879768 102.34194658208826 3.9917298883826127 102.36108247392889 3.9690263644146975 42.38779558509456 241.5742987915247 5400.0 5400.0 2016.0 1 488 {-999.0 14.6185665 14.36903 14.383118 -999.0} sdss_psfmag_ps1 14.544979 14.349564 13.946479 13.278 63050395118159213 1068388817 bright_3x1 mwm_ob_core_boss mwm_ob science 0 0 0.0 0.0 -999 ""
FIBERMAP 688 R-7C2 METROLOGY 0 0 0 1 0 0 -180.41754359911616 -120.73991023101523 143.1 -216.88401364023574 -8.309889850844153 98.7124 66.71608 -999.0 -999.0 -999.0 -999.0 -999.0 102.33877282136919 3.990835711433112 102.35786033770114 3.9680982442771975 42.384789845212666 241.57628829248853 -999.0 6231.0 -999.0 -1 -999 {-999.0 -999.0 -999.0 -999.0 -999.0} "" -999.0 -999.0 -999.0 -999.0 -999 -999 "" "" "" "" 0 0 0.0 0.0 -999 ""
FIBERMAP 689 R+5C20 APOGEE 1 1 0 1 0 0 189.3831993508381 115.1151090938371 143.1 221.5724097462753 -1.1764512535194998 131.4436 74.18834 104.33198731756563 4.028689224992411 52.04568 -61.661324 7.446468 104.33211021014102 4.028502821406631 104.35065115086894 4.000419632060587 43.86762829042958 239.76132417791183 16000.0 16600.0 2016.0 2 45 {-999.0 17.380405 16.111975 14.687162 -999.0} sdss_psfmag_ps1 16.85065 15.379707 14.191356 11.985 63050395117963636 1103782779 bright_flexible_6x1 mwm_tess_2min_apogee mwm_planet science 0 0 0.0 0.0 -999 ""
FIBERMAP 689 R+5C20 BOSS 0 0 0 1 0 0 190.06049142979842 115.4259030582569 143.1 222.31196976084968 -1.2665752207028138 131.4436 74.18834 -999.0 -999.0 -999.0 -999.0 -999.0 104.33532279736815 4.027952890708664 104.35401655775405 4.000006922512826 43.8697902586253 239.75771583853194 -999.0 5400.0 -999.0 1 194 {-999.0 -999.0 -999.0 -999.0 -999.0} "" -999.0 -999.0 -999.0 -999.0 -999 -999 "" "" "" "" 0 0 0.0 0.0 -999 ""
FIBERMAP 689 R+5C20 METROLOGY 0 0 0 1 0 0 189.9835719819882 114.6776181394242 143.1 221.85449508014298 -1.863494869710974 131.4436 74.18834 -999.0 -999.0 -999.0 -999.0 -999.0 104.33330370271402 4.025284712295329 104.35194765320455 3.997303349730066 43.86643442480187 239.75694699223453 -999.0 6231.0 -999.0 -1 -999 {-999.0 -999.0 -999.0 -999.0 -999.0} "" -999.0 -999.0 -999.0 -999.0 -999 -999 "" "" "" "" 0 0 0.0 0.0 -999 ""
FIBERMAP 690 R-4C17 APOGEE 0 0 0 1 0 0 90.83425342946916 -76.71020183626156 143.1 37.16816806595978 -112.90517923088217 239.83713 39.677925 -999.0 -999.0 -999.0 -999.0 -999.0 103.4955811498504 3.518488042233185 103.51310937234564 3.492700729425524 42.91081035936191 240.03913445202443 -999.0 16600.0 -999.0 2 201 {-999.0 -999.0 -999.0 -999.0 -999.0} "" -999.0 -999.0 -999.0 -999.0 -999 -999 "" "" "" "" 0 0 0.0 0.0 -999 ""
FIBERMAP 690 R-4C17 BOSS 1 1 0 1 0 0 90.71148972435572 -75.9819914126388 143.1 37.445084241383874 -112.2207545903664 239.83713 39.677925 103.49670410156249 3.5214214212435593 -999.0 -999.0 -999.0 103.49669577646885 3.521397875063129 103.51439119636785 3.4957570394307247 42.913833424716366 240.04098607940867 5400.0 5400.0 2015.5 1 301 {-999.0 -999.0 -999.0 -999.0 -999.0} "" -999.0 -999.0 -999.0 -999.0 27021603131837511 819466740 "" ops_sky_boss_good ops_sky sky_boss 0 0 0.0 0.0 -999 ""
FIBERMAP 690 R-4C17 METROLOGY 0 0 0 1 0 0 91.41361153483338 -76.24270062901611 143.1 37.90641876900182 -112.81055641153223 239.83713 39.677925 -999.0 -999.0 -999.0 -999.0 -999.0 103.49884451967829 3.518779298285063 103.51648760698157 3.4930908802737144 42.9135381159814 240.03637596063885 -999.0 6231.0 -999.0 -1 -999 {-999.0 -999.0 -999.0 -999.0 -999.0} "" -999.0 -999.0 -999.0 -999.0 -999 -999 "" "" "" "" 0 0 0.0 0.0 -999 ""
FIBERMAP 691 R+10C2 APOGEE 0 0 0 1 0 0 -166.45275748805997 186.81809472160123 143.1 -43.88449871559108 246.28017693185575 205.77397 128.47295 -999.0 -999.0 -999.0 -999.0 -999.0 103.12270119678294 5.146373000882946 103.14426022964392 5.121223875898243 43.73879484915466 242.03210812914057 -999.0 16600.0 -999.0 2 -999 {-999.0 -999.0 -999.0 -999.0 -999.0} "" -999.0 -999.0 -999.0 -999.0 -999 -999 "" "" "" "" 0 0 0.0 0.0 -999 ""
FIBERMAP 691 R+10C2 BOSS 1 1 0 1 0 0 -167.13572854420732 187.1612863481346 143.1 -44.286318529837295 246.93018606691024 205.77397 128.47295 103.11990599657268 5.1491682098492015 -0.06801799 -1.4981223 0.47122768 103.12071142111883 5.1491451828250385 103.14243737068335 5.124142800558215 43.73938595160491 242.03679508107604 5400.0 5400.0 2016.0 1 18 {-999.0 9.058071 8.84776 8.782928 -999.0} sdss_psfmag_from_g3xp 9.034221 8.828966 8.452092 8.006 63050395118208138 1068446364 bright_3x1 mwm_ob_core_boss mwm_ob science 0 0 2.8342459201812744 0.0 -999 ""
FIBERMAP 691 R+10C2 METROLOGY 0 0 0 1 0 0 -166.51404871418296 187.56167078772503 143.1 -43.54718585185672 246.94548536610372 205.77397 128.47295 -999.0 -999.0 -999.0 -999.0 -999.0 103.12411606920868 5.149266303548622 103.1457961492464 5.124214692803663 43.74192841002645 242.03378401504992 -999.0 6231.0 -999.0 -1 -999 {-999.0 -999.0 -999.0 -999.0 -999.0} "" -999.0 -999.0 -999.0 -999.0 -999 -999 "" "" "" "" 0 0 0.0 0.0 -999 ""
FIBERMAP 692 R+8C17 APOGEE 1 1 0 1 0 0 143.96239003751626 146.21434400784042 143.1 199.18436123137667 49.099235655569984 232.67026 98.88155 104.23071885378567 4.256490382319638 -4.705573 -3.7218022 0.869679 104.23071571756066 4.25648128738073 104.24983168264521 4.22861531939121 43.95033409195017 240.08786788126596 16000.0 16600.0 2016.0 2 81 {-999.0 13.560394 12.743436 12.39813 -999.0} sdss_psfmag_from_g3xp 13.316577 12.756294 12.044644 10.643 63050395117968948 1106684945 bright_flexible_2x1 mwm_tess_rgb_apogee mwm_tessrgb science 0 0 0.0 0.0 -999 ""
FIBERMAP 692 R+8C17 BOSS 0 0 0 1 0 0 143.3404684490339 146.60216856665886 143.1 198.85790892128676 49.755273129877914 232.67026 98.88155 -999.0 -999.0 -999.0 -999.0 -999.0 104.22912448433155 4.259324240622155 104.24840284690384 4.231606304895913 43.95133401413882 240.09225518709337 -999.0 5400.0 -999.0 1 226 {-999.0 -999.0 -999.0 -999.0 -999.0} "" -999.0 -999.0 -999.0 -999.0 -999 -999 "" "" "" "" 0 0 0.0 0.0 -999 ""
FIBERMAP 692 R+8C17 METROLOGY 0 0 0 1 0 0 143.97715524565874 146.97685574649927 143.1 199.59636003268173 49.74082850173885 232.67026 98.88155 -999.0 -999.0 -999.0 -999.0 -999.0 104.23249151666982 4.2592954179583655 104.25172496814088 4.231527757547466 43.9537018631433 240.08903454364525 -999.0 6231.0 -999.0 -1 -999 {-999.0 -999.0 -999.0 -999.0 -999.0} "" -999.0 -999.0 -999.0 -999.0 -999 -999 "" "" "" "" 0 0 0.0 0.0 -999 ""
FIBERMAP 693 R+2C15 APOGEE 1 1 0 1 0 0 34.084818486584005 22.140346843386833 143.1 40.62313448246785 0.9993194657121202 282.97037 61.35756 103.51040155544091 4.036832893283281 -1.8784382 1.3458741 0.38150373 103.5104081912684 4.036836488167796 103.52918043469441 4.010900038997147 43.27564354655359 240.54356445778433 16000.0 16600.0 2016.0 2 54 {-999.0 15.419165 13.958687 13.247312 -999.0} sdss_psfmag_gaia 14.821378 13.831713 12.8530655 10.625 63050395117950974 1110249351 bright_flexible_2x1 mwm_tess_rgb_apogee mwm_tessrgb science 0 0 0.0 0.0 -999 ""
FIBERMAP 693 R+2C15 BOSS 0 0 0 1 0 0 33.370356758647475 22.33178556552133 143.1 40.11500587907432 1.5365970507335798 282.97037 61.35756 -999.0 -999.0 -999.0 -999.0 -999.0 103.50794644268976 4.039131827745317 103.52688432548035 4.013348530745171 43.27562524348493 240.5481695078101 -999.0 5400.0 -999.0 1 198 {-999.0 -999.0 -999.0 -999.0 -999.0} "" -999.0 -999.0 -999.0 -999.0 -999 -999 "" "" "" "" 0 0 0.0 0.0 -999 ""
FIBERMAP 693 R+2C15 METROLOGY 0 0 0 1 0 0 33.89009721787816 22.867998866662127 143.1 40.83848170627157 1.7209620065592348 282.97037 61.35756 -999.0 -999.0 -999.0 -999.0 -999.0 103.51128890823088 4.040021344620663 103.53018286346338 4.014187380537661 43.27861015128832 240.5459458006718 -999.0 6231.0 -999.0 -1 -999 {-999.0 -999.0 -999.0 -999.0 -999.0} "" -999.0 -999.0 -999.0 -999.0 -999 -999 "" "" "" "" 0 0 0.0 0.0 -999 ""
FIBERMAP 694 R+3C15 APOGEE 0 0 0 1 0 0 66.68477478479848 58.95093565955984 143.1 87.66650334359358 15.26909671839513 342.5969 137.99461 -999.0 -999.0 -999.0 -999.0 -999.0 103.7249016624161 4.102289003802643 103.74377619976207 4.075776978788637 43.47675683146939 240.40887221367518 -999.0 16600.0 -999.0 2 -999 {-999.0 -999.0 -999.0 -999.0 -999.0} "" -999.0 -999.0 -999.0 -999.0 -999 -999 "" "" "" "" 0 0 0.0 0.0 -999 ""
FIBERMAP 694 R+3C15 BOSS 1 1 0 1 0 0 67.07368936635673 58.26873421165967 143.1 87.64033238770519 14.484434267566257 342.5969 137.99461 103.72467041015625 4.0985480565016275 -999.0 -999.0 -999.0 103.72467665350085 4.0985769936791865 103.7437004665536 4.072212730120691 43.47427712897814 240.40534253460999 5400.0 5400.0 2015.5 1 197 {-999.0 -999.0 -999.0 -999.0 -999.0} "" -999.0 -999.0 -999.0 -999.0 27021603131839877 810614397 "" ops_sky_boss_good ops_sky sky_boss 0 0 0.0 0.0 -999 ""
FIBERMAP 694 R+3C15 METROLOGY 0 0 0 1 0 0 66.32431956168213 58.29768684582961 143.1 87.01736251119384 14.901630447244285 342.5969 137.99461 -999.0 -999.0 -999.0 -999.0 -999.0 103.72186903109582 4.100511415774044 103.74085341881948 4.074112606297953 43.47348762390744 240.40992343379924 -999.0 6231.0 -999.0 -1 -999 {-999.0 -999.0 -999.0 -999.0 -999.0} "" -999.0 -999.0 -999.0 -999.0 -999 -999 "" "" "" "" 0 0 0.0 0.0 -999 ""
FIBERMAP 695 R-4C1 APOGEE 0 0 0 1 0 0 -264.5311047455621 -82.49583267243304 143.1 -268.47873190005 68.31844676251826 233.98099 71.208015 -999.0 -999.0 -999.0 -999.0 -999.0 102.10694183205749 4.336534176376645 102.12680798488122 4.314227427923423 42.44498631266112 242.13359377999666 -999.0 16600.0 -999.0 2 248 {-999.0 -999.0 -999.0 -999.0 -999.0} "" -999.0 -999.0 -999.0 -999.0 -999 -999 "" "" "" "" 0 0 0.0 0.0 -999 ""
FIBERMAP 695 R-4C1 BOSS 1 1 0 1 0 0 -264.97287124738983 -81.90149027980216 143.1 -268.5435907847764 69.05597697097494 233.98099 71.208015 102.1061164794966 4.339719487356057 -0.16433741 0.4286692 0.23625559 102.10649045186578 4.339712011244582 102.12653120160297 4.31755446061814 42.4469980449001 242.1372043032856 5400.0 5400.0 2016.0 1 497 {-999.0 12.351766 12.170858 12.138512 -999.0} sdss_psfmag_from_g3xp 12.335743 12.145567 11.798735 11.326 63050395118211789 1068446358 bright_3x1 mwm_ob_core_boss mwm_ob science 0 0 1.2821356058120728 0.0 -999 ""
FIBERMAP 695 R-4C1 METROLOGY 0 0 0 1 0 0 -264.22653020586887 -81.81129634325343 143.1 -267.86078773807867 68.74182823232023 233.98099 71.208015 -999.0 -999.0 -999.0 -999.0 -999.0 102.10958375015426 4.338360994269761 102.12957312512964 4.316153425326306 42.448325559679 242.13304898855205 -999.0 6231.0 -999.0 -1 -999 {-999.0 -999.0 -999.0 -999.0 -999.0} "" -999.0 -999.0 -999.0 -999.0 -999 -999 "" "" "" "" 0 0 0.0 0.0 -999 ""
FIBERMAP 698 R+7C18 APOGEE 1 1 0 1 0 0 159.2980558865322 118.52896307565345 143.1 197.74126868564687 17.49011459369583 287.61774 65.273415 104.22467153820408 4.113218664505338 -19.057076 -61.398304 9.016151 104.22458252195513 4.113065727277829 104.2433545211768 4.085245481371978 43.84767358776656 239.94868928051596 16000.0 16600.0 2016.0 2 40 {-999.0 17.927738 16.534277 15.068198 -999.0} sdss_psfmag_ps1 17.367418 15.600592 14.332098 11.904 63050395117967303 1103784193 bright_flexible_6x1 mwm_tess_2min_apogee mwm_planet science 0 0 0.0 0.0 -999 ""
FIBERMAP 698 R+7C18 BOSS 0 0 0 1 0 0 158.5569253422328 118.6125809932125 143.1 197.153950290486 17.949545783365178 287.61774 65.273415 -999.0 -999.0 -999.0 -999.0 -999.0 104.22182230400455 4.115007769939215 104.24075511253187 4.0873395791633635 43.84721340101845 239.95326635005205 -999.0 5400.0 -999.0 1 196 {-999.0 -999.0 -999.0 -999.0 -999.0} "" -999.0 -999.0 -999.0 -999.0 -999 -999 "" "" "" "" 0 0 0.0 0.0 -999 ""
FIBERMAP 698 R+7C18 METROLOGY 0 0 0 1 0 0 158.9954595344376 119.21066817757757 143.1 197.84068510818108 18.22913843626151 287.61774 65.273415 -999.0 -999.0 -999.0 -999.0 -999.0 104.22495364353202 4.116319502527753 104.24384474976745 4.088601693852687 43.850325222157686 239.9516216541843 -999.0 6231.0 -999.0 -1 -999 {-999.0 -999.0 -999.0 -999.0 -999.0} "" -999.0 -999.0 -999.0 -999.0 -999 -999 "" "" "" "" 0 0 0.0 0.0 -999 ""
FIBERMAP 704 R+5C16 APOGEE 1 1 0 1 0 0 112.70025039328877 92.9881299107531 143.1 144.6812580532059 20.149722254825942 340.4678 120.27478 103.98427563010961 4.124891144652899 -0.83563215 -2.0632627 0.24466558 103.98428910825072 4.124904507936251 104.00315128819432 4.097709332262112 43.68114192909872 240.1878279635284 16000.0 16600.0 2016.0 2 79 {-999.0 15.1241045 14.13334 13.536347 -999.0} sdss_psfmag_ps1 14.620781 13.69994 12.75603 10.652 63050395117974179 1106160856 bright_flexible_2x1 mwm_tess_rgb_apogee mwm_tessrgb science 0 0 0.0 0.0 -999 ""
FIBERMAP 704 R+5C16 BOSS 0 0 0 1 0 0 112.85127075125568 92.26390230679301 143.1 144.43049053025203 19.453887602157042 340.4678 120.27478 -999.0 -999.0 -999.0 -999.0 -999.0 103.98305769408014 4.1216008524345895 104.0020689414535 4.094555305306268 43.6782015758042 240.1856558579161 -999.0 5400.0 -999.0 1 214 {-999.0 -999.0 -999.0 -999.0 -999.0} "" -999.0 -999.0 -999.0 -999.0 -999 -999 "" "" "" "" 0 0 0.0 0.0 -999 ""
FIBERMAP 704 R+5C16 METROLOGY 0 0 0 1 0 0 112.14732827812884 92.48997475005434 143.1 143.94946186784261 20.015147721061076 340.4678 120.27478 -999.0 -999.0 -999.0 -999.0 -999.0 103.98090146214814 4.124190217344221 103.99987509857863 4.09710846295635 43.67834188230426 240.19030121981712 -999.0 6231.0 -999.0 -1 -999 {-999.0 -999.0 -999.0 -999.0 -999.0} "" -999.0 -999.0 -999.0 -999.0 -999 -999 "" "" "" "" 0 0 0.0 0.0 -999 ""
FIBERMAP 706 R+6C21 APOGEE 1 1 0 1 0 0 220.3276486412053 124.27406787655863 143.1 252.72130052318346 -9.586595518153565 67.000854 154.7333 104.47188640357797 3.9906340240619156 -2.4594636 -4.7587056 1.1945112 104.47189563194337 3.9906216639019148 104.4903098451282 3.9621819209543205 43.942765668738595 239.590054371032 16000.0 16600.0 2016.0 2 67 {-999.0 11.749802 11.788933 11.893526 -999.0} sdss_psfmag_from_g3xp 11.820606 11.750991 11.537695 11.151 63050395117962908 1103638411 bright_flexible_3x1 mwm_tess_2min_apogee mwm_planet science 0 0 0.0 0.0 -999 ""
FIBERMAP 706 R+6C21 BOSS 0 0 0 1 0 0 220.87469561468356 124.77688320461438 143.1 253.45053477934235 -9.444974989319784 67.000854 154.7333 -999.0 -999.0 -999.0 -999.0 -999.0 104.47502268991678 3.9911219467508094 104.49359158328508 3.9628193436747448 43.945583276408044 239.5875754370907 -999.0 5400.0 -999.0 1 249 {-999.0 -999.0 -999.0 -999.0 -999.0} "" -999.0 -999.0 -999.0 -999.0 -999 -999 "" "" "" "" 0 0 0.0 0.0 -999 ""
FIBERMAP 706 R+6C21 METROLOGY 0 0 0 1 0 0 221.04235737523797 124.05372503441991 143.1 253.21449866971142 -10.148616189978519 67.000854 154.7333 -999.0 -999.0 -999.0 -999.0 -999.0 104.47400681502405 3.987976454129582 104.49252468960191 3.9596359634888767 43.942623457441385 239.58537673703444 -999.0 6231.0 -999.0 -1 -999 {-999.0 -999.0 -999.0 -999.0 -999.0} "" -999.0 -999.0 -999.0 -999.0 -999 -999 "" "" "" "" 0 0 0.0 0.0 -999 ""
FIBERMAP 709 R+2C18 APOGEE 0 0 0 1 0 0 101.35523124500216 39.57000137165804 143.1 107.03832051964564 -19.396371418894315 151.8288 137.57837 -999.0 -999.0 -999.0 -999.0 -999.0 103.813438432618 3.9446751940101774 103.8319103810752 3.9179645378535857 43.43362402399109 240.1672096187508 -999.0 16600.0 -999.0 2 -999 {-999.0 -999.0 -999.0 -999.0 -999.0} "" -999.0 -999.0 -999.0 -999.0 -999 -999 "" "" "" "" 0 0 0.0 0.0 -999 ""
FIBERMAP 709 R+2C18 BOSS 1 1 0 1 0 0 101.08909115406202 40.249112621818455 143.1 107.16742303592208 -18.678653230333186 151.8288 137.57837 103.81393432617188 3.947803095523099 -999.0 -999.0 -999.0 103.81391444285936 3.947786761940894 103.83255170881927 3.9212212236337782 43.43631354610705 240.16988769443054 5400.0 5400.0 2015.5 1 200 {-999.0 -999.0 -999.0 -999.0 -999.0} "" -999.0 -999.0 -999.0 -999.0 27021603131839126 810614311 "" ops_sky_boss_good ops_sky sky_boss 0 0 0.0 0.0 -999 ""
FIBERMAP 709 R+2C18 METROLOGY 0 0 0 1 0 0 101.82630318444095 40.148579982034505 143.1 107.74254415556123 -19.15043575385178 151.8288 137.57837 -999.0 -999.0 -999.0 -999.0 -999.0 103.81657097733098 3.945689259468413 103.83515774074243 3.9190755518882376 43.43675073479426 240.16528453883075 -999.0 6231.0 -999.0 -1 -999 {-999.0 -999.0 -999.0 -999.0 -999.0} "" -999.0 -999.0 -999.0 -999.0 -999 -999 "" "" "" "" 0 0 0.0 0.0 -999 ""
FIBERMAP 710 R+8C6 APOGEE 0 0 0 1 0 0 -101.74128679102836 157.63212131546535 143.1 -4.067003464044994 187.5287581308687 161.47513 125.29487 -999.0 -999.0 -999.0 -999.0 -999.0 103.30430092136052 4.883329094384882 103.32517348207188 4.857757283305472 43.69683262697297 241.59427793366038 -999.0 16600.0 -999.0 2 -999 {-999.0 -999.0 -999.0 -999.0 -999.0} "" -999.0 -999.0 -999.0 -999.0 -999 -999 "" "" "" "" 0 0 0.0 0.0 -999 ""
FIBERMAP 710 R+8C6 BOSS 1 1 0 1 0 0 -101.9576022073621 158.35377462348205 143.1 -3.8731873287460985 188.25660401115132 161.47513 125.29487 103.30463271534654 4.886503466124947 -1.8970978 1.5436318 0.4681565 103.30501665795863 4.886522609319957 103.32605586139175 4.861091348945475 43.69971926263906 241.59688630992446 5400.0 5400.0 2016.0 1 77 {-999.0 12.974033 12.236112 11.966973 -999.0} sdss_psfmag_gaia 12.761514 12.279415 11.614062 10.527 63050395118202887 1093448018 bright_3x1 mwm_astar_core_boss mwm_ob science 0 0 1.3380666971206665 0.0 -999 ""
FIBERMAP 710 R+8C6 METROLOGY 0 0 0 1 0 0 -101.22918441484572 158.17471981972045 143.1 -3.3466872001596046 187.72256153822855 161.47513 125.29487 -999.0 -999.0 -999.0 -999.0 -999.0 103.30746701228671 4.884152128821398 103.32845473068716 4.858674386883922 43.69987406853689 241.5921893843627 -999.0 6231.0 -999.0 -1 -999 {-999.0 -999.0 -999.0 -999.0 -999.0} "" -999.0 -999.0 -999.0 -999.0 -999 -999 "" "" "" "" 0 0 0.0 0.0 -999 ""
FIBERMAP 714 R-3C22 APOGEE 1 1 0 1 0 0 223.93880574514594 -73.21819378929017 143.1 152.3443796992717 -179.65545375425808 346.7831 70.068245 104.01826363122531 3.2192897044644866 -0.20754042 -3.382833 0.32710427 104.01825405894466 3.2192829104181286 104.03493087707068 3.1921909573204923 43.083056306798596 239.2513128365489 16000.0 16600.0 2016.0 2 209 {-999.0 14.981804 13.802285 13.282445 -999.0} sdss_psfmag_from_g3xp 14.546752 13.75779 12.890115 10.943 63050395117868260 1105327273 bright_flexible_2x1 mwm_tess_rgb_apogee mwm_tessrgb science 0 0 0.0 0.0 -999 ""
FIBERMAP 714 R-3C22 BOSS 0 0 0 1 0 0 223.55803953471366 -73.8455948444798 143.1 151.6914825577419 -179.99026954221208 346.7831 70.068245 -999.0 -999.0 -999.0 -999.0 -999.0 104.01516233686614 3.217577815821015 104.03199403039645 3.1906448818278337 43.079867111743845 239.25255092477244 -999.0 5400.0 -999.0 1 309 {-999.0 -999.0 -999.0 -999.0 -999.0} "" -999.0 -999.0 -999.0 -999.0 -999 -999 "" "" "" "" 0 0 0.0 0.0 -999 ""
FIBERMAP 714 R-3C22 METROLOGY 0 0 0 1 0 0 223.19546432404854 -73.18458858298017 143.1 151.728980524412 -179.23745345164224 346.7831 70.068245 -999.0 -999.0 -999.0 -999.0 -999.0 104.01538643814438 3.221014769180716 104.03218148219128 3.194037825271725 43.082343698130884 239.2557365177555 -999.0 6231.0 -999.0 -1 -999 {-999.0 -999.0 -999.0 -999.0 -999.0} "" -999.0 -999.0 -999.0 -999.0 -999 -999 "" "" "" "" 0 0 0.0 0.0 -999 ""
FIBERMAP 715 R-6C17 APOGEE 0 0 0 1 0 0 131.78007429285904 -105.66958554849805 143.1 56.866393854542075 -159.01452069680155 88.280975 131.44398 -999.0 -999.0 -999.0 -999.0 -999.0 103.58546642984211 3.3098930752485365 103.60247053013109 3.283915002611191 42.83283582302241 239.74817904180136 -999.0 16600.0 -999.0 2 205 {-999.0 -999.0 -999.0 -999.0 -999.0} "" -999.0 -999.0 -999.0 -999.0 -999 -999 "" "" "" "" 0 0 0.0 0.0 -999 ""
FIBERMAP 715 R-6C17 BOSS 1 1 0 1 0 0 132.3692423632387 -105.2173455026306 143.1 57.60500413782255 -158.9380324658303 88.280975 131.44398 103.58871459960936 3.3100567150483897 -999.0 -999.0 -999.0 103.58868533953391 3.3100481393589045 103.6058493672432 3.2842125772034048 42.83549422409313 239.74531844808695 5400.0 5400.0 2015.5 1 299 {-999.0 -999.0 -999.0 -999.0 -999.0} "" -999.0 -999.0 -999.0 -999.0 27021603131836908 819466534 "" ops_sky_boss_good ops_sky sky_boss 0 0 0.0 0.0 -999 ""
FIBERMAP 715 R-6C17 METROLOGY 0 0 0 1 0 0 132.49466216620092 -105.95154895984075 143.1 57.327210477724606 -159.62895189534294 88.280975 131.44398 -999.0 -999.0 -999.0 -999.0 -999.0 103.58746417936825 3.3069723155686823 103.60457569480491 3.281097847525981 42.83243217989869 239.74341795662187 -999.0 6231.0 -999.0 -1 -999 {-999.0 -999.0 -999.0 -999.0 -999.0} "" -999.0 -999.0 -999.0 -999.0 -999 -999 "" "" "" "" 0 0 0.0 0.0 -999 ""
FIBERMAP 717 R+6C9 APOGEE 0 0 0 1 0 0 -59.93337142274043 126.36348973641586 143.1 15.155701107019658 139.00135555155128 180.96915 75.96449 -999.0 -999.0 -999.0 -999.0 -999.0 103.39252430607053 4.664172970245837 103.41284274876102 4.6384148674329415 43.61432039573703 241.28852208221704 -999.0 16600.0 -999.0 2 -999 {-999.0 -999.0 -999.0 -999.0 -999.0} "" -999.0 -999.0 -999.0 -999.0 -999 -999 "" "" "" "" 0 0 0.0 0.0 -999 ""
FIBERMAP 717 R+6C9 BOSS 1 1 0 1 0 0 -59.77709169057427 127.10402816056214 143.1 15.676698287588822 139.55010739827486 180.96915 75.96449 103.39442113201316 4.666588744230117 0.18619914 0.24921967 0.3611492 103.39474229051118 4.666576406021007 103.41522494530659 4.640956052727417 43.61778669642366 241.28891303279033 5400.0 5400.0 2016.0 1 130 {-999.0 13.023895 12.567203 12.360569 -999.0} sdss_psfmag_from_g3xp 12.921017 12.557303 12.005767 11.179 63050395118185293 1068446355 bright_3x1 mwm_ob_core_boss mwm_ob science 0 0 1.2202688455581665 0.0 -999 ""
FIBERMAP 717 R+6C9 METROLOGY 0 0 0 1 0 0 -59.224675340575764 126.59675320041364 143.1 15.881390953036592 138.82875912021498 180.96915 75.96449 -999.0 -999.0 -999.0 -999.0 -999.0 103.3957291305847 4.6633401424054 103.41615864032576 4.6376770553781155 43.616269470143784 241.28469709262578 -999.0 6231.0 -999.0 -1 -999 {-999.0 -999.0 -999.0 -999.0 -999.0} "" -999.0 -999.0 -999.0 -999.0 -999 -999 "" "" "" "" 0 0 0.0 0.0 -999 ""
FIBERMAP 719 R+3C18 APOGEE 1 1 0 1 0 0 139.24817967204828 67.40250966019394 143.1 153.88603573624522 -15.544620689990849 70.68379 68.33475 104.02630637090489 3.962723945971385 -0.20170082 -0.15245347 0.35555634 104.02632985275586 3.962690883878078 104.04479053869557 3.9354197443681938 43.600687716997825 239.9847868556462 16000.0 16600.0 2016.0 2 87 {-999.0 14.60203 13.606469 13.130307 -999.0} sdss_psfmag_from_g3xp 14.265056 13.56793 12.751447 11.046 63050395117960213 1104557379 bright_flexible_3x1 mwm_tess_rgb_apogee mwm_tessrgb science 0 0 0.0 0.0 -999 ""
FIBERMAP 719 R+3C18 BOSS 0 0 0 1 0 0 139.80461998033456 66.89201953166145 143.1 154.09247086187239 -16.270814752123165 70.68379 68.33475 -999.0 -999.0 -999.0 -999.0 -999.0 104.02717058993692 3.959239040671344 104.04577950922351 3.9321129298633584 43.59914710472179 239.98052284770296 -999.0 5400.0 -999.0 1 218 {-999.0 -999.0 -999.0 -999.0 -999.0} "" -999.0 -999.0 -999.0 -999.0 -999 -999 "" "" "" "" 0 0 0.0 0.0 -999 ""
FIBERMAP 719 R+3C18 METROLOGY 0 0 0 1 0 0 139.08831471935886 66.67083427276229 143.1 153.36662822233262 -16.08394705654918 70.68379 68.33475 -999.0 -999.0 -999.0 -999.0 -999.0 104.02391072285047 3.9601238717096225 104.0424781951113 3.9329645785926313 43.59732565500072 239.98449024056816 -999.0 6231.0 -999.0 -1 -999 {-999.0 -999.0 -999.0 -999.0 -999.0} "" -999.0 -999.0 -999.0 -999.0 -999 -999 "" "" "" "" 0 0 0.0 0.0 -999 ""
FIBERMAP 721 R+9C9 APOGEE 1 1 0 1 0 0 -23.280040194830775 172.2202334848736 143.1 70.38940938687357 158.8512367267966 183.13797 125.41028 103.64407180387673 4.754308955062742 -3.2642698 -1.559757 0.38251537 103.64404800429863 4.754292793375263 103.66451860600301 4.7278574691089545 43.86001648502106 241.14634890776358 16000.0 16600.0 2016.0 2 9 {-999.0 15.459318 13.989683 13.28274 -999.0} sdss_psfmag_from_g3xp 14.851459 13.843982 12.857029 10.522 63050395118191222 1107594374 bright_flexible_2x1 mwm_tess_rgb_apogee mwm_tessrgb science 0 0 0.0 0.0 -999 ""
FIBERMAP 721 R+9C9 BOSS 0 0 0 1 0 0 -23.7505437338972 172.7938700707553 143.1 70.28923279660616 159.58618789841657 183.13797 125.41028 -999.0 -999.0 -999.0 -999.0 -999.0 103.64344305837754 4.757522649848873 103.66407909841485 4.7312312926129625 43.86196567285823 241.15021619827928 -999.0 5400.0 -999.0 1 125 {-999.0 -999.0 -999.0 -999.0 -999.0} "" -999.0 -999.0 -999.0 -999.0 -999 -999 "" "" "" "" 0 0 0.0 0.0 -999 ""
FIBERMAP 721 R+9C9 METROLOGY 0 0 0 1 0 0 -23.022842922075867 172.92373164663184 143.1 70.97694153635908 159.31558296086692 183.13797 125.41028 -999.0 -999.0 -999.0 -999.0 -999.0 103.64662066072337 4.756330109266601 103.66720834751959 4.729990142956439 43.86343423326224 241.14603011606147 -999.0 6231.0 -999.0 -1 -999 {-999.0 -999.0 -999.0 -999.0 -999.0} "" -999.0 -999.0 -999.0 -999.0 -999 -999 "" "" "" "" 0 0 0.0 0.0 -999 ""
FIBERMAP 723 R-2C19 APOGEE 1 1 0 1 0 0 140.1902076508447 -55.32377936054041 143.1 90.40071969333347 -120.5473286047674 321.1761 82.61701 103.73799144244163 3.4847166585420695 -3.341057 1.6135939 0.3826699 103.73799502033928 3.4847167442786264 103.75538000482692 3.4583012792473182 43.063524884946304 239.77853072482972 16000.0 16600.0 2016.0 2 212 {-999.0 14.483752 13.361669 12.83742 -999.0} sdss_psfmag_from_g3xp 14.076695 13.311093 12.445427 10.556 63050395117926852 1108366139 bright_flexible_2x1 mwm_tess_rgb_apogee mwm_tessrgb science 0 0 0.0 0.0 -999 ""
FIBERMAP 723 R-2C19 BOSS 0 0 0 1 0 0 139.64836232860017 -55.82966515658657 143.1 89.67430657603289 -120.6942886050628 321.1761 82.61701 -999.0 -999.0 -999.0 -999.0 -999.0 103.73456673968077 3.4838402518708795 103.75210973045102 3.457583666534502 43.06065666048915 239.7808791894085 -999.0 5400.0 -999.0 1 297 {-999.0 -999.0 -999.0 -999.0 -999.0} "" -999.0 -999.0 -999.0 -999.0 -999 -999 "" "" "" "" 0 0 0.0 0.0 -999 ""
FIBERMAP 723 R-2C19 METROLOGY 0 0 0 1 0 0 139.47626773201765 -55.113388093539335 143.1 89.90296332443414 -119.99418505983563 321.1761 82.61701 -999.0 -999.0 -999.0 -999.0 -999.0 103.73564584290354 3.4870702638342013 103.75315118297681 3.4607677182714798 43.063596496055695 239.78307605865467 -999.0 6231.0 -999.0 -1 -999 {-999.0 -999.0 -999.0 -999.0 -999.0} "" -999.0 -999.0 -999.0 -999.0 -999 -999 "" "" "" "" 0 0 0.0 0.0 -999 ""
FIBERMAP 724 R+1C21 APOGEE 0 0 0 1 0 0 185.8180133348523 28.01398732316856 143.1 172.91038764317886 -73.48105503350627 76.1596 54.884933 -999.0 -999.0 -999.0 -999.0 -999.0 104.11251916231875 3.6998413591617623 104.13032561067791 3.672400345367079 43.48266332068015 239.63980624776468 -999.0 16600.0 -999.0 2 -999 {-999.0 -999.0 -999.0 -999.0 -999.0} "" -999.0 -999.0 -999.0 -999.0 -999 -999 "" "" "" "" 0 0 0.0 0.0 -999 ""
FIBERMAP 724 R+1C21 BOSS 1 1 0 1 0 0 186.3250040149934 27.473714385905325 143.1 173.0591121824829 -74.20670793455169 76.1596 54.884933 104.11308073710178 3.6964109723530143 -0.683114 -1.557597 0.11757304 104.11308077877894 3.696383790521537 104.13103553483745 3.6690897819524753 43.48090540578276 239.63581867851713 5400.0 5400.0 2016.0 1 234 {-999.0 16.15008 15.46682 15.25796 -999.0} sdss_psfmag_ps1 15.928899 15.471431 14.841574 13.701 63050395117953186 1093344553 bright_3x1 mwm_astar_core_boss mwm_ob science 0 0 0.0 0.0 -999 ""
FIBERMAP 724 R+1C21 METROLOGY 0 0 0 1 0 0 185.59695872563748 27.301388670169075 143.1 172.3488661767065 -73.9720834679302 76.1596 54.884933 -999.0 -999.0 -999.0 -999.0 -999.0 104.10990458210244 3.6974801648104463 104.12781836775025 3.6701523549641215 43.47930073397103 239.6399212584565 -999.0 6231.0 -999.0 -1 -999 {-999.0 -999.0 -999.0 -999.0 -999.0} "" -999.0 -999.0 -999.0 -999.0 -999 -999 "" "" "" "" 0 0 0.0 0.0 -999 ""
FIBERMAP 730 R+6C13 APOGEE 0 0 0 1 0 0 45.96096771783864 134.19125429973008 143.1 109.43187652593915 90.19673549664006 120.268684 77.50528 -999.0 -999.0 -999.0 -999.0 -999.0 103.82307689576061 4.443161159862264 103.84274852195284 4.416321422770285 43.78044704611772 240.66167933726555 -999.0 16600.0 -999.0 2 -999 {-999.0 -999.0 -999.0 -999.0 -999.0} "" -999.0 -999.0 -999.0 -999.0 -999 -999 "" "" "" "" 0 0 0.0 0.0 -999 ""
FIBERMAP 730 R+6C13 BOSS 1 1 0 1 0 0 46.68071923175671 134.41433438874938 143.1 110.1616464350088 90.00967612443738 120.268684 77.50528 103.8262939453125 4.442214241756787 -999.0 -999.0 -999.0 103.82628862464689 4.442203461667305 103.84611411081943 4.415499859753664 43.78235718406917 240.6576922640017 5400.0 5400.0 2015.5 1 149 {-999.0 -999.0 -999.0 -999.0 -999.0} "" -999.0 -999.0 -999.0 -999.0 27021603131840630 810614519 "" ops_sky_boss_good ops_sky sky_boss 0 0 0.0 0.0 -999 ""
FIBERMAP 730 R+6C13 METROLOGY 0 0 0 1 0 0 46.51726950767969 133.6940719396936 143.1 109.6451646810699 89.48194640634625 120.268684 77.50528 -999.0 -999.0 -999.0 -999.0 -999.0 103.82398299321748 4.4398411759968495 103.84375889051489 4.413103199939391 43.77900618191673 240.6574565426221 -999.0 6231.0 -999.0 -1 -999 {-999.0 -999.0 -999.0 -999.0 -999.0} "" -999.0 -999.0 -999.0 -999.0 -999 -999 "" "" "" "" 0 0 0.0 0.0 -999 ""
FIBERMAP 733 R+2C2 APOGEE 0 0 0 1 0 0 -265.26950658205965 40.888939321227355 143.1 -204.4750831684881 173.77522969108514 214.91399 68.111015 -999.0 -999.0 -999.0 -999.0 -999.0 102.39487477264413 4.814816435656213 102.41582309586948 4.791649386558549 42.977725145803106 242.3577366207649 -999.0 16600.0 -999.0 2 -999 {-999.0 -999.0 -999.0 -999.0 -999.0} "" -999.0 -999.0 -999.0 -999.0 -999 -999 "" "" "" "" 0 0 0.0 0.0 -999 ""
FIBERMAP 733 R+2C2 BOSS 1 1 0 1 0 0 -265.4503123361876 41.579751354656324 143.1 -204.2671838303658 174.4582112942028 214.91399 68.111015 102.3956792220425 4.81778261318773 -0.5539613 0.27350992 0.23615505 102.39565508494486 4.8177529879243925 102.4167745845121 4.7947287123063616 42.980479307352816 242.36002212412666 5400.0 5400.0 2016.0 1 10 {-999.0 14.028923 13.602776 13.465893 -999.0} sdss_psfmag_gaia 13.949257 13.630138 13.132532 12.369 63050395118226625 1068388845 bright_3x1 mwm_ob_core_boss mwm_ob science 0 0 0.0 0.0 -999 ""
FIBERMAP 733 R+2C2 METROLOGY 0 0 0 1 0 0 -264.72901088856156 41.40326060780009 143.1 -203.74540059665804 173.93008002233955 214.91399 68.111015 -999.0 -999.0 -999.0 -999.0 -999.0 102.39803942948133 4.815448004739247 102.41910613973596 4.792376712577822 42.98065380247261 242.35550937346244 -999.0 6231.0 -999.0 -1 -999 {-999.0 -999.0 -999.0 -999.0 -999.0} "" -999.0 -999.0 -999.0 -999.0 -999 -999 "" "" "" "" 0 0 0.0 0.0 -999 ""
FIBERMAP 741 R+5C9 APOGEE 0 0 0 1 0 0 -51.894123169148045 118.44406828989246 143.1 17.853215027162964 128.04627773208853 154.33624 19.654026 -999.0 -999.0 -999.0 -999.0 -999.0 103.40497015094799 4.614538513021089 103.42516520414847 4.588758019905085 43.58998803537724 241.22638605793594 -999.0 16600.0 -999.0 2 101 {-999.0 -999.0 -999.0 -999.0 -999.0} "" -999.0 -999.0 -999.0 -999.0 -999 -999 "" "" "" "" 0 0 0.0 0.0 -999 ""
FIBERMAP 741 R+5C9 BOSS 1 1 0 1 0 0 -51.156651118761786 118.38834922941163 143.1 18.452032194916423 127.61252061798112 154.33624 19.654026 103.40754790717136 4.612525199424489 0.09841661 0.39565098 -0.06938241 103.40755756394475 4.612487222064754 103.42790597557388 4.586844689423512 43.59071993539586 241.22189328305046 5400.0 5400.0 2016.0 1 75 {-999.0 18.569778 17.690569 17.227999 16.91324} sdss_psfmag_from_ps1dr2 18.2886 17.6673 16.8918 15.602 63050395118184391 1039371892 "" ops_std_boss_ps1dr2 ops_std standard_boss 0 0 0.0 0.0 -999 ""
FIBERMAP 741 R+5C9 METROLOGY 0 0 0 1 0 0 -51.56122020330037 117.76965034840296 143.1 17.783423836754515 127.2975839061748 154.33624 19.654026 -999.0 -999.0 -999.0 -999.0 -999.0 103.40455336932212 4.6110832069797425 103.42485412623444 4.585407949422812 43.58750331834457 241.22325433988252 -999.0 6231.0 -999.0 -1 -999 {-999.0 -999.0 -999.0 -999.0 -999.0} "" -999.0 -999.0 -999.0 -999.0 -999 -999 "" "" "" "" 0 0 0.0 0.0 -999 ""
FIBERMAP 742 R-5C19 APOGEE 0 0 0 1 0 0 159.8976175342793 -90.09353933776069 143.1 88.96944668572232 -160.47929294490618 116.67513 136.94078 -999.0 -999.0 -999.0 -999.0 -999.0 103.73138900578618 3.303940771925259 103.74834161236879 3.2775815071158934 42.9343665507612 239.6054322046354 -999.0 16600.0 -999.0 2 -999 {-999.0 -999.0 -999.0 -999.0 -999.0} "" -999.0 -999.0 -999.0 -999.0 -999 -999 "" "" "" "" 0 0 0.0 0.0 -999 ""
FIBERMAP 742 R-5C19 BOSS 1 1 0 1 0 0 160.09203562429462 -89.37769405159916 143.1 89.50998613919819 -159.9715468310596 116.67513 136.94078 103.73376111198837 3.3060811673359303 -1.3603963 -1.6869248 -0.4724308 103.73371367998536 3.306048661709475 103.75083033020894 3.2798335402993146 42.93771916653026 239.60533487432883 5400.0 5400.0 2016.0 1 287 {-999.0 15.598026 15.20327 14.822278 -999.0} sdss_psfmag_ps1 15.431962 15.178855 14.479111 13.415 63050395117924963 1093344478 bright_3x1 mwm_astar_core_boss mwm_ob science 0 0 0.0 0.0 -999 ""
FIBERMAP 742 R-5C19 METROLOGY 0 0 0 1 0 0 160.62071687017237 -89.90972059295261 143.1 89.68150127207205 -160.70153953493718 116.67513 136.94078 -999.0 -999.0 -999.0 -999.0 -999.0 103.73452932898115 3.30280657218196 103.75159276962887 3.276547321607677 42.936013931782874 239.60135939476805 -999.0 6231.0 -999.0 -1 -999 {-999.0 -999.0 -999.0 -999.0 -999.0} "" -999.0 -999.0 -999.0 -999.0 -999 -999 "" "" "" "" 0 0 0.0 0.0 -999 ""
FIBERMAP 743 R-1C3 APOGEE 0 0 0 1 0 0 -231.89820383855508 -41.03855819416809 143.1 -218.97324279735741 86.52791530832681 349.27917 26.941946 -999.0 -999.0 -999.0 -999.0 -999.0 102.32873426126827 4.4206644420092065 102.34874478398365 4.397754384933017 42.66558581729703 242.01772907795637 -999.0 16600.0 -999.0 2 281 {-999.0 -999.0 -999.0 -999.0 -999.0} "" -999.0 -999.0 -999.0 -999.0 -999 -999 "" "" "" "" 0 0 0.0 0.0 -999 ""
FIBERMAP 743 R-1C3 BOSS 1 1 0 1 0 0 -232.61191102238953 -41.25804036725707 143.1 -219.69598088416117 86.71487234334072 349.27917 26.941946 102.32535914024233 4.421287786908754 -6.4063125 0.17308198 1.7184858 102.32528930468003 4.421347448820622 102.34546778481212 4.3985940725468415 42.663712680925904 242.02154464164863 5400.0 5400.0 2016.0 1 433 {-999.0 13.976207 13.57396 13.446761 -999.0} sdss_psfmag_gaia 13.913342 13.598592 13.122254 12.279 63050395118169131 1094786766 bright_1x1 mwm_bin_vis_boss mwm_filler science 0 0 0.0 0.0 -999 ""
FIBERMAP 743 R-1C3 METROLOGY 0 0 0 1 0 0 -232.45131019697246 -40.53008896785288 143.1 -219.1778974583864 87.25064202603596 349.27917 26.941946 -999.0 -999.0 -999.0 -999.0 -999.0 102.32767368329812 4.423829363708994 102.34781065528995 4.401027292442453 42.667076166725316 242.02188938085936 -999.0 6231.0 -999.0 -1 -999 {-999.0 -999.0 -999.0 -999.0 -999.0} "" -999.0 -999.0 -999.0 -999.0 -999 -999 "" "" "" "" 0 0 0.0 0.0 -999 ""
FIBERMAP 748 R-1C24 APOGEE 0 0 0 1 0 0 256.91591557809517 -14.954099699499485 143.1 210.9468736567404 -147.31421491750814 97.37627 2.9709983 -999.0 -999.0 -999.0 -999.0 -999.0 104.28289135819821 3.367051455560353 104.2998557787746 3.3392361987695174 43.37592172335865 239.14670259688208 -999.0 16600.0 -999.0 2 210 {-999.0 -999.0 -999.0 -999.0 -999.0} "" -999.0 -999.0 -999.0 -999.0 -999 -999 "" "" "" "" 0 0 0.0 0.0 -999 ""
FIBERMAP 748 R-1C24 BOSS 1 1 0 1 0 0 257.0584068457696 -15.68619365378388 143.1 210.6847224529795 -148.01228048866275 97.37627 2.9709983 104.28158577020781 3.3637325283836295 -10.873617 2.3180907 6.304987 104.28155472536113 3.3637391352725317 104.29866616050086 3.336077467531722 43.3728811525879 239.14468877671226 5400.0 5400.0 2016.0 1 311 {-999.0 16.25549 14.837885 13.950831 -999.0} sdss_psfmag_from_g3xp 15.680845 14.588289 13.550887 11.536 63050395117870738 1096029496 bright_1x1 mwm_bin_vis_boss mwm_filler science 0 0 0.0 0.0 -999 ""
FIBERMAP 748 R-1C24 METROLOGY 0 0 0 1 0 0 256.3546081384819 -15.450690669133529 143.1 210.20875620152603 -147.44306497211537 97.37627 2.9709983 -999.0 -999.0 -999.0 -999.0 -999.0 104.27947187672369 3.366329438011554 104.29654754091814 3.3386301703946444 43.37311493443757 239.14923804176925 -999.0 6231.0 -999.0 -1 -999 {-999.0 -999.0 -999.0 -999.0 -999.0} "" -999.0 -999.0 -999.0 -999.0 -999 -999 "" "" "" "" 0 0 0.0 0.0 -999 ""
FIBERMAP 751 R-10C16 APOGEE 0 0 0 1 0 0 154.954548802291 -176.74553603979797 143.1 39.369334200274935 -231.67966407382585 127.05737 81.15172 -999.0 -999.0 -999.0 -999.0 -999.0 103.5060556495874 2.9824240504573787 103.52229449023332 2.9567256500867436 42.54984776523519 239.4996106290841 -999.0 16600.0 -999.0 2 -999 {-999.0 -999.0 -999.0 -999.0 -999.0} "" -999.0 -999.0 -999.0 -999.0 -999 -999 "" "" "" "" 0 0 0.0 0.0 -999 ""
FIBERMAP 751 R-10C16 BOSS 1 1 0 1 0 0 155.61204584635243 -176.38123886603455 143.1 40.1200639819615 -231.7138574516344 127.05737 81.15172 103.5089982462141 2.9821020755563534 -0.51832026 0.046397258 0.29053086 103.5093053488442 2.9821005228814568 103.52570404584156 2.9565466384129957 42.552194827750824 239.49625317397175 5400.0 5400.0 2016.0 1 268 {-999.0 12.622953 12.495274 12.486063 -999.0} sdss_psfmag_from_g3xp 12.624763 12.458087 12.148854 11.706 63050395117862503 1068446290 bright_3x1 mwm_ob_core_boss mwm_ob science 0 0 1.177473545074463 0.0 -999 ""
FIBERMAP 751 R-10C16 METROLOGY 0 0 0 1 0 0 155.59525513901002 -177.12784137666873 143.1 39.714674044259965 -232.3408415635202 127.05737 81.15172 -999.0 -999.0 -999.0 -999.0 -999.0 103.50751143946097 2.9793351642612604 103.52385822045875 2.953743257359608 42.54892806995903 239.4952147060215 -999.0 6231.0 -999.0 -1 -999 {-999.0 -999.0 -999.0 -999.0 -999.0} "" -999.0 -999.0 -999.0 -999.0 -999 -999 "" "" "" "" 0 0 0.0 0.0 -999 ""
FIBERMAP 753 R-2C22 APOGEE 0 0 0 1 0 0 205.8650896814581 -25.61841793130033 143.1 161.8875733824718 -129.6536894125936 78.996056 110.074 -999.0 -999.0 -999.0 -999.0 -999.0 104.06217522955593 3.445153267055929 104.07938276219403 3.4178979650791246 43.27077127971618 239.43362743182092 -999.0 16600.0 -999.0 2 -999 {-999.0 -999.0 -999.0 -999.0 -999.0} "" -999.0 -999.0 -999.0 -999.0 -999 -999 "" "" "" "" 0 0 0.0 0.0 -999 ""
FIBERMAP 753 R-2C22 BOSS 1 1 0 1 0 0 206.60885491871142 -25.49323160244942 143.1 162.58651297595682 -129.9366906224826 78.996056 110.074 104.06485754345206 3.443714925481608 -0.17166455 0.009603992 0.27345327 104.06521062298056 3.443714449511295 104.08257141785083 3.416600737995516 43.27218687671835 239.42932571958792 5400.0 5400.0 2016.0 1 285 {-999.0 12.19954 12.117382 12.132899 -999.0} sdss_psfmag_from_g3xp 12.214155 12.073534 11.799977 11.441 63050395117875459 1068446314 bright_3x1 mwm_ob_core_boss mwm_ob science 0 0 1.2817623615264893 0.0 -999 ""
FIBERMAP 753 R-2C22 METROLOGY 0 0 0 1 0 0 206.34840402572075 -26.186809719718987 143.1 162.00140656254695 -130.39088496862746 78.996056 110.074 -999.0 -999.0 -999.0 -999.0 -999.0 104.0625970250106 3.4416927551439507 104.07990901303606 3.4145440332500856 43.268843365688085 239.4297898511048 -999.0 6231.0 -999.0 -1 -999 {-999.0 -999.0 -999.0 -999.0 -999.0} "" -999.0 -999.0 -999.0 -999.0 -999 -999 "" "" "" "" 0 0 0.0 0.0 -999 ""
FIBERMAP 756 R-13C9 APOGEE 1 1 0 1 0 0 17.85790673217715 -252.97407742555325 143.1 -117.30785619409245 -224.7780076471998 201.17838 95.58981 102.79556403868499 3.012685759845547 -2.653116 -4.3080087 0.8185247 102.79557562837961 3.0126963217462235 102.81206953066976 2.988859889454676 42.055485462565365 240.18865335954519 16000.0 16600.0 2016.0 2 207 {-999.0 12.697153 11.353495 10.721588 -999.0} sdss_psfmag_from_g3xp 12.162909 11.254255 10.316665 8.222 63050395117488603 1105880738 bright_1x1 mwm_tess_rgb_apogee mwm_tessrgb science 0 0 0.0 0.0 -999 ""
FIBERMAP 756 R-13C9 BOSS 0 0 0 1 0 0 17.499367785708447 -252.3258230235915 143.1 -117.27360087743034 -224.0381648864376 201.17838 95.58981 -999.0 -999.0 -999.0 -999.0 -999.0 102.79552721423471 3.015835952483478 102.81219411049892 2.992153353850648 42.05782511350572 240.19177975765274 -999.0 5400.0 -999.0 1 334 {-999.0 -999.0 -999.0 -999.0 -999.0} "" -999.0 -999.0 -999.0 -999.0 -999 -999 "" "" "" "" 0 0 0.0 0.0 -999 ""
FIBERMAP 756 R-13C9 METROLOGY 0 0 0 1 0 0 18.244503739064378 -252.33771598711502 143.1 -116.64530005521982 -224.4386158592048 201.17838 95.58981 -999.0 -999.0 -999.0 -999.0 -999.0 102.79843196595031 3.0140844654242693 102.81504701062175 2.9903508454835963 42.05867587513133 240.18738597558476 -999.0 6231.0 -999.0 -1 -999 {-999.0 -999.0 -999.0 -999.0 -999.0} "" -999.0 -999.0 -999.0 -999.0 -999 -999 "" "" "" "" 0 0 0.0 0.0 -999 ""
FIBERMAP 758 R+4C17 APOGEE 1 1 0 1 0 0 97.567520009501 83.84507155864348 143.1 127.00538147629524 20.290779691141747 174.33127 97.55254 103.90400047894495 4.125461179488387 -0.28814954 -0.5372402 0.31627327 103.90396836829107 4.125439293271135 103.92285251240725 4.098453968488994 43.62304121836816 240.26402868678548 16000.0 16600.0 2016.0 2 83 {-999.0 15.150874 13.724369 13.042502 -999.0} sdss_psfmag_gaia 14.577125 13.615866 12.652528 10.444 63050395117974036 1105647258 bright_flexible_2x1 mwm_tess_rgb_apogee mwm_tessrgb science 0 0 0.0 0.0 -999 ""
FIBERMAP 758 R+4C17 BOSS 0 0 0 1 0 0 97.54234548705499 84.58614656325834 143.1 127.37213988513464 20.93503935803583 174.33127 97.55254 -999.0 -999.0 -999.0 -999.0 -999.0 103.90552774668663 4.128235079925604 103.92457535084066 4.101390944816195 43.626300037112436 240.26538147562832 -999.0 5400.0 -999.0 1 210 {-999.0 -999.0 -999.0 -999.0 -999.0} "" -999.0 -999.0 -999.0 -999.0 -999 -999 "" "" "" "" 0 0 0.0 0.0 -999 ""
FIBERMAP 758 R+4C17 METROLOGY 0 0 0 1 0 0 98.19966803644364 84.24948173600204 143.1 127.75553728596039 20.30402362368787 174.33127 97.55254 -999.0 -999.0 -999.0 -999.0 -999.0 103.90731151697628 4.125406672280122 103.92630731396645 4.098517139063051 43.62560675489981 240.26084934946346 -999.0 6231.0 -999.0 -1 -999 {-999.0 -999.0 -999.0 -999.0 -999.0} "" -999.0 -999.0 -999.0 -999.0 -999 -999 "" "" "" "" 0 0 0.0 0.0 -999 ""
FIBERMAP 760 R+10C10 APOGEE 0 0 0 1 0 0 20.91898525901399 209.89567925574516 143.1 127.76316055809063 167.78157315271787 115.53023 94.591354 -999.0 -999.0 -999.0 -999.0 -999.0 103.90469294382667 4.794280912534958 103.92519215726946 4.767155902050544 44.078317932150156 240.94321372689694 -999.0 16600.0 -999.0 2 -999 {-999.0 -999.0 -999.0 -999.0 -999.0} "" -999.0 -999.0 -999.0 -999.0 -999 -999 "" "" "" "" 0 0 0.0 0.0 -999 ""
FIBERMAP 760 R+10C10 BOSS 1 1 0 1 0 0 21.577707953011704 210.28098777019406 143.1 128.5259403952096 167.76463023870858 115.53023 94.591354 103.90807134647905 4.794059973894486 -10.4830885 10.647098 2.1966085 103.90802599173274 4.794088734189821 103.92867983450617 4.767097349577872 44.08084196059094 240.9398866276686 5400.0 5400.0 2016.0 1 122 {-999.0 15.205129 14.421445 13.985143 13.610507} sdss_psfmag_from_gdr3 15.130266 15.047955 13.679846 12.128 63050395118189076 1059271750 bright_flexible_2x1 bhm_spiders_agn_gaiadr3 bhm_spiders science 0 0 0.0 0.0 -999 ""
FIBERMAP 760 R+10C10 METROLOGY 0 0 0 1 0 0 21.568625342984486 209.52875999785513 143.1 128.12416772130038 167.12881813831095 115.53023 94.591354 -999.0 -999.0 -999.0 -999.0 -999.0 103.90625958629471 4.7912594986794925 103.92686285537468 4.764232993042602 44.07757222711415 240.93864779981752 -999.0 6231.0 -999.0 -1 -999 {-999.0 -999.0 -999.0 -999.0 -999.0} "" -999.0 -999.0 -999.0 -999.0 -999 -999 "" "" "" "" 0 0 0.0 0.0 -999 ""
FIBERMAP 761 R+4C9 APOGEE 1 1 0 1 0 0 -63.04881635462253 66.45257301957109 143.1 -18.880336844175968 89.61535495514164 281.39868 127.5455 103.23771488273283 4.439604243903678 -1.5352625 -2.865299 1.0694221 103.23769278924927 4.439584797719346 103.2575085480214 4.414279252408198 43.34893097673735 241.20374821012103 16000.0 16600.0 2016.0 2 118 {-999.0 10.928188 11.061022 11.160603 -999.0} sdss_psfmag_gaia 11.02992 10.974451 10.8542 10.646 63050395118182324 975457891 "" ops_std_apogee ops_std standard_apogee 0 0 0.0 0.0 -999 ""
FIBERMAP 761 R+4C9 BOSS 0 0 0 1 0 0 -63.533850763039176 65.88360863089027 143.1 -19.591414209021465 89.3849203493092 281.39868 127.5455 -999.0 -999.0 -999.0 -999.0 -999.0 103.23427827227546 4.438426050977552 103.25425238775233 4.413275332006382 43.34585525892132 241.20573506750495 -999.0 5400.0 -999.0 1 64 {-999.0 -999.0 -999.0 -999.0 -999.0} "" -999.0 -999.0 -999.0 -999.0 -999 -999 "" "" "" "" 0 0 0.0 0.0 -999 ""
FIBERMAP 761 R+4C9 METROLOGY 0 0 0 1 0 0 -63.820252995586465 66.57137320358174 143.1 -19.47503334015833 90.12062127756911 281.39868 127.5455 -999.0 -999.0 -999.0 -999.0 -999.0 103.23484955855592 4.441805402839444 103.25478627188784 4.416611198663062 43.34849566311144 241.20863250531323 -999.0 6231.0 -999.0 -1 -999 {-999.0 -999.0 -999.0 -999.0 -999.0} "" -999.0 -999.0 -999.0 -999.0 -999 -999 "" "" "" "" 0 0 0.0 0.0 -999 ""
FIBERMAP 762 R+2C22 APOGEE 0 0 0 1 0 0 206.41561132591949 19.352851745436826 143.1 185.91360482445066 -91.64616961208748 335.41315 56.18892 -999.0 -999.0 -999.0 -999.0 -999.0 104.17113971845589 3.6177826540004663 104.18873412213514 3.5902058761304567 43.46853286883449 239.5023184859981 -999.0 16600.0 -999.0 2 -999 {-999.0 -999.0 -999.0 -999.0 -999.0} "" -999.0 -999.0 -999.0 -999.0 -999 -999 "" "" "" "" 0 0 0.0 0.0 -999 ""
FIBERMAP 762 R+2C22 BOSS 1 1 0 1 0 0 205.80069131537175 18.961161069956553 143.1 185.18478260337977 -91.65760660302922 335.41315 56.18892 104.16766082702769 3.617604051508491 32.150085 -21.914507 3.304055 104.16773612146247 3.6175443542791106 104.18548741982903 3.590124570372274 43.46612453436294 239.5053075947946 5400.0 5400.0 2016.0 1 224 {-999.0 14.725243 13.919366 13.628873 -999.0} sdss_psfmag_from_g3xp 14.487633 13.959481 13.278887 11.904 63050395117902828 1077921801 bright_flexible_2x1 mwm_snc_ext_main_boss mwm_snc science 0 0 0.0 0.0 -999 ""
FIBERMAP 762 R+2C22 METROLOGY 0 0 0 1 0 0 205.75910457353356 19.70733850764871 143.1 185.54023776196829 -91.00040470333558 335.41315 56.18892 -999.0 -999.0 -999.0 -999.0 -999.0 104.16938271021843 3.620575823815229 104.18709648201639 3.5931091254155585 43.469342883273704 239.50677145263734 -999.0 6231.0 -999.0 -1 -999 {-999.0 -999.0 -999.0 -999.0 -999.0} "" -999.0 -999.0 -999.0 -999.0 -999 -999 "" "" "" "" 0 0 0.0 0.0 -999 ""
FIBERMAP 765 R+2C19 APOGEE 0 0 0 1 0 0 120.98091242676398 38.894897268864725 143.1 123.39719858147781 -30.251754261197433 182.17992 114.73869 -999.0 -999.0 -999.0 -999.0 -999.0 103.88792857057531 3.8954728206496463 103.90626292550814 3.8685776427073884 43.45411149100767 240.0477543594921 -999.0 16600.0 -999.0 2 72 {-999.0 -999.0 -999.0 -999.0 -999.0} "" -999.0 -999.0 -999.0 -999.0 -999 -999 "" "" "" "" 0 0 0.0 0.0 -999 ""
FIBERMAP 765 R+2C19 BOSS 1 1 0 1 0 0 120.63960418460886 39.55824213333985 143.1 123.45403175213012 -29.5080869429408 182.17992 114.73869 103.88809204101562 3.8987292974129844 -999.0 -999.0 -999.0 103.88807997160892 3.898695900163487 103.90657967403479 3.871946772471981 43.45664398560564 240.05084621641618 5400.0 5400.0 2015.5 1 221 {-999.0 -999.0 -999.0 -999.0 -999.0} "" -999.0 -999.0 -999.0 -999.0 27021603131839100 819466845 "" ops_sky_boss_good ops_sky sky_boss 0 0 0.0 0.0 -999 ""
FIBERMAP 765 R+2C19 METROLOGY 0 0 0 1 0 0 121.38844717697879 39.523796488216966 143.1 124.07367561941722 -29.929684811854038 182.17992 114.73869 -999.0 -999.0 -999.0 -999.0 -999.0 103.89093388349886 3.8968297330681265 103.90938368271816 3.8700318427411506 43.457378684991276 240.04628677882744 -999.0 6231.0 -999.0 -1 -999 {-999.0 -999.0 -999.0 -999.0 -999.0} "" -999.0 -999.0 -999.0 -999.0 -999 -999 "" "" "" "" 0 0 0.0 0.0 -999 ""
FIBERMAP 766 R+7C3 APOGEE 0 0 0 1 0 0 -163.98226761607248 147.14658435092392 143.1 -62.56178223924967 211.20324796254832 63.587337 122.78157 -999.0 -999.0 -999.0 -999.0 -999.0 103.03781047112771 4.988754309735652 103.05900936639608 4.963860103467556 43.570581661258224 241.94827165229006 -999.0 16600.0 -999.0 2 123 {-999.0 -999.0 -999.0 -999.0 -999.0} "" -999.0 -999.0 -999.0 -999.0 -999 -999 "" "" "" "" 0 0 0.0 0.0 -999 ""
FIBERMAP 766 R+7C3 BOSS 1 1 0 1 0 0 -163.2361384791419 147.24290916746122 143.1 -61.87594811388307 210.89443106008696 63.587337 122.78157 103.040771484375 4.987270109506582 -999.0 -999.0 -999.0 103.04075782539171 4.98728126793201 103.06211273117725 4.962522739280578 43.57199232261806 241.94404955773555 5400.0 5400.0 2015.5 1 26 {-999.0 -999.0 -999.0 -999.0 -999.0} "" -999.0 -999.0 -999.0 -999.0 27021603131853398 810616031 "" ops_sky_boss_good ops_sky sky_boss 0 0 0.0 0.0 -999 ""
FIBERMAP 766 R+7C3 METROLOGY 0 0 0 1 0 0 -163.52750725776843 146.55399231192277 143.1 -62.484941373741584 210.46040174086878 63.587337 122.78157 -999.0 -999.0 -999.0 -999.0 -999.0 103.03803573551244 4.985348093477528 103.05934123903006 4.96055656126217 43.56862380861723 241.9445709087431 -999.0 6231.0 -999.0 -1 -999 {-999.0 -999.0 -999.0 -999.0 -999.0} "" -999.0 -999.0 -999.0 -999.0 -999 -999 "" "" "" "" 0 0 0.0 0.0 -999 ""
FIBERMAP 776 R+1C5 APOGEE 0 0 0 1 0 0 -179.7990408965509 30.87982792537457 143.1 -136.9345978153806 120.47997888656002 67.75155 94.65203 -999.0 -999.0 -999.0 -999.0 -999.0 102.69964445498347 4.577132678644244 102.71993514422678 4.553212446606737 43.04482813812903 241.83838044015152 -999.0 16600.0 -999.0 2 110 {-999.0 -999.0 -999.0 -999.0 -999.0} "" -999.0 -999.0 -999.0 -999.0 -999 -999 "" "" "" "" 0 0 0.0 0.0 -999 ""
FIBERMAP 776 R+1C5 BOSS 1 1 0 1 0 0 -179.09274279200162 30.619087986758245 143.1 -136.46972300071002 119.88796324210547 67.75155 94.65203 102.70156860351562 4.574345562095715 -999.0 -999.0 -999.0 102.70155034452284 4.574355367191477 102.7219967827537 4.550576764315929 43.04459439240486 241.8338184058881 5400.0 5400.0 2015.5 1 63 {-999.0 -999.0 -999.0 -999.0 -999.0} "" -999.0 -999.0 -999.0 -999.0 27021603131851363 819467866 "" ops_sky_boss_good ops_sky sky_boss 0 0 0.0 0.0 -999 ""
FIBERMAP 776 R+1C5 METROLOGY 0 0 0 1 0 0 -179.672417412448 30.139801577539266 143.1 -137.21441665971736 119.78347037270025 67.75155 94.65203 -999.0 -999.0 -999.0 -999.0 -999.0 102.69822406153376 4.573893773373883 102.71862409155199 4.55008263488576 43.04176381055076 241.8363911617496 -999.0 6231.0 -999.0 -1 -999 {-999.0 -999.0 -999.0 -999.0 -999.0} "" -999.0 -999.0 -999.0 -999.0 -999 -999 "" "" "" "" 0 0 0.0 0.0 -999 ""
FIBERMAP 779 R+1C20 APOGEE 1 1 0 1 0 0 145.92602540302553 5.873632436895349 143.1 127.342074524567 -71.43842120106684 272.92035 114.9397 103.90594482421875 3.7083030211174304 -999.0 -999.0 -999.0 103.90595254006591 3.70829308578768 103.9238319654716 3.6813903087007325 43.33884762528486 239.84334335979133 16000.0 16600.0 2015.5 2 85 {-999.0 -999.0 -999.0 -999.0 -999.0} "" -999.0 -999.0 -999.0 -999.0 27021603131837483 841578267 "" ops_sky_apogee_best ops_sky sky_apogee 0 0 0.0 0.0 -999 ""
FIBERMAP 779 R+1C20 BOSS 0 0 0 1 0 0 145.28177756560737 5.515153730697117 143.1 126.60567516410435 -71.40621333818335 272.92035 114.9397 -999.0 -999.0 -999.0 -999.0 -999.0 103.90249975180443 3.708250490373993 103.92053785089865 3.6815048807521613 43.336531002376596 239.8465539502222 -999.0 5400.0 -999.0 1 233 {-999.0 -999.0 -999.0 -999.0 -999.0} "" -999.0 -999.0 -999.0 -999.0 -999 -999 "" "" "" "" 0 0 0.0 0.0 -999 ""
FIBERMAP 779 R+1C20 METROLOGY 0 0 0 1 0 0 145.28748789795839 6.263523319464783 143.1 127.00255510287919 -70.77192023193653 272.92035 114.9397 -999.0 -999.0 -999.0 -999.0 -999.0 103.90433802041156 3.7111862209126065 103.92233795215526 3.6843931883593344 43.33981815642567 239.84775567436708 -999.0 6231.0 -999.0 -1 -999 {-999.0 -999.0 -999.0 -999.0 -999.0} "" -999.0 -999.0 -999.0 -999.0 -999 -999 "" "" "" "" 0 0 0.0 0.0 -999 ""
FIBERMAP 781 R+8C12 APOGEE 0 0 0 1 0 0 44.37235797023018 174.7248989909577 143.1 129.31174753146112 125.54587288231524 139.35944 58.21644 -999.0 -999.0 -999.0 -999.0 -999.0 103.9127777209224 4.6033948136135505 103.93281317966967 4.5762876456745865 43.9548601731171 240.7405237875179 -999.0 16600.0 -999.0 2 -999 {-999.0 -999.0 -999.0 -999.0 -999.0} "" -999.0 -999.0 -999.0 -999.0 -999 -999 "" "" "" "" 0 0 0.0 0.0 -999 ""
FIBERMAP 781 R+8C12 BOSS 1 1 0 1 0 0 45.08845187923414 174.95183301106746 143.1 130.0404215556003 125.36401133499506 139.35944 58.21644 103.91591521186888 4.602485179516556 0.07779364 0.50928277 0.124495 103.91597468314443 4.602461187706611 103.93616329876437 4.575489151081138 43.95677713851051 240.73656666916685 5400.0 5400.0 2016.0 1 139 {-999.0 15.577362 15.232449 15.046233 -999.0} sdss_psfmag_ps1 15.486185 15.195436 14.728283 13.919 63050395117986327 1093344568 bright_3x1 mwm_astar_core_boss mwm_ob science 0 0 0.0 0.0 -999 ""
FIBERMAP 781 R+8C12 METROLOGY 0 0 0 1 0 0 44.93060203215862 174.22989843759092 143.1 129.52783254715195 124.83192432204213 139.35944 58.21644 -999.0 -999.0 -999.0 -999.0 -999.0 103.91369526352914 4.600088732951256 103.93383447122602 4.573082543114085 43.95343932605473 240.73628984553335 -999.0 6231.0 -999.0 -1 -999 {-999.0 -999.0 -999.0 -999.0 -999.0} "" -999.0 -999.0 -999.0 -999.0 -999 -999 "" "" "" "" 0 0 0.0 0.0 -999 ""
FIBERMAP 784 R0C21 APOGEE 0 0 0 1 0 0 145.44136313124338 -0.9639189127287568 143.1 123.34765032206683 -77.0071515506442 168.3196 131.7628 -999.0 -999.0 -999.0 -999.0 -999.0 103.88780470104365 3.6829299474036867 103.90562778113917 3.6560800277472065 43.30827466078385 239.83510275023156 -999.0 16600.0 -999.0 2 73 {-999.0 -999.0 -999.0 -999.0 -999.0} "" -999.0 -999.0 -999.0 -999.0 -999 -999 "" "" "" "" 0 0 0.0 0.0 -999 ""
FIBERMAP 784 R0C21 BOSS 1 1 0 1 0 0 145.06482255555738 -0.32811374511614194 143.1 123.36005484337537 -76.26848034113269 168.3196 131.7628 103.88777106052287 3.68611586726046 -4.718587 0.3869243 1.199974 103.88775240456567 3.686106595159103 103.9057411509761 3.6594044160951884 43.310634414438276 239.8383245013622 5400.0 5400.0 2016.0 1 243 {-999.0 20.051586 18.664577 18.088367 -999.0} sdss_psfmag_ps1 19.50454 18.61919 17.645016 15.649 63050395117929882 1096292091 bright_1x1 mwm_bin_vis_boss mwm_filler science 0 0 0.0 0.0 -999 ""
FIBERMAP 784 R0C21 METROLOGY 0 0 0 1 0 0 145.8088697291409 -0.31103214874526913 143.1 124.00260619699849 -76.64368729810735 168.3196 131.7628 -999.0 -999.0 -999.0 -999.0 -999.0 103.89070704993145 3.6844612077972476 103.90864629609649 3.6577096292308067 43.31158551122426 239.83389820611632 -999.0 6231.0 -999.0 -1 -999 {-999.0 -999.0 -999.0 -999.0 -999.0} "" -999.0 -999.0 -999.0 -999.0 -999 -999 "" "" "" "" 0 0 0.0 0.0 -999 ""
FIBERMAP 786 R+11C5 APOGEE 1 1 0 1 0 0 -65.81045932432357 203.97046034197345 143.1 50.8037201470395 208.16721631290383 343.2243 96.62103 103.55390744418358 4.9766069458112545 -0.2890603 0.7903905 0.48177877 103.55391801847301 4.976618004367049 103.57495089235209 4.950373270096408 43.94356133424397 241.4582301497524 16000.0 16600.0 2016.0 2 22 {-999.0 14.681684 13.409057 12.823305 -999.0} sdss_psfmag_from_g3xp 14.184557 13.333926 12.41546 10.482 63050395118203896 1110033254 bright_flexible_2x1 mwm_tess_rgb_apogee mwm_tessrgb science 0 0 0.0 0.0 -999 ""
FIBERMAP 786 R+11C5 BOSS 0 0 0 1 0 0 -65.93953710355217 203.23937601014202 143.1 50.310839482703074 207.61226607269572 343.2243 96.62103 -999.0 -999.0 -999.0 -999.0 -999.0 103.55153905786302 4.974024049273255 103.57272386522072 4.947928161257023 43.940275574049394 241.45777996831407 -999.0 5400.0 -999.0 1 144 {-999.0 -999.0 -999.0 -999.0 -999.0} "" -999.0 -999.0 -999.0 -999.0 -999 -999 "" "" "" "" 0 0 0.0 0.0 -999 ""
FIBERMAP 786 R+11C5 METROLOGY 0 0 0 1 0 0 -66.52031478288832 203.71209451737755 143.1 50.06389368940237 208.319043800623 343.2243 96.62103 -999.0 -999.0 -999.0 -999.0 -999.0 103.55044389880726 4.977232048287726 103.57159211179379 4.951098097608126 43.94156654689203 241.46209486041698 -999.0 6231.0 -999.0 -1 -999 {-999.0 -999.0 -999.0 -999.0 -999.0} "" -999.0 -999.0 -999.0 -999.0 -999 -999 "" "" "" "" 0 0 0.0 0.0 -999 ""
FIBERMAP 787 R+9C16 APOGEE 0 0 0 1 0 0 131.86039437308338 190.2798131775949 143.1 211.9614848116748 92.96315627860061 187.85051 44.528416 -999.0 -999.0 -999.0 -999.0 -999.0 104.28745307747413 4.455085636321411 104.3070334027833 4.427030805914377 44.127346546595724 240.23566740029656 -999.0 16600.0 -999.0 2 88 {-999.0 -999.0 -999.0 -999.0 -999.0} "" -999.0 -999.0 -999.0 -999.0 -999 -999 "" "" "" "" 0 0 0.0 0.0 -999 ""
FIBERMAP 787 R+9C16 BOSS 1 1 0 1 0 0 132.29967622876956 190.88434592930432 143.1 212.65223268349766 93.24784609501845 187.85051 44.528416 104.29046630859375 4.456244750628585 -999.0 -999.0 -999.0 104.29043314106275 4.45623456853567 104.31016994128584 4.42831502376485 44.13051080609124 240.23400960526902 5400.0 5400.0 2015.5 1 227 {-999.0 -999.0 -999.0 -999.0 -999.0} "" -999.0 -999.0 -999.0 -999.0 27021603131840483 810614510 "" ops_sky_boss_good ops_sky sky_boss 0 0 0.0 0.0 -999 ""
FIBERMAP 787 R+9C16 METROLOGY 0 0 0 1 0 0 132.60945107785952 190.2114835406203 143.1 212.56356127221113 92.51259208520435 187.85051 44.528416 -999.0 -999.0 -999.0 -999.0 -999.0 104.29008899124777 4.452947539658383 104.30977417907354 4.424988971423676 44.127956263589034 240.23099158442818 -999.0 6231.0 -999.0 -1 -999 {-999.0 -999.0 -999.0 -999.0 -999.0} "" -999.0 -999.0 -999.0 -999.0 -999 -999 "" "" "" "" 0 0 0.0 0.0 -999 ""
FIBERMAP 789 R+2C9 APOGEE 0 0 0 1 0 0 -75.82507439140646 24.466774303445995 143.1 -51.753486613247475 60.55434136570058 3.6531365 56.328793 -999.0 -999.0 -999.0 -999.0 -999.0 103.08789339979752 4.306904140165257 103.10742774530996 4.282019609295328 43.14923629573241 241.20796003700713 -999.0 16600.0 -999.0 2 109 {-999.0 -999.0 -999.0 -999.0 -999.0} "" -999.0 -999.0 -999.0 -999.0 -999 -999 "" "" "" "" 0 0 0.0 0.0 -999 ""
FIBERMAP 789 R+2C9 BOSS 1 1 0 1 0 0 -76.1775440532851 23.80281176665802 143.1 -52.40143938411708 60.173568613826646 3.6531365 56.328793 103.08473713370824 4.305108301704889 11.729585 -22.126715 2.0314128 103.08475124540455 4.30504514501659 103.10444325547161 4.280315927619277 43.145889141012546 241.20898262567624 5400.0 5400.0 2016.0 1 53 {-999.0 19.318787 17.911785 16.809248 -999.0} sdss_psfmag_ps1 18.729416 17.491062 16.382555 14.362 63050395118157676 1096382286 bright_1x1 mwm_bin_vis_boss mwm_filler science 0 0 0.0 0.0 -999 ""
FIBERMAP 789 R+2C9 METROLOGY 0 0 0 1 0 0 -76.57346697995945 24.43625946270374 143.1 -52.4067750789142 60.92038531170654 3.6531365 56.328793 -999.0 -999.0 -999.0 -999.0 -999.0 103.08477040572159 4.30847961496631 103.10442498630812 4.2837080489561155 43.14816093569342 241.21243530728916 -999.0 6231.0 -999.0 -1 -999 {-999.0 -999.0 -999.0 -999.0 -999.0} "" -999.0 -999.0 -999.0 -999.0 -999 -999 "" "" "" "" 0 0 0.0 0.0 -999 ""
FIBERMAP 790 R+6C16 APOGEE 0 0 0 1 0 0 128.46415711921188 128.9048974796269 143.1 176.91945011454854 42.477554349061386 96.59657 43.629486 -999.0 -999.0 -999.0 -999.0 -999.0 104.13018565958943 4.226456356533365 104.14925507890678 4.198858980979791 43.85670066652091 240.15265902659448 -999.0 16600.0 -999.0 2 -999 {-999.0 -999.0 -999.0 -999.0 -999.0} "" -999.0 -999.0 -999.0 -999.0 -999 -999 "" "" "" "" 0 0 0.0 0.0 -999 ""
FIBERMAP 790 R+6C16 BOSS 1 1 0 1 0 0 129.06052579799012 128.41800458596018 143.1 177.17224769043574 41.75053922091566 96.59657 43.629486 104.13125454863754 4.223020738995053 -2.8977249 -2.4181952 0.96752656 104.1312372063828 4.22302305837235 104.15045380866394 4.195568515115573 43.855330605396674 240.14819116431605 5400.0 5400.0 2016.0 1 215 {-999.0 14.216405 14.110494 13.865169 -999.0} sdss_psfmag_ps1 14.163108 13.878844 13.434971 12.753 63050395117968633 979715194 "" ops_std_boss ops_std standard_boss 0 0 0.0 0.0 -999 ""
FIBERMAP 790 R+6C16 METROLOGY 0 0 0 1 0 0 128.34512159879645 128.1683565606066 143.1 176.43226275759298 41.91269705739845 96.59657 43.629486 -999.0 -999.0 -999.0 -999.0 -999.0 104.12791997133886 4.223797728478993 104.14709517347075 4.19631063378754 43.85338725058361 240.15211209153196 -999.0 6231.0 -999.0 -1 -999 {-999.0 -999.0 -999.0 -999.0 -999.0} "" -999.0 -999.0 -999.0 -999.0 -999 -999 "" "" "" "" 0 0 0.0 0.0 -999 ""
FIBERMAP 791 R+7C20 APOGEE 0 0 0 1 0 0 215.61062160924524 152.92479340028177 143.1 263.71251481468113 17.28223356931463 112.631775 80.042114 -999.0 -999.0 -999.0 -999.0 -999.0 104.52088100064441 4.112258442973032 104.53957541173008 4.083665831595772 44.061887263156464 239.66599057332024 -999.0 16600.0 -999.0 2 76 {-999.0 -999.0 -999.0 -999.0 -999.0} "" -999.0 -999.0 -999.0 -999.0 -999 -999 "" "" "" "" 0 0 0.0 0.0 -999 ""
FIBERMAP 791 R+7C20 BOSS 1 1 0 1 0 0 216.31675539636151 153.1565989389248 143.1 264.4352590006953 17.109737824595634 112.631775 80.042114 104.5239796616948 4.111344414480216 4.71078 -6.2617807 2.752441 104.52396479439585 4.1113340184770655 104.54280999622421 4.082878213819297 44.0636944414806 239.66211293747367 5400.0 5400.0 2016.0 1 250 {-999.0 20.13612 18.617954 17.259352 -999.0} sdss_psfmag 19.315676 17.95867 16.739937 14.435 63050395117964964 1094580971 bright_1x1 mwm_bin_vis_boss mwm_filler science 0 0 0.0 0.0 -999 ""
FIBERMAP 791 R+7C20 METROLOGY 0 0 0 1 0 0 216.17070480790912 152.42725958163942 143.1 263.92883897612916 16.5651643803992 112.631775 80.042114 -999.0 -999.0 -999.0 -999.0 -999.0 104.5217486002561 4.108911260854342 104.54054496150542 4.080420751184861 44.060364750866945 239.66178164669046 -999.0 6231.0 -999.0 -1 -999 {-999.0 -999.0 -999.0 -999.0 -999.0} "" -999.0 -999.0 -999.0 -999.0 -999 -999 "" "" "" "" 0 0 0.0 0.0 -999 ""
FIBERMAP 792 R-7C14 APOGEE 1 1 0 1 0 0 59.984359214721735 -132.4007993338777 143.1 -18.27479584631957 -144.16921781553236 208.73027 70.58196 103.2432109152387 3.376013547044493 -0.6246422 -2.6808264 0.848062 103.24322835674384 3.3760115034355955 103.26047907482604 3.350917426748252 42.62980185096638 240.13283704462435 16000.0 16600.0 2016.0 2 184 {-999.0 11.121425 11.122652 11.180717 -999.0} sdss_psfmag_from_g3xp 11.188306 11.0766535 10.855263 10.481 63050395117922276 974928041 "" ops_std_apogee ops_std standard_apogee 0 0 0.0 0.0 -999 ""
FIBERMAP 792 R-7C14 BOSS 0 0 0 1 0 0 59.8405690371146 -131.67402033960857 143.1 -18.01653487392537 -143.47499786525853 208.73027 70.58196 -999.0 -999.0 -999.0 -999.0 -999.0 103.24422644967814 3.378949816593773 103.26164614750326 3.35400384825926 42.63276079130217 240.13481983167517 -999.0 5400.0 -999.0 1 326 {-999.0 -999.0 -999.0 -999.0 -999.0} "" -999.0 -999.0 -999.0 -999.0 -999 -999 "" "" "" "" 0 0 0.0 0.0 -999 ""
FIBERMAP 792 R-7C14 METROLOGY 0 0 0 1 0 0 60.553606847971736 -131.9225209409837 143.1 -17.539509458168784 -144.06012138440738 208.73027 70.58196 -999.0 -999.0 -999.0 -999.0 -999.0 103.24645459088164 3.376358216861263 103.26382152226398 3.351364066965289 42.63254416975027 240.13018296978422 -999.0 6231.0 -999.0 -1 -999 {-999.0 -999.0 -999.0 -999.0 -999.0} "" -999.0 -999.0 -999.0 -999.0 -999 -999 "" "" "" "" 0 0 0.0 0.0 -999 ""
FIBERMAP 793 R+7C1 APOGEE 0 0 0 1 0 0 -234.55331424542027 131.48347374056578 143.1 -130.86230227693815 234.83222912272052 264.50238 22.044939 -999.0 -999.0 -999.0 -999.0 -999.0 102.72812132294324 5.0921524261058355 102.74965392155764 5.0680508228203065 43.409945480204264 242.3381870614354 -999.0 16600.0 -999.0 2 97 {-999.0 -999.0 -999.0 -999.0 -999.0} "" -999.0 -999.0 -999.0 -999.0 -999 -999 "" "" "" "" 0 0 0.0 0.0 -999 ""
FIBERMAP 793 R+7C1 BOSS 1 1 0 1 0 0 -234.7688601470247 132.19188089875107 143.1 -130.67476956003736 235.54839196962016 264.50238 22.044939 102.72881507865333 5.095248639464193 -0.559402 -0.041288033 -0.20686923 102.72881774549793 5.095220199905848 102.75051951950365 5.071259358263693 43.412720726953786 242.34070138667073 5400.0 5400.0 2016.0 1 82 {-999.0 16.5072 16.10911 15.661652 -999.0} sdss_psfmag_ps1 16.34015 15.976404 15.310606 14.219 63050395118259126 1093344761 bright_3x1 mwm_astar_core_boss mwm_ob science 0 0 0.0 0.0 -999 ""
FIBERMAP 793 R+7C1 METROLOGY 0 0 0 1 0 0 -234.03803688110062 132.03081695435867 143.1 -130.1367968950605 235.02840980338036 264.50238 22.044939 -999.0 -999.0 -999.0 -999.0 -999.0 102.73128948077111 5.092961239529616 102.75293921411168 5.06895377735722 43.412991856583744 242.33612502534174 -999.0 6231.0 -999.0 -1 -999 {-999.0 -999.0 -999.0 -999.0 -999.0} "" -999.0 -999.0 -999.0 -999.0 -999 -999 "" "" "" "" 0 0 0.0 0.0 -999 ""
FIBERMAP 795 R+5C3 APOGEE 0 0 0 1 0 0 -189.343000397835 112.19207966768504 143.1 -102.46822194249329 194.7219337858159 103.15347 99.26405 -999.0 -999.0 -999.0 -999.0 -999.0 102.85639027561687 4.913461211521276 102.87745470405275 4.889059027719045 43.38591050436471 242.03769739455737 -999.0 16600.0 -999.0 2 130 {-999.0 -999.0 -999.0 -999.0 -999.0} "" -999.0 -999.0 -999.0 -999.0 -999 -999 "" "" "" "" 0 0 0.0 0.0 -999 ""
FIBERMAP 795 R+5C3 BOSS 1 1 0 1 0 0 -188.67491472737487 112.4850690201654 143.1 -101.74582833174766 194.62147063628476 103.15347 99.26405 102.85953608621256 4.912917639409408 -0.24620464 -0.6559795 0.18749827 102.85948973716755 4.912926055524454 102.88071354158734 4.888659739455259 43.38806468436758 242.0343095122049 5400.0 5400.0 2016.0 1 28 {-999.0 14.963852 14.467602 14.231597 -999.0} sdss_psfmag_from_g3xp 14.850004 14.46918 13.861336 12.888 63050395118201242 1093208211 bright_3x1 mwm_astar_core_boss mwm_ob science 0 0 0.0 0.0 -999 ""
FIBERMAP 795 R+5C3 METROLOGY 0 0 0 1 0 0 -188.74782342883105 111.74336267167672 143.1 -102.19644156481193 194.02805211591217 103.15347 99.26405 -999.0 -999.0 -999.0 -999.0 -999.0 102.85748974562321 4.910274694316375 102.87866189235729 4.885973412506937 43.38475019068838 242.033429298616 -999.0 6231.0 -999.0 -1 -999 {-999.0 -999.0 -999.0 -999.0 -999.0} "" -999.0 -999.0 -999.0 -999.0 -999 -999 "" "" "" "" 0 0 0.0 0.0 -999 ""
FIBERMAP 796 R-1C17 APOGEE 0 0 0 1 0 0 62.77944658188917 -31.393702614944836 143.1 37.01578253052066 -59.61939169247889 263.52646 60.431664 -999.0 -999.0 -999.0 -999.0 -999.0 103.49449351569406 3.760725495050279 103.51260471794194 3.7348892263859654 43.07574469501525 240.2816006144211 -999.0 16600.0 -999.0 2 -999 {-999.0 -999.0 -999.0 -999.0 -999.0} "" -999.0 -999.0 -999.0 -999.0 -999 -999 "" "" "" "" 0 0 0.0 0.0 -999 ""
FIBERMAP 796 R-1C17 BOSS 1 1 0 1 0 0 62.169486024604964 -30.971671688912032 143.1 36.71743406567573 -58.94049084673294 263.52646 60.431664 103.49296827922146 3.7636393240173156 0.096743524 0.5076539 0.1102026 103.49298652586972 3.7636309778165087 103.51126516675032 3.737946753116037 43.0768500107429 240.28591110384392 5400.0 5400.0 2016.0 1 280 {-999.0 16.430231 15.853735 15.523716 -999.0} sdss_psfmag_ps1 16.258179 15.7631855 15.075913 13.827 63050395117944708 1093344531 bright_3x1 mwm_astar_core_boss mwm_ob science 0 0 0.0 0.0 -999 ""
FIBERMAP 796 R-1C17 METROLOGY 0 0 0 1 0 0 62.8392736423977 -30.65000731218792 143.1 37.456297784326665 -59.01742691619514 263.52646 60.431664 -999.0 -999.0 -999.0 -999.0 -999.0 103.49640049064107 3.7633384610164726 103.51463217522729 3.7376031990821725 43.079074823509266 240.28243227395544 -999.0 6231.0 -999.0 -1 -999 {-999.0 -999.0 -999.0 -999.0 -999.0} "" -999.0 -999.0 -999.0 -999.0 -999 -999 "" "" "" "" 0 0 0.0 0.0 -999 ""
FIBERMAP 800 R+11C7 APOGEE 1 1 0 1 0 0 -44.9727841295796 202.4576385414036 143.1 67.75586795502814 195.9635866710674 242.89447 98.07021 103.63128662109375 4.921746889293416 -999.0 -999.0 -999.0 103.63130426651766 4.921710784699421 103.65218368623215 4.89527467732769 43.963576714391486 241.329740753341 16000.0 16600.0 2015.5 2 16 {-999.0 -999.0 -999.0 -999.0 -999.0} "" -999.0 -999.0 -999.0 -999.0 27021603131852718 832725611 "" ops_sky_apogee_best ops_sky sky_apogee 0 0 0.0 0.0 -999 ""
FIBERMAP 800 R+11C7 BOSS 0 0 0 1 0 0 -45.67616303319891 202.7065103473921 143.1 67.2872621611077 196.54396668486774 242.89447 98.07021 -999.0 -999.0 -999.0 -999.0 -999.0 103.62901798260752 4.924225894231605 103.65006135613584 4.897937449930563 43.96380037388826 241.3344545617703 -999.0 5400.0 -999.0 1 112 {-999.0 -999.0 -999.0 -999.0 -999.0} "" -999.0 -999.0 -999.0 -999.0 -999 -999 "" "" "" "" 0 0 0.0 0.0 -999 ""
FIBERMAP 800 R+11C7 METROLOGY 0 0 0 1 0 0 -45.11447227939709 203.1939123424287 143.1 68.0208925871001 196.6647909518553 242.89447 98.07021 -999.0 -999.0 -999.0 -999.0 -999.0 103.63239459804781 4.924799183949422 103.65339389385167 4.898461484950024 43.966611325657176 241.33189348172925 -999.0 6231.0 -999.0 -1 -999 {-999.0 -999.0 -999.0 -999.0 -999.0} "" -999.0 -999.0 -999.0 -999.0 -999 -999 "" "" "" "" 0 0 0.0 0.0 -999 ""
FIBERMAP 804 R-6C16 APOGEE 0 0 0 1 0 0 100.31529080666064 -118.16852006152587 143.1 23.5248313223368 -153.1760125466302 174.99765 130.10489 -999.0 -999.0 -999.0 -999.0 -999.0 103.43369745376525 3.335748158218399 103.45080247794931 3.3101626399676674 42.740564309096214 239.91563021051144 -999.0 16600.0 -999.0 2 -999 {-999.0 -999.0 -999.0 -999.0 -999.0} "" -999.0 -999.0 -999.0 -999.0 -999 -999 "" "" "" "" 0 0 0.0 0.0 -999 ""
FIBERMAP 804 R-6C16 BOSS 1 1 0 1 0 0 99.87797778569892 -117.54291458625976 143.1 23.48014134988867 -152.41419269299388 174.99765 130.10489 103.43334298991091 3.339009954799581 3.0147667 -9.62965 1.9853129 103.43333653830908 3.3389866714970284 103.4506106239304 3.3135525670427293 42.742745758963174 239.91917291679403 5400.0 5400.0 2016.0 1 305 {-999.0 21.404276 20.03633 18.489508 -999.0} sdss_psfmag_ps1 20.559927 19.204615 18.034575 15.696 63050395117919559 1095096687 bright_1x1 mwm_bin_vis_boss mwm_filler science 0 0 0.0 0.0 -999 ""
FIBERMAP 804 R-6C16 METROLOGY 0 0 0 1 0 0 100.61824530665535 -117.486698566232 143.1 24.139973810356373 -152.75409430792126 174.99765 130.10489 -999.0 -999.0 -999.0 -999.0 -999.0 103.43638745763639 3.3375118807448363 103.45361152877877 3.3120272499918824 42.743884891323816 239.9148660615475 -999.0 6231.0 -999.0 -1 -999 {-999.0 -999.0 -999.0 -999.0 -999.0} "" -999.0 -999.0 -999.0 -999.0 -999 -999 "" "" "" "" 0 0 0.0 0.0 -999 ""
FIBERMAP 805 R0C18 APOGEE 0 0 0 1 0 0 108.77744604375647 10.009590849508912 143.1 97.87422698676393 -48.45690930433932 97.243904 28.12309 -999.0 -999.0 -999.0 -999.0 -999.0 103.77187432289034 3.812328651713674 103.79003834558353 3.7857546989420396 43.31284347031563 240.07353110309379 -999.0 16600.0 -999.0 2 -999 {-999.0 -999.0 -999.0 -999.0 -999.0} "" -999.0 -999.0 -999.0 -999.0 -999 -999 "" "" "" "" 0 0 0.0 0.0 -999 ""
FIBERMAP 805 R0C18 BOSS 1 1 0 1 0 0 109.2235127417673 9.401580629563753 143.1 97.93558816645505 -49.20833110253316 97.243904 28.12309 103.77205291984444 3.808721841804229 -0.6070349 -2.450249 4.0928016 103.77204510313913 3.8087397972683106 103.79035887419752 3.782314017546492 43.31072679027262 240.0697773564828 5400.0 5400.0 2016.0 1 241 {-999.0 18.226044 16.572315 15.657738 -999.0} sdss_psfmag_gaia 17.36327 16.302084 15.123095 13.037 63050395117934283 1077816484 bright_flexible_2x1 mwm_snc_ext_main_boss mwm_snc science 0 0 0.0 0.0 -999 ""
FIBERMAP 805 R0C18 METROLOGY 0 0 0 1 0 0 108.48075332804177 9.325021340288973 143.1 97.26297731896088 -48.88444775212241 97.243904 28.12309 -999.0 -999.0 -999.0 -999.0 -999.0 103.76901702281748 3.810250508206392 103.78729031961882 3.7837904321357425 43.30949908321693 240.0741335487014 -999.0 6231.0 -999.0 -1 -999 {-999.0 -999.0 -999.0 -999.0 -999.0} "" -999.0 -999.0 -999.0 -999.0 -999 -999 "" "" "" "" 0 0 0.0 0.0 -999 ""
FIBERMAP 806 R+4C22 APOGEE 0 0 0 1 0 0 230.52837762058059 85.32452695030108 143.1 241.00499573047134 -48.09804015815923 25.153038 138.95059 -999.0 -999.0 -999.0 -999.0 -999.0 104.41934406236034 3.8161351790174454 104.4373520996366 3.787868858801853 43.784583676508035 239.46480123008524 -999.0 16600.0 -999.0 2 -999 {-999.0 -999.0 -999.0 -999.0 -999.0} "" -999.0 -999.0 -999.0 -999.0 -999 -999 "" "" "" "" 0 0 0.0 0.0 -999 ""
FIBERMAP 806 R+4C22 BOSS 1 1 0 1 0 0 231.23678709286284 85.15002884922616 143.1 241.51684443097454 -48.61772138277844 25.153038 138.95059 104.42121069546023 3.8136158861602083 -1.7150811 0.49346307 0.38501996 104.42150386073908 3.813640171097049 104.4396602259933 3.7855152010650124 43.78463632244384 239.46024051669386 5400.0 5400.0 2016.0 1 236 {-999.0 12.869232 12.571658 12.449977 -999.0} sdss_psfmag_from_g3xp 12.835766 12.554282 12.0975895 11.341 63050395117905664 1093208361 bright_3x1 mwm_astar_core_boss mwm_ob science 0 0 1.1928461790084839 0.0 -999 ""
FIBERMAP 806 R+4C22 METROLOGY 0 0 0 1 0 0 230.72158135460975 84.60387842454877 143.1 240.79202486003854 -48.81292384734872 25.153038 138.95059 -999.0 -999.0 -999.0 -999.0 -999.0 104.41829281352156 3.8127866734415194 104.43640406593136 3.7846287580072664 43.78166831349418 239.4624450107096 -999.0 6231.0 -999.0 -1 -999 {-999.0 -999.0 -999.0 -999.0 -999.0} "" -999.0 -999.0 -999.0 -999.0 -999 -999 "" "" "" "" 0 0 0.0 0.0 -999 ""
FIBERMAP 808 R-9C5 APOGEE 0 0 0 1 0 0 -89.77035990350636 -190.54077676101522 143.1 -176.25584145843055 -115.23333783735652 351.1168 62.89891 -999.0 -999.0 -999.0 -999.0 -999.0 102.52503110766337 3.5065581130297647 102.54278269728087 3.483326476752999 42.19441048082841 240.92403441183524 -999.0 16600.0 -999.0 2 287 {-999.0 -999.0 -999.0 -999.0 -999.0} "" -999.0 -999.0 -999.0 -999.0 -999 -999 "" "" "" "" 0 0 0.0 0.0 -999 ""
FIBERMAP 808 R-9C5 BOSS 1 1 0 1 0 0 -90.21445030881095 -191.1523389666282 143.1 -176.95436634376088 -115.52149482647128 351.1168 62.89891 102.52166748046875 3.505071094673994 -999.0 -999.0 -999.0 102.52168305596508 3.5050790653179598 102.53959799605423 3.4820088934815066 42.19117840825292 240.9256283665135 5400.0 5400.0 2015.5 1 412 {-999.0 -999.0 -999.0 -999.0 -999.0} "" -999.0 -999.0 -999.0 -999.0 27021603131825807 810612883 "" ops_sky_boss_good ops_sky sky_boss 0 0 0.0 0.0 -999 ""
FIBERMAP 808 R-9C5 METROLOGY 0 0 0 1 0 0 -90.51578119986208 -190.45485926738885 143.1 -176.8456091188843 -114.76970079460521 351.1168 62.89891 -999.0 -999.0 -999.0 -999.0 -999.0 102.52220276564805 3.5085280081672696 102.54007881384001 3.4854125352413217 42.1938348949999 240.92857255502304 -999.0 6231.0 -999.0 -1 -999 {-999.0 -999.0 -999.0 -999.0 -999.0} "" -999.0 -999.0 -999.0 -999.0 -999 -999 "" "" "" "" 0 0 0.0 0.0 -999 ""
FIBERMAP 809 R+9C1 APOGEE 1 1 0 1 0 0 -208.39801960735366 175.96875984488432 143.1 -85.2867488110995 259.01339628901985 209.0762 76.3196 102.93484927281757 5.201959343649139 -2.7675207 -6.1268544 1.0817492 102.93482971366147 5.201924067040618 102.9565738341239 5.177256830533682 43.636541488654984 242.26196336954138 16000.0 16600.0 2016.0 2 120 {-999.0 11.570823 10.628037 10.288129 -999.0} sdss_psfmag_from_g3xp 11.266448 10.662939 9.927005 8.374 63050395118266501 1105905001 bright_1x1 mwm_tess_rgb_apogee mwm_tessrgb science 0 0 0.0 0.0 -999 ""
FIBERMAP 809 R+9C1 BOSS 0 0 0 1 0 0 -208.62313307480804 176.6841656508437 143.1 -85.10369739521194 259.7405306924739 209.0762 76.3196 -999.0 -999.0 -999.0 -999.0 -999.0 102.93550578058276 5.205026628470355 102.95741783836007 5.180499174998118 43.63932410224747 242.2645396735408 -999.0 5400.0 -999.0 1 78 {-999.0 -999.0 -999.0 -999.0 -999.0} "" -999.0 -999.0 -999.0 -999.0 -999 -999 "" "" "" "" 0 0 0.0 0.0 -999 ""
FIBERMAP 809 R+9C1 METROLOGY 0 0 0 1 0 0 -207.88586383596592 176.52328599410865 143.1 -84.56013903888903 259.21732887537087 209.0762 76.3196 -999.0 -999.0 -999.0 -999.0 -999.0 102.93801085283965 5.202755275503591 102.95987120717177 5.178181414087843 43.639609920514026 242.25990287481238 -999.0 6231.0 -999.0 -1 -999 {-999.0 -999.0 -999.0 -999.0 -999.0} "" -999.0 -999.0 -999.0 -999.0 -999 -999 "" "" "" "" 0 0 0.0 0.0 -999 ""
FIBERMAP 816 R+4C16 APOGEE 0 0 0 1 0 0 76.37263393475502 90.27928838324475 143.1 112.32701223611379 36.87240765030095 174.19356 73.25116 -999.0 -999.0 -999.0 -999.0 -999.0 103.8370079820382 4.200783630439699 103.85609104911265 4.173957707910595 43.62565622032014 240.4030538878991 -999.0 16600.0 -999.0 2 -999 {-999.0 -999.0 -999.0 -999.0 -999.0} "" -999.0 -999.0 -999.0 -999.0 -999 -999 "" "" "" "" 0 0 0.0 0.0 -999 ""
FIBERMAP 816 R+4C16 BOSS 1 1 0 1 0 0 76.64294499993157 90.954942320425 143.1 112.91112601959333 37.306173378186244 174.19356 73.25116 103.83957140120702 4.202643979323857 -0.25429416 -0.60830414 0.13496974 103.83955573783138 4.202630969655834 103.85879995438125 4.1759435893856125 43.62898749285302 240.40252669391242 5400.0 5400.0 2016.0 1 211 {-999.0 16.296843 15.592184 15.258306 -999.0} sdss_psfmag_ps1 16.067955 15.575248 14.903633 13.681 63050395117974972 1068388829 bright_3x1 mwm_ob_core_boss mwm_ob science 0 0 0.0 0.0 -999 ""
FIBERMAP 816 R+4C16 METROLOGY 0 0 0 1 0 0 77.11181102444873 90.38067482505888 143.1 113.0095776736988 36.57154272357051 174.19356 73.25116 -999.0 -999.0 -999.0 -999.0 -999.0 103.8400473477318 4.199327520941773 103.85923888078378 4.172598295873743 43.62703317809737 240.3987272881821 -999.0 6231.0 -999.0 -1 -999 {-999.0 -999.0 -999.0 -999.0 -999.0} "" -999.0 -999.0 -999.0 -999.0 -999 -999 "" "" "" "" 0 0 0.0 0.0 -999 ""
FIBERMAP 818 R+7C11 APOGEE 0 0 0 1 0 0 3.562062255442531 150.55653546598074 143.1 81.89910840878582 126.34256394703327 142.71347 88.78189 -999.0 -999.0 -999.0 -999.0 -999.0 103.69707815626488 4.607139495713662 103.71717886523084 4.580595571910919 43.7994253136983 240.9465755119159 -999.0 16600.0 -999.0 2 19 {-999.0 -999.0 -999.0 -999.0 -999.0} "" -999.0 -999.0 -999.0 -999.0 -999 -999 "" "" "" "" 0 0 0.0 0.0 -999 ""
FIBERMAP 818 R+7C11 BOSS 1 1 0 1 0 0 4.009938517136102 151.16406512143433 143.1 82.59874482760394 126.62530382399679 142.71347 88.78189 103.7001304271801 4.60832042889365 0.94346726 -1.3959968 0.17243667 103.70013443667902 4.608325343768958 103.72039462321442 4.581916897083002 43.80268157251155 240.94492574337414 5400.0 5400.0 2016.0 1 135 {-999.0 17.71891 16.869434 16.481705 16.193651} sdss_psfmag_from_ps1dr2 17.4296 16.8683 16.1222 14.691 63050395118186345 1039371921 "" ops_std_boss_ps1dr2 ops_std standard_boss 0 0 0.0 0.0 -999 ""
FIBERMAP 818 R+7C11 METROLOGY 0 0 0 1 0 0 4.30858018991746 150.49313635765867 143.1 82.50160569563502 125.89752829255197 142.71347 88.78189 -999.0 -999.0 -999.0 -999.0 -999.0 103.69974362692211 4.6050583571325 103.71995141311845 4.578610889239474 43.800122741278834 240.94196146005385 -999.0 6231.0 -999.0 -1 -999 {-999.0 -999.0 -999.0 -999.0 -999.0} "" -999.0 -999.0 -999.0 -999.0 -999 -999 "" "" "" "" 0 0 0.0 0.0 -999 ""
FIBERMAP 819 R+10C16 APOGEE 0 0 0 1 0 0 163.53091381492425 199.987330313219 143.1 244.01602097054277 84.6398082192843 3.080741 149.11316 -999.0 -999.0 -999.0 -999.0 -999.0 104.43161956832991 4.417002898133127 104.45107095556875 4.388580091609112 44.20617564517731 240.05994199655538 -999.0 16600.0 -999.0 2 -999 {-999.0 -999.0 -999.0 -999.0 -999.0} "" -999.0 -999.0 -999.0 -999.0 -999 -999 "" "" "" "" 0 0 0.0 0.0 -999 ""
FIBERMAP 819 R+10C16 BOSS 1 1 0 1 0 0 164.19520919270175 199.63343919821656 143.1 244.3963325602222 83.99047063904544 3.080741 149.11316 104.43285343501688 4.413930088671394 -0.06495326 -0.7504508 0.24568492 104.43319971519266 4.413924328324545 104.45279704754364 4.385641258069524 44.205427298203105 240.05530713980392 5400.0 5400.0 2016.0 1 177 {-999.0 13.4067545 12.651974 12.25791 -999.0} sdss_psfmag_from_g3xp 13.187077 12.616033 11.879926 10.534 63050395117971070 1093208357 bright_3x1 mwm_astar_core_boss mwm_ob science 0 0 1.2578110694885254 0.0 -999 ""
FIBERMAP 819 R+10C16 METROLOGY 0 0 0 1 0 0 163.5702512149891 199.24227021532894 143.1 243.65923564855365 83.98473607460467 3.080741 149.11316 -999.0 -999.0 -999.0 -999.0 -999.0 104.4299378026807 4.4139489604982804 104.44949246622087 4.385633800863828 44.203014351705164 240.0584370293745 -999.0 6231.0 -999.0 -1 -999 {-999.0 -999.0 -999.0 -999.0 -999.0} "" -999.0 -999.0 -999.0 -999.0 -999 -999 "" "" "" "" 0 0 0.0 0.0 -999 ""
FIBERMAP 820 R+4C5 APOGEE 0 0 0 1 0 0 -143.4045785827707 93.87062179676704 143.1 -72.94603122114671 155.05619724857522 115.60403 35.145954 -999.0 -999.0 -999.0 -999.0 -999.0 102.99061998034736 4.735390528465393 103.0112169259088 4.710672332675314 43.36597627587774 241.73256200064748 -999.0 16600.0 -999.0 2 127 {-999.0 -999.0 -999.0 -999.0 -999.0} "" -999.0 -999.0 -999.0 -999.0 -999 -999 "" "" "" "" 0 0 0.0 0.0 -999 ""
FIBERMAP 820 R+4C5 BOSS 1 1 0 1 0 0 -142.74829524419215 93.53069534336554 143.1 -72.56522730680503 154.4229484000665 115.60403 35.145954 102.99227918377632 4.732476868226244 -30.198938 -21.15292 3.8254328 102.99217104998249 4.732442156134968 103.01292152119294 4.707865072364075 43.36536010578312 241.7281287624811 5400.0 5400.0 2016.0 1 41 {-999.0 15.753449 14.482711 14.061688 -999.0} sdss_psfmag_ps1 15.213364 14.528628 13.554671 11.803 63050395118196516 1096169877 bright_1x1 mwm_bin_vis_boss mwm_filler science 0 0 0.0 0.0 -999 ""
FIBERMAP 820 R+4C5 METROLOGY 0 0 0 1 0 0 -143.37138327667674 93.12296398434425 143.1 -73.30940768369959 154.40213038773803 115.60403 35.145954 -999.0 -999.0 -999.0 -999.0 -999.0 102.98883187836459 4.732361282827871 103.00953740249156 4.707752021442214 43.36277823153666 241.73111770181185 -999.0 6231.0 -999.0 -1 -999 {-999.0 -999.0 -999.0 -999.0 -999.0} "" -999.0 -999.0 -999.0 -999.0 -999 -999 "" "" "" "" 0 0 0.0 0.0 -999 ""
FIBERMAP 824 R-6C7 APOGEE 0 0 0 1 0 0 -97.90945524829321 -101.00060138698832 143.1 -136.28311444876013 -34.72068994980637 147.5691 81.7613 -999.0 -999.0 -999.0 -999.0 -999.0 102.70404393529226 3.8720466421792805 102.7226292204856 3.848264040059476 42.573316001421574 241.12402932225305 -999.0 16600.0 -999.0 2 280 {-999.0 -999.0 -999.0 -999.0 -999.0} "" -999.0 -999.0 -999.0 -999.0 -999 -999 "" "" "" "" 0 0 0.0 0.0 -999 ""
FIBERMAP 824 R-6C7 BOSS 1 1 0 1 0 0 -97.43374522487717 -100.41321240150728 143.1 -135.5703260646182 -34.469681249564104 147.5691 81.7613 102.70706176757811 3.873025120039074 -999.0 -999.0 -999.0 102.7070579021724 3.87303142793828 102.72580902843504 3.8493905352946003 42.57641754842703 241.1222509435988 5400.0 5400.0 2015.5 1 438 {-999.0 -999.0 -999.0 -999.0 -999.0} "" -999.0 -999.0 -999.0 -999.0 27021603131849250 810615585 "" ops_sky_boss_good ops_sky sky_boss 0 0 0.0 0.0 -999 ""
FIBERMAP 824 R-6C7 METROLOGY 0 0 0 1 0 0 -97.17025791087832 -101.10770365125619 143.1 -135.7097440695431 -35.199106886908645 147.5691 81.7613 -999.0 -999.0 -999.0 -999.0 -999.0 102.70649498607132 3.869758350560116 102.72519182349276 3.8460771878205313 42.573727148919346 241.11949481025198 -999.0 6231.0 -999.0 -1 -999 {-999.0 -999.0 -999.0 -999.0 -999.0} "" -999.0 -999.0 -999.0 -999.0 -999 -999 "" "" "" "" 0 0 0.0 0.0 -999 ""
FIBERMAP 825 R+3C17 APOGEE 0 0 0 1 0 0 104.37994724445169 66.32614010209677 143.1 123.62968345754817 1.803751729463513 22.91458 151.50366 -999.0 -999.0 -999.0 -999.0 -999.0 103.88878242654675 4.041309166490143 103.90746775351329 4.0143811358719805 43.554508409403795 240.19353534376586 -999.0 16600.0 -999.0 2 -999 {-999.0 -999.0 -999.0 -999.0 -999.0} "" -999.0 -999.0 -999.0 -999.0 -999 -999 "" "" "" "" 0 0 0.0 0.0 -999 ""
FIBERMAP 825 R+3C17 BOSS 1 1 0 1 0 0 105.11286045435641 66.28430261153142 143.1 124.23189004269348 1.3842037057465089 22.91458 151.50366 103.89141491225908 4.039252386964461 0.5873151 0.7716126 0.10875128 103.89142238497796 4.039259425590578 103.91025945286208 4.012471279246685 43.55524291350068 240.18898737946762 5400.0 5400.0 2016.0 1 219 {-999.0 18.761015 18.001707 17.619013 17.373283} sdss_psfmag_from_ps1dr2 18.5059 17.9947 17.2576 16.158 63050395117973583 1039367740 "" ops_std_boss_ps1dr2 ops_std standard_boss 0 0 0.0 0.0 -999 ""
FIBERMAP 825 R+3C17 METROLOGY 0 0 0 1 0 0 104.71249764719082 65.6582537269177 143.1 123.5630134569929 1.0608046305741745 22.91458 151.50366 -999.0 -999.0 -999.0 -999.0 -999.0 103.88841698538558 4.03782360715185 103.90720678728638 4.011002154538457 43.552013789810026 240.19037012892875 -999.0 6231.0 -999.0 -1 -999 {-999.0 -999.0 -999.0 -999.0 -999.0} "" -999.0 -999.0 -999.0 -999.0 -999 -999 "" "" "" "" 0 0 0.0 0.0 -999 ""
FIBERMAP 827 R+5C13 APOGEE 1 1 0 1 0 0 34.63219458174639 111.27382376543596 143.1 87.77990464809396 76.6154174952479 95.13322 107.047874 103.72467041015625 4.381418443272338 -999.0 -999.0 -999.0 103.72467714901157 4.381411792840913 103.74422520562672 4.354842223880238 43.66654823481307 240.6912548417498 16000.0 16600.0 2015.5 2 3 {-999.0 -999.0 -999.0 -999.0 -999.0} "" -999.0 -999.0 -999.0 -999.0 27021603131840274 841578418 "" ops_sky_apogee_best ops_sky sky_apogee 0 0 0.0 0.0 -999 ""
FIBERMAP 827 R+5C13 BOSS 0 0 0 1 0 0 35.32295976398395 111.5422032080565 143.1 88.50871993757677 76.4821172691384 95.13322 107.047874 -999.0 -999.0 -999.0 -999.0 -999.0 103.72788347870151 4.380698276690443 103.74758662999619 4.354265338911479 43.66862198922139 240.68752830345153 -999.0 5400.0 -999.0 1 148 {-999.0 -999.0 -999.0 -999.0 -999.0} "" -999.0 -999.0 -999.0 -999.0 -999 -999 "" "" "" "" 0 0 0.0 0.0 -999 ""
FIBERMAP 827 R+5C13 METROLOGY 0 0 0 1 0 0 35.222296574489796 110.8044902211192 143.1 88.03656382740905 75.90663793874553 95.13322 107.047874 -999.0 -999.0 -999.0 -999.0 -999.0 103.72577692582314 4.378115051980476 103.74542972140813 4.351647119046645 43.66526613726836 240.68688167847162 -999.0 6231.0 -999.0 -1 -999 {-999.0 -999.0 -999.0 -999.0 -999.0} "" -999.0 -999.0 -999.0 -999.0 -999 -999 "" "" "" "" 0 0 0.0 0.0 -999 ""
FIBERMAP 828 R-2C18 APOGEE 0 0 0 1 0 0 130.6065199526352 -27.591998919851537 143.1 96.76629314108872 -91.91174478893839 105.25324 22.214197 -999.0 -999.0 -999.0 -999.0 -999.0 103.76695022717618 3.6147758956882137 103.78464035505624 3.5882567943678088 43.173842771822066 239.8807877251686 -999.0 16600.0 -999.0 2 -999 {-999.0 -999.0 -999.0 -999.0 -999.0} "" -999.0 -999.0 -999.0 -999.0 -999 -999 "" "" "" "" 0 0 0.0 0.0 -999 ""
FIBERMAP 828 R-2C18 BOSS 1 1 0 1 0 0 131.07219307894502 -28.167083653389742 143.1 96.86159774658937 -92.64539884319001 105.25324 22.214197 103.76728527025399 3.611255082926951 -0.56820005 0.23311342 0.06324628 103.76726672969046 3.6112576460259858 103.78510713729645 3.584887411321785 43.17187503536677 239.8769833700685 5400.0 5400.0 2016.0 1 294 {-999.0 16.401524 16.322847 15.783728 -999.0} sdss_psfmag_ps1 16.330147 15.996098 15.464005 14.576 63050395117929277 1093344495 bright_3x1 mwm_astar_core_boss mwm_ob science 0 0 0.0 0.0 -999 ""
FIBERMAP 828 R-2C18 METROLOGY 0 0 0 1 0 0 130.3264282824789 -28.28352667549179 143.1 96.1655353933443 -92.35390472521392 105.25324 22.214197 -999.0 -999.0 -999.0 -999.0 -999.0 103.76413669580982 3.612618983354788 103.78193617966042 3.5862144441573673 43.17047739007568 239.88128084842742 -999.0 6231.0 -999.0 -1 -999 {-999.0 -999.0 -999.0 -999.0 -999.0} "" -999.0 -999.0 -999.0 -999.0 -999 -999 "" "" "" "" 0 0 0.0 0.0 -999 ""
FIBERMAP 830 R+9C18 APOGEE 0 0 0 1 0 0 199.9936467360291 175.84470973418388 143.1 262.4197692327239 44.98061584202836 338.13556 142.81732 -999.0 -999.0 -999.0 -999.0 -999.0 104.5147632678763 4.237530790204853 104.5337608427127 4.208928251393301 44.143520451843955 239.79854407246108 -999.0 16600.0 -999.0 2 52 {-999.0 -999.0 -999.0 -999.0 -999.0} "" -999.0 -999.0 -999.0 -999.0 -999 -999 "" "" "" "" 0 0 0.0 0.0 -999 ""
FIBERMAP 830 R+9C18 BOSS 1 1 0 1 0 0 200.37969540446377 175.21610279146046 143.1 262.4192320920672 44.24309377039877 338.13556 142.81732 104.51462870465929 4.234056192119254 1.8206831 -0.84018916 -0.54579645 104.51462670706042 4.234053047652884 104.5337695823003 4.205595593390998 44.14124446473357 239.79515163108056 5400.0 5400.0 2016.0 1 169 {-999.0 14.043299 13.965673 13.899972 -999.0} sdss_psfmag_from_g3xp 14.079189 14.076806 13.557857 13.034 63050395117966315 1068446302 bright_3x1 mwm_ob_core_boss mwm_ob science 0 0 0.0 0.0 -999 ""
FIBERMAP 830 R+9C18 METROLOGY 0 0 0 1 0 0 199.63513401674643 175.18776780589897 143.1 261.7703480077793 44.6089871101274 338.13556 142.81732 -999.0 -999.0 -999.0 -999.0 -999.0 104.5117630986383 4.235752189832542 104.53086726588515 4.2072610303845135 44.140275807108026 239.79960497409968 -999.0 6231.0 -999.0 -1 -999 {-999.0 -999.0 -999.0 -999.0 -999.0} "" -999.0 -999.0 -999.0 -999.0 -999 -999 "" "" "" "" 0 0 0.0 0.0 -999 ""
FIBERMAP 831 R-6C18 APOGEE 0 0 0 1 0 0 162.52582726707737 -97.16520886224603 143.1 87.5031933933465 -167.87800051345553 126.65088 49.786167 -999.0 -999.0 -999.0 -999.0 -999.0 103.72469702915585 3.2704918004205714 103.74157107030214 3.244157296594233 42.906484541169064 239.57862185986647 -999.0 16600.0 -999.0 2 -999 {-999.0 -999.0 -999.0 -999.0 -999.0} "" -999.0 -999.0 -999.0 -999.0 -999 -999 "" "" "" "" 0 0 0.0 0.0 -999 ""
FIBERMAP 831 R-6C18 BOSS 1 1 0 1 0 0 163.28009588225945 -97.1928904054917 143.1 88.13100075232241 -168.29668041426234 126.65088 49.786167 103.7274019272033 3.2684451365834164 11.58871 -7.0900707 1.3968955 103.72741104943982 3.26841831834607 103.74443910799181 3.242228061473932 42.90723794699971 239.57402159492392 5400.0 5400.0 2016.0 1 288 {-999.0 16.478088 15.504602 15.190963 -999.0} sdss_psfmag_ps1 16.150719 15.57755 14.870958 13.491 63050395117865944 1096605822 bright_1x1 mwm_bin_vis_boss mwm_filler science 0 0 0.0 0.0 -999 ""
FIBERMAP 831 R-6C18 METROLOGY 0 0 0 1 0 0 162.88246384292484 -97.82055024906637 143.1 87.46360572323148 -168.62288177721305 126.65088 49.786167 -999.0 -999.0 -999.0 -999.0 -999.0 103.72441922507291 3.266981966816976 103.74139935953917 3.2407571036880713 42.90402268614416 239.57541141358507 -999.0 6231.0 -999.0 -1 -999 {-999.0 -999.0 -999.0 -999.0 -999.0} "" -999.0 -999.0 -999.0 -999.0 -999 -999 "" "" "" "" 0 0 0.0 0.0 -999 ""
FIBERMAP 835 R+3C22 APOGEE 1 1 0 1 0 0 218.06677057398824 69.00558963975926 143.1 221.844821668201 -55.46691062033723 56.39721 124.10344 104.33331409894525 3.7824272783497537 0.5814076 -4.910237 0.5532042 104.33330036755686 3.782427181325244 104.35124921232324 3.7543923493585467 43.69918584133428 239.5129396969296 16000.0 16600.0 2016.0 2 31 {-999.0 15.815553 14.894951 14.456306 -999.0} sdss_psfmag_ps1 15.5369625 14.884137 14.097434 12.439 63050395117905373 916992292 bright_3x1 mwm_yso_variable_apogee mwm_yso science 0 0 0.0 0.0 -999 ""
FIBERMAP 835 R+3C22 BOSS 0 0 0 1 0 0 218.82103810756223 69.03099464340171 143.1 222.50043634583142 -55.84038338080426 56.39721 124.10344 -999.0 -999.0 -999.0 -999.0 -999.0 104.3361247061508 3.780591549082481 104.35422381610385 3.752696549911362 43.700175365741494 239.50841372880694 -999.0 5400.0 -999.0 1 192 {-999.0 -999.0 -999.0 -999.0 -999.0} "" -999.0 -999.0 -999.0 -999.0 -999 -999 "" "" "" "" 0 0 0.0 0.0 -999 ""
FIBERMAP 835 R+3C22 METROLOGY 0 0 0 1 0 0 218.46849736221066 68.37147129026674 143.1 221.85474841322943 -56.217338649692564 56.39721 124.10344 -999.0 -999.0 -999.0 -999.0 -999.0 104.33325673574834 3.7789157071363775 104.35130852223779 3.750986947080435 43.69688754700138 239.5094630481139 -999.0 6231.0 -999.0 -1 -999 {-999.0 -999.0 -999.0 -999.0 -999.0} "" -999.0 -999.0 -999.0 -999.0 -999 -999 "" "" "" "" 0 0 0.0 0.0 -999 ""
FIBERMAP 837 R+1C18 APOGEE 1 1 0 1 0 0 114.88362789064891 35.87478559029913 143.1 116.6229524921845 -29.62964092847161 120.55901 25.348665 103.85712211792796 3.8982322938772644 -1.2173963 -0.3576075 0.29663315 103.85711605024595 3.8982215647006364 103.87546492881012 3.8714064095321254 43.4336014921895 240.07950857608665 16000.0 16600.0 2016.0 2 69 {-999.0 14.366259 13.3368635 12.849943 -999.0} sdss_psfmag_from_g3xp 14.00976 13.29512 12.468074 10.812 63050395117958963 1107259333 bright_flexible_2x1 mwm_tess_rgb_apogee mwm_tessrgb science 0 0 0.0 0.0 -999 ""
FIBERMAP 837 R+1C18 BOSS 0 0 0 1 0 0 115.48789954566443 35.46464330742656 143.1 116.9226841032901 -30.29543782938164 120.55901 25.348665 -999.0 -999.0 -999.0 -999.0 -999.0 103.85837788705975 3.895035116653615 103.87687656859151 3.868364539630231 43.43255281199481 240.0751241839095 -999.0 5400.0 -999.0 1 231 {-999.0 -999.0 -999.0 -999.0 -999.0} "" -999.0 -999.0 -999.0 -999.0 -999 -999 "" "" "" "" 0 0 0.0 0.0 -999 ""
FIBERMAP 837 R+1C18 METROLOGY 0 0 0 1 0 0 114.8291346837644 35.13020272239038 143.1 116.18651442243885 -30.235155546866434 120.55901 25.348665 -999.0 -999.0 -999.0 -999.0 -999.0 103.85506328172468 3.895344869505891 103.87351885413506 3.868641185267991 43.430294688799776 240.0785530687619 -999.0 6231.0 -999.0 -1 -999 {-999.0 -999.0 -999.0 -999.0 -999.0} "" -999.0 -999.0 -999.0 -999.0 -999 -999 "" "" "" "" 0 0 0.0 0.0 -999 ""
FIBERMAP 838 R-8C6 APOGEE 0 0 0 1 0 0 -95.3665950286254 -169.44091707319683 143.1 -169.96868661998414 -94.33399749135117 262.8443 102.2012 -999.0 -999.0 -999.0 -999.0 -999.0 102.55277272718268 3.6011780412459324 102.5707448841676 3.5778526271093116 42.278902626979175 240.99257583727535 -999.0 16600.0 -999.0 2 -999 {-999.0 -999.0 -999.0 -999.0 -999.0} "" -999.0 -999.0 -999.0 -999.0 -999 -999 "" "" "" "" 0 0 0.0 0.0 -999 ""
FIBERMAP 838 R-8C6 BOSS 1 1 0 1 0 0 -96.0899727718823 -169.52396490188355 143.1 -170.6281916224551 -94.02579221425184 262.8443 102.2012 102.54954247977788 3.602420545489061 -0.097059146 -0.034907825 0.17745309 102.54957094383259 3.6023966985148226 102.56771255742319 3.5792311705813287 42.27760458544709 240.99671404720303 5400.0 5400.0 2016.0 1 411 {-999.0 14.489048 13.967373 13.738783 -999.0} sdss_psfmag_from_g3xp 14.35164 13.957432 13.371482 12.39 63050395117717792 1068446227 bright_3x1 mwm_ob_core_boss mwm_ob science 0 0 0.0 0.0 -999 ""
FIBERMAP 838 R-8C6 METROLOGY 0 0 0 1 0 0 -95.80792227455642 -168.83934227110592 143.1 -170.02938290904348 -93.59053852058243 262.8443 102.2012 -999.0 -999.0 -999.0 -999.0 -999.0 102.55232120461402 3.6044176653504216 102.57041999733883 3.5812014402218715 42.280927690261386 240.99620727921064 -999.0 6231.0 -999.0 -1 -999 {-999.0 -999.0 -999.0 -999.0 -999.0} "" -999.0 -999.0 -999.0 -999.0 -999 -999 "" "" "" "" 0 0 0.0 0.0 -999 ""
FIBERMAP 839 R+3C1 APOGEE 0 0 0 1 0 0 -263.3617182285325 66.40295331544154 143.1 -189.48551540121866 194.50268295861392 96.32636 141.76802 -999.0 -999.0 -999.0 -999.0 -999.0 102.46274042637535 4.908652124141124 102.48389835642928 4.885286787554695 43.09062284493469 242.3918934781242 -999.0 16600.0 -999.0 2 143 {-999.0 -999.0 -999.0 -999.0 -999.0} "" -999.0 -999.0 -999.0 -999.0 -999 -999 "" "" "" "" 0 0 0.0 0.0 -999 ""
FIBERMAP 839 R+3C1 BOSS 1 1 0 1 0 0 -262.99161032156684 67.03460210234488 143.1 -188.83946940110675 194.84669908231024 96.32636 141.76802 102.46548679749438 4.9100913030560625 -0.2570679 -0.07878306 0.18312578 102.46549129476831 4.910086104114603 102.48681566999267 4.886858013799377 43.093839717527 242.39086010684787 5400.0 5400.0 2016.0 1 3 {-999.0 14.596875 14.226002 14.077898 -999.0} sdss_psfmag_from_g3xp 14.522479 14.216808 13.72496 13.028 63050395118227355 1068446359 bright_3x1 mwm_ob_core_boss mwm_ob science 0 0 0.0 0.0 -999 ""
FIBERMAP 839 R+3C1 METROLOGY 0 0 0 1 0 0 -262.6138758330994 66.37781957743448 143.1 -188.8618457647197 194.08953891240503 96.32636 141.76802 -999.0 -999.0 -999.0 -999.0 -999.0 102.46542239559973 4.906729445224443 102.48669225200865 4.883461211944762 43.09149267300924 242.38749329879704 -999.0 6231.0 -999.0 -1 -999 {-999.0 -999.0 -999.0 -999.0 -999.0} "" -999.0 -999.0 -999.0 -999.0 -999 -999 "" "" "" "" 0 0 0.0 0.0 -999 ""
FIBERMAP 840 R+10C12 APOGEE 0 0 0 1 0 0 72.77042996781019 187.6119042059286 143.1 160.24509247355417 121.6442621392066 263.46152 155.86678 -999.0 -999.0 -999.0 -999.0 -999.0 104.05316806081292 4.585471554129328 104.07312374939534 4.558001348949462 44.04532437285716 240.59007175761184 -999.0 16600.0 -999.0 2 -999 {-999.0 -999.0 -999.0 -999.0 -999.0} "" -999.0 -999.0 -999.0 -999.0 -999 -999 "" "" "" "" 0 0 0.0 0.0 -999 ""
FIBERMAP 840 R+10C12 BOSS 1 1 0 1 0 0 72.41135740789005 186.9580274134018 143.1 159.5968001137619 121.27553682591967 263.46152 155.86678 104.05014038085938 4.583700907692204 -999.0 -999.0 -999.0 104.05012544249321 4.5836966758431075 104.07023318273417 4.556377891546562 44.04210588607135 240.5911308767022 5400.0 5400.0 2015.5 1 141 {-999.0 -999.0 -999.0 -999.0 -999.0} "" -999.0 -999.0 -999.0 -999.0 27021603131840707 810614541 "" ops_sky_boss_good ops_sky sky_boss 0 0 0.0 0.0 -999 ""
FIBERMAP 840 R+10C12 METROLOGY 0 0 0 1 0 0 72.02439063521831 187.60256104063606 143.1 159.60489827952424 122.02710241223504 263.46152 155.86678 -999.0 -999.0 -999.0 -999.0 -999.0 104.05017944134788 4.587131824400518 104.07025138112965 4.559771626221827 44.04442091051097 240.59458324954429 -999.0 6231.0 -999.0 -1 -999 {-999.0 -999.0 -999.0 -999.0 -999.0} "" -999.0 -999.0 -999.0 -999.0 -999 -999 "" "" "" "" 0 0 0.0 0.0 -999 ""
FIBERMAP 842 R-4C20 APOGEE 0 0 0 1 0 0 196.36732029676529 -88.14584460526913 143.1 121.04597774425051 -177.9245721232138 21.281988 53.632275 -999.0 -999.0 -999.0 -999.0 -999.0 103.8767345968294 3.226066028309305 103.8934634685694 3.199342935969559 42.98567882077624 239.3916315518095 -999.0 16600.0 -999.0 2 -999 {-999.0 -999.0 -999.0 -999.0 -999.0} "" -999.0 -999.0 -999.0 -999.0 -999 -999 "" "" "" "" 0 0 0.0 0.0 -999 ""
FIBERMAP 842 R-4C20 BOSS 1 1 0 1 0 0 196.19455596288432 -88.84604568306062 143.1 120.53207272272172 -178.43033904977966 21.281988 53.632275 103.87427250168548 3.2235736657765823 0.40534133 4.9525437 1.1466933 103.87426681196239 3.2235847605538126 103.8911493102301 3.1970195013378953 42.98240338561804 239.39150527615496 5400.0 5400.0 2016.0 1 286 {-999.0 18.165516 16.92232 16.58556 -999.0} sdss_psfmag_ps1 17.650894 16.911278 16.053907 14.352 63050395117871580 1096631778 bright_1x1 mwm_bin_vis_boss mwm_filler science 0 0 0.0 0.0 -999 ""
FIBERMAP 842 R-4C20 METROLOGY 0 0 0 1 0 0 195.64933663832224 -88.34872744515592 143.1 120.32829316888505 -177.72123956063564 21.281988 53.632275 -999.0 -999.0 -999.0 -999.0 -999.0 103.8733927547591 3.2268236462348296 103.89023819574231 3.200217218323125 42.983946866445436 239.3955303918939 -999.0 6231.0 -999.0 -1 -999 {-999.0 -999.0 -999.0 -999.0 -999.0} "" -999.0 -999.0 -999.0 -999.0 -999 -999 "" "" "" "" 0 0 0.0 0.0 -999 ""
FIBERMAP 846 R+1C13 APOGEE 0 0 0 1 0 0 -14.732794150729216 27.781551232218508 143.1 2.0068529032771276 31.37521489039309 73.43885 148.84557 -999.0 -999.0 -999.0 -999.0 -999.0 103.33371776512703 4.174781739506947 103.35286869936772 4.149279614748382 43.24016921303346 240.8469522543861 -999.0 16600.0 -999.0 2 131 {-999.0 -999.0 -999.0 -999.0 -999.0} "" -999.0 -999.0 -999.0 -999.0 -999 -999 "" "" "" "" 0 0 0.0 0.0 -999 ""
FIBERMAP 846 R+1C13 BOSS 1 1 0 1 0 0 -14.210267198745994 28.30920981000727 143.1 2.728220399568486 31.55083531077868 73.43885 148.84557 103.33689035749094 4.175455566087907 -3.2884111 -2.3243036 1.2858541 103.33685270380477 4.175460990583252 103.35616462747163 4.150097316722229 43.24314290277745 240.84472517247963 5400.0 5400.0 2016.0 1 13 {-999.0 13.951408 13.605062 13.500413 -999.0} sdss_psfmag_gaia 13.907926 13.622528 13.17712 12.362 63050395118154481 978618950 "" ops_std_boss ops_std standard_boss 0 0 0.0 0.0 -999 ""
FIBERMAP 846 R+1C13 METROLOGY 0 0 0 1 0 0 -14.008372391466992 27.59208735538626 143.1 2.5244975873347313 30.83440166480304 73.43885 148.84557 -999.0 -999.0 -999.0 -999.0 -999.0 103.33597489226743 4.172233237360846 103.35523387202221 4.146830951383017 43.240249086568475 240.8422861952743 -999.0 6231.0 -999.0 -1 -999 {-999.0 -999.0 -999.0 -999.0 -999.0} "" -999.0 -999.0 -999.0 -999.0 -999 -999 "" "" "" "" 0 0 0.0 0.0 -999 ""
FIBERMAP 847 R+5C22 APOGEE 0 0 0 1 0 0 221.79774200359432 83.35064197987704 143.1 232.53632681543843 -45.20557416503997 266.8333 67.67752 -999.0 -999.0 -999.0 -999.0 -999.0 104.38138090585514 3.829088587015233 104.39942970142584 3.800918548018624 43.76608447669172 239.51395911575273 -999.0 16600.0 -999.0 2 74 {-999.0 -999.0 -999.0 -999.0 -999.0} "" -999.0 -999.0 -999.0 -999.0 -999 -999 "" "" "" "" 0 0 0.0 0.0 -999 ""
FIBERMAP 847 R+5C22 BOSS 1 1 0 1 0 0 221.10705451377274 83.66241391106793 143.1 232.1114774387225 -44.57827881357942 266.8333 67.67752 104.37934571062395 3.8317423769941783 5.8819895 1.8652197 0.08995073 104.37935362454262 3.831769791886035 104.39756444690136 3.803750926961136 43.76667989177122 239.5185791381662 5400.0 5400.0 2016.0 1 248 {-999.0 15.122899 14.581254 14.218119 -999.0} sdss_psfmag_ps1 14.900758 14.681272 13.843811 12.811 63050395117905867 1093344454 bright_3x1 mwm_astar_core_boss mwm_ob science 0 0 0.0 0.0 -999 ""
FIBERMAP 847 R+5C22 METROLOGY 0 0 0 1 0 0 221.70839079904331 84.09554048731874 143.1 232.85043755374522 -44.52444097486634 266.8333 67.67752 -999.0 -999.0 -999.0 -999.0 -999.0 104.38270695309281 3.8320686316063326 104.40087368495722 3.803999450357788 43.76924879112052 239.51568589259597 -999.0 6231.0 -999.0 -1 -999 {-999.0 -999.0 -999.0 -999.0 -999.0} "" -999.0 -999.0 -999.0 -999.0 -999 -999 "" "" "" "" 0 0 0.0 0.0 -999 ""
FIBERMAP 849 R+6C12 APOGEE 0 0 0 1 0 0 21.60544981915736 127.38009287566005 143.1 85.12372311112522 97.15470941614738 75.684204 133.31795 -999.0 -999.0 -999.0 -999.0 -999.0 103.71226218020163 4.474720735281018 103.73203885055358 4.448164355218299 43.720806071598965 240.79760303617277 -999.0 16600.0 -999.0 2 -999 {-999.0 -999.0 -999.0 -999.0 -999.0} "" -999.0 -999.0 -999.0 -999.0 -999 -999 "" "" "" "" 0 0 0.0 0.0 -999 ""
FIBERMAP 849 R+6C12 BOSS 1 1 0 1 0 0 22.24722473654055 127.752383345038 143.1 85.86525161626473 97.13555853445277 75.684204 133.31795 103.71555822361269 4.474538108394049 -2.681573 -1.2706771 1.3115481 103.71552110200766 4.474532519067438 103.73545402407285 4.448112048577274 43.72327739458312 240.7943613565688 5400.0 5400.0 2016.0 1 117 {-999.0 14.218145 13.841641 13.730587 -999.0} sdss_psfmag_from_g3xp 14.157074 13.860822 13.403488 12.649 63050395117980037 979094366 "" ops_std_boss ops_std standard_boss 0 0 0.0 0.0 -999 ""
FIBERMAP 849 R+6C12 METROLOGY 0 0 0 1 0 0 22.254294215456074 127.01176838570103 143.1 85.48331659520058 96.50117456096926 75.684204 133.31795 -999.0 -999.0 -999.0 -999.0 -999.0 103.71382832725527 4.471683849984594 103.73371016784341 4.445227489508959 43.72004525928152 240.79305105590532 -999.0 6231.0 -999.0 -1 -999 {-999.0 -999.0 -999.0 -999.0 -999.0} "" -999.0 -999.0 -999.0 -999.0 -999 -999 "" "" "" "" 0 0 0.0 0.0 -999 ""
FIBERMAP 852 R0C15 APOGEE 1 1 0 1 0 0 3.2298563263375115 -5.21612023536263 143.1 0.01807645140162222 -6.133748797445271 242.51862 59.204502 103.32504272460938 4.003890990395945 -999.0 -999.0 -999.0 103.3250453866603 4.003872006697741 103.34378626299213 3.978428648450728 43.11777178382986 240.68301668870816 16000.0 16600.0 2015.5 2 32 {-999.0 -999.0 -999.0 -999.0 -999.0} "" -999.0 -999.0 -999.0 -999.0 27021603131838685 841578258 "" ops_sky_apogee_best ops_sky sky_apogee 0 0 0.0 0.0 -999 ""
FIBERMAP 852 R0C15 BOSS 0 0 0 1 0 0 2.846671205525645 -4.582342047889608 143.1 0.02376092987673151 -5.393323089253703 242.51862 59.204502 -999.0 -999.0 -999.0 -999.0 -999.0 103.32490301050646 4.007094242796241 103.34381223415693 3.9817983318616235 43.12007580792459 240.686385538539 -999.0 5400.0 -999.0 1 180 {-999.0 -999.0 -999.0 -999.0 -999.0} "" -999.0 -999.0 -999.0 -999.0 -999 -999 "" "" "" "" 0 0 0.0 0.0 -999 ""
FIBERMAP 852 R0C15 METROLOGY 0 0 0 1 0 0 3.5856149273178843 -4.556323276929272 143.1 0.6666479151153168 -5.7582461403221545 242.51862 59.204502 -999.0 -999.0 -999.0 -999.0 -999.0 103.32788907935966 4.005481705853651 103.34674813303309 3.9801364294634065 43.1211014484891 240.68199122663293 -999.0 6231.0 -999.0 -1 -999 {-999.0 -999.0 -999.0 -999.0 -999.0} "" -999.0 -999.0 -999.0 -999.0 -999 -999 "" "" "" "" 0 0 0.0 0.0 -999 ""
FIBERMAP 857 R+13C3 APOGEE 1 1 0 1 0 0 -101.26254697043686 266.7680823758339 143.1 53.50918735297243 280.2141982391718 104.10415 103.35925 103.56459210713328 5.298500027356967 3.1906562 -2.937659 0.6536548 103.56462001481124 5.298496171995507 103.58643121898888 5.272158472699665 44.167505768256184 241.78015456852842 16000.0 16600.0 2016.0 2 106 {-999.0 14.126802 13.185185 12.80035 -999.0} sdss_psfmag_from_g3xp 13.81581 13.192995 12.422804 10.883 63050395118324323 1104728182 bright_flexible_2x1 mwm_tess_rgb_apogee mwm_tessrgb science 0 0 0.0 0.0 -999 ""
FIBERMAP 857 R+13C3 BOSS 0 0 0 1 0 0 -100.60115409059554 267.1127167432272 143.1 54.25293475085103 280.16121998081906 104.10415 103.35925 -999.0 -999.0 -999.0 -999.0 -999.0 103.56783470368264 5.298104050513544 103.589801073079 5.271898371195516 44.169828794445316 241.7767592772365 -999.0 5400.0 -999.0 1 87 {-999.0 -999.0 -999.0 -999.0 -999.0} "" -999.0 -999.0 -999.0 -999.0 -999 -999 "" "" "" "" 0 0 0.0 0.0 -999 ""
FIBERMAP 857 R+13C3 METROLOGY 0 0 0 1 0 0 -100.62231596655194 266.36676828242844 143.1 53.84416509470313 279.5370825761619 104.10415 103.35925 -999.0 -999.0 -999.0 -999.0 -999.0 103.56604106813893 5.295376464597216 103.5879568133081 5.2691362638646755 44.16661694753138 241.7756047027338 -999.0 6231.0 -999.0 -1 -999 {-999.0 -999.0 -999.0 -999.0 -999.0} "" -999.0 -999.0 -999.0 -999.0 -999 -999 "" "" "" "" 0 0 0.0 0.0 -999 ""
FIBERMAP 859 R-9C1 APOGEE 0 0 0 1 0 0 -197.9453378149643 -181.93575357375178 143.1 -263.86616541712004 -51.24048971946339 199.93199 138.73332 -999.0 -999.0 -999.0 -999.0 -999.0 102.12935060840633 3.796055377218157 102.1479045435861 3.7738055533574513 42.09910003502785 241.57171307064604 -999.0 16600.0 -999.0 2 272 {-999.0 -999.0 -999.0 -999.0 -999.0} "" -999.0 -999.0 -999.0 -999.0 -999 -999 "" "" "" "" 0 0 0.0 0.0 -999 ""
FIBERMAP 859 R-9C1 BOSS 1 1 0 1 0 0 -198.6530660158888 -181.6738733085394 143.1 -264.3316607144528 -50.64675388926415 199.93199 138.73332 102.12707095336243 3.7986034055874565 0.15699254 0.11894063 -0.49114174 102.12708326901924 3.798583942066876 102.14581162478629 3.776491162600219 42.09935540759856 241.5762851760452 5400.0 5400.0 2016.0 1 419 {-999.0 16.382362 15.740317 15.512497 -999.0} sdss_psfmag_ps1 16.175974 15.813603 15.016928 13.843 63050395117739577 1093344308 bright_3x1 mwm_astar_core_boss mwm_ob science 0 0 0.0 0.0 -999 ""
FIBERMAP 859 R-9C1 METROLOGY 0 0 0 1 0 0 -198.0783812782091 -181.19493961883921 143.1 -263.5914010227326 -50.539947540788035 199.93199 138.73332 -999.0 -999.0 -999.0 -999.0 -999.0 102.13043303462757 3.7991136982546516 102.14911423372365 3.7769689804010986 42.10211850277618 241.5737805313409 -999.0 6231.0 -999.0 -1 -999 {-999.0 -999.0 -999.0 -999.0 -999.0} "" -999.0 -999.0 -999.0 -999.0 -999 -999 "" "" "" "" 0 0 0.0 0.0 -999 ""
FIBERMAP 865 R-9C11 APOGEE 1 1 0 1 0 0 26.713761039161064 -157.50265374147938 143.1 -59.75589160856321 -148.11696118360103 153.2318 68.87482 103.05443462833776 3.3578304890083377 0.68688715 -5.545533 1.862198 103.05443731501738 3.3578129122231135 103.07169305713387 3.3332191049507016 42.47995463453551 240.28985452565755 16000.0 16600.0 2016.0 2 179 {-999.0 13.776522 13.25174 13.110513 -999.0} sdss_psfmag_from_g3xp 13.66358 13.299715 12.77768 11.844 63050395117934873 1113647403 bright_flexible_4x1 manual_mwm_planet_tess_pc_apogee mwm_planet science 0 0 0.0 0.0 -999 ""
FIBERMAP 865 R-9C11 BOSS 0 0 0 1 0 0 27.258131532106418 -157.0003116357307 143.1 -59.0291844332158 -147.97434161722904 153.2318 68.87482 -999.0 -999.0 -999.0 -999.0 -999.0 103.05755694378036 3.358256732346446 103.0749762153402 3.3338065234499563 42.48275291650321 240.28740730835665 -999.0 5400.0 -999.0 1 374 {-999.0 -999.0 -999.0 -999.0 -999.0} "" -999.0 -999.0 -999.0 -999.0 -999 -999 "" "" "" "" 0 0 0.0 0.0 -999 ""
FIBERMAP 865 R-9C11 METROLOGY 0 0 0 1 0 0 27.422871232655936 -157.729176773375 143.1 -59.270698334435615 -148.68131200598296 153.2318 68.87482 -999.0 -999.0 -999.0 -999.0 -999.0 103.05652243104896 3.355109196094422 103.07388814470278 3.3306193605230794 42.479785323996865 240.28525000669777 -999.0 6231.0 -999.0 -1 -999 {-999.0 -999.0 -999.0 -999.0 -999.0} "" -999.0 -999.0 -999.0 -999.0 -999 -999 "" "" "" "" 0 0 0.0 0.0 -999 ""
FIBERMAP 866 R+11C13 APOGEE 1 1 0 1 0 0 121.07818168362974 214.53614225599702 143.1 215.48589789288553 119.26699343984066 60.12121 47.63446 104.30257494506981 4.573868214455133 -0.33043045 0.4290267 0.31463093 104.30258936085684 4.573900735571438 104.32245256059036 4.545782148111346 44.219439358028765 240.34237126644217 16000.0 16600.0 2016.0 2 12 {-999.0 15.23418 13.784215 13.082128 -999.0} sdss_psfmag_gaia 14.645279 13.663129 12.690595 10.432 63050395117983938 1105457867 bright_flexible_2x1 mwm_tess_rgb_apogee mwm_tessrgb science 0 0 0.0 0.0 -999 ""
FIBERMAP 866 R+11C13 BOSS 0 0 0 1 0 0 121.31280341730218 213.821339753218 143.1 215.3112593982329 118.53539208778253 60.12121 47.63446 -999.0 -999.0 -999.0 -999.0 -999.0 104.30169424893536 4.570470203884649 104.32170361503171 4.542497312544287 44.21665771965307 240.3397201820445 -999.0 5400.0 -999.0 1 99 {-999.0 -999.0 -999.0 -999.0 -999.0} "" -999.0 -999.0 -999.0 -999.0 -999 -999 "" "" "" "" 0 0 0.0 0.0 -999 ""
FIBERMAP 866 R+11C13 METROLOGY 0 0 0 1 0 0 120.57875287331018 213.97442308056162 143.1 214.7663580268786 119.05026879045305 60.12121 47.63446 -999.0 -999.0 -999.0 -999.0 -999.0 104.29926630554974 4.572842867366436 104.31923832985916 4.544835387342252 44.2164466418344 240.34444383881782 -999.0 6231.0 -999.0 -1 -999 {-999.0 -999.0 -999.0 -999.0 -999.0} "" -999.0 -999.0 -999.0 -999.0 -999 -999 "" "" "" "" 0 0 0.0 0.0 -999 ""
FIBERMAP 868 R+9C15 APOGEE 0 0 0 1 0 0 130.09985638353277 186.44158911763793 143.1 208.45170397003346 90.61688393750474 65.172554 111.79016 -999.0 -999.0 -999.0 -999.0 -999.0 104.2717036308893 4.444514010853088 104.29126250600359 4.416502418758205 44.10866294426018 240.23984916045447 -999.0 16600.0 -999.0 2 -999 {-999.0 -999.0 -999.0 -999.0 -999.0} "" -999.0 -999.0 -999.0 -999.0 -999 -999 "" "" "" "" 0 0 0.0 0.0 -999 ""
FIBERMAP 868 R+9C15 BOSS 1 1 0 1 0 0 130.84986339639264 186.41337623778827 143.1 209.0756039741796 90.19998391798791 65.172554 111.79016 104.27441786506091 4.4424771953007856 -1.4162992 -2.02487 1.1797987 104.27440367905508 4.4424910282528565 104.29411155753678 4.4146162076158095 44.109457831356416 240.2352310753788 5400.0 5400.0 2016.0 1 229 {-999.0 17.860773 16.731026 16.368664 -999.0} sdss_psfmag_ps1 17.4425 16.79106 16.021328 14.436 63050395117982547 1094162353 bright_1x1 mwm_bin_vis_boss mwm_filler science 0 0 0.0 0.0 -999 ""
FIBERMAP 868 R+9C15 METROLOGY 0 0 0 1 0 0 130.44728300054854 185.78131892574618 143.1 208.40169158577447 89.87262992028828 65.172554 111.79016 -999.0 -999.0 -999.0 -999.0 -999.0 104.27141252295837 4.441055455214137 104.29107391518329 4.413148101994098 44.1062404688555 240.2366073335 -999.0 6231.0 -999.0 -1 -999 {-999.0 -999.0 -999.0 -999.0 -999.0} "" -999.0 -999.0 -999.0 -999.0 -999 -999 "" "" "" "" 0 0 0.0 0.0 -999 ""
FIBERMAP 869 R+10C1 APOGEE 0 0 0 1 0 0 -176.75281802531364 211.30648557077666 143.1 -39.82794184581102 272.5290644827077 115.15765 80.09102 -999.0 -999.0 -999.0 -999.0 -999.0 103.14109412868773 5.263451877642341 103.16293276438836 5.238230786312728 43.830579070301695 242.13587494804108 -999.0 16600.0 -999.0 2 115 {-999.0 -999.0 -999.0 -999.0 -999.0} "" -999.0 -999.0 -999.0 -999.0 -999 -999 "" "" "" "" 0 0 0.0 0.0 -999 ""
FIBERMAP 869 R+10C1 BOSS 1 1 0 1 0 0 -176.031723790147 211.45656994867494 143.1 -39.13526574903681 272.27914126063854 115.15765 80.09102 103.1441237645717 5.262176646304494 -1.2916 0.35682985 0.002389628 103.1440791903153 5.262214115597422 103.1660733559712 5.237126882739013 43.83217917481809 242.13184786324683 5400.0 5400.0 2016.0 1 79 {-999.0 16.235062 15.629638 15.48897 -999.0} sdss_psfmag_ps1 16.040665 15.677097 15.095702 14.111 63050395118266101 1093344787 bright_3x1 mwm_astar_core_boss mwm_ob science 0 0 0.0 0.0 -999 ""
FIBERMAP 869 R+10C1 METROLOGY 0 0 0 1 0 0 -176.26231370641452 210.7409903437989 143.1 -39.70646864359429 271.79056922036733 115.15765 80.09102 -999.0 -999.0 -999.0 -999.0 -999.0 103.14153260143966 5.260066790058072 103.16347708495141 5.23494660083203 43.828798421416174 242.1319765765329 -999.0 6231.0 -999.0 -1 -999 {-999.0 -999.0 -999.0 -999.0 -999.0} "" -999.0 -999.0 -999.0 -999.0 -999 -999 "" "" "" "" 0 0 0.0 0.0 -999 ""
FIBERMAP 870 R0C26 APOGEE 1 1 0 1 0 0 276.7811449392015 12.515613036656184 143.1 242.25279597513173 -134.32797686962428 71.57837 101.773315 104.42347720783269 3.426720977171862 -0.4748761 -0.52178013 0.19331482 104.4234611138237 3.426740798496462 104.44053331964449 3.3985459665257216 43.51841818330831 239.0720910466898 16000.0 16600.0 2016.0 2 38 {-999.0 15.199026 13.926945 13.300376 -999.0} sdss_psfmag_from_g3xp 14.70593 13.821232 12.895438 10.869 63050395117897195 1108199515 bright_flexible_2x1 mwm_tess_rgb_apogee mwm_tessrgb science 0 0 0.0 0.0 -999 ""
FIBERMAP 870 R0C26 BOSS 0 0 0 1 0 0 277.5192248624174 12.461359144620275 143.1 242.85289828210114 -134.76080472057726 71.57837 101.773315 -999.0 -999.0 -999.0 -999.0 -999.0 104.42597148822136 3.424668947110198 104.44319363837764 3.3966165638626835 43.51900329720974 239.06763684107636 -999.0 5400.0 -999.0 1 173 {-999.0 -999.0 -999.0 -999.0 -999.0} "" -999.0 -999.0 -999.0 -999.0 -999 -999 "" "" "" "" 0 0 0.0 0.0 -999 ""
FIBERMAP 870 R0C26 METROLOGY 0 0 0 1 0 0 277.0822687190952 11.832971881103685 143.1 242.1516352321824 -135.06702644633017 71.57837 101.773315 -999.0 -999.0 -999.0 -999.0 -999.0 104.42287223187142 3.42330563309785 104.44004782591793 3.3952195349926138 43.515768469748316 239.06923849167578 -999.0 6231.0 -999.0 -1 -999 {-999.0 -999.0 -999.0 -999.0 -999.0} "" -999.0 -999.0 -999.0 -999.0 -999 -999 "" "" "" "" 0 0 0.0 0.0 -999 ""
FIBERMAP 871 R-7C18 APOGEE 0 0 0 1 0 0 172.68652730553927 -155.67777120506864 143.1 65.505135645872 -223.02763482829042 336.75006 52.48455 -999.0 -999.0 -999.0 -999.0 -999.0 103.62460100008428 3.0217803422715286 103.64090403655445 2.9957623088411616 42.662628246825875 239.42727307315502 -999.0 16600.0 -999.0 2 234 {-999.0 -999.0 -999.0 -999.0 -999.0} "" -999.0 -999.0 -999.0 -999.0 -999 -999 "" "" "" "" 0 0 0.0 0.0 -999 ""
FIBERMAP 871 R-7C18 BOSS 1 1 0 1 0 0 172.01073339678854 -156.01182665633254 143.1 64.75466639168619 -222.9581042818747 336.75006 52.48455 103.62106409960418 3.0218931872968646 -0.70859396 0.107904844 0.23592573 103.62104791294907 3.021887721922405 103.63751286185897 2.996031488562545 42.660358441151246 239.43071034247458 5400.0 5400.0 2016.0 1 276 {-999.0 13.688455 13.469969 13.414514 -999.0} sdss_psfmag_from_g3xp 13.659554 13.449956 13.07151 12.465 63050395117862218 1093208304 bright_3x1 mwm_astar_core_boss mwm_ob science 0 0 0.0 0.0 -999 ""
FIBERMAP 871 R-7C18 METROLOGY 0 0 0 1 0 0 172.04231934365586 -155.26691846423338 143.1 65.17176788546729 -222.340313156381 336.75006 52.48455 -999.0 -999.0 -999.0 -999.0 -999.0 103.62298552408461 3.0247183806804365 103.63941119799813 2.9988132140108914 42.66364875497919 239.4316773411365 -999.0 6231.0 -999.0 -1 -999 {-999.0 -999.0 -999.0 -999.0 -999.0} "" -999.0 -999.0 -999.0 -999.0 -999 -999 "" "" "" "" 0 0 0.0 0.0 -999 ""
FIBERMAP 872 R+4C23 APOGEE 0 0 0 1 0 0 262.4476621214514 64.80401004257013 143.1 257.4370691498407 -82.29279349031432 17.328217 48.062374 -999.0 -999.0 -999.0 -999.0 -999.0 104.49245417472578 3.6618949787520405 104.51007324385586 3.6334704635341364 43.730842071110025 239.2406243118212 -999.0 16600.0 -999.0 2 77 {-999.0 -999.0 -999.0 -999.0 -999.0} "" -999.0 -999.0 -999.0 -999.0 -999 -999 "" "" "" "" 0 0 0.0 0.0 -999 ""
FIBERMAP 872 R+4C23 BOSS 1 1 0 1 0 0 262.10866360488245 64.14450153150116 143.1 256.8029210617382 -82.67682992396686 17.328217 48.062374 104.48948629105807 3.660012869777723 -4.7701178 -9.001967 1.4254386 104.48946578189981 3.6599949701132037 104.5072358183366 3.631725791454033 43.72758838067274 239.24157912117732 5400.0 5400.0 2016.0 1 247 {-999.0 13.94478 13.547658 13.424432 -999.0} sdss_psfmag_from_g3xp 13.878006 13.567997 13.096611 12.309 63050395117903780 977775400 "" ops_std_boss ops_std standard_boss 0 0 0.0 0.0 -999 ""
FIBERMAP 872 R+4C23 METROLOGY 0 0 0 1 0 0 261.69814256369955 64.77250509874136 143.1 256.78230235407364 -81.9270023416623 17.328217 48.062374 -999.0 -999.0 -999.0 -999.0 -999.0 104.48942739867474 3.663422982151389 104.50716180878902 3.6351114684666213 43.72987011223195 239.2450420612195 -999.0 6231.0 -999.0 -1 -999 {-999.0 -999.0 -999.0 -999.0 -999.0} "" -999.0 -999.0 -999.0 -999.0 -999 -999 "" "" "" "" 0 0 0.0 0.0 -999 ""
FIBERMAP 875 R+1C7 APOGEE 1 1 0 1 0 0 -145.2474190147353 28.010830817724553 143.1 -109.01455458779957 99.93772520749035 42.61514 153.3082 102.82659999317276 4.484775068760816 -0.4713149 0.22670996 0.57044584 102.82658441268634 4.484770271358924 102.84661780771881 4.460535351950206 43.07661292176063 241.62843985142104 16000.0 16600.0 2016.0 2 138 {-999.0 17.817894 15.884896 14.968039 -999.0} sdss_psfmag_ps1 16.893568 15.52247 14.386365 11.603 63050395118172422 1103782768 bright_flexible_4x1 mwm_tess_2min_apogee mwm_planet science 0 0 0.0 0.0 -999 ""
FIBERMAP 875 R+1C7 BOSS 0 0 0 1 0 0 -144.5244955830526 28.20204708620109 143.1 -108.29877476226241 99.72187022335044 42.61514 153.3082 -999.0 -999.0 -999.0 -999.0 -999.0 102.82963803914208 4.483700067219461 102.84983046644493 4.459603609100942 43.0783653318377 241.62455405741048 -999.0 5400.0 -999.0 1 21 {-999.0 -999.0 -999.0 -999.0 -999.0} "" -999.0 -999.0 -999.0 -999.0 -999 -999 "" "" "" "" 0 0 0.0 0.0 -999 ""
FIBERMAP 875 R+1C7 METROLOGY 0 0 0 1 0 0 -144.7164508895975 27.474250762690104 143.1 -108.84347729135283 99.20265696461932 42.61514 153.3082 -999.0 -999.0 -999.0 -999.0 -999.0 102.82721539662265 4.481364535283766 102.84735679375376 4.457233499312404 43.07494651470357 241.6244092366462 -999.0 6231.0 -999.0 -1 -999 {-999.0 -999.0 -999.0 -999.0 -999.0} "" -999.0 -999.0 -999.0 -999.0 -999 -999 "" "" "" "" 0 0 0.0 0.0 -999 ""
FIBERMAP 877 R+13C4 APOGEE 1 1 0 1 0 0 -86.3747326341074 243.42878922992008 143.1 53.96132485002147 252.54064489750357 214.52776 129.35008 103.5673319832578 5.1753405257434055 0.16912597 -3.0945065 0.19416644 103.56733105431617 5.175352621156641 103.58884250192216 5.149032584355808 44.08696024066302 241.65037284796927 16000.0 16600.0 2016.0 2 114 {-999.0 15.962653 14.247081 13.477305 -999.0} sdss_psfmag_from_g3xp 15.187893 14.070001 13.036417 10.503 63050395118205748 1151891496 bright_1x1 mwm_galactic_core_dist_apogee_sparse mwm_galactic science 0 0 0.0 0.0 -999 ""
FIBERMAP 877 R+13C4 BOSS 0 0 0 1 0 0 -87.08820420025 243.61371825392285 143.1 53.45062946781266 253.07186038536202 214.52776 129.35008 -999.0 -999.0 -999.0 -999.0 -999.0 103.56484581986795 5.177596906373929 103.58652055677811 5.151423912204069 44.086842259059345 241.65500127582305 -999.0 5400.0 -999.0 1 86 {-999.0 -999.0 -999.0 -999.0 -999.0} "" -999.0 -999.0 -999.0 -999.0 -999 -999 "" "" "" "" 0 0 0.0 0.0 -999 ""
FIBERMAP 877 R+13C4 METROLOGY 0 0 0 1 0 0 -86.58661654938147 244.14529987322405 143.1 54.15622081683706 253.2617901254312 214.52776 129.35008 -999.0 -999.0 -999.0 -999.0 -999.0 103.5680890818425 5.178477365401955 103.58972054021291 5.152255743053978 44.08976711113533 241.6528923646479 -999.0 6231.0 -999.0 -1 -999 {-999.0 -999.0 -999.0 -999.0 -999.0} "" -999.0 -999.0 -999.0 -999.0 -999 -999 "" "" "" "" 0 0 0.0 0.0 -999 ""
FIBERMAP 880 R-8C1 APOGEE 0 0 0 1 0 0 -192.8526870294655 -157.87135244432727 143.1 -246.9238329194735 -33.41579539732863 305.88925 149.69598 -999.0 -999.0 -999.0 -999.0 -999.0 102.20458687010768 3.876804121198781 102.22331566846879 3.854338003420174 42.20893156740362 241.58408949468333 -999.0 16600.0 -999.0 2 276 {-999.0 -999.0 -999.0 -999.0 -999.0} "" -999.0 -999.0 -999.0 -999.0 -999 -999 "" "" "" "" 0 0 0.0 0.0 -999 ""
FIBERMAP 880 R-8C1 BOSS 1 1 0 1 0 0 -192.75597815866212 -158.62043650775615 143.1 -247.23387064963393 -34.104347009219794 305.88925 149.69598 102.20300775908356 3.8735073570070635 -0.40292603 -0.6824797 0.14998357 102.20302737835479 3.873529811925168 102.2219158193679 3.851219532578812 42.205803041429164 241.5822345187168 5400.0 5400.0 2016.0 1 418 {-999.0 16.909077 15.755948 15.20649 -999.0} sdss_psfmag_ps1 16.44931 15.629779 14.714358 12.891 63050395117740443 1093344309 bright_3x1 mwm_astar_core_boss mwm_ob science 0 0 0.0 0.0 -999 ""
FIBERMAP 880 R-8C1 METROLOGY 0 0 0 1 0 0 -193.44586023010413 -158.32811533798866 143.1 -247.66822302212643 -33.49403712020225 305.88925 149.69598 -999.0 -999.0 -999.0 -999.0 -999.0 102.20112023653031 3.8763320058396857 102.21996858894835 3.853983355936536 42.20621809144418 241.58676079361743 -999.0 6231.0 -999.0 -1 -999 {-999.0 -999.0 -999.0 -999.0 -999.0} "" -999.0 -999.0 -999.0 -999.0 -999 -999 "" "" "" "" 0 0 0.0 0.0 -999 ""
FIBERMAP 885 R+12C10 APOGEE 0 0 0 1 0 0 35.95915469991577 249.6438755309824 143.1 161.39205533558066 193.75122479775774 159.07108 66.42676 -999.0 -999.0 -999.0 -999.0 -999.0 104.05611673426097 4.910554560516509 104.0768578329438 4.8830105551142235 44.26801900044128 240.92007066639124 -999.0 16600.0 -999.0 2 -999 {-999.0 -999.0 -999.0 -999.0 -999.0} "" -999.0 -999.0 -999.0 -999.0 -999 -999 "" "" "" "" 0 0 0.0 0.0 -999 ""
FIBERMAP 885 R+12C10 BOSS 1 1 0 1 0 0 36.4719155092587 250.19295424918482 143.1 162.11632681716947 193.95020161380117 159.07108 66.42676 104.05929621794051 4.911330451914985 -8.577234 -6.7908807 1.0706478 104.05923905874421 4.911303750583256 104.08013611103519 4.883892807104563 44.271023899702556 240.9178990071367 5400.0 5400.0 2016.0 1 153 {-999.0 14.422307 14.060124 13.945199 -999.0} sdss_psfmag_from_g3xp 14.361328 14.071799 13.615294 12.854 63050395118299067 977775638 "" ops_std_boss ops_std standard_boss 0 0 0.0 0.0 -999 ""
FIBERMAP 885 R+12C10 METROLOGY 0 0 0 1 0 0 36.686349997975256 249.47699539737764 143.1 161.9238918700347 193.2281902087084 159.07108 66.42676 -999.0 -999.0 -999.0 -999.0 -999.0 104.05843765985132 4.9081032392682555 104.07928326781928 4.880654986779799 44.26821064777599 240.91536549061112 -999.0 6231.0 -999.0 -1 -999 {-999.0 -999.0 -999.0 -999.0 -999.0} "" -999.0 -999.0 -999.0 -999.0 -999 -999 "" "" "" "" 0 0 0.0 0.0 -999 ""
FIBERMAP 886 R+3C2 APOGEE 0 0 0 1 0 0 -222.12574792083544 58.45646490524416 143.1 -158.5330580437462 166.1351708515751 3.6532972 116.21196 -999.0 -999.0 -999.0 -999.0 -999.0 102.60199684975365 4.782617983679638 102.62281163992003 4.758912022788121 43.10998171275106 242.136564568441 -999.0 16600.0 -999.0 2 -999 {-999.0 -999.0 -999.0 -999.0 -999.0} "" -999.0 -999.0 -999.0 -999.0 -999 -999 "" "" "" "" 0 0 0.0 0.0 -999 ""
FIBERMAP 886 R+3C2 BOSS 1 1 0 1 0 0 -221.750676496089 57.84911842171722 143.1 -158.53180617429024 165.42150360597955 3.6532972 116.21196 102.60151929450087 4.779276185207276 -0.49235573 -1.0569719 0.3607445 102.60180711355552 4.779282710415986 102.62277703530344 4.755723127599658 43.10783218509966 242.1333376990151 5400.0 5400.0 2016.0 1 73 {-999.0 13.5224905 13.075499 12.874865 -999.0} sdss_psfmag_from_g3xp 13.431468 13.05929 12.500929 11.583 63050395118225738 1068446372 bright_3x1 mwm_ob_core_boss mwm_ob science 0 0 1.0680625438690186 0.0 -999 ""
FIBERMAP 886 R+3C2 METROLOGY 0 0 0 1 0 0 -222.49203638900354 57.80646895248841 143.1 -159.1854623147219 165.77353021788636 3.6532972 116.21196 -999.0 -999.0 -999.0 -999.0 -999.0 102.59890552300571 4.780877086154712 102.61983385526628 4.757283665702959 43.10668358020456 242.13760778799036 -999.0 6231.0 -999.0 -1 -999 {-999.0 -999.0 -999.0 -999.0 -999.0} "" -999.0 -999.0 -999.0 -999.0 -999 -999 "" "" "" "" 0 0 0.0 0.0 -999 ""
FIBERMAP 891 R+9C3 APOGEE 0 0 0 1 0 0 -137.26654180622248 157.60984335644665 143.1 -34.330689205297425 206.11892371833434 338.5071 68.04366 -999.0 -999.0 -999.0 -999.0 -999.0 103.16629232275767 4.966550733224621 103.18740323257913 4.941323861257547 43.650751368280105 241.80713349275848 -999.0 16600.0 -999.0 2 99 {-999.0 -999.0 -999.0 -999.0 -999.0} "" -999.0 -999.0 -999.0 -999.0 -999 -999 "" "" "" "" 0 0 0.0 0.0 -999 ""
FIBERMAP 891 R+9C3 BOSS 1 1 0 1 0 0 -137.78124575593554 157.05504478697614 143.1 -35.05961161500512 205.91609395692066 338.5071 68.04366 103.16286289917014 4.965529465794652 -6.2848735 -2.463589 3.19224 103.1628073356118 4.965526699073198 103.18407641976427 4.940452145992308 43.647703205220914 241.8092985358876 5400.0 5400.0 2016.0 1 58 {-999.0 20.545685 18.443996 17.02456 -999.0} sdss_psfmag_ps1 18.582535 17.69633 16.390072 14.193 63050395118206120 1095140684 bright_1x1 mwm_bin_vis_boss mwm_filler science 0 0 0.0 0.0 -999 ""
FIBERMAP 891 R+9C3 METROLOGY 0 0 0 1 0 0 -138.0033422477742 157.76742732639676 143.1 -34.8755747251481 206.6390734790376 338.5071 68.04366 -999.0 -999.0 -999.0 -999.0 -999.0 103.16368843008978 4.9688124891011265 103.18491997780126 4.94369442405656 43.65049515015539 241.81185572095535 -999.0 6231.0 -999.0 -1 -999 {-999.0 -999.0 -999.0 -999.0 -999.0} "" -999.0 -999.0 -999.0 -999.0 -999 -999 "" "" "" "" 0 0 0.0 0.0 -999 ""
FIBERMAP 894 R+13C9 APOGEE 1 1 0 1 0 0 27.09597437063552 270.346664296779 143.1 164.6892013669396 216.02375258414267 154.3485 62.41066 104.07017260744051 5.010344513749383 -2.4017453 -17.172815 4.990763 104.07011325939865 5.010299311847068 104.09109223172646 4.982698660689415 44.34576093280776 241.0094944558109 16000.0 16600.0 2016.0 2 56 {-999.0 9.424144 9.169528 9.1018305 -999.0} sdss_psfmag_gaia 9.40868 9.172936 8.778046 8.215 63050395118300585 975457922 "" ops_std_apogee ops_std standard_apogee 0 0 0.0 0.0 -999 ""
FIBERMAP 894 R+13C9 BOSS 0 0 0 1 0 0 27.685299970368362 270.80404529285664 143.1 165.43063877209784 216.1045361431064 154.3485 62.41066 -999.0 -999.0 -999.0 -999.0 -999.0 104.07330135252948 5.010499302190306 104.0944346925159 4.983031103344976 44.34844356716977 241.00669710411563 -999.0 5400.0 -999.0 1 165 {-999.0 -999.0 -999.0 -999.0 -999.0} "" -999.0 -999.0 -999.0 -999.0 -999 -999 "" "" "" "" 0 0 0.0 0.0 -999 ""
FIBERMAP 894 R+13C9 METROLOGY 0 0 0 1 0 0 27.7991813002992 270.0625345710271 143.1 165.1391916151938 215.4134382922497 154.3485 62.41066 -999.0 -999.0 -999.0 -999.0 -999.0 104.07205840550652 5.007453819423459 104.09314085697304 4.979949585731673 44.34541349795779 241.0047315073055 -999.0 6231.0 -999.0 -1 -999 {-999.0 -999.0 -999.0 -999.0 -999.0} "" -999.0 -999.0 -999.0 -999.0 -999 -999 "" "" "" "" 0 0 0.0 0.0 -999 ""
FIBERMAP 895 R+11C14 APOGEE 1 1 0 1 0 0 111.33821087125875 222.7149213689247 143.1 211.47596936435585 131.3338175591863 155.93793 101.969215 104.28419476802723 4.628439541643168 -1.0540591 -0.18562627 1.2022247 104.28417176264978 4.628434993919825 104.30417141672672 4.600353310477542 44.24317783049079 240.41551236014607 16000.0 16600.0 2016.0 2 96 {-999.0 10.222699 10.41409 10.566142 -999.0} sdss_psfmag_from_g3xp 10.339214 10.309456 10.243547 10.121 63050395118085520 974928082 "" ops_std_apogee ops_std standard_apogee 0 0 0.0 0.0 -999 ""
FIBERMAP 895 R+11C14 BOSS 0 0 0 1 0 0 111.49462985984873 223.44821627271537 143.1 211.99329076912014 131.8763281407929 155.93793 101.969215 -999.0 -999.0 -999.0 -999.0 -999.0 104.28634570344707 4.630739702287037 104.30650456203432 4.602794257025716 44.246542724682826 240.4158059650979 -999.0 5400.0 -999.0 1 88 {-999.0 -999.0 -999.0 -999.0 -999.0} "" -999.0 -999.0 -999.0 -999.0 -999 -999 "" "" "" "" 0 0 0.0 0.0 -999 ""
FIBERMAP 895 R+11C14 METROLOGY 0 0 0 1 0 0 112.05234172707027 222.95175730342646 143.1 212.2081586274967 131.16141642522012 155.93793 101.969215 -999.0 -999.0 -999.0 -999.0 -999.0 104.2873746264833 4.627547989403847 104.3074818110365 4.599560174249395 44.245059526895744 240.41156990356052 -999.0 6231.0 -999.0 -1 -999 {-999.0 -999.0 -999.0 -999.0 -999.0} "" -999.0 -999.0 -999.0 -999.0 -999 -999 "" "" "" "" 0 0 0.0 0.0 -999 ""
FIBERMAP 896 R-8C17 APOGEE 0 0 0 1 0 0 169.4579115172454 -166.0420193316266 143.1 57.32667651488754 -230.16221124830668 345.2431 88.48041 -999.0 -999.0 -999.0 -999.0 -999.0 103.58749160546425 2.989610903198618 103.60372696720697 2.963697245633809 42.61362661220339 239.43043417497418 -999.0 16600.0 -999.0 2 230 {-999.0 -999.0 -999.0 -999.0 -999.0} "" -999.0 -999.0 -999.0 -999.0 -999 -999 "" "" "" "" 0 0 0.0 0.0 -999 ""
FIBERMAP 896 R-8C17 BOSS 1 1 0 1 0 0 169.28444563801906 -166.75433578221518 143.1 56.805827706769485 -230.67792769662228 345.2431 88.48041 103.58496866007201 2.987129537292393 -0.074489176 -4.0491896 1.4988678 103.58497527792254 2.9871056718066997 103.60136629839519 2.961351942208349 42.61030208709615 239.4303302239303 5400.0 5400.0 2016.0 1 275 {-999.0 15.624745 14.780205 14.446094 -999.0} sdss_psfmag_from_g3xp 15.351998 14.799338 14.092863 12.621 63050395117862034 1095661131 bright_1x1 mwm_bin_vis_boss mwm_filler science 0 0 0.0 0.0 -999 ""
FIBERMAP 896 R-8C17 METROLOGY 0 0 0 1 0 0 168.73584516974236 -166.24890971543672 143.1 56.603416004684114 -229.9601527360838 345.2431 88.48041 -999.0 -999.0 -999.0 -999.0 -999.0 103.58410388099591 2.9903656191872545 103.60045730183793 2.9645701539926295 42.61186051609011 239.43435000211755 -999.0 6231.0 -999.0 -1 -999 {-999.0 -999.0 -999.0 -999.0 -999.0} "" -999.0 -999.0 -999.0 -999.0 -999 -999 "" "" "" "" 0 0 0.0 0.0 -999 ""
FIBERMAP 897 R-6C3 APOGEE 0 0 0 1 0 0 -187.39608159826707 -127.69009136997346 143.1 -226.46738505532144 -10.572855250573022 238.6802 112.752625 -999.0 -999.0 -999.0 -999.0 -999.0 102.29586153420252 3.9805375959836415 102.31481652810368 3.9578080794815724 42.34604850931854 241.6049643415714 -999.0 16600.0 -999.0 2 298 {-999.0 -999.0 -999.0 -999.0 -999.0} "" -999.0 -999.0 -999.0 -999.0 -999 -999 "" "" "" "" 0 0 0.0 0.0 -999 ""
FIBERMAP 897 R-6C3 BOSS 1 1 0 1 0 0 -188.1300289503817 -127.58543615703086 143.1 -227.03756657280584 -10.099272224715623 238.6802 112.752625 102.29277274710591 3.9825209087649545 -0.51319647 -0.055467956 0.256534 102.2930865055662 3.9825231400785595 102.31221343450363 3.9599507266871194 42.345560536347186 241.60947143237988 5400.0 5400.0 2016.0 1 445 {-999.0 12.843074 12.706704 12.698646 -999.0} sdss_psfmag_from_g3xp 12.839218 12.672506 12.362821 11.917 63050395118159151 1068446349 bright_3x1 mwm_ob_core_boss mwm_ob science 0 0 1.1120723485946655 0.0 -999 ""
FIBERMAP 897 R-6C3 METROLOGY 0 0 0 1 0 0 -187.67304785737602 -126.9989040419574 143.1 -226.3411759180854 -9.83918245894195 238.6802 112.752625 -999.0 -999.0 -999.0 -999.0 -999.0 102.29626620193862 3.983755856002086 102.31534809158308 3.9611322070636277 42.34867207225201 241.6078179338076 -999.0 6231.0 -999.0 -1 -999 {-999.0 -999.0 -999.0 -999.0 -999.0} "" -999.0 -999.0 -999.0 -999.0 -999 -999 "" "" "" "" 0 0 0.0 0.0 -999 ""
FIBERMAP 898 R+4C19 APOGEE 0 0 0 1 0 0 176.2400907164216 73.86228305111564 143.1 188.77081522849977 -29.421125202800233 39.2593 57.862072 -999.0 -999.0 -999.0 -999.0 -999.0 104.18430644865359 3.9000412099584443 104.20257598861753 3.8723705544733704 43.67229373893654 239.77239329845588 -999.0 16600.0 -999.0 2 90 {-999.0 -999.0 -999.0 -999.0 -999.0} "" -999.0 -999.0 -999.0 -999.0 -999 -999 "" "" "" "" 0 0 0.0 0.0 -999 ""
FIBERMAP 898 R+4C19 BOSS 1 1 0 1 0 0 176.3052870567117 73.13581189284936 143.1 188.44578785417553 -30.073913328855923 39.2593 57.862072 104.1827230642046 3.896896589909108 -1.2983122 1.0718867 -0.28041017 104.182735080078 3.8969187757208497 104.20115353023601 3.8693993874019936 43.66922394183692 239.77074680184745 5400.0 5400.0 2016.0 1 208 {-999.0 16.70629 16.0065 15.638936 -999.0} sdss_psfmag 16.487345 15.99606 15.288185 14.051 63050395117956444 1093294129 bright_3x1 mwm_astar_core_boss mwm_ob science 0 0 0.0 0.0 -999 ""
FIBERMAP 898 R+4C19 METROLOGY 0 0 0 1 0 0 175.62487063709494 73.43457402450528 143.1 188.0228700453382 -29.46307692784318 39.2593 57.862072 -999.0 -999.0 -999.0 -999.0 -999.0 104.18085772532586 3.899729783280512 104.19923920559268 3.872173179936633 43.66973409759532 239.7753489628166 -999.0 6231.0 -999.0 -1 -999 {-999.0 -999.0 -999.0 -999.0 -999.0} "" -999.0 -999.0 -999.0 -999.0 -999 -999 "" "" "" "" 0 0 0.0 0.0 -999 ""
FIBERMAP 899 R+4C21 APOGEE 0 0 0 1 0 0 187.46200456584415 65.11307113493703 143.1 193.74390369266646 -42.74999297988924 262.50854 70.12208 -999.0 -999.0 -999.0 -999.0 -999.0 104.20676175353663 3.8396177038379276 104.2248802420014 3.8119010997388054 43.64702805947858 239.6904608103307 -999.0 16600.0 -999.0 2 33 {-999.0 -999.0 -999.0 -999.0 -999.0} "" -999.0 -999.0 -999.0 -999.0 -999 -999 "" "" "" "" 0 0 0.0 0.0 -999 ""
FIBERMAP 899 R+4C21 BOSS 1 1 0 1 0 0 186.80148337838398 65.45674039541973 143.1 193.3614515688126 -42.11133698740927 262.50854 70.12208 104.20492665038203 3.8423520994228118 -0.35855064 -0.78062725 0.13074276 104.20493006662623 3.842351935316682 104.22321159348706 3.8147862965641854 43.64779602926544 239.69494034716928 5400.0 5400.0 2016.0 1 193 {-999.0 15.958116 15.416102 15.16663 -999.0} sdss_psfmag 15.815411 15.398896 14.807895 13.819 63050395117955552 1093294133 bright_3x1 mwm_astar_core_boss mwm_ob science 0 0 0.0 0.0 -999 ""
FIBERMAP 899 R+4C21 METROLOGY 0 0 0 1 0 0 187.43747715765863 65.85572329282121 143.1 194.11203931812688 -42.10472924340969 262.50854 70.12208 -999.0 -999.0 -999.0 -999.0 -999.0 104.20835250723862 3.8424368167814027 104.22658914535083 3.814820630041688 43.65027156493379 239.69177971236758 -999.0 6231.0 -999.0 -1 -999 {-999.0 -999.0 -999.0 -999.0 -999.0} "" -999.0 -999.0 -999.0 -999.0 -999 -999 "" "" "" "" 0 0 0.0 0.0 -999 ""
FIBERMAP 901 R+8C13 APOGEE 0 0 0 1 0 0 61.840265556597814 166.20371486601343 143.1 139.72314466315584 109.13935652016303 108.677444 123.97411 -999.0 -999.0 -999.0 -999.0 -999.0 103.96040540099023 4.529014205522253 103.9802487586195 4.501797847301046 43.93916729852287 240.61993106930936 -999.0 16600.0 -999.0 2 -999 {-999.0 -999.0 -999.0 -999.0 -999.0} "" -999.0 -999.0 -999.0 -999.0 -999 -999 "" "" "" "" 0 0 0.0 0.0 -999 ""
FIBERMAP 901 R+8C13 BOSS 1 1 0 1 0 0 62.29394578607082 166.79818838188635 143.1 140.4208843535645 109.40793798019487 108.677444 123.97411 103.96349816948397 4.530114443483514 -5.252098 0.21673565 1.4653238 103.96345470077965 4.530117397008249 103.98345604289585 4.503036424965521 43.94235720371853 240.61818437498556 5400.0 5400.0 2016.0 1 151 {-999.0 14.237035 13.828575 13.706019 -999.0} sdss_psfmag_from_g3xp 14.163445 13.849619 13.376336 12.572 63050395117985308 977775417 "" ops_std_boss ops_std standard_boss 0 0 0.0 0.0 -999 ""
FIBERMAP 901 R+8C13 METROLOGY 0 0 0 1 0 0 62.581125370788854 166.11546116224622 143.1 140.30780415802985 108.67611947957174 108.677444 123.97411 -999.0 -999.0 -999.0 -999.0 -999.0 103.96299275784601 4.526835888274324 103.98294205840062 4.499716121097214 43.93972912517718 240.61527780708622 -999.0 6231.0 -999.0 -1 -999 {-999.0 -999.0 -999.0 -999.0 -999.0} "" -999.0 -999.0 -999.0 -999.0 -999 -999 "" "" "" "" 0 0 0.0 0.0 -999 ""
FIBERMAP 903 R+10C13 APOGEE 0 0 0 1 0 0 87.49928395088298 210.77441511195195 143.1 184.92082966943025 133.65322284433944 124.18846 86.07644 -999.0 -999.0 -999.0 -999.0 -999.0 104.16442306453553 4.6394125823329855 104.18448023771793 4.611640983253806 44.16326420288528 240.54008404490463 -999.0 16600.0 -999.0 2 -999 {-999.0 -999.0 -999.0 -999.0 -999.0} "" -999.0 -999.0 -999.0 -999.0 -999 -999 "" "" "" "" 0 0 0.0 0.0 -999 ""
FIBERMAP 903 R+10C13 BOSS 1 1 0 1 0 0 88.12580823956095 211.15766983265817 143.1 185.65511467946928 133.65139743263947 124.18846 86.07644 104.16767030475214 4.6392481364652935 -0.8423739 0.53048855 0.32117516 104.16761310062174 4.639270117387406 104.1878239266536 4.6116327994073885 44.16570671190447 240.53692287519416 5400.0 5400.0 2016.0 1 98 {-999.0 16.297178 15.990333 15.8479395 -999.0} sdss_psfmag_ps1 16.23241 15.934991 15.466971 14.807 63050395117987213 979715203 "" ops_std_boss ops_std standard_boss 0 0 0.0 0.0 -999 ""
FIBERMAP 903 R+10C13 METROLOGY 0 0 0 1 0 0 88.15250019452702 210.41390086875018 143.1 185.28823728868394 133.0040488137156 124.18846 86.07644 -999.0 -999.0 -999.0 -999.0 -999.0 104.16601394569874 4.636389412435612 104.18617436004132 4.608716462968947 44.162519980077775 240.53549221568716 -999.0 6231.0 -999.0 -1 -999 {-999.0 -999.0 -999.0 -999.0 -999.0} "" -999.0 -999.0 -999.0 -999.0 -999 -999 "" "" "" "" 0 0 0.0 0.0 -999 ""
FIBERMAP 904 R+7C9 APOGEE 1 1 0 1 0 0 -23.808891237437997 148.9182740421965 143.1 57.732831458779295 139.28516221857058 78.53 88.74036 103.58678178126614 4.665729030471904 -7.6756015 -15.782127 0.8022779 103.58672408881941 4.665736390456635 103.60699538660185 4.639469254881157 43.75809430439036 241.1093941736539 16000.0 16600.0 2016.0 2 23 {-999.0 12.818384 12.453776 12.341772 -999.0} sdss_psfmag_gaia 12.751143 12.473702 12.000591 11.213 63050395118187407 1109167093 bright_flexible_3x1 mwm_tess_rgb_apogee mwm_tessrgb science 0 0 0.0 0.0 -999 ""
FIBERMAP 904 R+7C9 BOSS 0 0 0 1 0 0 -23.088445137450393 148.7711196024349 143.1 58.26925349966921 138.78246073489106 78.53 88.74036 -999.0 -999.0 -999.0 -999.0 -999.0 103.58904235486307 4.66337003625738 103.60946523921245 4.637240977417863 43.75841053763905 241.10481776882287 -999.0 5400.0 -999.0 1 131 {-999.0 -999.0 -999.0 -999.0 -999.0} "" -999.0 -999.0 -999.0 -999.0 -999 -999 "" "" "" "" 0 0 0.0 0.0 -999 ""
FIBERMAP 904 R+7C9 METROLOGY 0 0 0 1 0 0 -23.57243843149607 148.20289426360216 143.1 57.55944984526271 138.55211011179506 78.53 88.74036 -999.0 -999.0 -999.0 -999.0 -999.0 103.5858505903516 4.662355136878926 103.60622711574166 4.63619393949751 43.755320790289105 241.10675936950787 -999.0 6231.0 -999.0 -1 -999 {-999.0 -999.0 -999.0 -999.0 -999.0} "" -999.0 -999.0 -999.0 -999.0 -999 -999 "" "" "" "" 0 0 0.0 0.0 -999 ""
FIBERMAP 905 R-1C5 APOGEE 1 1 0 1 0 0 -192.92380098027124 -33.08239073015418 143.1 -181.61639165604066 72.8872001279873 264.9585 112.97424 102.49721081305431 4.36011523489482 -0.537808 1.9374907 0.38732517 102.49723901159066 4.360089683190266 102.51705801687723 4.336748108482299 42.74968349234175 241.80335670584452 16000.0 16600.0 2016.0 2 266 {-999.0 14.614059 13.3996525 12.875256 -999.0} sdss_psfmag_gaia 14.170944 13.376147 12.502511 10.643 63050395118173063 1110357502 bright_flexible_2x1 mwm_tess_rgb_apogee mwm_tessrgb science 0 0 0.0 0.0 -999 ""
FIBERMAP 905 R-1C5 BOSS 0 0 0 1 0 0 -193.62260668696257 -33.32573365736348 143.1 -182.33893912665377 73.04603239548166 264.9585 112.97424 -999.0 -999.0 -999.0 -999.0 -999.0 102.49375957969399 4.360659580478855 102.51374543275745 4.33747474084382 42.74771464728065 241.80710147687503 -999.0 5400.0 -999.0 1 485 {-999.0 -999.0 -999.0 -999.0 -999.0} "" -999.0 -999.0 -999.0 -999.0 -999 -999 "" "" "" "" 0 0 0.0 0.0 -999 ""
FIBERMAP 905 R-1C5 METROLOGY 0 0 0 1 0 0 -193.49492803959626 -32.59612556431218 143.1 -181.8480232079209 73.60045842937535 264.9585 112.97424 -999.0 -999.0 -999.0 -999.0 -999.0 102.49603335045857 4.363226227825092 102.51597816724166 4.339992987287145 42.75105411138048 241.80762202202038 -999.0 6231.0 -999.0 -1 -999 {-999.0 -999.0 -999.0 -999.0 -999.0} "" -999.0 -999.0 -999.0 -999.0 -999 -999 "" "" "" "" 0 0 0.0 0.0 -999 ""
FIBERMAP 906 R+11C11 APOGEE 1 1 0 1 0 0 44.21530258681329 227.30990066482036 143.1 156.7235209724234 170.4076190372169 165.54172 74.43285 104.03581904690515 4.805684569797929 -1.2844783 -0.11225556 0.24683218 104.03582739634354 4.805678666414139 104.05631998133134 4.778208862176716 44.182119002715105 240.83155574291942 16000.0 16600.0 2016.0 2 1 {-999.0 14.716395 13.65224 13.175065 -999.0} sdss_psfmag_from_g3xp 14.340191 13.620169 12.793603 11.017 63050395118298519 1106758460 bright_flexible_3x1 mwm_tess_rgb_apogee mwm_tessrgb science 0 0 0.0 0.0 -999 ""
FIBERMAP 906 R+11C11 BOSS 0 0 0 1 0 0 44.57646717158267 227.95715780292804 143.1 157.37012726170462 170.76961143142682 165.54172 74.43285 -999.0 -999.0 -999.0 -999.0 -999.0 104.03860919157594 4.807179901851713 104.05925992193539 4.779844485057046 44.18538349117699 240.83047410555776 -999.0 5400.0 -999.0 1 108 {-999.0 -999.0 -999.0 -999.0 -999.0} "" -999.0 -999.0 -999.0 -999.0 -999 -999 "" "" "" "" 0 0 0.0 0.0 -999 ""
FIBERMAP 906 R+11C11 METROLOGY 0 0 0 1 0 0 44.96487933524227 227.3253722754212 143.1 157.36993775476492 170.02814452666112 165.54172 74.43285 -999.0 -999.0 -999.0 -999.0 -999.0 104.03867160851779 4.8038755870956145 104.05927033912792 4.776500461977039 44.18313017512391 240.82702848317334 -999.0 6231.0 -999.0 -1 -999 {-999.0 -999.0 -999.0 -999.0 -999.0} "" -999.0 -999.0 -999.0 -999.0 -999 -999 "" "" "" "" 0 0 0.0 0.0 -999 ""
FIBERMAP 907 R-6C6 APOGEE 0 0 0 1 0 0 -127.2074131682858 -111.19186000912694 143.1 -166.57066097038722 -28.052093609600146 184.1311 91.62821 -999.0 -999.0 -999.0 -999.0 -999.0 102.56652995700748 3.9020070676962457 102.58522373203857 3.878580397706973 42.492502950789216 241.27984217317834 -999.0 16600.0 -999.0 2 -999 {-999.0 -999.0 -999.0 -999.0 -999.0} "" -999.0 -999.0 -999.0 -999.0 -999 -999 "" "" "" "" 0 0 0.0 0.0 -999 ""
FIBERMAP 907 R-6C6 BOSS 1 1 0 1 0 0 -127.28019845431452 -110.43776225640573 143.1 -166.23762447227065 -27.371804374734673 184.1311 91.62821 102.56737297244348 3.904941008949315 -0.040906414 0.5895379 0.27302554 102.56780469114848 3.904941851293701 102.58667019811861 3.8816611916782384 42.49564472623503 241.28161213370865 5400.0 5400.0 2016.0 1 465 {-999.0 11.501306 11.151427 11.045357 -999.0} sdss_psfmag_gaia 11.447057 11.169378 10.712428 10.068 63050395118148412 1068388842 bright_3x1 mwm_ob_core_boss mwm_ob science 0 0 1.640498399734497 0.0 -999 ""
FIBERMAP 907 R-6C6 METROLOGY 0 0 0 1 0 0 -126.60861309730558 -110.74677523573439 143.1 -165.82759656026477 -27.986744063836422 184.1311 91.62821 -999.0 -999.0 -999.0 -999.0 -999.0 102.56973127854002 3.902197154053033 102.58854289493752 3.8788695040913557 42.49514531757513 241.27710682904143 -999.0 6231.0 -999.0 -1 -999 {-999.0 -999.0 -999.0 -999.0 -999.0} "" -999.0 -999.0 -999.0 -999.0 -999 -999 "" "" "" "" 0 0 0.0 0.0 -999 ""
FIBERMAP 908 R+6C18 APOGEE 0 0 0 1 0 0 135.6810738679033 112.99538781161019 143.1 174.7312614673605 25.149168398303075 251.41792 38.29333 -999.0 -999.0 -999.0 -999.0 -999.0 104.12048652698789 4.147761137585504 104.13936878732608 4.120205415728816 43.795822209434085 240.0822884955146 -999.0 16600.0 -999.0 2 -999 {-999.0 -999.0 -999.0 -999.0 -999.0} "" -999.0 -999.0 -999.0 -999.0 -999 -999 "" "" "" "" 0 0 0.0 0.0 -999 ""
FIBERMAP 908 R+6C18 BOSS 1 1 0 1 0 0 135.41250068147065 113.69355105442396 143.1 174.86827202234846 25.884385095777766 251.41792 38.29333 104.12098283026212 4.150934386738718 -0.69757015 0.76060826 0.029755097 104.12099856967593 4.150963503075583 104.1400443242618 4.12355105244361 43.79859852766482 240.08503827715708 5400.0 5400.0 2016.0 1 203 {-999.0 15.052518 14.760142 14.565177 -999.0} sdss_psfmag 14.997569 14.742863 14.208592 13.287 63050395117968204 1093294135 bright_3x1 mwm_astar_core_boss mwm_ob science 0 0 0.0 0.0 -999 ""
FIBERMAP 908 R+6C18 METROLOGY 0 0 0 1 0 0 136.15118829957365 113.57474469786172 143.1 175.4350774074523 25.396268384532977 251.41792 38.29333 -999.0 -999.0 -999.0 -999.0 -999.0 104.1236029040337 4.148787906277465 104.14259855750998 4.1213279427522815 43.79894246932403 240.08037799513414 -999.0 6231.0 -999.0 -1 -999 {-999.0 -999.0 -999.0 -999.0 -999.0} "" -999.0 -999.0 -999.0 -999.0 -999 -999 "" "" "" "" 0 0 0.0 0.0 -999 ""
FIBERMAP 910 R+11C8 APOGEE 0 0 0 1 0 0 -13.675818208283008 225.87167073605218 143.1 106.67216105530899 199.50788657195585 97.40995 118.44541 -999.0 -999.0 -999.0 -999.0 -999.0 103.80808233659373 4.937381173639644 103.82895330554106 4.910479579453413 44.10412936302559 241.18060692305164 -999.0 16600.0 -999.0 2 15 {-999.0 -999.0 -999.0 -999.0 -999.0} "" -999.0 -999.0 -999.0 -999.0 -999 -999 "" "" "" "" 0 0 0.0 0.0 -999 ""
FIBERMAP 910 R+11C8 BOSS 1 1 0 1 0 0 -13.078079617594373 226.32399039235494 143.1 107.41811138437214 199.57995311453416 97.40995 118.44541 103.81133189044563 4.937626290803794 4.9751725 -13.432275 1.1707923 103.81132807816617 4.937587408955892 103.83235494334428 4.910819028266575 44.106863953498134 241.17777893680648 5400.0 5400.0 2016.0 1 111 {-999.0 13.941204 13.614289 13.517464 -999.0} sdss_psfmag_gaia 13.905796 13.629014 13.19607 12.52 63050395118193666 978618957 "" ops_std_boss ops_std standard_boss 0 0 0.0 0.0 -999 ""
FIBERMAP 910 R+11C8 METROLOGY 0 0 0 1 0 0 -12.98085868189332 225.58720596432386 143.1 107.11495260811799 198.9016071909614 97.40995 118.44541 -999.0 -999.0 -999.0 -999.0 -999.0 103.81001198481701 4.934575433127959 103.83098762825011 4.9077709486217 44.103804537820096 241.17591747165008 -999.0 6231.0 -999.0 -1 -999 {-999.0 -999.0 -999.0 -999.0 -999.0} "" -999.0 -999.0 -999.0 -999.0 -999 -999 "" "" "" "" 0 0 0.0 0.0 -999 ""
FIBERMAP 912 R+3C20 APOGEE 1 1 0 1 0 0 163.00419786738598 49.29084188236735 143.1 164.62839181560997 -43.41193511668158 213.26874 140.93788 104.07509646111433 3.836209354383588 -2.1211722 -2.835205 0.9921333 104.07509970659947 3.8361904465226297 104.09324351811705 3.808818437103793 43.549294863298165 239.81170373063935 16000.0 16600.0 2016.0 2 62 {-999.0 11.8911915 12.020057 12.166931 -999.0} sdss_psfmag_from_g3xp 11.99551 11.942767 11.838068 11.686 63050395117954890 1113647404 bright_flexible_4x1 manual_mwm_planet_tess_pc_apogee mwm_planet science 0 0 0.0 0.0 -999 ""
FIBERMAP 912 R+3C20 BOSS 0 0 0 1 0 0 162.26153281401716 49.35853202044948 143.1 164.03142326542397 -42.965263625682866 213.26874 140.93788 -999.0 -999.0 -999.0 -999.0 -999.0 104.07229390543215 3.838049035738902 104.09059963198808 3.8108310272661265 43.54875192910034 239.81622007556754 -999.0 5400.0 -999.0 1 216 {-999.0 -999.0 -999.0 -999.0 -999.0} "" -999.0 -999.0 -999.0 -999.0 -999 -999 "" "" "" "" 0 0 0.0 0.0 -999 ""
FIBERMAP 912 R+3C20 METROLOGY 0 0 0 1 0 0 162.69609374319074 49.96917235142575 143.1 164.72135029115944 -42.67289986148265 213.26874 140.93788 -999.0 -999.0 -999.0 -999.0 -999.0 104.0754526770985 3.839431408525722 104.09371649309185 3.8121631700024845 43.55193008144965 239.81461941930058 -999.0 6231.0 -999.0 -1 -999 {-999.0 -999.0 -999.0 -999.0 -999.0} "" -999.0 -999.0 -999.0 -999.0 -999 -999 "" "" "" "" 0 0 0.0 0.0 -999 ""
FIBERMAP 914 R+3C11 APOGEE 1 1 0 1 0 0 -44.69875538335986 70.81118349362512 143.1 -0.9709280493474122 83.71470654808344 155.31244 88.00942 103.31954956054688 4.412984871209019 -999.0 -999.0 -999.0 103.31954069443108 4.412987883267195 103.33927069991427 4.387473145766854 43.39108357763989 241.1009204680928 16000.0 16600.0 2015.5 2 124 {-999.0 -999.0 -999.0 -999.0 -999.0} "" -999.0 -999.0 -999.0 -999.0 27021603131851660 841579385 "" ops_sky_apogee_best ops_sky sky_apogee 0 0 0.0 0.0 -999 ""
FIBERMAP 914 R+3C11 BOSS 0 0 0 1 0 0 -44.38641910118904 71.48448901047897 143.1 -0.3522572877990045 84.12445844535455 155.31244 88.00942 -999.0 -999.0 -999.0 -999.0 -999.0 103.32220182381347 4.414755836977943 103.34209522477437 4.389379312944963 43.394448490315035 241.1002433958052 -999.0 5400.0 -999.0 1 14 {-999.0 -999.0 -999.0 -999.0 -999.0} "" -999.0 -999.0 -999.0 -999.0 -999 -999 "" "" "" "" 0 0 0.0 0.0 -999 ""
FIBERMAP 914 R+3C11 METROLOGY 0 0 0 1 0 0 -43.95860862672723 70.87882299674403 143.1 -0.3052144827776598 83.38459601592035 155.31244 88.00942 -999.0 -999.0 -999.0 -999.0 -999.0 103.32247006221614 4.411424918030108 103.3423100537081 4.386007145518046 43.3923322571574 241.09661830151367 -999.0 6231.0 -999.0 -1 -999 {-999.0 -999.0 -999.0 -999.0 -999.0} "" -999.0 -999.0 -999.0 -999.0 -999 -999 "" "" "" "" 0 0 0.0 0.0 -999 ""
FIBERMAP 916 R-13C3 APOGEE 0 0 0 1 0 0 -109.08632339857743 -261.1997626475126 143.1 -229.71779580070105 -165.28571212211074 220.21762 124.942184 -999.0 -999.0 -999.0 -999.0 -999.0 102.28690823826507 3.281540985681529 102.30418099182407 3.258987470362512 41.86723121558689 240.91872414602292 -999.0 16600.0 -999.0 2 198 {-999.0 -999.0 -999.0 -999.0 -999.0} "" -999.0 -999.0 -999.0 -999.0 -999 -999 "" "" "" "" 0 0 0.0 0.0 -999 ""
FIBERMAP 916 R-13C3 BOSS 1 1 0 1 0 0 -109.79790815642434 -260.9862648567712 143.1 -230.2119193148241 -164.73115687463076 220.21762 124.942184 102.28399917979337 3.283900582954777 0.13806456 -1.4221125 0.6359473 102.2845087321329 3.2838933938280572 102.30195561990217 3.261499789874312 41.86729639040084 240.92322690395923 5400.0 5400.0 2016.0 1 342 {-999.0 10.808239 10.573767 10.505254 -999.0} sdss_psfmag_from_g3xp 10.78746 10.557648 10.163053 9.647 63050395117706968 1068446210 bright_3x1 mwm_ob_core_boss mwm_ob science 0 0 1.862074851989746 0.0 -999 ""
FIBERMAP 916 R-13C3 METROLOGY 0 0 0 1 0 0 -109.25245240807527 -260.46827169188043 143.1 -229.47608950650792 -164.57577792274847 220.21762 124.942184 -999.0 -999.0 -999.0 -999.0 -999.0 102.28783872116266 3.284619145759326 102.30523889703085 3.2621729058254534 41.87016488111129 240.92091270704285 -999.0 6231.0 -999.0 -1 -999 {-999.0 -999.0 -999.0 -999.0 -999.0} "" -999.0 -999.0 -999.0 -999.0 -999 -999 "" "" "" "" 0 0 0.0 0.0 -999 ""
FIBERMAP 918 R-4C10 APOGEE 0 0 0 1 0 0 -41.498170655338726 -65.95562832800066 143.1 -69.88776353284702 -34.427496361977234 67.32957 123.70949 -999.0 -999.0 -999.0 -999.0 -999.0 103.00628846462709 3.874145406708635 103.02479961703125 3.8495669150648144 42.79639848351838 240.84813336601565 -999.0 16600.0 -999.0 2 -999 {-999.0 -999.0 -999.0 -999.0 -999.0} "" -999.0 -999.0 -999.0 -999.0 -999 -999 "" "" "" "" 0 0 0.0 0.0 -999 ""
FIBERMAP 918 R-4C10 BOSS 1 1 0 1 0 0 -40.7921901665702 -65.8021774594515 143.1 -69.2061942898226 -34.66663579372133 67.32957 123.70949 103.00923084775876 3.8728643283715822 -0.31190845 -3.3986664 -0.9620649 103.009201629916 3.8728967839563007 103.02787156546987 3.8484600810342906 42.79790509375834 240.8441953690879 5400.0 5400.0 2016.0 1 408 {-999.0 15.85826 14.8714285 14.518943 -999.0} sdss_psfmag_ps1 15.420668 15.154249 14.028318 12.667 63050395117943861 1093344530 bright_3x1 mwm_astar_core_boss mwm_ob science 0 0 0.0 0.0 -999 ""
FIBERMAP 918 R-4C10 METROLOGY 0 0 0 1 0 0 -40.99945954898102 -66.5105600471403 143.1 -69.75376826355797 -35.161295073157824 67.32957 123.70949 -999.0 -999.0 -999.0 -999.0 -999.0 103.00676440683283 3.8706839539020477 103.02538359081979 3.84621186783725 42.794556072350964 240.8442305794387 -999.0 6231.0 -999.0 -1 -999 {-999.0 -999.0 -999.0 -999.0 -999.0} "" -999.0 -999.0 -999.0 -999.0 -999 -999 "" "" "" "" 0 0 0.0 0.0 -999 ""
FIBERMAP 919 R-12C2 APOGEE 0 0 0 1 0 0 -136.97052497461542 -249.03327735596275 143.1 -247.08981809213395 -140.31863940628702 284.25793 91.60835 -999.0 -999.0 -999.0 -999.0 -999.0 102.20795106944917 3.3941021146699355 102.2255154915739 3.3717324391135617 41.885604256573714 241.1016000685211 -999.0 16600.0 -999.0 2 204 {-999.0 -999.0 -999.0 -999.0 -999.0} "" -999.0 -999.0 -999.0 -999.0 -999 -999 "" "" "" "" 0 0 0.0 0.0 -999 ""
FIBERMAP 919 R-12C2 BOSS 1 1 0 1 0 0 -137.68362149387295 -249.24371046224906 143.1 -247.80729600120088 -140.12429639833 284.25793 91.60835 102.20411462075049 3.3948494449925635 -0.30739465 0.58831763 0.18282369 102.20458100751178 3.394840989519509 102.22231617910876 3.372633718239005 41.88385767689529 241.10539017238725 5400.0 5400.0 2016.0 1 339 {-999.0 12.294888 11.499638 11.2042 -999.0} sdss_psfmag_gaia 12.0497265 11.541481 10.841451 9.579 63050395117715580 1093488374 bright_3x1 mwm_astar_core_boss mwm_ob science 0 0 1.5931836366653442 0.0 -999 ""
FIBERMAP 919 R-12C2 METROLOGY 0 0 0 1 0 0 -137.51832770527778 -248.51250711426212 143.1 -247.28351275561235 -139.58821578170839 284.25793 91.60835 -999.0 -999.0 -999.0 -999.0 -999.0 102.20693857174287 3.397286522628365 102.22463136100197 3.375028921784882 41.887179764324316 241.10566623055627 -999.0 6231.0 -999.0 -1 -999 {-999.0 -999.0 -999.0 -999.0 -999.0} "" -999.0 -999.0 -999.0 -999.0 -999 -999 "" "" "" "" 0 0 0.0 0.0 -999 ""
FIBERMAP 920 R+5C2 APOGEE 0 0 0 1 0 0 -214.86614360032073 110.60544898318716 143.1 -125.03392516624054 206.74056345231008 103.74158 110.969086 -999.0 -999.0 -999.0 -999.0 -999.0 102.754121062386 4.9666220620413934 102.77534179784129 4.942477828668382 43.34559392518101 242.1857114364696 -999.0 16600.0 -999.0 2 -999 {-999.0 -999.0 -999.0 -999.0 -999.0} "" -999.0 -999.0 -999.0 -999.0 -999 -999 "" "" "" "" 0 0 0.0 0.0 -999 ""
FIBERMAP 920 R+5C2 BOSS 1 1 0 1 0 0 -214.31474195314325 111.0345682241911 143.1 -124.3395867299346 206.81714597042696 103.74158 110.969086 102.75712229820563 4.966881938816962 -1.327223 -5.1928654 0.94826514 102.75709189679009 4.966873842871004 102.77847442414202 4.942865586480344 43.348181736599734 242.18325382733576 5400.0 5400.0 2016.0 1 71 {-999.0 15.527143 14.974912 14.754021 -999.0} sdss_psfmag_from_g3xp 15.398169 14.995395 14.416876 13.323 63050395118256238 981640558 "" ops_std_boss_tic ops_std standard_boss 0 0 0.0 0.0 -999 ""
FIBERMAP 920 R+5C2 METROLOGY 0 0 0 1 0 0 -214.18727499595582 110.2959342040256 143.1 -124.61795796250686 206.12138127706592 103.74158 110.969086 -999.0 -999.0 -999.0 -999.0 -999.0 102.75587188533478 4.963775406708504 102.77720132258003 4.939730246084082 43.345148644721846 242.18119599033201 -999.0 6231.0 -999.0 -1 -999 {-999.0 -999.0 -999.0 -999.0 -999.0} "" -999.0 -999.0 -999.0 -999.0 -999 -999 "" "" "" "" 0 0 0.0 0.0 -999 ""
FIBERMAP 921 R+2C21 APOGEE 1 1 0 1 0 0 186.56457126197003 51.14741877337504 143.1 185.6640770961806 -54.17253388212388 68.83088 106.97289 104.17024750035543 3.7876472183644743 -0.4857336 1.7226799 0.4960161 104.17024749767269 3.7876650366906515 104.18825036392377 3.7600547008710272 43.58486513595398 239.6730045798281 16000.0 16600.0 2016.0 2 80 {-999.0 14.046066 12.972601 12.534305 -999.0} sdss_psfmag_gaia 13.68068 12.983427 12.171517 10.481 63050395117953709 1110601024 bright_flexible_2x1 mwm_tess_rgb_apogee mwm_tessrgb science 0 0 0.0 0.0 -999 ""
FIBERMAP 921 R+2C21 BOSS 0 0 0 1 0 0 187.3074430324767 51.13474905435969 143.1 186.2900429360054 -54.57246026840691 68.83088 106.97289 -999.0 -999.0 -999.0 -999.0 -999.0 104.17296792801963 3.7856989809380934 104.19112164736441 3.7582290857985226 43.585696267331336 239.668456946285 -999.0 5400.0 -999.0 1 223 {-999.0 -999.0 -999.0 -999.0 -999.0} "" -999.0 -999.0 -999.0 -999.0 -999 -999 "" "" "" "" 0 0 0.0 0.0 -999 ""
FIBERMAP 921 R+2C21 METROLOGY 0 0 0 1 0 0 186.93691775938024 50.48897676492123 143.1 185.636243230652 -54.92828482528403 68.83088 106.97289 -999.0 -999.0 -999.0 -999.0 -999.0 104.170047776192 3.7841181955157164 104.18815416575757 3.75661457425965 43.58243452663904 239.66964116163484 -999.0 6231.0 -999.0 -1 -999 {-999.0 -999.0 -999.0 -999.0 -999.0} "" -999.0 -999.0 -999.0 -999.0 -999 -999 "" "" "" "" 0 0 0.0 0.0 -999 ""
FIBERMAP 925 R-13C12 APOGEE 0 0 0 1 0 0 101.6814736694521 -239.26080599960662 143.1 -38.74335265508328 -257.0094471928707 85.99169 117.743095 -999.0 -999.0 -999.0 -999.0 -999.0 103.15215384786013 2.8682839505982956 103.16820949475624 2.843540616373788 42.21521228272563 239.71742293852412 -999.0 16600.0 -999.0 2 182 {-999.0 -999.0 -999.0 -999.0 -999.0} "" -999.0 -999.0 -999.0 -999.0 -999 -999 "" "" "" "" 0 0 0.0 0.0 -999 ""
FIBERMAP 925 R-13C12 BOSS 1 1 0 1 0 0 102.35409260777 -238.94383032112475 143.1 -38.00453395997663 -257.09185911336954 85.99169 117.743095 103.15535538141943 2.867745659529809 -0.76306427 0.055074245 0.086193666 103.15533669861414 2.867750600844799 103.17155394216485 2.8431534194138295 42.21737493097691 239.71394607738932 5400.0 5400.0 2016.0 1 337 {-999.0 16.30386 15.899299 15.666038 -999.0} sdss_psfmag_ps1 16.19977 15.832725 15.289284 14.341 63050395117484753 1093344064 bright_3x1 mwm_astar_core_boss mwm_ob science 0 0 0.0 0.0 -999 ""
FIBERMAP 925 R-13C12 METROLOGY 0 0 0 1 0 0 102.3012075971304 -239.6795238951506 143.1 -38.43494608386415 -257.6906463510273 85.99169 117.743095 -999.0 -999.0 -999.0 -999.0 -999.0 103.15344700019128 2.8651282164811116 103.16961206614684 2.840492843215157 42.21413807876791 239.7131325016636 -999.0 6231.0 -999.0 -1 -999 {-999.0 -999.0 -999.0 -999.0 -999.0} "" -999.0 -999.0 -999.0 -999.0 -999 -999 "" "" "" "" 0 0 0.0 0.0 -999 ""
FIBERMAP 932 R0C19 APOGEE 1 1 0 1 0 0 128.1866159524652 11.29434004298873 143.1 115.07535869004732 -57.52993756661792 84.31443 54.883827 103.8501830483219 3.771309329088754 2.0287826 -2.6886442 0.6584447 103.85018170727203 3.771308519502096 103.86822695346012 3.74453830428777 43.34161885920974 239.95886453026247 16000.0 16600.0 2016.0 2 64 {-999.0 13.647448 13.115278 12.9018545 -999.0} sdss_psfmag_from_g3xp 13.525004 13.13053 12.56137 11.649 63050395117957510 1103945567 bright_flexible_5x1 mwm_tess_rgb_apogee mwm_tessrgb science 0 0 0.0 0.0 -999 ""
FIBERMAP 932 R0C19 BOSS 0 0 0 1 0 0 128.79216003091034 10.852956596945985 143.1 115.35980884288783 -58.22300483804357 84.31443 54.883827 -999.0 -999.0 -999.0 -999.0 -999.0 103.8513689164579 3.7679885458992346 103.86956393845054 3.7413638384306354 43.34042065843898 239.95442576997795 -999.0 5400.0 -999.0 1 242 {-999.0 -999.0 -999.0 -999.0 -999.0} "" -999.0 -999.0 -999.0 -999.0 -999 -999 "" "" "" "" 0 0 0.0 0.0 -999 ""
FIBERMAP 932 R0C19 METROLOGY 0 0 0 1 0 0 128.12301647108396 10.520807079465618 143.1 114.61600116632303 -58.15533490917938 84.31443 54.883827 -999.0 -999.0 -999.0 -999.0 -999.0 103.84802131843412 3.768331840357729 103.86617324190127 3.7416739068558655 43.338164655007226 239.95791890146293 -999.0 6231.0 -999.0 -1 -999 {-999.0 -999.0 -999.0 -999.0 -999.0} "" -999.0 -999.0 -999.0 -999.0 -999 -999 "" "" "" "" 0 0 0.0 0.0 -999 ""
FIBERMAP 934 R+3C10 APOGEE 0 0 0 1 0 0 -61.129826943129345 74.17050108675345 143.1 -13.20332547644143 95.1824408597287 133.71808 86.77798 -999.0 -999.0 -999.0 -999.0 -999.0 103.26355838444877 4.46496709140933 103.28342873277194 4.439588397868195 43.38507954632235 241.20553478515873 -999.0 16600.0 -999.0 2 -999 {-999.0 -999.0 -999.0 -999.0 -999.0} "" -999.0 -999.0 -999.0 -999.0 -999 -999 "" "" "" "" 0 0 0.0 0.0 -999 ""
FIBERMAP 934 R+3C10 BOSS 1 1 0 1 0 0 -60.48108031397818 74.68237532172444 143.1 -12.38274217753772 95.27850245881959 133.71808 86.77798 103.26715810713897 4.46532153653244 0.14006384 0.46994305 -0.36025327 103.26713834001411 4.465315797490078 103.28716862541802 4.44007304842303 43.388161918453505 241.2025717604846 5400.0 5400.0 2016.0 1 24 {-999.0 14.760182 14.278011 13.992904 -999.0} sdss_psfmag_ps1 14.586645 14.213203 13.617905 12.747 63050395118182360 1093344575 bright_3x1 mwm_astar_core_boss mwm_ob science 0 0 0.0 0.0 -999 ""
FIBERMAP 934 R+3C10 METROLOGY 0 0 0 1 0 0 -60.42116679406523 73.93712847987716 143.1 -12.72210344554032 94.61249293430257 133.71808 86.77798 -999.0 -999.0 -999.0 -999.0 -999.0 103.26564191332702 4.462316662877638 103.28561999691328 4.437037269665795 43.384975870752896 241.20091542388207 -999.0 6231.0 -999.0 -1 -999 {-999.0 -999.0 -999.0 -999.0 -999.0} "" -999.0 -999.0 -999.0 -999.0 -999 -999 "" "" "" "" 0 0 0.0 0.0 -999 ""
FIBERMAP 936 R+2C20 APOGEE 0 0 0 1 0 0 176.65803501729766 32.9406415005836 143.1 167.69080431418342 -64.48743882979707 42.513786 43.180374 -999.0 -999.0 -999.0 -999.0 -999.0 104.0889389824662 3.7405501313692024 104.10684928226237 3.7131621249664017 43.49359931355169 239.7028303200803 -999.0 16600.0 -999.0 2 -999 {-999.0 -999.0 -999.0 -999.0 -999.0} "" -999.0 -999.0 -999.0 -999.0 -999 -999 "" "" "" "" 0 0 0.0 0.0 -999 ""
FIBERMAP 936 R+2C20 BOSS 1 1 0 1 0 0 176.62793976450595 32.19530450006974 143.1 167.27474761927797 -65.10637598080928 42.513786 43.180374 104.08695727731266 3.7375743713690106 -0.45672992 0.6518172 0.34786147 104.08694890198437 3.7375658896304937 104.1050093633284 3.7103312871077447 43.49032138652393 239.70172762972186 5400.0 5400.0 2016.0 1 222 {-999.0 16.274502 16.05511 15.852125 -999.0} sdss_psfmag_ps1 16.187326 15.923468 15.507369 14.868 63050395117953515 979715178 "" ops_std_boss ops_std standard_boss 0 0 0.0 0.0 -999 ""
FIBERMAP 936 R+2C20 METROLOGY 0 0 0 1 0 0 175.99725348752563 32.59418840069282 143.1 166.94662481610987 -64.43632958044735 42.513786 43.180374 -999.0 -999.0 -999.0 -999.0 -999.0 104.08550020448898 3.7406469486663076 104.10352399964847 3.7133736501552175 43.491330115148294 239.70618038062236 -999.0 6231.0 -999.0 -1 -999 {-999.0 -999.0 -999.0 -999.0 -999.0} "" -999.0 -999.0 -999.0 -999.0 -999 -999 "" "" "" "" 0 0 0.0 0.0 -999 ""
FIBERMAP 938 R+12C15 APOGEE 0 0 0 1 0 0 150.35047633710894 253.34349194621643 143.1 260.7415110582789 136.98026327499946 174.64688 30.345808 -999.0 -999.0 -999.0 -999.0 -999.0 104.50466517385026 4.652549199350676 104.52466612924479 4.6238881379947205 44.42027791886409 240.23061049819455 -999.0 16600.0 -999.0 2 44 {-999.0 -999.0 -999.0 -999.0 -999.0} "" -999.0 -999.0 -999.0 -999.0 -999 -999 "" "" "" "" 0 0 0.0 0.0 -999 ""
FIBERMAP 938 R+12C15 BOSS 1 1 0 1 0 0 151.0215721900481 253.66027091572772 143.1 261.4789297074966 136.89848167963365 174.64688 30.345808 104.50787706476245 4.651999666281381 -6.5576673 5.351388 -0.20919316 104.5077829709422 4.652004411461985 104.52793478727642 4.62347715302567 44.42238382522587 240.22708258887508 5400.0 5400.0 2016.0 1 179 {-999.0 14.883806 14.372013 14.200095 -999.0} sdss_psfmag_gaia 14.300196 14.407485 13.392135 12.226 63050395118085032 1093448070 bright_3x1 mwm_astar_core_boss mwm_ob science 0 0 0.0 0.0 -999 ""
FIBERMAP 938 R+12C15 METROLOGY 0 0 0 1 0 0 150.96575967007135 252.9183527698486 143.1 261.04276401569217 136.29592733529933 174.64688 30.345808 -999.0 -999.0 -999.0 -999.0 -999.0 104.50590738801993 4.649350668923459 104.52600993798757 4.620788657208568 44.41914798909366 240.22615558040718 -999.0 6231.0 -999.0 -1 -999 {-999.0 -999.0 -999.0 -999.0 -999.0} "" -999.0 -999.0 -999.0 -999.0 -999 -999 "" "" "" "" 0 0 0.0 0.0 -999 ""
FIBERMAP 940 R+12C5 APOGEE 0 0 0 1 0 0 -83.27686079078472 240.52527385457245 143.1 55.07841616415055 248.44536355883835 185.439 81.3005 -999.0 -999.0 -999.0 -999.0 -999.0 103.57249833449077 5.157070334810959 103.59396403998562 5.130740461154037 44.07850586868292 241.62670110602352 -999.0 16600.0 -999.0 2 -999 {-999.0 -999.0 -999.0 -999.0 -999.0} "" -999.0 -999.0 -999.0 -999.0 -999 -999 "" "" "" "" 0 0 0.0 0.0 -999 ""
FIBERMAP 940 R+12C5 BOSS 1 1 0 1 0 0 -83.22973968014205 241.2590440425771 143.1 55.50291243612611 249.04553220525315 185.439 81.3005 103.5742595938562 5.159630145268761 4.1355367 -1.1372049 1.9805604 103.57425939252275 5.159623968799088 103.59588799329475 5.133430038106487 44.081729908482956 241.62769655807654 5400.0 5400.0 2016.0 1 157 {-999.0 21.276363 19.80336 18.580235 -999.0} sdss_psfmag_ps1 20.668522 19.162949 18.01173 15.625 63050395118205738 1096600681 bright_1x1 mwm_bin_vis_boss mwm_filler science 0 0 0.0 0.0 -999 ""
FIBERMAP 940 R+12C5 METROLOGY 0 0 0 1 0 0 -82.61104811591099 240.8619568842744 143.1 55.82176216250977 248.3832990162596 185.439 81.3005 -999.0 -999.0 -999.0 -999.0 -999.0 103.57576630732774 5.156701853505184 103.59734287670926 5.130464600740524 44.080821034068535 241.62327960451935 -999.0 6231.0 -999.0 -1 -999 {-999.0 -999.0 -999.0 -999.0 -999.0} "" -999.0 -999.0 -999.0 -999.0 -999 -999 "" "" "" "" 0 0 0.0 0.0 -999 ""
FIBERMAP 941 R-13C14 APOGEE 0 0 0 1 0 0 166.1430534945297 -255.67576502709807 143.1 7.551164351215727 -304.75463441442827 50.797234 43.177013 -999.0 -999.0 -999.0 -999.0 -999.0 103.36230714704372 2.656754775422179 103.37780255676927 2.6315058893405117 42.22116146523743 239.31515849187198 -999.0 16600.0 -999.0 2 -999 {-999.0 -999.0 -999.0 -999.0 -999.0} "" -999.0 -999.0 -999.0 -999.0 -999 -999 "" "" "" "" 0 0 0.0 0.0 -999 ""
FIBERMAP 941 R-13C14 BOSS 1 1 0 1 0 0 166.1974913034224 -256.414293112956 143.1 7.210659641784419 -305.41205415773703 50.797234 43.177013 103.3605939189769 2.653718918778548 -0.32412654 -1.1663157 0.06986633 103.36061093772155 2.653728447421033 103.37626249237695 2.6286398342032533 42.218070488720635 239.31379012101462 5400.0 5400.0 2016.0 1 257 {-999.0 15.497152 14.915153 14.619173 -999.0} sdss_psfmag_from_g3xp 15.349552 14.904406 14.245636 13.12 63050395117417860 1093208256 bright_3x1 mwm_astar_core_boss mwm_ob science 0 0 0.0 0.0 -999 ""
FIBERMAP 941 R-13C14 METROLOGY 0 0 0 1 0 0 165.5238432675724 -256.0919869334693 143.1 6.805838582918731 -304.78471397284596 50.797234 43.177013 -999.0 -999.0 -999.0 -999.0 -999.0 103.35882357215651 2.6565330931976687 103.37443611602447 2.6314045786090565 42.218657101310036 239.31819217119374 -999.0 6231.0 -999.0 -1 -999 {-999.0 -999.0 -999.0 -999.0 -999.0} "" -999.0 -999.0 -999.0 -999.0 -999 -999 "" "" "" "" 0 0 0.0 0.0 -999 ""
FIBERMAP 942 R+1C24 APOGEE 1 1 0 1 0 0 242.7611850521118 23.424974217903014 143.1 218.99726764317282 -107.21734103316865 341.1015 154.97456 104.31989061666438 3.54818366675787 2.3691936 -4.9542193 2.242726 104.31989039093627 3.5482173341134873 104.33728012204807 3.520266932171645 43.52788553126728 239.29166605480737 16000.0 16600.0 2016.0 2 59 {-999.0 10.201405 10.256333 10.345236 -999.0} sdss_psfmag_from_g3xp 10.281377 10.192611 10.025049 9.761 63050395117901775 974928018 "" ops_std_apogee ops_std standard_apogee 0 0 0.0 0.0 -999 ""
FIBERMAP 942 R+1C24 BOSS 0 0 0 1 0 0 243.3061937873636 22.926465378793694 143.1 219.20024419611022 -107.9273440823664 341.1015 154.97456 -999.0 -999.0 -999.0 -999.0 -999.0 104.32065723991597 3.544855780757644 104.33819460901401 3.517052214982813 43.52633023934834 239.2875865974126 -999.0 5400.0 -999.0 1 183 {-999.0 -999.0 -999.0 -999.0 -999.0} "" -999.0 -999.0 -999.0 -999.0 -999 -999 "" "" "" "" 0 0 0.0 0.0 -999 ""
FIBERMAP 942 R+1C24 METROLOGY 0 0 0 1 0 0 242.5903459174981 22.69788964504766 143.1 218.47091971376835 -107.74700944098925 341.1015 154.97456 -999.0 -999.0 -999.0 -999.0 -999.0 104.3174241811585 3.5456933515850837 104.33492020790413 3.517856070521701 43.52451722207724 239.2914973666256 -999.0 6231.0 -999.0 -1 -999 {-999.0 -999.0 -999.0 -999.0 -999.0} "" -999.0 -999.0 -999.0 -999.0 -999 -999 "" "" "" "" 0 0 0.0 0.0 -999 ""
FIBERMAP 943 R-4C19 APOGEE 0 0 0 1 0 0 146.97245453659963 -67.13536993779374 143.1 89.98898829766598 -134.15838319828467 143.86327 106.31354 -999.0 -999.0 -999.0 -999.0 -999.0 103.73610376416894 3.4230309953073554 103.7533410695101 3.396633725030088 43.01974478385504 239.71904179243603 -999.0 16600.0 -999.0 2 223 {-999.0 -999.0 -999.0 -999.0 -999.0} "" -999.0 -999.0 -999.0 -999.0 -999 -999 "" "" "" "" 0 0 0.0 0.0 -999 ""
FIBERMAP 943 R-4C19 BOSS 1 1 0 1 0 0 147.22216300550028 -66.4308227990398 143.1 90.57069273790653 -133.68922084556172 143.86327 106.31354 103.73866410153312 3.4249766340292527 0.0017278157 0.47366002 0.1751516 103.73862231821667 3.424970045909167 103.75602296225952 3.398715787235188 43.02312091795157 239.71860071647285 5400.0 5400.0 2016.0 1 291 {-999.0 14.78983 14.413857 14.241886 -999.0} sdss_psfmag_from_g3xp 14.729667 14.395379 13.876672 13.001 63050395117925890 1093208331 bright_3x1 mwm_astar_core_boss mwm_ob science 0 0 0.0 0.0 -999 ""
FIBERMAP 943 R-4C19 METROLOGY 0 0 0 1 0 0 147.70418345279506 -66.99762185715906 143.1 90.68425839968207 -134.42438231041544 143.86327 106.31354 -999.0 -999.0 -999.0 -999.0 -999.0 103.73917585600384 3.4216944872698303 103.75652334399615 3.3953969788083334 43.02120690590663 239.7148297578268 -999.0 6231.0 -999.0 -1 -999 {-999.0 -999.0 -999.0 -999.0 -999.0} "" -999.0 -999.0 -999.0 -999.0 -999 -999 "" "" "" "" 0 0 0.0 0.0 -999 ""
FIBERMAP 944 R-1C11 APOGEE 0 0 0 1 0 0 -35.89679085518537 -20.86481609472726 143.1 -41.49798508850957 1.0360387029476963 48.028343 54.120518 -999.0 -999.0 -999.0 -999.0 -999.0 103.13536596386461 4.036018490689136 103.1542337970098 4.01106633923319 43.00075827847031 240.8911631249926 -999.0 16600.0 -999.0 2 282 {-999.0 -999.0 -999.0 -999.0 -999.0} "" -999.0 -999.0 -999.0 -999.0 -999 -999 "" "" "" "" 0 0 0.0 0.0 -999 ""
FIBERMAP 944 R-1C11 BOSS 1 1 0 1 0 0 -35.77385846409389 -21.589885212501052 143.1 -41.77311211194064 0.3542007218119055 48.028343 54.120518 103.13391635382607 4.032715992669819 -0.92112714 -0.5026425 0.20175867 103.13393323709927 4.032760423462334 103.15295514112864 4.007960760863457 42.99771806355053 240.88921564201155 5400.0 5400.0 2016.0 1 440 {-999.0 15.638731 14.9205885 14.55144 -999.0} sdss_psfmag_from_g3xp 15.432614 14.885153 14.163642 12.943 63050395118152619 1093208249 bright_3x1 mwm_astar_core_boss mwm_ob science 0 0 0.0 0.0 -999 ""
FIBERMAP 944 R-1C11 METROLOGY 0 0 0 1 0 0 -36.47054312548152 -21.349060716418713 143.1 -42.240232741785775 0.9242213049509229 48.028343 54.120518 -999.0 -999.0 -999.0 -999.0 -999.0 103.13184365324688 4.035393355679148 103.15082667627854 4.010556666184657 42.997910348883245 240.8937934676835 -999.0 6231.0 -999.0 -1 -999 {-999.0 -999.0 -999.0 -999.0 -999.0} "" -999.0 -999.0 -999.0 -999.0 -999 -999 "" "" "" "" 0 0 0.0 0.0 -999 ""
FIBERMAP 948 R-8C9 APOGEE 0 0 0 1 0 0 -25.702795527821262 -144.64928254876736 143.1 -97.65896539172127 -109.71421769484095 90.120964 133.78056 -999.0 -999.0 -999.0 -999.0 -999.0 102.88118210958835 3.5316491691083756 102.89890092891648 3.507473513554778 42.47210947025025 240.62211104215694 -999.0 16600.0 -999.0 2 -999 {-999.0 -999.0 -999.0 -999.0 -999.0} "" -999.0 -999.0 -999.0 -999.0 -999 -999 "" "" "" "" 0 0 0.0 0.0 -999 ""
FIBERMAP 948 R-8C9 BOSS 1 1 0 1 0 0 -25.16712173437461 -144.12707402107958 143.1 -96.929257413996 -109.55012502765561 90.120964 133.78056 102.8843086289375 3.532177392552615 -3.2288587 8.08772 0.9791842 102.88429529790388 3.53220239100889 102.90217854945575 3.508169751703592 42.47498387324792 240.61979226821458 5400.0 5400.0 2016.0 1 384 {-999.0 14.667395 14.288225 14.159771 -999.0} sdss_psfmag_ps1 14.587965 14.280908 13.805557 12.974 63050395117939440 978396957 "" ops_std_boss ops_std standard_boss 0 0 0.0 0.0 -999 ""
FIBERMAP 948 R-8C9 METROLOGY 0 0 0 1 0 0 -24.98456789708346 -144.8513000008762 143.1 -97.1531713213399 -110.26247642855083 90.120964 133.78056 -999.0 -999.0 -999.0 -999.0 -999.0 102.8833467012777 3.529020802582938 102.90117610064107 3.5049484784318476 42.47206196648549 240.61750740461895 -999.0 6231.0 -999.0 -1 -999 {-999.0 -999.0 -999.0 -999.0 -999.0} "" -999.0 -999.0 -999.0 -999.0 -999 -999 "" "" "" "" 0 0 0.0 0.0 -999 ""
FIBERMAP 950 R-5C15 APOGEE 0 0 0 1 0 0 64.25701776588755 -104.99372393136638 143.1 -0.27975129040486296 -123.06848837902939 230.09421 93.664856 -999.0 -999.0 -999.0 -999.0 -999.0 103.32496882047816 3.4718635199879095 103.34242885402813 3.4465340039525967 42.75485757068156 240.15187278602465 -999.0 16600.0 -999.0 2 -999 {-999.0 -999.0 -999.0 -999.0 -999.0} "" -999.0 -999.0 -999.0 -999.0 -999 -999 "" "" "" "" 0 0 0.0 0.0 -999 ""
FIBERMAP 950 R-5C15 BOSS 1 1 0 1 0 0 63.655711737301004 -104.56727273625195 143.1 -0.5684144108017579 -122.39035688052353 230.09421 93.664856 103.3234896032691 3.474738215603692 0.30938107 0.029556956 0.0539664 103.32348421562888 3.474731305187327 103.34111307226158 3.449555732960395 42.75596091407307 240.15610098836277 5400.0 5400.0 2016.0 1 315 {-999.0 14.757547 13.819959 13.455073 -999.0} sdss_psfmag_gaia 14.446509 13.851282 13.085875 11.706 63050395117924471 1093448023 bright_3x1 mwm_astar_core_boss mwm_ob science 0 0 0.0 0.0 -999 ""
FIBERMAP 950 R-5C15 METROLOGY 0 0 0 1 0 0 64.31974074931995 -104.25026726964282 143.1 0.16310501915806885 -122.4682437873816 230.09421 93.664856 -999.0 -999.0 -999.0 -999.0 -999.0 103.32686559521055 3.4744397183636604 103.34444708578246 3.4492126292341014 42.75815834948753 240.15266508033721 -999.0 6231.0 -999.0 -1 -999 {-999.0 -999.0 -999.0 -999.0 -999.0} "" -999.0 -999.0 -999.0 -999.0 -999 -999 "" "" "" "" 0 0 0.0 0.0 -999 ""
FIBERMAP 951 R+2C24 APOGEE 0 0 0 1 0 0 237.35251608707122 35.718385503683805 143.1 220.8310794297918 -93.91550453057954 162.10197 148.13657 -999.0 -999.0 -999.0 -999.0 -999.0 104.32833971195872 3.6083890457488574 104.34587175563735 3.580403849484203 43.575545984348075 239.3436320443569 -999.0 16600.0 -999.0 2 -999 {-999.0 -999.0 -999.0 -999.0 -999.0} "" -999.0 -999.0 -999.0 -999.0 -999 -999 "" "" "" "" 0 0 0.0 0.0 -999 ""
FIBERMAP 951 R+2C24 BOSS 1 1 0 1 0 0 236.86506769544255 36.27936744572439 143.1 220.7098443574381 -93.18245339906788 162.10197 148.13657 104.32754955227074 3.611588897205237 43.333504 -20.404615 5.4488506 104.32767772067716 3.6115407123687904 104.34537324003605 3.5837043247579112 43.577459295909186 239.34740722203668 5400.0 5400.0 2016.0 1 185 {-999.0 21.040878 19.543846 17.856363 -999.0} sdss_psfmag_ps1 20.326412 18.58571 17.35657 15.007 63050395117902180 1077921799 bright_flexible_2x1 mwm_snc_ext_main_boss mwm_snc science 0 0 0.0 0.0 -999 ""
FIBERMAP 951 R+2C24 METROLOGY 0 0 0 1 0 0 237.5948042900727 36.42404718409313 143.1 221.40704886984804 -93.44150612884866 162.10197 148.13657 -999.0 -999.0 -999.0 -999.0 -999.0 104.33084258839082 3.6104328089397395 104.34849050129344 3.582546526346931 43.57891655242719 239.34328999508696 -999.0 6231.0 -999.0 -1 -999 {-999.0 -999.0 -999.0 -999.0 -999.0} "" -999.0 -999.0 -999.0 -999.0 -999 -999 "" "" "" "" 0 0 0.0 0.0 -999 ""
FIBERMAP 954 R+12C12 APOGEE 0 0 0 1 0 0 96.23453892614101 226.4895883452557 143.1 200.59150899475827 142.45991872245918 279.94153 149.51813 -999.0 -999.0 -999.0 -999.0 -999.0 104.2348085044984 4.678844719269473 104.25494271855786 4.650881494443953 44.24147772132053 240.51379947604775 -999.0 16600.0 -999.0 2 -999 {-999.0 -999.0 -999.0 -999.0 -999.0} "" -999.0 -999.0 -999.0 -999.0 -999 -999 "" "" "" "" 0 0 0.0 0.0 -999 ""
FIBERMAP 954 R+12C12 BOSS 1 1 0 1 0 0 95.97883363756436 225.7950040885403 143.1 200.00991672118292 142.00238170227348 279.94153 149.51813 104.23205905550888 4.676650074281561 -0.34617347 -0.1578714 0.19079717 104.23207086548501 4.676666472701738 104.25235494029755 4.648853074331372 44.238206795013056 240.51416377417303 5400.0 5400.0 2016.0 1 101 {-999.0 17.33311 16.882025 16.837523 -999.0} sdss_psfmag_ps1 17.236881 16.944956 16.491718 15.664 63050395118089092 978397098 "" ops_std_boss ops_std standard_boss 0 0 0.0 0.0 -999 ""
FIBERMAP 954 R+12C12 METROLOGY 0 0 0 1 0 0 95.50016604753003 226.35783685314877 143.1 199.89712857368855 142.7324092939605 279.94153 149.51813 -999.0 -999.0 -999.0 -999.0 -999.0 104.23157674937842 4.679997166674019 104.25182523873565 4.652144057136921 44.24005270766975 240.51803744703892 -999.0 6231.0 -999.0 -1 -999 {-999.0 -999.0 -999.0 -999.0 -999.0} "" -999.0 -999.0 -999.0 -999.0 -999 -999 "" "" "" "" 0 0 0.0 0.0 -999 ""
FIBERMAP 956 R+10C8 APOGEE 0 0 0 1 0 0 -39.23741955548924 180.54490811687322 143.1 61.161385939345074 174.2991551980681 283.54028 35.41079 -999.0 -999.0 -999.0 -999.0 -999.0 103.60172575917696 4.824068478151606 103.62237640618878 4.7977296614598774 43.87600245557412 241.25723125667787 -999.0 16600.0 -999.0 2 -999 {-999.0 -999.0 -999.0 -999.0 -999.0} "" -999.0 -999.0 -999.0 -999.0 -999 -999 "" "" "" "" 0 0 0.0 0.0 -999 ""
FIBERMAP 956 R+10C8 BOSS 1 1 0 1 0 0 -39.80905432795879 181.02224306851983 143.1 60.924644137794196 175.00507480819158 283.54028 35.41079 103.60047229271468 4.827210179984042 4.3012605 -6.7146587 1.4874604 103.60049461071341 4.827162169253449 103.62131065058657 4.800968709492326 43.87739570475648 241.26154706355203 5400.0 5400.0 2016.0 1 120 {-999.0 18.544085 17.122671 16.566652 -999.0} sdss_psfmag_ps1 17.954924 17.074982 16.160715 14.35 63050395118191670 1096565760 bright_1x1 mwm_bin_vis_boss mwm_filler science 0 0 0.0 0.0 -999 ""
FIBERMAP 956 R+10C8 METROLOGY 0 0 0 1 0 0 -39.10737911087496 181.27958591242464 143.1 61.6569687328027 174.8566612299196 283.54028 35.41079 -999.0 -999.0 -999.0 -999.0 -999.0 103.6038737400453 4.826523269860131 103.62464267723288 4.800280635150135 43.87938949059049 241.25774192477041 -999.0 6231.0 -999.0 -1 -999 {-999.0 -999.0 -999.0 -999.0 -999.0} "" -999.0 -999.0 -999.0 -999.0 -999 -999 "" "" "" "" 0 0 0.0 0.0 -999 ""
FIBERMAP 962 R-1C12 APOGEE 0 0 0 1 0 0 -12.438462378167092 -22.73532847229311 143.1 -22.501552674244973 -12.84495978938187 61.054115 28.137371 -999.0 -999.0 -999.0 -999.0 -999.0 103.22227207122407 3.9730212855452027 103.2409652973027 3.9478542338988865 43.021635479089504 240.74743062385986 -999.0 16600.0 -999.0 2 -999 {-999.0 -999.0 -999.0 -999.0 -999.0} "" -999.0 -999.0 -999.0 -999.0 -999 -999 "" "" "" "" 0 0 0.0 0.0 -999 ""
FIBERMAP 962 R-1C12 BOSS 1 1 0 1 0 0 -12.431355600950987 -23.47466256222402 143.1 -22.88278497768956 -13.478272558943948 61.054115 28.137371 103.22013452669107 3.969954737585507 -0.33149257 0.42489004 0.16195337 103.22036461110126 3.9699749403642577 103.2392121791546 3.944961728971801 43.01838921667046 240.74614227853897 5400.0 5400.0 2016.0 1 439 {-999.0 14.14074 13.560243 13.258462 -999.0} sdss_psfmag_from_g3xp 13.994701 13.527469 12.872076 11.75 63050395117950021 1068446295 bright_3x1 mwm_ob_core_boss mwm_ob science 0 0 0.9308644533157349 0.0 -999 ""
FIBERMAP 962 R-1C12 METROLOGY 0 0 0 1 0 0 -13.082890284535729 -23.111326682402048 143.1 -23.247282588185328 -12.827576574011166 61.054115 28.137371 -999.0 -999.0 -999.0 -999.0 -999.0 103.21874030172485 3.972978762616178 103.23754985848569 3.947927176088271 43.019179139352886 240.75066207681084 -999.0 6231.0 -999.0 -1 -999 {-999.0 -999.0 -999.0 -999.0 -999.0} "" -999.0 -999.0 -999.0 -999.0 -999 -999 "" "" "" "" 0 0 0.0 0.0 -999 ""
FIBERMAP 963 R+9C11 APOGEE 0 0 0 1 0 0 14.328450362107109 172.05836716057482 143.1 102.33064279380007 139.01300266749976 231.8271 64.583176 -999.0 -999.0 -999.0 -999.0 -999.0 103.78984350412192 4.664495975922054 103.81005871440163 4.6376976437017 43.90626200921214 240.91823981351695 -999.0 16600.0 -999.0 2 28 {-999.0 -999.0 -999.0 -999.0 -999.0} "" -999.0 -999.0 -999.0 -999.0 -999 -999 "" "" "" "" 0 0 0.0 0.0 -999 ""
FIBERMAP 963 R+9C11 BOSS 1 1 0 1 0 0 13.979225560836426 172.71300852213585 143.1 102.376175368649 139.75340531734125 231.8271 64.583176 103.78990509810264 4.667765295722456 -0.38309732 -0.71961874 0.27558404 103.789911708542 4.667748312016352 103.81029158480118 4.641092347539086 43.90872649881339 240.92149620158054 5400.0 5400.0 2016.0 1 133 {-999.0 17.42137 16.612328 16.2422 15.957876} sdss_psfmag_from_ps1dr2 17.1947 16.6088 15.875 14.507 63050395118186829 1039371924 "" ops_std_boss_ps1dr2 ops_std standard_boss 0 0 0.0 0.0 -999 ""
FIBERMAP 963 R+9C11 METROLOGY 0 0 0 1 0 0 14.749940101259046 172.6792668736057 143.1 103.01481302467286 139.32095000881242 231.8271 64.583176 -999.0 -999.0 -999.0 -999.0 -999.0 103.79286405353348 4.665820636253219 103.81319404754157 4.639116764595428 43.90952479458892 240.9167616216805 -999.0 6231.0 -999.0 -1 -999 {-999.0 -999.0 -999.0 -999.0 -999.0} "" -999.0 -999.0 -999.0 -999.0 -999 -999 "" "" "" "" 0 0 0.0 0.0 -999 ""
FIBERMAP 964 R+8C14 APOGEE 0 0 0 1 0 0 91.91035678709366 133.63721921672115 143.1 148.27048681003413 65.65534544391522 346.6583 26.504969 -999.0 -999.0 -999.0 -999.0 -999.0 104.00000322668527 4.3317075528406965 104.01936000478281 4.304428390402382 43.83375691737102 240.3821678556311 -999.0 16600.0 -999.0 2 -999 {-999.0 -999.0 -999.0 -999.0 -999.0} "" -999.0 -999.0 -999.0 -999.0 -999 -999 "" "" "" "" 0 0 0.0 0.0 -999 ""
FIBERMAP 964 R+8C14 BOSS 1 1 0 1 0 0 91.16082243496606 133.44785690327777 143.1 147.53301724614508 65.88671874404959 346.6583 26.504969 103.99628818158389 4.332625340950056 -1.1783056 -0.23608807 -1.9839793 103.99654898624964 4.332637146055378 104.0160651693393 4.305511378548393 43.8320848665255 240.38636617666606 5400.0 5400.0 2016.0 1 161 {-999.0 14.688143 13.833265 13.5095215 -999.0} sdss_psfmag_gaia 14.120893 13.871949 12.84908 11.52 63050395117981299 1093448063 bright_3x1 mwm_astar_core_boss mwm_ob science 0 0 0.9405829906463623 0.0 -999 ""
FIBERMAP 964 R+8C14 METROLOGY 0 0 0 1 0 0 91.3860847719667 134.16806838048285 143.1 148.1021096740094 66.3820258556412 346.6583 26.504969 -999.0 -999.0 -999.0 -999.0 -999.0 103.99915814948261 4.334922612200988 104.01863487450424 4.307748575333756 43.83548496439577 240.38622391345615 -999.0 6231.0 -999.0 -1 -999 {-999.0 -999.0 -999.0 -999.0 -999.0} "" -999.0 -999.0 -999.0 -999.0 -999 -999 "" "" "" "" 0 0 0.0 0.0 -999 ""
FIBERMAP 965 R+5C15 APOGEE 0 0 0 1 0 0 67.7474215972191 90.71806440354908 143.1 105.21193824571768 41.76418434334872 202.04324 123.97002 -999.0 -999.0 -999.0 -999.0 -999.0 103.80455589762462 4.222998660603612 103.82370093166907 4.196252998542548 43.61712591505991 240.45597793881672 -999.0 16600.0 -999.0 2 -999 {-999.0 -999.0 -999.0 -999.0 -999.0} "" -999.0 -999.0 -999.0 -999.0 -999 -999 "" "" "" "" 0 0 0.0 0.0 -999 ""
FIBERMAP 965 R+5C15 BOSS 1 1 0 1 0 0 67.11661121900383 91.11846515395024 143.1 104.8845043314065 42.435587445596376 202.04324 123.97002 103.80294799804688 4.2259438188823 -999.0 -999.0 -999.0 103.80294814228382 4.225925053829318 103.82225816252276 4.19932853172829 43.618160739297956 240.46044497916256 5400.0 5400.0 2015.5 1 213 {-999.0 -999.0 -999.0 -999.0 -999.0} "" -999.0 -999.0 -999.0 -999.0 27021603131840005 810614438 "" ops_sky_boss_good ops_sky sky_boss 0 0 0.0 0.0 -999 ""
FIBERMAP 965 R+5C15 METROLOGY 0 0 0 1 0 0 67.77322274169128 91.46371598535906 143.1 105.62450302066851 42.38563875615138 202.04324 123.97002 -999.0 -999.0 -999.0 -999.0 -999.0 103.80635420772491 4.225739433109963 103.82561824911073 4.1990927896105354 43.620458648511956 240.4570600602531 -999.0 6231.0 -999.0 -1 -999 {-999.0 -999.0 -999.0 -999.0 -999.0} "" -999.0 -999.0 -999.0 -999.0 -999 -999 "" "" "" "" 0 0 0.0 0.0 -999 ""
FIBERMAP 971 R+4C2 APOGEE 0 0 0 1 0 0 -213.36439791214397 91.25652353487388 143.1 -133.89060934300124 189.4770648200636 84.31882 80.20003 -999.0 -999.0 -999.0 -999.0 -999.0 102.71380727734767 4.888706467456724 102.73484963571377 4.864684312101185 43.263705799946976 242.1428296711207 -999.0 16600.0 -999.0 2 -999 {-999.0 -999.0 -999.0 -999.0 -999.0} "" -999.0 -999.0 -999.0 -999.0 -999 -999 "" "" "" "" 0 0 0.0 0.0 -999 ""
FIBERMAP 971 R+4C2 BOSS 1 1 0 1 0 0 -212.64252268720003 91.05867612014225 143.1 -133.37952473006257 188.93044642525936 84.31882 80.20003 102.71595419611408 4.886143948163782 -0.79296535 -0.36590362 0.13361074 102.7159352582416 4.886152316979341 102.73713319457022 4.862269452882731 43.26379556810429 242.13827502622865 5400.0 5400.0 2016.0 1 72 {-999.0 15.989452 15.460977 15.202203 -999.0} sdss_psfmag_ps1 15.8669405 15.430287 14.793347 13.731 63050395118255877 1093344754 bright_3x1 mwm_astar_core_boss mwm_ob science 0 0 0.0 0.0 -999 ""
FIBERMAP 971 R+4C2 METROLOGY 0 0 0 1 0 0 -213.16650917300808 90.5371473972136 143.1 -134.09892412038423 188.76081051170235 84.31882 80.20003 -999.0 -999.0 -999.0 -999.0 -999.0 102.71272421363022 4.885395217631723 102.73387517630943 4.861480054057765 43.260847905800084 242.14043444133097 -999.0 6231.0 -999.0 -1 -999 {-999.0 -999.0 -999.0 -999.0 -999.0} "" -999.0 -999.0 -999.0 -999.0 -999 -999 "" "" "" "" 0 0 0.0 0.0 -999 ""
FIBERMAP 973 R+9C14 APOGEE 0 0 1 1 0 0 101.31788671376839 182.1793973926226 143.1 181.70936777897626 102.06416885228722 11.665005 169.39497 -999.0 -999.0 -999.0 -999.0 -999.0 104.15075918277908 4.4966262502241525 104.17047503602805 4.468919494901689 44.05608453895538 240.4073940018751 -999.0 16600.0 -999.0 2 39 {-999.0 -999.0 -999.0 -999.0 -999.0} "" -999.0 -999.0 -999.0 -999.0 -999 -999 "" "" "" "" 0 0 0.0 0.0 -999 ""
FIBERMAP 973 R+9C14 BOSS 1 0 1 1 0 0 102.0666319644766 182.22397097088393 143.1 182.3703209245774 101.70991208170699 11.665005 169.39497 104.13758946939076 4.539256655293422 -1.9661835 -3.848834 1.0880022 104.15364066735539 4.4948944855229405 104.1735067372669 4.467323935316125 44.05721661474808 240.40290664877426 5400.0 5400.0 2016.0 1 162 {-999.0 15.205807 14.683981 14.517395 -999.0} sdss_psfmag_from_g3xp 15.093562 14.720869 14.181181 13.297 63050395117983704 981640529 "" ops_std_boss_tic ops_std standard_boss 0 0 0.0 0.0 -999 ""
FIBERMAP 973 R+9C14 METROLOGY 0 0 1 1 0 0 101.72040288744097 181.5553636125968 143.1 181.72524931962127 101.32191497324071 11.665005 169.39497 -999.0 -999.0 -999.0 -999.0 -999.0 104.15077023495087 4.49318099912522 104.17058895747363 4.465577672357425 44.05389611478632 240.40387621578128 -999.0 6231.0 -999.0 -1 -999 {-999.0 -999.0 -999.0 -999.0 -999.0} "" -999.0 -999.0 -999.0 -999.0 -999 -999 "" "" "" "" 0 0 0.0 0.0 -999 ""
FIBERMAP 975 R-1C21 APOGEE 0 0 0 1 0 0 151.58496205253766 -9.654820154603492 143.1 124.0267751637629 -87.62619860875083 191.73207 65.86185 -999.0 -999.0 -999.0 -999.0 -999.0 103.89087895000397 3.6347225109135577 103.90858535983767 3.6078747908157087 43.277390554927734 239.78409023315737 -999.0 16600.0 -999.0 2 -999 {-999.0 -999.0 -999.0 -999.0 -999.0} "" -999.0 -999.0 -999.0 -999.0 -999 -999 "" "" "" "" 0 0 0.0 0.0 -999 ""
FIBERMAP 975 R-1C21 BOSS 1 1 0 1 0 0 151.71103658499985 -8.94653168528945 143.1 124.50515725264225 -87.08908731060795 191.73207 65.86185 103.89251144675214 3.636992127912578 -0.7766217 -1.2384794 0.34955397 103.89294205882275 3.6369878505652404 103.91081146399608 3.6102827849683323 43.2806587834434 239.78440651931487 5400.0 5400.0 2016.0 1 270 {-999.0 11.812294 11.499777 11.408747 -999.0} sdss_psfmag_gaia 11.773391 11.512388 11.079329 10.34 63050395117929515 1093448065 bright_3x1 mwm_astar_core_boss mwm_ob science 0 0 1.5099427700042725 0.0 -999 ""
FIBERMAP 975 R-1C21 METROLOGY 0 0 0 1 0 0 152.2939468761409 -9.422435773863034 143.1 124.75225040273769 -87.79969488639574 191.73207 65.86185 -999.0 -999.0 -999.0 -999.0 -999.0 103.89409877080291 3.6338148846350955 103.91191545658228 3.6070653849676164 43.279255416725654 239.78015141078953 -999.0 6231.0 -999.0 -1 -999 {-999.0 -999.0 -999.0 -999.0 -999.0} "" -999.0 -999.0 -999.0 -999.0 -999 -999 "" "" "" "" 0 0 0.0 0.0 -999 ""
FIBERMAP 979 R+3C7 APOGEE 0 0 0 1 0 0 -129.90299425063793 63.602432153273746 143.1 -77.30390941835009 122.20839411179792 90.129166 156.28122 -999.0 -999.0 -999.0 -999.0 -999.0 102.9708906471506 4.586542902226733 102.99113225152155 4.561907387252329 43.251472637329194 241.5991766718588 -999.0 16600.0 -999.0 2 125 {-999.0 -999.0 -999.0 -999.0 -999.0} "" -999.0 -999.0 -999.0 -999.0 -999 -999 "" "" "" "" 0 0 0.0 0.0 -999 ""
FIBERMAP 979 R+3C7 BOSS 1 1 0 1 0 0 -129.60521680087422 64.27991353014852 143.1 -76.69544899532278 122.6293283492356 90.129166 156.28122 102.97348022460938 4.588378626400228 -999.0 -999.0 -999.0 102.97346956630432 4.588367594683653 102.99387634801815 4.563870313551252 43.254818263037286 241.59865878021844 5400.0 5400.0 2015.5 1 43 {-999.0 -999.0 -999.0 -999.0 -999.0} "" -999.0 -999.0 -999.0 -999.0 27021603131852827 810615977 "" ops_sky_boss_good ops_sky sky_boss 0 0 0.0 0.0 -999 ""
FIBERMAP 979 R+3C7 METROLOGY 0 0 0 1 0 0 -129.1606863899366 63.68801496921296 143.1 -76.62695631766836 121.89243140499924 90.129166 156.28122 -999.0 -999.0 -999.0 -999.0 -999.0 102.97383661456534 4.5850598925210395 102.99418954246266 4.560521144536423 43.25280467080945 241.5949593199905 -999.0 6231.0 -999.0 -1 -999 {-999.0 -999.0 -999.0 -999.0 -999.0} "" -999.0 -999.0 -999.0 -999.0 -999 -999 "" "" "" "" 0 0 0.0 0.0 -999 ""
FIBERMAP 983 R+6C5 APOGEE 1 1 0 1 0 0 -139.47572488593545 137.30910450536757 143.1 -46.84605230779662 189.98878518314257 167.94699 33.696823 103.10943603515625 4.893667489399917 -999.0 -999.0 -999.0 103.1093771969894 4.893685234955201 103.13032644174888 4.868622626616834 43.55985869287742 241.78495403607093 16000.0 16600.0 2015.5 2 150 {-999.0 -999.0 -999.0 -999.0 -999.0} "" -999.0 -999.0 -999.0 -999.0 27021603131853292 841579487 "" ops_sky_apogee_best ops_sky sky_apogee 0 0 0.0 0.0 -999 ""
FIBERMAP 983 R+6C5 BOSS 0 0 0 1 0 0 -138.78616352790044 137.60562936727865 143.1 -46.10351878193336 189.88008317036176 167.94699 33.696823 -999.0 -999.0 -999.0 -999.0 -999.0 103.11258702669708 4.8931172759840305 103.13369417911883 4.868189818771061 43.56206466774015 241.78141388718007 -999.0 5400.0 -999.0 1 49 {-999.0 -999.0 -999.0 -999.0 -999.0} "" -999.0 -999.0 -999.0 -999.0 -999 -999 "" "" "" "" 0 0 0.0 0.0 -999 ""
FIBERMAP 983 R+6C5 METROLOGY 0 0 0 1 0 0 -138.87505771892882 136.86019154565605 143.1 -46.56969932840022 189.29186071616118 167.94699 33.696823 -999.0 -999.0 -999.0 -999.0 -999.0 103.11051392264277 4.890487780839811 103.13156987782446 4.865525662183278 43.55870942963932 241.780632909221 -999.0 6231.0 -999.0 -1 -999 {-999.0 -999.0 -999.0 -999.0 -999.0} "" -999.0 -999.0 -999.0 -999.0 -999 -999 "" "" "" "" 0 0 0.0 0.0 -999 ""
FIBERMAP 985 R+9C10 APOGEE 1 1 0 1 0 0 -5.665756299202464 162.0778285937289 143.1 80.07621381991459 140.98747162303417 276.83224 44.026295 103.68850814324865 4.67351294075298 -0.5398792 -12.839457 3.150803 103.68850595073457 4.673478404829119 103.70876935298958 4.646943295330546 43.83803244117012 241.02225540801751 16000.0 16600.0 2016.0 2 10 {-999.0 16.745678 15.377928 14.541911 -999.0} sdss_psfmag_ps1 16.138552 15.163176 14.032742 12.043 63050395118187546 917157217 bright_3x1 mwm_yso_pms_apogee_zari18pms mwm_yso science 0 0 0.0 0.0 -999 ""
FIBERMAP 985 R+9C10 BOSS 0 0 0 1 0 0 -6.239270282649969 162.54008246085712 143.1 79.82997185056855 141.68153311377984 276.83224 44.026295 -999.0 -999.0 -999.0 -999.0 -999.0 103.68724236597244 4.676526542855299 103.70767083380883 4.650137496562931 43.83937960705311 241.02654807629085 -999.0 5400.0 -999.0 1 126 {-999.0 -999.0 -999.0 -999.0 -999.0} "" -999.0 -999.0 -999.0 -999.0 -999 -999 "" "" "" "" 0 0 0.0 0.0 -999 ""
FIBERMAP 985 R+9C10 METROLOGY 0 0 0 1 0 0 -5.539139356238792 162.81336037195737 143.1 80.56932862416251 141.5474982028076 276.83224 44.026295 -999.0 -999.0 -999.0 -999.0 -999.0 103.69065149890704 4.675950629604863 103.71103307514045 4.649512145734871 43.84143101386759 241.0227731980645 -999.0 6231.0 -999.0 -1 -999 {-999.0 -999.0 -999.0 -999.0 -999.0} "" -999.0 -999.0 -999.0 -999.0 -999 -999 "" "" "" "" 0 0 0.0 0.0 -999 ""
FIBERMAP 986 R+2C13 APOGEE 0 0 1 1 0 0 0.5884059105826749 46.40799419163983 143.1 24.81088937726868 39.21113732230034 10.953832 169.47533 -999.0 -999.0 -999.0 -999.0 -999.0 103.43779386474463 4.210727510906001 103.45700444738765 4.184944900943571 43.34076107810991 240.78643645879748 -999.0 16600.0 -999.0 2 -999 {-999.0 -999.0 -999.0 -999.0 -999.0} "" -999.0 -999.0 -999.0 -999.0 -999 -999 "" "" "" "" 0 0 0.0 0.0 -999 ""
FIBERMAP 986 R+2C13 BOSS 1 0 1 1 0 0 1.3415039890990377 46.41403354315577 143.1 25.455363911350144 38.82178607012199 10.953832 169.47533 103.42216690205387 4.145266903981301 8.137081 -9.81916 1.2741014 103.44059666510421 4.208836052288464 103.45996148589256 4.183192902837198 43.34174496659882 240.78191799653987 5400.0 5400.0 2016.0 1 105 {-999.0 18.92694 17.500797 16.856173 -999.0} sdss_psfmag_ps1 18.323793 17.377146 16.432117 14.43 63050395117976864 1094286581 bright_1x1 mwm_bin_vis_boss mwm_filler science 0 0 0.0 0.0 -999 ""
FIBERMAP 986 R+2C13 METROLOGY 0 0 1 1 0 0 0.9769581618563606 45.771056888177434 143.1 24.808120517410284 38.46520997051787 10.953832 169.47533 -999.0 -999.0 -999.0 -999.0 -999.0 103.43768669427661 4.207242732376898 103.45700323032179 4.181566064497017 43.338472316797734 240.7830189065872 -999.0 6231.0 -999.0 -1 -999 {-999.0 -999.0 -999.0 -999.0 -999.0} "" -999.0 -999.0 -999.0 -999.0 -999 -999 "" "" "" "" 0 0 0.0 0.0 -999 ""
FIBERMAP 988 R+7C6 APOGEE 0 0 0 1 0 0 -88.2296471157018 122.99786857495121 143.1 -10.703386643753857 150.95770708235835 351.02466 76.18575 -999.0 -999.0 -999.0 -999.0 -999.0 103.27440812025519 4.718019784798114 103.29488801190405 4.692560277927785 43.56364817459578 241.45295871201796 -999.0 16600.0 -999.0 2 -999 {-999.0 -999.0 -999.0 -999.0 -999.0} "" -999.0 -999.0 -999.0 -999.0 -999 -999 "" "" "" "" 0 0 0.0 0.0 -999 ""
FIBERMAP 988 R+7C6 BOSS 1 1 0 1 0 0 -88.60978874969109 122.23152441777691 143.1 -11.428534258335715 150.50424522813418 351.02466 76.18575 103.27090497444694 4.7158592434213595 -0.18075475 0.09869362 0.15510032 103.27094077851768 4.715869975273677 103.29157594881463 4.690564066029134 43.559861540809585 241.45397528639023 5400.0 5400.0 2016.0 1 67 {-999.0 16.446648 15.5257225 15.208 -999.0} sdss_psfmag_ps1 16.146156 15.548753 14.787973 13.44 63050395118196988 1068388823 bright_3x1 mwm_ob_core_boss mwm_ob science 0 0 0.0 0.0 -999 ""
FIBERMAP 988 R+7C6 METROLOGY 0 0 0 1 0 0 -88.96833933424293 122.89300777780288 143.1 -11.387359148606087 151.25535938510154 351.02466 76.18575 -999.0 -999.0 -999.0 -999.0 -999.0 103.27116730586278 4.71930047363543 103.29176549862962 4.693952425042559 43.56227627915179 241.4572658452608 -999.0 6231.0 -999.0 -1 -999 {-999.0 -999.0 -999.0 -999.0 -999.0} "" -999.0 -999.0 -999.0 -999.0 -999 -999 "" "" "" "" 0 0 0.0 0.0 -999 ""
FIBERMAP 990 R+4C7 APOGEE 0 0 0 1 0 0 -129.39541447804095 67.80161278061107 143.1 -74.67202295931085 125.51837901538542 256.1763 59.63071 -999.0 -999.0 -999.0 -999.0 -999.0 102.98286795073865 4.601608294844267 103.00314286798567 4.576938178117006 43.27043260452747 241.60347180135795 -999.0 16600.0 -999.0 2 95 {-999.0 -999.0 -999.0 -999.0 -999.0} "" -999.0 -999.0 -999.0 -999.0 -999 -999 "" "" "" "" 0 0 0.0 0.0 -999 ""
FIBERMAP 990 R+4C7 BOSS 1 1 0 1 0 0 -129.94772542913407 68.29983801503448 143.1 -74.88136637402336 126.23196566501584 256.1763 59.63071 102.98171997070312 4.604750883446954 -999.0 -999.0 -999.0 102.98172009547956 4.6047418992487055 103.0021642700006 4.580219431536233 43.271908150735115 241.60771402872808 5400.0 5400.0 2015.5 1 51 {-999.0 -999.0 -999.0 -999.0 -999.0} "" -999.0 -999.0 -999.0 -999.0 27021603131852831 810615978 "" ops_sky_boss_good ops_sky sky_boss 0 0 0.0 0.0 -999 ""
FIBERMAP 990 R+4C7 METROLOGY 0 0 0 1 0 0 -129.24427625967468 68.53630644531627 143.1 -74.15846575586583 126.06484694824246 256.1763 59.63071 -999.0 -999.0 -999.0 -999.0 -999.0 102.9850665044439 4.604032455395384 103.00546233457436 4.57946016791572 43.27383886370169 241.60391360880567 -999.0 6231.0 -999.0 -1 -999 {-999.0 -999.0 -999.0 -999.0 -999.0} "" -999.0 -999.0 -999.0 -999.0 -999 -999 "" "" "" "" 0 0 0.0 0.0 -999 ""
FIBERMAP 991 R-3C20 APOGEE 0 0 0 1 0 0 182.3961066595013 -63.48948050346517 143.1 122.06430322792146 -149.6095904846619 356.54688 99.88273 -999.0 -999.0 -999.0 -999.0 -999.0 103.88165009448893 3.3538680405340124 103.89868432327864 3.3271045305589078 43.07740810983536 239.5135009824745 -999.0 16600.0 -999.0 2 226 {-999.0 -999.0 -999.0 -999.0 -999.0} "" -999.0 -999.0 -999.0 -999.0 -999 -999 "" "" "" "" 0 0 0.0 0.0 -999 ""
FIBERMAP 991 R-3C20 BOSS 1 1 0 1 0 0 182.48999132697836 -64.22193599978743 143.1 121.76057102418545 -150.28250241536756 356.54688 99.88273 103.8801431363511 3.3506516747202415 -0.8411126 -0.40091258 0.19909598 103.88014147514203 3.3506283975052256 103.8973269918659 3.3240196588385027 43.07430260073928 239.5117115980546 5400.0 5400.0 2016.0 1 290 {-999.0 18.604357 17.887695 17.506813 17.285885} sdss_psfmag_from_ps1dr2 18.3954 17.8701 17.1418 16.14 63050395117873058 1039365843 "" ops_std_boss_ps1dr2 ops_std standard_boss 0 0 0.0 0.0 -999 ""
FIBERMAP 991 R-3C20 METROLOGY 0 0 0 1 0 0 181.80343664720485 -63.94366414607728 143.1 121.32169270706287 -149.68589939542423 356.54688 99.88273 -999.0 -999.0 -999.0 -999.0 -999.0 103.87819545446719 3.3533635373537094 103.89534306510944 3.3267167522370324 43.074720174632745 239.51625669589419 -999.0 6231.0 -999.0 -1 -999 {-999.0 -999.0 -999.0 -999.0 -999.0} "" -999.0 -999.0 -999.0 -999.0 -999 -999 "" "" "" "" 0 0 0.0 0.0 -999 ""
FIBERMAP 994 R+7C2 APOGEE 0 0 0 1 0 0 -212.4882041209949 135.01549863423045 143.1 -110.22228163956872 226.28164231030863 255.70883 21.147928 -999.0 -999.0 -999.0 -999.0 -999.0 102.82146359653203 5.054806387092571 102.84288050843952 5.030467012725155 43.45436260447232 242.21453163906176 -999.0 16600.0 -999.0 2 -999 {-999.0 -999.0 -999.0 -999.0 -999.0} "" -999.0 -999.0 -999.0 -999.0 -999 -999 "" "" "" "" 0 0 0.0 0.0 -999 ""
FIBERMAP 994 R+7C2 BOSS 1 1 0 1 0 0 -212.6079070829114 135.76097170326048 143.1 -109.93371638295714 226.97916388805578 255.70883 21.147928 102.8226134104851 5.057840485700644 -6.448879 -4.149298 1.2362086 102.8226092547711 5.057814274958667 102.84419461916929 5.033614488026816 43.45743339610056 242.21657049509096 5400.0 5400.0 2016.0 1 70 {-999.0 14.01025 13.712369 13.623355 -999.0} sdss_psfmag_from_g3xp 13.9723425 13.712713 13.294705 12.602 63050395118258011 976402966 "" ops_std_boss ops_std standard_boss 0 0 0.0 0.0 -999 ""
FIBERMAP 994 R+7C2 METROLOGY 0 0 0 1 0 0 -211.90106934298336 135.47586233062833 143.1 -109.48114743548858 226.3661134430384 255.70883 21.147928 -999.0 -999.0 -999.0 -999.0 -999.0 102.82470182654588 5.055124507319485 102.84623433967556 5.030879191936301 43.45713170244831 242.21189483091348 -999.0 6231.0 -999.0 -1 -999 {-999.0 -999.0 -999.0 -999.0 -999.0} "" -999.0 -999.0 -999.0 -999.0 -999 -999 "" "" "" "" 0 0 0.0 0.0 -999 ""
FIBERMAP 996 R-6C15 APOGEE 1 1 0 1 0 0 94.72369522580355 -123.75673956097813 143.1 15.835963814240026 -155.00570071453333 261.8835 153.72816 103.39869497756004 3.3273650986043584 0.98425 -1.9589567 0.4367431 103.39870192491752 3.32735996440503 103.41579578011306 3.301868121848175 42.70941160107831 239.9399696243579 16000.0 16600.0 2016.0 2 183 {-999.0 13.738791 13.300982 13.114442 -999.0} sdss_psfmag_from_g3xp 13.654605 13.29774 12.757581 11.791 63050395117922779 1109378232 bright_flexible_5x1 mwm_tess_rgb_apogee mwm_tessrgb science 0 0 0.0 0.0 -999 ""
FIBERMAP 996 R-6C15 BOSS 0 0 0 1 0 0 94.2875105402851 -124.3619024491938 143.1 15.147523296573873 -155.29254951791913 261.8835 153.72816 -999.0 -999.0 -999.0 -999.0 -999.0 103.39541424277084 3.325843759825909 103.41266672905016 3.3005122011998544 42.7062061628302 239.9415344395939 -999.0 5400.0 -999.0 1 316 {-999.0 -999.0 -999.0 -999.0 -999.0} "" -999.0 -999.0 -999.0 -999.0 -999 -999 "" "" "" "" 0 0 0.0 0.0 -999 ""
FIBERMAP 996 R-6C15 METROLOGY 0 0 0 1 0 0 93.974552075092 -123.67351185982321 143.1 15.24161776827164 -154.54240458835554 261.8835 153.72816 -999.0 -999.0 -999.0 -999.0 -999.0 103.39588098940493 3.3292930525980804 103.41309588623938 3.3039166226405516 42.70884881818524 239.94451285024536 -999.0 6231.0 -999.0 -1 -999 {-999.0 -999.0 -999.0 -999.0 -999.0} "" -999.0 -999.0 -999.0 -999.0 -999 -999 "" "" "" "" 0 0 0.0 0.0 -999 ""
FIBERMAP 999 R0C27 APOGEE 0 0 0 1 0 0 297.3190623496995 -7.077023302953622 143.1 249.4789610377365 -161.7706977818205 276.62482 147.45363 -999.0 -999.0 -999.0 -999.0 -999.0 104.45482723426214 3.3037032670578657 104.47159662875646 3.2754528509523153 43.45563588073471 238.9200275951078 -999.0 16600.0 -999.0 2 -999 {-999.0 -999.0 -999.0 -999.0 -999.0} "" -999.0 -999.0 -999.0 -999.0 -999 -999 "" "" "" "" 0 0 0.0 0.0 -999 ""
FIBERMAP 999 R0C27 BOSS 1 1 0 1 0 0 297.0165176920825 -7.745676523441136 143.1 248.8710654726126 -162.18161708340682 276.62482 147.45363 104.45165003796276 3.3016829182524443 -1.7038785 -0.10671977 0.7055991 104.45192506149266 3.3016950455185086 104.4688459968092 3.273601800385122 43.4523729671062 238.9208081605804 5400.0 5400.0 2016.0 1 174 {-999.0 13.134803 13.016244 13.004153 -999.0} sdss_psfmag_gaia 13.170328 12.99368 12.692224 12.22 63050395117883145 1034678017 bright_1x1 mwm_yso_disk_boss_single mwm_yso science 0 0 1.0021069049835205 0.0 -999 ""
FIBERMAP 999 R0C27 METROLOGY 0 0 0 1 0 0 296.5758905017315 -7.143035308676988 143.1 248.81152394266005 -161.43761670334558 276.62482 147.45363 -999.0 -999.0 -999.0 -999.0 -999.0 104.45173241507459 3.305072174781135 104.46861738470369 3.2769364238272956 43.454517720695236 238.9243395583286 -999.0 6231.0 -999.0 -1 -999 {-999.0 -999.0 -999.0 -999.0 -999.0} "" -999.0 -999.0 -999.0 -999.0 -999 -999 "" "" "" "" 0 0 0.0 0.0 -999 ""
FIBERMAP 1004 R-13C1 APOGEE 1 1 0 1 0 0 -158.71399861727775 -263.2004928192125 143.1 -273.02695941063325 -140.99307663588638 246.66081 86.02002 102.09249621990541 3.3915923882788883 -0.78082275 2.7255125 0.32806504 102.09249197446897 3.391592754314918 102.11008091855643 3.3695289247131757 41.7990951914651 241.20382857978254 16000.0 16600.0 2016.0 2 199 {-999.0 14.607406 13.153524 12.447993 -999.0} sdss_psfmag_gaia 14.014563 13.030263 12.054812 9.701 63050395117708705 1154266135 bright_1x1 mwm_galactic_core_dist_apogee_sparse mwm_galactic science 0 0 0.0 0.0 -999 ""
FIBERMAP 1004 R-13C1 BOSS 0 0 0 1 0 0 -159.37519818109683 -262.87623103297364 143.1 -273.4201554008776 -140.37059199027058 246.66081 86.02002 -999.0 -999.0 -999.0 -999.0 -999.0 102.09057631731967 3.394260145127515 102.10834093305533 3.3723547242181535 41.79971923847517 241.20819853618536 -999.0 5400.0 -999.0 1 340 {-999.0 -999.0 -999.0 -999.0 -999.0} "" -999.0 -999.0 -999.0 -999.0 -999 -999 "" "" "" "" 0 0 0.0 0.0 -999 ""
FIBERMAP 1004 R-13C1 METROLOGY 0 0 0 1 0 0 -158.76562789347685 -262.45019204644154 143.1 -272.6778961893614 -140.32710288943463 246.66081 86.02002 -999.0 -999.0 -999.0 -999.0 -999.0 102.09391493102736 3.39448110529473 102.11163135949556 3.3725231760425425 41.80225764884683 241.20539292986302 -999.0 6231.0 -999.0 -1 -999 {-999.0 -999.0 -999.0 -999.0 -999.0} "" -999.0 -999.0 -999.0 -999.0 -999 -999 "" "" "" "" 0 0 0.0 0.0 -999 ""
FIBERMAP 1009 R-13C2 APOGEE 0 0 0 1 0 0 -121.57387851615465 -261.191368164636 143.1 -240.34734657816188 -158.7372279519841 240.26805 150.97255 -999.0 -999.0 -999.0 -999.0 -999.0 102.23904454685488 3.311182212925263 102.2564012216219 3.288748642530974 41.85224374217712 240.9914839227142 -999.0 16600.0 -999.0 2 190 {-999.0 -999.0 -999.0 -999.0 -999.0} "" -999.0 -999.0 -999.0 -999.0 -999 -999 "" "" "" "" 0 0 0.0 0.0 -999 ""
FIBERMAP 1009 R-13C2 BOSS 1 1 0 1 0 0 -122.20904391137572 -261.57109369213634 143.1 -241.08714134889956 -158.72787075080907 240.26805 150.97255 102.2356002765194 3.311077318261663 0.8949512 0.104862355 -2.0416017 102.23558661185005 3.3110950667556067 102.25311206106102 3.2888247087562688 41.8498763317471 240.99454060597577 5400.0 5400.0 2016.0 1 341 {-999.0 14.964279 14.482233 14.078855 -999.0} sdss_psfmag_from_g3xp 14.808741 14.688029 13.724674 12.59 63050395117707281 1093853893 bright_1x1 mwm_astar_core_boss_single mwm_ob science 0 0 0.0 0.0 -999 ""
FIBERMAP 1009 R-13C2 METROLOGY 0 0 0 1 0 0 -122.22116883906791 -260.82062975919644 143.1 -240.70435219239988 -158.08245156186243 240.26805 150.97255 -999.0 -999.0 -999.0 -999.0 -999.0 102.23730697764304 3.3140287114933 102.25479138933065 3.291709486522437 41.85306229711735 240.99587125731932 -999.0 6231.0 -999.0 -1 -999 {-999.0 -999.0 -999.0 -999.0 -999.0} "" -999.0 -999.0 -999.0 -999.0 -999 -999 "" "" "" "" 0 0 0.0 0.0 -999 ""
FIBERMAP 1011 R+6C3 APOGEE 1 1 0 1 0 0 -191.69367812522202 129.96923257294773 143.1 -95.1577964944083 211.0916627430518 168.793 72.903366 102.88970947265625 4.987270109506582 -999.0 -999.0 -999.0 102.88967881297606 4.987269336579995 102.91091352322934 4.962764515596437 43.459881008186024 242.08277927541235 16000.0 16600.0 2015.5 2 126 {-999.0 -999.0 -999.0 -999.0 -999.0} "" -999.0 -999.0 -999.0 -999.0 27021603131856783 841579705 "" ops_sky_apogee_best ops_sky sky_apogee 0 0 0.0 0.0 -999 ""
FIBERMAP 1011 R+6C3 BOSS 0 0 0 1 0 0 -191.34507332586253 130.61919736016313 143.1 -94.52046731842603 211.4625400448358 168.793 72.903366 -999.0 -999.0 -999.0 -999.0 -999.0 102.8923995863498 4.988843542385898 102.91379857883152 4.964474677930243 43.46316388939166 242.0818986328992 -999.0 5400.0 -999.0 1 27 {-999.0 -999.0 -999.0 -999.0 -999.0} "" -999.0 -999.0 -999.0 -999.0 -999 -999 "" "" "" "" 0 0 0.0 0.0 -999 ""
FIBERMAP 1011 R+6C3 METROLOGY 0 0 0 1 0 0 -190.94005082174453 129.99214693963248 143.1 -94.50403167977328 210.71640441737276 168.793 72.903366 -999.0 -999.0 -999.0 -999.0 -999.0 102.89251836527153 4.985528973539198 102.91386360465907 4.961119842546907 43.46097732041187 242.07839202882144 -999.0 6231.0 -999.0 -1 -999 {-999.0 -999.0 -999.0 -999.0 -999.0} "" -999.0 -999.0 -999.0 -999.0 -999 -999 "" "" "" "" 0 0 0.0 0.0 -999 ""
FIBERMAP 1012 R+1C12 APOGEE 0 0 0 1 0 0 -18.538411364545794 5.754801814917169 143.1 -12.77210879541709 14.611525995228488 12.239324 50.60521 -999.0 -999.0 -999.0 -999.0 -999.0 103.26639415510255 4.0982340279690845 103.28537790990953 4.072924672750478 43.13893610120866 240.8323381783033 -999.0 16600.0 -999.0 2 -999 {-999.0 -999.0 -999.0 -999.0 -999.0} "" -999.0 -999.0 -999.0 -999.0 -999 -999 "" "" "" "" 0 0 0.0 0.0 -999 ""
FIBERMAP 1012 R+1C12 BOSS 1 1 0 1 0 0 -18.876124189618032 5.07117757603095 143.1 -13.417794537942564 14.20628000262454 12.239324 50.60521 103.26324462890625 4.096210711131704 -999.0 -999.0 -999.0 103.26328122186692 4.096240031264182 103.2824216966194 4.0710866738554605 43.13552141831434 240.8332191932173 5400.0 5400.0 2015.5 1 22 {-999.0 -999.0 -999.0 -999.0 -999.0} "" -999.0 -999.0 -999.0 -999.0 27021603131838720 810614299 "" ops_sky_boss_good ops_sky sky_boss 0 0 0.0 0.0 -999 ""
FIBERMAP 1012 R+1C12 METROLOGY 0 0 0 1 0 0 -19.282695162088707 5.702805572486644 143.1 -13.433150931792621 14.957124859026084 12.239324 50.60521 -999.0 -999.0 -999.0 -999.0 -999.0 103.26324959267643 4.099701331217953 103.28235287669116 4.074505540086282 43.13778489887407 240.83673175457642 -999.0 6231.0 -999.0 -1 -999 {-999.0 -999.0 -999.0 -999.0 -999.0} "" -999.0 -999.0 -999.0 -999.0 -999 -999 "" "" "" "" 0 0 0.0 0.0 -999 ""
FIBERMAP 1013 R+10C15 APOGEE 1 1 0 1 0 0 124.27288814733876 201.6945131121384 143.1 211.47958404129548 106.65805092016673 137.34157 120.87009 104.28497314453125 4.517046727595968 -999.0 -999.0 -999.0 104.28492905084359 4.51701587875364 104.30465948249883 4.488954953335638 44.16777558065628 240.3011191949547 16000.0 16600.0 2015.5 2 68 {-999.0 -999.0 -999.0 -999.0 -999.0} "" -999.0 -999.0 -999.0 -999.0 27021603131840493 832724095 "" ops_sky_apogee_best ops_sky sky_apogee 0 0 0.0 0.0 -999 ""
FIBERMAP 1013 R+10C15 BOSS 0 0 0 1 0 0 124.39650119770158 202.42514737229146 143.1 211.96757538084253 107.21548047574669 137.34157 120.87009 -999.0 -999.0 -999.0 -999.0 -999.0 104.28698374411937 4.519397958541038 104.30687377812387 4.491474152296049 44.171107473372864 240.3015979140998 -999.0 5400.0 -999.0 1 228 {-999.0 -999.0 -999.0 -999.0 -999.0} "" -999.0 -999.0 -999.0 -999.0 -999 -999 "" "" "" "" 0 0 0.0 0.0 -999 ""
FIBERMAP 1013 R+10C15 METROLOGY 0 0 0 1 0 0 124.97634857198567 201.96188171999904 143.1 212.21868063384088 106.51723977568642 137.34157 120.87009 -999.0 -999.0 -999.0 -999.0 -999.0 104.28817058309035 4.516275751028158 104.30800902345999 4.488308984086465 44.16978247553533 240.29729093928603 -999.0 6231.0 -999.0 -1 -999 {-999.0 -999.0 -999.0 -999.0 -999.0} "" -999.0 -999.0 -999.0 -999.0 -999 -999 "" "" "" "" 0 0 0.0 0.0 -999 ""
FIBERMAP 1016 R+1C16 APOGEE 0 0 0 1 0 0 71.38641218896424 17.478508939723724 143.1 69.94581287271491 -22.510165546204725 13.057729 96.06726 -999.0 -999.0 -999.0 -999.0 -999.0 103.64443248311628 3.930082634477506 103.66291281354341 3.9038175120777114 43.30061694913114 240.31106472226026 -999.0 16600.0 -999.0 2 51 {-999.0 -999.0 -999.0 -999.0 -999.0} "" -999.0 -999.0 -999.0 -999.0 -999 -999 "" "" "" "" 0 0 0.0 0.0 -999 ""
FIBERMAP 1016 R+1C16 BOSS 1 1 0 1 0 0 71.64487377406124 16.783456105603328 143.1 69.80182096590022 -23.237436788972417 13.057729 96.06726 103.64366823279853 3.926619320162673 -0.39963248 -1.2564328 -0.12798959 103.64365992231853 3.9266091592795673 103.66229100752491 3.900494291949807 43.29789926029523 240.30830197820336 5400.0 5400.0 2016.0 1 190 {-999.0 15.554125 15.102088 14.942897 -999.0} sdss_psfmag_ps1 15.437278 15.141801 14.562974 13.609 63050395117947035 1093344538 bright_3x1 mwm_astar_core_boss mwm_ob science 0 0 0.0 0.0 -999 ""
FIBERMAP 1016 R+1C16 METROLOGY 0 0 0 1 0 0 70.90384640117486 16.89900555866224 143.1 69.23131707219012 -22.750867908419078 13.057729 96.06726 -999.0 -999.0 -999.0 -999.0 -999.0 103.64109192072418 3.9288626193759293 103.65968406666133 3.902712198761298 43.2975055227488 240.31296727235753 -999.0 6231.0 -999.0 -1 -999 {-999.0 -999.0 -999.0 -999.0 -999.0} "" -999.0 -999.0 -999.0 -999.0 -999 -999 "" "" "" "" 0 0 0.0 0.0 -999 ""
FIBERMAP 1017 R+5C18 APOGEE 0 0 0 1 0 0 140.5079776709684 90.40862190482858 143.1 167.01008836650948 3.3866303396954747 170.73976 162.98813 -999.0 -999.0 -999.0 -999.0 -999.0 104.08571074317649 4.048848089900486 104.10436366048162 4.021403789741038 43.70283734516277 240.01539862492223 -999.0 16600.0 -999.0 2 70 {-999.0 -999.0 -999.0 -999.0 -999.0} "" -999.0 -999.0 -999.0 -999.0 -999 -999 "" "" "" "" 0 0 0.0 0.0 -999 ""
FIBERMAP 1017 R+5C18 BOSS 1 1 0 1 0 0 139.93827675366492 90.85202627901589 143.1 166.75721956639592 4.062642895135216 170.73976 162.98813 104.08447265624999 4.051802442007116 -999.0 -999.0 -999.0 104.08446118472148 4.051773368774668 104.10327774935479 4.024477605062913 43.70414670969487 240.01952700694414 5400.0 5400.0 2015.5 1 209 {-999.0 -999.0 -999.0 -999.0 -999.0} "" -999.0 -999.0 -999.0 -999.0 27021603131839246 819466808 "" ops_sky_boss_good ops_sky sky_boss 0 0 0.0 0.0 -999 ""
FIBERMAP 1017 R+5C18 METROLOGY 0 0 0 1 0 0 140.61830634797758 91.14625658953841 143.1 167.49043423759923 3.95697993411673 170.73976 162.98813 -999.0 -999.0 -999.0 -999.0 -999.0 104.08781703415724 4.051339529606166 104.1065873924237 4.023993745701336 43.70622669215457 240.01591776930564 -999.0 6231.0 -999.0 -1 -999 {-999.0 -999.0 -999.0 -999.0 -999.0} "" -999.0 -999.0 -999.0 -999.0 -999 -999 "" "" "" "" 0 0 0.0 0.0 -999 ""
FIBERMAP 1018 R-1C8 APOGEE 0 0 0 1 0 0 -135.40069400070877 -32.7308226607542 143.1 -132.44764324628747 43.054346931145325 260.95306 79.49634 -999.0 -999.0 -999.0 -999.0 -999.0 102.72038920903655 4.225819031385195 102.73982435973869 4.201918023875825 42.82411783589556 241.46410052900836 -999.0 16600.0 -999.0 2 -999 {-999.0 -999.0 -999.0 -999.0 -999.0} "" -999.0 -999.0 -999.0 -999.0 -999 -999 "" "" "" "" 0 0 0.0 0.0 -999 ""
FIBERMAP 1018 R-1C8 BOSS 1 1 0 1 0 0 -136.10088390419762 -32.489082367969445 143.1 -132.9172690925984 43.62698351875104 260.95306 79.49634 102.71804809570311 4.22828154942691 -999.0 -999.0 -999.0 102.71803193242937 4.2282820133885055 102.73763718444155 4.204534589394369 42.82425986167642 241.46874106559162 5400.0 5400.0 2015.5 1 482 {-999.0 -999.0 -999.0 -999.0 -999.0} "" -999.0 -999.0 -999.0 -999.0 27021603131850046 810615675 "" ops_sky_boss_good ops_sky sky_boss 0 0 0.0 0.0 -999 ""
FIBERMAP 1018 R-1C8 METROLOGY 0 0 0 1 0 0 -135.5397746588374 -31.997802503428147 143.1 -132.1821025199684 43.75141464908102 260.95306 79.49634 -999.0 -999.0 -999.0 -999.0 -999.0 102.72142877285837 4.2289015597349 102.74098826902826 4.205103141084245 42.82711743069848 241.4662541156616 -999.0 6231.0 -999.0 -1 -999 {-999.0 -999.0 -999.0 -999.0 -999.0} "" -999.0 -999.0 -999.0 -999.0 -999 -999 "" "" "" "" 0 0 0.0 0.0 -999 ""
FIBERMAP 1019 R+3C24 APOGEE 0 0 0 1 0 0 269.38494790309926 63.88192389730373 143.1 262.86159467878736 -86.71195568986491 27.37447 114.78573 -999.0 -999.0 -999.0 -999.0 -999.0 104.51657907375993 3.6420974139094024 104.53414453588482 3.6136141872605725 43.734532381175 239.19779431370017 -999.0 16600.0 -999.0 2 84 {-999.0 -999.0 -999.0 -999.0 -999.0} "" -999.0 -999.0 -999.0 -999.0 -999 -999 "" "" "" "" 0 0 0.0 0.0 -999 ""
FIBERMAP 1019 R+3C24 BOSS 1 1 0 1 0 0 269.9671297146841 63.426651789553084 143.1 263.11887509920604 -87.40461222244247 27.37447 114.78573 104.51759005105697 3.6388736212238317 -11.829354 -14.239734 3.9448133 104.51755538695762 3.638832650887294 104.53526742697898 3.6104947699289522 43.733190598436515 239.1935996581252 5400.0 5400.0 2016.0 1 246 {-999.0 21.741516 20.271708 18.582897 -999.0} sdss_psfmag_ps1 20.983942 19.299255 18.020958 15.682 63050395117900413 1096265721 bright_1x1 mwm_bin_vis_boss mwm_filler science 0 0 0.0 0.0 -999 ""
FIBERMAP 1019 R+3C24 METROLOGY 0 0 0 1 0 0 269.2814576651685 63.1437511985429 143.1 262.38679034682883 -87.28634560594216 27.37447 114.78573 -999.0 -999.0 -999.0 -999.0 -999.0 104.5143357629397 3.6393874410320404 104.53200612843966 3.611016121712432 43.73119492876446 239.1972304674069 -999.0 6231.0 -999.0 -1 -999 {-999.0 -999.0 -999.0 -999.0 -999.0} "" -999.0 -999.0 -999.0 -999.0 -999 -999 "" "" "" "" 0 0 0.0 0.0 -999 ""
FIBERMAP 1025 R-7C7 APOGEE 1 1 0 1 0 0 -83.67985317502422 -119.78446133324717 143.1 -134.00522140966183 -58.17021169591545 135.35063 87.09718 102.71484684023002 3.765495292424561 -0.9943135 -5.82572 0.7887134 102.71485339951127 3.765477638781471 102.7331788862582 3.741689468606921 42.50910917513583 241.00769874688268 16000.0 16600.0 2016.0 2 294 {-999.0 14.578843 13.428217 12.944242 -999.0} sdss_psfmag_gaia 14.17034 13.422081 12.57479 10.773 63050395118144081 1108958841 bright_flexible_2x1 mwm_tess_rgb_apogee mwm_tessrgb science 0 0 0.0 0.0 -999 ""
FIBERMAP 1025 R-7C7 BOSS 0 0 0 1 0 0 -83.14467039478912 -119.27605280100569 143.1 -133.2831603901617 -58.017613396601995 135.35063 87.09718 -999.0 -999.0 -999.0 -999.0 -999.0 102.71791283183858 3.7660032683769074 102.73640318499764 3.742357347644177 42.511932005158286 241.00541683887192 -999.0 5400.0 -999.0 1 410 {-999.0 -999.0 -999.0 -999.0 -999.0} "" -999.0 -999.0 -999.0 -999.0 -999 -999 "" "" "" "" 0 0 0.0 0.0 -999 ""
FIBERMAP 1025 R-7C7 METROLOGY 0 0 0 1 0 0 -82.96474158908347 -120.00327075945133 143.1 -133.51087696231093 -58.73113759172777 135.35063 87.09718 -999.0 -999.0 -999.0 -999.0 -999.0 102.71695015116002 3.7628059029686636 102.73538646837801 3.7391205928816214 42.50899671385975 241.0031106883112 -999.0 6231.0 -999.0 -1 -999 {-999.0 -999.0 -999.0 -999.0 -999.0} "" -999.0 -999.0 -999.0 -999.0 -999 -999 "" "" "" "" 0 0 0.0 0.0 -999 ""
FIBERMAP 1028 R+9C8 APOGEE 1 1 0 1 0 0 -14.544959995172348 185.5499803392805 143.1 84.81038585043832 165.6266817575265 105.48407 21.965199 103.70956420898438 4.784870880546933 -999.0 -999.0 -999.0 103.70956124750687 4.784880475573994 103.7300887323787 4.758267499712551 43.92879155294328 241.11643108857885 16000.0 16600.0 2015.5 2 2 {-999.0 -999.0 -999.0 -999.0 -999.0} "" -999.0 -999.0 -999.0 -999.0 27021603131852624 841579436 "" ops_sky_apogee_best ops_sky sky_apogee 0 0 0.0 0.0 -999 ""
FIBERMAP 1028 R+9C8 BOSS 0 0 0 1 0 0 -14.11214478406076 184.95113322154086 143.1 84.86526243850474 164.89000442899356 105.48407 21.965199 -999.0 -999.0 -999.0 -999.0 -999.0 103.7096947222568 4.781458236442619 103.73037094834513 4.75498838743082 43.92678950064939 241.11280414824557 -999.0 5400.0 -999.0 1 124 {-999.0 -999.0 -999.0 -999.0 -999.0} "" -999.0 -999.0 -999.0 -999.0 -999 -999 "" "" "" "" 0 0 0.0 0.0 -999 ""
FIBERMAP 1028 R+9C8 METROLOGY 0 0 0 1 0 0 -14.851035157003494 184.87278548012816 143.1 84.19500948352969 165.2103380852146 105.48407 21.965199 -999.0 -999.0 -999.0 -999.0 -999.0 103.7066773041471 4.782938416687231 103.7273134041015 4.756435695747293 43.92551368633361 241.11713983292216 -999.0 6231.0 -999.0 -1 -999 {-999.0 -999.0 -999.0 -999.0 -999.0} "" -999.0 -999.0 -999.0 -999.0 -999 -999 "" "" "" "" 0 0 0.0 0.0 -999 ""
FIBERMAP 1032 R+2C8 APOGEE 0 0 0 1 0 0 -113.95516028105938 24.379540442131574 143.1 -84.26937739280329 80.45367719785744 272.49478 107.40831 -999.0 -999.0 -999.0 -999.0 -999.0 102.93940048838515 4.396825888713325 102.95919130229822 4.372312722506257 43.100625605190785 241.43574088598447 -999.0 16600.0 -999.0 2 -999 {-999.0 -999.0 -999.0 -999.0 -999.0} "" -999.0 -999.0 -999.0 -999.0 -999 -999 "" "" "" "" 0 0 0.0 0.0 -999 ""
FIBERMAP 1032 R+2C8 BOSS 1 1 0 1 0 0 -114.66107294929616 24.119937172176684 143.1 -85.00649452250236 80.6023855766275 272.49478 107.40831 102.93580642395452 4.397439912206448 6.780589 -13.159889 1.1594175 102.93583912907543 4.397376593625182 102.95579420832297 4.373019173841841 43.0985913206205 241.43957413900685 5400.0 5400.0 2016.0 1 44 {-999.0 14.3484 13.936819 13.827281 -999.0} sdss_psfmag_from_g3xp 14.272851 13.966777 13.49596 12.707 63050395118158468 979094445 "" ops_std_boss ops_std standard_boss 0 0 0.0 0.0 -999 ""
FIBERMAP 1032 R+2C8 METROLOGY 0 0 0 1 0 0 -114.53164030134583 24.853178243328152 143.1 -84.51218190360287 81.15898652734167 272.49478 107.40831 -999.0 -999.0 -999.0 -999.0 -999.0 102.93814133516199 4.3999511889139225 102.95805611424657 4.375545647692271 43.101959200975806 241.4400620341236 -999.0 6231.0 -999.0 -1 -999 {-999.0 -999.0 -999.0 -999.0 -999.0} "" -999.0 -999.0 -999.0 -999.0 -999 -999 "" "" "" "" 0 0 0.0 0.0 -999 ""
FIBERMAP 1034 R+13C2 APOGEE 0 0 0 1 0 0 -106.90566652142064 264.9888582304853 143.1 47.771703760153045 281.655101784749 99.38002 40.93241 -999.0 -999.0 -999.0 -999.0 -999.0 103.53856768139845 5.304913272842519 103.56040138398834 5.278642457479234 44.15254765629002 241.81101432233163 -999.0 16600.0 -999.0 2 113 {-999.0 -999.0 -999.0 -999.0 -999.0} "" -999.0 -999.0 -999.0 -999.0 -999 -999 "" "" "" "" 0 0 0.0 0.0 -999 ""
FIBERMAP 1034 R+13C2 BOSS 1 1 0 1 0 0 -106.33637518373527 264.5039576524523 143.1 48.00248688802666 280.9439671198273 99.38002 40.93241 103.53947589252435 5.3015743606501164 0.0005033505 -0.1613132 0.15079024 103.53947197720936 5.301604467206428 103.56145451881042 5.2754723428252905 44.15121098094435 241.8067497087248 5400.0 5400.0 2016.0 1 95 {-999.0 18.012506 17.523703 17.079967 16.699778} sdss_psfmag_from_gaiadr2 18.17605 17.690794 16.877472 15.009 63050395118324324 1057642859 bright_flexible_2x1 bhm_gua_bright bhm_filler science 0 0 0.0 0.0 -999 ""
FIBERMAP 1034 R+13C2 METROLOGY 0 0 0 1 0 0 -107.02835803063364 264.2484243247677 143.1 47.279363839119306 281.0888444777945 99.38002 40.93241 -999.0 -999.0 -999.0 -999.0 -999.0 103.53623351403846 5.302288945749407 103.55817406369874 5.2761253749811825 44.14921586783744 241.81046760907003 -999.0 6231.0 -999.0 -1 -999 {-999.0 -999.0 -999.0 -999.0 -999.0} "" -999.0 -999.0 -999.0 -999.0 -999 -999 "" "" "" "" 0 0 0.0 0.0 -999 ""
FIBERMAP 1036 R0C17 APOGEE 1 1 0 1 0 0 61.37402579291644 -18.37694762756259 143.1 42.63752291295948 -47.79859698137476 297.10968 64.10371 103.52005004882812 3.814609430103758 -999.0 -999.0 -999.0 103.52004877929815 3.8146054636243267 103.53828310133525 3.788690734795996 43.1311569962116 240.31162721548492 16000.0 16600.0 2015.5 2 47 {-999.0 -999.0 -999.0 -999.0 -999.0} "" -999.0 -999.0 -999.0 -999.0 27021603131838389 832723916 "" ops_sky_apogee_best ops_sky sky_apogee 0 0 0.0 0.0 -999 ""
FIBERMAP 1036 R0C17 BOSS 0 0 0 1 0 0 60.62148104144964 -18.407489020903252 143.1 41.98068470727186 -47.43040062583507 297.10968 64.10371 -999.0 -999.0 -999.0 -999.0 -999.0 103.51691174035922 3.816099039075625 103.53531029420628 3.790340590442705 43.130109156228976 240.31605101145928 -999.0 5400.0 -999.0 1 181 {-999.0 -999.0 -999.0 -999.0 -999.0} "" -999.0 -999.0 -999.0 -999.0 -999 -999 "" "" "" "" 0 0 0.0 0.0 -999 ""
FIBERMAP 1036 R0C17 METROLOGY 0 0 0 1 0 0 60.9838001136259 -17.733088065590618 143.1 42.642492817786064 -47.04589829677024 297.10968 64.10371 -999.0 -999.0 -999.0 -999.0 -999.0 103.5199698067475 3.817905050611616 103.53832661224436 3.792096142001389 43.13350848211353 240.31500300766626 -999.0 6231.0 -999.0 -1 -999 {-999.0 -999.0 -999.0 -999.0 -999.0} "" -999.0 -999.0 -999.0 -999.0 -999 -999 "" "" "" "" 0 0 0.0 0.0 -999 ""
FIBERMAP 1037 R+4C11 APOGEE 0 0 0 1 0 0 -14.908085194654813 91.42469935705019 143.1 35.195668429878765 85.66322898260498 81.829834 93.67126 -999.0 -999.0 -999.0 -999.0 -999.0 103.4846682339059 4.422221066367832 103.50437737748172 4.3962715066766185 43.51848429533198 240.9567895024855 -999.0 16600.0 -999.0 2 -999 {-999.0 -999.0 -999.0 -999.0 -999.0} "" -999.0 -999.0 -999.0 -999.0 -999 -999 "" "" "" "" 0 0 0.0 0.0 -999 ""
FIBERMAP 1037 R+4C11 BOSS 1 1 0 1 0 0 -14.166566489156608 91.39025284654178 143.1 35.80907474737245 85.24546704606773 81.829834 93.67126 103.48731760121979 4.420228220126865 4.1571364 0.22223297 1.1767961 103.48733312514379 4.420223939543928 103.50719564641008 4.394412987294289 43.51930052448947 240.95228198208156 5400.0 5400.0 2016.0 1 113 {-999.0 14.855635 14.502289 14.310387 -999.0} sdss_psfmag_ps1 14.734775 14.417303 13.931614 13.084 63050395118180032 981849913 "" ops_std_boss_tic ops_std standard_boss 0 0 0.0 0.0 -999 ""
FIBERMAP 1037 R+4C11 METROLOGY 0 0 0 1 0 0 -14.568792629837612 90.76021268602392 143.1 35.136520670997584 84.91964521238035 81.829834 93.67126 -999.0 -999.0 -999.0 -999.0 -999.0 103.48430814630244 4.418770003770135 103.50412292714293 4.392926148665668 43.51603723356937 240.95362451917825 -999.0 6231.0 -999.0 -1 -999 {-999.0 -999.0 -999.0 -999.0 -999.0} "" -999.0 -999.0 -999.0 -999.0 -999 -999 "" "" "" "" 0 0 0.0 0.0 -999 ""
FIBERMAP 1039 R-1C4 APOGEE 0 0 0 1 0 0 -235.19186100450938 -19.891815140430452 143.1 -210.70073742451575 106.26102414870688 261.21075 13.438062 -999.0 -999.0 -999.0 -999.0 -999.0 102.3660290530555 4.510209518261957 102.38624648814846 4.487182217668692 42.75309414713043 242.07445736455531 -999.0 16600.0 -999.0 2 -999 {-999.0 -999.0 -999.0 -999.0 -999.0} "" -999.0 -999.0 -999.0 -999.0 -999 -999 "" "" "" "" 0 0 0.0 0.0 -999 ""
FIBERMAP 1039 R-1C4 BOSS 1 1 0 1 0 0 -235.26004187622254 -19.145730675923566 143.1 -210.3679775622895 106.93207763571331 261.21075 13.438062 102.36735746667054 4.513144991680814 0.8898893 7.6728225 1.5529832 102.36733740388827 4.513122449430694 102.38772652123572 4.4902382308643976 42.75623144596499 242.07621925392948 5400.0 5400.0 2016.0 1 432 {-999.0 21.346916 19.420961 18.58076 -999.0} sdss_psfmag_ps1 20.255024 19.153286 18.117462 16.727 63050395118174731 1096631455 bright_1x1 mwm_bin_vis_boss mwm_filler science 0 0 0.0 0.0 -999 ""
FIBERMAP 1039 R-1C4 METROLOGY 0 0 0 1 0 0 -234.5777697964244 -19.468077050728148 143.1 -209.95583363650871 106.30018570300354 261.21075 13.438062 -999.0 -999.0 -999.0 -999.0 -999.0 102.36924220069217 4.510321206083049 102.38957726690239 4.487390862104368 42.755707896005156 242.07165370102507 -999.0 6231.0 -999.0 -1 -999 {-999.0 -999.0 -999.0 -999.0 -999.0} "" -999.0 -999.0 -999.0 -999.0 -999 -999 "" "" "" "" 0 0 0.0 0.0 -999 ""
FIBERMAP 1040 R+5C11 APOGEE 0 0 0 1 0 0 -12.625419345024163 105.3323331981093 143.1 44.42471696504133 96.31073930499129 46.817425 156.785 -999.0 -999.0 -999.0 -999.0 -999.0 103.5266568786182 4.47068816151731 103.54647219287097 4.444618546681303 43.582089276940735 240.96686162008092 -999.0 16600.0 -999.0 2 20 {-999.0 -999.0 -999.0 -999.0 -999.0} "" -999.0 -999.0 -999.0 -999.0 -999 -999 "" "" "" "" 0 0 0.0 0.0 -999 ""
FIBERMAP 1040 R+5C11 BOSS 1 1 0 1 0 0 -11.933487876815823 105.62290414380496 143.1 45.166149960310776 96.19572562260574 46.817425 156.785 103.52992210731534 4.470058896252444 -0.7096647 -1.6234806 0.119763575 103.52990534172574 4.470071413630623 103.54987689523682 4.444138234664028 43.584268004105994 240.96320752888056 5400.0 5400.0 2016.0 1 137 {-999.0 16.266861 15.665711 15.404896 -999.0} sdss_psfmag_ps1 16.084667 15.793504 14.999977 13.968 63050395118180206 1093344569 bright_3x1 mwm_astar_core_boss mwm_ob science 0 0 0.0 0.0 -999 ""
FIBERMAP 1040 R+5C11 METROLOGY 0 0 0 1 0 0 -12.021525421681682 104.88412429637118 143.1 44.70418653839431 95.61272412165393 46.817425 156.785 -999.0 -999.0 -999.0 -999.0 -999.0 103.52784554537688 4.467451519901854 103.54776637637246 4.4414832524458845 43.580923061672664 240.96246687163784 -999.0 6231.0 -999.0 -1 -999 {-999.0 -999.0 -999.0 -999.0 -999.0} "" -999.0 -999.0 -999.0 -999.0 -999 -999 "" "" "" "" 0 0 0.0 0.0 -999 ""
FIBERMAP 1044 R+13C10 APOGEE 0 0 0 1 0 0 61.940342330697916 268.58026686795034 143.1 193.43610951470956 196.267084011607 101.75179 78.61507 -999.0 -999.0 -999.0 -999.0 -999.0 104.20049852051426 4.920946500359575 104.22122711110154 4.893023727393531 44.380815292946544 240.7945114248834 -999.0 16600.0 -999.0 2 50 {-999.0 -999.0 -999.0 -999.0 -999.0} "" -999.0 -999.0 -999.0 -999.0 -999 -999 "" "" "" "" 0 0 0.0 0.0 -999 ""
FIBERMAP 1044 R+13C10 BOSS 1 1 0 1 0 0 62.68732768375536 268.60820927474924 143.1 194.08685211587965 195.89958662424274 101.75179 78.61507 104.20298934717331 4.91914164348858 -0.47660387 0.7220972 0.29624042 104.20328720373209 4.9191355847291725 104.22416485484769 4.891346929705424 44.381837534329115 240.7900134692395 5400.0 5400.0 2016.0 1 164 {-999.0 12.752088 12.697783 12.739419 -999.0} sdss_psfmag_from_g3xp 12.799956 12.654224 12.394063 11.957 63050395118295755 1068446374 bright_3x1 mwm_ob_core_boss mwm_ob science 0 0 1.1023564338684082 0.0 -999 ""
FIBERMAP 1044 R+13C10 METROLOGY 0 0 0 1 0 0 62.339309995384674 267.9437076741138 143.1 193.4424081068905 195.51602275513153 101.75179 78.61507 -999.0 -999.0 -999.0 -999.0 -999.0 104.20044720264103 4.9174763101993735 104.22127790084681 4.889655440972948 44.37857470429882 240.79099188532476 -999.0 6231.0 -999.0 -1 -999 {-999.0 -999.0 -999.0 -999.0 -999.0} "" -999.0 -999.0 -999.0 -999.0 -999 -999 "" "" "" "" 0 0 0.0 0.0 -999 ""
FIBERMAP 1046 R+5C21 APOGEE 0 0 0 1 0 0 198.86339339601108 96.93989146575514 143.1 220.1247036559872 -21.619800623668866 184.75177 111.889595 -999.0 -999.0 -999.0 -999.0 -999.0 104.32565850907305 3.9357981299582327 104.3439780470548 3.9077511004988397 43.799239155194314 239.67414612004274 -999.0 16600.0 -999.0 2 -999 {-999.0 -999.0 -999.0 -999.0 -999.0} "" -999.0 -999.0 -999.0 -999.0 -999 -999 "" "" "" "" 0 0 0.0 0.0 -999 ""
FIBERMAP 1046 R+5C21 BOSS 1 1 0 1 0 0 198.51348000464768 97.58668295642713 143.1 220.16553786741196 -20.88572193552185 184.75177 111.889595 104.325393874583 3.9390136970804353 -0.5783599 1.4667639 0.4493479 104.32572728112314 3.938976559325709 104.34420961686095 3.9110746701453696 43.80168746987488 239.6772766563583 5400.0 5400.0 2016.0 1 237 {-999.0 12.7943 12.345326 12.199165 -999.0} sdss_psfmag_gaia 12.689405 12.37511 11.848264 10.974 63050395117956158 1068388832 bright_3x1 mwm_ob_core_boss mwm_ob science 0 0 1.2672600746154785 0.0 -999 ""
FIBERMAP 1046 R+5C21 METROLOGY 0 0 0 1 0 0 199.259809717581 97.57196431005771 143.1 220.79337507902835 -21.2892044822362 184.75177 111.889595 -999.0 -999.0 -999.0 -999.0 -999.0 104.32858702341835 3.937196279506726 104.3470203664873 3.9092459348037374 43.80247292505149 239.67276756757425 -999.0 6231.0 -999.0 -1 -999 {-999.0 -999.0 -999.0 -999.0 -999.0} "" -999.0 -999.0 -999.0 -999.0 -999 -999 "" "" "" "" 0 0 0.0 0.0 -999 ""
FIBERMAP 1051 R-5C20 APOGEE 1 1 0 1 0 0 209.1213183893064 -96.65906712161842 143.1 127.44735140668422 -191.85502910800287 43.037064 68.35796 103.90550711472413 3.163541799016954 -0.076122776 -0.4280056 0.23257057 103.9055124720371 3.1635617431853165 103.9220841902644 3.1367768389354582 42.96325709272263 239.30275615243124 16000.0 16600.0 2016.0 2 233 {-999.0 13.414606 12.868954 12.58766 -999.0} sdss_psfmag_from_g3xp 13.285946 12.843292 12.214319 11.062 63050395117871149 1108939031 bright_flexible_3x1 mwm_tess_rgb_apogee mwm_tessrgb science 0 0 0.0 0.0 -999 ""
FIBERMAP 1051 R-5C20 BOSS 0 0 0 1 0 0 209.43038356867908 -97.33685392851424 143.1 127.35549611646023 -192.59410482823907 43.037064 68.35796 -999.0 -999.0 -999.0 -999.0 -999.0 103.90494620069512 3.160054634185594 103.92166855709019 3.1334230911773133 42.96064360526722 239.29982870960822 -999.0 5400.0 -999.0 1 278 {-999.0 -999.0 -999.0 -999.0 -999.0} "" -999.0 -999.0 -999.0 -999.0 -999 -999 "" "" "" "" 0 0 0.0 0.0 -999 ""
FIBERMAP 1051 R-5C20 METROLOGY 0 0 0 1 0 0 208.68787960422375 -97.27105674005252 143.1 126.75767316300985 -192.1491296872771 43.037064 68.35796 -999.0 -999.0 -999.0 -999.0 -999.0 103.90228984342774 3.162084897602111 103.91897271501438 3.1354170387852576 42.96006952465353 239.3043384155322 -999.0 6231.0 -999.0 -1 -999 {-999.0 -999.0 -999.0 -999.0 -999.0} "" -999.0 -999.0 -999.0 -999.0 -999 -999 "" "" "" "" 0 0 0.0 0.0 -999 ""
FIBERMAP 1054 R-2C7 APOGEE 1 1 0 1 0 0 -154.70976647323684 -45.049881180415106 143.1 -155.34361996012782 42.67852456404873 256.9511 42.707355 102.61642456054688 4.22360609538552 -999.0 -999.0 -999.0 102.61642866179334 4.2236279746489975 102.63588600529397 4.200001208672769 42.746014613552425 241.55700319062188 16000.0 16600.0 2015.5 2 255 {-999.0 -999.0 -999.0 -999.0 -999.0} "" -999.0 -999.0 -999.0 -999.0 27021603131850910 832725413 "" ops_sky_apogee_best ops_sky sky_apogee 0 0 0.0 0.0 -999 ""
FIBERMAP 1054 R-2C7 BOSS 0 0 0 1 0 0 -155.06529325351963 -44.39710136877702 143.1 -155.30442905421936 43.420643141078315 256.9511 42.707355 -999.0 -999.0 -999.0 -999.0 -999.0 102.61638060855255 4.226867189283381 102.63600989626013 4.203387998039462 42.74837902710654 241.56030948271973 -999.0 5400.0 -999.0 1 471 {-999.0 -999.0 -999.0 -999.0 -999.0} "" -999.0 -999.0 -999.0 -999.0 -999 -999 "" "" "" "" 0 0 0.0 0.0 -999 ""
FIBERMAP 1054 R-2C7 METROLOGY 0 0 0 1 0 0 -154.32018395713013 -44.415626109087896 143.1 -154.67962484498565 43.01455875192345 256.9511 42.707355 -999.0 -999.0 -999.0 -999.0 -999.0 102.61927537122189 4.2250750172355716 102.63885304643969 4.201546602715221 42.74924548501639 241.555859153814 -999.0 6231.0 -999.0 -1 -999 {-999.0 -999.0 -999.0 -999.0 -999.0} "" -999.0 -999.0 -999.0 -999.0 -999 -999 "" "" "" "" 0 0 0.0 0.0 -999 ""
FIBERMAP 1056 R-6C9 APOGEE 0 0 0 1 0 0 -36.855309443854864 -132.4317389901732 143.1 -100.75614485896403 -93.46819841100086 333.5666 76.74465 -999.0 -999.0 -999.0 -999.0 -999.0 102.86673736465399 3.6053661522584197 102.88463739438981 3.581212562969894 42.51169637445924 240.70866160289734 -999.0 16600.0 -999.0 2 -999 {-999.0 -999.0 -999.0 -999.0 -999.0} "" -999.0 -999.0 -999.0 -999.0 -999 -999 "" "" "" "" 0 0 0.0 0.0 -999 ""
FIBERMAP 1056 R-6C9 BOSS 1 1 0 1 0 0 -37.323525549230055 -133.00856559046105 143.1 -101.457018817792 -93.71413809485658 333.5666 76.74465 102.86338911161323 3.604066439957111 0.26492134 -0.6311993 0.20230277 102.86334965712427 3.6040551027997987 102.88141130528271 3.5800616983030804 42.50854983875985 240.7104769939424 5400.0 5400.0 2016.0 1 399 {-999.0 14.886384 14.418086 14.194904 -999.0} sdss_psfmag_from_g3xp 14.787334 14.399376 13.827594 12.882 63050395117940228 1093208205 bright_3x1 mwm_astar_core_boss mwm_ob science 0 0 0.0 0.0 -999 ""
FIBERMAP 1056 R-6C9 METROLOGY 0 0 0 1 0 0 -37.59140441336009 -132.30997620283281 143.1 -101.31919377642139 -92.97892221367236 333.5666 76.74465 -999.0 -999.0 -999.0 -999.0 -999.0 102.86401481489314 3.6074446264223816 102.88203799782008 3.5834059364801134 42.5112776932219 240.71323516109834 -999.0 6231.0 -999.0 -1 -999 {-999.0 -999.0 -999.0 -999.0 -999.0} "" -999.0 -999.0 -999.0 -999.0 -999 -999 "" "" "" "" 0 0 0.0 0.0 -999 ""
FIBERMAP 1058 R-4C23 APOGEE 0 0 0 1 0 0 245.1694476105002 -99.07171953103324 143.1 156.8808121928335 -212.79258924027505 333.5504 33.537376 -999.0 -999.0 -999.0 -999.0 -999.0 104.03796288262421 3.0706909503242485 104.05427863871154 3.04357958789135 42.99437684303958 239.08602476226793 -999.0 16600.0 -999.0 2 221 {-999.0 -999.0 -999.0 -999.0 -999.0} "" -999.0 -999.0 -999.0 -999.0 -999 -999 "" "" "" "" 0 0 0.0 0.0 -999 ""
FIBERMAP 1058 R-4C23 BOSS 1 1 0 1 0 0 244.44215449984645 -99.17599792240894 143.1 156.2068518345991 -212.5004121581322 333.5504 33.537376 104.03440794084213 3.071808751273166 -0.54804957 -0.0022833638 0.2680849 104.03478157317399 3.071811710617026 104.05125916485235 3.0448597509687474 42.99308359044245 239.09013948112198 5400.0 5400.0 2016.0 1 252 {-999.0 12.3962965 12.120532 12.005043 -999.0} sdss_psfmag_from_g3xp 12.352911 12.100656 11.656677 10.996 63050395117866343 1068446320 bright_3x1 mwm_ob_core_boss mwm_ob science 0 0 1.325069785118103 0.0 -999 ""
FIBERMAP 1058 R-4C23 METROLOGY 0 0 0 1 0 0 244.70977242099968 -98.4778658960411 143.1 156.8004468955014 -212.04609416125518 333.5504 33.537376 -999.0 -999.0 -999.0 -999.0 -999.0 104.03751066263524 3.073917372259158 104.05394772308637 3.0469149207603214 42.99644420103816 239.08963166554304 -999.0 6231.0 -999.0 -1 -999 {-999.0 -999.0 -999.0 -999.0 -999.0} "" -999.0 -999.0 -999.0 -999.0 -999 -999 "" "" "" "" 0 0 0.0 0.0 -999 ""
FIBERMAP 1063 R0C13 APOGEE 0 0 0 1 0 0 -16.205122718387276 -12.263549428848618 143.1 -20.223688687289794 -1.9544898058997766 302.21344 113.33328 -999.0 -999.0 -999.0 -999.0 -999.0 103.23254769867934 4.022665912787693 103.25135797278716 3.9974613675399846 43.06286840482147 240.78774705160453 -999.0 16600.0 -999.0 2 292 {-999.0 -999.0 -999.0 -999.0 -999.0} "" -999.0 -999.0 -999.0 -999.0 -999 -999 "" "" "" "" 0 0 0.0 0.0 -999 ""
FIBERMAP 1063 R0C13 BOSS 1 1 0 1 0 0 -16.604468089686772 -12.88704733705448 143.1 -20.89036258775589 -2.27624952406373 302.21344 113.33328 103.2290232587288 4.02103528625895 -0.88171816 -0.7801693 0.38956568 103.22933390409881 4.021041959475181 103.24830214527418 3.995994084400042 43.05963185372697 240.78909531740385 5400.0 5400.0 2016.0 1 430 {-999.0 13.762227 13.169273 12.877822 -999.0} sdss_psfmag_from_g3xp 13.606257 13.150526 12.512116 11.534 63050395117951589 1093208252 bright_3x1 mwm_astar_core_boss mwm_ob science 0 0 1.0643354654312134 0.0 -999 ""
FIBERMAP 1063 R0C13 METROLOGY 0 0 0 1 0 0 -16.95667672950414 -12.233134705352825 143.1 -20.847752670737748 -1.534904414778915 302.21344 113.33328 -999.0 -999.0 -999.0 -999.0 -999.0 103.22956776732094 4.024462730110885 103.2484985539466 3.999371593472664 43.062063446598685 240.79231487119932 -999.0 6231.0 -999.0 -1 -999 {-999.0 -999.0 -999.0 -999.0 -999.0} "" -999.0 -999.0 -999.0 -999.0 -999 -999 "" "" "" "" 0 0 0.0 0.0 -999 ""
FIBERMAP 1068 R-2C8 APOGEE 0 0 0 1 0 0 -119.88203918383394 -54.41859774054714 143.1 -130.5931928968763 16.456714200655366 273.1033 83.931725 -999.0 -999.0 -999.0 -999.0 -999.0 102.72911092966935 4.10489653586445 102.74825161862736 4.0809982041611335 42.7490355618064 241.33443884242863 -999.0 16600.0 -999.0 2 -999 {-999.0 -999.0 -999.0 -999.0 -999.0} "" -999.0 -999.0 -999.0 -999.0 -999 -999 "" "" "" "" 0 0 0.0 0.0 -999 ""
FIBERMAP 1068 R-2C8 BOSS 1 1 0 1 0 0 -120.63183879091756 -54.38349438904248 143.1 -131.21330685721628 16.879373250350472 273.1033 83.931725 102.72600277597508 4.106674776546592 14.492886 2.6233702 4.552541 102.72606766668767 4.106666340636584 102.74537714008903 4.082924187070622 42.74821071266651 241.3390063133214 5400.0 5400.0 2016.0 1 450 {-999.0 16.059546 14.770362 14.108157 -999.0} sdss_psfmag_ps1 15.451102 14.602909 13.697757 11.903 63050395118151569 1096323327 bright_1x1 mwm_bin_vis_boss mwm_filler science 0 0 0.0 0.0 -999 ""
FIBERMAP 1068 R-2C8 METROLOGY 0 0 0 1 0 0 -120.2311495842288 -53.75921628126281 143.1 -130.5450799047011 17.20109341900181 273.1033 83.931725 -999.0 -999.0 -999.0 -999.0 -999.0 102.72915823275282 4.108182280746928 102.74842414510215 4.084389561713445 42.751444999174275 241.33769738028354 -999.0 6231.0 -999.0 -1 -999 {-999.0 -999.0 -999.0 -999.0 -999.0} "" -999.0 -999.0 -999.0 -999.0 -999 -999 "" "" "" "" 0 0 0.0 0.0 -999 ""
FIBERMAP 1069 R+11C10 APOGEE 0 0 0 1 0 0 21.26401273984964 227.86651871884027 143.1 137.47060909444878 182.9041516576773 170.9499 67.49178 -999.0 -999.0 -999.0 -999.0 -999.0 103.94825823642464 4.862272532013635 103.96891062918394 4.835019909050778 44.15627165163322 240.97198543428198 -999.0 16600.0 -999.0 2 18 {-999.0 -999.0 -999.0 -999.0 -999.0} "" -999.0 -999.0 -999.0 -999.0 -999 -999 "" "" "" "" 0 0 0.0 0.0 -999 ""
FIBERMAP 1069 R+11C10 BOSS 1 1 0 1 0 0 21.637553278574124 228.50575078444845 143.1 138.1235505355772 183.25282731596076 170.9499 67.49178 103.95106216384943 4.863746587045101 2.724269 -13.0395975 1.5738486 103.9510718289383 4.863717447742089 103.97188260034721 4.836599020739196 44.15952258986504 240.97082354061592 5400.0 5400.0 2016.0 1 109 {-999.0 19.692375 18.269138 17.25149 -999.0} sdss_psfmag 19.168604 17.916813 16.826614 14.732 63050395118190112 1095365228 bright_1x1 mwm_bin_vis_boss mwm_filler science 0 0 0.0 0.0 -999 ""
FIBERMAP 1069 R+11C10 METROLOGY 0 0 0 1 0 0 22.018643573137787 227.8673146602772 143.1 138.1136422197888 182.509532407616 170.9499 67.49178 -999.0 -999.0 -999.0 -999.0 -999.0 103.9510899754964 4.860407019320936 103.97184863264363 4.833249033359382 44.157236519254525 240.96740994977722 -999.0 6231.0 -999.0 -1 -999 {-999.0 -999.0 -999.0 -999.0 -999.0} "" -999.0 -999.0 -999.0 -999.0 -999 -999 "" "" "" "" 0 0 0.0 0.0 -999 ""
FIBERMAP 1070 R+9C13 APOGEE 1 1 0 1 0 0 79.85173804481822 163.42310370224112 143.1 153.60449692700013 97.33656871535635 263.1717 131.3846 104.0236091541166 4.475452942719738 -1.0969198 0.08008139 0.30132288 104.02362656155252 4.475438118923367 104.04332414137446 4.448067621307572 43.94890032879333 240.5058547214046 16000.0 16600.0 2016.0 2 55 {-999.0 15.059154 13.763903 13.160168 -999.0} sdss_psfmag_from_g3xp 14.556574 13.676531 12.756677 10.636 63050395117984930 1105230179 bright_flexible_2x1 mwm_tess_rgb_apogee mwm_tessrgb science 0 0 0.0 0.0 -999 ""
FIBERMAP 1070 R+9C13 BOSS 0 0 0 1 0 0 79.23769927149935 163.01676462091666 143.1 152.86875188485917 97.31219605736408 263.1717 131.3846 -999.0 -999.0 -999.0 -999.0 -999.0 104.02018171364803 4.475217245773473 104.04003554895814 4.4479995433835775 43.94644711894933 240.508877439777 -999.0 5400.0 -999.0 1 152 {-999.0 -999.0 -999.0 -999.0 -999.0} "" -999.0 -999.0 -999.0 -999.0 -999 -999 "" "" "" "" 0 0 0.0 0.0 -999 ""
FIBERMAP 1070 R+9C13 METROLOGY 0 0 0 1 0 0 79.18764913546896 163.76223177280752 143.1 153.21662785671873 97.97322646953263 263.1717 131.3846 -999.0 -999.0 -999.0 -999.0 -999.0 104.02178054373091 4.478246920352078 104.04159709105335 4.450983667461313 43.949616254710435 240.51045211232022 -999.0 6231.0 -999.0 -1 -999 {-999.0 -999.0 -999.0 -999.0 -999.0} "" -999.0 -999.0 -999.0 -999.0 -999 -999 "" "" "" "" 0 0 0.0 0.0 -999 ""
FIBERMAP 1078 R-3C9 APOGEE 0 0 0 1 0 0 -57.67959913989541 -54.05489854220803 143.1 -77.43333990231487 -15.816976013656216 77.867004 33.501907 -999.0 -999.0 -999.0 -999.0 -999.0 102.97161391521502 3.958788957989413 102.99033824966097 3.934283599085734 42.8283838100718 240.9648894771571 -999.0 16600.0 -999.0 2 245 {-999.0 -999.0 -999.0 -999.0 -999.0} "" -999.0 -999.0 -999.0 -999.0 -999 -999 "" "" "" "" 0 0 0.0 0.0 -999 ""
FIBERMAP 1078 R-3C9 BOSS 1 1 0 1 0 0 -57.39729382372563 -54.73703861045954 143.1 -77.55026328121824 -16.545741237314193 77.867004 33.501907 102.97087997620224 3.955258317862849 1.0109367 -0.9592407 0.21045883 102.97088823280603 3.9553110739176476 102.98976698232838 3.930957181904371 42.82571525244885 240.96207239390915 5400.0 5400.0 2016.0 1 470 {-999.0 14.403688 13.666691 13.39797 -999.0} sdss_psfmag_gaia 14.177942 13.710006 13.031469 11.962 63050395118152165 1093448015 bright_3x1 mwm_astar_core_boss mwm_ob science 0 0 0.0 0.0 -999 ""
FIBERMAP 1078 R-3C9 METROLOGY 0 0 0 1 0 0 -58.135031758207404 -54.621308450694585 143.1 -78.11787134944548 -16.060741574679927 77.867004 33.501907 -999.0 -999.0 -999.0 -999.0 -999.0 102.9683467590745 3.957556295447288 102.98718551344871 3.933166430558905 42.82531073909738 240.96666582227078 -999.0 6231.0 -999.0 -1 -999 {-999.0 -999.0 -999.0 -999.0 -999.0} "" -999.0 -999.0 -999.0 -999.0 -999 -999 "" "" "" "" 0 0 0.0 0.0 -999 ""
FIBERMAP 1081 R-1C22 APOGEE 1 1 0 1 0 0 170.74211802332184 -11.410081320373786 143.1 139.42085726415752 -99.15597714380873 221.46358 37.185677 103.96068818796176 3.582693855939777 -1.5969963 1.0286099 2.608783 103.9607083677495 3.5827127363816573 103.97827199691505 3.5556934146828447 43.29220169104931 239.6663926979082 16000.0 16600.0 2016.0 2 196 {-999.0 10.222042 10.171556 10.188149 -999.0} sdss_psfmag_gaia 10.275485 10.133732 9.876093 9.521 63050395117928389 975457843 "" ops_std_apogee ops_std standard_apogee 0 0 0.0 0.0 -999 ""
FIBERMAP 1081 R-1C22 BOSS 0 0 0 1 0 0 170.88710284479868 -10.680215509313241 143.1 139.92664549173205 -98.6103971117273 221.46358 37.185677 -999.0 -999.0 -999.0 -999.0 -999.0 103.9628934951962 3.5850159184936135 103.98061988878447 3.5581390584113253 43.29558454996094 239.66662592929006 -999.0 5400.0 -999.0 1 313 {-999.0 -999.0 -999.0 -999.0 -999.0} "" -999.0 -999.0 -999.0 -999.0 -999 -999 "" "" "" "" 0 0 0.0 0.0 -999 ""
FIBERMAP 1081 R-1C22 METROLOGY 0 0 0 1 0 0 171.45475779955834 -11.170175414008375 143.1 140.15338491650903 -99.32498293152761 221.46358 37.185677 -999.0 -999.0 -999.0 -999.0 -999.0 103.96395379451987 3.5818286608837084 103.98162754547349 3.5549075862727015 43.29409752497998 239.66244892205458 -999.0 6231.0 -999.0 -1 -999 {-999.0 -999.0 -999.0 -999.0 -999.0} "" -999.0 -999.0 -999.0 -999.0 -999 -999 "" "" "" "" 0 0 0.0 0.0 -999 ""
FIBERMAP 1083 R-3C10 APOGEE 0 0 0 1 0 0 -39.612468254616275 -44.07098013643641 143.1 -56.818168159229 -16.779109844527042 117.550385 18.748264 -999.0 -999.0 -999.0 -999.0 -999.0 103.0656626575625 3.954670972695787 103.08435247203465 3.929919236345895 42.89452107250662 240.87396391116312 -999.0 16600.0 -999.0 2 -999 {-999.0 -999.0 -999.0 -999.0 -999.0} "" -999.0 -999.0 -999.0 -999.0 -999 -999 "" "" "" "" 0 0 0.0 0.0 -999 ""
FIBERMAP 1083 R-3C10 BOSS 1 1 0 1 0 0 -39.068502811567015 -44.58331278843042 143.1 -56.62332134148155 -17.50033824425383 117.550385 18.748264 103.06611041999427 3.951216452347246 -2.4115534 -1.2893717 0.3519871 103.0663685288095 3.951229839001233 103.08521194644601 3.9266256071677836 42.89292362420157 240.8698618718633 5400.0 5400.0 2016.0 1 447 {-999.0 13.3329315 12.796016 12.532028 -999.0} sdss_psfmag_from_g3xp 13.198227 12.777667 12.171111 11.265 63050395118152043 1068446347 bright_3x1 mwm_ob_core_boss mwm_ob science 0 0 1.1707993745803833 0.0 -999 ""
FIBERMAP 1083 R-3C10 METROLOGY 0 0 0 1 0 0 -39.79051373149793 -44.795522604945866 143.1 -57.34932112138136 -17.30283860210952 117.550385 18.748264 -999.0 -999.0 -999.0 -999.0 -999.0 103.06310448311402 3.952164341591338 103.08190508510063 3.9275263718054445 42.89110414901571 240.8738142669344 -999.0 6231.0 -999.0 -1 -999 {-999.0 -999.0 -999.0 -999.0 -999.0} "" -999.0 -999.0 -999.0 -999.0 -999 -999 "" "" "" "" 0 0 0.0 0.0 -999 ""
FIBERMAP 1085 R-2C13 APOGEE 0 0 0 1 0 0 9.931096137799987 -29.072444180903013 143.1 -6.772010759588921 -29.95922672629128 51.506786 110.31326 -999.0 -999.0 -999.0 -999.0 -999.0 103.29430045171723 3.8952474380538615 103.31278746664759 3.8699077889929208 43.02142358639506 240.60261057471524 -999.0 16600.0 -999.0 2 -999 {-999.0 -999.0 -999.0 -999.0 -999.0} "" -999.0 -999.0 -999.0 -999.0 -999 -999 "" "" "" "" 0 0 0.0 0.0 -999 ""
FIBERMAP 1085 R-2C13 BOSS 1 1 0 1 0 0 10.641574634100778 -29.27863207212834 143.1 -6.275000164786894 -30.506977637849843 51.506786 110.31326 103.29604858861521 3.8925811894304476 -2.8850005 -1.5497789 2.2790632 103.29641205412099 3.8925920244296774 103.31505303192324 3.8673958358732325 43.02137803905386 240.59798884324184 5400.0 5400.0 2016.0 1 355 {-999.0 12.380892 12.042496 11.960042 -999.0} sdss_psfmag_from_g3xp 12.335546 12.064466 11.635126 10.943 63050395117948873 1077921811 bright_flexible_2x1 mwm_snc_ext_main_boss mwm_snc science 0 0 1.3316144943237305 0.0 -999 ""
FIBERMAP 1085 R-2C13 METROLOGY 0 0 0 1 0 0 10.097096392854624 -29.799840837366048 143.1 -7.011681986295994 -30.66560692406785 51.506786 110.31326 -999.0 -999.0 -999.0 -999.0 -999.0 103.29309569023877 3.891906000336745 103.31169028969435 3.8666766044685374 43.018426286791815 240.60038187703145 -999.0 6231.0 -999.0 -1 -999 {-999.0 -999.0 -999.0 -999.0 -999.0} "" -999.0 -999.0 -999.0 -999.0 -999 -999 "" "" "" "" 0 0 0.0 0.0 -999 ""
FIBERMAP 1086 R-3C15 APOGEE 0 0 0 1 0 0 67.03686516849895 -71.33350737176771 143.1 19.719642336779927 -95.86083437810129 339.30823 84.42882 -999.0 -999.0 -999.0 -999.0 -999.0 103.41589382756621 3.5956644541747242 103.43362812552596 3.570069631953025 42.90570354796202 240.19026398857048 -999.0 16600.0 -999.0 2 -999 {-999.0 -999.0 -999.0 -999.0 -999.0} "" -999.0 -999.0 -999.0 -999.0 -999 -999 "" "" "" "" 0 0 0.0 0.0 -999 ""
FIBERMAP 1086 R-3C15 BOSS 1 1 0 1 0 0 66.71440504788671 -72.01084524527732 143.1 19.090238219548123 -96.2687169298713 339.30823 84.42882 103.41279807093612 3.5936506819258276 24.822641 -15.898205 1.0646632 103.41287576515924 3.5936051523160972 103.43076670794756 3.568168506110097 42.90231859242041 240.19102695573 5400.0 5400.0 2016.0 1 274 {-999.0 15.256405 14.765789 14.579134 -999.0} sdss_psfmag_from_g3xp 15.150431 14.783662 14.244706 13.266 63050395117931562 1096089700 bright_1x1 mwm_bin_vis_boss mwm_filler science 0 0 0.0 0.0 -999 ""
FIBERMAP 1086 R-3C15 METROLOGY 0 0 0 1 0 0 66.29382673489926 -71.40100453248974 143.1 19.05154088619726 -95.5290878898735 339.30823 84.42882 -999.0 -999.0 -999.0 -999.0 -999.0 103.41273636121166 3.597017593624338 103.43058996881467 3.5715381120735534 42.904488785718144 240.19455420985375 -999.0 6231.0 -999.0 -1 -999 {-999.0 -999.0 -999.0 -999.0 -999.0} "" -999.0 -999.0 -999.0 -999.0 -999 -999 "" "" "" "" 0 0 0.0 0.0 -999 ""
FIBERMAP 1091 R+10C17 APOGEE 1 1 0 1 0 0 199.87061995860233 188.27119582225689 143.1 268.8243501437919 55.62700463920125 53.496876 28.15228 104.54315185546875 4.285558160247248 -999.0 -999.0 -999.0 104.54316130309073 4.285592909905203 104.56226739270716 4.256906524272281 44.19709113264287 239.82015566571226 16000.0 16600.0 2015.5 2 49 {-999.0 -999.0 -999.0 -999.0 -999.0} "" -999.0 -999.0 -999.0 -999.0 27021603131839522 832724046 "" ops_sky_apogee_best ops_sky sky_apogee 0 0 0.0 0.0 -999 ""
FIBERMAP 1091 R+10C17 BOSS 0 0 0 1 0 0 199.78811513881465 187.5341596810696 143.1 268.36801159226445 55.04258981670976 53.496876 28.15228 -999.0 -999.0 -999.0 -999.0 -999.0 104.54098356588909 4.282813042390306 104.56023693284072 4.254276597802937 44.193814716709014 239.81941541769677 -999.0 5400.0 -999.0 1 170 {-999.0 -999.0 -999.0 -999.0 -999.0} "" -999.0 -999.0 -999.0 -999.0 -999 -999 "" "" "" "" 0 0 0.0 0.0 -999 ""
FIBERMAP 1091 R+10C17 METROLOGY 0 0 0 1 0 0 199.17930164561292 187.97786064077152 143.1 268.081991304072 55.73934321075819 53.496876 28.15228 -999.0 -999.0 -999.0 -999.0 -999.0 104.53973565343436 4.286004349897779 104.55895355099562 4.257429765995155 44.19504045809104 239.8238431530943 -999.0 6231.0 -999.0 -1 -999 {-999.0 -999.0 -999.0 -999.0 -999.0} "" -999.0 -999.0 -999.0 -999.0 -999 -999 "" "" "" "" 0 0 0.0 0.0 -999 ""
FIBERMAP 1092 R-7C20 APOGEE 1 1 0 1 0 0 217.92223135224305 -115.64849520500977 143.1 124.99468769540086 -212.63590380028418 134.24783 43.571907 103.89407717203758 3.070183784498946 -0.31730646 -1.5765288 0.31911954 103.89406966309494 3.070163208535746 103.91042042270522 3.0434285247738093 42.89041607430931 239.221456775361 16000.0 16600.0 2016.0 2 200 {-999.0 15.015378 13.832772 13.274983 -999.0} sdss_psfmag_from_g3xp 14.57745 13.765342 12.880149 10.902 63050395117860842 1107611420 bright_flexible_2x1 mwm_tess_rgb_apogee mwm_tessrgb science 0 0 0.0 0.0 -999 ""
FIBERMAP 1092 R-7C20 BOSS 0 0 0 1 0 0 218.65372880788874 -115.75878376304424 143.1 125.55983206408192 -213.11300065277155 134.24783 43.571907 -999.0 -999.0 -999.0 -999.0 -999.0 103.89646829726762 3.067871527638118 103.91297208590515 3.041282708421691 42.89077803924036 239.2169368851937 -999.0 5400.0 -999.0 1 332 {-999.0 -999.0 -999.0 -999.0 -999.0} "" -999.0 -999.0 -999.0 -999.0 -999 -999 "" "" "" "" 0 0 0.0 0.0 -999 ""
FIBERMAP 1092 R-7C20 METROLOGY 0 0 0 1 0 0 218.19195542958383 -116.34450173093676 143.1 124.85978694678522 -213.36988678536636 134.24783 43.571907 -999.0 -999.0 -999.0 -999.0 -999.0 103.89334186897601 3.0667430490908396 103.90979866234045 3.0401196949170664 42.887682567515554 239.21877461761187 -999.0 6231.0 -999.0 -1 -999 {-999.0 -999.0 -999.0 -999.0 -999.0} "" -999.0 -999.0 -999.0 -999.0 -999 -999 "" "" "" "" 0 0 0.0 0.0 -999 ""
FIBERMAP 1094 R+1C19 APOGEE 0 0 0 1 0 0 133.89640035459638 37.01989039921374 143.1 133.4133768482292 -38.6139410426581 116.77765 45.205032 -999.0 -999.0 -999.0 -999.0 -999.0 103.93348443029299 3.857569617689462 103.95171588552125 3.8305632797268334 43.46123005072696 239.9668241059212 -999.0 16600.0 -999.0 2 -999 {-999.0 -999.0 -999.0 -999.0 -999.0} "" -999.0 -999.0 -999.0 -999.0 -999 -999 "" "" "" "" 0 0 0.0 0.0 -999 ""
FIBERMAP 1094 R+1C19 BOSS 1 1 0 1 0 0 134.60067425497863 36.79141222367177 143.1 133.89342755120595 -39.17742340673119 116.77765 45.205032 103.93557798373129 3.854903831544459 -6.666641 -6.0955696 1.0253261 103.93556447362567 3.8548503894040733 103.95394629924988 3.827986445775709 43.461091462099745 239.9621371642885 5400.0 5400.0 2016.0 1 232 {-999.0 15.976882 15.301872 15.191565 -999.0} sdss_psfmag_ps1 15.798413 15.386161 14.806605 13.711 63050395117958370 1096643455 bright_1x1 mwm_bin_vis_boss mwm_filler science 0 0 0.0 0.0 -999 ""
FIBERMAP 1094 R+1C19 METROLOGY 0 0 0 1 0 0 134.0615331105877 36.292296313606585 143.1 133.17286347186308 -39.32003494329108 116.77765 45.205032 -999.0 -999.0 -999.0 -999.0 -999.0 103.9323256205513 3.8542372604911135 103.95066219498591 3.827340190921414 43.45825881083047 239.96457491993107 -999.0 6231.0 -999.0 -1 -999 {-999.0 -999.0 -999.0 -999.0 -999.0} "" -999.0 -999.0 -999.0 -999.0 -999 -999 "" "" "" "" 0 0 0.0 0.0 -999 ""
FIBERMAP 1095 R+5C8 APOGEE 0 0 0 1 0 0 -56.979459100068325 98.19515212791526 143.1 2.9157708928913895 113.46687999620855 71.47471 30.626408 -999.0 -999.0 -999.0 -999.0 -999.0 103.33695910600905 4.548225551689447 103.3570115669907 4.522637060732231 43.495237324576266 241.22204582361482 -999.0 16600.0 -999.0 2 -999 {-999.0 -999.0 -999.0 -999.0 -999.0} "" -999.0 -999.0 -999.0 -999.0 -999 -999 "" "" "" "" 0 0 0.0 0.0 -999 ""
FIBERMAP 1095 R+5C8 BOSS 1 1 0 1 0 0 -56.81329913707006 97.46920164440807 143.1 2.676993214096855 112.76164764720335 71.47471 30.626408 103.33571712314391 4.544914167898437 -0.7391888 -0.6833329 0.095932655 103.33571881670599 4.544927981133023 103.35592314026945 4.519488259682328 43.492314871074264 241.21984394701752 5400.0 5400.0 2016.0 1 65 {-999.0 15.59794 15.3271055 14.90577 -999.0} sdss_psfmag_ps1 15.4591465 15.053999 14.447851 13.494 63050395118183856 1093344577 bright_3x1 mwm_astar_core_boss mwm_ob science 0 0 0.0 0.0 -999 ""
FIBERMAP 1095 R+5C8 METROLOGY 0 0 0 1 0 0 -57.526136873247246 97.68740672633696 143.1 2.1842685218746314 113.32086779836544 71.47471 30.626408 -999.0 -999.0 -999.0 -999.0 -999.0 103.33350786304963 4.54749257169676 103.35367377145911 4.522017065981475 43.49235978865668 241.2245023395344 -999.0 6231.0 -999.0 -1 -999 {-999.0 -999.0 -999.0 -999.0 -999.0} "" -999.0 -999.0 -999.0 -999.0 -999 -999 "" "" "" "" 0 0 0.0 0.0 -999 ""
FIBERMAP 1096 R+1C25 APOGEE 0 0 0 1 0 0 241.0589939123849 28.721981918427538 143.1 220.32246648738578 -101.81494578620756 191.58144 67.18634 -999.0 -999.0 -999.0 -999.0 -999.0 104.32593264256685 3.572666841827786 104.34337953523021 3.5446954891491447 43.54913576151121 239.3102886961819 -999.0 16600.0 -999.0 2 -999 {-999.0 -999.0 -999.0 -999.0 -999.0} "" -999.0 -999.0 -999.0 -999.0 -999 -999 "" "" "" "" 0 0 0.0 0.0 -999 ""
FIBERMAP 1096 R+1C25 BOSS 1 1 0 1 0 0 241.18587263544944 29.453149513086576 143.1 220.81351813085513 -101.25877271437986 191.58144 67.18634 104.3280372740571 3.575066508973687 -2.9003253 -6.277249 1.0026112 104.32801592088563 3.575034714453669 104.34562377668544 3.54720536884629 43.552488598609926 239.3106673960208 5400.0 5400.0 2016.0 1 184 {-999.0 19.54616 18.187359 17.608723 -999.0} sdss_psfmag_ps1 19.07681 18.075912 17.152493 15.265 63050395117901835 1096329852 bright_1x1 mwm_bin_vis_boss mwm_filler science 0 0 0.0 0.0 -999 ""
FIBERMAP 1096 R+1C25 METROLOGY 0 0 0 1 0 0 241.75816381124093 28.98241124290053 143.1 221.0542744305613 -101.95941867303189 191.58144 67.18634 -999.0 -999.0 -999.0 -999.0 -999.0 104.32912332718882 3.571920071722078 104.34667927269373 3.5440465802855607 43.55107450303828 239.3065078407256 -999.0 6231.0 -999.0 -1 -999 {-999.0 -999.0 -999.0 -999.0 -999.0} "" -999.0 -999.0 -999.0 -999.0 -999 -999 "" "" "" "" 0 0 0.0 0.0 -999 ""
FIBERMAP 1098 R+5C1 APOGEE 0 0 0 1 0 0 -234.09947212490667 113.89314962456933 143.1 -139.69013776095198 219.61521308959541 115.20738 84.1203 -999.0 -999.0 -999.0 -999.0 -999.0 102.68794466582955 5.023691520799706 102.70932168250135 4.999709623668753 43.33451845365233 242.3046177084675 -999.0 16600.0 -999.0 2 122 {-999.0 -999.0 -999.0 -999.0 -999.0} "" -999.0 -999.0 -999.0 -999.0 -999 -999 "" "" "" "" 0 0 0.0 0.0 -999 ""
FIBERMAP 1098 R+5C1 BOSS 1 1 0 1 0 0 -233.40289566095657 114.1508602526737 143.1 -138.9619624229844 219.46978357455995 115.20738 84.1203 102.69109504749132 5.022944838497974 -0.6707054 -1.2487402 -0.035414048 102.69106666079617 5.02294137860807 102.71260326255731 4.9990951107147295 43.33655340489057 242.30100008189095 5400.0 5400.0 2016.0 1 1 {-999.0 14.449587 14.146774 13.998506 -999.0} sdss_psfmag_from_g3xp 14.402556 14.181681 13.648759 12.89 63050395118257222 1093208204 bright_3x1 mwm_astar_core_boss mwm_ob science 0 0 0.0 0.0 -999 ""
FIBERMAP 1098 R+5C1 METROLOGY 0 0 0 1 0 0 -233.52223653805095 113.40722605300255 143.1 -139.4531254722819 218.89904585741192 115.20738 84.1203 -999.0 -999.0 -999.0 -999.0 -999.0 102.68888417368566 5.0204006858492845 102.71036922167559 4.996519974266527 43.33317914782692 242.3003871157336 -999.0 6231.0 -999.0 -1 -999 {-999.0 -999.0 -999.0 -999.0 -999.0} "" -999.0 -999.0 -999.0 -999.0 -999 -999 "" "" "" "" 0 0 0.0 0.0 -999 ""
FIBERMAP 1100 R-9C17 APOGEE 0 0 0 1 0 0 189.92249408271883 -176.0386901053495 143.1 69.5170313599746 -249.3949418017866 72.79061 19.16443 -999.0 -999.0 -999.0 -999.0 -999.0 103.64260517941494 2.903927606157591 103.65862127913095 2.8778881821559508 42.59419160131468 239.29463489198616 -999.0 16600.0 -999.0 2 -999 {-999.0 -999.0 -999.0 -999.0 -999.0} "" -999.0 -999.0 -999.0 -999.0 -999 -999 "" "" "" "" 0 0 0.0 0.0 -999 ""
FIBERMAP 1100 R-9C17 BOSS 1 1 0 1 0 0 189.9551235061443 -176.7954558085217 143.1 69.14840204067785 -250.0564681859362 72.79061 19.16443 103.64077393752156 2.90081396782861 -0.29298905 -0.46633494 0.16927733 103.64077443010373 2.9007982840603437 103.65694437776216 2.87491748274515 42.59092972274553 239.29328326447575 5400.0 5400.0 2016.0 1 269 {-999.0 14.407441 14.082061 13.948427 -999.0} sdss_psfmag_from_g3xp 14.354419 14.062961 13.590467 12.777 63050395117858088 1068446319 bright_3x1 mwm_ob_core_boss mwm_ob science 0 0 0.0 0.0 -999 ""
FIBERMAP 1100 R-9C17 METROLOGY 0 0 0 1 0 0 189.29119204698293 -176.43633280952943 143.1 68.77114096016497 -249.40286595435603 72.79061 19.16443 -999.0 -999.0 -999.0 -999.0 -999.0 103.63911651116666 2.9037521075044905 103.65524836452829 2.8778315999193165 42.591713930627144 239.2977360747899 -999.0 6231.0 -999.0 -1 -999 {-999.0 -999.0 -999.0 -999.0 -999.0} "" -999.0 -999.0 -999.0 -999.0 -999 -999 "" "" "" "" 0 0 0.0 0.0 -999 ""
FIBERMAP 1101 R-12C14 APOGEE 0 0 0 1 0 0 151.7565736422303 -241.20608683581926 143.1 2.879789069552832 -284.8967360083996 20.00023 62.551414 -999.0 -999.0 -999.0 -999.0 -999.0 103.34101560706506 2.744569988058156 103.35672664677611 2.7193575268895467 42.26648157913427 239.42072343667948 -999.0 16600.0 -999.0 2 213 {-999.0 -999.0 -999.0 -999.0 -999.0} "" -999.0 -999.0 -999.0 -999.0 -999 -999 "" "" "" "" 0 0 0.0 0.0 -999 ""
FIBERMAP 1101 R-12C14 BOSS 1 1 0 1 0 0 151.69772324759728 -241.9395445616578 143.1 2.445468242211546 -285.4904944415915 20.00023 62.551414 103.33883884120151 2.7417793482965793 1.8970323 -2.7904987 0.91581 103.33889418632596 2.7417890110600407 103.35476200875542 2.71673743901394 42.263254037415045 239.41998460151729 5400.0 5400.0 2016.0 1 256 {-999.0 14.619007 14.243171 14.116902 -999.0} sdss_psfmag_from_g3xp 14.553989 14.252734 13.787945 13.075 63050395117423093 979094128 "" ops_std_boss ops_std standard_boss 0 0 0.0 0.0 -999 ""
FIBERMAP 1101 R-12C14 METROLOGY 0 0 0 1 0 0 151.07505884965406 -241.52729509632448 143.1 2.131177841729392 -284.81326850000704 20.00023 62.551414 -999.0 -999.0 -999.0 -999.0 -999.0 103.33751195951416 2.744832199033232 103.35334125707948 2.7197397343954948 42.26429406499471 239.424246095649 -999.0 6231.0 -999.0 -1 -999 {-999.0 -999.0 -999.0 -999.0 -999.0} "" -999.0 -999.0 -999.0 -999.0 -999 -999 "" "" "" "" 0 0 0.0 0.0 -999 ""
FIBERMAP 1103 R-2C9 APOGEE 0 0 0 1 0 0 -92.10580804936386 -31.187986929821307 143.1 -94.77111089679286 21.689079908188397 45.2063 162.7265 -999.0 -999.0 -999.0 -999.0 -999.0 102.89209736403109 4.129302722682046 102.91125409327441 4.104970288117664 42.88537319162488 241.20933491206114 -999.0 16600.0 -999.0 2 258 {-999.0 -999.0 -999.0 -999.0 -999.0} "" -999.0 -999.0 -999.0 -999.0 -999 -999 "" "" "" "" 0 0 0.0 0.0 -999 ""
FIBERMAP 1103 R-2C9 BOSS 1 1 0 1 0 0 -91.46222173772432 -30.851114776466428 143.1 -94.04659299315335 21.638819216224437 45.2063 162.7265 102.89520263671875 4.1289341694971995 -999.0 -999.0 -999.0 102.8951904976669 4.128947636051797 102.91450827132695 4.104755182710967 42.88762631618789 241.2061326637684 5400.0 5400.0 2015.5 1 449 {-999.0 -999.0 -999.0 -999.0 -999.0} "" -999.0 -999.0 -999.0 -999.0 27021603131849972 819467780 "" ops_sky_boss_good ops_sky sky_boss 0 0 0.0 0.0 -999 ""
FIBERMAP 1103 R-2C9 METROLOGY 0 0 0 1 0 0 -91.48299201505692 -31.593702552095742 143.1 -94.45326875588793 21.0173385184332 45.2063 162.7265 -999.0 -999.0 -999.0 -999.0 -999.0 102.89339925357575 4.126151988419461 102.91266464603336 4.10192289887284 42.88435899529149 241.2049681810893 -999.0 6231.0 -999.0 -1 -999 {-999.0 -999.0 -999.0 -999.0 -999.0} "" -999.0 -999.0 -999.0 -999.0 -999 -999 "" "" "" "" 0 0 0.0 0.0 -999 ""
FIBERMAP 1104 R-13C7 APOGEE 0 0 0 1 0 0 -32.16079878564585 -258.72813494097886 143.1 -162.91610636567762 -203.47673653548893 267.55582 27.066074 -999.0 -999.0 -999.0 -999.0 -999.0 102.58882224765065 3.1088066168920485 102.60560066797416 3.085494113852745 41.97050283130518 240.4729742381756 -999.0 16600.0 -999.0 2 299 {-999.0 -999.0 -999.0 -999.0 -999.0} "" -999.0 -999.0 -999.0 -999.0 -999 -999 "" "" "" "" 0 0 0.0 0.0 -999 ""
FIBERMAP 1104 R-13C7 BOSS 1 1 0 1 0 0 -32.46801863510776 -258.05067622942363 143.1 -162.82285152522476 -202.73890684549207 267.55582 27.066074 102.58903152857823 3.1120212813041808 0.14627829 -0.047222227 0.15949434 102.58903301786971 3.1119479705239095 102.60598536571479 3.0887885571376867 41.97302618857615 240.475869531897 5400.0 5400.0 2016.0 1 416 {-999.0 15.994953 15.322707 14.964363 -999.0} sdss_psfmag_ps1 15.699209 15.2184105 14.53922 13.395 63050395117502982 1093344113 bright_3x1 mwm_astar_core_boss mwm_ob science 0 0 0.0 0.0 -999 ""
FIBERMAP 1104 R-13C7 METROLOGY 0 0 0 1 0 0 -31.726220037572272 -258.1210491826286 143.1 -162.22802615202525 -203.1874090501824 267.55582 27.066074 -999.0 -999.0 -999.0 -999.0 -999.0 102.59178398472073 3.1099738018604395 102.60868369796816 3.086763831907279 41.97362264758864 240.47140770869638 -999.0 6231.0 -999.0 -1 -999 {-999.0 -999.0 -999.0 -999.0 -999.0} "" -999.0 -999.0 -999.0 -999.0 -999 -999 "" "" "" "" 0 0 0.0 0.0 -999 ""
FIBERMAP 1105 R-7C6 APOGEE 0 0 0 1 0 0 -87.56299820764056 -121.10330580456844 143.1 -138.00281473585665 -57.259190149658295 99.84138 53.513096 -999.0 -999.0 -999.0 -999.0 -999.0 102.69668258805825 3.7695837277023756 102.71502274199321 3.745842542644089 42.49856021278675 241.0284572596561 -999.0 16600.0 -999.0 2 -999 {-999.0 -999.0 -999.0 -999.0 -999.0} "" -999.0 -999.0 -999.0 -999.0 -999 -999 "" "" "" "" 0 0 0.0 0.0 -999 ""
FIBERMAP 1105 R-7C6 BOSS 1 1 0 1 0 0 -86.89064614563279 -121.43097017959005 143.1 -137.60190405608176 -57.8904143112346 99.84138 53.513096 102.6983109921464 3.766546507434039 -0.19364746 0.5106955 0.116466954 102.69829904118164 3.766545594641787 102.7167959597129 3.7429512688867215 42.49791113574463 241.02394481261712 5400.0 5400.0 2016.0 1 437 {-999.0 16.234411 15.58649 15.348113 -999.0} sdss_psfmag_ps1 16.02011 15.58064 14.951589 13.82 63050395118143970 1093344447 bright_3x1 mwm_astar_core_boss mwm_ob science 0 0 0.0 0.0 -999 ""
FIBERMAP 1105 R-7C6 METROLOGY 0 0 0 1 0 0 -87.51187107818825 -121.84764980914278 143.1 -138.34918524282793 -57.919828290112356 99.84138 53.513096 -999.0 -999.0 -999.0 -999.0 -999.0 102.69496363440233 3.7664528304934657 102.71341459749482 3.7428246780238568 42.49533816232087 241.02691027451698 -999.0 6231.0 -999.0 -1 -999 {-999.0 -999.0 -999.0 -999.0 -999.0} "" -999.0 -999.0 -999.0 -999.0 -999 -999 "" "" "" "" 0 0 0.0 0.0 -999 ""
FIBERMAP 1106 R-10C9 APOGEE 0 0 0 1 0 0 -16.45153137043207 -208.8613131725524 143.1 -123.41700890079342 -169.24092371406599 294.8194 22.557968 -999.0 -999.0 -999.0 -999.0 -999.0 102.76590769563272 3.2623313713383206 102.78300883539657 3.238518077990458 42.20443315204686 240.4616347213244 -999.0 16600.0 -999.0 2 -999 {-999.0 -999.0 -999.0 -999.0 -999.0} "" -999.0 -999.0 -999.0 -999.0 -999 -999 "" "" "" "" 0 0 0.0 0.0 -999 ""
FIBERMAP 1106 R-10C9 BOSS 1 1 0 1 0 0 -17.021493162358375 -208.37676159969575 143.1 -123.64854578194443 -168.5297350463099 294.8194 22.557968 102.76427625497801 3.2653919906346496 -1.0999112 -0.56562114 0.4333245 102.76464296550141 3.2653487708121527 102.78191680618215 3.2416912293370337 42.20579345686937 240.46577530123346 5400.0 5400.0 2016.0 1 371 {-999.0 12.520138 12.23087 12.133679 -999.0} sdss_psfmag_from_g3xp 12.4791155 12.216064 11.780401 11.07 63050395117505312 1068446144 bright_3x1 mwm_ob_core_boss mwm_ob science 0 0 1.287642478942871 0.0 -999 ""
FIBERMAP 1106 R-10C9 METROLOGY 0 0 0 1 0 0 -16.306651486296374 -208.1294171419001 143.1 -122.91024654741008 -168.6935598516166 294.8194 22.557968 -999.0 -999.0 -999.0 -999.0 -999.0 102.76804517022245 3.264657234488249 102.78526965715139 3.2409474948242165 42.207740330808015 240.46196437130402 -999.0 6231.0 -999.0 -1 -999 {-999.0 -999.0 -999.0 -999.0 -999.0} "" -999.0 -999.0 -999.0 -999.0 -999 -999 "" "" "" "" 0 0 0.0 0.0 -999 ""
FIBERMAP 1107 R-13C5 APOGEE 0 0 0 1 0 0 -48.55489795488241 -268.45432598679156 143.1 -181.97158020527255 -203.1715129416196 327.95026 78.70368 -999.0 -999.0 -999.0 -999.0 -999.0 102.50305602942383 3.1105487262899283 102.51986103519494 3.0874621849363773 41.90908347653642 240.55320356798882 -999.0 16600.0 -999.0 2 283 {-999.0 -999.0 -999.0 -999.0 -999.0} "" -999.0 -999.0 -999.0 -999.0 -999 -999 "" "" "" "" 0 0 0.0 0.0 -999 ""
FIBERMAP 1107 R-13C5 BOSS 1 1 0 1 0 0 -49.04254742020521 -269.01276364530213 143.1 -182.67937025754506 -203.39161352564446 327.95026 78.70368 102.49970472736922 3.109421591152583 -0.45493442 0.58282447 0.14214487 102.49971950619164 3.1094228983639898 102.51668963723046 3.086499977497634 41.906107009573674 240.55514846993265 5400.0 5400.0 2016.0 1 414 {-999.0 16.002813 15.2980175 15.052967 -999.0} sdss_psfmag_ps1 15.786912 15.303182 14.629367 13.502 63050395117496069 1068388704 bright_3x1 mwm_ob_core_boss mwm_ob science 0 0 0.0 0.0 -999 ""
FIBERMAP 1107 R-13C5 METROLOGY 0 0 0 1 0 0 -49.28847913912708 -268.3172456199699 143.1 -182.52446469176823 -202.6705096424156 327.95026 78.70368 -999.0 -999.0 -999.0 -999.0 -999.0 102.50042640755491 3.1126950879328956 102.51735689256486 3.089725759545954 41.90878871517118 240.55771840092922 -999.0 6231.0 -999.0 -1 -999 {-999.0 -999.0 -999.0 -999.0 -999.0} "" -999.0 -999.0 -999.0 -999.0 -999 -999 "" "" "" "" 0 0 0.0 0.0 -999 ""
FIBERMAP 1108 R-9C7 APOGEE 0 0 0 1 0 0 -64.49996312545306 -188.57232572676526 143.1 -153.70535956878177 -126.79442742286727 259.88852 95.28392 -999.0 -999.0 -999.0 -999.0 -999.0 102.62735895246504 3.4541912511615553 102.64495766206363 3.4307011676977006 42.23380501621838 240.77849434144508 -999.0 16600.0 -999.0 2 178 {-999.0 -999.0 -999.0 -999.0 -999.0} "" -999.0 -999.0 -999.0 -999.0 -999 -999 "" "" "" "" 0 0 0.0 0.0 -999 ""
FIBERMAP 1108 R-9C7 BOSS 1 1 0 1 0 0 -65.24230868736353 -188.5254658189844 143.1 -154.31296751739197 -126.36566155755698 259.88852 95.28392 102.62438436225081 3.4559774603928437 0.47104257 -1.9166865 -0.85386336 102.62439166306693 3.4559478328366326 102.64216091843724 3.4326175349455976 42.23305152599356 240.78295304807682 5400.0 5400.0 2016.0 1 390 {-999.0 15.440779 14.907606 14.638298 -999.0} sdss_psfmag_from_g3xp 15.31607 14.954078 14.262673 13.11 63050395117510155 1093208159 bright_3x1 mwm_astar_core_boss mwm_ob science 0 0 0.0 0.0 -999 ""
FIBERMAP 1108 R-9C7 METROLOGY 0 0 0 1 0 0 -64.82053330013511 -187.90627541578715 143.1 -153.6294494239963 -126.05931943293777 259.88852 95.28392 -999.0 -999.0 -999.0 -999.0 -999.0 102.62752894257585 3.457381340318054 102.64525389844391 3.4339992735485825 42.23625804147704 240.78149858413295 -999.0 6231.0 -999.0 -1 -999 {-999.0 -999.0 -999.0 -999.0 -999.0} "" -999.0 -999.0 -999.0 -999.0 -999 -999 "" "" "" "" 0 0 0.0 0.0 -999 ""
FIBERMAP 1109 R+8C19 APOGEE 1 1 0 1 0 0 214.73049161298474 139.25848500186254 143.1 255.80422794849207 6.105539142116671 8.693426 44.63031 104.48566232643552 4.061693317306644 -2.5719357 -3.1452823 1.1015574 104.4856223718031 4.061669018914821 104.50420401672244 4.033178747060835 44.00157991299655 239.6485715453611 16000.0 16600.0 2016.0 2 60 {-999.0 11.773754 11.875217 12.005634 -999.0} sdss_psfmag_from_g3xp 11.873202 11.806983 11.682666 11.482 63050395117963321 1103638410 bright_flexible_4x1 mwm_tess_2min_apogee mwm_planet science 0 0 0.0 0.0 -999 ""
FIBERMAP 1109 R+8C19 BOSS 0 0 0 1 0 0 214.30227940842738 138.6414942076607 143.1 255.1163807130325 5.804441912143872 8.693426 44.63031 -999.0 -999.0 -999.0 -999.0 -999.0 104.48241142201137 4.060158573889617 104.50114436195759 4.03182198984672 43.99842874171116 239.65011086669085 -999.0 5400.0 -999.0 1 168 {-999.0 -999.0 -999.0 -999.0 -999.0} "" -999.0 -999.0 -999.0 -999.0 -999 -999 "" "" "" "" 0 0 0.0 0.0 -999 ""
FIBERMAP 1109 R+8C19 METROLOGY 0 0 0 1 0 0 213.98696129466236 139.32516040056592 143.1 255.20599102083978 6.55179976828031 8.693426 44.63031 -999.0 -999.0 -999.0 -999.0 -999.0 104.4828462754903 4.063582731438679 104.50154366427336 4.035203196451855 44.001038523829834 239.65315027617225 -999.0 6231.0 -999.0 -1 -999 {-999.0 -999.0 -999.0 -999.0 -999.0} "" -999.0 -999.0 -999.0 -999.0 -999 -999 "" "" "" "" 0 0 0.0 0.0 -999 ""
FIBERMAP 1111 R+8C16 APOGEE 0 0 0 1 0 0 140.9782273552224 137.8572809067733 143.1 192.26548995501926 43.54585357311613 330.91135 71.26332 -999.0 -999.0 -999.0 -999.0 -999.0 104.19955698205966 4.231301342278946 104.21862025741086 4.203521887060361 43.91045767837235 240.09190177602568 -999.0 16600.0 -999.0 2 -999 {-999.0 -999.0 -999.0 -999.0 -999.0} "" -999.0 -999.0 -999.0 -999.0 -999 -999 "" "" "" "" 0 0 0.0 0.0 -999 ""
FIBERMAP 1111 R+8C16 BOSS 1 1 0 1 0 0 140.44660230552668 137.34176102918497 143.1 191.54273344503815 43.38533587037013 330.91135 71.26332 104.19619151189198 4.230437760447868 1.8804002 5.0143 0.37402388 104.1961890926424 4.230439863922816 104.21540652072747 4.202814067189408 43.907632066972425 240.09422006913726 5400.0 5400.0 2016.0 1 202 {-999.0 17.46821 16.555826 16.118292 15.840252} sdss_psfmag_from_ps1dr2 17.1482 16.5338 15.7609 14.289 63050395117968910 1039367652 "" ops_std_boss_ps1dr2 ops_std standard_boss 0 0 0.0 0.0 -999 ""
FIBERMAP 1111 R+8C16 METROLOGY 0 0 0 1 0 0 140.26379868098138 138.0723475242061 143.1 191.76976646100442 44.10323450049326 330.91135 71.26332 -999.0 -999.0 -999.0 -999.0 -999.0 104.19723881364823 4.233736057114677 104.2164198797966 4.206065820644936 43.91059003216941 240.0965615882454 -999.0 6231.0 -999.0 -1 -999 {-999.0 -999.0 -999.0 -999.0 -999.0} "" -999.0 -999.0 -999.0 -999.0 -999 -999 "" "" "" "" 0 0 0.0 0.0 -999 ""
FIBERMAP 1112 R-6C10 APOGEE 0 0 0 1 0 0 -11.313239554860786 -103.27364346962065 143.1 -63.7316086721963 -82.01788511443003 80.24902 82.29505 -999.0 -999.0 -999.0 -999.0 -999.0 103.03510795098151 3.657678160123757 103.05309006728362 3.6330702862221687 42.67036562996221 240.6054177375367 -999.0 16600.0 -999.0 2 -999 {-999.0 -999.0 -999.0 -999.0 -999.0} "" -999.0 -999.0 -999.0 -999.0 -999 -999 "" "" "" "" 0 0 0.0 0.0 -999 ""
FIBERMAP 1112 R-6C10 BOSS 1 1 0 1 0 0 -10.592052982577593 -103.49098171647243 143.1 -63.23132034179431 -82.58074045761754 80.24902 82.29505 103.03697345970764 3.6549209673697214 -0.6177828 -3.2152195 -0.016015522 103.0372048304955 3.6549334888170564 103.0553426038162 3.6304710039412886 42.67025079558328 240.60074646956036 5400.0 5400.0 2016.0 1 367 {-999.0 14.002548 13.496949 13.327589 -999.0} sdss_psfmag_gaia 13.858216 13.531925 12.956738 12.055 63050395117941908 1093448041 bright_3x1 mwm_astar_core_boss mwm_ob science 0 0 0.8919939398765564 0.0 -999 ""
FIBERMAP 1112 R-6C10 METROLOGY 0 0 0 1 0 0 -11.134161537800896 -103.99793142638764 143.1 -63.95851492700733 -82.72846855938899 80.24902 82.29505 -999.0 -999.0 -999.0 -999.0 -999.0 103.03394451721486 3.654305487554862 103.05203550168937 3.629809122228239 42.66737854380384 240.60313381203161 -999.0 6231.0 -999.0 -1 -999 {-999.0 -999.0 -999.0 -999.0 -999.0} "" -999.0 -999.0 -999.0 -999.0 -999 -999 "" "" "" "" 0 0 0.0 0.0 -999 ""
FIBERMAP 1113 R-3C16 APOGEE 0 0 0 1 0 0 88.62669735243523 -44.12741783915304 143.1 52.35608041903747 -84.0024841664514 85.64069 80.680214 -999.0 -999.0 -999.0 -999.0 -999.0 103.5646380671411 3.6500164613550914 103.58246481448208 3.62401988842865 43.051080345193355 240.10554828873148 -999.0 16600.0 -999.0 2 235 {-999.0 -999.0 -999.0 -999.0 -999.0} "" -999.0 -999.0 -999.0 -999.0 -999 -999 "" "" "" "" 0 0 0.0 0.0 -999 ""
FIBERMAP 1113 R-3C16 BOSS 1 1 0 1 0 0 89.3474835950149 -44.29443809011181 143.1 52.88238583735234 -84.52228082921447 85.64069 80.680214 103.56692646320302 3.6475193147423624 -7.368128 -8.6946 2.4870358 103.56690702530983 3.6474701572638066 103.58488692608307 3.621617362944837 43.05120515133528 240.10088750744166 5400.0 5400.0 2016.0 1 282 {-999.0 19.687065 18.245785 17.158194 -999.0} sdss_psfmag_ps1 19.11315 17.820332 16.699001 14.582 63050395117931885 1095173948 bright_1x1 mwm_bin_vis_boss mwm_filler science 0 0 0.0 0.0 -999 ""
FIBERMAP 1113 R-3C16 METROLOGY 0 0 0 1 0 0 88.84806084693695 -44.83856683367104 143.1 52.17206550111563 -84.72402928176004 85.64069 80.680214 -999.0 -999.0 -999.0 -999.0 -999.0 103.56370988608397 3.6465927658620507 103.58164320917888 3.6207062717499814 43.048218309426616 240.10300243274654 -999.0 6231.0 -999.0 -1 -999 {-999.0 -999.0 -999.0 -999.0 -999.0} "" -999.0 -999.0 -999.0 -999.0 -999 -999 "" "" "" "" 0 0 0.0 0.0 -999 ""
FIBERMAP 1114 R-8C15 APOGEE 1 1 0 1 0 0 111.95737924826915 -145.6321823255912 143.1 19.052565039172467 -182.66152538993012 60.229053 143.40547 103.41359125389528 3.202448879398223 0.2798557 0.5530727 0.37713158 103.41355586366315 3.202455846645051 103.43034603384194 3.176952152169344 42.63441290557071 239.80267330574304 16000.0 16600.0 2016.0 2 203 {-999.0 14.760674 13.599887 13.049826 -999.0} sdss_psfmag_from_g3xp 14.337191 13.534388 12.650701 10.733 63050395117917434 1104689705 bright_flexible_2x1 mwm_tess_rgb_apogee mwm_tessrgb science 0 0 0.0 0.0 -999 ""
FIBERMAP 1114 R-8C15 BOSS 0 0 0 1 0 0 112.61527945131381 -145.3175727415538 143.1 19.77761036689739 -182.73824209924197 60.229053 143.40547 -999.0 -999.0 -999.0 -999.0 -999.0 103.41669889324346 3.2019140844921252 103.43364850808865 3.1765542181790596 42.63654014497066 239.79920616934675 -999.0 5400.0 -999.0 1 318 {-999.0 -999.0 -999.0 -999.0 -999.0} "" -999.0 -999.0 -999.0 -999.0 -999 -999 "" "" "" "" 0 0 0.0 0.0 -999 ""
FIBERMAP 1114 R-8C15 METROLOGY 0 0 0 1 0 0 112.56690904199883 -146.06178973690186 143.1 19.34657790344287 -183.34665244897806 60.229053 143.40547 -999.0 -999.0 -999.0 -999.0 -999.0 103.41478717316173 3.19921702704131 103.43168503444082 3.1738197164166015 42.63323808768565 239.79832807305957 -999.0 6231.0 -999.0 -1 -999 {-999.0 -999.0 -999.0 -999.0 -999.0} "" -999.0 -999.0 -999.0 -999.0 -999 -999 "" "" "" "" 0 0 0.0 0.0 -999 ""
FIBERMAP 1115 R-5C21 APOGEE 0 0 0 1 0 0 222.0266452228763 -111.3699118001669 143.1 130.73110076423038 -211.14242614644652 331.35614 84.855896 -999.0 -999.0 -999.0 -999.0 -999.0 103.92001818624627 3.0770650390832284 103.93637893374603 3.050260924755096 42.913885222484886 239.20377175000937 -999.0 16600.0 -999.0 2 -999 {-999.0 -999.0 -999.0 -999.0 -999.0} "" -999.0 -999.0 -999.0 -999.0 -999 -999 "" "" "" "" 0 0 0.0 0.0 -999 ""
FIBERMAP 1115 R-5C21 BOSS 1 1 0 1 0 0 221.64963674774864 -111.99150414335416 143.1 130.0844463416838 -211.4742638547788 331.35614 84.855896 103.91693115234375 3.0753895022886724 -999.0 -999.0 -999.0 103.91694379703645 3.0753821038158375 103.93346028539207 3.0487379631544833 42.91072544289947 239.2050153746252 5400.0 5400.0 2015.5 1 321 {-999.0 -999.0 -999.0 -999.0 -999.0} "" -999.0 -999.0 -999.0 -999.0 27021603131833900 810613673 "" ops_sky_boss_good ops_sky sky_boss 0 0 0.0 0.0 -999 ""
FIBERMAP 1115 R-5C21 METROLOGY 0 0 0 1 0 0 221.2810946931211 -111.34133929426454 143.1 130.11118412144543 -210.7275543147679 331.35614 84.855896 -999.0 -999.0 -999.0 -999.0 -999.0 103.91712114449439 3.078779098531692 103.93360066406979 3.0520907912960844 42.913141880467144 239.20819465054686 -999.0 6231.0 -999.0 -1 -999 {-999.0 -999.0 -999.0 -999.0 -999.0} "" -999.0 -999.0 -999.0 -999.0 -999 -999 "" "" "" "" 0 0 0.0 0.0 -999 ""
FIBERMAP 1118 R-13C4 APOGEE 1 1 0 1 0 0 -100.11207341408561 -248.47369756051762 143.1 -215.40937668223967 -159.14962446242885 246.64807 16.723083 102.35067030732193 3.3088517782491786 0.21251608 0.08000341 0.4234439 102.35065998686592 3.308832118172179 102.36798159823002 3.2861041494388634 41.9324680691753 240.88759852361312 16000.0 16600.0 2016.0 2 279 {-999.0 14.973334 13.778763 13.2250805 -999.0} sdss_psfmag_from_g3xp 14.509179 13.71282 12.821566 10.915 63050395117507981 1105165274 bright_flexible_2x1 mwm_tess_rgb_apogee mwm_tessrgb science 0 0 0.0 0.0 -999 ""
FIBERMAP 1118 R-13C4 BOSS 0 0 0 1 0 0 -100.05571894071099 -247.7411647914151 143.1 -214.97766580930744 -158.5553462543908 246.64807 16.723083 -999.0 -999.0 -999.0 -999.0 -999.0 102.35239364213979 3.311339039607222 102.36988822286219 3.288759717354551 41.93566693926577 240.8884927563554 -999.0 5400.0 -999.0 1 413 {-999.0 -999.0 -999.0 -999.0 -999.0} "" -999.0 -999.0 -999.0 -999.0 -999 -999 "" "" "" "" 0 0 0.0 0.0 -999 ""
FIBERMAP 1118 R-13C4 METROLOGY 0 0 0 1 0 0 -99.43896949304127 -248.15619972682796 143.1 -214.6698714737559 -159.2318457822464 246.64807 16.723083 -999.0 -999.0 -999.0 -999.0 -999.0 102.35385791417205 3.3083367788033566 102.37129744821692 3.2857106811532506 41.93463758389634 240.8841960649489 -999.0 6231.0 -999.0 -1 -999 {-999.0 -999.0 -999.0 -999.0 -999.0} "" -999.0 -999.0 -999.0 -999.0 -999 -999 "" "" "" "" 0 0 0.0 0.0 -999 ""
FIBERMAP 1121 R-3C7 APOGEE 0 0 0 1 0 0 -120.17186762570485 -67.50068218300187 143.1 -137.69276732854618 5.4683069538828395 257.45648 145.28264 -999.0 -999.0 -999.0 -999.0 -999.0 102.69699073250062 4.054798536210674 102.71601890699509 4.0309954447608245 42.69160170975051 241.31355604386493 -999.0 16600.0 -999.0 2 254 {-999.0 -999.0 -999.0 -999.0 -999.0} "" -999.0 -999.0 -999.0 -999.0 -999 -999 "" "" "" "" 0 0 0.0 0.0 -999 ""
FIBERMAP 1121 R-3C7 BOSS 1 1 0 1 0 0 -120.72868223690789 -67.9888441877964 143.1 -138.42264352341562 5.344281228344931 257.45648 145.28264 102.69345645531598 4.054074375874824 -2.6222053 -3.0560303 1.4069281 102.69345612962324 4.054075333099685 102.71264748039226 4.030430605783621 42.6887344551655 241.3160676999504 5400.0 5400.0 2016.0 1 468 {-999.0 15.180742 14.597424 14.415725 -999.0} sdss_psfmag_from_g3xp 15.04164 14.642856 14.0802965 13.06 63050395118150726 1095806861 bright_1x1 mwm_bin_vis_boss mwm_filler science 0 0 0.0 0.0 -999 ""
FIBERMAP 1121 R-3C7 METROLOGY 0 0 0 1 0 0 -120.88309556318072 -67.26315761905518 143.1 -138.17400108179106 6.043135615473531 257.45648 145.28264 -999.0 -999.0 -999.0 -999.0 -999.0 102.69463319328236 4.05729997289407 102.71378553761173 4.033609247094783 42.691713624374735 241.31822615726043 -999.0 6231.0 -999.0 -1 -999 {-999.0 -999.0 -999.0 -999.0 -999.0} "" -999.0 -999.0 -999.0 -999.0 -999 -999 "" "" "" "" 0 0 0.0 0.0 -999 ""
FIBERMAP 1125 R0C22 APOGEE 0 0 0 1 0 0 188.15418277705717 0.7793310364132574 143.1 160.6334988171802 -97.89685026163997 324.22278 152.14111 -999.0 -999.0 -999.0 -999.0 -999.0 104.05682112369406 3.588882099164828 104.07437512877226 3.5616101622866525 43.3659833543683 239.5817444549536 -999.0 16600.0 -999.0 2 -999 {-999.0 -999.0 -999.0 -999.0 -999.0} "" -999.0 -999.0 -999.0 -999.0 -999 -999 "" "" "" "" 0 0 0.0 0.0 -999 ""
FIBERMAP 1125 R0C22 BOSS 1 1 0 1 0 0 188.482080063285 0.11365836106457036 143.1 160.56402599052336 -98.63547481974489 324.22278 152.14111 104.05638750264724 3.5853707375561243 -0.69170976 -0.3592226 0.14385328 104.0563897138503 3.5853565152126317 104.07409263244887 3.558234920430197 43.36345925132401 239.5786378922397 5400.0 5400.0 2016.0 1 244 {-999.0 16.299156 15.714101 15.312106 -999.0} sdss_psfmag_ps1 16.089783 15.599304 14.921373 13.758 63050395117928215 1093344493 bright_3x1 mwm_astar_core_boss mwm_ob science 0 0 0.0 0.0 -999 ""
FIBERMAP 1125 R0C22 METROLOGY 0 0 0 1 0 0 187.74069263034608 0.15829329272562206 143.1 159.9560684440893 -98.20910555837014 324.22278 152.14111 -999.0 -999.0 -999.0 -999.0 -999.0 104.05367702196942 3.587322590520895 104.07134079112973 3.5601655916072956 43.36279043713006 239.58316313592582 -999.0 6231.0 -999.0 -1 -999 {-999.0 -999.0 -999.0 -999.0 -999.0} "" -999.0 -999.0 -999.0 -999.0 -999 -999 "" "" "" "" 0 0 0.0 0.0 -999 ""
FIBERMAP 1126 R+3C12 APOGEE 0 0 0 1 0 0 -33.42172231165259 57.250976987526045 143.1 1.5289624518517182 66.26009763342927 259.76578 15.80217 -999.0 -999.0 -999.0 -999.0 -999.0 103.331150378481 4.3336127584609985 103.35068553079566 4.308084114162661 43.345908630537366 241.0097623778189 -999.0 16600.0 -999.0 2 14 {-999.0 -999.0 -999.0 -999.0 -999.0} "" -999.0 -999.0 -999.0 -999.0 -999 -999 "" "" "" "" 0 0 0.0 0.0 -999 ""
FIBERMAP 1126 R+3C12 BOSS 1 1 0 1 0 0 -33.50451478645097 57.97830029990323 143.1 1.839451980110651 66.92282877753821 259.76578 15.80217 103.33235412954234 4.336499856943516 -0.027215851 -0.04275596 0.35180876 103.33240254194183 4.336521913372683 103.35210429736765 4.311135337021466 43.34901243032696 241.0115436450609 5400.0 5400.0 2016.0 1 114 {-999.0 14.595532 13.747415 13.426933 -999.0} sdss_psfmag_gaia 14.335775 13.786544 13.071183 11.787 63050395118178700 1093609503 bright_1x1 mwm_astar_core_boss_single mwm_ob science 0 0 0.0 0.0 -999 ""
FIBERMAP 1126 R+3C12 METROLOGY 0 0 0 1 0 0 -32.81987691010253 57.689799894595254 143.1 2.2713400115220637 66.31851957086494 259.76578 15.80217 -999.0 -999.0 -999.0 -999.0 -999.0 103.33442713336677 4.333811486864162 103.35407649201233 4.308378809686362 43.348601710884836 241.0069215252105 -999.0 6231.0 -999.0 -1 -999 {-999.0 -999.0 -999.0 -999.0 -999.0} "" -999.0 -999.0 -999.0 -999.0 -999 -999 "" "" "" "" 0 0 0.0 0.0 -999 ""
FIBERMAP 1127 R-13C6 APOGEE 0 0 0 1 0 0 -33.43100755910152 -269.79203265400093 143.1 -169.79335357372122 -212.23297828144015 302.84378 81.356255 -999.0 -999.0 -999.0 -999.0 -999.0 102.55829074937317 3.069713643588271 102.57498324670212 3.046490371399589 41.92155728362527 240.46252777910286 -999.0 16600.0 -999.0 2 274 {-999.0 -999.0 -999.0 -999.0 -999.0} "" -999.0 -999.0 -999.0 -999.0 -999 -999 "" "" "" "" 0 0 0.0 0.0 -999 ""
FIBERMAP 1127 R-13C6 BOSS 1 1 0 1 0 0 -34.12230063207149 -270.08413500187135 143.1 -170.53504512672598 -212.11960309502567 302.84378 81.356255 102.5547159547337 3.070115692552401 0.0141975 -0.45033246 0.12547368 102.55478066791872 3.0700803439378332 102.57164168223807 3.04702090899904 41.919473658572976 240.46610241863507 5400.0 5400.0 2016.0 1 415 {-999.0 14.986724 14.310388 14.084361 -999.0} sdss_psfmag_ps1 14.7609215 14.268675 13.587999 12.467 63050395117495775 1068388703 bright_3x1 mwm_ob_core_boss mwm_ob science 0 0 0.0 0.0 -999 ""
FIBERMAP 1127 R-13C6 METROLOGY 0 0 0 1 0 0 -34.03586063273194 -269.33972262707374 143.1 -170.07149163884375 -211.5309682988188 302.84378 81.356255 -999.0 -999.0 -999.0 -999.0 -999.0 102.55688459232807 3.0727510321234557 102.57370421180121 3.049641610228244 41.922766288828036 240.4667990285497 -999.0 6231.0 -999.0 -1 -999 {-999.0 -999.0 -999.0 -999.0 -999.0} "" -999.0 -999.0 -999.0 -999.0 -999 -999 "" "" "" "" 0 0 0.0 0.0 -999 ""
FIBERMAP 1129 R-8C8 APOGEE 0 0 0 1 0 0 -48.34280031099187 -134.51497096725336 143.1 -111.62973056508599 -89.22472934212672 161.90736 39.58135 -999.0 -999.0 -999.0 -999.0 -999.0 102.81719963999461 3.624567911499722 102.83515883916056 3.600540595354134 42.488503613275114 240.77334360693138 -999.0 16600.0 -999.0 2 -999 {-999.0 -999.0 -999.0 -999.0 -999.0} "" -999.0 -999.0 -999.0 -999.0 -999 -999 "" "" "" "" 0 0 0.0 0.0 -999 ""
FIBERMAP 1129 R-8C8 BOSS 1 1 0 1 0 0 -47.654438255791945 -134.2350662760932 143.1 -110.89692443900014 -89.34695625935814 161.90736 39.58135 102.82031939127849 3.623854341379932 -4.69382 -4.011515 2.0363185 102.82032552937389 3.6238299596520642 102.8384462313083 3.5999455436598784 42.49051265833982 240.76973467195987 5400.0 5400.0 2016.0 1 389 {-999.0 19.304306 17.878014 17.196327 -999.0} sdss_psfmag_gaia 18.394886 17.76962 16.47056 14.305 63050395117941087 1094730845 bright_1x1 mwm_bin_vis_boss mwm_filler science 0 0 0.0 0.0 -999 ""
FIBERMAP 1129 R-8C8 METROLOGY 0 0 0 1 0 0 -47.75817719202894 -134.9785200900935 143.1 -111.37470695142288 -89.92571310598744 161.90736 39.58135 -999.0 -999.0 -999.0 -999.0 -999.0 102.81822124666908 3.6212488957879376 102.83628979189052 3.5973278085882545 42.48715597547061 240.76910277085938 -999.0 6231.0 -999.0 -1 -999 {-999.0 -999.0 -999.0 -999.0 -999.0} "" -999.0 -999.0 -999.0 -999.0 -999 -999 "" "" "" "" 0 0 0.0 0.0 -999 ""
FIBERMAP 1130 R-3C13 APOGEE 1 1 0 1 0 0 11.122826431075241 -47.00454465078133 143.1 -15.150519648975207 -45.85381384380439 74.21181 131.33871 103.25624992558495 3.8227492293551664 -0.67238075 -0.25841585 0.34126362 103.25622931714126 3.8227574220507905 103.27455155262658 3.7975331458205055 42.944272643403586 240.565393714114 16000.0 16600.0 2016.0 2 174 {-999.0 15.223751 13.878944 13.199035 -999.0} sdss_psfmag_from_g3xp 14.691294 13.744888 12.785963 10.712 63050395117948652 1108787560 bright_flexible_2x1 mwm_tess_rgb_apogee mwm_tessrgb science 0 0 0.0 0.0 -999 ""
FIBERMAP 1130 R-3C13 BOSS 0 0 0 1 0 0 11.793291118361113 -46.69294746651368 143.1 -14.41635284364214 -45.93967743665841 74.21181 131.33871 -999.0 -999.0 -999.0 -999.0 -999.0 103.2594131200661 3.822200096305071 103.27789443442964 3.79711648306682 42.94643771644488 240.5618809403412 -999.0 5400.0 -999.0 1 364 {-999.0 -999.0 -999.0 -999.0 -999.0} "" -999.0 -999.0 -999.0 -999.0 -999 -999 "" "" "" "" 0 0 0.0 0.0 -999 ""
FIBERMAP 1130 R-3C13 METROLOGY 0 0 0 1 0 0 11.729539889264933 -47.436608846179865 143.1 -14.860192006905812 -46.53955773440761 74.21181 131.33871 -999.0 -999.0 -999.0 -999.0 -999.0 103.25744088350048 3.8195101520978474 103.2758705450924 3.7943901064609804 42.94310374875505 240.56102131062835 -999.0 6231.0 -999.0 -1 -999 {-999.0 -999.0 -999.0 -999.0 -999.0} "" -999.0 -999.0 -999.0 -999.0 -999 -999 "" "" "" "" 0 0 0.0 0.0 -999 ""
FIBERMAP 1131 R-8C19 APOGEE 1 1 0 1 0 0 221.15979207298926 -158.11391918195068 143.1 105.50708259470855 -250.49384152268217 42.367943 55.396767 103.80534354026871 2.9001700003682545 -2.9816902 4.0886927 0.5394513 103.80532566495879 2.900176554080057 103.8212916546367 2.8737114005001017 42.708821569530045 239.13799576746123 16000.0 16600.0 2016.0 2 185 {-999.0 13.961599 12.772683 12.264755 -999.0} sdss_psfmag_gaia 13.534819 12.756507 11.895693 10.007 63050395117857005 1109056171 bright_1x1 mwm_tess_rgb_apogee mwm_tessrgb science 0 0 0.0 0.0 -999 ""
FIBERMAP 1131 R-8C19 BOSS 0 0 0 1 0 0 221.2744300347287 -158.85323254857417 143.1 105.21743079496295 -251.18346453092641 42.367943 55.396767 -999.0 -999.0 -999.0 -999.0 -999.0 103.80384574959382 2.8969371154691475 103.8199643292208 2.8706293446813143 42.70573335187961 239.13621135163774 -999.0 5400.0 -999.0 1 331 {-999.0 -999.0 -999.0 -999.0 -999.0} "" -999.0 -999.0 -999.0 -999.0 -999 -999 "" "" "" "" 0 0 0.0 0.0 -999 ""
FIBERMAP 1131 R-8C19 METROLOGY 0 0 0 1 0 0 220.58198892046352 -158.60102139972622 143.1 104.75988846744568 -250.60597037857252 42.367943 55.396767 -999.0 -999.0 -999.0 -999.0 -999.0 103.80183432911629 2.8995402883855683 103.81791431875905 2.8731939094663885 42.7060260658894 239.14065927251522 -999.0 6231.0 -999.0 -1 -999 {-999.0 -999.0 -999.0 -999.0 -999.0} "" -999.0 -999.0 -999.0 -999.0 -999 -999 "" "" "" "" 0 0 0.0 0.0 -999 ""
FIBERMAP 1132 R+2C1 APOGEE 0 0 0 1 0 0 -279.91455246946794 32.48914279896952 143.1 -221.34632371619307 174.29375890756833 205.49652 122.70474 -999.0 -999.0 -999.0 -999.0 -999.0 102.31912322340132 4.816212812229149 102.34009525747462 4.793245172364953 42.92235661795524 242.42782170322994 -999.0 16600.0 -999.0 2 145 {-999.0 -999.0 -999.0 -999.0 -999.0} "" -999.0 -999.0 -999.0 -999.0 -999 -999 "" "" "" "" 0 0 0.0 0.0 -999 ""
FIBERMAP 1132 R+2C1 BOSS 1 1 0 1 0 0 -280.51593531321987 32.89386295932111 143.1 -221.64643558226948 174.95342528470394 205.49652 122.70474 102.31762172932208 4.819025381707839 0.08814114 0.4135278 0.2084918 102.31763529625233 4.819004268940152 102.33877920078169 4.79618558063238 42.92332713642433 242.43201393716214 5400.0 5400.0 2016.0 1 4 {-999.0 14.15095 14.01 13.846396 -999.0} sdss_psfmag_ps1 13.879005 13.665281 13.192024 12.466 63050395118230170 1068388826 bright_3x1 mwm_ob_core_boss mwm_ob science 0 0 0.0 0.0 -999 ""
FIBERMAP 1132 R+2C1 METROLOGY 0 0 0 1 0 0 -279.8605276400181 33.242818409629166 143.1 -220.90552146296602 174.90726192458223 205.49652 122.70474 -999.0 -999.0 -999.0 -999.0 -999.0 102.32100389117639 4.818880737739234 102.342099905147 4.7960119237685195 42.92568713408673 242.42883735056233 -999.0 6231.0 -999.0 -1 -999 {-999.0 -999.0 -999.0 -999.0 -999.0} "" -999.0 -999.0 -999.0 -999.0 -999 -999 "" "" "" "" 0 0 0.0 0.0 -999 ""
FIBERMAP 1135 R-2C11 APOGEE 1 1 0 1 0 0 -64.65282908305701 -48.2089917932412 143.1 -80.30923721579327 -7.1860385851254795 275.37595 27.447939 102.9583740234375 3.9980483229591215 -999.0 -999.0 -999.0 102.95838268307226 3.998051594016482 102.97720520129127 3.973572675760825 42.84527517235334 241.0164581553381 16000.0 16600.0 2015.5 2 268 {-999.0 -999.0 -999.0 -999.0 -999.0} "" -999.0 -999.0 -999.0 -999.0 27021603131849691 841579239 "" ops_sky_apogee_best ops_sky sky_apogee 0 0 0.0 0.0 -999 ""
FIBERMAP 1135 R-2C11 BOSS 0 0 0 1 0 0 -65.07201763502721 -47.602250663450704 143.1 -80.34837472870792 -6.449777033604175 275.37595 27.447939 -999.0 -999.0 -999.0 -999.0 -999.0 102.95799027528825 4.001251090363953 102.97698321660738 3.97692112026747 42.84737377554039 241.02002969799167 -999.0 5400.0 -999.0 1 448 {-999.0 -999.0 -999.0 -999.0 -999.0} "" -999.0 -999.0 -999.0 -999.0 -999 -999 "" "" "" "" 0 0 0.0 0.0 -999 ""
FIBERMAP 1135 R-2C11 METROLOGY 0 0 0 1 0 0 -64.3254665251362 -47.53622431039348 143.1 -79.6780524614652 -6.784616047700666 275.37595 27.447939 -999.0 -999.0 -999.0 -999.0 -999.0 102.96110514320986 3.9997782423124066 102.98004762502217 3.97539828404275 42.84859920219506 241.0156815157953 -999.0 6231.0 -999.0 -1 -999 {-999.0 -999.0 -999.0 -999.0 -999.0} "" -999.0 -999.0 -999.0 -999.0 -999 -999 "" "" "" "" 0 0 0.0 0.0 -999 ""
FIBERMAP 1137 R-1C6 APOGEE 0 0 0 1 0 0 -148.92488183463365 -20.48961799517199 143.1 -137.55205965813641 60.56286525355556 41.89581 64.62345 -999.0 -999.0 -999.0 -999.0 -999.0 102.69704799958585 4.3052838739103025 102.71668143612573 4.281427529930239 42.86039418640201 241.56559792476963 -999.0 16600.0 -999.0 2 -999 {-999.0 -999.0 -999.0 -999.0 -999.0} "" -999.0 -999.0 -999.0 -999.0 -999 -999 "" "" "" "" 0 0 0.0 0.0 -999 ""
FIBERMAP 1137 R-1C6 BOSS 1 1 0 1 0 0 -148.70674931556002 -21.19597446896416 143.1 -137.73631549893975 59.847093751316116 41.89581 64.62345 102.69602331594146 4.3019070930762 -0.27629292 -0.07829454 0.27043065 102.69600012971537 4.3019023157700484 102.71578917898842 4.2781969927874535 42.857566882189616 241.56314448296212 5400.0 5400.0 2016.0 1 484 {-999.0 15.150248 14.399209 13.861592 -999.0} sdss_psfmag_ps1 14.851177 14.169151 13.353681 11.985 63050395118170244 1093344529 bright_3x1 mwm_astar_core_boss mwm_ob science 0 0 0.0 0.0 -999 ""
FIBERMAP 1137 R-1C6 METROLOGY 0 0 0 1 0 0 -149.43468371930283 -21.034378510352354 143.1 -138.2715494297409 60.366015693539104 41.89581 64.62345 -999.0 -999.0 -999.0 -999.0 -999.0 102.6936212594675 4.304285459133941 102.7133703696399 4.280544077218378 42.8573530874621 241.56772637003584 -999.0 6231.0 -999.0 -1 -999 {-999.0 -999.0 -999.0 -999.0 -999.0} "" -999.0 -999.0 -999.0 -999.0 -999 -999 "" "" "" "" 0 0 0.0 0.0 -999 ""
FIBERMAP 1140 R-5C12 APOGEE 0 0 0 1 0 0 1.1876251748458824 -96.47724801879079 143.1 -49.52618184400825 -82.77862946713704 148.72353 141.4837 -999.0 -999.0 -999.0 -999.0 -999.0 103.09987893855185 3.6543538225081194 103.11783621545038 3.629576366495481 42.71541226598119 240.54221078268438 -999.0 16600.0 -999.0 2 159 {-999.0 -999.0 -999.0 -999.0 -999.0} "" -999.0 -999.0 -999.0 -999.0 -999 -999 "" "" "" "" 0 0 0.0 0.0 -999 ""
FIBERMAP 1140 R-5C12 BOSS 1 1 0 1 0 0 0.9321344427539149 -95.77944171378735 143.1 -49.378217720573176 -82.05056968575613 148.72353 141.4837 103.1003632855265 3.6575903588540006 -3.052026 -38.475136 3.76357 103.10035580892672 3.657474296407535 103.11848292457836 3.6328450733340634 42.718106937878765 240.54487783452026 5400.0 5400.0 2016.0 1 387 {-999.0 15.703023 14.342854 13.723169 -999.0} sdss_psfmag_from_g3xp 15.153167 14.275192 13.348889 11.508 63050395117939008 1095716460 bright_1x1 mwm_bin_vis_boss mwm_filler science 0 0 0.0 0.0 -999 ""
FIBERMAP 1140 R-5C12 METROLOGY 0 0 0 1 0 0 1.669276259730223 -95.89355628261447 143.1 -48.810270991966824 -82.53388130660498 148.72353 141.4837 -999.0 -999.0 -999.0 -999.0 -999.0 103.10300376913317 3.6553324887544836 103.12107899628899 3.630654216606201 42.71851895860369 240.54029379551946 -999.0 6231.0 -999.0 -1 -999 {-999.0 -999.0 -999.0 -999.0 -999.0} "" -999.0 -999.0 -999.0 -999.0 -999 -999 "" "" "" "" 0 0 0.0 0.0 -999 ""
FIBERMAP 1143 R-2C5 APOGEE 1 1 0 1 0 0 -189.29293315902626 -25.204063071032607 143.1 -174.39758499922303 77.69414600542648 152.1781 86.704185 102.52992233052348 4.382127567490391 1.1309401 -2.030028 0.45306468 102.52987898405179 4.382096213886771 102.54974256734647 4.358663977578494 42.7885680487441 241.79584137256023 16000.0 16600.0 2016.0 2 249 {-999.0 14.551906 13.269959 12.701049 -999.0} sdss_psfmag_from_g3xp 14.058286 13.205872 12.300355 10.301 63050395118173151 1104784366 bright_1x1 mwm_tess_rgb_apogee mwm_tessrgb science 0 0 0.0 0.0 -999 ""
FIBERMAP 1143 R-2C5 BOSS 0 0 0 1 0 0 -188.91899166581294 -24.561025542364952 143.1 -173.74230871028635 78.04585222639281 152.1781 86.704185 -999.0 -999.0 -999.0 -999.0 -999.0 102.5326311638087 4.383583570353539 102.55266189675172 4.360291241326592 42.79182015801729 241.7948353715894 -999.0 5400.0 -999.0 1 473 {-999.0 -999.0 -999.0 -999.0 -999.0} "" -999.0 -999.0 -999.0 -999.0 -999 -999 "" "" "" "" 0 0 0.0 0.0 -999 ""
FIBERMAP 1143 R-2C5 METROLOGY 0 0 0 1 0 0 -188.5414958770032 -25.212028981062918 143.1 -173.76186109249872 77.29373835390473 152.1781 86.704185 -999.0 -999.0 -999.0 -999.0 -999.0 102.53260075447311 4.380209944554469 102.55257678018387 4.356876627896688 42.789472371418995 241.791454714593 -999.0 6231.0 -999.0 -1 -999 {-999.0 -999.0 -999.0 -999.0 -999.0} "" -999.0 -999.0 -999.0 -999.0 -999 -999 "" "" "" "" 0 0 0.0 0.0 -999 ""
FIBERMAP 1144 R+12C1 APOGEE 0 0 0 1 0 0 -176.3867674136241 238.26403140929833 143.1 -25.395098957487118 295.2933829794913 216.30826 51.655 -999.0 -999.0 -999.0 -999.0 -999.0 103.20651301297303 5.3647349061904 103.22858047199708 5.339321839779824 43.94663039439977 242.18028767651305 -999.0 16600.0 -999.0 2 129 {-999.0 -999.0 -999.0 -999.0 -999.0} "" -999.0 -999.0 -999.0 -999.0 -999 -999 "" "" "" "" 0 0 0.0 0.0 -999 ""
FIBERMAP 1144 R+12C1 BOSS 1 1 0 1 0 0 -176.3162621074527 238.98627215166152 143.1 -24.95672900535957 295.871484263867 216.30826 51.655 103.20832855545021 5.36713709952996 -0.08106716 -1.758348 0.13480799 103.20834204746197 5.367134183503377 103.23057366274998 5.341856588646446 43.949798059956194 242.18108464825286 5400.0 5400.0 2016.0 1 8 {-999.0 15.065469 14.906332 14.781694 -999.0} sdss_psfmag_from_g3xp 15.03324 14.992622 14.440251 13.834 63050395118268810 1093208246 bright_3x1 mwm_astar_core_boss mwm_ob science 0 0 0.0 0.0 -999 ""
FIBERMAP 1144 R+12C1 METROLOGY 0 0 0 1 0 0 -175.7099087643827 238.57063534058358 143.1 -24.658102894164905 295.19991797517446 216.30826 51.655 -999.0 -999.0 -999.0 -999.0 -999.0 103.20974325590052 5.364211194176828 103.2319223812878 5.3388906354695305 43.94882899529636 242.1767673904844 -999.0 6231.0 -999.0 -1 -999 {-999.0 -999.0 -999.0 -999.0 -999.0} "" -999.0 -999.0 -999.0 -999.0 -999 -999 "" "" "" "" 0 0 0.0 0.0 -999 ""
FIBERMAP 1148 R0C11 APOGEE 1 1 0 1 0 0 -56.85587799525559 7.682366220356288 143.1 -44.39215769657054 36.32474614784932 37.348404 116.290504 103.12175262293054 4.19668717146174 0.2913472 -1.6540321 0.6279009 103.12174840254156 4.196715195292163 103.14100767727996 4.171764887453348 43.09961730856557 241.06547204758192 16000.0 16600.0 2016.0 2 285 {-999.0 14.523024 13.530941 12.9823885 -999.0} sdss_psfmag_from_g3xp 14.18177 13.441428 12.58292 11.104 63050395118154995 1104120137 bright_flexible_3x1 mwm_tess_rgb_apogee mwm_tessrgb science 0 0 0.0 0.0 -999 ""
FIBERMAP 1148 R0C11 BOSS 0 0 0 1 0 0 -56.18861320935461 7.358422849593689 143.1 -43.99362998859514 35.69935551783838 37.348404 116.290504 -999.0 -999.0 -999.0 -999.0 -999.0 103.12338941834119 4.193744930465445 103.1428024102014 4.168938123529598 43.09903010267996 241.06096090056158 -999.0 5400.0 -999.0 1 431 {-999.0 -999.0 -999.0 -999.0 -999.0} "" -999.0 -999.0 -999.0 -999.0 -999 -999 "" "" "" "" 0 0 0.0 0.0 -999 ""
FIBERMAP 1148 R0C11 METROLOGY 0 0 0 1 0 0 -56.805019308245214 6.939253546653319 143.1 -44.738111793315866 35.66529718177819 37.348404 116.290504 -999.0 -999.0 -999.0 -999.0 -999.0 103.12004063978839 4.19361723714273 103.13940849741016 4.168777547919032 43.09642415428049 241.06392758073852 -999.0 6231.0 -999.0 -1 -999 {-999.0 -999.0 -999.0 -999.0 -999.0} "" -999.0 -999.0 -999.0 -999.0 -999 -999 "" "" "" "" 0 0 0.0 0.0 -999 ""
FIBERMAP 1149 R-5C9 APOGEE 0 0 0 1 0 0 -58.27633447759777 -108.0229718475356 143.1 -106.21150629131249 -61.46163872835171 242.21098 133.15082 -999.0 -999.0 -999.0 -999.0 -999.0 102.84126747084314 3.7507582802271475 102.8595243595197 3.726640386555386 42.5918002000463 240.8769038331232 -999.0 16600.0 -999.0 2 284 {-999.0 -999.0 -999.0 -999.0 -999.0} "" -999.0 -999.0 -999.0 -999.0 -999 -999 "" "" "" "" 0 0 0.0 0.0 -999 ""
FIBERMAP 1149 R-5C9 BOSS 1 1 0 1 0 0 -58.99359124672721 -108.22713750860433 143.1 -106.92924385229725 -61.25977933491426 242.21098 133.15082 102.83779012347571 3.7514935185033056 -0.10764547 0.22469981 0.10516966 102.83778714025193 3.7514916620417313 102.85621045801327 3.727533002994192 42.589969991353136 240.88083654164802 5400.0 5400.0 2016.0 1 409 {-999.0 16.059923 15.528839 15.239089 -999.0} sdss_psfmag_ps1 15.882683 15.463115 14.859104 13.882 63050395118145311 1093344448 bright_3x1 mwm_astar_core_boss mwm_ob science 0 0 0.0 0.0 -999 ""
FIBERMAP 1149 R-5C9 METROLOGY 0 0 0 1 0 0 -58.81919879416007 -107.50374730350653 143.1 -106.40180526114571 -60.73511824517227 242.21098 133.15082 -999.0 -999.0 -999.0 -999.0 -999.0 102.84023224806293 3.753929845732198 102.85861438287259 3.7299216383886273 42.593352564745885 240.881019744842 -999.0 6231.0 -999.0 -1 -999 {-999.0 -999.0 -999.0 -999.0 -999.0} "" -999.0 -999.0 -999.0 -999.0 -999 -999 "" "" "" "" 0 0 0.0 0.0 -999 ""
FIBERMAP 1150 R-9C10 APOGEE 1 1 0 1 0 0 -5.468057154310603 -172.36602687790824 143.1 -94.94661488232171 -143.9163198963365 199.22438 86.5453 102.89433515049551 3.376722406293839 0.6641495 -0.49863878 0.14948526 102.89433257537569 3.3766934507699613 102.9116752286327 3.3525168651356565 42.376133645649865 240.4564007405354 16000.0 16600.0 2016.0 2 180 {-999.0 16.930267 15.044104 14.192737 -999.0} sdss_psfmag_ps1 15.963457 14.668794 13.560462 10.744 63050395117506025 1156421348 bright_1x1 mwm_galactic_core_dist_apogee_extra mwm_galactic science 0 0 0.0 0.0 -999 ""
FIBERMAP 1150 R-9C10 BOSS 0 0 0 1 0 0 -5.667285578876534 -171.66172159823128 143.1 -94.74733547543849 -143.2121976175998 199.22438 86.5453 -999.0 -999.0 -999.0 -999.0 -999.0 102.89502527068275 3.3796801351993526 102.91253907503022 3.355653224419519 42.3788996686687 240.45871770892782 -999.0 5400.0 -999.0 1 375 {-999.0 -999.0 -999.0 -999.0 -999.0} "" -999.0 -999.0 -999.0 -999.0 -999 -999 "" "" "" "" 0 0 0.0 0.0 -999 ""
FIBERMAP 1150 R-9C10 METROLOGY 0 0 0 1 0 0 -4.936113111560179 -171.84544540520423 143.1 -94.2209353222939 -143.7516590207809 199.22438 86.5453 -999.0 -999.0 -999.0 -999.0 -999.0 102.89748312761182 3.377292348660271 102.9149440269278 3.35321637524058 42.379000890266575 240.45408884780173 -999.0 6231.0 -999.0 -1 -999 {-999.0 -999.0 -999.0 -999.0 -999.0} "" -999.0 -999.0 -999.0 -999.0 -999 -999 "" "" "" "" 0 0 0.0 0.0 -999 ""
FIBERMAP 1151 R-9C4 APOGEE 0 0 0 1 0 0 -107.5287934464338 -177.55806447492347 143.1 -184.57756487790627 -94.87536051850589 11.532135 94.84511 -999.0 -999.0 -999.0 -999.0 -999.0 102.48678575216437 3.59871913885976 102.50476934088567 3.57556832140971 42.22882686966058 241.05042587870355 -999.0 16600.0 -999.0 2 -999 {-999.0 -999.0 -999.0 -999.0 -999.0} "" -999.0 -999.0 -999.0 -999.0 -999 -999 "" "" "" "" 0 0 0.0 0.0 -999 ""
FIBERMAP 1151 R-9C4 BOSS 1 1 0 1 0 0 -107.32351667924728 -178.25106050053674 143.1 -184.76576962785177 -95.5730205410461 11.532135 94.84511 102.4857654031271 3.595384604308536 -0.5404332 -0.8648066 0.23626004 102.48575112090401 3.5953858506113936 102.50389301099062 3.5723903803584967 42.22603493383558 241.04805990546626 5400.0 5400.0 2016.0 1 479 {-999.0 14.991559 14.385264 14.104526 -999.0} sdss_psfmag_from_g3xp 14.832962 14.368991 13.71997 12.546 63050395117718526 1068446234 bright_3x1 mwm_ob_core_boss mwm_ob science 0 0 0.0 0.0 -999 ""
FIBERMAP 1151 R-9C4 METROLOGY 0 0 0 1 0 0 -108.04414554418666 -178.0975773995634 143.1 -185.29903217239854 -95.064834062042 11.532135 94.84511 -999.0 -999.0 -999.0 -999.0 -999.0 102.48338318785102 3.5977349577974786 102.5014843070183 3.5747021738048663 42.225824499270146 241.05255494130108 -999.0 6231.0 -999.0 -1 -999 {-999.0 -999.0 -999.0 -999.0 -999.0} "" -999.0 -999.0 -999.0 -999.0 -999 -999 "" "" "" "" 0 0 0.0 0.0 -999 ""
FIBERMAP 1152 R-9C3 APOGEE 1 1 0 1 0 0 -164.2856777977143 -166.84835176414998 143.1 -227.29961318586004 -56.02449181600163 209.21243 52.73511 102.29324861538751 3.774615169412855 0.92719114 -1.253679 0.50220406 102.29320726447033 3.7745823569231387 102.31166589004596 3.751904303765449 42.205382099042176 241.40170215644042 16000.0 16600.0 2016.0 2 256 {-999.0 15.029753 13.818533 13.291022 -999.0} sdss_psfmag_from_g3xp 14.576039 13.772287 12.894719 10.943 63050395117724072 1106590518 bright_flexible_2x1 mwm_tess_rgb_apogee mwm_tessrgb science 0 0 0.0 0.0 -999 ""
FIBERMAP 1152 R-9C3 BOSS 0 0 0 1 0 0 -164.17835905143107 -166.12217325307734 143.1 -226.82783153121923 -55.46232119551774 209.21243 52.73511 -999.0 -999.0 -999.0 -999.0 -999.0 102.29511090387012 3.776970563384947 102.31374157829953 3.754438295560512 42.20861927972327 241.40235213316933 -999.0 5400.0 -999.0 1 477 {-999.0 -999.0 -999.0 -999.0 -999.0} "" -999.0 -999.0 -999.0 -999.0 -999 -999 "" "" "" "" 0 0 0.0 0.0 -999 ""
FIBERMAP 1152 R-9C3 METROLOGY 0 0 0 1 0 0 -163.5758344702758 -166.61247460982636 143.1 -226.57157726230534 -56.19546348328792 209.21243 52.73511 -999.0 -999.0 -999.0 -999.0 -999.0 102.29633728865346 3.7736965380594603 102.314912473253 3.751118866924529 42.20725057425499 241.39797530040406 -999.0 6231.0 -999.0 -1 -999 {-999.0 -999.0 -999.0 -999.0 -999.0} "" -999.0 -999.0 -999.0 -999.0 -999 -999 "" "" "" "" 0 0 0.0 0.0 -999 ""
FIBERMAP 1153 R-6C11 APOGEE 0 0 0 1 0 0 10.564847190835176 -130.01061432466244 143.1 -59.10660927171464 -116.24648034890384 337.97815 84.38037 -999.0 -999.0 -999.0 -999.0 -999.0 103.05678208860377 3.5022494946492753 103.07438452254019 3.4776181680760225 42.58027858399791 240.43083470207614 -999.0 16600.0 -999.0 2 -999 {-999.0 -999.0 -999.0 -999.0 -999.0} "" -999.0 -999.0 -999.0 -999.0 -999 -999 "" "" "" "" 0 0 0.0 0.0 -999 ""
FIBERMAP 1153 R-6C11 BOSS 1 1 0 1 0 0 10.23277973513147 -130.67156218937163 143.1 -59.735609094593244 -116.63537317016535 337.97815 84.38037 103.05372665598712 3.500290858043002 -2.679598 -4.6156354 1.1856734 103.05373634152109 3.5002789713650615 103.07149784065882 3.475807207110971 42.57693493603102 240.43169563027723 5400.0 5400.0 2016.0 1 386 {-999.0 20.280476 18.850603 17.81574 -999.0} sdss_psfmag_ps1 19.60356 18.439568 17.33358 15.29 63050395117936578 1095195826 bright_1x1 mwm_bin_vis_boss mwm_filler science 0 0 0.0 0.0 -999 ""
FIBERMAP 1153 R-6C11 METROLOGY 0 0 0 1 0 0 9.819597976148973 -130.04618943564475 143.1 -59.759871667598944 -115.88639213353764 337.97815 84.38037 -999.0 -999.0 -999.0 -999.0 -999.0 103.05366292885516 3.5037296601916865 103.0713865462838 3.479214501083848 42.579172252987426 240.43518882715296 -999.0 6231.0 -999.0 -1 -999 {-999.0 -999.0 -999.0 -999.0 -999.0} "" -999.0 -999.0 -999.0 -999.0 -999 -999 "" "" "" "" 0 0 0.0 0.0 -999 ""
FIBERMAP 1156 R-11C14 APOGEE 1 1 0 1 0 0 114.03478896375903 -232.77820859442 143.1 -24.82794988406553 -257.96011997413376 309.16382 37.030804 103.21517944335936 2.8641165513810165 -999.0 -999.0 -999.0 103.21520760397674 2.864106461180324 103.23123709282521 2.8391982175272674 42.25798212068293 239.65476142382954 16000.0 16600.0 2015.5 2 239 {-999.0 -999.0 -999.0 -999.0 -999.0} "" -999.0 -999.0 -999.0 -999.0 27021603131812889 841576080 "" ops_sky_apogee_best ops_sky sky_apogee 0 0 0.0 0.0 -999 ""
FIBERMAP 1156 R-11C14 BOSS 0 0 0 1 0 0 113.31072436079842 -232.60368090725558 143.1 -25.353114426795102 -257.4322129533765 309.16382 37.030804 -999.0 -999.0 -999.0 -999.0 -999.0 103.21265464196803 2.8662881956599295 103.2288533799657 2.8415404675245632 42.25786157095984 239.65927096447496 -999.0 5400.0 -999.0 1 255 {-999.0 -999.0 -999.0 -999.0 -999.0} "" -999.0 -999.0 -999.0 -999.0 -999 -999 "" "" "" "" 0 0 0.0 0.0 -999 ""
FIBERMAP 1156 R-11C14 METROLOGY 0 0 0 1 0 0 113.82394645458768 -232.05970480989768 143.1 -24.631123029735317 -257.2378229776594 309.16382 37.030804 -999.0 -999.0 -999.0 -999.0 -999.0 103.21596886846213 2.8672075058613635 103.23212265004406 2.8424071272556426 42.26082954240375 239.6570905794856 -999.0 6231.0 -999.0 -1 -999 {-999.0 -999.0 -999.0 -999.0 -999.0} "" -999.0 -999.0 -999.0 -999.0 -999 -999 "" "" "" "" 0 0 0.0 0.0 -999 ""
FIBERMAP 1158 R-5C22 APOGEE 1 1 0 1 0 0 222.55026333816127 -86.65718755536182 143.1 144.12222115866547 -190.3722544547776 163.31145 92.30948 103.980927277532 3.1707983129898514 -0.88327587 -1.133589 0.44403103 103.9809134224812 3.1707957276575196 103.99748343190271 3.143811931734829 43.022610298909726 239.23870783407114 16000.0 16600.0 2016.0 2 211 {-999.0 13.976521 12.78368 12.211761 -999.0} sdss_psfmag_from_g3xp 13.532901 12.7088 11.816064 9.92 63050395117867730 1109688758 bright_1x1 mwm_tess_rgb_apogee mwm_tessrgb science 0 0 0.0 0.0 -999 ""
FIBERMAP 1158 R-5C22 BOSS 0 0 0 1 0 0 222.73634688676637 -85.94119160373022 143.1 144.65574214246544 -189.86001417039063 163.31145 92.30948 -999.0 -999.0 -999.0 -999.0 -999.0 103.98319333383411 3.172941964767594 103.9999263563459 3.1461026183736562 43.02595641588424 239.23867259320693 -999.0 5400.0 -999.0 1 251 {-999.0 -999.0 -999.0 -999.0 -999.0} "" -999.0 -999.0 -999.0 -999.0 -999 -999 "" "" "" "" 0 0 0.0 0.0 -999 ""
FIBERMAP 1158 R-5C22 METROLOGY 0 0 0 1 0 0 223.26742329108487 -86.46156443836603 143.1 144.83540144748864 -190.58133765317078 163.31145 92.30948 -999.0 -999.0 -999.0 -999.0 -999.0 103.9840311845874 3.169754654318065 104.0007114551413 3.142871058785184 43.0242933759667 239.23473369604335 -999.0 6231.0 -999.0 -1 -999 {-999.0 -999.0 -999.0 -999.0 -999.0} "" -999.0 -999.0 -999.0 -999.0 -999 -999 "" "" "" "" 0 0 0.0 0.0 -999 ""
FIBERMAP 1162 R-2C6 APOGEE 0 0 0 1 0 0 -162.38552672441588 -52.53636874908352 143.1 -165.801653029512 40.324084903110084 259.4517 104.50551 -999.0 -999.0 -999.0 -999.0 -999.0 102.56903772041265 4.212701739516084 102.58848120053295 4.189202148459483 42.70371319079158 241.58928520328857 -999.0 16600.0 -999.0 2 -999 {-999.0 -999.0 -999.0 -999.0 -999.0} "" -999.0 -999.0 -999.0 -999.0 -999 -999 "" "" "" "" 0 0 0.0 0.0 -999 ""
FIBERMAP 1162 R-2C6 BOSS 1 1 0 1 0 0 -163.13747490185244 -52.599149061032364 143.1 -166.4748708748598 40.66451526496332 259.4517 104.50551 102.56576223666787 4.214104228492237 -2.9819636 -3.0733864 1.1286432 102.5657651799551 4.214097410393715 102.58537731180917 4.190754464545165 42.702458844301134 241.59367756033805 5400.0 5400.0 2016.0 1 472 {-999.0 20.001484 18.477928 17.907127 -999.0} sdss_psfmag_ps1 19.395554 18.430214 17.469585 15.406 63050395118162501 1095558719 bright_1x1 mwm_bin_vis_boss mwm_filler science 0 0 0.0 0.0 -999 ""
FIBERMAP 1162 R-2C6 METROLOGY 0 0 0 1 0 0 -162.8161235433194 -51.927067214486776 143.1 -165.8491641951894 41.06850277625533 259.4517 104.50551 -999.0 -999.0 -999.0 -999.0 -999.0 102.56865359252942 4.2159861071605365 102.58822291830057 4.192593105729689 42.705796953572886 241.59294242684996 -999.0 6231.0 -999.0 -1 -999 {-999.0 -999.0 -999.0 -999.0 -999.0} "" -999.0 -999.0 -999.0 -999.0 -999 -999 "" "" "" "" 0 0 0.0 0.0 -999 ""
FIBERMAP 1163 R-8C7 APOGEE 0 0 0 1 0 0 -49.51099264496357 -147.55373422149117 143.1 -119.45459489314679 -99.7161339073597 69.95512 60.59248 -999.0 -999.0 -999.0 -999.0 -999.0 102.78188752386082 3.5769091169728915 102.7997411960215 3.5529851135123582 42.43027998136632 240.7584298430897 -999.0 16600.0 -999.0 2 -999 {-999.0 -999.0 -999.0 -999.0 -999.0} "" -999.0 -999.0 -999.0 -999.0 -999 -999 "" "" "" "" 0 0 0.0 0.0 -999 ""
FIBERMAP 1163 R-8C7 BOSS 1 0 0 1 0 0 -49.00051477511669 -148.10516724546667 143.1 -119.30874675995318 -100.45311702153214 69.95512 60.59248 102.78294631842635 3.539356316594479 2.7819998 -8.134421 1.822385 102.78235996591208 3.5733771788487547 102.80036942154322 3.549604032163619 42.428448771773 240.7544865398138 5400.0 5400.0 2016.0 1 401 {-999.0 20.825205 19.45552 18.278826 -999.0} sdss_psfmag_ps1 20.297527 19.0126 17.810577 15.729 63050395117939628 1096657263 bright_1x1 mwm_bin_vis_boss mwm_filler science 0 0 0.0 0.0 -999 ""
FIBERMAP 1163 R-8C7 METROLOGY 0 0 0 1 0 0 -49.73689802690578 -148.2648099832222 143.1 -120.01944936769804 -100.2033245305264 69.95512 60.59248 -999.0 -999.0 -999.0 -999.0 -999.0 102.77918053763042 3.5745576995808634 102.79714708533561 3.5507497848966803 42.42686124667323 240.758581492314 -999.0 6231.0 -999.0 -1 -999 {-999.0 -999.0 -999.0 -999.0 -999.0} "" -999.0 -999.0 -999.0 -999.0 -999 -999 "" "" "" "" 0 0 0.0 0.0 -999 ""
FIBERMAP 1167 R-3C5 APOGEE 0 0 0 1 0 0 -168.43981313600656 -78.63104795071939 143.1 -184.62639674124205 21.274211599926318 322.50296 52.676144 -999.0 -999.0 -999.0 -999.0 -999.0 102.48402850640937 4.1257856176669065 102.50328444562399 4.102528576654004 42.58255135608386 241.57941946416514 -999.0 16600.0 -999.0 2 264 {-999.0 -999.0 -999.0 -999.0 -999.0} "" -999.0 -999.0 -999.0 -999.0 -999 -999 "" "" "" "" 0 0 0.0 0.0 -999 ""
FIBERMAP 1167 R-3C5 BOSS 1 1 0 1 0 0 -169.17266607545625 -78.8328271460351 143.1 -185.35616533550572 21.48627293744767 322.50296 52.676144 102.48046875 4.126596734997932 -999.0 -999.0 -999.0 102.48050811227394 4.12659026979964 102.49993198796477 4.103491326814052 42.58071805606042 241.58343621420642 5400.0 5400.0 2015.5 1 466 {-999.0 -999.0 -999.0 -999.0 -999.0} "" -999.0 -999.0 -999.0 -999.0 27021603131850449 810615715 "" ops_sky_boss_good ops_sky sky_boss 0 0 0.0 0.0 -999 ""
FIBERMAP 1167 R-3C5 METROLOGY 0 0 0 1 0 0 -168.9693653340867 -78.10644443656118 143.1 -184.8025419376448 21.99833935313234 322.50296 52.676144 -999.0 -999.0 -999.0 -999.0 -999.0 102.48306212615573 4.128967942523059 102.5024442807154 4.1058195237963435 42.5841382554991 241.58349717033366 -999.0 6231.0 -999.0 -1 -999 {-999.0 -999.0 -999.0 -999.0 -999.0} "" -999.0 -999.0 -999.0 -999.0 -999 -999 "" "" "" "" 0 0 0.0 0.0 -999 ""
FIBERMAP 1169 R-11C9 APOGEE 0 0 0 1 0 0 24.66959955609179 -221.28680782962724 143.1 -94.90857516039326 -201.3624386132484 348.009 98.289696 -999.0 -999.0 -999.0 -999.0 -999.0 102.89612947607104 3.1175616832280393 102.91284905382281 3.0934371603229858 42.200416422471505 240.19904045845857 -999.0 16600.0 -999.0 2 168 {-999.0 -999.0 -999.0 -999.0 -999.0} "" -999.0 -999.0 -999.0 -999.0 -999 -999 "" "" "" "" 0 0 0.0 0.0 -999 ""
FIBERMAP 1169 R-11C9 BOSS 1 1 0 1 0 0 24.654736432714188 -222.0322891643087 143.1 -95.31173633387341 -201.9894776956253 348.009 98.289696 102.89413237765667 3.1145647857306735 -1.7532142 -1.4208122 1.1936488 102.89414081888376 3.1145551032295846 102.91101837536507 3.0905901044938977 42.19713706147934 240.1979166251146 5400.0 5400.0 2016.0 1 361 {-999.0 18.574009 17.20586 16.671347 -999.0} sdss_psfmag_ps1 17.950285 17.123438 16.25536 14.463 63050395117490668 1094413787 bright_1x1 mwm_bin_vis_boss mwm_filler science 0 0 0.0 0.0 -999 ""
FIBERMAP 1169 R-11C9 METROLOGY 0 0 0 1 0 0 24.011103926665314 -221.64499130656094 143.1 -95.65695277319094 -201.32251594608636 348.009 98.289696 -999.0 -999.0 -999.0 -999.0 -999.0 102.89260529707146 3.117605518643522 102.90944390754294 3.0936003468040263 42.19804310804902 240.20233459388749 -999.0 6231.0 -999.0 -1 -999 {-999.0 -999.0 -999.0 -999.0 -999.0} "" -999.0 -999.0 -999.0 -999.0 -999 -999 "" "" "" "" 0 0 0.0 0.0 -999 ""
FIBERMAP 1170 R-5C6 APOGEE 0 0 0 1 0 0 -138.50866585601275 -108.89145735484638 143.1 -174.98938079662761 -20.173237466450946 262.3192 64.33056 -999.0 -999.0 -999.0 -999.0 -999.0 102.52826332016062 3.9376940624639745 102.54705331703025 3.914360615816955 42.488435217692675 241.35049056402414 -999.0 16600.0 -999.0 2 -999 {-999.0 -999.0 -999.0 -999.0 -999.0} "" -999.0 -999.0 -999.0 -999.0 -999 -999 "" "" "" "" 0 0 0.0 0.0 -999 ""
FIBERMAP 1170 R-5C6 BOSS 1 1 0 1 0 0 -139.1406828012547 -108.50402415664995 143.1 -175.3246349513918 -19.5122450262741 262.3192 64.33056 102.5265222575945 3.9405751521183 -4.2698026 0.016290916 0.96766984 102.52651355727755 3.9405353911805783 102.54547602714086 3.917355848093091 42.489286948167305 241.35493108541223 5400.0 5400.0 2016.0 1 456 {-999.0 15.992334 15.347812 15.176972 -999.0} sdss_psfmag_ps1 15.826556 15.409856 14.8274 13.77 63050395118149411 981850208 "" ops_std_boss_tic ops_std standard_boss 0 0 0.0 0.0 -999 ""
FIBERMAP 1170 R-5C6 METROLOGY 0 0 0 1 0 0 -138.4746136482082 -108.14613700247739 143.1 -174.5699632234296 -19.556387257717223 262.3192 64.33056 -999.0 -999.0 -999.0 -999.0 -999.0 102.52998718570012 3.9403886202643124 102.54890156711923 3.917157465127555 42.49168132585156 241.351613159355 -999.0 6231.0 -999.0 -1 -999 {-999.0 -999.0 -999.0 -999.0 -999.0} "" -999.0 -999.0 -999.0 -999.0 -999 -999 "" "" "" "" 0 0 0.0 0.0 -999 ""
FIBERMAP 1172 R-3C6 APOGEE 0 0 0 1 0 0 -138.51467934375643 -48.74382312105226 143.1 -143.4874640253657 31.04945166203326 43.704002 126.35978 -999.0 -999.0 -999.0 -999.0 -999.0 102.67035461272833 4.171020618894772 102.68967055040503 4.147262969135996 42.75034785272894 241.45473514029158 -999.0 16600.0 -999.0 2 -999 {-999.0 -999.0 -999.0 -999.0 -999.0} "" -999.0 -999.0 -999.0 -999.0 -999 -999 "" "" "" "" 0 0 0.0 0.0 -999 ""
FIBERMAP 1172 R-3C6 BOSS 1 1 0 1 0 0 -137.78218381809694 -48.857509322356215 143.1 -142.9232495184988 30.568938682637953 43.704002 126.35978 102.6727294921875 4.168671612424248 -999.0 -999.0 -999.0 102.67270228316693 4.168710084416386 102.69217590972522 4.145095065861937 42.75074168545955 241.45026211029534 5400.0 5400.0 2015.5 1 467 {-999.0 -999.0 -999.0 -999.0 -999.0} "" -999.0 -999.0 -999.0 -999.0 27021603131850030 810615667 "" ops_sky_boss_good ops_sky sky_boss 0 0 0.0 0.0 -999 ""
FIBERMAP 1172 R-3C6 METROLOGY 0 0 0 1 0 0 -138.24765644914942 -49.4405014932352 143.1 -143.62501693515003 30.316311513267703 43.704002 126.35978 -999.0 -999.0 -999.0 -999.0 -999.0 102.66957510228252 4.167587733846659 102.68900041177261 4.143939165181043 42.74761940547143 241.45199462102116 -999.0 6231.0 -999.0 -1 -999 {-999.0 -999.0 -999.0 -999.0 -999.0} "" -999.0 -999.0 -999.0 -999.0 -999 -999 "" "" "" "" 0 0 0.0 0.0 -999 ""
FIBERMAP 1174 R-1C1 APOGEE 0 0 0 1 0 0 -273.90121604579525 -37.48626207971877 143.1 -252.88068777617508 111.55529128808827 330.91315 66.62545 -999.0 -999.0 -999.0 -999.0 -999.0 102.17684691872074 4.532290496532914 102.1971684895596 4.509757698425175 42.62752562153861 242.26816744713875 -999.0 16600.0 -999.0 2 293 {-999.0 -999.0 -999.0 -999.0 -999.0} "" -999.0 -999.0 -999.0 -999.0 -999 -999 "" "" "" "" 0 0 0.0 0.0 -999 ""
FIBERMAP 1174 R-1C1 BOSS 1 1 0 1 0 0 -274.4526625703996 -37.9772624800975 143.1 -253.60747953576697 111.42603653194746 330.91315 66.62545 102.17269391778389 4.531524712248286 -2.2251487 -1.7735833 1.1914532 102.17343482072049 4.531524232682162 102.1939214894702 4.509148089783349 42.624703326089126 242.27047553698856 5400.0 5400.0 2016.0 1 425 {-999.0 8.636365 8.858328 9.023677 -999.0} sdss_psfmag_from_g3xp 8.750132 8.746513 8.698985 8.706 63050395118215954 1068446369 bright_3x1 mwm_ob_core_boss mwm_ob science 0 0 2.661639928817749 0.0 -999 ""
FIBERMAP 1174 R-1C1 METROLOGY 0 0 0 1 0 0 -274.6042380910212 -37.23652100707425 143.1 -253.3485343359168 112.13622460522404 330.91315 66.62545 -999.0 -999.0 -999.0 -999.0 -999.0 102.17464871457068 4.534778955345023 102.1950958824242 4.512357110999464 42.62771221539494 242.2726733429779 -999.0 6231.0 -999.0 -1 -999 {-999.0 -999.0 -999.0 -999.0 -999.0} "" -999.0 -999.0 -999.0 -999.0 -999 -999 "" "" "" "" 0 0 0.0 0.0 -999 ""
FIBERMAP 1176 R+12C11 APOGEE 0 0 0 1 0 0 59.10322134924371 235.65293552654907 143.1 173.77184986413002 169.71352994976382 106.054504 158.93704 -999.0 -999.0 -999.0 -999.0 -999.0 104.11290877031841 4.802210350628158 104.13337288986594 4.774540066676318 44.23619250890619 240.75532831530768 -999.0 16600.0 -999.0 2 -999 {-999.0 -999.0 -999.0 -999.0 -999.0} "" -999.0 -999.0 -999.0 -999.0 -999 -999 "" "" "" "" 0 0 0.0 0.0 -999 ""
FIBERMAP 1176 R+12C11 BOSS 1 1 0 1 0 0 59.15472266208269 236.38846530939946 143.1 174.20099788279893 170.31290252898353 106.054504 158.93704 104.11468505859375 4.804757129496977 -999.0 -999.0 -999.0 104.11468991805943 4.804774880293616 104.13531461030863 4.777241238199912 44.23944503199168 240.7562765806689 5400.0 5400.0 2015.5 1 102 {-999.0 -999.0 -999.0 -999.0 -999.0} "" -999.0 -999.0 -999.0 -999.0 27021603131846247 810615234 "" ops_sky_boss_good ops_sky sky_boss 0 0 0.0 0.0 -999 ""
FIBERMAP 1176 R+12C11 METROLOGY 0 0 0 1 0 0 59.777983371332866 235.97130354324983 143.1 174.51322287775022 169.63118108578982 106.054504 158.93704 -999.0 -999.0 -999.0 -999.0 -999.0 104.1161631921022 4.801735703662096 104.13673626936179 4.774158655359696 44.23840208477993 240.7517705822546 -999.0 6231.0 -999.0 -1 -999 {-999.0 -999.0 -999.0 -999.0 -999.0} "" -999.0 -999.0 -999.0 -999.0 -999 -999 "" "" "" "" 0 0 0.0 0.0 -999 ""
FIBERMAP 1177 R+4C12 APOGEE 0 0 0 1 0 0 6.5328405077941865 81.06301360037254 143.1 48.026236396500835 65.60822869592421 309.6662 172.13498 -999.0 -999.0 -999.0 -999.0 -999.0 103.54349072184296 4.3311106567998205 103.56296442935621 4.3050259167829665 43.49982556803006 240.8096357731477 -999.0 16600.0 -999.0 2 -999 {-999.0 -999.0 -999.0 -999.0 -999.0} "" -999.0 -999.0 -999.0 -999.0 -999 -999 "" "" "" "" 0 0 0.0 0.0 -999 ""
FIBERMAP 1177 R+4C12 BOSS 1 1 0 1 0 0 6.930053355370217 80.43517332620114 143.1 48.03560786775356 64.86551137752353 309.6662 172.13498 103.54339599609375 4.327641666648333 -999.0 -999.0 -999.0 103.54340910403624 4.327619076630841 103.56303315586229 4.3016808290879 43.497612024197664 240.80617709376648 5400.0 5400.0 2015.5 1 115 {-999.0 -999.0 -999.0 -999.0 -999.0} "" -999.0 -999.0 -999.0 -999.0 27021603131840243 819466943 "" ops_sky_boss_good ops_sky sky_boss 0 0 0.0 0.0 -999 ""
FIBERMAP 1177 R+4C12 METROLOGY 0 0 0 1 0 0 6.1854552575279635 80.40272164342527 143.1 47.384536079636014 65.2279183173415 309.6662 172.13498 -999.0 -999.0 -999.0 -999.0 -999.0 103.54047262960552 4.3292979525797755 103.56005652024561 4.303325798498329 43.49654025270878 240.8106158204777 -999.0 6231.0 -999.0 -1 -999 {-999.0 -999.0 -999.0 -999.0 -999.0} "" -999.0 -999.0 -999.0 -999.0 -999 -999 "" "" "" "" 0 0 0.0 0.0 -999 ""
FIBERMAP 1189 R-13C11 APOGEE 0 0 0 1 0 0 71.52537922366668 -247.22437279880205 143.1 -68.59472885816862 -247.99431320363382 91.437485 158.44276 -999.0 -999.0 -999.0 -999.0 -999.0 103.01674708943118 2.908520414895962 103.03293396796624 2.8841244899214344 42.144738524998004 239.88233452433758 -999.0 16600.0 -999.0 2 189 {-999.0 -999.0 -999.0 -999.0 -999.0} "" -999.0 -999.0 -999.0 -999.0 -999 -999 "" "" "" "" 0 0 0.0 0.0 -999 ""
FIBERMAP 1189 R-13C11 BOSS 1 1 0 1 0 0 71.77574730071345 -246.53279067052472 143.1 -68.01925416000556 -247.5365369040509 91.437485 158.44276 103.01919250472149 2.9103971190475852 -0.8230946 0.06793648 0.09029636 103.01917074786955 2.910391722652434 103.03552587049188 2.886143481237856 42.14800733749035 239.8819251432625 5400.0 5400.0 2016.0 1 336 {-999.0 14.839821 14.483587 14.429306 -999.0} sdss_psfmag_ps1 14.721804 14.664856 13.834911 12.714 63050395117484203 1093613494 bright_1x1 mwm_astar_core_boss_single mwm_ob science 0 0 0.0 0.0 -999 ""
FIBERMAP 1189 R-13C11 METROLOGY 0 0 0 1 0 0 72.26434330265157 -247.1283784936231 143.1 -67.9151693669446 -248.29965829687774 91.437485 158.44276 -999.0 -999.0 -999.0 -999.0 -999.0 103.01971194782548 2.90703341964297 103.03601229757442 2.8827407329268078 42.14602925027756 239.878133759732 -999.0 6231.0 -999.0 -1 -999 {-999.0 -999.0 -999.0 -999.0 -999.0} "" -999.0 -999.0 -999.0 -999.0 -999 -999 "" "" "" "" 0 0 0.0 0.0 -999 ""
FIBERMAP 1190 R+13C5 APOGEE 1 1 0 1 0 0 -69.79667059405037 261.51819099568553 143.1 77.55434188421597 259.26086259822716 169.42967 88.761444 103.67423829811268 5.2051492016413246 -1.7359998 0.34004793 0.37031066 103.67422489566535 5.2051475258253825 103.69578041138419 5.17854186367645 44.18582867353187 241.58156073943633 16000.0 16600.0 2016.0 2 111 {-999.0 15.005002 13.835544 13.266859 -999.0} sdss_psfmag_from_g3xp 14.572561 13.757724 12.868407 10.894 63050395118320315 1104138630 bright_flexible_2x1 mwm_tess_rgb_apogee mwm_tessrgb science 0 0 0.0 0.0 -999 ""
FIBERMAP 1190 R+13C5 BOSS 0 0 0 1 0 0 -69.66957132738278 262.24644861400924 143.1 78.04405700641973 259.8144421129806 169.42967 88.761444 -999.0 -999.0 -999.0 -999.0 -999.0 103.67627395434755 5.20746906480314 103.6979910960502 5.180998178734378 44.18910871210631 241.58204809198475 -999.0 5400.0 -999.0 1 85 {-999.0 -999.0 -999.0 -999.0 -999.0} "" -999.0 -999.0 -999.0 -999.0 -999 -999 "" "" "" "" 0 0 0.0 0.0 -999 ""
FIBERMAP 1190 R+13C5 METROLOGY 0 0 0 1 0 0 -69.09001510308067 261.77601925423306 143.1 78.2911617734094 259.11025357263316 169.42967 88.761444 -999.0 -999.0 -999.0 -999.0 -999.0 103.67745868325865 5.204367881356056 103.69912362381484 5.177854685333742 44.187840855571615 241.57773918999033 -999.0 6231.0 -999.0 -1 -999 {-999.0 -999.0 -999.0 -999.0 -999.0} "" -999.0 -999.0 -999.0 -999.0 -999 -999 "" "" "" "" 0 0 0.0 0.0 -999 ""
FIBERMAP 1192 R-11C4 APOGEE 0 0 0 1 0 0 -98.62252866592692 -222.99714880719503 143.1 -200.79559532350314 -138.2349873631584 252.32497 144.95341 -999.0 -999.0 -999.0 -999.0 -999.0 102.41531545652771 3.4028210740236564 102.43284618879864 3.379901688381257 42.043626237957284 240.92150191324683 -999.0 16600.0 -999.0 2 164 {-999.0 -999.0 -999.0 -999.0 -999.0} "" -999.0 -999.0 -999.0 -999.0 -999 -999 "" "" "" "" 0 0 0.0 0.0 -999 ""
FIBERMAP 1192 R-11C4 BOSS 1 1 0 1 0 0 -99.20978452276564 -223.45037083702488 143.1 -201.53309162630205 -138.3133134876955 252.32497 144.95341 102.41180419921875 3.4023041029606986 -999.0 -999.0 -999.0 102.41181409504829 3.4023074507064623 102.42951138076108 3.3795505554799528 42.040937840037856 240.92418758821873 5400.0 5400.0 2015.5 1 349 {-999.0 -999.0 -999.0 -999.0 -999.0} "" -999.0 -999.0 -999.0 -999.0 27021603131825682 810612884 "" ops_sky_boss_good ops_sky sky_boss 0 0 0.0 0.0 -999 ""
FIBERMAP 1192 R-11C4 METROLOGY 0 0 0 1 0 0 -99.31486456503022 -222.71476614974284 143.1 -201.23724336122015 -137.6318553654258 252.32497 144.95341 -999.0 -999.0 -999.0 -999.0 -999.0 102.41316738707482 3.4054246565201503 102.43082451938182 3.3826200930664427 42.04398024334986 240.9260359098767 -999.0 6231.0 -999.0 -1 -999 {-999.0 -999.0 -999.0 -999.0 -999.0} "" -999.0 -999.0 -999.0 -999.0 -999 -999 "" "" "" "" 0 0 0.0 0.0 -999 ""
FIBERMAP 1194 R-7C9 APOGEE 1 1 0 1 0 0 -35.34690904180156 -149.5939154766536 143.1 -108.46168096304075 -108.87302703833987 267.74835 112.948 102.83203124999999 3.535436215356654 -999.0 -999.0 -999.0 102.8320535375502 3.5354161846572048 102.84979423082592 3.5113690620878857 42.43876242932957 240.67108463535152 16000.0 16600.0 2015.5 2 171 {-999.0 -999.0 -999.0 -999.0 -999.0} "" -999.0 -999.0 -999.0 -999.0 27021603131838013 848088508 "" ops_sky_apogee_best ops_sky sky_apogee 0 0 0.0 0.0 -999 ""
FIBERMAP 1194 R-7C9 BOSS 0 0 0 1 0 0 -36.05108766568561 -149.8311552390959 143.1 -109.18560680374638 -108.70618305107075 267.74835 112.948 -999.0 -999.0 -999.0 -999.0 -999.0 102.82855518186734 3.535977413923033 102.84646235938465 3.5120908187949365 42.43680958829036 240.6748609294809 -999.0 5400.0 -999.0 1 388 {-999.0 -999.0 -999.0 -999.0 -999.0} "" -999.0 -999.0 -999.0 -999.0 -999 -999 "" "" "" "" 0 0 0.0 0.0 -999 ""
FIBERMAP 1194 R-7C9 METROLOGY 0 0 0 1 0 0 -35.90701837669025 -149.0994677252194 143.1 -108.6796439507257 -108.1585721411916 267.74835 112.948 -999.0 -999.0 -999.0 -999.0 -999.0 102.83089554552866 3.5385140842682716 102.84876166625855 3.514577846524083 42.44018297050117 240.6752259221692 -999.0 6231.0 -999.0 -1 -999 {-999.0 -999.0 -999.0 -999.0 -999.0} "" -999.0 -999.0 -999.0 -999.0 -999 -999 "" "" "" "" 0 0 0.0 0.0 -999 ""
FIBERMAP 1200 R+2C7 APOGEE 1 1 0 1 0 0 -132.24780375654177 25.84576005948096 143.1 -99.07868024041042 91.28446227867337 279.76974 117.58375 102.87185668945311 4.4457218439185056 -999.0 -999.0 -999.0 102.87185794417076 4.445719147660619 102.8917848644079 4.421373330136581 43.0837563918273 241.54732086432773 16000.0 16600.0 2015.5 2 146 {-999.0 -999.0 -999.0 -999.0 -999.0} "" -999.0 -999.0 -999.0 -999.0 27021603131851068 841579348 "" ops_sky_apogee_best ops_sky sky_apogee 0 0 0.0 0.0 -999 ""
FIBERMAP 1200 R+2C7 BOSS 0 0 0 1 0 0 -132.8191460578678 25.37250134593751 143.1 -99.81312092126994 91.18073767060943 279.76974 117.58375 -999.0 -999.0 -999.0 -999.0 -999.0 102.86831031603732 4.445122614453833 102.88839901485198 4.4209326424257664 43.08095749324942 241.54997443921667 -999.0 5400.0 -999.0 1 47 {-999.0 -999.0 -999.0 -999.0 -999.0} "" -999.0 -999.0 -999.0 -999.0 -999 -999 "" "" "" "" 0 0 0.0 0.0 -999 ""
FIBERMAP 1200 R+2C7 METROLOGY 0 0 0 1 0 0 -132.9446293098876 26.11084891766135 143.1 -99.53321048730216 91.87521931383027 279.76974 117.58375 -999.0 -999.0 -999.0 -999.0 -999.0 102.86963489177737 4.448317380659467 102.88968497149085 4.424081756491809 43.08402099736312 241.55199400170704 -999.0 6231.0 -999.0 -1 -999 {-999.0 -999.0 -999.0 -999.0 -999.0} "" -999.0 -999.0 -999.0 -999.0 -999 -999 "" "" "" "" 0 0 0.0 0.0 -999 ""
FIBERMAP 1203 R-3C1 APOGEE 0 0 0 1 0 0 -277.38746421811715 -68.50236337030015 143.1 -272.0965640121401 86.96930251199954 284.40472 16.483809 -999.0 -999.0 -999.0 -999.0 -999.0 102.09088060030963 4.420559666244232 102.11095452476724 4.3982775011715365 42.48918114352883 242.23285239200902 -999.0 16600.0 -999.0 2 269 {-999.0 -999.0 -999.0 -999.0 -999.0} "" -999.0 -999.0 -999.0 -999.0 -999 -999 "" "" "" "" 0 0 0.0 0.0 -999 ""
FIBERMAP 1203 R-3C1 BOSS 1 1 0 1 0 0 -277.7692535407137 -67.8791945576484 143.1 -272.09524841423547 87.69996250350418 284.40472 16.483809 102.09070525246608 4.423682756343322 -0.07034673 -0.3185211 0.29396558 102.09073734480808 4.423702285993805 102.11098563309702 4.401568093555847 42.491394675971485 242.2361545738134 5400.0 5400.0 2016.0 1 496 {-999.0 14.485078 13.891187 13.608834 -999.0} sdss_psfmag_from_g3xp 14.334197 13.880425 13.247606 12.109 63050395118214232 1093207630 bright_3x1 mwm_astar_core_boss mwm_ob science 0 0 0.0 0.0 -999 ""
FIBERMAP 1203 R-3C1 METROLOGY 0 0 0 1 0 0 -277.0335142950007 -67.84966167038392 143.1 -271.4532494505098 87.3397105416554 284.40472 16.483809 -999.0 -999.0 -999.0 -999.0 -999.0 102.09364233998392 4.422147453817955 102.11383882819115 4.399963903292543 42.49244979210494 242.2319629557149 -999.0 6231.0 -999.0 -1 -999 {-999.0 -999.0 -999.0 -999.0 -999.0} "" -999.0 -999.0 -999.0 -999.0 -999 -999 "" "" "" "" 0 0 0.0 0.0 -999 ""
FIBERMAP 1207 R-4C13 APOGEE 0 0 0 1 0 0 21.375403375840687 -97.92815687831845 143.1 -33.095030938278086 -94.58910181112232 320.9815 52.293022 -999.0 -999.0 -999.0 -999.0 -999.0 103.17498212203338 3.6008308682389814 103.19279109409183 3.5758675380747422 42.73373469832634 240.41935940566498 -999.0 16600.0 -999.0 2 -999 {-999.0 -999.0 -999.0 -999.0 -999.0} "" -999.0 -999.0 -999.0 -999.0 -999 -999 "" "" "" "" 0 0 0.0 0.0 -999 ""
FIBERMAP 1207 R-4C13 BOSS 1 1 0 1 0 0 20.675819543893102 -98.11406624022061 143.1 -33.788155700759305 -94.3809536028928 320.9815 52.293022 103.17166760737129 3.6015588461861228 -0.42565128 0.25868413 0.22926754 103.17164015220412 3.601573045153281 103.18961393241528 3.576768642341811 42.73202447652254 240.42319615918765 5400.0 5400.0 2016.0 1 363 {-999.0 15.579273 14.697013 14.401619 -999.0} sdss_psfmag_ps1 15.299577 14.709665 13.952783 12.564 63050395117938658 1093344514 bright_3x1 mwm_astar_core_boss mwm_ob science 0 0 0.0 0.0 -999 ""
FIBERMAP 1207 R-4C13 METROLOGY 0 0 0 1 0 0 20.858438344954337 -97.39018927952418 143.1 -33.25345687384264 -93.86018720455813 320.9815 52.293022 -999.0 -999.0 -999.0 -999.0 -999.0 103.17412013228859 3.6039966579647045 103.19205313530824 3.5791426082995246 42.73542379887187 240.42330892976466 -999.0 6231.0 -999.0 -1 -999 {-999.0 -999.0 -999.0 -999.0 -999.0} "" -999.0 -999.0 -999.0 -999.0 -999 -999 "" "" "" "" 0 0 0.0 0.0 -999 ""
FIBERMAP 1208 R-3C19 APOGEE 0 0 0 1 0 0 148.84163451464084 -38.9803245917855 143.1 106.32912574308902 -111.16169946396778 127.333244 59.070175 -999.0 -999.0 -999.0 -999.0 -999.0 103.81042476265202 3.5275886379894517 103.82789425587157 3.500974326808221 43.14546932637259 239.75308881942232 -999.0 16600.0 -999.0 2 -999 {-999.0 -999.0 -999.0 -999.0 -999.0} "" -999.0 -999.0 -999.0 -999.0 -999 -999 "" "" "" "" 0 0 0.0 0.0 -999 ""
FIBERMAP 1208 R-3C19 BOSS 1 1 0 1 0 0 149.5587694675866 -38.870305288312906 143.1 106.99744303611162 -111.44366666276863 127.333244 59.070175 103.81336267546679 3.5261237408931554 -0.2946502 -0.766351 0.2742528 103.81334294894337 3.526132060737102 103.83096691946639 3.499659731293057 43.14679967296117 239.7488946278266 5400.0 5400.0 2016.0 1 289 {-999.0 18.417446 17.726257 17.399015 17.226877} sdss_psfmag_from_ps1dr2 18.1773 17.7252 17.0536 16.001 63050395117928692 1039366916 "" ops_std_boss_ps1dr2 ops_std standard_boss 0 0 0.0 0.0 -999 ""
FIBERMAP 1208 R-3C19 METROLOGY 0 0 0 1 0 0 149.30328971778593 -39.566444420763226 143.1 106.41522833512698 -111.90264590222527 127.333244 59.070175 -999.0 -999.0 -999.0 -999.0 -999.0 103.81073315910098 3.524089121633508 103.8283079203967 3.49758176048126 43.143443039769735 239.7493168937154 -999.0 6231.0 -999.0 -1 -999 {-999.0 -999.0 -999.0 -999.0 -999.0} "" -999.0 -999.0 -999.0 -999.0 -999 -999 "" "" "" "" 0 0 0.0 0.0 -999 ""
FIBERMAP 1213 R+9C2 APOGEE 0 0 0 1 0 0 -185.6166193803475 186.55876632682836 143.1 -60.339590515409604 256.09791697457615 210.09105 36.31865 -999.0 -999.0 -999.0 -999.0 -999.0 103.04797603388913 5.189753631519244 103.06966037287657 5.164791795629575 43.71237277273911 242.14554814091122 -999.0 16600.0 -999.0 2 -999 {-999.0 -999.0 -999.0 -999.0 -999.0} "" -999.0 -999.0 -999.0 -999.0 -999 -999 "" "" "" "" 0 0 0.0 0.0 -999 ""
FIBERMAP 1213 R+9C2 BOSS 1 1 0 1 0 0 -185.3170335778395 187.24347798661614 143.1 -59.72580273754883 256.5240609916557 210.09105 36.31865 103.05034424996002 5.191569869367032 -0.45165393 -0.11939906 0.22875874 103.05060138318862 5.19153865079099 103.07244932602458 5.166711573746664 43.715723653062035 242.14497377033337 5400.0 5400.0 2016.0 1 19 {-999.0 12.883087 12.6495495 12.590373 -999.0} sdss_psfmag_gaia 12.872833 12.649331 12.265483 11.746 63050395118265715 1068388868 bright_3x1 mwm_ob_core_boss mwm_ob science 0 0 1.1421574354171753 0.0 -999 ""
FIBERMAP 1213 R+9C2 METROLOGY 0 0 0 1 0 0 -184.87486382832407 186.63914469179176 143.1 -59.66583397983232 255.77781166145414 210.09105 36.31865 -999.0 -999.0 -999.0 -999.0 -999.0 103.05091744319444 5.188250531464151 103.07271198114148 5.163383059329054 43.71370406141663 242.1412953834702 -999.0 6231.0 -999.0 -1 -999 {-999.0 -999.0 -999.0 -999.0 -999.0} "" -999.0 -999.0 -999.0 -999.0 -999 -999 "" "" "" "" 0 0 0.0 0.0 -999 ""
FIBERMAP 1215 R-1C15 APOGEE 0 0 0 1 0 0 42.127041972402125 -14.639944498285473 143.1 28.205039357721134 -34.53418464494555 359.16953 143.19125 -999.0 -999.0 -999.0 -999.0 -999.0 103.45405659531035 3.874829040575807 103.47245300774836 3.8490745693251043 43.12414171407295 240.43349887542416 -999.0 16600.0 -999.0 2 -999 {-999.0 -999.0 -999.0 -999.0 -999.0} "" -999.0 -999.0 -999.0 -999.0 -999 -999 "" "" "" "" 0 0 0.0 0.0 -999 ""
FIBERMAP 1215 R-1C15 BOSS 1 1 0 1 0 0 42.724549397298354 -15.079301801133983 143.1 28.48370713981382 -35.22131669928496 359.16953 143.19125 103.45518850280519 3.8715190470312795 -0.0051716394 -1.919709 0.23932739 103.45519158151251 3.8715345674189825 103.47373983056514 3.8459260245043185 43.1229411986962 240.42914024734705 5400.0 5400.0 2016.0 1 272 {-999.0 18.445745 17.217478 16.607544 16.161022} sdss_psfmag_from_ps1dr2 17.9603 17.1885 16.2625 14.483 63050395117947200 1039367229 "" ops_std_boss_ps1dr2 ops_std standard_boss 0 0 0.0 0.0 -999 ""
FIBERMAP 1215 R-1C15 METROLOGY 0 0 0 1 0 0 42.04409734692409 -15.381417471236013 143.1 27.74600214527077 -35.12214732939749 359.16953 143.19125 -999.0 -999.0 -999.0 -999.0 -999.0 103.45186477391296 3.8720231560338965 103.47036971198719 3.84638123731732 43.12078604729751 240.43273101126067 -999.0 6231.0 -999.0 -1 -999 {-999.0 -999.0 -999.0 -999.0 -999.0} "" -999.0 -999.0 -999.0 -999.0 -999 -999 "" "" "" "" 0 0 0.0 0.0 -999 ""
FIBERMAP 1222 R+1C10 APOGEE 0 0 0 1 0 0 -57.65860418942066 23.739476877330034 143.1 -36.664559926876315 50.41888870602431 80.07603 29.949509 -999.0 -999.0 -999.0 -999.0 -999.0 103.15688219182883 4.261000544653171 103.17628753259942 4.235944454677018 43.16889159539954 241.09784393566014 -999.0 16600.0 -999.0 2 -999 {-999.0 -999.0 -999.0 -999.0 -999.0} "" -999.0 -999.0 -999.0 -999.0 -999 -999 "" "" "" "" 0 0 0.0 0.0 -999 ""
FIBERMAP 1222 R+1C10 BOSS 1 1 0 1 0 0 -57.381048254923144 23.037768708618774 143.1 -36.79577803289387 49.67594786016231 80.07603 29.949509 103.1561279296875 4.2575037775070825 -999.0 -999.0 -999.0 103.15610995956324 4.25749606951519 103.17566805852124 4.232589512569852 43.16617221647759 241.09501997015866 5400.0 5400.0 2015.5 1 30 {-999.0 -999.0 -999.0 -999.0 -999.0} "" -999.0 -999.0 -999.0 -999.0 27021603131849906 810615665 "" ops_sky_boss_good ops_sky sky_boss 0 0 0.0 0.0 -999 ""
FIBERMAP 1222 R+1C10 METROLOGY 0 0 0 1 0 0 -58.12177213042939 23.154551720636 143.1 -37.36537730607901 50.16340821414753 80.07603 29.949509 -999.0 -999.0 -999.0 -999.0 -999.0 103.15355304091781 4.259743898433002 103.17307161516567 4.234801986280522 43.16575346041998 241.0996540857483 -999.0 6231.0 -999.0 -1 -999 {-999.0 -999.0 -999.0 -999.0 -999.0} "" -999.0 -999.0 -999.0 -999.0 -999 -999 "" "" "" "" 0 0 0.0 0.0 -999 ""
FIBERMAP 1226 R+8C2 APOGEE 0 0 0 1 0 0 -191.79407108179157 142.1839176324217 143.1 -88.84488883330334 221.54583324507155 258.98306 78.31101 -999.0 -999.0 -999.0 -999.0 -999.0 102.91840351838921 5.034376764278545 102.93974495173921 5.009786827051609 43.512624032605984 242.10475600987922 -999.0 16600.0 -999.0 2 -999 {-999.0 -999.0 -999.0 -999.0 -999.0} "" -999.0 -999.0 -999.0 -999.0 -999 -999 "" "" "" "" 0 0 0.0 0.0 -999 ""
FIBERMAP 1226 R+8C2 BOSS 1 1 0 1 0 0 -192.48566632061323 142.4590154109097 143.1 -89.28972217797232 222.14237372579248 258.98306 78.31101 102.91622298625842 5.036892740691862 -0.46443903 -1.0661623 0.16485868 102.91621573374582 5.036919357023072 102.93772489502038 5.0124777687384245 43.51291463915282 242.10937193791696 5400.0 5400.0 2016.0 1 69 {-999.0 15.592508 14.9805975 14.817262 -999.0} sdss_psfmag_ps1 15.408032 14.996913 14.382802 13.332 63050395118258047 1068388852 bright_3x1 mwm_ob_core_boss mwm_ob science 0 0 0.0 0.0 -999 ""
FIBERMAP 1226 R+8C2 METROLOGY 0 0 0 1 0 0 -191.90893587687847 142.92112049416426 143.1 -88.55653573893865 222.23377784581524 258.98306 78.31101 -999.0 -999.0 -999.0 -999.0 -999.0 102.91959305410052 5.037388319376012 102.94105682265155 5.012897196366299 43.515670212065466 242.10675571298532 -999.0 6231.0 -999.0 -1 -999 {-999.0 -999.0 -999.0 -999.0 -999.0} "" -999.0 -999.0 -999.0 -999.0 -999 -999 "" "" "" "" 0 0 0.0 0.0 -999 ""
FIBERMAP 1229 R-10C17 APOGEE 0 0 0 1 0 0 171.14543540283168 -181.6117001639657 143.1 50.607869873042446 -244.304758423646 135.38142 104.07499 -999.0 -999.0 -999.0 -999.0 -999.0 103.55699635913568 2.9261812449071596 103.57308747668782 2.9003615112277195 42.54781360465583 239.39671656436315 -999.0 16600.0 -999.0 2 188 {-999.0 -999.0 -999.0 -999.0 -999.0} "" -999.0 -999.0 -999.0 -999.0 -999 -999 "" "" "" "" 0 0 0.0 0.0 -999 ""
FIBERMAP 1229 R-10C17 BOSS 1 1 0 1 0 0 171.5219590538064 -180.98827482884298 143.1 51.25507161015376 -243.97110584135697 135.38142 104.07499 103.55979558236061 2.92753379523838 -0.13244428 0.04151401 0.08047359 103.55977346847841 2.927511872736573 103.57602835112169 2.9018377248519243 42.55095930578297 239.3954214181918 5400.0 5400.0 2016.0 1 329 {-999.0 16.245892 15.824104 15.718537 -999.0} sdss_psfmag_ps1 16.10044 15.775654 15.271104 14.403 63050395117861341 1093344362 bright_3x1 mwm_astar_core_boss mwm_ob science 0 0 0.0 0.0 -999 ""
FIBERMAP 1229 R-10C17 METROLOGY 0 0 0 1 0 0 171.88992456902403 -181.62923153465275 143.1 51.23266635713861 -244.70967205354088 135.38142 104.07499 -999.0 -999.0 -999.0 -999.0 -999.0 103.5597142104429 2.9242604933068983 103.57591561750712 2.8985438229092457 42.548607882051364 239.39228660189153 -999.0 6231.0 -999.0 -1 -999 {-999.0 -999.0 -999.0 -999.0 -999.0} "" -999.0 -999.0 -999.0 -999.0 -999 -999 "" "" "" "" 0 0 0.0 0.0 -999 ""
FIBERMAP 1232 R-4C22 APOGEE 0 0 0 1 0 0 210.2260099141369 -91.67251781804374 143.1 131.00016258636902 -188.1873337389088 272.373 60.913445 -999.0 -999.0 -999.0 -999.0 -999.0 103.92164068816089 3.1801734679318967 103.93824815271591 3.1533427525833284 42.98636915461254 239.3039392701121 -999.0 16600.0 -999.0 2 -999 {-999.0 -999.0 -999.0 -999.0 -999.0} "" -999.0 -999.0 -999.0 -999.0 -999 -999 "" "" "" "" 0 0 0.0 0.0 -999 ""
FIBERMAP 1232 R-4C22 BOSS 1 1 0 1 0 0 209.55928797905676 -91.35352524812147 143.1 130.59950378045085 -187.5664433916085 272.373 60.913445 103.919677734375 3.182792724073863 -999.0 -999.0 -999.0 103.91970089828786 3.182772096554326 103.93647386076651 3.156096858348753 42.986985468846484 239.30833589221209 5400.0 5400.0 2015.5 1 322 {-999.0 -999.0 -999.0 -999.0 -999.0} "" -999.0 -999.0 -999.0 -999.0 27021603131834429 810613739 "" ops_sky_boss_good ops_sky sky_boss 0 0 0.0 0.0 -999 ""
FIBERMAP 1232 R-4C22 METROLOGY 0 0 0 1 0 0 210.17206712915143 -90.92837256578461 143.1 131.34403127132776 -187.52538992843327 272.373 60.913445 -999.0 -999.0 -999.0 -999.0 -999.0 103.9231094550975 3.18303062877563 103.93983716574229 3.1563036258487203 42.989560013637785 239.30537468544367 -999.0 6231.0 -999.0 -1 -999 {-999.0 -999.0 -999.0 -999.0 -999.0} "" -999.0 -999.0 -999.0 -999.0 -999 -999 "" "" "" "" 0 0 0.0 0.0 -999 ""
FIBERMAP 1240 R+7C16 APOGEE 1 1 0 1 0 0 110.95398630935776 121.92210722194385 143.1 158.35064141541642 45.703588334590975 267.25818 72.779884 104.04602050781249 4.241139193578661 -999.0 -999.0 -999.0 104.04602278700403 4.241091237616757 104.06514914223237 4.213710616379986 43.80545363050477 240.24698399758566 16000.0 16600.0 2015.5 2 66 {-999.0 -999.0 -999.0 -999.0 -999.0} "" -999.0 -999.0 -999.0 -999.0 27021603131840318 841578420 "" ops_sky_apogee_best ops_sky sky_apogee 0 0 0.0 0.0 -999 ""
FIBERMAP 1240 R+7C16 BOSS 0 0 0 1 0 0 110.25966420661065 122.17512487880124 143.1 157.8919197782592 46.28275459499529 267.25818 72.779884 -999.0 -999.0 -999.0 -999.0 -999.0 104.04383389801367 4.2435923387716326 104.0631230151725 4.216361856196907 43.80578068671291 240.25158068834014 -999.0 5400.0 -999.0 1 201 {-999.0 -999.0 -999.0 -999.0 -999.0} "" -999.0 -999.0 -999.0 -999.0 -999 -999 "" "" "" "" 0 0 0.0 0.0 -999 ""
FIBERMAP 1240 R+7C16 METROLOGY 0 0 0 1 0 0 110.81637554473286 122.66158993745121 143.1 158.62081912098148 46.40538936024671 267.25818 72.779884 -999.0 -999.0 -999.0 -999.0 -999.0 104.04717117814644 4.244188380404985 104.0664166028767 4.216907975286551 43.80855723800929 240.24903389151274 -999.0 6231.0 -999.0 -1 -999 {-999.0 -999.0 -999.0 -999.0 -999.0} "" -999.0 -999.0 -999.0 -999.0 -999 -999 "" "" "" "" 0 0 0.0 0.0 -999 ""
FIBERMAP 1241 R+7C13 APOGEE 0 0 0 1 0 0 69.74386988595134 137.45513131177165 143.1 131.39424296043478 80.51797547598694 14.722241 109.99365 -999.0 -999.0 -999.0 -999.0 -999.0 103.92311874588306 4.399208772859073 103.94265830699976 4.37211656986159 43.82364562931787 240.52304600960525 -999.0 16600.0 -999.0 2 48 {-999.0 -999.0 -999.0 -999.0 -999.0} "" -999.0 -999.0 -999.0 -999.0 -999 -999 "" "" "" "" 0 0 0.0 0.0 -999 ""
FIBERMAP 1241 R+7C13 BOSS 1 1 0 1 0 0 70.17105554245285 136.8436312412669 143.1 131.43769764870098 79.77347227323962 14.722241 109.99365 103.92322757775922 4.395712822821656 -0.16228458 -1.4097619 0.40008372 103.92322166902456 4.395713490326423 103.94290932558368 4.368766119817109 43.821554481953044 240.5194011925642 5400.0 5400.0 2016.0 1 150 {-999.0 17.61913 16.862778 16.490517 16.266607} sdss_psfmag_from_ps1dr2 17.3654 16.8582 16.1257 14.728 63050395117984400 1039367922 "" ops_std_boss_ps1dr2 ops_std standard_boss 0 0 0.0 0.0 -999 ""
FIBERMAP 1241 R+7C13 METROLOGY 0 0 0 1 0 0 69.42604465678735 136.7771881912083 143.1 130.76846870271123 80.10714963015894 14.722241 109.99365 -999.0 -999.0 -999.0 -999.0 -999.0 103.92020966201696 4.397264611351016 103.93985748521447 4.3702838755811175 43.82035099403345 240.5238091710479 -999.0 6231.0 -999.0 -1 -999 {-999.0 -999.0 -999.0 -999.0 -999.0} "" -999.0 -999.0 -999.0 -999.0 -999 -999 "" "" "" "" 0 0 0.0 0.0 -999 ""
FIBERMAP 1251 R+6C7 APOGEE 0 0 0 1 0 0 -70.17176524539349 110.203088950455 143.1 -2.0282194517361933 130.60290685581055 39.88948 47.34661 -999.0 -999.0 -999.0 -999.0 -999.0 103.31420300257052 4.625915814344307 103.33444942741585 4.600370934385528 43.5309085235937 241.3222030477075 -999.0 16600.0 -999.0 2 100 {-999.0 -999.0 -999.0 -999.0 -999.0} "" -999.0 -999.0 -999.0 -999.0 -999 -999 "" "" "" "" 0 0 0.0 0.0 -999 ""
FIBERMAP 1251 R+6C7 BOSS 1 1 0 1 0 0 -70.2251508654157 109.4616945689805 143.1 -2.4620441210931308 129.99952725114062 39.88948 47.34661 103.31208076393017 4.623110048734134 0.65222746 -8.80983 1.3377221 103.31206916191238 4.623085236402551 103.3324688040284 4.597691004296368 43.527645151457776 241.32129852181467 5400.0 5400.0 2016.0 1 66 {-999.0 20.246687 19.171425 17.89562 -999.0} sdss_psfmag_ps1 19.83213 18.55934 17.483568 15.581 63050395118184849 1095276855 bright_1x1 mwm_bin_vis_boss mwm_filler science 0 0 0.0 0.0 -999 ""
FIBERMAP 1251 R+6C7 METROLOGY 0 0 0 1 0 0 -70.86594052958927 109.90330416905486 143.1 -2.7763896677490325 130.7112497450984 39.88948 47.34661 -999.0 -999.0 -999.0 -999.0 -999.0 103.31067208261891 4.62633925111322 103.33103476646033 4.600907059810585 43.52874989744761 241.3259072962265 -999.0 6231.0 -999.0 -1 -999 {-999.0 -999.0 -999.0 -999.0 -999.0} "" -999.0 -999.0 -999.0 -999.0 -999 -999 "" "" "" "" 0 0 0.0 0.0 -999 ""
FIBERMAP 1252 R+13C7 APOGEE 1 1 0 1 0 0 -18.34861632653403 233.03882516885355 143.1 106.4473348990386 208.0589190339714 302.86407 52.345932 103.80678361596495 4.975847623365847 -1.3012962 -7.0043597 1.1500934 103.80681401406034 4.975795751573324 103.8277783875701 4.94888969508187 44.129114857489476 241.22127477780236 16000.0 16600.0 2016.0 2 46 {-999.0 10.911018 11.071012 11.18395 -999.0} sdss_psfmag_gaia 11.022411 10.97623 10.881752 10.777 63050395118193967 975457896 "" ops_std_apogee ops_std standard_apogee 0 0 0.0 0.0 -999 ""
FIBERMAP 1252 R+13C7 BOSS 0 0 0 1 0 0 -19.087822868529997 233.06723055667604 143.1 105.83273302444826 208.470325393154 302.86407 52.345932 -999.0 -999.0 -999.0 -999.0 -999.0 103.80387217660376 4.977538167781279 103.8249977661576 4.9507809917118575 44.12833796206175 241.22582087571763 -999.0 5400.0 -999.0 1 167 {-999.0 -999.0 -999.0 -999.0 -999.0} "" -999.0 -999.0 -999.0 -999.0 -999 -999 "" "" "" "" 0 0 0.0 0.0 -999 ""
FIBERMAP 1252 R+13C7 METROLOGY 0 0 0 1 0 0 -18.691230187304747 233.69986979272443 143.1 106.50185132103081 208.8013114710184 302.86407 52.345932 -999.0 -999.0 -999.0 -999.0 -999.0 103.80693938949177 4.979048881910677 103.82802354932244 4.952243261044417 44.13155194925659 241.22450233193672 -999.0 6231.0 -999.0 -1 -999 {-999.0 -999.0 -999.0 -999.0 -999.0} "" -999.0 -999.0 -999.0 -999.0 -999 -999 "" "" "" "" 0 0 0.0 0.0 -999 ""
FIBERMAP 1254 R+2C6 APOGEE 0 0 0 1 0 0 -162.8624796056607 22.961418093594716 143.1 -126.65992559590232 104.86509747082577 275.88086 87.57379 -999.0 -999.0 -999.0 -999.0 -999.0 102.74632585344723 4.506667952874831 102.76643351409365 4.4826395987737895 43.032066637504585 241.72418539240283 -999.0 16600.0 -999.0 2 -999 {-999.0 -999.0 -999.0 -999.0 -999.0} "" -999.0 -999.0 -999.0 -999.0 -999 -999 "" "" "" "" 0 0 0.0 0.0 -999 ""
FIBERMAP 1254 R+2C6 BOSS 1 1 0 1 0 0 -163.57866852093736 22.90304288132822 143.1 -127.30038463713869 105.19054733918328 275.88086 87.57379 102.74319281360023 4.508058705011392 -0.40379193 -0.8254964 0.22529574 102.7432079596414 4.508015654639531 102.76348257953168 4.48414155298443 43.03088681631078 241.7284060856674 5400.0 5400.0 2016.0 1 48 {-999.0 16.631546 15.766617 14.962334 -999.0} sdss_psfmag_ps1 16.238323 15.421091 14.5062275 12.783 63050395118172621 1093344536 bright_3x1 mwm_astar_core_boss mwm_ob science 0 0 0.0 0.0 -999 ""
FIBERMAP 1254 R+2C6 METROLOGY 0 0 0 1 0 0 -163.27967586191394 23.579972266064722 143.1 -126.6911785352218 105.61037495908501 275.88086 87.57379 -999.0 -999.0 -999.0 -999.0 -999.0 102.74602992397904 4.509970892747772 102.76626235992268 4.486047475921441 43.0342213861898 241.72780490209107 -999.0 6231.0 -999.0 -1 -999 {-999.0 -999.0 -999.0 -999.0 -999.0} "" -999.0 -999.0 -999.0 -999.0 -999 -999 "" "" "" "" 0 0 0.0 0.0 -999 ""
FIBERMAP 1256 R-7C15 APOGEE 0 0 0 1 0 0 89.50280508574974 -128.21472647780132 143.1 9.054823485013191 -156.06710992579173 148.86436 113.77075 -999.0 -999.0 -999.0 -999.0 -999.0 103.36783424658523 3.322466984660232 103.38492427333688 3.297057242806776 42.68364839902912 239.96389866274274 -999.0 16600.0 -999.0 2 -999 {-999.0 -999.0 -999.0 -999.0 -999.0} "" -999.0 -999.0 -999.0 -999.0 -999 -999 "" "" "" "" 0 0 0.0 0.0 -999 ""
FIBERMAP 1256 R-7C15 BOSS 1 1 0 1 0 0 89.65860861929728 -127.39007797014203 143.1 9.619474400708205 -155.44648354279622 148.86436 113.77075 103.37027823049998 3.325082695349574 -1.7756515 0.15607032 0.20215254 103.37024197569035 3.3250731252909898 103.38749921537794 3.299807880932044 42.68740521083877 239.96423396974643 5400.0 5400.0 2016.0 1 317 {-999.0 14.778767 14.310465 14.085706 -999.0} sdss_psfmag_from_g3xp 14.671906 14.290554 13.716247 12.739 63050395117922681 1068446330 bright_3x1 mwm_ob_core_boss mwm_ob science 0 0 0.0 0.0 -999 ""
FIBERMAP 1256 R-7C15 METROLOGY 0 0 0 1 0 0 90.18656856352479 -127.91618085821734 143.1 9.793478276998655 -156.17105404057958 148.86436 113.77075 -999.0 -999.0 -999.0 -999.0 -999.0 103.3710860628371 3.321851151111777 103.38828956056841 3.2965415000020277 42.68574519891586 239.96025929951125 -999.0 6231.0 -999.0 -1 -999 {-999.0 -999.0 -999.0 -999.0 -999.0} "" -999.0 -999.0 -999.0 -999.0 -999 -999 "" "" "" "" 0 0 0.0 0.0 -999 ""
FIBERMAP 1260 R+1C4 APOGEE 0 0 0 1 0 0 -199.93593967678734 11.544544327007438 143.1 -164.21081912110637 114.56303317664161 343.9063 101.08675 -999.0 -999.0 -999.0 -999.0 -999.0 102.57597770488825 4.549463273495245 102.59623425258138 4.525874422053018 42.93481988659138 241.92322458492862 -999.0 16600.0 -999.0 2 -999 {-999.0 -999.0 -999.0 -999.0 -999.0} "" -999.0 -999.0 -999.0 -999.0 -999 -999 "" "" "" "" 0 0 0.0 0.0 -999 ""
FIBERMAP 1260 R+1C4 BOSS 1 1 0 1 0 0 -199.97469383104024 10.801827343467389 143.1 -164.63287698252623 113.95086291515462 343.9063 101.08675 102.57302225522933 4.54656213195536 -0.66206163 -2.0124125 0.6735844 102.57386089062989 4.54655929586177 102.59427471667561 4.523123127726151 42.931528443595155 241.92220989156203 5400.0 5400.0 2016.0 1 62 {-999.0 9.347367 8.861962 8.620634 -999.0} sdss_psfmag_from_g3xp 9.243777 8.848923 8.258544 7.309 63050395118174157 1093208156 bright_3x1 mwm_astar_core_boss mwm_ob science 0 0 2.9787120819091797 0.0 -999 ""
FIBERMAP 1260 R+1C4 METROLOGY 0 0 0 1 0 0 -200.60181787861362 11.20799091245872 143.1 -164.9541530237412 114.62524241965087 343.9063 101.08675 -999.0 -999.0 -999.0 -999.0 -999.0 102.57246252218697 4.549636874751239 102.59283777202921 4.526162219039248 42.93249213154987 241.92660590092368 -999.0 6231.0 -999.0 -1 -999 {-999.0 -999.0 -999.0 -999.0 -999.0} "" -999.0 -999.0 -999.0 -999.0 -999 -999 "" "" "" "" 0 0 0.0 0.0 -999 ""
FIBERMAP 1265 R+5C6 APOGEE 0 0 0 1 0 0 -108.94990759235017 103.03200540918122 143.1 -38.80669303791036 144.8093641436845 42.98327 92.641914 -999.0 -999.0 -999.0 -999.0 -999.0 103.14626941652772 4.68973868227459 103.16671460379803 4.664621204472143 43.45018465769137 241.5425858451641 -999.0 16600.0 -999.0 2 -999 {-999.0 -999.0 -999.0 -999.0 -999.0} "" -999.0 -999.0 -999.0 -999.0 -999 -999 "" "" "" "" 0 0 0.0 0.0 -999 ""
FIBERMAP 1265 R+5C6 BOSS 1 1 0 1 0 0 -108.3898930375322 102.56544505006151 143.1 -38.5742025540255 144.11870678468284 42.98327 92.641914 103.14716336018337 4.686534243690317 -1.2552477 -12.257011 1.650866 103.14715960735364 4.686525772535754 103.16775708304442 4.6615511071120315 43.44889618187637 241.538489261547 5400.0 5400.0 2016.0 1 50 {-999.0 15.691948 14.900834 14.561881 -999.0} sdss_psfmag_ps1 15.419347 14.890633 14.200322 12.824 63050395118196805 1096179777 bright_1x1 mwm_bin_vis_boss mwm_filler science 0 0 0.0 0.0 -999 ""
FIBERMAP 1265 R+5C6 METROLOGY 0 0 0 1 0 0 -109.07636777079206 102.2967028838352 143.1 -39.29955425802413 144.24945066962792 42.98327 92.641914 -999.0 -999.0 -999.0 -999.0 -999.0 103.1438985724839 4.687135325299868 103.1644529685073 4.6621281504295995 43.44684060195 241.54212119323964 -999.0 6231.0 -999.0 -1 -999 {-999.0 -999.0 -999.0 -999.0 -999.0} "" -999.0 -999.0 -999.0 -999.0 -999 -999 "" "" "" "" 0 0 0.0 0.0 -999 ""
FIBERMAP 1266 R-1C23 APOGEE 0 0 0 1 0 0 202.9234490749036 -13.256610811406794 143.1 165.85804452748064 -117.58590896546428 135.43002 128.67543 -999.0 -999.0 -999.0 -999.0 -999.0 104.08026936721572 3.4998456680474446 104.09760360340226 3.4725313936401037 43.32156719949651 239.4708867254509 -999.0 16600.0 -999.0 2 -999 {-999.0 -999.0 -999.0 -999.0 -999.0} "" -999.0 -999.0 -999.0 -999.0 -999 -999 "" "" "" "" 0 0 0.0 0.0 -999 ""
FIBERMAP 1266 R-1C23 BOSS 1 1 0 1 0 0 202.9822677777393 -12.50723598100181 143.1 166.30067619829552 -116.978579503509 135.43002 128.67543 104.08214858047528 3.5024372074322105 -1.5495613 -2.1123564 1.1810758 104.08216011837858 3.5024282424652937 104.09965735871697 3.475257337168489 43.324930394347994 239.47166686878427 5400.0 5400.0 2016.0 1 312 {-999.0 13.831511 13.5292015 13.452832 -999.0} sdss_psfmag_from_g3xp 13.79307 13.535749 13.127275 12.461 63050395117875712 979094332 "" ops_std_boss ops_std standard_boss 0 0 0.0 0.0 -999 ""
FIBERMAP 1266 R-1C23 METROLOGY 0 0 0 1 0 0 203.60050188275298 -12.94314394570152 143.1 166.5988009290169 -117.67363145006861 135.43002 128.67543 -999.0 -999.0 -999.0 -999.0 -999.0 104.0835361807683 3.4993388658788223 104.10098108144257 3.472122846565767 43.32373238409308 239.46729060933862 -999.0 6231.0 -999.0 -1 -999 {-999.0 -999.0 -999.0 -999.0 -999.0} "" -999.0 -999.0 -999.0 -999.0 -999 -999 "" "" "" "" 0 0 0.0 0.0 -999 ""
FIBERMAP 1270 R+5C12 APOGEE 0 0 0 1 0 0 2.1996872827016354 101.74484224427354 143.1 55.17000934765353 85.48995085726136 120.50278 143.2197 -999.0 -999.0 -999.0 -999.0 -999.0 103.57583802451934 4.421583801799411 103.59552184367726 4.395395543130402 43.58486872746564 240.87114986754398 -999.0 16600.0 -999.0 2 8 {-999.0 -999.0 -999.0 -999.0 -999.0} "" -999.0 -999.0 -999.0 -999.0 -999 -999 "" "" "" "" 0 0 0.0 0.0 -999 ""
FIBERMAP 1270 R+5C12 BOSS 1 1 0 1 0 0 2.295628153310128 102.48107605110981 143.1 55.637369266190994 86.06664425628374 120.50278 143.2197 103.57782805031924 4.424100969155087 -1.7398983 -2.9513223 1.0544184 103.57783153965475 4.424104495595443 103.59767932535618 4.398055454621515 43.58825214877474 240.87184697183432 5400.0 5400.0 2016.0 1 116 {-999.0 13.724838 13.437952 13.36892 -999.0} sdss_psfmag_from_g3xp 13.6932535 13.445552 13.0449095 12.435 63050395118179911 977775508 "" ops_std_boss ops_std standard_boss 0 0 0.0 0.0 -999 ""
FIBERMAP 1270 R+5C12 METROLOGY 0 0 0 1 0 0 2.8829460569562073 102.03488804124085 143.1 55.90378190417712 85.37903298050722 120.50278 143.2197 -999.0 -999.0 -999.0 -999.0 -999.0 103.57909635443873 4.421013736736136 103.59889145402155 4.394920953443661 43.58702283995417 240.86753061993494 -999.0 6231.0 -999.0 -1 -999 {-999.0 -999.0 -999.0 -999.0 -999.0} "" -999.0 -999.0 -999.0 -999.0 -999 -999 "" "" "" "" 0 0 0.0 0.0 -999 ""
FIBERMAP 1271 R-4C14 APOGEE 0 0 0 1 0 0 47.90545181571967 -97.24382479784786 143.1 -10.144533426512172 -107.90354170903551 329.03955 58.07143 -999.0 -999.0 -999.0 -999.0 -999.0 103.27981840432354 3.540587057625954 103.29745533132609 3.5153612918750055 42.76899834946293 240.26212741294142 -999.0 16600.0 -999.0 2 -999 {-999.0 -999.0 -999.0 -999.0 -999.0} "" -999.0 -999.0 -999.0 -999.0 -999 -999 "" "" "" "" 0 0 0.0 0.0 -999 ""
FIBERMAP 1271 R-4C14 BOSS 1 1 0 1 0 0 47.24958306577671 -97.5858813689674 143.1 -10.88222635331897 -107.85126198907322 329.03955 58.07143 103.27605541225509 3.540611135469484 -0.57175446 -0.63901156 0.30305883 103.27628750589304 3.540614418536261 103.29408709569537 3.515548327367028 42.76666654557215 240.26543617240753 5400.0 5400.0 2016.0 1 324 {-999.0 14.067453 13.408092 13.173754 -999.0} sdss_psfmag_gaia 13.890129 13.451036 12.825798 11.844 63050395117937601 1068388833 bright_3x1 mwm_ob_core_boss mwm_ob science 0 0 0.9501548409461975 0.0 -999 ""
FIBERMAP 1271 R-4C14 METROLOGY 0 0 0 1 0 0 47.27660327136123 -96.84231329269505 143.1 -10.469714869559645 -107.23222039266034 329.03955 58.07143 -999.0 -999.0 -999.0 -999.0 -999.0 103.27820788396964 3.543482965055227 103.29596804545224 3.5183685742767214 42.76996277693973 240.26650296857682 -999.0 6231.0 -999.0 -1 -999 {-999.0 -999.0 -999.0 -999.0 -999.0} "" -999.0 -999.0 -999.0 -999.0 -999 -999 "" "" "" "" 0 0 0.0 0.0 -999 ""
FIBERMAP 1272 R+1C9 APOGEE 0 0 0 1 0 0 -79.6224361297353 21.74143448890517 143.1 -56.41479217735395 60.2227068765188 74.82758 30.537128 -999.0 -999.0 -999.0 -999.0 -999.0 103.06662224175858 4.305319996510516 103.08615834454207 4.280491676789186 43.13253166772748 241.22599394655475 -999.0 16600.0 -999.0 2 147 {-999.0 -999.0 -999.0 -999.0 -999.0} "" -999.0 -999.0 -999.0 -999.0 -999 -999 "" "" "" "" 0 0 0.0 0.0 -999 ""
FIBERMAP 1272 R+1C9 BOSS 1 1 0 1 0 0 -79.4241807380814 21.017535092704634 143.1 -56.62516413796074 59.502408662600615 74.82758 30.537128 103.06549072265625 4.301923691796532 -999.0 -999.0 -999.0 103.06547860725047 4.301922345566904 103.08516824437709 4.2772444720730665 43.12961463556786 241.22361660371186 5400.0 5400.0 2015.5 1 45 {-999.0 -999.0 -999.0 -999.0 -999.0} "" -999.0 -999.0 -999.0 -999.0 27021603131850147 810615704 "" ops_sky_boss_good ops_sky sky_boss 0 0 0.0 0.0 -999 ""
FIBERMAP 1272 R+1C9 METROLOGY 0 0 0 1 0 0 -80.15462813341121 21.20511626022727 143.1 -57.14892625123882 60.044775040537964 74.82758 30.537128 -999.0 -999.0 -999.0 -999.0 -999.0 103.06313407903275 4.304417971720012 103.08278461734017 4.279704146692899 43.129514564778916 241.2283014831689 -999.0 6231.0 -999.0 -1 -999 {-999.0 -999.0 -999.0 -999.0 -999.0} "" -999.0 -999.0 -999.0 -999.0 -999 -999 "" "" "" "" 0 0 0.0 0.0 -999 ""
FIBERMAP 1276 R-2C3 APOGEE 1 1 0 1 0 0 -219.71680088439103 -58.183285018439975 143.1 -217.5808972375597 65.5471245713293 331.67682 58.73983 102.33499742827375 4.325740842394115 1.8930144 -2.8938398 0.68507504 102.3350101062682 4.325742796483477 102.35478918703012 4.302836270303754 42.60668904498671 241.9162176007975 16000.0 16600.0 2016.0 2 257 {-999.0 14.354532 13.42081 13.057901 -999.0} sdss_psfmag_gaia 14.059127 13.4525585 12.702666 11.154 63050395118167899 1108904832 bright_flexible_3x1 mwm_tess_rgb_apogee mwm_tessrgb science 0 0 0.0 0.0 -999 ""
FIBERMAP 1276 R-2C3 BOSS 0 0 0 1 0 0 -220.34282404706488 -58.583736261906395 143.1 -218.32376353352095 65.53404354527703 331.67682 58.73983 -999.0 -999.0 -999.0 -999.0 -999.0 102.3314665914773 4.325522092922622 102.35141161157406 4.302773205549573 42.60414112700536 241.91921149922206 -999.0 5400.0 -999.0 1 475 {-999.0 -999.0 -999.0 -999.0 -999.0} "" -999.0 -999.0 -999.0 -999.0 -999 -999 "" "" "" "" 0 0 0.0 0.0 -999 ""
FIBERMAP 1276 R-2C3 METROLOGY 0 0 0 1 0 0 -220.37364882387234 -57.82766703124059 143.1 -217.95396227482166 66.19403151364584 331.67682 58.73983 -999.0 -999.0 -999.0 -999.0 -999.0 102.33318315632847 4.328562577685015 102.3530881562275 4.305766491754073 42.60738500987443 241.92071950327852 -999.0 6231.0 -999.0 -1 -999 {-999.0 -999.0 -999.0 -999.0 -999.0} "" -999.0 -999.0 -999.0 -999.0 -999 -999 "" "" "" "" 0 0 0.0 0.0 -999 ""
FIBERMAP 1281 R+5C7 APOGEE 1 1 0 1 0 0 -80.97023172459657 97.22881807014053 143.1 -18.02009226920089 125.2110325304763 52.573093 54.75613 103.24127197265625 4.601242510976249 -999.0 -999.0 -999.0 103.24127076233577 4.601249351065527 103.26147666635603 4.575900866601193 43.46061134871644 241.3646475119142 16000.0 16600.0 2015.5 2 108 {-999.0 -999.0 -999.0 -999.0 -999.0} "" -999.0 -999.0 -999.0 -999.0 27021603131852077 832725553 "" ops_sky_apogee_best ops_sky sky_apogee 0 0 0.0 0.0 -999 ""
FIBERMAP 1281 R+5C7 BOSS 0 0 0 1 0 0 -80.76401769735628 96.5202262898506 143.1 -18.215668381416695 124.4996007667082 52.573093 54.75613 -999.0 -999.0 -999.0 -999.0 -999.0 103.24021717461734 4.597928556654827 103.26057526584304 4.5727282807503 43.45781352252804 241.3622435601431 -999.0 5400.0 -999.0 1 54 {-999.0 -999.0 -999.0 -999.0 -999.0} "" -999.0 -999.0 -999.0 -999.0 -999 -999 "" "" "" "" 0 0 0.0 0.0 -999 ""
FIBERMAP 1281 R+5C7 METROLOGY 0 0 0 1 0 0 -81.48854074856557 96.69312961364162 143.1 -18.74207420964139 125.0263646868605 52.573093 54.75613 -999.0 -999.0 -999.0 -999.0 -999.0 103.23785626186435 4.600341399995345 103.25817549285023 4.575105790555261 43.457640528941994 241.36688373717163 -999.0 6231.0 -999.0 -1 -999 {-999.0 -999.0 -999.0 -999.0 -999.0} "" -999.0 -999.0 -999.0 -999.0 -999 -999 "" "" "" "" 0 0 0.0 0.0 -999 ""
FIBERMAP 1285 R+9C4 APOGEE 0 0 0 1 0 0 -116.64305480713892 183.60044078548637 143.1 -3.153864814389165 217.44840406485676 38.81307 130.64497 -999.0 -999.0 -999.0 -999.0 -999.0 103.30815119665466 5.01796444541992 103.32934926442408 4.99235507841994 43.790030393817936 241.7288229517444 -999.0 16600.0 -999.0 2 -999 {-999.0 -999.0 -999.0 -999.0 -999.0} "" -999.0 -999.0 -999.0 -999.0 -999 -999 "" "" "" "" 0 0 0.0 0.0 -999 ""
FIBERMAP 1285 R+9C4 BOSS 1 1 0 1 0 0 -115.90495675859488 183.47827052639317 143.1 -2.589323592896488 216.95773160975168 38.81307 130.64497 103.31057327270393 5.015647799819732 0.6094986 -1.4792274 0.29162323 103.31056726712222 5.015668372808217 103.33191796378242 4.990195523835047 43.79048821586334 241.72422802187089 5400.0 5400.0 2016.0 1 15 {-999.0 14.252884 13.6354 13.419118 -999.0} sdss_psfmag_gaia 14.089561 13.677097 13.069513 12.099 63050395118203651 1093448019 bright_3x1 mwm_astar_core_boss mwm_ob science 0 0 0.0 0.0 -999 ""
FIBERMAP 1285 R+9C4 METROLOGY 0 0 0 1 0 0 -116.376405528912 182.90361932848833 143.1 -3.291810834189217 216.71533778112558 38.81307 130.64497 -999.0 -999.0 -999.0 -999.0 -999.0 103.3074165205849 5.014602839266073 103.32872046629006 4.989098124702665 43.78738627261262 241.72604943807733 -999.0 6231.0 -999.0 -1 -999 {-999.0 -999.0 -999.0 -999.0 -999.0} "" -999.0 -999.0 -999.0 -999.0 -999 -999 "" "" "" "" 0 0 0.0 0.0 -999 ""
FIBERMAP 1287 R+12C7 APOGEE 0 0 0 1 0 0 -18.354962695650144 219.2105998420223 143.1 99.19831372794455 196.28662937631077 295.05057 109.369484 -999.0 -999.0 -999.0 -999.0 -999.0 103.77423589003573 4.922976565357803 103.79508084108608 4.896166368145936 44.06953732970791 241.19749915030707 -999.0 16600.0 -999.0 2 -999 {-999.0 -999.0 -999.0 -999.0 -999.0} "" -999.0 -999.0 -999.0 -999.0 -999 -999 "" "" "" "" 0 0 0.0 0.0 -999 ""
FIBERMAP 1287 R+12C7 BOSS 1 1 0 1 0 0 -18.87474357503291 218.6763426014309 143.1 98.47582812043842 196.1039513037736 295.05057 109.369484 103.77078597105356 4.922097532234771 0.23521933 -15.812864 2.6361053 103.77082166061136 4.922056589519605 103.79182177142104 4.89539741054131 44.06661827088068 241.19974957495364 5400.0 5400.0 2016.0 1 155 {-999.0 20.802017 19.416542 17.980902 -999.0} sdss_psfmag_ps1 20.244293 18.685928 17.514023 15.376 63050395118193764 1096469226 bright_1x1 mwm_bin_vis_boss mwm_filler science 0 0 0.0 0.0 -999 ""
FIBERMAP 1287 R+12C7 METROLOGY 0 0 0 1 0 0 -19.07831729106526 219.3934115205432 143.1 98.67809319158343 196.8212188209038 295.05057 109.369484 -999.0 -999.0 -999.0 -999.0 -999.0 103.7717614475399 4.925313058696746 103.79272484466384 4.89861053396647 44.06944638905115 241.20221401607122 -999.0 6231.0 -999.0 -1 -999 {-999.0 -999.0 -999.0 -999.0 -999.0} "" -999.0 -999.0 -999.0 -999.0 -999 -999 "" "" "" "" 0 0 0.0 0.0 -999 ""
FIBERMAP 1289 R-2C15 APOGEE 1 1 0 1 0 0 31.142928924198138 -46.117554606292835 143.1 2.362502507707909 -55.585583164114794 224.23093 100.15443 103.33628077903371 3.77863957771562 2.4078476 1.788857 0.75598 103.33629043570542 3.7786565583006864 103.35448569590784 3.753231506575175 42.972666043321375 240.44691601354333 16000.0 16600.0 2016.0 2 219 {-999.0 13.257845 12.650317 12.401944 -999.0} sdss_psfmag_from_g3xp 13.102179 12.663626 12.054138 11.075 63050395117945587 1106456617 bright_flexible_3x1 mwm_tess_rgb_apogee mwm_tessrgb science 0 0 0.0 0.0 -999 ""
FIBERMAP 1289 R-2C15 BOSS 0 0 0 1 0 0 30.544034458738178 -45.69040266138961 143.1 2.0762600594399117 -54.9081181777587 224.23093 100.15443 -999.0 -999.0 -999.0 -999.0 -999.0 103.33481705865329 3.7815575948512885 103.35318058935252 3.756284751276542 42.97378803134669 240.45118569955628 -999.0 5400.0 -999.0 1 273 {-999.0 -999.0 -999.0 -999.0 -999.0} "" -999.0 -999.0 -999.0 -999.0 -999 -999 "" "" "" "" 0 0 0.0 0.0 -999 ""
FIBERMAP 1289 R-2C15 METROLOGY 0 0 0 1 0 0 31.21676965403378 -45.36410148730959 143.1 2.8200627139897954 -54.98264974386922 224.23093 100.15443 -999.0 -999.0 -999.0 -999.0 -999.0 103.33825893931086 3.781275218401345 103.35657528715393 3.755951183388093 42.976044378922396 240.44770253313635 -999.0 6231.0 -999.0 -1 -999 {-999.0 -999.0 -999.0 -999.0 -999.0} "" -999.0 -999.0 -999.0 -999.0 -999 -999 "" "" "" "" 0 0 0.0 0.0 -999 ""
FIBERMAP 1296 R-5C7 APOGEE 1 1 0 1 0 0 -117.66623517495776 -83.68706524495079 143.1 -144.0379485807723 -9.62794990670243 208.19131 32.39825 102.66835313105648 3.9860461024322653 0.69241065 -2.3844428 0.90896344 102.66839598393383 3.986047924011438 102.68726571944171 3.9623348173185162 42.62416262331997 241.27079357340887 16000.0 16600.0 2016.0 2 262 {-999.0 12.990126 11.513396 10.787373 -999.0} sdss_psfmag_gaia 12.365898 11.377001 10.376331 8.022 63050395118150285 1107973751 bright_1x1 mwm_tess_rgb_apogee mwm_tessrgb science 0 0 0.0 0.0 -999 ""
FIBERMAP 1296 R-5C7 BOSS 0 0 0 1 0 0 -117.2984588655895 -83.03790483495199 143.1 -143.38471499931651 -9.267800164297086 208.19131 32.39825 -999.0 -999.0 -999.0 -999.0 -999.0 102.67113522834654 3.9875413650288354 102.69017208980404 3.9639700380667158 42.62740710025429 241.26978203616548 -999.0 5400.0 -999.0 1 464 {-999.0 -999.0 -999.0 -999.0 -999.0} "" -999.0 -999.0 -999.0 -999.0 -999 -999 "" "" "" "" 0 0 0.0 0.0 -999 ""
FIBERMAP 1296 R-5C7 METROLOGY 0 0 0 1 0 0 -116.92272780105672 -83.67453913867035 143.1 -143.3982431959202 -10.006753391065363 208.19131 32.39825 -999.0 -999.0 -999.0 -999.0 -999.0 102.67114275023467 3.9842238351340162 102.69012506182798 3.9606108959611115 42.62510978649808 241.26645063502593 -999.0 6231.0 -999.0 -1 -999 {-999.0 -999.0 -999.0 -999.0 -999.0} "" -999.0 -999.0 -999.0 -999.0 -999 -999 "" "" "" "" 0 0 0.0 0.0 -999 ""
FIBERMAP 1300 R+11C12 APOGEE 0 0 0 1 0 0 70.89241921926656 197.7261661820897 143.1 163.94398421974125 131.2409553321803 274.03506 83.42991 -999.0 -999.0 -999.0 -999.0 -999.0 104.06966643091157 4.628827867110284 104.08972260061836 4.601305726135536 44.0868498842187 240.61875142855612 -999.0 16600.0 -999.0 2 11 {-999.0 -999.0 -999.0 -999.0 -999.0} "" -999.0 -999.0 -999.0 -999.0 -999 -999 "" "" "" "" 0 0 0.0 0.0 -999 ""
FIBERMAP 1300 R+11C12 BOSS 1 1 0 1 0 0 70.14308255385765 197.71677343610787 143.1 163.30095616516235 131.62548062059486 274.03506 83.42991 104.06661987304688 4.63047947778702 -999.0 -999.0 -999.0 104.06662653369992 4.630460032191776 104.08684281929425 4.603088324953203 44.08594826657506 240.62328503954063 5400.0 5400.0 2015.5 1 142 {-999.0 -999.0 -999.0 -999.0 -999.0} "" -999.0 -999.0 -999.0 -999.0 27021603131840732 810614511 "" ops_sky_boss_good ops_sky sky_boss 0 0 0.0 0.0 -999 ""
FIBERMAP 1300 R+11C12 METROLOGY 0 0 0 1 0 0 70.51347047006269 198.36784523982035 143.1 163.95741493834217 131.9858900026408 274.03506 83.42991 -999.0 -999.0 -999.0 -999.0 -999.0 104.06962456607332 4.632115200131953 104.0898000259985 4.604694840609217 44.08920427439911 240.62214713056446 -999.0 6231.0 -999.0 -1 -999 {-999.0 -999.0 -999.0 -999.0 -999.0} "" -999.0 -999.0 -999.0 -999.0 -999 -999 "" "" "" "" 0 0 0.0 0.0 -999 ""
FIBERMAP 1301 R+2C23 APOGEE 0 0 0 1 0 0 213.4285998312028 32.396486820413145 143.1 198.71823712579538 -84.21228647543327 203.28958 124.844475 -999.0 -999.0 -999.0 -999.0 -999.0 104.22896594238271 3.6517479493403404 104.24662726737665 3.624012969259823 43.5337268960633 239.4813648393307 -999.0 16600.0 -999.0 2 82 {-999.0 -999.0 -999.0 -999.0 -999.0} "" -999.0 -999.0 -999.0 -999.0 -999 -999 "" "" "" "" 0 0 0.0 0.0 -999 ""
FIBERMAP 1301 R+2C23 BOSS 1 1 0 1 0 0 212.79083121555988 32.77466535643513 143.1 198.37323720290772 -83.55616208100679 203.28958 124.844475 104.227294921875 3.654570602446043 -999.0 -999.0 -999.0 104.2273017928085 3.654546463641505 104.24512647325349 3.626962963116202 43.53466884897785 239.48573957625217 5400.0 5400.0 2015.5 1 225 {-999.0 -999.0 -999.0 -999.0 -999.0} "" -999.0 -999.0 -999.0 -999.0 27021603131836061 819466434 "" ops_sky_boss_good ops_sky sky_boss 0 0 0.0 0.0 -999 ""
FIBERMAP 1301 R+2C23 METROLOGY 0 0 0 1 0 0 213.45793091436155 33.136551234435615 143.1 199.1308811511912 -83.59743897369262 203.28958 124.844475 -999.0 -999.0 -999.0 -999.0 -999.0 104.23075186397526 3.6544224247696033 104.24853108976941 3.6267880736505176 43.537014888690805 239.48234057460797 -999.0 6231.0 -999.0 -1 -999 {-999.0 -999.0 -999.0 -999.0 -999.0} "" -999.0 -999.0 -999.0 -999.0 -999 -999 "" "" "" "" 0 0 0.0 0.0 -999 ""
FIBERMAP 1302 R-9C18 APOGEE 1 1 0 1 0 0 174.74861280062828 -170.210749237652 143.1 59.648346401607604 -236.48356958109167 186.72052 93.002754 103.59800460308742 2.9614093252017817 -3.8920803 0.16099451 0.39737552 103.59799028647714 2.961368245117186 103.61415530462261 2.9354332372477456 42.60170348367158 239.39285102502976 16000.0 16600.0 2016.0 2 187 {-999.0 14.481753 13.361649 12.817588 -999.0} sdss_psfmag_from_g3xp 14.075964 13.292155 12.420496 10.491 63050395117861789 1108879663 bright_flexible_2x1 mwm_tess_rgb_apogee mwm_tessrgb science 0 0 0.0 0.0 -999 ""
FIBERMAP 1302 R-9C18 BOSS 0 0 0 1 0 0 174.6121536983025 -169.47179498262133 143.1 59.91922799833248 -235.78282184656297 186.72052 93.002754 -999.0 -999.0 -999.0 -999.0 -999.0 103.59906697635186 2.964331011347659 103.61539980929172 2.9385454027514886 42.604748699314015 239.39475157172652 -999.0 5400.0 -999.0 1 330 {-999.0 -999.0 -999.0 -999.0 -999.0} "" -999.0 -999.0 -999.0 -999.0 -999 -999 "" "" "" "" 0 0 0.0 0.0 -999 ""
FIBERMAP 1302 R-9C18 METROLOGY 0 0 0 1 0 0 175.31853804800122 -169.71593531963012 143.1 60.392871598611315 -236.36074705130045 186.72052 93.002754 -999.0 -999.0 -999.0 -999.0 -999.0 103.60125463387897 2.9618067615198793 103.61753523533457 2.9359726516804767 42.604521311836756 239.39022196991746 -999.0 6231.0 -999.0 -1 -999 {-999.0 -999.0 -999.0 -999.0 -999.0} "" -999.0 -999.0 -999.0 -999.0 -999 -999 "" "" "" "" 0 0 0.0 0.0 -999 ""
FIBERMAP 1303 R-7C11 APOGEE 1 1 0 1 0 0 30.216523983112562 -134.99376911018706 143.1 -44.982273491286456 -130.78405980390633 47.288567 64.48791 103.12136409430278 3.436422169663297 -0.47365555 -1.5734941 1.2475952 103.12137113754653 3.436424046975406 103.13879853560519 3.411637142504622 42.58242307603339 240.3057477967454 16000.0 16600.0 2016.0 2 151 {-999.0 10.482318 10.674316 10.834974 -999.0} sdss_psfmag_from_g3xp 10.603828 10.576126 10.513251 10.446 63050395117935532 974928050 "" ops_std_apogee ops_std standard_apogee 0 0 0.0 0.0 -999 ""
FIBERMAP 1303 R-7C11 BOSS 0 0 0 1 0 0 30.500417273124835 -135.68542545917848 143.1 -45.10282950728243 -131.5217605721098 47.288567 64.48791 -999.0 -999.0 -999.0 -999.0 -999.0 103.12065392319047 3.4328734796792575 103.138235738258 3.4082405776986846 42.57969694994987 240.3028923827191 -999.0 5400.0 -999.0 1 377 {-999.0 -999.0 -999.0 -999.0 -999.0} "" -999.0 -999.0 -999.0 -999.0 -999 -999 "" "" "" "" 0 0 0.0 0.0 -999 ""
FIBERMAP 1303 R-7C11 METROLOGY 0 0 0 1 0 0 29.76974812155172 -135.5884087029328 143.1 -45.674220668716934 -131.05639939280624 47.288567 64.48791 -999.0 -999.0 -999.0 -999.0 -999.0 103.11809280834571 3.435031764401229 103.13563435574275 3.4103622333877746 42.57924282679573 240.30740445429512 -999.0 6231.0 -999.0 -1 -999 {-999.0 -999.0 -999.0 -999.0 -999.0} "" -999.0 -999.0 -999.0 -999.0 -999 -999 "" "" "" "" 0 0 0.0 0.0 -999 ""
FIBERMAP 1304 R+7C15 APOGEE 0 0 0 1 0 0 106.65826045662001 142.32096919761975 143.1 165.37806018582725 65.32474084669228 6.663797 152.48698 -999.0 -999.0 -999.0 -999.0 -999.0 104.07758397098378 4.330181380638879 104.09691704860296 4.302699896974957 43.88925496379785 240.3074255836109 -999.0 16600.0 -999.0 2 -999 {-999.0 -999.0 -999.0 -999.0 -999.0} "" -999.0 -999.0 -999.0 -999.0 -999 -999 "" "" "" "" 0 0 0.0 0.0 -999 ""
FIBERMAP 1304 R+7C15 BOSS 1 1 0 1 0 0 107.33113929031603 142.0651074905748 143.1 165.8170317202767 64.75438528935351 6.663797 152.48698 104.07950397003542 4.327465518861375 -12.890878 1.5196129 1.8705581 104.07947832037827 4.327467179749444 104.09896019154468 4.300125726225583 43.88899502185858 240.30288464886746 5400.0 5400.0 2016.0 1 187 {-999.0 13.820687 13.477259 13.35961 -999.0} sdss_psfmag_from_g3xp 13.75632 13.483198 13.021328 12.183 63050395117980880 976402964 "" ops_std_boss ops_std standard_boss 0 0 0.0 0.0 -999 ""
FIBERMAP 1304 R+7C15 METROLOGY 0 0 0 1 0 0 106.76724090377174 141.5828735109704 143.1 165.0842285076206 64.63911833714032 6.663797 152.48698 -999.0 -999.0 -999.0 -999.0 -999.0 104.07619432639518 4.326982842992597 104.09563172894508 4.299609145772328 43.88621209102033 240.30549474576935 -999.0 6231.0 -999.0 -1 -999 {-999.0 -999.0 -999.0 -999.0 -999.0} "" -999.0 -999.0 -999.0 -999.0 -999 -999 "" "" "" "" 0 0 0.0 0.0 -999 ""
FIBERMAP 1306 R-11C6 APOGEE 0 0 0 1 0 0 -66.6069925246765 -213.18537384293154 143.1 -168.39264227474126 -146.650282782916 155.24074 137.64859 -999.0 -999.0 -999.0 -999.0 -999.0 102.56167848545904 3.3645487177159654 102.57907872087998 3.34125146975144 42.124817220123276 240.7499382956653 -999.0 16600.0 -999.0 2 177 {-999.0 -999.0 -999.0 -999.0 -999.0} "" -999.0 -999.0 -999.0 -999.0 -999 -999 "" "" "" "" 0 0 0.0 0.0 -999 ""
FIBERMAP 1306 R-11C6 BOSS 1 1 0 1 0 0 -66.91424594212675 -212.50971819946815 143.1 -168.30036051779985 -145.9139709363041 155.24074 137.64859 102.5618708142443 3.3677040774741283 4.1174903 -3.3360903 1.9093224 102.56187100171695 3.3676915045568667 102.57944482239583 3.3445460382581906 42.12732002119276 240.7528687299847 5400.0 5400.0 2016.0 1 358 {-999.0 20.42507 18.876522 17.65996 -999.0} sdss_psfmag_ps1 19.812874 18.318533 17.163061 14.924 63050395117509921 1096275138 bright_1x1 mwm_bin_vis_boss mwm_filler science 0 0 0.0 0.0 -999 ""
FIBERMAP 1306 R-11C6 METROLOGY 0 0 0 1 0 0 -66.17015863291866 -212.58436954550191 143.1 -167.705827304502 -146.36731535693983 155.24074 137.64859 -999.0 -999.0 -999.0 -999.0 -999.0 102.56462588518181 3.365689593172671 102.58214709609354 3.342493949386227 42.127910970036794 240.7483685667092 -999.0 6231.0 -999.0 -1 -999 {-999.0 -999.0 -999.0 -999.0 -999.0} "" -999.0 -999.0 -999.0 -999.0 -999 -999 "" "" "" "" 0 0 0.0 0.0 -999 ""
FIBERMAP 1308 R-4C5 APOGEE 1 1 0 1 0 0 -161.58959876506657 -60.800124520158306 143.1 -169.45265948530798 32.870041204541046 138.38626 79.8454 102.55260043061982 4.178754965408391 0.5086335 -0.9699629 0.38964444 102.55257020676548 4.178764118351828 102.57193601647367 4.155315127885547 42.66874093720036 241.5701636726492 16000.0 16600.0 2016.0 2 252 {-999.0 15.174099 14.023482 13.753289 -999.0} sdss_psfmag_ps1 14.654997 13.740493 12.796688 10.617 63050395118162396 1105459927 bright_flexible_2x1 mwm_tess_rgb_apogee mwm_tessrgb science 0 0 0.0 0.0 -999 ""
FIBERMAP 1308 R-4C5 BOSS 0 0 0 1 0 0 -160.99010056072208 -60.36739789040213 143.1 -168.71547411651542 32.92450130230522 138.38626 79.8454 -999.0 -999.0 -999.0 -999.0 -999.0 102.55568919793079 4.178888771993956 102.57521901685232 4.155580067670744 42.671346380675026 241.5674424395096 -999.0 5400.0 -999.0 1 459 {-999.0 -999.0 -999.0 -999.0 -999.0} "" -999.0 -999.0 -999.0 -999.0 -999 -999 "" "" "" "" 0 0 0.0 0.0 -999 ""
FIBERMAP 1308 R-4C5 METROLOGY 0 0 0 1 0 0 -160.8993387966266 -61.10528294250685 143.1 -169.02470982665616 32.24860162465721 138.38626 79.8454 -999.0 -999.0 -999.0 -999.0 -999.0 102.554352572302 4.175851961152289 102.57382878777224 4.15250534604606 42.668255027997766 241.56560762018484 -999.0 6231.0 -999.0 -1 -999 {-999.0 -999.0 -999.0 -999.0 -999.0} "" -999.0 -999.0 -999.0 -999.0 -999 -999 "" "" "" "" 0 0 0.0 0.0 -999 ""
FIBERMAP 1312 R-11C11 APOGEE 1 1 0 1 0 0 73.7487967756626 -209.735174319328 143.1 -47.06344128111127 -217.234563628214 48.20106 74.46679 103.11355590820312 3.0462057290499587 -999.0 -999.0 -999.0 103.11357087490809 3.046229253473157 103.13006313524807 3.0215481092935685 42.30954490220114 239.92779418442476 16000.0 16600.0 2015.5 2 156 {-999.0 -999.0 -999.0 -999.0 -999.0} "" -999.0 -999.0 -999.0 -999.0 27021603131813004 832721056 "" ops_sky_apogee_best ops_sky sky_apogee 0 0 0.0 0.0 -999 ""
FIBERMAP 1312 R-11C11 BOSS 0 0 0 1 0 0 74.15874207951549 -210.35849584073603 143.1 -47.04086026195961 -217.98010256291758 48.20106 74.46679 -999.0 -999.0 -999.0 -999.0 -999.0 103.11351794284526 3.0426900924318314 103.1301653026232 3.0181633922832396 42.30730125879669 239.9243645930053 -999.0 5400.0 -999.0 1 393 {-999.0 -999.0 -999.0 -999.0 -999.0} "" -999.0 -999.0 -999.0 -999.0 -999 -999 "" "" "" "" 0 0 0.0 0.0 -999 ""
FIBERMAP 1312 R-11C11 METROLOGY 0 0 0 1 0 0 73.41878504891798 -210.40702027602896 143.1 -47.69639924977274 -217.63381371766133 48.20106 74.46679 -999.0 -999.0 -999.0 -999.0 -999.0 103.11058328282029 3.044294056196136 103.12718889927379 3.0197312134902594 42.30620907672578 239.92866177408894 -999.0 6231.0 -999.0 -1 -999 {-999.0 -999.0 -999.0 -999.0 -999.0} "" -999.0 -999.0 -999.0 -999.0 -999 -999 "" "" "" "" 0 0 0.0 0.0 -999 ""
FIBERMAP 1314 R-13C8 APOGEE 1 1 0 1 0 0 2.0167872266322924 -268.1733716046796 143.1 -138.7593993846507 -229.42314618755225 277.8292 74.31196 102.6989185616098 2.992236073834981 -3.5522807 -1.6298356 0.9578053 102.69892616651029 2.992227835814966 102.71539602318705 2.968650749536214 41.971134059356544 240.25746343248755 16000.0 16600.0 2016.0 2 273 {-999.0 11.515573 10.690634 10.373203 -999.0} sdss_psfmag_from_g3xp 11.269085 10.719667 10.021251 8.647 63050395117488721 1110324752 bright_1x1 mwm_tess_rgb_apogee mwm_tessrgb science 0 0 0.0 0.0 -999 ""
FIBERMAP 1314 R-13C8 BOSS 0 0 0 1 0 0 1.2939011820293 -268.05793268277205 143.1 -139.3145126819416 -228.9461743738666 277.8292 74.31196 -999.0 -999.0 -999.0 -999.0 -999.0 102.69623222111707 2.994209283832112 102.71287359412702 2.970793613885729 41.97075437823453 240.26188223982675 -999.0 5400.0 -999.0 1 417 {-999.0 -999.0 -999.0 -999.0 -999.0} "" -999.0 -999.0 -999.0 -999.0 -999 -999 "" "" "" "" 0 0 0.0 0.0 -999 ""
FIBERMAP 1314 R-13C8 METROLOGY 0 0 0 1 0 0 1.7567494216559894 -267.480865826849 143.1 -138.61808394975665 -228.69721825664 277.8292 74.31196 -999.0 -999.0 -999.0 -999.0 -999.0 102.6994099691134 2.9953565107441458 102.71600619521081 2.9718883407666112 41.97378847348299 240.26008796844218 -999.0 6231.0 -999.0 -1 -999 {-999.0 -999.0 -999.0 -999.0 -999.0} "" -999.0 -999.0 -999.0 -999.0 -999 -999 "" "" "" "" 0 0 0.0 0.0 -999 ""
FIBERMAP 1316 R-8C11 APOGEE 0 0 0 1 0 0 7.013038072327511 -148.82310803407614 143.1 -71.9857188700767 -130.40597779633626 182.07524 89.49815 -999.0 -999.0 -999.0 -999.0 -999.0 102.9984244638592 3.437957410534026 103.01588740420692 3.4134935306823113 42.4938546055294 240.4210089624337 -999.0 16600.0 -999.0 2 -999 {-999.0 -999.0 -999.0 -999.0 -999.0} "" -999.0 -999.0 -999.0 -999.0 -999 -999 "" "" "" "" 0 0 0.0 0.0 -999 ""
FIBERMAP 1316 R-8C11 BOSS 1 1 0 1 0 0 6.975037386008676 -148.069966509049 143.1 -71.6235619703843 -129.7447240106394 182.07524 89.49815 102.99986454239522 3.4407517670474714 -6.93453 -1.4574975 1.3064481 102.99986801152245 3.440753838090991 103.01750073778396 3.416437128073005 42.497038021254575 240.42244698908496 5400.0 5400.0 2016.0 1 373 {-999.0 18.421041 16.940948 16.433945 -999.0} sdss_psfmag_ps1 17.786467 16.958952 15.94456 14.038 63050395117936416 1096557815 bright_1x1 mwm_bin_vis_boss mwm_filler science 0 0 0.0 0.0 -999 ""
FIBERMAP 1316 R-8C11 METROLOGY 0 0 0 1 0 0 7.639396156147043 -148.41772237652802 143.1 -71.23998258132004 -130.38887024380622 182.07524 89.49815 -999.0 -999.0 -999.0 -999.0 -999.0 103.00167854032392 3.4378891974059287 103.01925758849012 3.413525399612961 42.49634085786054 240.4179349299701 -999.0 6231.0 -999.0 -1 -999 {-999.0 -999.0 -999.0 -999.0 -999.0} "" -999.0 -999.0 -999.0 -999.0 -999 -999 "" "" "" "" 0 0 0.0 0.0 -999 ""
FIBERMAP 1317 R-12C9 APOGEE 0 0 0 1 0 0 32.81588317617158 -240.2717534341711 143.1 -97.91634937624458 -221.79658276307174 324.05322 119.05174 -999.0 -999.0 -999.0 -999.0 -999.0 102.88317465626902 3.0258660007447564 102.89967748285738 3.001795838337551 42.12821912814773 240.12085322839178 -999.0 16600.0 -999.0 2 -999 {-999.0 -999.0 -999.0 -999.0 -999.0} "" -999.0 -999.0 -999.0 -999.0 -999 -999 "" "" "" "" 0 0 0.0 0.0 -999 ""
FIBERMAP 1317 R-12C9 BOSS 1 1 0 1 0 0 32.718039248806704 -241.0249317581352 143.1 -98.39420588765542 -222.38670862185552 324.05322 119.05174 102.88060342833819 3.023070710667468 -0.554088 -0.05772621 -0.29709092 102.88085653069297 3.023045973808947 102.89751813247364 2.9991367067955625 42.124827661824376 240.12022231518327 5400.0 5400.0 2016.0 1 405 {-999.0 13.576636 13.28745 13.16274 -999.0} sdss_psfmag_from_g3xp 13.529543 13.278685 12.821477 12.161 63050395117488294 1093208207 bright_3x1 mwm_astar_core_boss mwm_ob science 0 0 0.951931357383728 0.0 -999 ""
FIBERMAP 1317 R-12C9 METROLOGY 0 0 0 1 0 0 32.13307955487072 -240.57248786061777 143.1 -98.65533334849219 -221.69500535670963 324.05322 119.05174 -999.0 -999.0 -999.0 -999.0 -999.0 102.87969984690996 3.026196713774058 102.89632256598082 3.002246097375075 42.126080649415705 240.12438323787984 -999.0 6231.0 -999.0 -1 -999 {-999.0 -999.0 -999.0 -999.0 -999.0} "" -999.0 -999.0 -999.0 -999.0 -999 -999 "" "" "" "" 0 0 0.0 0.0 -999 ""
FIBERMAP 1318 R-11C7 APOGEE 0 0 0 1 0 0 -46.50161244820873 -217.28874908093312 143.1 -153.42109577575317 -160.67633660823046 200.18303 113.55799 -999.0 -999.0 -999.0 -999.0 -999.0 102.62984075063567 3.30115234523326 102.64707069278143 3.277689226660753 42.13153213175518 240.62487857800704 -999.0 16600.0 -999.0 2 169 {-999.0 -999.0 -999.0 -999.0 -999.0} "" -999.0 -999.0 -999.0 -999.0 -999 -999 "" "" "" "" 0 0 0.0 0.0 -999 ""
FIBERMAP 1318 R-11C7 BOSS 1 1 0 1 0 0 -47.036774945378944 -216.773050944959 143.1 -153.60668338874365 -159.95685351752866 200.18303 113.55799 102.6287841796875 3.3042185643186457 -999.0 -999.0 -999.0 102.62878131370496 3.3042154376593036 102.64618471699629 3.2809076176141785 42.133068732659346 240.62887398566306 5400.0 5400.0 2015.5 1 359 {-999.0 -999.0 -999.0 -999.0 -999.0} "" -999.0 -999.0 -999.0 -999.0 27021603131814083 810611553 "" ops_sky_boss_good ops_sky sky_boss 0 0 0.0 0.0 -999 ""
FIBERMAP 1318 R-11C7 METROLOGY 0 0 0 1 0 0 -46.316685281268086 -216.56078570859387 143.1 -152.88229064997728 -160.15329955782474 200.18303 113.55799 -999.0 -999.0 -999.0 -999.0 -999.0 102.6321152461408 3.303373141633404 102.64946874907969 3.2800133034507213 42.13486782285713 240.6249861125915 -999.0 6231.0 -999.0 -1 -999 {-999.0 -999.0 -999.0 -999.0 -999.0} "" -999.0 -999.0 -999.0 -999.0 -999 -999 "" "" "" "" 0 0 0.0 0.0 -999 ""
FIBERMAP 1323 R+2C5 APOGEE 0 0 0 1 0 0 -184.75621859334245 53.47301256114097 143.1 -129.32099891489875 142.31622406382056 127.572586 96.82873 -999.0 -999.0 -999.0 -999.0 -999.0 102.73423925269732 4.676182371767544 102.75476073995384 4.652150470604245 43.1367649990483 241.9074121232033 -999.0 16600.0 -999.0 2 140 {-999.0 -999.0 -999.0 -999.0 -999.0} "" -999.0 -999.0 -999.0 -999.0 -999 -999 "" "" "" "" 0 0 0.0 0.0 -999 ""
FIBERMAP 1323 R+2C5 BOSS 1 1 0 1 0 0 -184.23878565808505 54.00659010007536 143.1 -128.60086877828377 142.4995532468933 127.572586 96.82873 102.73735259680862 4.676944592216547 0.49655053 -0.7983976 -0.026124792 102.73731137076173 4.676927422838698 102.75799644469544 4.653032718953832 43.13975451602292 241.90536013514324 5400.0 5400.0 2016.0 1 34 {-999.0 14.975901 14.440283 14.160381 -999.0} sdss_psfmag_from_g3xp 14.822047 14.491284 13.793791 12.835 63050395118176384 1068446367 bright_3x1 mwm_ob_core_boss mwm_ob science 0 0 0.0 0.0 -999 ""
FIBERMAP 1323 R+2C5 METROLOGY 0 0 0 1 0 0 -184.02205351866468 53.280902494888736 143.1 -128.79644332668906 141.7680536143994 127.572586 96.82873 -999.0 -999.0 -999.0 -999.0 -999.0 102.73647437622353 4.673647407464568 102.75710565227104 4.649714386712036 43.13687739116565 241.90278835796673 -999.0 6231.0 -999.0 -1 -999 {-999.0 -999.0 -999.0 -999.0 -999.0} "" -999.0 -999.0 -999.0 -999.0 -999 -999 "" "" "" "" 0 0 0.0 0.0 -999 ""
FIBERMAP 1324 R-4C11 APOGEE 0 0 0 1 0 0 -28.59865904553849 -88.60362044784127 143.1 -70.76666927302063 -60.470833486146304 236.52142 121.87508 -999.0 -999.0 -999.0 -999.0 -999.0 103.0026842539503 3.7556048092784127 103.02091066403733 3.731061163337374 42.71326200479606 240.7329979394492 -999.0 16600.0 -999.0 2 -999 {-999.0 -999.0 -999.0 -999.0 -999.0} "" -999.0 -999.0 -999.0 -999.0 -999 -999 "" "" "" "" 0 0 0.0 0.0 -999 ""
FIBERMAP 1324 R-4C11 BOSS 1 1 0 1 0 0 -29.36025210258353 -88.57570261236891 143.1 -71.40059008388766 -60.048115616972225 236.52142 121.87508 102.99957275390625 3.7573659068248304 -999.0 -999.0 -999.0 102.99958967369449 3.7573412141135556 103.01798390101317 3.7329551695167167 42.71239906589032 240.73758755198793 5400.0 5400.0 2015.5 1 357 {-999.0 -999.0 -999.0 -999.0 -999.0} "" -999.0 -999.0 -999.0 -999.0 27021603131838211 819466791 "" ops_sky_boss_good ops_sky sky_boss 0 0 0.0 0.0 -999 ""
FIBERMAP 1324 R-4C11 METROLOGY 0 0 0 1 0 0 -28.96510741651999 -87.9537146301132 143.1 -70.73828427634409 -59.72544125873459 236.52142 121.87508 -999.0 -999.0 -999.0 -999.0 -999.0 103.0026563806412 3.7588643263488946 103.02100731991459 3.7344274172104486 42.71561503304251 240.7362769008146 -999.0 6231.0 -999.0 -1 -999 {-999.0 -999.0 -999.0 -999.0 -999.0} "" -999.0 -999.0 -999.0 -999.0 -999 -999 "" "" "" "" 0 0 0.0 0.0 -999 ""
FIBERMAP 1326 R-3C23 APOGEE 0 0 0 1 0 0 224.75722927740406 -43.85365069562184 143.1 168.4233003904121 -155.07838965641457 159.42899 79.3376 -999.0 -999.0 -999.0 -999.0 -999.0 104.09130292229587 3.3305455775874018 104.10822810142975 3.3032386713769624 43.21263959817085 239.29231747536758 -999.0 16600.0 -999.0 2 -999 {-999.0 -999.0 -999.0 -999.0 -999.0} "" -999.0 -999.0 -999.0 -999.0 -999 -999 "" "" "" "" 0 0 0.0 0.0 -999 ""
FIBERMAP 1326 R-3C23 BOSS 1 1 0 1 0 0 225.11980374907367 -43.229400295470654 143.1 169.05905570592097 -154.7367275027764 159.42899 79.3376 104.09409299917962 3.33195420897839 1.4777725 -0.4047299 0.853575 104.09404771546818 3.331932785226892 104.1111330616855 3.304768173657124 43.21579457129778 239.29109306587455 5400.0 5400.0 2016.0 1 323 {-999.0 14.71346 14.315223 14.182196 -999.0} sdss_psfmag_from_g3xp 14.6433115 14.328457 13.852585 13.074 63050395117873653 979094329 "" ops_std_boss ops_std standard_boss 0 0 0.0 0.0 -999 ""
FIBERMAP 1326 R-3C23 METROLOGY 0 0 0 1 0 0 225.50314724700038 -43.870032488720085 143.1 169.04991577291642 -155.48307279558776 159.42899 79.3376 -999.0 -999.0 -999.0 -999.0 -999.0 104.09403127483432 3.328614935604683 104.11106402846713 3.301408649344172 43.213427820827796 239.28782012772666 -999.0 6231.0 -999.0 -1 -999 {-999.0 -999.0 -999.0 -999.0 -999.0} "" -999.0 -999.0 -999.0 -999.0 -999 -999 "" "" "" "" 0 0 0.0 0.0 -999 ""
FIBERMAP 1328 R-3C12 APOGEE 1 1 0 1 0 0 -18.006941331012797 -42.38705662356697 143.1 -37.53759981832483 -26.662729896505052 141.60709 83.09261 103.15381300074613 3.9098941670202683 -3.4974985 -2.653926 0.43534115 103.15378934140811 3.9098923593379946 103.17234819899306 3.884918579056837 42.92864501720282 240.7475816993068 16000.0 16600.0 2016.0 2 154 {-999.0 15.842677 14.201622 13.419294 -999.0} sdss_psfmag_from_g3xp 15.121798 14.011345 12.978573 10.539 63050395117949837 1104215060 bright_flexible_2x1 mwm_tess_rgb_apogee mwm_tessrgb science 0 0 0.0 0.0 -999 ""
FIBERMAP 1328 R-3C12 BOSS 0 0 0 1 0 0 -17.501337129295866 -41.85360054351662 143.1 -36.827606224857284 -26.473307917107267 141.60709 83.09261 -999.0 -999.0 -999.0 -999.0 -999.0 103.15684603468743 3.910599746665044 103.17556745728479 3.885766434682718 42.93158139545937 240.74546031085146 -999.0 5400.0 -999.0 1 356 {-999.0 -999.0 -999.0 -999.0 -999.0} "" -999.0 -999.0 -999.0 -999.0 -999 -999 "" "" "" "" 0 0 0.0 0.0 -999 ""
FIBERMAP 1328 R-3C12 METROLOGY 0 0 0 1 0 0 -17.28673880913874 -42.56786449680955 143.1 -37.019013823153706 -27.193961827788396 141.60709 83.09261 -999.0 -999.0 -999.0 -999.0 -999.0 103.15603092966734 3.9073597194160197 103.17469894983458 3.8824871263593135 42.9287217603694 240.74296905400556 -999.0 6231.0 -999.0 -1 -999 {-999.0 -999.0 -999.0 -999.0 -999.0} "" -999.0 -999.0 -999.0 -999.0 -999 -999 "" "" "" "" 0 0 0.0 0.0 -999 ""
FIBERMAP 1329 R+3C16 APOGEE 1 1 0 1 0 0 75.44632956347277 41.07926433395913 143.1 85.76583634181138 -4.53932001290187 288.60056 83.66056 103.71643066406251 4.012070794882803 -999.0 -999.0 -999.0 103.7164191364201 4.012083200799241 103.73507845089631 3.985612302153289 43.40903965866197 240.3260128300218 16000.0 16600.0 2015.5 2 63 {-999.0 -999.0 -999.0 -999.0 -999.0} "" -999.0 -999.0 -999.0 -999.0 27021603131839808 841578406 "" ops_sky_apogee_best ops_sky sky_apogee 0 0 0.0 0.0 -999 ""
FIBERMAP 1329 R+3C16 BOSS 0 0 0 1 0 0 74.70605391606402 40.948609413495085 143.1 85.06700375272906 -4.262803603046292 288.60056 83.66056 -999.0 -999.0 -999.0 -999.0 -999.0 103.71311679919921 4.013185761001743 103.73193800537337 3.986870156856888 43.407601635974004 240.33021716735243 -999.0 5400.0 -999.0 1 220 {-999.0 -999.0 -999.0 -999.0 -999.0} "" -999.0 -999.0 -999.0 -999.0 -999 -999 "" "" "" "" 0 0 0.0 0.0 -999 ""
FIBERMAP 1329 R+3C16 METROLOGY 0 0 0 1 0 0 74.95498870650418 41.65170546681085 143.1 85.6472892367836 -3.7944716672065457 288.60056 83.66056 -999.0 -999.0 -999.0 -999.0 -999.0 103.71579480258444 4.015366350783285 103.73457567471354 3.989001640397096 43.4109800632683 240.3298999663245 -999.0 6231.0 -999.0 -1 -999 {-999.0 -999.0 -999.0 -999.0 -999.0} "" -999.0 -999.0 -999.0 -999.0 -999 -999 "" "" "" "" 0 0 0.0 0.0 -999 ""
FIBERMAP 1330 R-3C11 APOGEE 0 0 0 1 0 0 -30.545861667622425 -40.55273906562317 143.1 -47.25442102783384 -18.532449444188778 115.91482 75.77164 -999.0 -999.0 -999.0 -999.0 -999.0 103.10933159369601 3.946805107823803 103.12799104017785 3.921940283881222 42.92116772822487 240.82571290018163 -999.0 16600.0 -999.0 2 208 {-999.0 -999.0 -999.0 -999.0 -999.0} "" -999.0 -999.0 -999.0 -999.0 -999 -999 "" "" "" "" 0 0 0.0 0.0 -999 ""
FIBERMAP 1330 R-3C11 BOSS 1 1 0 1 0 0 -29.827964457319695 -40.40299215749925 143.1 -46.564644177473916 -18.780985350904967 115.91482 75.77164 103.11232163994113 3.9454977241288813 -0.31820044 0.46319577 0.15895104 103.11229569559875 3.9455221242617773 103.13111311498886 3.9207983417989345 42.92268675884705 240.82168536182044 5400.0 5400.0 2016.0 1 347 {-999.0 15.268814 14.693626 14.397658 -999.0} sdss_psfmag_from_g3xp 15.112183 14.667244 14.039432 13.101 63050395117950115 1093208287 bright_3x1 mwm_astar_core_boss mwm_ob science 0 0 0.0 0.0 -999 ""
FIBERMAP 1330 R-3C11 METROLOGY 0 0 0 1 0 0 -30.044290329004337 -41.109924462928326 143.1 -47.119170629290736 -19.26966557660302 115.91482 75.77164 -999.0 -999.0 -999.0 -999.0 -999.0 103.10982136058124 3.943333319034663 103.12858829646655 3.918574416318146 42.91932729272903 240.82177950322782 -999.0 6231.0 -999.0 -1 -999 {-999.0 -999.0 -999.0 -999.0 -999.0} "" -999.0 -999.0 -999.0 -999.0 -999 -999 "" "" "" "" 0 0 0.0 0.0 -999 ""
FIBERMAP 1331 R-10C3 APOGEE 0 0 0 1 0 0 -124.61315909093054 -211.5046239781956 143.1 -216.90816086489042 -114.83374118375521 346.30386 55.379513 -999.0 -999.0 -999.0 -999.0 -999.0 102.34192255698579 3.5085824274596695 102.35972722066435 3.4858336560405494 42.061465791596184 241.09307616825805 -999.0 16600.0 -999.0 2 242 {-999.0 -999.0 -999.0 -999.0 -999.0} "" -999.0 -999.0 -999.0 -999.0 -999 -999 "" "" "" "" 0 0 0.0 0.0 -999 ""
FIBERMAP 1331 R-10C3 BOSS 1 1 0 1 0 0 -125.13084797774727 -212.02792987531683 143.1 -217.62312838308696 -115.00818933531909 346.30386 55.379513 102.33859730984511 3.507652030988303 -10.390838 -7.5045447 2.2327404 102.33853035907174 3.507635404688639 102.3565007157984 3.485048517713331 42.05856044105005 241.095225835592 5400.0 5400.0 2016.0 1 478 {-999.0 20.316822 18.860065 17.577831 -999.0} sdss_psfmag_ps1 19.683409 18.249537 17.074343 14.702 63050395117716390 1094529217 bright_1x1 mwm_bin_vis_boss mwm_filler science 0 0 0.0 0.0 -999 ""
FIBERMAP 1331 R-10C3 METROLOGY 0 0 0 1 0 0 -125.33061156067126 -211.31182625185193 143.1 -217.41812439032856 -114.29373968471951 346.30386 55.379513 -999.0 -999.0 -999.0 -999.0 -999.0 102.3394742363678 3.5109061135436512 102.357404863478 3.48827272463388 42.061403470045725 241.09760766751415 -999.0 6231.0 -999.0 -1 -999 {-999.0 -999.0 -999.0 -999.0 -999.0} "" -999.0 -999.0 -999.0 -999.0 -999 -999 "" "" "" "" 0 0 0.0 0.0 -999 ""
FIBERMAP 1333 R-5C14 APOGEE 1 1 0 1 0 0 56.93300529537444 -84.91376212080588 143.1 4.0018397111664985 -102.13259719131844 78.637215 123.50434 103.34426879882812 3.566970277803293 -999.0 -999.0 -999.0 103.3442668917127 3.566967237598351 103.36195063322208 3.5415665695899445 42.83395161037749 240.22841918135197 16000.0 16600.0 2015.5 2 195 {-999.0 -999.0 -999.0 -999.0 -999.0} "" -999.0 -999.0 -999.0 -999.0 27021603131837225 841578151 "" ops_sky_apogee_best ops_sky sky_apogee 0 0 0.0 0.0 -999 ""
FIBERMAP 1333 R-5C14 BOSS 0 0 0 1 0 0 57.63139089266549 -84.65116144451181 143.1 4.734117187337706 -102.27481019443921 78.637215 123.50434 -999.0 -999.0 -999.0 -999.0 -999.0 103.34744960466826 3.566130178338383 103.36529174993893 3.5408714446934924 42.83591609853534 240.22462424360504 -999.0 5400.0 -999.0 1 325 {-999.0 -999.0 -999.0 -999.0 -999.0} "" -999.0 -999.0 -999.0 -999.0 -999 -999 "" "" "" "" 0 0 0.0 0.0 -999 ""
FIBERMAP 1333 R-5C14 METROLOGY 0 0 0 1 0 0 57.50827001731071 -85.39633441396859 143.1 4.238929177635637 -102.84487820165121 78.637215 123.50434 -999.0 -999.0 -999.0 -999.0 -999.0 103.34524208456298 3.5635860603662377 103.36303299940005 3.5382911427311967 42.832507494937374 240.22414816014702 -999.0 6231.0 -999.0 -1 -999 {-999.0 -999.0 -999.0 -999.0 -999.0} "" -999.0 -999.0 -999.0 -999.0 -999 -999 "" "" "" "" 0 0 0.0 0.0 -999 ""
FIBERMAP 1334 R-4C16 APOGEE 0 0 0 1 0 0 78.66031311701741 -65.57079441726201 143.1 32.63642070139065 -97.04220936412607 155.6334 90.43055 -999.0 -999.0 -999.0 -999.0 -999.0 103.47481052830209 3.5904697195994086 103.4925171620252 3.5647214407897723 42.94500651579625 240.1301377267999 -999.0 16600.0 -999.0 2 -999 {-999.0 -999.0 -999.0 -999.0 -999.0} "" -999.0 -999.0 -999.0 -999.0 -999 -999 "" "" "" "" 0 0 0.0 0.0 -999 ""
FIBERMAP 1334 R-4C16 BOSS 1 1 0 1 0 0 78.96091457043326 -64.87847133411499 143.1 33.25506045019532 -96.61011576233753 155.6334 90.43055 103.4774907515743 3.592239286116056 -4.11369 1.1473556 0.5536104 103.47748434514398 3.592244955749314 103.49535502255463 3.5666389631264717 42.94838513010045 240.12940948234308 5400.0 5400.0 2016.0 1 283 {-999.0 17.764763 16.79491 16.304626 -999.0} sdss_psfmag_ps1 17.417652 16.71189 15.888255 14.269 63050395117931419 980260701 "" ops_std_boss_red ops_std standard_boss 0 0 0.0 0.0 -999 ""
FIBERMAP 1334 R-4C16 METROLOGY 0 0 0 1 0 0 79.40063740737519 -65.47815573409973 143.1 33.315380729143634 -97.35112450042692 155.6334 90.43055 -999.0 -999.0 -999.0 -999.0 -999.0 103.47780722964846 3.588929771084789 103.49562438105971 3.5632812367106133 42.94628876410271 240.12580742329536 -999.0 6231.0 -999.0 -1 -999 {-999.0 -999.0 -999.0 -999.0 -999.0} "" -999.0 -999.0 -999.0 -999.0 -999 -999 "" "" "" "" 0 0 0.0 0.0 -999 ""
FIBERMAP 1335 R-7C1 APOGEE 0 0 0 1 0 0 -220.91963978667314 -141.30058429101697 143.1 -262.1443911296024 -4.60246522674279 181.01538 145.97917 -999.0 -999.0 -999.0 -999.0 -999.0 102.13588012159342 4.007003518169187 102.15494162307743 3.9846908313989147 42.245710474593814 241.77646525164812 -999.0 16600.0 -999.0 2 260 {-999.0 -999.0 -999.0 -999.0 -999.0} "" -999.0 -999.0 -999.0 -999.0 -999 -999 "" "" "" "" 0 0 0.0 0.0 -999 ""
FIBERMAP 1335 R-7C1 BOSS 1 1 0 1 0 0 -221.5409554391908 -140.8859670481939 143.1 -262.45629267846357 -3.9239294830386586 181.01538 145.97917 102.13429742462189 4.0099472494660695 -0.13861756 0.54534924 0.18868883 102.13429653932491 4.009916996511965 102.15353276091145 3.987758287085117 42.24672058847656 241.78081419018642 5400.0 5400.0 2016.0 1 500 {-999.0 14.382273 14.080027 13.971078 -999.0} sdss_psfmag_from_g3xp 14.333851 14.064108 13.627006 12.937 63050395117742113 1093207669 bright_3x1 mwm_astar_core_boss mwm_ob science 0 0 0.0 0.0 -999 ""
FIBERMAP 1335 R-7C1 METROLOGY 0 0 0 1 0 0 -220.86883050669172 -140.55600558695124 143.1 -261.7110923392448 -3.9950244086736095 181.01538 145.97917 -999.0 -999.0 -999.0 -999.0 -999.0 102.13767709443127 4.009650985887916 102.15686435873909 3.987440769373066 42.24897645136151 241.7774892656644 -999.0 6231.0 -999.0 -1 -999 {-999.0 -999.0 -999.0 -999.0 -999.0} "" -999.0 -999.0 -999.0 -999.0 -999 -999 "" "" "" "" 0 0 0.0 0.0 -999 ""
FIBERMAP 1336 R-9C8 APOGEE 1 1 0 1 0 0 -37.858758854189446 -163.7960649353764 143.1 -118.04016986869543 -119.6512830924873 99.60733 127.67973 102.7888545345737 3.4865022562129897 -2.2424018 3.0084703 0.4484045 102.78881600536178 3.4865241120155237 102.806450317942 3.4626014822220506 42.373890473535916 240.66234421167962 16000.0 16600.0 2016.0 2 173 {-999.0 15.021209 13.727916 13.112405 -999.0} sdss_psfmag_from_g3xp 14.513309 13.629094 12.699917 10.594 63050395117939462 1110516939 bright_flexible_2x1 mwm_tess_rgb_apogee mwm_tessrgb science 0 0 0.0 0.0 -999 ""
FIBERMAP 1336 R-9C8 BOSS 0 0 0 1 0 0 -37.36673705519873 -163.24586384445934 143.1 -117.33297104383206 -119.44048682249611 99.60733 127.67973 -999.0 -999.0 -999.0 -999.0 -999.0 102.79181730827811 3.4872878598447112 102.8096172005117 3.4635089476020866 42.376827832310674 240.6603419271632 -999.0 5400.0 -999.0 1 383 {-999.0 -999.0 -999.0 -999.0 -999.0} "" -999.0 -999.0 -999.0 -999.0 -999 -999 "" "" "" "" 0 0 0.0 0.0 -999 ""
FIBERMAP 1336 R-9C8 METROLOGY 0 0 0 1 0 0 -37.126117663087406 -163.95280693845697 143.1 -117.49838516921002 -120.16853713139407 99.60733 127.67973 -999.0 -999.0 -999.0 -999.0 -999.0 102.7911396880294 3.4840394766831824 102.80888532318426 3.4602200542152013 42.37405896111401 240.65774381660748 -999.0 6231.0 -999.0 -1 -999 {-999.0 -999.0 -999.0 -999.0 -999.0} "" -999.0 -999.0 -999.0 -999.0 -999 -999 "" "" "" "" 0 0 0.0 0.0 -999 ""
FIBERMAP 1338 R-8C12 APOGEE 0 0 0 1 0 0 51.94805170624525 -150.3434404218113 143.1 -34.51708778574921 -155.23887287294278 349.83566 153.29582 -999.0 -999.0 -999.0 -999.0 -999.0 103.16943400034899 3.3257564683219867 103.18658299238058 3.3008672455622605 42.541731848535285 240.1516052194442 -999.0 16600.0 -999.0 2 -999 {-999.0 -999.0 -999.0 -999.0 -999.0} "" -999.0 -999.0 -999.0 -999.0 -999 -999 "" "" "" "" 0 0 0.0 0.0 -999 ""
FIBERMAP 1338 R-8C12 BOSS 1 1 0 1 0 0 52.533968083659104 -150.77404785345507 143.1 -34.243707087551336 -155.91248213540698 349.83566 153.29582 103.17050427964868 3.32249694291307 0.2753977 -0.3564689 0.35893267 103.17051494684847 3.3225030614055537 103.18781854466579 3.297763549567168 42.54051350766256 240.1473846544352 5400.0 5400.0 2016.0 1 382 {-999.0 17.584213 16.870777 16.525831 16.247278} sdss_psfmag_from_ps1dr2 17.3874 16.8547 16.1509 14.879 63050395117922078 1039366772 "" ops_std_boss_ps1dr2 ops_std standard_boss 0 0 0.0 0.0 -999 ""
FIBERMAP 1338 R-8C12 METROLOGY 0 0 0 1 0 0 51.867991779366285 -151.08523041137704 143.1 -34.97383455602352 -155.82861660420758 349.83566 153.29582 -999.0 -999.0 -999.0 -999.0 -999.0 103.16723817735102 3.3229304960028694 103.18449755219757 3.298156477331601 42.538359776984606 240.15084705962002 -999.0 6231.0 -999.0 -1 -999 {-999.0 -999.0 -999.0 -999.0 -999.0} "" -999.0 -999.0 -999.0 -999.0 -999 -999 "" "" "" "" 0 0 0.0 0.0 -999 ""
FIBERMAP 1339 R-4C7 APOGEE 1 1 0 1 0 0 -118.09868440319596 -57.97317498487047 143.1 -130.93654121616876 12.495593578762724 164.84477 45.177532 102.72766113281249 4.08686139789701 -999.0 -999.0 -999.0 102.72760040842762 4.086872732394175 102.74669796668394 4.062982209403511 42.73576426676579 241.31771510906657 16000.0 16600.0 2015.5 2 259 {-999.0 -999.0 -999.0 -999.0 -999.0} "" -999.0 -999.0 -999.0 -999.0 27021603131849494 832725258 "" ops_sky_apogee_best ops_sky sky_apogee 0 0 0.0 0.0 -999 ""
FIBERMAP 1339 R-4C7 BOSS 0 0 0 1 0 0 -117.46443915812381 -57.59349147084862 143.1 -130.19755201970494 12.486682601195891 164.84477 45.177532 -999.0 -999.0 -999.0 -999.0 -999.0 102.73074083331841 4.086700567370891 102.75000086696383 4.06295045185191 42.73817940767835 241.31466383406433 -999.0 5400.0 -999.0 1 460 {-999.0 -999.0 -999.0 -999.0 -999.0} "" -999.0 -999.0 -999.0 -999.0 -999 -999 "" "" "" "" 0 0 0.0 0.0 -999 ""
FIBERMAP 1339 R-4C7 METROLOGY 0 0 0 1 0 0 -117.43877472131939 -58.34387008281735 143.1 -130.5687667288271 11.834243689399429 164.84477 45.177532 -999.0 -999.0 -999.0 -999.0 -999.0 102.72911848858644 4.083767589115313 102.74832548114398 4.059980260071746 42.734944217368245 241.31320478675843 -999.0 6231.0 -999.0 -1 -999 {-999.0 -999.0 -999.0 -999.0 -999.0} "" -999.0 -999.0 -999.0 -999.0 -999 -999 "" "" "" "" 0 0 0.0 0.0 -999 ""
FIBERMAP 1340 R+9C17 APOGEE 0 0 0 1 0 0 182.79018012315228 178.30317519268516 143.1 249.05773634122468 56.08581966691442 31.821674 98.85655 -999.0 -999.0 -999.0 -999.0 -999.0 104.45482025250027 4.287854323735148 104.47395438012052 4.259397580191308 44.13457263023771 239.90669824007804 -999.0 16600.0 -999.0 2 -999 {-999.0 -999.0 -999.0 -999.0 -999.0} "" -999.0 -999.0 -999.0 -999.0 -999 -999 "" "" "" "" 0 0 0.0 0.0 -999 ""
FIBERMAP 1340 R+9C17 BOSS 1 1 0 1 0 0 183.28470885805442 177.75322895795594 143.1 249.19078159320998 55.3584572579003 31.821674 98.85655 104.45532409046444 4.284462138344373 -12.8669615 -25.412548 1.48401 104.45529258812994 4.2844227443023595 104.47457220117678 4.256109342281629 44.132773152621404 239.9027687236004 5400.0 5400.0 2016.0 1 240 {-999.0 13.933292 13.543385 13.421171 -999.0} sdss_psfmag_gaia 13.872267 13.566527 13.094442 12.281 63050395117969437 978618899 "" ops_std_boss ops_std standard_boss 0 0 0.0 0.0 -999 ""
FIBERMAP 1340 R+9C17 METROLOGY 0 0 0 1 0 0 182.55234314962212 177.59600084746765 143.1 248.48476502964297 55.60820145450366 31.821674 98.85655 -999.0 -999.0 -999.0 -999.0 -999.0 104.45216614338959 4.285598262339966 104.47140579297337 4.257251994275646 44.13125101510899 239.906939146328 -999.0 6231.0 -999.0 -1 -999 {-999.0 -999.0 -999.0 -999.0 -999.0} "" -999.0 -999.0 -999.0 -999.0 -999 -999 "" "" "" "" 0 0 0.0 0.0 -999 ""
FIBERMAP 1341 R-6C4 APOGEE 0 0 0 1 0 0 -151.73619765177645 -110.60280506761468 143.1 -187.1499185805867 -14.701602459109182 345.41827 164.52603 -999.0 -999.0 -999.0 -999.0 -999.0 102.47316444610412 3.962378689903644 102.49202859236357 3.9391852391237947 42.46451528756094 241.4254623002407 -999.0 16600.0 -999.0 2 -999 {-999.0 -999.0 -999.0 -999.0 -999.0} "" -999.0 -999.0 -999.0 -999.0 -999 -999 "" "" "" "" 0 0 0.0 0.0 -999 ""
FIBERMAP 1341 R-6C4 BOSS 1 1 0 1 0 0 -151.085458882385 -110.95582190408167 143.1 -186.7806933339525 -15.343094199352718 345.41827 164.52603 102.47462176463797 3.959312627008338 0.0069365576 0.33744943 0.08617466 102.47462638001322 3.9593161450277568 102.49364815837578 3.936269410967938 42.46375065016787 241.42106391513613 5400.0 5400.0 2016.0 1 453 {-999.0 16.327873 15.685901 15.342769 -999.0} sdss_psfmag_ps1 16.12578 15.637591 14.96073 13.749 63050395118149582 1093344459 bright_3x1 mwm_astar_core_boss mwm_ob science 0 0 0.0 0.0 -999 ""
FIBERMAP 1341 R-6C4 METROLOGY 0 0 0 1 0 0 -151.72650080578714 -111.34883988696943 143.1 -187.53245530782752 -15.341978077815922 345.41827 164.52603 -999.0 -999.0 -999.0 -999.0 -999.0 102.47128610582573 3.9593542733229072 102.49026199733237 3.936273861315005 42.46125317092551 241.42414745960002 -999.0 6231.0 -999.0 -1 -999 {-999.0 -999.0 -999.0 -999.0 -999.0} "" -999.0 -999.0 -999.0 -999.0 -999 -999 "" "" "" "" 0 0 0.0 0.0 -999 ""
FIBERMAP 1342 R+2C4 APOGEE 0 0 0 1 0 0 -211.30531797843975 51.75202335533399 143.1 -152.83074993893368 154.75786385948774 148.26674 92.485115 -999.0 -999.0 -999.0 -999.0 -999.0 102.62770491950677 4.7315459047981205 102.64838898507764 4.707782868895012 43.09492138473951 242.0610850375661 -999.0 16600.0 -999.0 2 -999 {-999.0 -999.0 -999.0 -999.0 -999.0} "" -999.0 -999.0 -999.0 -999.0 -999 -999 "" "" "" "" 0 0 0.0 0.0 -999 ""
FIBERMAP 1342 R+2C4 BOSS 1 1 0 1 0 0 -210.96137243010156 52.397920775024275 143.1 -152.19951901429923 155.12771818682822 148.26674 92.485115 102.63041890843785 4.733195689486784 1.8668125 -18.858164 2.8275893 102.63037325860073 4.733123644702467 102.65122353307629 4.709498627353196 43.098170869291174 242.06025743854093 5400.0 5400.0 2016.0 1 35 {-999.0 16.550163 15.650214 14.623138 -999.0} sdss_psfmag_ps1 16.00399 15.160675 14.16809 12.362 63050395118177366 1095457045 bright_1x1 mwm_bin_vis_boss mwm_filler science 0 0 0.0 0.0 -999 ""
FIBERMAP 1342 R+2C4 METROLOGY 0 0 0 1 0 0 -210.55957405034698 51.775001045047254 143.1 -152.18366514983546 154.38678899313354 148.26674 92.485115 -999.0 -999.0 -999.0 -999.0 -999.0 102.63049165572644 4.72981608789192 102.65128766269953 4.706150262058855 43.095986324672495 242.05678113709303 -999.0 6231.0 -999.0 -1 -999 {-999.0 -999.0 -999.0 -999.0 -999.0} "" -999.0 -999.0 -999.0 -999.0 -999 -999 "" "" "" "" 0 0 0.0 0.0 -999 ""
FIBERMAP 1345 R-1C16 APOGEE 1 1 0 1 0 0 53.329458061480565 -39.23934930039063 143.1 24.858743418620204 -61.3502870874806 311.23065 58.191135 103.43902587890625 3.7526931327368516 -999.0 -999.0 -999.0 103.43903114105366 3.7526927283733826 103.45713732173874 3.7270036309594015 43.02985645833749 240.32530835725674 16000.0 16600.0 2015.5 2 231 {-999.0 -999.0 -999.0 -999.0 -999.0} "" -999.0 -999.0 -999.0 -999.0 27021603131838312 841578227 "" ops_sky_apogee_best ops_sky sky_apogee 0 0 0.0 0.0 -999 ""
FIBERMAP 1345 R-1C16 BOSS 0 0 0 1 0 0 52.589232766162425 -39.36184481645628 143.1 24.164227835113792 -61.066848801267824 311.23065 58.191135 -999.0 -999.0 -999.0 -999.0 -999.0 103.43571197326034 3.753791797382765 103.4539820495362 3.7282600620128528 43.02840695796237 240.32950053595647 -999.0 5400.0 -999.0 1 281 {-999.0 -999.0 -999.0 -999.0 -999.0} "" -999.0 -999.0 -999.0 -999.0 -999 -999 "" "" "" "" 0 0 0.0 0.0 -999 ""
FIBERMAP 1345 R-1C16 METROLOGY 0 0 0 1 0 0 52.847766186703176 -38.659692145165735 143.1 24.752192993399643 -60.60434825010095 311.23065 58.191135 -999.0 -999.0 -999.0 -999.0 -999.0 103.43843430043819 3.7559529195292516 103.4566634087816 3.7303713760275996 43.031804077838714 240.3291221805468 -999.0 6231.0 -999.0 -1 -999 {-999.0 -999.0 -999.0 -999.0 -999.0} "" -999.0 -999.0 -999.0 -999.0 -999 -999 "" "" "" "" 0 0 0.0 0.0 -999 ""
FIBERMAP 1346 R+3C6 APOGEE 0 0 0 1 0 0 -159.76936324075464 58.998219710160114 143.1 -105.14884081309842 133.93246575099144 185.46948 107.65416 -999.0 -999.0 -999.0 -999.0 -999.0 102.84407967878558 4.638973475089042 102.8644818403074 4.6146603991540465 43.19304544298367 241.76895894305864 -999.0 16600.0 -999.0 2 -999 {-999.0 -999.0 -999.0 -999.0 -999.0} "" -999.0 -999.0 -999.0 -999.0 -999 -999 "" "" "" "" 0 0 0.0 0.0 -999 ""
FIBERMAP 1346 R+3C6 BOSS 1 1 0 1 0 0 -160.05864444019196 59.66917262954176 143.1 -105.04371798886835 134.65535857090978 185.46948 107.65416 102.84439086914062 4.642174602428241 -999.0 -999.0 -999.0 102.84436034464078 4.642147744308613 102.86493218485128 4.61797865577801 43.195598944504674 241.77193011374698 5400.0 5400.0 2015.5 1 39 {-999.0 -999.0 -999.0 -999.0 -999.0} "" -999.0 -999.0 -999.0 -999.0 27021603131853103 819467967 "" ops_sky_boss_good ops_sky sky_boss 0 0 0.0 0.0 -999 ""
FIBERMAP 1346 R+3C6 METROLOGY 0 0 0 1 0 0 -159.33155815228196 59.602362644422556 143.1 -104.45955469999842 134.21759718561344 185.46948 107.65416 -999.0 -999.0 -999.0 -999.0 -999.0 102.84707056901149 4.640214784659401 102.867591072334 4.615997773898819 43.19624362682567 241.76747846674658 -999.0 6231.0 -999.0 -1 -999 {-999.0 -999.0 -999.0 -999.0 -999.0} "" -999.0 -999.0 -999.0 -999.0 -999 -999 "" "" "" "" 0 0 0.0 0.0 -999 ""
FIBERMAP 1349 R-5C10 APOGEE 1 1 0 1 0 0 -15.991105783730486 -104.72084143895223 143.1 -68.47319288751653 -80.7998672271046 22.237015 63.73014 103.01345096692025 3.663158111764873 -1.5881056 -1.0398568 0.59055656 103.01347807805675 3.663172357631549 103.03147905123689 3.6386201851025985 42.658298875745004 240.6308723522306 16000.0 16600.0 2016.0 2 289 {-999.0 13.321181 12.762422 12.501042 -999.0} sdss_psfmag_from_g3xp 13.192267 12.756589 12.144369 11.155 63050395117942129 1110446692 bright_flexible_3x1 mwm_tess_rgb_apogee mwm_tessrgb science 0 0 0.0 0.0 -999 ""
FIBERMAP 1349 R-5C10 BOSS 0 0 0 1 0 0 -16.052207068666707 -105.47589560400095 143.1 -68.92074331893244 -81.41083732273471 22.237015 63.73014 -999.0 -999.0 -999.0 -999.0 -999.0 103.01125387002868 3.660201333559237 103.0294112152364 3.6358059920379127 42.654873163435845 240.62996741191688 -999.0 5400.0 -999.0 1 398 {-999.0 -999.0 -999.0 -999.0 -999.0} "" -999.0 -999.0 -999.0 -999.0 -999 -999 "" "" "" "" 0 0 0.0 0.0 -999 ""
FIBERMAP 1349 R-5C10 METROLOGY 0 0 0 1 0 0 -16.662139660447984 -105.05462582705874 143.1 -69.21946668086456 -80.7325992930124 22.237015 63.73014 -999.0 -999.0 -999.0 -999.0 -999.0 103.0099329428057 3.6633321422151597 103.02805199389138 3.6388969854126922 42.655975349729566 240.6343056583651 -999.0 6231.0 -999.0 -1 -999 {-999.0 -999.0 -999.0 -999.0 -999.0} "" -999.0 -999.0 -999.0 -999.0 -999 -999 "" "" "" "" 0 0 0.0 0.0 -999 ""
FIBERMAP 1351 R-3C8 APOGEE 0 0 0 1 0 0 -83.05535595644915 -48.41292850312522 143.1 -96.0869880497899 2.2800621155667202 85.29128 47.653934 -999.0 -999.0 -999.0 -999.0 -999.0 102.88634387297735 4.04092867029269 102.90528875300953 4.016630118905907 42.82141470967308 241.12581699504145 -999.0 16600.0 -999.0 2 -999 {-999.0 -999.0 -999.0 -999.0 -999.0} "" -999.0 -999.0 -999.0 -999.0 -999 -999 "" "" "" "" 0 0 0.0 0.0 -999 ""
FIBERMAP 1351 R-3C8 BOSS 1 1 0 1 0 0 -82.53491610193205 -48.953268087044975 143.1 -95.92684559384205 1.547307401461702 85.29128 47.653934 102.88694390792392 4.037411289245773 -20.544266 8.964753 1.92543 102.88687309351222 4.037446827870663 102.90597236297998 4.0132961822883875 42.819668849747096 241.12183466750287 5400.0 5400.0 2016.0 1 469 {-999.0 16.200603 15.119019 14.805734 -999.0} sdss_psfmag_ps1 15.854797 15.217459 14.424123 12.862 63050395118153216 1096380295 bright_1x1 mwm_bin_vis_boss mwm_filler science 0 0 0.0 0.0 -999 ""
FIBERMAP 1351 R-3C8 METROLOGY 0 0 0 1 0 0 -83.26399780283896 -49.129259823428086 143.1 -96.63989453567082 1.7793529199322449 85.29128 47.653934 -999.0 -999.0 -999.0 -999.0 -999.0 102.88367613012313 4.038535004041892 102.90273270330931 4.0143504387094895 42.81799463709989 241.12586796821506 -999.0 6231.0 -999.0 -1 -999 {-999.0 -999.0 -999.0 -999.0 -999.0} "" -999.0 -999.0 -999.0 -999.0 -999 -999 "" "" "" "" 0 0 0.0 0.0 -999 ""
FIBERMAP 1353 R-12C3 APOGEE 0 0 0 1 0 0 -112.94635239039823 -213.04380971230935 143.1 -207.77940150428543 -122.25586023141977 144.58156 54.39359 -999.0 -999.0 -999.0 -999.0 -999.0 102.38324370200358 3.47499656775606 102.40095660262102 3.452146035885934 42.06904346860306 241.02216797914127 -999.0 16600.0 -999.0 2 -999 {-999.0 -999.0 -999.0 -999.0 -999.0} "" -999.0 -999.0 -999.0 -999.0 -999 -999 "" "" "" "" 0 0 0.0 0.0 -999 ""
FIBERMAP 1353 R-12C3 BOSS 1 1 0 1 0 0 -112.22751714817261 -212.79862411219872 143.1 -207.03883236488056 -122.42361538474496 144.58156 54.39359 102.38643382492931 3.4740262336865664 -6.569497 8.33076 1.8424654 102.38638888336489 3.4740650617829143 102.40426558338874 3.4513592236257526 42.07094568267551 241.01837917815615 5400.0 5400.0 2016.0 1 350 {-999.0 15.759798 14.973377 14.700718 -999.0} sdss_psfmag_from_g3xp 15.532789 15.020028 14.352307 12.973 63050395117715428 1095833133 bright_1x1 mwm_bin_vis_boss mwm_filler science 0 0 0.0 0.0 -999 ""
FIBERMAP 1353 R-12C3 METROLOGY 0 0 0 1 0 0 -112.38103726231279 -213.53071913557974 143.1 -207.5530566621225 -122.96662270450648 144.58156 54.39359 -999.0 -999.0 -999.0 -999.0 -999.0 102.38415223057723 3.471664680632201 102.40197646408762 3.44892198658184 42.06761431769817 241.01804046500126 -999.0 6231.0 -999.0 -1 -999 {-999.0 -999.0 -999.0 -999.0 -999.0} "" -999.0 -999.0 -999.0 -999.0 -999 -999 "" "" "" "" 0 0 0.0 0.0 -999 ""
FIBERMAP 1354 R+3C8 APOGEE 0 0 0 1 0 0 -110.33642809329227 64.75970861165531 143.1 -60.03551862667506 112.94436608011834 131.61496 130.40457 -999.0 -999.0 -999.0 -999.0 -999.0 103.04966682756552 4.544877754037625 103.06978676821291 4.520043940882933 43.28153609919683 241.4843070293099 -999.0 16600.0 -999.0 2 -999 {-999.0 -999.0 -999.0 -999.0 -999.0} "" -999.0 -999.0 -999.0 -999.0 -999 -999 "" "" "" "" 0 0 0.0 0.0 -999 ""
FIBERMAP 1354 R+3C8 BOSS 1 1 0 1 0 0 -110.21584402074163 65.51727969818886 143.1 -59.53599638048452 113.52632072248787 131.61496 130.40457 103.0517578125 4.54744962339241 -999.0 -999.0 -999.0 103.05175432589354 4.547431584884597 103.07204097637538 4.522737195518143 43.28500967252306 241.48497687881633 5400.0 5400.0 2015.5 1 52 {-999.0 -999.0 -999.0 -999.0 -999.0} "" -999.0 -999.0 -999.0 -999.0 27021603131852789 819467955 "" ops_sky_boss_good ops_sky sky_boss 0 0 0.0 0.0 -999 ""
FIBERMAP 1354 R+3C8 METROLOGY 0 0 0 1 0 0 -109.64558788582872 65.04149184086441 143.1 -59.299618164658476 112.82244073113016 131.61496 130.40457 -999.0 -999.0 -999.0 -999.0 -999.0 103.05288761617182 4.544273730840732 103.07312067599264 4.519535816081869 43.28365826927626 241.48072482428756 -999.0 6231.0 -999.0 -1 -999 {-999.0 -999.0 -999.0 -999.0 -999.0} "" -999.0 -999.0 -999.0 -999.0 -999 -999 "" "" "" "" 0 0 0.0 0.0 -999 ""
FIBERMAP 1355 R0C10 APOGEE 0 0 0 1 0 0 -98.28375379730466 -13.230703291925511 143.1 -90.62549019373049 40.2170332467011 255.58481 98.65109 -999.0 -999.0 -999.0 -999.0 -999.0 102.91078607672132 4.213700374912606 102.93014175273368 4.189300945395752 42.95610047669532 241.27712249561233 -999.0 16600.0 -999.0 2 -999 {-999.0 -999.0 -999.0 -999.0 -999.0} "" -999.0 -999.0 -999.0 -999.0 -999 -999 "" "" "" "" 0 0 0.0 0.0 -999 ""
FIBERMAP 1355 R0C10 BOSS 1 1 0 1 0 0 -99.02689497058086 -13.166599038070284 143.1 -91.22474257823954 40.66090053414885 255.58481 98.65109 102.90786191265228 4.215565376629063 -3.3385904 3.0147364 0.93482196 102.9078435741203 4.215581527105098 102.92736705277468 4.191336982987046 42.95542510564002 241.2817251037847 5400.0 5400.0 2016.0 1 491 {-999.0 17.352112 16.358932 16.069057 -999.0} sdss_psfmag_ps1 17.044897 16.433395 15.675524 14.192 63050395118156399 982131429 "" ops_std_boss_tic ops_std standard_boss 0 0 0.0 0.0 -999 ""
FIBERMAP 1355 R0C10 METROLOGY 0 0 0 1 0 0 -98.58996834477745 -12.55033968955702 143.1 -90.52985761040306 40.95681003041916 255.58481 98.65109 -999.0 -999.0 -999.0 -999.0 -999.0 102.91106209552291 4.216978646993047 102.93054204204554 4.192683520865845 42.95867302454633 241.28017267431326 -999.0 6231.0 -999.0 -1 -999 {-999.0 -999.0 -999.0 -999.0 -999.0} "" -999.0 -999.0 -999.0 -999.0 -999 -999 "" "" "" "" 0 0 0.0 0.0 -999 ""
FIBERMAP 1356 R+8C9 APOGEE 0 0 0 1 0 0 -9.225633976123216 168.4861431301029 143.1 80.40160838795117 148.30932430239992 87.942924 66.7951 -999.0 -999.0 -999.0 -999.0 -999.0 103.68984734934438 4.706614204528737 103.7101905714481 4.680068797571415 43.86142503751339 241.054837166294 -999.0 16600.0 -999.0 2 -999 {-999.0 -999.0 -999.0 -999.0 -999.0} "" -999.0 -999.0 -999.0 -999.0 -999 -999 "" "" "" "" 0 0 0.0 0.0 -999 ""
FIBERMAP 1356 R+8C9 BOSS 1 1 0 1 0 0 -8.525718867308777 168.15250357048734 143.1 80.82286078528688 147.6585735847248 87.942924 66.7951 103.6916583343319 4.7035382427975705 0.08810948 -0.3624615 0.12214344 103.69164845708706 4.703575773383383 103.71214114704543 4.67716950515071 43.86090477668113 241.05004984144728 5400.0 5400.0 2016.0 1 123 {-999.0 15.662728 15.188217 14.997259 -999.0} sdss_psfmag_ps1 15.529109 15.149571 14.574989 13.633 63050395118187802 1068388822 bright_3x1 mwm_ob_core_boss mwm_ob science 0 0 0.0 0.0 -999 ""
FIBERMAP 1356 R+8C9 METROLOGY 0 0 0 1 0 0 -9.156694073547524 167.74323716677736 143.1 80.07115987793453 147.64057990956366 87.942924 66.7951 -999.0 -999.0 -999.0 -999.0 -999.0 103.68826498560276 4.7035263642256036 103.7087138795307 4.677088374009554 43.85832820701554 241.05316213746147 -999.0 6231.0 -999.0 -1 -999 {-999.0 -999.0 -999.0 -999.0 -999.0} "" -999.0 -999.0 -999.0 -999.0 -999 -999 "" "" "" "" 0 0 0.0 0.0 -999 ""
FIBERMAP 1357 R+3C5 APOGEE 0 0 0 1 0 0 -178.25454295063773 71.82805455930993 143.1 -114.16951639261242 154.54094846660823 151.94606 86.769844 -999.0 -999.0 -999.0 -999.0 -999.0 102.8030815993247 4.731918148353448 102.82371988548545 4.707693594818675 43.22501422172407 241.90115452033768 -999.0 16600.0 -999.0 2 148 {-999.0 -999.0 -999.0 -999.0 -999.0} "" -999.0 -999.0 -999.0 -999.0 -999 -999 "" "" "" "" 0 0 0.0 0.0 -999 ""
FIBERMAP 1357 R+3C5 BOSS 1 1 0 1 0 0 -177.87260005727242 72.47030705792028 143.1 -113.50783762315884 154.88779482405397 151.94606 86.769844 102.80593872070311 4.733403265908748 -999.0 -999.0 -999.0 102.80589580141657 4.733402542099927 102.82669905255221 4.709315261018745 43.22830713206091 241.90008953817386 5400.0 5400.0 2015.5 1 40 {-999.0 -999.0 -999.0 -999.0 -999.0} "" -999.0 -999.0 -999.0 -999.0 27021603131853136 819467968 "" ops_sky_boss_good ops_sky sky_boss 0 0 0.0 0.0 -999 ""
FIBERMAP 1357 R+3C5 METROLOGY 0 0 0 1 0 0 -177.50931221266939 71.82110036711131 143.1 -113.53854778670225 154.14465352111927 151.94606 86.769844 -999.0 -999.0 -999.0 -999.0 -999.0 102.80580641115328 4.730077063426877 102.8265556875549 4.70594963332422 43.22595293745771 241.8967827289527 -999.0 6231.0 -999.0 -1 -999 {-999.0 -999.0 -999.0 -999.0 -999.0} "" -999.0 -999.0 -999.0 -999.0 -999 -999 "" "" "" "" 0 0 0.0 0.0 -999 ""
FIBERMAP 1358 R-3C14 APOGEE 0 0 0 1 0 0 39.53477497517508 -44.96216082480851 143.1 10.113921631172971 -58.99757891495934 77.906715 104.257164 -999.0 -999.0 -999.0 -999.0 -999.0 103.37170979947514 3.763218471178356 103.38985871997062 3.737703756843318 42.98797002687998 240.39853486523432 -999.0 16600.0 -999.0 2 215 {-999.0 -999.0 -999.0 -999.0 -999.0} "" -999.0 -999.0 -999.0 -999.0 -999 -999 "" "" "" "" 0 0 0.0 0.0 -999 ""
FIBERMAP 1358 R-3C14 BOSS 1 1 0 1 0 0 40.28000705885578 -44.919760007319255 143.1 10.770744937679089 -59.35184563305528 77.906715 104.257164 103.37454393238158 3.7614516033822643 5.2149477 -9.203573 1.462273 103.37455708281101 3.761432137828948 103.3928616848641 3.736059314806776 42.98904636626492 240.39409973875607 5400.0 5400.0 2016.0 1 264 {-999.0 19.058252 17.747488 17.001535 -999.0} sdss_psfmag_ps1 18.494015 17.529442 16.574581 14.701 63050395117945515 1096168658 bright_1x1 mwm_bin_vis_boss mwm_filler science 0 0 0.0 0.0 -999 ""
FIBERMAP 1358 R-3C14 METROLOGY 0 0 0 1 0 0 39.9476893070144 -45.58869737508634 143.1 10.137346843285078 -59.74741091250222 77.906715 104.257164 -999.0 -999.0 -999.0 -999.0 -999.0 103.37171399539166 3.7596720727482515 103.38996956267499 3.7342648770865834 42.985710640902624 240.39498760036776 -999.0 6231.0 -999.0 -1 -999 {-999.0 -999.0 -999.0 -999.0 -999.0} "" -999.0 -999.0 -999.0 -999.0 -999 -999 "" "" "" "" 0 0 0.0 0.0 -999 ""
FIBERMAP 1359 R-7C12 APOGEE 0 0 0 1 0 0 40.21662334034872 -155.20041670802883 143.1 -47.051367779766586 -153.22964225471884 343.31107 51.049126 -999.0 -999.0 -999.0 -999.0 -999.0 103.1123483410576 3.334754747819334 103.12953369265438 3.3100136539804277 42.50635442951659 240.2134266665109 -999.0 16600.0 -999.0 2 161 {-999.0 -999.0 -999.0 -999.0 -999.0} "" -999.0 -999.0 -999.0 -999.0 -999 -999 "" "" "" "" 0 0 0.0 0.0 -999 ""
FIBERMAP 1359 R-7C12 BOSS 1 1 0 1 0 0 39.60806480915697 -155.607312053071 143.1 -47.782737433626195 -153.25735931301492 343.31107 51.049126 103.10883181788047 3.334416059370003 -0.64660966 -0.16779567 -0.2948721 103.10884078116382 3.3344174200601016 103.1261892550387 3.3098375403682896 42.50379349753228 240.21634244461194 5400.0 5400.0 2016.0 1 381 {-999.0 15.981207 15.396494 15.208063 -999.0} sdss_psfmag_ps1 15.792878 15.470698 14.785299 13.738 63050395117921981 1093344473 bright_3x1 mwm_astar_core_boss mwm_ob science 0 0 0.0 0.0 -999 ""
FIBERMAP 1359 R-7C12 METROLOGY 0 0 0 1 0 0 39.546585241304 -154.87271171941973 143.1 -47.450286698239445 -152.59959562755168 343.31107 51.049126 -999.0 -999.0 -999.0 -999.0 -999.0 103.11039099158398 3.337449177092407 103.12770013969413 3.31282149466709 42.50693223699672 240.21790529037492 -999.0 6231.0 -999.0 -1 -999 {-999.0 -999.0 -999.0 -999.0 -999.0} "" -999.0 -999.0 -999.0 -999.0 -999 -999 "" "" "" "" 0 0 0.0 0.0 -999 ""
FIBERMAP 1362 R-12C4 APOGEE 0 0 0 1 0 0 -87.61828919919571 -223.84318060002852 143.1 -191.86796043221534 -144.71977018996122 41.434364 147.84392 -999.0 -999.0 -999.0 -999.0 -999.0 102.45576438693831 3.3734789320108174 102.47321388568184 3.350459209285598 42.053348278252365 240.85558052897514 -999.0 16600.0 -999.0 2 -999 {-999.0 -999.0 -999.0 -999.0 -999.0} "" -999.0 -999.0 -999.0 -999.0 -999 -999 "" "" "" "" 0 0 0.0 0.0 -999 ""
FIBERMAP 1362 R-12C4 BOSS 1 1 0 1 0 0 -86.87759661092866 -223.71790940632008 143.1 -191.17159294030307 -145.00108959128968 41.434364 147.84392 102.45871190908753 3.372032148076663 -2.6651978 -0.52040625 -0.87982064 102.45872183634124 3.37203137452682 102.47633373530726 3.349157356460285 42.05475771180331 240.8514495111053 5400.0 5400.0 2016.0 1 351 {-999.0 14.937101 14.196626 13.703689 -999.0} sdss_psfmag_from_g3xp 14.658498 14.296287 13.337396 12.122 63050395117508467 1093208139 bright_3x1 mwm_astar_core_boss mwm_ob science 0 0 0.0 0.0 -999 ""
FIBERMAP 1362 R-12C4 METROLOGY 0 0 0 1 0 0 -87.14294702575435 -224.41825607217092 143.1 -191.7644171662419 -145.4584812788137 41.434364 147.84392 -999.0 -999.0 -999.0 -999.0 -999.0 102.45612519874553 3.3700232901673766 102.47368573240863 3.3471131660319364 42.05142837721106 240.8518357468762 -999.0 6231.0 -999.0 -1 -999 {-999.0 -999.0 -999.0 -999.0 -999.0} "" -999.0 -999.0 -999.0 -999.0 -999 -999 "" "" "" "" 0 0 0.0 0.0 -999 ""
FIBERMAP 1363 R-6C13 APOGEE 0 0 0 1 0 0 58.92855102160601 -118.91671676358304 143.1 -12.110538635395947 -132.1336009198134 1.4074689 106.85957 -999.0 -999.0 -999.0 -999.0 -999.0 103.2711548737409 3.4306147940863156 103.28852962297225 3.405435523185253 42.68748614679534 240.1609965347231 -999.0 16600.0 -999.0 2 -999 {-999.0 -999.0 -999.0 -999.0 -999.0} "" -999.0 -999.0 -999.0 -999.0 -999 -999 "" "" "" "" 0 0 0.0 0.0 -999 ""
FIBERMAP 1363 R-6C13 BOSS 1 1 0 1 0 0 59.16781245363879 -119.61841613648191 143.1 -12.274362340304108 -132.85647452839584 1.4074689 106.85957 103.26984405514689 3.427114553036077 -0.15560155 0.5095387 0.15898283 103.27025080114004 3.427128410419142 103.28777934020007 3.4021033132150076 42.68466393841565 240.158379863324 5400.0 5400.0 2016.0 1 380 {-999.0 12.518836 11.970066 11.694772 -999.0} sdss_psfmag_from_g3xp 12.343016 11.951114 11.325836 10.397 63050395117923988 1068446329 bright_3x1 mwm_ob_core_boss mwm_ob science 0 0 1.4284474849700928 0.0 -999 ""
FIBERMAP 1363 R-6C13 METROLOGY 0 0 0 1 0 0 58.438218807094316 -119.47906567655775 143.1 -12.822662045445426 -132.355626885821 1.4074689 106.85957 -999.0 -999.0 -999.0 -999.0 -999.0 103.26779251857958 3.429446637181735 103.28528137901463 3.4043846861646934 42.68439943879905 240.1629634048873 -999.0 6231.0 -999.0 -1 -999 {-999.0 -999.0 -999.0 -999.0 -999.0} "" -999.0 -999.0 -999.0 -999.0 -999 -999 "" "" "" "" 0 0 0.0 0.0 -999 ""
FIBERMAP 1364 R+13C6 APOGEE 0 0 0 1 0 0 -20.940351020173207 257.4084939591021 143.1 117.00583189482558 230.16886737637478 29.547411 110.67787 -999.0 -999.0 -999.0 -999.0 -999.0 103.85397650702295 5.074709329577015 103.87516823520582 5.047660060671926 44.2304812623892 241.27892235974542 -999.0 16600.0 -999.0 2 105 {-999.0 -999.0 -999.0 -999.0 -999.0} "" -999.0 -999.0 -999.0 -999.0 -999 -999 "" "" "" "" 0 0 0.0 0.0 -999 ""
FIBERMAP 1364 R+13C6 BOSS 1 1 0 1 0 0 -20.380797065778072 256.92573039341244 143.1 117.22944244872757 229.4646532311775 29.547411 110.67787 103.85484967127901 5.0714080634998515 -0.16744271 -0.34798664 0.18318114 103.85486514441192 5.071427671494366 103.8762044749925 5.04451768538811 44.229132789969775 241.27470742313642 5400.0 5400.0 2016.0 1 84 {-999.0 19.548447 19.069334 18.631887 18.25815} sdss_psfmag_from_gaiadr2 19.653612 19.231802 18.37233 -999.0 63050395118305052 1057642858 bright_flexible_2x1 bhm_gua_bright bhm_filler science 0 0 0.0 0.0 -999 ""
FIBERMAP 1364 R+13C6 METROLOGY 0 0 0 1 0 0 -21.073487211389406 256.6706722199543 143.1 116.50596598921226 229.61030571635035 29.547411 110.67787 -999.0 -999.0 -999.0 -999.0 -999.0 103.85162490316533 5.072128450557547 103.87292264603235 5.0451868492966785 44.227162612126385 241.2784658863785 -999.0 6231.0 -999.0 -1 -999 {-999.0 -999.0 -999.0 -999.0 -999.0} "" -999.0 -999.0 -999.0 -999.0 -999 -999 "" "" "" "" 0 0 0.0 0.0 -999 ""
FIBERMAP 1365 R+12C3 APOGEE 0 0 0 1 0 0 -123.36361876506128 250.1126660662925 143.1 25.964138234389097 277.60821966859913 179.74094 45.8104 -999.0 -999.0 -999.0 -999.0 -999.0 103.43971229717735 5.286943687998829 103.46152857396191 5.26093525244464 44.06742241296573 241.88419136679843 -999.0 16600.0 -999.0 2 -999 {-999.0 -999.0 -999.0 -999.0 -999.0} "" -999.0 -999.0 -999.0 -999.0 -999 -999 "" "" "" "" 0 0 0.0 0.0 -999 ""
FIBERMAP 1365 R+12C3 BOSS 1 1 0 1 0 0 -122.85542705785146 250.65405043906972 143.1 26.680488318198698 277.8030376851054 179.74094 45.8104 103.44247357353576 5.287721339012892 7.3456297 -19.30755 -1.1050519 103.44280209180256 5.2876647426182775 103.46477696472556 5.261788741735436 44.07040111095683 241.8820718730687 5400.0 5400.0 2016.0 1 94 {-999.0 13.78138 13.258357 13.027328 -999.0} sdss_psfmag_from_g3xp 13.404145 13.521684 12.602486 11.733 63050395118209505 1093208301 bright_3x1 mwm_astar_core_boss mwm_ob science 0 0 1.033977746963501 0.0 -999 ""
FIBERMAP 1365 R+12C3 METROLOGY 0 0 0 1 0 0 -122.63744170599948 249.94140936013426 143.1 26.49281510062444 277.08199153192294 179.74094 45.8104 -999.0 -999.0 -999.0 -999.0 -999.0 103.44200752911387 5.284500772533287 103.46393025157596 5.258587636828936 44.06763698937556 241.87953683863492 -999.0 6231.0 -999.0 -1 -999 {-999.0 -999.0 -999.0 -999.0 -999.0} "" -999.0 -999.0 -999.0 -999.0 -999 -999 "" "" "" "" 0 0 0.0 0.0 -999 ""
FIBERMAP 1369 R-1C18 APOGEE 1 1 0 1 0 0 110.39125888658725 -26.020039150141173 143.1 80.37514872826588 -79.98379358514411 314.95715 128.30493 103.6922887053617 3.668706782242027 0.3433305 -2.0670252 0.38001588 103.69230569746784 3.668702846301695 103.71014460741947 3.6423677403647634 43.15664942855006 240.00463523410957 16000.0 16600.0 2016.0 2 217 {-999.0 14.930015 13.682302 13.087076 -999.0} sdss_psfmag_from_g3xp 14.453991 13.592493 12.67992 10.63 63050395117932686 1105554564 bright_flexible_2x1 mwm_tess_rgb_apogee mwm_tessrgb science 0 0 0.0 0.0 -999 ""
FIBERMAP 1369 R-1C18 BOSS 0 0 0 1 0 0 110.28120850009228 -26.749624371158276 143.1 79.89925637676711 -80.54743432533162 314.95715 128.30493 -999.0 -999.0 -999.0 -999.0 -999.0 103.6900183489651 3.665947131885216 103.70801036237503 3.6397674188516373 43.153317217449924 240.00403041766145 -999.0 5400.0 -999.0 1 295 {-999.0 -999.0 -999.0 -999.0 -999.0} "" -999.0 -999.0 -999.0 -999.0 -999 -999 "" "" "" "" 0 0 0.0 0.0 -999 ""
FIBERMAP 1369 R-1C18 METROLOGY 0 0 0 1 0 0 109.68783280909554 -26.29663762512173 143.1 79.63124651819336 -79.85086025203444 314.95715 128.30493 -999.0 -999.0 -999.0 -999.0 -999.0 103.68883313213469 3.669158695419564 103.7067880738104 3.6429392197253323 43.15459568799912 240.0083464401576 -999.0 6231.0 -999.0 -1 -999 {-999.0 -999.0 -999.0 -999.0 -999.0} "" -999.0 -999.0 -999.0 -999.0 -999 -999 "" "" "" "" 0 0 0.0 0.0 -999 ""
FIBERMAP 1370 R0C23 APOGEE 1 1 0 1 0 0 194.8501584852966 6.296620158038245 143.1 169.2256609555 -96.70606947539147 98.34905 149.40154 104.09571625525756 3.594475675835568 -0.5493996 -2.2616284 1.1149789 104.0957007100185 3.5944733865230787 104.11325827018817 3.56709864710044 43.3979463560874 239.55053384500803 16000.0 16600.0 2016.0 2 89 {-999.0 8.105184 8.348563 8.530663 -999.0} sdss_psfmag_from_g3xp 8.21396 8.230066 8.208225 8.3 63050395117902761 974928016 "" ops_std_apogee ops_std standard_apogee 0 0 0.0 0.0 -999 ""
FIBERMAP 1370 R0C23 BOSS 0 0 0 1 0 0 195.23378672240946 6.925263162921973 143.1 169.88164586341622 -96.3716952990117 98.34905 149.40154 -999.0 -999.0 -999.0 -999.0 -999.0 104.09855776988067 3.595829450878691 104.11627488406435 3.5685952755653725 43.4011618354137 239.54918161832998 -999.0 5400.0 -999.0 1 245 {-999.0 -999.0 -999.0 -999.0 -999.0} "" -999.0 -999.0 -999.0 -999.0 -999 -999 "" "" "" "" 0 0 0.0 0.0 -999 ""
FIBERMAP 1370 R0C23 METROLOGY 0 0 0 1 0 0 195.60012064031784 6.267367431668631 143.1 169.84897805922603 -97.1238314926 98.34905 149.40154 -999.0 -999.0 -999.0 -999.0 -999.0 104.0984391814899 3.592467988237147 104.11610375800592 3.5651928180618175 43.39869897600578 239.54594208528016 -999.0 6231.0 -999.0 -1 -999 {-999.0 -999.0 -999.0 -999.0 -999.0} "" -999.0 -999.0 -999.0 -999.0 -999 -999 "" "" "" "" 0 0 0.0 0.0 -999 ""
FIBERMAP 1372 R-11C10 APOGEE 1 1 0 1 0 0 49.18879521200457 -212.4857538640462 143.1 -69.41867753579821 -206.7116314261398 23.63082 96.16851 103.01186433557183 3.0934754719046644 -0.4197549 -3.638187 1.861598 103.01187422428181 3.0934613314153747 103.02850602914458 3.069037379489467 42.26808478792073 240.06841253933055 16000.0 16600.0 2016.0 2 157 {-999.0 11.317992 10.84413 10.687806 -999.0} sdss_psfmag_gaia 11.226068 10.876339 10.358368 9.499 63050395117489814 1107178278 bright_1x1 mwm_tess_rgb_apogee mwm_tessrgb science 0 0 0.0 0.0 -999 ""
FIBERMAP 1372 R-11C10 BOSS 0 0 0 1 0 0 49.561330271391135 -213.1329089155575 143.1 -69.4404384004617 -207.45786958113533 23.63082 96.16851 -999.0 -999.0 -999.0 -999.0 -999.0 103.01161798276584 3.0899140313015505 103.0284054016538 3.0656450283801653 42.265692096969026 240.06516005776678 -999.0 5400.0 -999.0 1 362 {-999.0 -999.0 -999.0 -999.0 -999.0} "" -999.0 -999.0 -999.0 -999.0 -999 -999 "" "" "" "" 0 0 0.0 0.0 -999 ""
FIBERMAP 1372 R-11C10 METROLOGY 0 0 0 1 0 0 48.81687168751732 -213.1398797273422 143.1 -70.07804378025133 -207.07383713912478 23.63082 96.16851 -999.0 -999.0 -999.0 -999.0 -999.0 103.00876419050266 3.0916918052424243 103.02551012839524 3.0673864211539583 42.26477284713287 240.0695482943909 -999.0 6231.0 -999.0 -1 -999 {-999.0 -999.0 -999.0 -999.0 -999.0} "" -999.0 -999.0 -999.0 -999.0 -999 -999 "" "" "" "" 0 0 0.0 0.0 -999 ""
FIBERMAP 1373 R-9C2 APOGEE 0 0 0 1 0 0 -188.82007403123026 -182.60046648924043 143.1 -256.44361794797373 -56.586607197818466 278.6522 16.816813 -999.0 -999.0 -999.0 -999.0 -999.0 102.16266190312774 3.7719173761992533 102.1811487440549 3.7495847570848198 42.10740990971502 241.51749756403999 -999.0 16600.0 -999.0 2 -999 {-999.0 -999.0 -999.0 -999.0 -999.0} "" -999.0 -999.0 -999.0 -999.0 -999 -999 "" "" "" "" 0 0 0.0 0.0 -999 ""
FIBERMAP 1373 R-9C2 BOSS 1 1 0 1 0 0 -189.15027843048375 -181.9456180111872 143.1 -256.3817797966164 -55.855991601424606 278.6522 16.816813 102.16270849332221 3.775073043586096 -0.24100639 0.55956495 0.17405857 102.16273712861867 3.7750662691097094 102.18139910350544 3.7528844147091394 42.10981177768064 241.52056576396495 5400.0 5400.0 2016.0 1 490 {-999.0 14.238675 13.85509 13.692397 -999.0} sdss_psfmag_from_g3xp 14.160869 13.841971 13.327582 12.489 63050395117739473 1068446253 bright_3x1 mwm_ob_core_boss mwm_ob science 0 0 0.0 0.0 -999 ""
FIBERMAP 1373 R-9C2 METROLOGY 0 0 0 1 0 0 -188.39902248039036 -181.9845301515828 143.1 -255.76242081920807 -56.282656951094566 278.6522 16.816813 -999.0 -999.0 -999.0 -999.0 -999.0 102.16556912366102 3.7731832800364202 102.18417831018928 3.7509513781033217 42.11056722633964 241.5161242418037 -999.0 6231.0 -999.0 -1 -999 {-999.0 -999.0 -999.0 -999.0 -999.0} "" -999.0 -999.0 -999.0 -999.0 -999 -999 "" "" "" "" 0 0 0.0 0.0 -999 ""
FIBERMAP 1374 R-5C8 APOGEE 0 0 0 1 0 0 -75.19506705571854 -114.95436422699922 143.1 -124.24974402250082 -58.50164830711797 316.6443 75.983116 -999.0 -999.0 -999.0 -999.0 -999.0 102.75917999824637 3.7640548017873794 102.77749042921573 3.7401501839850577 42.54065344828429 240.96560297575132 -999.0 16600.0 -999.0 2 -999 {-999.0 -999.0 -999.0 -999.0 -999.0} "" -999.0 -999.0 -999.0 -999.0 -999 -999 "" "" "" "" 0 0 0.0 0.0 -999 ""
FIBERMAP 1374 R-5C8 BOSS 1 1 0 1 0 0 -75.81979653985789 -115.3662546941113 143.1 -124.997500858804 -58.525148225766344 316.6443 75.983116 102.7553102329288 3.7637535899447943 -0.25242496 0.46180865 0.1569825 102.7555670018352 3.763766498132588 102.7740418781961 3.7400218067084188 42.53803121394658 240.96863237251083 5400.0 5400.0 2016.0 1 463 {-999.0 13.70396 13.159633 12.974217 -999.0} sdss_psfmag_gaia 13.571861 13.197478 12.629269 11.791 63050395118144047 1068388841 bright_3x1 mwm_ob_core_boss mwm_ob science 0 0 1.0244656801223755 0.0 -999 ""
FIBERMAP 1374 R-5C8 METROLOGY 0 0 0 1 0 0 -75.86148132716718 -114.61887354259592 143.1 -124.64149865271621 -57.866869928132864 316.6443 75.983116 -999.0 -999.0 -999.0 -999.0 -999.0 102.75722763037555 3.766809094084067 102.7756628632576 3.7430167522500275 42.54124791819443 240.97014302853574 -999.0 6231.0 -999.0 -1 -999 {-999.0 -999.0 -999.0 -999.0 -999.0} "" -999.0 -999.0 -999.0 -999.0 -999 -999 "" "" "" "" 0 0 0.0 0.0 -999 ""
FIBERMAP 1376 R+4C13 APOGEE 0 0 0 1 0 0 39.5079204653457 86.96185406496475 143.1 79.19659595270939 53.35818420168306 76.10794 59.847176 -999.0 -999.0 -999.0 -999.0 -999.0 103.68585925605335 4.275595836782706 103.70516193824051 4.249149832632165 43.566255682851036 240.6204235854861 -999.0 16600.0 -999.0 2 -999 {-999.0 -999.0 -999.0 -999.0 -999.0} "" -999.0 -999.0 -999.0 -999.0 -999 -999 "" "" "" "" 0 0 0.0 0.0 -999 ""
FIBERMAP 1376 R+4C13 BOSS 1 1 0 1 0 0 40.04934302926953 86.46169061921806 143.1 79.39565192258262 52.64865068792128 76.10794 59.847176 103.68666639696953 4.272205727482824 0.005829306 -0.31275427 0.086233065 103.68665737819316 4.2722488499654885 103.70610984220832 4.245946995650122 43.56477758315149 240.61629089700756 5400.0 5400.0 2016.0 1 107 {-999.0 15.981234 15.439582 15.229166 -999.0} sdss_psfmag_ps1 15.842891 15.43732 14.842713 13.843 63050395117978230 1068388815 bright_3x1 mwm_ob_core_boss mwm_ob science 0 0 0.0 0.0 -999 ""
FIBERMAP 1376 R+4C13 METROLOGY 0 0 0 1 0 0 39.33976212120186 86.23495327957062 143.1 78.67262716011642 52.82726802646251 76.10794 59.847176 -999.0 -999.0 -999.0 -999.0 -999.0 103.6833952380656 4.27309351863318 103.70280580412754 4.24675878422032 43.56290733072794 240.62019867414736 -999.0 6231.0 -999.0 -1 -999 {-999.0 -999.0 -999.0 -999.0 -999.0} "" -999.0 -999.0 -999.0 -999.0 -999 -999 "" "" "" "" 0 0 0.0 0.0 -999 ""
FIBERMAP 1378 R-3C2 APOGEE 0 0 0 1 0 0 -241.8153059548484 -42.64993852946995 143.1 -228.26237324324413 90.35058189359975 140.22746 85.324326 -999.0 -999.0 -999.0 -999.0 -999.0 102.28699546991908 4.437607390836123 102.3070581696345 4.414803871625582 42.645996154354286 242.07270082286115 -999.0 16600.0 -999.0 2 -999 {-999.0 -999.0 -999.0 -999.0 -999.0} "" -999.0 -999.0 -999.0 -999.0 -999 -999 "" "" "" "" 0 0 0.0 0.0 -999 ""
FIBERMAP 1378 R-3C2 BOSS 1 1 0 1 0 0 -241.30368772639434 -42.099092537005674 143.1 -227.53814899360142 90.55166217246139 140.22746 85.324326 102.29010059271324 4.4384019919305295 0.17967954 -1.1216339 0.37249485 102.29005957306187 4.438405189750837 102.31028893769258 4.415741142354655 42.64902149994854 242.0707298166838 5400.0 5400.0 2016.0 1 436 {-999.0 17.439108 16.731924 16.385822 16.174913} sdss_psfmag_from_ps1dr2 17.2413 16.7361 16.0422 -999.0 63050395118169445 1039371705 "" ops_std_boss_ps1dr2 ops_std standard_boss 0 0 0.0 0.0 -999 ""
FIBERMAP 1378 R-3C2 METROLOGY 0 0 0 1 0 0 -241.0885570756184 -42.81875217539274 143.1 -227.73192969145907 89.82613464258992 140.22746 85.324326 -999.0 -999.0 -999.0 -999.0 -999.0 102.28923935273347 4.435157489626343 102.30941416360412 4.412454442616 42.64617968502041 242.06819098368027 -999.0 6231.0 -999.0 -1 -999 {-999.0 -999.0 -999.0 -999.0 -999.0} "" -999.0 -999.0 -999.0 -999.0 -999 -999 "" "" "" "" 0 0 0.0 0.0 -999 ""
FIBERMAP 1381 R-7C10 APOGEE 1 1 0 1 0 0 -25.658402961633282 -131.83981491433906 143.1 -90.91119965095645 -98.82939473633526 176.16301 104.54823 102.91166680316006 3.581107095033241 -0.5861515 0.67447144 0.45106715 102.9116407112566 3.5810862181565026 102.92947058211064 3.5568196852753684 42.52801343275133 240.64315615148143 16000.0 16600.0 2016.0 2 170 {-999.0 15.085151 13.9071045 13.3342 -999.0} sdss_psfmag_from_g3xp 14.649979 13.827916 12.936472 11.022 63050395117940148 1105070440 bright_flexible_3x1 mwm_tess_rgb_apogee mwm_tessrgb science 0 0 0.0 0.0 -999 ""
FIBERMAP 1381 R-7C10 BOSS 0 0 0 1 0 0 -25.79082274730722 -131.1076949612526 143.1 -90.64045832028762 -98.13658275361908 176.16301 104.54823 -999.0 -999.0 -999.0 -999.0 -999.0 102.91265691618106 3.584040682721041 102.9306572846811 3.5599218183822927 42.5309889080403 240.64515631497514 -999.0 5400.0 -999.0 1 385 {-999.0 -999.0 -999.0 -999.0 -999.0} "" -999.0 -999.0 -999.0 -999.0 -999 -999 "" "" "" "" 0 0 0.0 0.0 -999 ""
FIBERMAP 1381 R-7C10 METROLOGY 0 0 0 1 0 0 -25.087104414322955 -131.35113421199367 143.1 -90.16871775405758 -98.71251440356437 176.16301 104.54823 -999.0 -999.0 -999.0 -999.0 -999.0 102.91486924368714 3.581479374027482 102.93281648800121 3.5573124608458406 42.530800117111596 240.64057103814315 -999.0 6231.0 -999.0 -1 -999 {-999.0 -999.0 -999.0 -999.0 -999.0} "" -999.0 -999.0 -999.0 -999.0 -999 -999 "" "" "" "" 0 0 0.0 0.0 -999 ""
FIBERMAP 1382 R+4C14 APOGEE 0 0 0 1 1 0 42.18502980119265 92.5153160903079 143.1 84.38538595779636 56.68496476835828 114.60411 100.82091 -999.0 -999.0 -999.0 -999.0 -999.0 103.70947498745016 4.290762773850018 103.72880814902612 4.264251801871101 43.59382595705409 240.61365916776947 -999.0 16600.0 -999.0 2 -999 {-999.0 -999.0 -999.0 -999.0 -999.0} "" -999.0 -999.0 -999.0 -999.0 -999 -999 "" "" "" "" 0 0 0.0 0.0 -999 ""
FIBERMAP 1382 R+4C14 BOSS 1 0 0 1 1 0 42.783192829570154 92.97180744871903 143.1 85.13388297851405 56.76036144831498 114.60411 100.82091 103.5845947265625 4.199060423186296 -999.0 -999.0 -999.0 103.71276979945331 4.290991696234133 103.7322605494196 4.2646174396036995 43.596603489099216 240.61080520639342 5400.0 5400.0 2015.5 1 158 {-999.0 -999.0 -999.0 -999.0 -999.0} "" -999.0 -999.0 -999.0 -999.0 27021603131840107 810614441 "" ops_sky_boss_good ops_sky sky_boss 0 0 0.0 0.0 -999 ""
FIBERMAP 1382 R+4C14 METROLOGY 0 0 0 1 1 0 42.86959342613167 92.21860979795441 143.1 84.81291228291106 56.07370662153644 114.60411 100.82091 -999.0 -999.0 -999.0 -999.0 -999.0 103.71135225009158 4.287902078185258 103.73079117577657 4.2614909870528335 43.593405950330045 240.60900618058287 -999.0 6231.0 -999.0 -1 -999 {-999.0 -999.0 -999.0 -999.0 -999.0} "" -999.0 -999.0 -999.0 -999.0 -999 -999 "" "" "" "" 0 0 0.0 0.0 -999 ""
FIBERMAP 1383 R-9C6 APOGEE 1 0 0 1 1 0 -78.36144647955994 -155.2792786272961 143.1 -148.06945212452158 -91.182240302138 138.22339 59.110317 102.52990722656249 3.535436215356654 -999.0 -999.0 -999.0 102.65182849896833 3.6155148304144276 102.6698091835861 3.5919251400349266 42.36124557647792 240.91615254356822 16000.0 16600.0 2015.5 2 165 {-999.0 -999.0 -999.0 -999.0 -999.0} "" -999.0 -999.0 -999.0 -999.0 27021603131825821 841577273 "" ops_sky_apogee_best ops_sky sky_apogee 0 0 0.0 0.0 -999 ""
FIBERMAP 1383 R-9C6 BOSS 0 0 0 1 1 0 -77.65897061223981 -155.04309913728144 143.1 -147.34753169019996 -91.34909522666037 138.22339 59.110317 -999.0 -999.0 -999.0 -999.0 -999.0 102.654892686012 3.6145788229001083 102.67303536747835 3.5911326576796503 42.36308005987057 240.91241419597716 -999.0 5400.0 -999.0 1 402 {-999.0 -999.0 -999.0 -999.0 -999.0} "" -999.0 -999.0 -999.0 -999.0 -999 -999 "" "" "" "" 0 0 0.0 0.0 -999 ""
FIBERMAP 1383 R-9C6 METROLOGY 0 0 0 1 1 0 -77.80415046242653 -155.77541141877578 143.1 -147.85476752777242 -91.89665642246732 138.22339 59.110317 -999.0 -999.0 -999.0 -999.0 -999.0 102.65266414611621 3.612142445772588 102.67075478152583 3.588659791199442 42.35973086927776 240.91203460216502 -999.0 6231.0 -999.0 -1 -999 {-999.0 -999.0 -999.0 -999.0 -999.0} "" -999.0 -999.0 -999.0 -999.0 -999 -999 "" "" "" "" 0 0 0.0 0.0 -999 ""
FIBERMAP 1384 R-12C6 APOGEE 0 0 0 1 0 0 -61.152895937097085 -221.7489594929033 143.1 -168.2339810387892 -156.79973162195958 195.22592 57.227768 -999.0 -999.0 -999.0 -999.0 -999.0 102.5627939976826 3.3187649503403205 102.58008382516908 3.295474809028462 42.09450149329909 240.70368415097226 -999.0 16600.0 -999.0 2 -999 {-999.0 -999.0 -999.0 -999.0 -999.0} "" -999.0 -999.0 -999.0 -999.0 -999 -999 "" "" "" "" 0 0 0.0 0.0 -999 ""
FIBERMAP 1384 R-12C6 BOSS 1 1 0 1 0 0 -60.934386080838365 -221.04169731128766 143.1 -167.67742198658414 -156.31191451878672 195.22592 57.227768 102.56510475052238 3.3207922381442856 -0.27196294 0.49081022 0.20595905 102.56509386606571 3.320780489910118 102.58255409010354 3.2976370705583657 42.09778023610164 240.70356939178308 5400.0 5400.0 2016.0 1 403 {-999.0 15.547582 14.829232 14.460521 -999.0} sdss_psfmag_from_g3xp 15.330886 14.791813 14.075691 12.851 63050395117507441 1093208157 bright_3x1 mwm_astar_core_boss mwm_ob science 0 0 0.0 0.0 -999 ""
FIBERMAP 1384 R-12C6 METROLOGY 0 0 0 1 0 0 -60.425741338794474 -221.58190210552047 143.1 -167.52725321303177 -157.03837583626677 195.22592 57.227768 -999.0 -999.0 -999.0 -999.0 -999.0 102.56585357937911 3.317552619968529 102.58325875800256 3.294364492736451 42.09607630207453 240.69968644008878 -999.0 6231.0 -999.0 -1 -999 {-999.0 -999.0 -999.0 -999.0 -999.0} "" -999.0 -999.0 -999.0 -999.0 -999 -999 "" "" "" "" 0 0 0.0 0.0 -999 ""
FIBERMAP 1388 R-10C8 APOGEE 0 0 0 1 0 0 -37.975871213497484 -193.23601133013565 143.1 -133.56137784476388 -144.65992459451846 194.09265 97.893036 -999.0 -999.0 -999.0 -999.0 -999.0 102.71914752525554 3.373350430842149 102.73652776103796 3.349636045716252 42.24594596775628 240.61428170950475 -999.0 16600.0 -999.0 2 -999 {-999.0 -999.0 -999.0 -999.0 -999.0} "" -999.0 -999.0 -999.0 -999.0 -999 -999 "" "" "" "" 0 0 0.0 0.0 -999 ""
FIBERMAP 1388 R-10C8 BOSS 1 1 0 1 0 0 -38.281504951385315 -192.5247544998804 143.1 -133.44906791567158 -143.89414450536833 194.09265 97.893036 102.71942138671875 3.3766140801462257 -999.0 -999.0 -999.0 102.71943246098594 3.376620706939131 102.73698564373308 3.3530574227612107 42.24860524643273 240.6172545983162 5400.0 5400.0 2015.5 1 372 {-999.0 -999.0 -999.0 -999.0 -999.0} "" -999.0 -999.0 -999.0 -999.0 27021603131814175 819464682 "" ops_sky_boss_good ops_sky sky_boss 0 0 0.0 0.0 -999 ""
FIBERMAP 1388 R-10C8 METROLOGY 0 0 0 1 0 0 -37.53151466810891 -192.6366706581617 143.1 -132.8690283103458 -144.38231443095597 194.09265 97.893036 -999.0 -999.0 -999.0 -999.0 -999.0 102.7221296728019 3.3744632202120854 102.73963015129777 3.3508500674696324 42.24904362375207 240.61264364650307 -999.0 6231.0 -999.0 -1 -999 {-999.0 -999.0 -999.0 -999.0 -999.0} "" -999.0 -999.0 -999.0 -999.0 -999 -999 "" "" "" "" 0 0 0.0 0.0 -999 ""
FIBERMAP 1391 R-5C4 APOGEE 0 0 0 1 0 0 -187.0846497815448 -106.1813032727784 143.1 -214.93526747344615 7.580110077555486 264.40402 43.148323 -999.0 -999.0 -999.0 -999.0 -999.0 102.34743761284663 4.063045067800994 102.36657820150339 4.040161719895848 42.439586015522444 241.6407653179644 -999.0 16600.0 -999.0 2 -999 {-999.0 -999.0 -999.0 -999.0 -999.0} "" -999.0 -999.0 -999.0 -999.0 -999 -999 "" "" "" "" 0 0 0.0 0.0 -999 ""
FIBERMAP 1391 R-5C4 BOSS 1 1 0 1 0 0 -187.55384293372254 -105.59109728636335 143.1 -215.02564866367436 8.328484730574605 264.40402 43.148323 102.34682052955272 4.066314052118732 -3.5785565 -1.5003991 -0.9942472 102.34681018865986 4.066289030353009 102.36612471586534 4.043556265500504 42.44152681372418 241.64458860521427 5400.0 5400.0 2016.0 1 454 {-999.0 16.027405 15.717125 15.430241 -999.0} sdss_psfmag_ps1 15.893776 15.737672 14.901238 13.85 63050395118159861 1093344509 bright_3x1 mwm_astar_core_boss mwm_ob science 0 0 0.0 0.0 -999 ""
FIBERMAP 1391 R-5C4 METROLOGY 0 0 0 1 0 0 -186.81426703206475 -105.48592197500327 143.1 -214.34075889493056 8.0306373584093 264.40402 43.148323 -999.0 -999.0 -999.0 -999.0 -999.0 102.3499544035023 4.06499328292431 102.3692179297629 4.042210096989819 42.442912985256214 241.64043152267266 -999.0 6231.0 -999.0 -1 -999 {-999.0 -999.0 -999.0 -999.0 -999.0} "" -999.0 -999.0 -999.0 -999.0 -999 -999 "" "" "" "" 0 0 0.0 0.0 -999 ""
FIBERMAP 1392 R-12C10 APOGEE 0 0 0 1 0 0 32.43490082565458 -227.24807190105975 143.1 -91.41860613425851 -210.50651958224316 158.29413 114.101074 -999.0 -999.0 -999.0 -999.0 -999.0 102.9122312174211 3.076467772795678 102.92884797635895 3.052309902615846 42.18400228626254 240.1437636871339 -999.0 16600.0 -999.0 2 -999 {-999.0 -999.0 -999.0 -999.0 -999.0} "" -999.0 -999.0 -999.0 -999.0 -999 -999 "" "" "" "" 0 0 0.0 0.0 -999 ""
FIBERMAP 1392 R-12C10 BOSS 1 1 0 1 0 0 32.38657716616403 -226.48823148397315 143.1 -91.06173083354695 -209.83415379727154 158.29413 114.101074 102.91369171038593 3.079294262821201 -15.890132 1.2475615 2.0967586 102.91364845223441 3.079297196028924 102.9304362782591 3.055288745613251 42.187195470851506 240.14523752129517 5400.0 5400.0 2016.0 1 406 {-999.0 20.569506 19.152695 18.095798 -999.0} sdss_psfmag_ps1 19.886845 18.721785 17.607798 15.456 63050395117490448 1096449794 bright_1x1 mwm_bin_vis_boss mwm_filler science 0 0 0.0 0.0 -999 ""
FIBERMAP 1392 R-12C10 METROLOGY 0 0 0 1 0 0 33.0556807691207 -226.83419481507653 143.1 -90.67317193589687 -210.47925904969097 158.29413 114.101074 -999.0 -999.0 -999.0 -999.0 -999.0 102.91547910036654 3.0764500694298063 102.93221295753602 3.0523938556966783 42.1865136045921 240.14074857965338 -999.0 6231.0 -999.0 -1 -999 {-999.0 -999.0 -999.0 -999.0 -999.0} "" -999.0 -999.0 -999.0 -999.0 -999 -999 "" "" "" "" 0 0 0.0 0.0 -999 ""
FIBERMAP 1393 R-12C5 APOGEE 0 0 0 1 0 0 -72.9353544356583 -239.19884672276524 143.1 -187.4082405439977 -165.48743521000327 174.98923 158.99626 -999.0 -999.0 -999.0 -999.0 -999.0 102.47675528647937 3.2798641543522216 102.49397411020328 3.256809615992073 42.005110850652486 240.74397187277253 -999.0 16600.0 -999.0 2 -999 {-999.0 -999.0 -999.0 -999.0 -999.0} "" -999.0 -999.0 -999.0 -999.0 -999 -999 "" "" "" "" 0 0 0.0 0.0 -999 ""
FIBERMAP 1393 R-12C5 BOSS 1 1 0 1 0 0 -73.60708042696561 -238.86996999832704 143.1 -187.80798302169262 -164.85550660932884 174.98923 158.99626 102.47473262885872 3.282583563222677 3.269024 -13.276881 1.1363531 102.47474464616778 3.282545431474784 102.49213719275855 3.259649263854072 42.005689222578454 240.74845392765496 5400.0 5400.0 2016.0 1 352 {-999.0 19.011007 17.386808 16.834332 -999.0} sdss_psfmag_ps1 18.388954 17.441202 16.51752 14.594 63050395117507717 1096707226 bright_1x1 mwm_bin_vis_boss mwm_filler science 0 0 0.0 0.0 -999 ""
FIBERMAP 1393 R-12C5 METROLOGY 0 0 0 1 0 0 -72.98715497962321 -238.45454927942907 143.1 -187.06246788244624 -164.82648396577588 174.98923 158.99626 -999.0 -999.0 -999.0 -999.0 -999.0 102.478149609874 3.2827123791852637 102.49549439603112 3.259763636732651 42.00822978845435 240.7455076289266 -999.0 6231.0 -999.0 -1 -999 {-999.0 -999.0 -999.0 -999.0 -999.0} "" -999.0 -999.0 -999.0 -999.0 -999 -999 "" "" "" "" 0 0 0.0 0.0 -999 ""
FIBERMAP 1395 R+4C20 APOGEE 0 0 0 1 0 0 163.04357767525346 90.02000989504891 143.1 185.99702021730621 -8.749084304353419 196.88287 50.679817 -999.0 -999.0 -999.0 -999.0 -999.0 104.17171046744512 3.9938692000797866 104.19020900402876 3.9662117969920683 43.72757472858542 239.87865972147063 -999.0 16600.0 -999.0 2 -999 {-999.0 -999.0 -999.0 -999.0 -999.0} "" -999.0 -999.0 -999.0 -999.0 -999 -999 "" "" "" "" 0 0 0.0 0.0 -999 ""
FIBERMAP 1395 R+4C20 BOSS 1 1 0 1 0 0 163.32844571071752 90.71909374310903 143.1 186.6058034397684 -8.302991870107288 196.88287 50.679817 104.17432494358995 3.9957776785163395 6.713789 -11.372813 2.5103903 104.17435827474002 3.995751390673403 104.19301655677009 3.968232676729539 43.730999900350625 239.87804584759544 5400.0 5400.0 2016.0 1 205 {-999.0 19.643923 18.180761 17.109533 -999.0} sdss_psfmag 19.040674 17.789522 16.700565 14.518 63050395117960520 1096101795 bright_1x1 mwm_bin_vis_boss mwm_filler science 0 0 0.0 0.0 -999 ""
FIBERMAP 1395 R+4C20 METROLOGY 0 0 0 1 0 0 163.78297719631814 90.11976122968234 143.1 186.67891855382072 -9.051458144790876 196.88287 50.679817 -999.0 -999.0 -999.0 -999.0 -999.0 104.17472592950887 3.9923951005171827 104.19333186365509 3.964834766615109 43.728903532151264 239.8743196421359 -999.0 6231.0 -999.0 -1 -999 {-999.0 -999.0 -999.0 -999.0 -999.0} "" -999.0 -999.0 -999.0 -999.0 -999 -999 "" "" "" "" 0 0 0.0 0.0 -999 ""
FIBERMAP 1396 R0C3 APOGEE 1 1 0 1 0 0 -256.2495108842328 -18.557440230486307 143.1 -227.9336832238368 118.4279238868768 301.3347 44.958748 102.29090572376843 4.5613396083568585 0.2837936 -1.5575746 0.38702017 102.28865827528806 4.564432605945248 102.30902778617605 4.541597974756344 42.73194570044054 242.19954715549326 16000.0 16600.0 2016.0 2 297 {-999.0 14.616221 13.461265 12.974626 -999.0} sdss_psfmag_gaia 14.202226 13.45405 12.601773 10.771 63050395118222724 1108963497 bright_flexible_2x1 mwm_tess_rgb_apogee mwm_tessrgb science 0 0 0.0 0.0 -999 ""
FIBERMAP 1396 R0C3 BOSS 0 0 0 1 0 0 -256.9707981430604 -18.380215495020344 143.1 -228.45506989081716 118.9566727642661 301.3347 44.958748 -999.0 -999.0 -999.0 -999.0 -999.0 102.2861449287827 4.566654297338793 102.30668583235087 4.543972869187678 42.731784721355595 242.20407564132466 -999.0 5400.0 -999.0 1 422 {-999.0 -999.0 -999.0 -999.0 -999.0} "" -999.0 -999.0 -999.0 -999.0 -999 -999 "" "" "" "" 0 0 0.0 0.0 -999 ""
FIBERMAP 1396 R0C3 METROLOGY 0 0 0 1 0 0 -256.4691542741823 -17.837639439041734 143.1 -227.74367147065516 119.15593551839989 301.3347 44.958748 -999.0 -999.0 -999.0 -999.0 -999.0 102.28939028893626 4.567625171823819 102.3098858079648 4.544893299514829 42.73477777601955 242.2021195437446 -999.0 6231.0 -999.0 -1 -999 {-999.0 -999.0 -999.0 -999.0 -999.0} "" -999.0 -999.0 -999.0 -999.0 -999 -999 "" "" "" "" 0 0 0.0 0.0 -999 ""
FIBERMAP 1400 R-5C13 APOGEE 1 1 0 1 0 0 41.46494703136371 -105.08223353434812 143.1 -19.735014133169678 -111.2047265117506 300.50708 131.64688 103.23610158458447 3.525513944169101 1.292765 -0.6340151 0.91477156 103.23613091452751 3.5254914409911144 103.25374282039604 3.500383681137122 42.72686731984373 240.2877101092938 16000.0 16600.0 2016.0 2 155 {-999.0 13.883967 12.909011 12.524722 -999.0} sdss_psfmag_gaia 13.572591 12.935793 12.171483 10.595 63050395117937258 1104809267 bright_flexible_2x1 mwm_tess_rgb_apogee mwm_tessrgb science 0 0 0.0 0.0 -999 ""
FIBERMAP 1400 R-5C13 BOSS 0 0 0 1 0 0 41.25970675253661 -105.79983896785592 143.1 -20.285691384405553 -111.7083025334961 300.50708 131.64688 -999.0 -999.0 -999.0 -999.0 -999.0 103.23345605236759 3.522996537961936 103.25122460839839 3.4980469423076617 42.723435395568664 240.28771491989727 -999.0 5400.0 -999.0 1 379 {-999.0 -999.0 -999.0 -999.0 -999.0} "" -999.0 -999.0 -999.0 -999.0 -999 -999 "" "" "" "" 0 0 0.0 0.0 -999 ""
FIBERMAP 1400 R-5C13 METROLOGY 0 0 0 1 0 0 40.73923129854955 -105.26910035714465 143.1 -20.450893417784318 -110.98370501119076 300.50708 131.64688 -999.0 -999.0 -999.0 -999.0 -999.0 103.23274066757222 3.526337409220393 103.25047154415472 3.5013462821188326 42.72513429895322 240.29169856457654 -999.0 6231.0 -999.0 -1 -999 {-999.0 -999.0 -999.0 -999.0 -999.0} "" -999.0 -999.0 -999.0 -999.0 -999 -999 "" "" "" "" 0 0 0.0 0.0 -999 ""
