#%yanny
#
# confSummaryF-25618.par
#
# Created by pydl.pydlutils.yanny.yanny
#
# 2026-03-20 09:51:19 UTC
#
configuration_id 25618
robostrategy_run iota-1
fps_calibrations_version 2025.12.04
jaeger_version 1.11.0
coordio_version 1.18.1
kaiju_version 1.4.1
design_id 781312
field_id 101475
focal_scale 0.9999125
instruments BOSS APOGEE
epoch 2461119.914177005
obstime Fri Mar 20 09:51:19 2026
MJD 61119
observatory APO
temperature 15.387127292703028
raCen 190.393571589267
decCen 26.157298218106
pa 1.8494492
is_dithered 0
parent_configuration -999
dither_radius -999.0
cloned_from -999
rotator_angle 113.84
fvc_centroid_method flex
fvc_rms 0.02586
fvc_90_perc 0.009
fvc_percent_reached 65.0
fvc_image_path /data/fcam/61119/proc-fimg-fvc1n-0050.fits

typedef enum {
    BOSS,
    APOGEE,
    METROLOGY,
    NONE
} FIBERTYPE;

typedef struct {
    short positionerId;
    char holeId[28];
    FIBERTYPE fiberType;
    short assigned;
    short on_target;
    short disabled;
    short valid;
    short decollided;
    short too;
    double xwok;
    double ywok;
    double zwok;
    double xFocal;
    double yFocal;
    float alpha;
    float beta;
    double racat;
    double deccat;
    float pmra;
    float pmdec;
    float parallax;
    double ra;
    double dec;
    double ra_observed;
    double dec_observed;
    double alt_observed;
    double az_observed;
    float lambda_design;
    float lambda_eff;
    float coord_epoch;
    short spectrographId;
    short fiberId;
    float mag[5];
    char optical_prov[120];
    float bp_mag;
    float gaia_g_mag;
    float rp_mag;
    float h_mag;
    long catalogid;
    long carton_to_target_pk;
    char cadence[400];
    char firstcarton[400];
    char program[400];
    char category[400];
    long sdssv_boss_target0;
    long sdssv_apogee_target0;
    double delta_ra;
    double delta_dec;
    long too_id;
    char too_program[80];
} FIBERMAP;

FIBERMAP 3 R-1C14 APOGEE 0 0 0 1 0 0 18.335609778338714 -6.0676354291036265 143.1 18.12864891905912 -6.655644219900611 77.61225 100.55469 -999.0 -999.0 -999.0 -999.0 -999.0 190.48563469829398 26.126943000623697 190.48542911128334 25.98202502941805 62.87602711546768 263.46858900677205 -999.0 16600.0 -999.0 2 214 {-999.0 -999.0 -999.0 -999.0 -999.0} "" -999.0 -999.0 -999.0 -999.0 -999 -999 "" "" "" "" 0 0 0.0 0.0 -999 ""
FIBERMAP 3 R-1C14 BOSS 1 1 0 1 0 0 19.072831833506704 -6.061058259871244 143.1 18.865634715330195 -6.672861612394393 77.61225 100.55469 190.48929311479165 26.12681710802015 -999.0 -999.0 -999.0 190.48927816313005 26.126818520804697 190.4891754110581 25.981940413882935 62.879125614896985 263.4656892333305 5400.0 5400.0 2016.0 1 263 {-999.0 22.825499 21.641645 21.129105 20.742426} sdss_fiber2mag_from_lsdr10 nan nan nan -999.0 63050396913362702 1059139562 dark_flexible_2x2 bhm_spiders_agn_lsdr10 bhm_spiders science 0 0 0.0 0.0 -999 ""
FIBERMAP 3 R-1C14 METROLOGY 0 0 0 1 0 0 18.707035184080183 -6.716194160768781 143.1 18.478919012496533 -7.3157944860891275 77.61225 100.55469 -999.0 -999.0 -999.0 -999.0 -999.0 190.48734029657092 26.12390255141541 190.48721107636254 25.97901346235975 62.87640380458836 263.46115289035566 -999.0 6231.0 -999.0 -1 -999 {-999.0 -999.0 -999.0 -999.0 -999.0} "" -999.0 -999.0 -999.0 -999.0 -999 -999 "" "" "" "" 0 0 0.0 0.0 -999 ""
FIBERMAP 16 R+7C7 APOGEE 0 0 0 1 0 0 -92.06452410297521 119.44612763054036 143.1 -88.15392221628589 122.34443226727137 291.44437 40.601017 -999.0 -999.0 -999.0 -999.0 -999.0 189.94519776847565 26.713026767823816 189.94554512511354 26.56781656672053 62.63505810126509 265.0429966976312 -999.0 16600.0 -999.0 2 102 {-999.0 -999.0 -999.0 -999.0 -999.0} "" -999.0 -999.0 -999.0 -999.0 -999 -999 "" "" "" "" 0 0 0.0 0.0 -999 ""
FIBERMAP 16 R+7C7 BOSS 1 1 0 1 0 0 -92.71858746845717 119.78516752888162 143.1 -88.79664666211195 122.70437288586221 291.44437 40.601017 189.94180206766703 26.714636354509278 -1.2118198 -0.94766474 0.4084752 189.94178078206681 26.714652584217706 189.94224336106493 26.56947803974636 62.632874033721755 265.0486323973233 5400.0 5400.0 2016.0 1 76 {-999.0 16.558622 16.159922 16.001186 15.936401} sdss_psfmag_from_gaia 16.5051 16.1731 15.6839 14.855 63050395173413682 970843851 "" ops_std_boss_gdr2 ops_std standard_boss 0 0 0.0 0.0 -999 ""
FIBERMAP 16 R+7C7 METROLOGY 0 0 0 1 0 0 -92.10249279483344 120.19287990589228 143.1 -88.16776970315212 123.09195550743902 291.44437 40.601017 -999.0 -999.0 -999.0 -999.0 -999.0 189.94501372063013 26.71642632667874 189.94543926631889 26.57124190787833 62.63616911446242 265.05004892056536 -999.0 6231.0 -999.0 -1 -999 {-999.0 -999.0 -999.0 -999.0 -999.0} "" -999.0 -999.0 -999.0 -999.0 -999 -999 "" "" "" "" 0 0 0.0 0.0 -999 ""
FIBERMAP 37 R-9C9 APOGEE 0 0 0 1 0 0 1.6503089974456522 -164.93689136316308 143.1 -3.6732990184211585 -164.88980419409157 61.285686 91.01289 -999.0 -999.0 -999.0 -999.0 -999.0 190.37483397462748 25.407970537881067 190.375111561857 25.26316429029013 62.51122495442124 262.1009994311967 -999.0 16600.0 -999.0 2 167 {-999.0 -999.0 -999.0 -999.0 -999.0} "" -999.0 -999.0 -999.0 -999.0 -999 -999 "" "" "" "" 0 0 0.0 0.0 -999 ""
FIBERMAP 37 R-9C9 BOSS 1 1 0 1 0 0 2.3050148262060937 -165.28060557726658 143.1 -3.030083342910587 -165.25443701734858 61.285686 91.01289 190.377945435645 25.4063433285681 1.604315 -35.66989 0.4428688 190.37796026449914 25.4062230066109 190.37834235345042 25.261459555686024 62.513251675586694 262.09513146857523 5400.0 5400.0 2016.0 1 376 {-999.0 21.435312 19.973171 19.417837 -999.0} sdss_psfmag 20.703758 19.94869 19.006714 -999.0 63050395173372582 1076029257 dark_flexible_2x2 mwm_erosita_compact_boss mwm_erosita science 0 0 0.0 0.0 -999 ""
FIBERMAP 37 R-9C9 METROLOGY 0 0 0 1 0 0 1.664184723304441 -165.68361496690716 143.1 -3.683528914738187 -165.63652128685845 61.285686 91.01289 -999.0 -999.0 -999.0 -999.0 -999.0 190.37470314027206 25.4045196774231 190.37506001224892 25.259743783759976 62.50984926489258 262.0942140903529 -999.0 6231.0 -999.0 -1 -999 {-999.0 -999.0 -999.0 -999.0 -999.0} "" -999.0 -999.0 -999.0 -999.0 -999 -999 "" "" "" "" 0 0 0.0 0.0 -999 ""
FIBERMAP 40 R+12C6 APOGEE 0 0 0 1 0 0 -28.397179040910864 239.29690670440837 143.1 -20.65766038054209 240.06771690783873 54.85998 77.841354 -999.0 -999.0 -999.0 -999.0 -999.0 190.28888122230765 27.244838297246613 190.2884735673582 27.09962777388115 63.10480238138455 265.90861223352346 -999.0 16600.0 -999.0 2 -999 {-999.0 -999.0 -999.0 -999.0 -999.0} "" -999.0 -999.0 -999.0 -999.0 -999 -999 "" "" "" "" 0 0 0.0 0.0 -999 ""
FIBERMAP 40 R+12C6 BOSS 1 1 0 1 0 0 -27.868262809924335 238.7574744013153 143.1 -20.146473705659275 239.51154436502026 54.85998 77.841354 190.29139198072485 27.242348464711576 -2.2167137 -0.8690293 1.9726967 190.29137119610417 27.242347844282445 190.29107045232695 27.09717335676367 63.106157850464264 265.9017872261436 5400.0 5400.0 2016.0 1 156 {-999.0 20.569805 20.360981 20.291874 20.249819} sdss_psfmag_from_lsdr10 nan 20.256823 nan -999.0 63050395173415825 1059143882 dark_flexible_2x2 bhm_spiders_agn_lsdr10 bhm_spiders science 0 0 0.0 0.0 -999 ""
FIBERMAP 40 R+12C6 METROLOGY 0 0 0 1 0 0 -28.592587753832667 238.5768529457028 143.1 -20.876186741600012 239.3544071585363 54.85998 77.841354 -999.0 -999.0 -999.0 -999.0 -999.0 190.287684609295 27.24164307057805 190.28735879958379 27.096457703533172 63.102804874417075 265.9027452388409 -999.0 6231.0 -999.0 -1 -999 {-999.0 -999.0 -999.0 -999.0 -999.0} "" -999.0 -999.0 -999.0 -999.0 -999 -999 "" "" "" "" 0 0 0.0 0.0 -999 ""
FIBERMAP 52 R+5C17 APOGEE 0 0 0 1 0 0 136.59934238061214 104.19681487989764 143.1 139.87872710564528 99.72528835165456 46.729984 98.0664 -999.0 -999.0 -999.0 -999.0 -999.0 191.10470865504183 26.60845406375151 191.1033545083269 26.463651432916585 63.56738096863991 264.01804463762727 -999.0 16600.0 -999.0 2 -999 {-999.0 -999.0 -999.0 -999.0 -999.0} "" -999.0 -999.0 -999.0 -999.0 -999 -999 "" "" "" "" 0 0 0.0 0.0 -999 ""
FIBERMAP 52 R+5C17 BOSS 1 1 0 1 0 0 137.19401292554525 103.77390277724442 143.1 140.45938826198736 99.28344319345338 46.729984 98.0664 191.10723607019088 26.606379079433555 -19.240288 14.0176525 3.1506665 191.10758626005216 26.60642376039233 191.1063347354915 26.461658817855636 63.56916233812241 264.01172421187204 5400.0 5400.0 2016.0 1 206 {-999.0 17.553123 16.158327 15.329433 -999.0} sdss_psfmag 16.984102 15.950146 14.937604 12.973 63050395173401589 1077950065 bright_flexible_2x1 mwm_snc_ext_main_boss mwm_snc science 0 0 1.3068209886550903 0.0 -999 ""
FIBERMAP 52 R+5C17 METROLOGY 0 0 0 1 0 0 136.53604359596716 103.45340702119944 143.1 139.7914766508101 98.98437545052636 46.729984 98.0664 -999.0 -999.0 -999.0 -999.0 -999.0 191.10422086876272 26.605097924566337 191.10294502744682 26.46032177896564 63.56585041097205 264.0113511357156 -999.0 6231.0 -999.0 -1 -999 {-999.0 -999.0 -999.0 -999.0 -999.0} "" -999.0 -999.0 -999.0 -999.0 -999 -999 "" "" "" "" 0 0 0.0 0.0 -999 ""
FIBERMAP 56 R-8C4 APOGEE 0 0 0 1 0 0 -148.4248276748501 -171.5240957218811 143.1 -153.8697063703835 -166.62999403190528 293.99017 35.40506 -999.0 -999.0 -999.0 -999.0 -999.0 189.62112294741473 25.400145064209532 189.62249029015732 25.255106953135204 61.88082601648695 262.65163603281184 -999.0 16600.0 -999.0 2 -999 {-999.0 -999.0 -999.0 -999.0 -999.0} "" -999.0 -999.0 -999.0 -999.0 -999 -999 "" "" "" "" 0 0 0.0 0.0 -999 ""
FIBERMAP 56 R-8C4 BOSS 1 1 0 1 0 0 -149.07281921519046 -171.12218510882587 143.1 -154.5043338125471 -166.20741688872604 293.99017 35.40506 189.6177843783455 25.401990638104202 0.039833687 0.070187114 -0.18968698 189.6177915140996 25.401979337341253 189.61927423426482 25.25698210702785 61.87886936031022 262.657692280611 5400.0 5400.0 2016.0 1 452 {-999.0 17.790136 17.718157 17.638332 17.356255} sdss_psfmag 17.685417 17.529264 17.114466 15.666 63050395173373359 1128956082 dark_1x4 bhm_aqmes_wide1 bhm_aqmes science 0 0 0.0 0.0 -999 ""
FIBERMAP 56 R-8C4 METROLOGY 0 0 0 1 0 0 -148.4265483150694 -170.7779998701911 143.1 -153.8473490411853 -165.88429656056837 293.99017 35.40506 -999.0 -999.0 -999.0 -999.0 -999.0 189.62109169170742 25.403453121814106 189.62253750398133 25.258444576943994 61.88215662857341 262.6581313310948 -999.0 6231.0 -999.0 -1 -999 {-999.0 -999.0 -999.0 -999.0 -999.0} "" -999.0 -999.0 -999.0 -999.0 -999 -999 "" "" "" "" 0 0 0.0 0.0 -999 ""
FIBERMAP 59 R+4C8 APOGEE 0 0 0 1 0 0 -87.7974464566408 61.82696102537185 143.1 -85.74884268512544 64.62261880766033 297.04712 90.96418 -999.0 -999.0 -999.0 -999.0 -999.0 189.95785043310244 26.45093818368774 189.95828934318047 26.305785312723255 62.55292563661081 264.50184332938227 -999.0 16600.0 -999.0 2 -999 {-999.0 -999.0 -999.0 -999.0 -999.0} "" -999.0 -999.0 -999.0 -999.0 -999 -999 "" "" "" "" 0 0 0.0 0.0 -999 ""
FIBERMAP 59 R+4C8 BOSS 1 1 0 1 0 0 -88.43129670833814 61.415261477862174 143.1 -86.39559308828241 64.23162442353038 297.04712 90.96418 189.9544140205987 26.44912182637042 -0.0038290494 -0.38449776 -0.29246178 189.95441450089606 26.449140388549132 189.95496984298245 26.304024828552222 62.54951681276297 264.5005888609362 5400.0 5400.0 2016.0 1 33 {-999.0 19.796484 19.35413 19.026134 18.811098} sdss_psfmag 19.638634 19.316486 18.791317 -999.0 63050395173412323 1128956194 dark_1x4 bhm_aqmes_wide1 bhm_aqmes science 0 0 0.0 0.0 -999 ""
FIBERMAP 59 R+4C8 METROLOGY 0 0 0 1 0 0 -88.46617280291937 62.157819083010935 143.1 -86.40648522364138 64.97485574561753 297.04712 90.96418 -999.0 -999.0 -999.0 -999.0 -999.0 189.95439181903689 26.45252559794763 189.95491444734637 26.307398562552073 62.55067835502323 264.50746098930995 -999.0 6231.0 -999.0 -1 -999 {-999.0 -999.0 -999.0 -999.0 -999.0} "" -999.0 -999.0 -999.0 -999.0 -999 -999 "" "" "" "" 0 0 0.0 0.0 -999 ""
FIBERMAP 63 R+5C19 APOGEE 0 0 0 1 0 0 178.45787458546585 99.35737965372991 143.1 181.55562237866897 93.53799951085118 354.47488 135.22025 -999.0 -999.0 -999.0 -999.0 -999.0 191.31511377182184 26.578557807876912 191.31345845756266 26.433838127161998 63.73239618847102 263.8037689944221 -999.0 16600.0 -999.0 2 -999 {-999.0 -999.0 -999.0 -999.0 -999.0} "" -999.0 -999.0 -999.0 -999.0 -999 -999 "" "" "" "" 0 0 0.0 0.0 -999 ""
FIBERMAP 63 R+5C19 BOSS 1 1 0 1 0 0 178.94638852365162 98.78559364949278 143.1 182.02538726881883 92.95079675424742 354.47488 135.22025 191.31742114608468 26.575871135749164 -6.55192 -4.985107 0.089613155 191.3174119145361 26.575860174547543 191.31585959691438 26.431178037187145 63.7334500081409 263.79641623348044 5400.0 5400.0 2016.0 1 204 {-999.0 17.120802 16.814411 16.646852 -999.0} sdss_psfmag 17.062374 16.77426 16.322668 15.349 63050395173401148 980926768 "" ops_std_boss_tic ops_std standard_boss 0 0 0.0 0.0 -999 ""
FIBERMAP 63 R+5C19 METROLOGY 0 0 0 1 0 0 178.20063023324596 98.65703165183174 143.1 181.27593391318183 92.8463789998767 354.47488 135.22025 -999.0 -999.0 -999.0 -999.0 -999.0 191.31365356715844 26.575430489440716 191.3120773267392 26.430736812186534 63.730130018752945 263.798228836117 -999.0 6231.0 -999.0 -1 -999 {-999.0 -999.0 -999.0 -999.0 -999.0} "" -999.0 -999.0 -999.0 -999.0 -999 -999 "" "" "" "" 0 0 0.0 0.0 -999 ""
FIBERMAP 65 R+5C14 APOGEE 0 0 0 1 0 0 42.23315274403374 102.3364621938712 143.1 45.50991293459847 100.91131619006804 169.62416 105.87788 -999.0 -999.0 -999.0 -999.0 -999.0 190.62553446946367 26.616326058306438 190.62489730772813 26.47135458657361 63.16985936694495 264.37419033813 -999.0 16600.0 -999.0 2 41 {-999.0 -999.0 -999.0 -999.0 -999.0} "" -999.0 -999.0 -999.0 -999.0 -999 -999 "" "" "" "" 0 0 0.0 0.0 -999 ""
FIBERMAP 65 R+5C14 BOSS 1 1 0 1 0 0 42.16459214647636 103.07598749055515 143.1 45.46525893482768 101.65260406587072 169.62416 105.87788 190.62521751465923 26.619744559362413 6.3393383 -11.004188 0.34473366 190.62522801463288 26.619704575590728 190.62469766746926 26.47476898283728 63.17090444592712 264.38140317461404 5400.0 5400.0 2016.0 1 159 {-999.0 16.94311 16.566154 16.417477 -999.0} sdss_psfmag 16.8725 16.572676 16.094484 15.202 63050395173401783 977060560 "" ops_std_boss ops_std standard_boss 0 0 0.0 0.0 -999 ""
FIBERMAP 65 R+5C14 METROLOGY 0 0 0 1 0 0 42.834302209048616 102.77781171698551 143.1 46.12493926641283 101.33299778382084 169.62416 105.87788 -999.0 -999.0 -999.0 -999.0 -999.0 190.62860924771067 26.61824507717659 190.6280438909024 26.47330053389239 63.17318341436809 264.3760053487997 -999.0 6231.0 -999.0 -1 -999 {-999.0 -999.0 -999.0 -999.0 -999.0} "" -999.0 -999.0 -999.0 -999.0 -999 -999 "" "" "" "" 0 0 0.0 0.0 -999 ""
FIBERMAP 71 R-4C9 APOGEE 1 1 0 1 0 0 -80.93289487446246 -78.76816268964383 143.1 -83.42554913392274 -76.1084931407554 188.92564 112.664154 189.97176238674274 25.810471265361773 -3.1024797 8.890739 2.6042216 189.97174356787212 25.81048596069234 189.97243221682095 25.665468600890616 62.32952023064688 263.2044952197567 16000.0 16600.0 2016.0 2 270 {-999.0 11.778027 11.486548 11.414536 -999.0} sdss_psfmag_from_g3xp 11.743171 11.495917 11.089921 10.42 63050395173374021 975021941 "" ops_std_apogee ops_std standard_apogee 0 0 0.0 0.0 -999 ""
FIBERMAP 71 R-4C9 BOSS 0 0 0 1 0 0 -81.31916837333296 -78.12774144609158 143.1 -83.79092088848228 -75.45599625591775 188.92564 112.664154 -999.0 -999.0 -999.0 -999.0 -999.0 189.96973234351148 25.81337401829757 189.9705328137926 25.668395775557286 62.32903653859928 263.2117227277952 -999.0 5400.0 -999.0 1 462 {-999.0 -999.0 -999.0 -999.0 -999.0} "" -999.0 -999.0 -999.0 -999.0 -999 -999 "" "" "" "" 0 0 0.0 0.0 -999 ""
FIBERMAP 71 R-4C9 METROLOGY 0 0 0 1 0 0 -80.57419727623733 -78.11576352268233 143.1 -83.04601647930855 -75.4680662457566 188.92564 112.664154 -999.0 -999.0 -999.0 -999.0 -999.0 189.97353319771324 25.813342818989444 189.97429690557544 25.66835432173375 62.33216388777436 263.208889155065 -999.0 6231.0 -999.0 -1 -999 {-999.0 -999.0 -999.0 -999.0 -999.0} "" -999.0 -999.0 -999.0 -999.0 -999 -999 "" "" "" "" 0 0 0.0 0.0 -999 ""
FIBERMAP 78 R-5C11 APOGEE 1 1 0 1 0 0 -21.066998376882243 -100.15691974482725 143.1 -24.286300503884096 -99.41614313930852 170.33571 141.38565 190.27073358258258 25.704872238668827 1.5959802 -25.644606 4.761127 190.27075413749674 25.704782059804252 190.2710516177118 25.559880703932773 62.53876485984541 262.77298488444495 16000.0 16600.0 2016.0 2 160 {-999.0 10.524901 10.0006075 9.818939 -999.0} sdss_psfmag_from_g3xp 10.416916 10.036743 9.486243 8.499 63050395173398850 975022066 "" ops_std_apogee ops_std standard_apogee 0 0 0.0 0.0 -999 ""
FIBERMAP 78 R-5C11 BOSS 0 0 0 1 0 0 -21.561619231053797 -99.61081236710613 143.1 -24.762997258093502 -98.85440631344568 170.33571 141.38565 -999.0 -999.0 -999.0 -999.0 -999.0 190.26822103518307 25.707245894878895 190.26862995482645 25.56238362493677 62.53769746221124 262.77980707778727 -999.0 5400.0 -999.0 1 366 {-999.0 -999.0 -999.0 -999.0 -999.0} "" -999.0 -999.0 -999.0 -999.0 -999 -999 "" "" "" "" 0 0 0.0 0.0 -999 ""
FIBERMAP 78 R-5C11 METROLOGY 0 0 0 1 0 0 -20.835308775164457 -99.44923624110258 143.1 -24.031914521347726 -98.71636692342214 170.33571 141.38565 -999.0 -999.0 -999.0 -999.0 -999.0 190.27194717495541 25.707893985740768 190.27231953065484 25.563021326445384 62.5410180750533 262.778338619924 -999.0 6231.0 -999.0 -1 -999 {-999.0 -999.0 -999.0 -999.0 -999.0} "" -999.0 -999.0 -999.0 -999.0 -999 -999 "" "" "" "" 0 0 0.0 0.0 -999 ""
FIBERMAP 86 R-12C11 APOGEE 0 0 0 1 0 0 88.79576774298546 -229.10903642831852 143.1 81.34827223278567 -231.83514028799755 83.8473 23.1947 -999.0 -999.0 -999.0 -999.0 -999.0 190.80003449234982 25.10666150748071 190.79984073048752 24.962061272750592 62.74570581769412 261.1690437582721 -999.0 16600.0 -999.0 2 -999 {-999.0 -999.0 -999.0 -999.0 -999.0} "" -999.0 -999.0 -999.0 -999.0 -999 -999 "" "" "" "" 0 0 0.0 0.0 -999 ""
FIBERMAP 86 R-12C11 BOSS 1 1 0 1 0 0 89.0055270553242 -229.8268856659479 143.1 81.53473854383657 -232.5593218519483 83.8473 23.1947 190.80084133495012 25.10336072192348 -999.0 -999.0 -999.0 190.80084064896093 25.103355965376615 190.8007536581881 24.958798797708337 62.745159327773344 261.1617914398915 5400.0 5400.0 2016.0 1 407 {-999.0 nan nan nan nan} undefined nan nan nan -999.0 63050398343548289 1059133706 dark_flexible_2x2 bhm_spiders_agn_lsdr10 bhm_spiders science 0 0 0.0 0.0 -999 ""
FIBERMAP 86 R-12C11 METROLOGY 0 0 0 1 0 0 88.28765268796076 -229.65537064047172 143.1 80.8228357975805 -232.36474497215923 83.8473 23.1947 -999.0 -999.0 -999.0 -999.0 -999.0 190.7973208484886 25.104241843542667 190.79720831245072 24.959671338101096 62.742562547785624 261.1663452853642 -999.0 6231.0 -999.0 -1 -999 {-999.0 -999.0 -999.0 -999.0 -999.0} "" -999.0 -999.0 -999.0 -999.0 -999 -999 "" "" "" "" 0 0 0.0 0.0 -999 ""
FIBERMAP 97 R-4C15 APOGEE 0 0 0 1 0 0 72.02529020399584 -93.77156430594738 143.1 68.9554119438617 -96.03881163896162 313.55215 88.342705 -999.0 -999.0 -999.0 -999.0 -999.0 190.74174532565067 25.719777288255898 190.74135028618116 25.575029779238243 62.93672429292458 262.4503333564968 -999.0 16600.0 -999.0 2 191 {-999.0 -999.0 -999.0 -999.0 -999.0} "" -999.0 -999.0 -999.0 -999.0 -999 -999 "" "" "" "" 0 0 0.0 0.0 -999 ""
FIBERMAP 97 R-4C15 BOSS 1 1 0 1 0 0 71.48092673962071 -94.27154291585838 143.1 68.39524507267261 -96.5209191664245 313.55215 88.342705 190.73885436523088 25.71751246098423 -0.04121192 -0.16650547 -0.0017257688 190.73883515708388 25.71750825489782 190.73855234302812 25.57280009904218 62.93354003010947 262.4479241315345 5400.0 5400.0 2016.0 1 314 {-999.0 18.554232 18.588337 18.752298 18.637768} sdss_psfmag 18.726027 18.725607 18.429113 -999.0 63050395173397910 1128956154 dark_1x4 bhm_aqmes_wide1 bhm_aqmes science 0 0 0.0 0.0 -999 ""
FIBERMAP 97 R-4C15 METROLOGY 0 0 0 1 0 0 71.31329830518825 -93.54310072478432 143.1 68.2512258485601 -95.78751068007449 313.55215 88.342705 -999.0 -999.0 -999.0 -999.0 -999.0 190.73814807658283 25.720860606655677 190.73783440535146 25.57614021013244 62.93421768744695 262.4552516199169 -999.0 6231.0 -999.0 -1 -999 {-999.0 -999.0 -999.0 -999.0 -999.0} "" -999.0 -999.0 -999.0 -999.0 -999 -999 "" "" "" "" 0 0 0.0 0.0 -999 ""
FIBERMAP 103 R-8C3 APOGEE 1 1 0 1 0 0 -157.47688009661957 -167.71840023695682 143.1 -162.7934398641777 -162.5344991386775 261.23593 123.40872 189.57631785358942 25.41878982771021 -0.68978226 -68.07398 6.562201 189.57635030027632 25.418597033588245 189.5777748744007 25.273542087285975 61.85065824965031 262.720844722076 16000.0 16600.0 2016.0 2 267 {-999.0 10.614013 10.251773 10.135246 -999.0} sdss_psfmag_from_g3xp 10.5557575 10.265786 9.80674 9.03 63050395173373365 975021911 "" ops_std_apogee ops_std standard_apogee 0 0 0.0 0.0 -999 ""
FIBERMAP 103 R-8C3 BOSS 0 0 0 1 0 0 -158.13866850795804 -168.0465476964879 143.1 -163.46541515835102 -162.841090686118 261.23593 123.40872 -999.0 -999.0 -999.0 -999.0 -999.0 189.57287575825973 25.417147713272485 189.57441742824733 25.272134282139874 61.8473140138143 262.72057800826684 -999.0 5400.0 -999.0 1 476 {-999.0 -999.0 -999.0 -999.0 -999.0} "" -999.0 -999.0 -999.0 -999.0 -999 -999 "" "" "" "" 0 0 0.0 0.0 -999 ""
FIBERMAP 103 R-8C3 METROLOGY 0 0 0 1 0 0 -158.10287885414033 -167.2959032065107 143.1 -163.4054235684017 -162.09205782154928 261.23593 123.40872 -999.0 -999.0 -999.0 -999.0 -999.0 189.57316933748572 25.420540455349606 189.57467763023362 25.275514435100987 61.84883654890167 262.7269936956727 -999.0 6231.0 -999.0 -1 -999 {-999.0 -999.0 -999.0 -999.0 -999.0} "" -999.0 -999.0 -999.0 -999.0 -999 -999 "" "" "" "" 0 0 0.0 0.0 -999 ""
FIBERMAP 107 R-3C24 APOGEE 0 0 0 1 0 0 274.37695393143014 -64.86432771683775 143.1 272.11682228847957 -73.67916074873705 15.162428 75.27089 -999.0 -999.0 -999.0 -999.0 -999.0 191.7596956247229 25.817463371839537 191.75777087721656 25.673070095214435 63.82094177449389 261.8697588187557 -999.0 16600.0 -999.0 2 222 {-999.0 -999.0 -999.0 -999.0 -999.0} "" -999.0 -999.0 -999.0 -999.0 -999 -999 "" "" "" "" 0 0 0.0 0.0 -999 ""
FIBERMAP 107 R-3C24 BOSS 1 1 0 1 0 0 274.38096225779435 -65.60760149216736 143.1 272.0968423236073 -74.42211168548286 15.162428 75.27089 191.75944539354273 25.814068792305964 -0.042583365 0.15864529 0.31751934 191.759426931796 25.814075124106417 191.757607250796 25.669720955158233 63.8195215451433 261.86287586860647 5400.0 5400.0 2016.0 1 253 {-999.0 18.389038 18.46094 18.348818 18.515583} sdss_psfmag 18.444609 18.40952 18.112219 -999.0 63050395173396600 1128956151 dark_1x4 bhm_aqmes_wide1 bhm_aqmes science 0 0 0.0 0.0 -999 ""
FIBERMAP 107 R-3C24 METROLOGY 0 0 0 1 0 0 273.72847403883196 -65.2344217570123 143.1 271.4567937772918 -74.02810283075755 15.162428 75.27089 -999.0 -999.0 -999.0 -999.0 -999.0 191.75632671556687 25.815881758606704 191.75448145249266 25.671515085470645 63.817607440256964 261.8690796070565 -999.0 6231.0 -999.0 -1 -999 {-999.0 -999.0 -999.0 -999.0 -999.0} "" -999.0 -999.0 -999.0 -999.0 -999 -999 "" "" "" "" 0 0 0.0 0.0 -999 ""
FIBERMAP 110 R-1C13 APOGEE 0 0 0 1 0 0 -20.046403737243274 -20.3184524768446 143.1 -20.689895611517812 -19.65918277942794 137.91324 154.86531 -999.0 -999.0 -999.0 -999.0 -999.0 190.28867030300773 26.067757337165453 190.28878213985172 25.922787068520375 62.68983777492356 263.4911838130345 -999.0 16600.0 -999.0 2 162 {-999.0 -999.0 -999.0 -999.0 -999.0} "" -999.0 -999.0 -999.0 -999.0 -999 -999 "" "" "" "" 0 0 0.0 0.0 -999 ""
FIBERMAP 110 R-1C13 BOSS 1 1 0 1 0 0 -20.339297587678146 -19.639703338804384 143.1 -20.960707665331014 -18.971394730355826 137.91324 154.86531 190.28716266923064 26.07087560638829 -999.0 -999.0 -999.0 190.28717266178728 26.07084025945006 190.2873943063032 25.925907919846036 62.68983367461298 263.49850976008275 5400.0 5400.0 2016.0 1 346 {-999.0 21.948671 21.62084 21.227806 20.8953} sdss_psfmag_from_lsdr10 nan nan nan -999.0 63050399058509147 1059138387 dark_flexible_2x2 bhm_spiders_agn_lsdr10 bhm_spiders science 0 0 0.0 0.0 -999 ""
FIBERMAP 110 R-1C13 METROLOGY 0 0 0 1 0 0 -19.601410699829977 -19.710482626617004 143.1 -20.225553776172873 -19.065942972645097 137.91324 154.86531 -999.0 -999.0 -999.0 -999.0 -999.0 190.29093522444552 26.07042381445649 190.2911206088146 25.925481707751203 62.692789116229804 263.4949426832369 -999.0 6231.0 -999.0 -1 -999 {-999.0 -999.0 -999.0 -999.0 -999.0} "" -999.0 -999.0 -999.0 -999.0 -999 -999 "" "" "" "" 0 0 0.0 0.0 -999 ""
FIBERMAP 114 R-12C15 APOGEE 0 0 0 1 0 0 163.57436594282163 -226.0703156038031 143.1 156.17943816230348 -231.2114145519574 11.062194 146.11789 -999.0 -999.0 -999.0 -999.0 -999.0 191.17279959384942 25.109878443664112 191.17207467848118 24.965410338314282 63.056219530063785 260.87888197146634 -999.0 16600.0 -999.0 2 236 {-999.0 -999.0 -999.0 -999.0 -999.0} "" -999.0 -999.0 -999.0 -999.0 -999 -999 "" "" "" "" 0 0 0.0 0.0 -999 ""
FIBERMAP 114 R-12C15 BOSS 1 1 0 1 0 0 164.25524106921728 -226.36959427694845 143.1 156.8502411739873 -231.53248336534347 11.062194 146.11789 191.1760364353677 25.108409306543134 -4.0803027 -0.300522 1.002709 191.1759975320424 25.108414402393763 191.1753736661592 24.96398946907713 63.05838784729866 260.873359167225 5400.0 5400.0 2016.0 1 258 {-999.0 21.3277 21.12388 20.717375 20.43372} sdss_fiber2mag_from_lsdr10 20.242754 20.854269 19.560709 -999.0 63050395173393477 1059133710 dark_flexible_2x2 bhm_spiders_agn_lsdr10 bhm_spiders science 0 0 0.0 0.0 -999 ""
FIBERMAP 114 R-12C15 METROLOGY 0 0 0 1 0 0 163.64842462160468 -226.81551853904142 143.1 156.22940367789033 -231.9585540382776 11.062194 146.11789 -999.0 -999.0 -999.0 -999.0 -999.0 191.17291401636194 25.10651973239986 191.17226573654887 24.962082258459557 63.05504147922192 260.8720021487566 -999.0 6231.0 -999.0 -1 -999 {-999.0 -999.0 -999.0 -999.0 -999.0} "" -999.0 -999.0 -999.0 -999.0 -999 -999 "" "" "" "" 0 0 0.0 0.0 -999 ""
FIBERMAP 115 R-11C13 APOGEE 1 1 0 1 0 0 91.4405484498027 -216.28526598769676 143.1 84.40527403043464 -219.10452003873715 163.5205 146.10745 190.8157874111071 25.163760632606618 -5.7745433 -6.8499146 0.37895998 190.8157888741711 25.163703258295122 190.81554608471652 25.01909664105219 62.781525443225775 261.2708904149 16000.0 16600.0 2016.0 2 166 {-999.0 13.695257 12.954141 12.66403 -999.0} sdss_psfmag_from_g3xp 13.486824 12.98013 12.315333 10.927 63050395173394231 1107417470 bright_flexible_2x1 mwm_tess_rgb_apogee mwm_tessrgb science 0 0 0.0 0.0 -999 ""
FIBERMAP 115 R-11C13 BOSS 0 0 0 1 0 0 90.96410871836963 -215.7195944466666 143.1 83.94737868430362 -218.52381766673014 163.5205 146.10745 -999.0 -999.0 -999.0 -999.0 -999.0 190.81342810502724 25.16623385903755 190.81329385423805 25.02166774640756 62.780677759244824 261.27782388082477 -999.0 5400.0 -999.0 1 395 {-999.0 -999.0 -999.0 -999.0 -999.0} "" -999.0 -999.0 -999.0 -999.0 -999 -999 "" "" "" "" 0 0 0.0 0.0 -999 ""
FIBERMAP 115 R-11C13 METROLOGY 0 0 0 1 0 0 91.69548141725055 -215.58422862133668 143.1 84.68267476350886 -218.41213599303796 163.5205 146.10745 -999.0 -999.0 -999.0 -999.0 -999.0 190.81713558052448 25.166754884737493 190.81696565324637 25.022178090019292 62.7839328788665 261.2759496696427 -999.0 6231.0 -999.0 -1 -999 {-999.0 -999.0 -999.0 -999.0 -999.0} "" -999.0 -999.0 -999.0 -999.0 -999 -999 "" "" "" "" 0 0 0.0 0.0 -999 ""
FIBERMAP 117 R-1C9 APOGEE 0 0 0 1 0 0 -118.25994505325835 -18.484968440190826 143.1 -118.78451868953822 -14.657409307422483 207.0466 82.812386 -999.0 -999.0 -999.0 -999.0 -999.0 189.79177273403383 26.089577401230322 189.79260985006954 25.944448097744672 62.28313840873258 263.89132180794314 -999.0 16600.0 -999.0 2 244 {-999.0 -999.0 -999.0 -999.0 -999.0} "" -999.0 -999.0 -999.0 -999.0 -999 -999 "" "" "" "" 0 0 0.0 0.0 -999 ""
FIBERMAP 117 R-1C9 BOSS 1 1 0 1 0 0 -118.53210851586223 -17.794224841763725 143.1 -119.03422589955855 -13.958303076091045 207.0466 82.812386 189.79049512240056 26.0927850919859 -47.846615 -28.293367 0.8377795 189.79032411491275 26.092707872117483 189.791273065219 25.947616981026364 62.28318679099515 263.89860808430717 5400.0 5400.0 2016.0 1 481 {-999.0 16.844534 16.299892 16.127499 -999.0} sdss_psfmag 16.723993 16.33418 15.783124 14.811 63050395173411891 1136214427 dark_flexible_3x1 mwm_halo_local_high_boss_triple mwm_halo science 0 0 0.0 0.0 -999 ""
FIBERMAP 117 R-1C9 METROLOGY 0 0 0 1 0 0 -117.79166431097467 -17.89843367081178 143.1 -118.29759503881294 -14.086343047929873 207.0466 82.812386 -999.0 -999.0 -999.0 -999.0 -999.0 189.79409239025279 26.092150823580642 189.79500453022638 25.947049983228816 62.28609810158223 263.8948199165474 -999.0 6231.0 -999.0 -1 -999 {-999.0 -999.0 -999.0 -999.0 -999.0} "" -999.0 -999.0 -999.0 -999.0 -999 -999 "" "" "" "" 0 0 0.0 0.0 -999 ""
FIBERMAP 119 R0C6 APOGEE 0 0 0 1 0 0 -175.54274492257287 -19.597382799021258 143.1 -176.06836733484297 -13.920599509775682 331.20932 56.90589 -999.0 -999.0 -999.0 -999.0 -999.0 189.50297595709148 26.091640294418053 189.50423988582247 25.946426053306862 62.04271088573269 264.09936862307876 -999.0 16600.0 -999.0 2 -999 {-999.0 -999.0 -999.0 -999.0 -999.0} "" -999.0 -999.0 -999.0 -999.0 -999 -999 "" "" "" "" 0 0 0.0 0.0 -999 ""
FIBERMAP 119 R0C6 BOSS 1 1 0 1 0 0 -176.1705736026358 -19.97128464236113 143.1 -176.70788007708305 -14.27401350435051 331.20932 56.90589 189.49962246392988 26.089978697162415 -4.4344783 -5.207325 2.0874362 189.49959979277028 26.089973061533314 189.50098154953764 25.944798004993764 62.03938786112714 264.09843274176603 5400.0 5400.0 2016.0 1 494 {-999.0 19.733917 19.896217 20.10123 -999.0} sdss_psfmag 19.736118 19.814516 19.815254 -999.0 63050395173386784 1143500443 dark_1x3 mwm_wd_pwd_boss_1x3 mwm_wd science 0 0 0.0 0.0 -999 ""
FIBERMAP 119 R0C6 METROLOGY 0 0 0 1 0 0 -176.18322247778556 -19.214694307189337 143.1 -176.69610567160436 -13.517475273978247 331.20932 56.90589 -999.0 -999.0 -999.0 -999.0 -999.0 189.49967602385635 26.093422178924204 189.50102451545763 25.948235148250593 62.04068549478595 264.10522166369907 -999.0 6231.0 -999.0 -1 -999 {-999.0 -999.0 -999.0 -999.0 -999.0} "" -999.0 -999.0 -999.0 -999.0 -999 -999 "" "" "" "" 0 0 0.0 0.0 -999 ""
FIBERMAP 120 R-7C13 APOGEE 0 0 0 1 0 0 48.837154071900315 -151.48269558582405 143.1 43.91901302254999 -152.96653900704814 274.2752 85.661285 -999.0 -999.0 -999.0 -999.0 -999.0 190.61445002339565 25.461782836229656 190.61435814103663 25.31704523453843 62.731452018859244 262.02579888271157 -999.0 16600.0 -999.0 2 163 {-999.0 -999.0 -999.0 -999.0 -999.0} "" -999.0 -999.0 -999.0 -999.0 -999 -999 "" "" "" "" 0 0 0.0 0.0 -999 ""
FIBERMAP 120 R-7C13 BOSS 1 1 0 1 0 0 48.0871518673753 -151.47855949158156 143.1 43.16960057494251 -152.93820244633136 274.2752 85.661285 190.61053312860116 25.461846110052278 -0.31792888 -8.414704 0.07691746 190.61058860416313 25.461817378322703 190.61060959293172 25.317119426882556 62.72835926232776 262.0288249810842 5400.0 5400.0 2016.0 1 354 {-999.0 18.271477 17.966408 17.840351 -999.0} sdss_psfmag 18.235918 17.968185 17.556623 -999.0 63050395173397687 976171222 "" ops_std_boss ops_std standard_boss 0 0 0.0 0.0 -999 ""
FIBERMAP 120 R-7C13 METROLOGY 0 0 0 1 0 0 48.451895225672175 -150.8404624075626 143.1 43.55471377547065 -152.3122640332354 274.2752 85.661285 -999.0 -999.0 -999.0 -999.0 -999.0 190.61256471395907 25.464670437557114 190.61255113321283 25.31996094622152 62.73108135061671 262.0330483714679 -999.0 6231.0 -999.0 -1 -999 {-999.0 -999.0 -999.0 -999.0 -999.0} "" -999.0 -999.0 -999.0 -999.0 -999 -999 "" "" "" "" 0 0 0.0 0.0 -999 ""
FIBERMAP 124 R-6C12 APOGEE 0 0 0 1 0 0 26.12879546872953 -133.868444508253 143.1 21.792891175682126 -134.63019281099537 315.70435 79.65626 -999.0 -999.0 -999.0 -999.0 -999.0 190.50324105476162 25.544893867859383 190.50327208843237 25.40010171623478 62.671109517301986 262.2775752679439 -999.0 16600.0 -999.0 2 -999 {-999.0 -999.0 -999.0 -999.0 -999.0} "" -999.0 -999.0 -999.0 -999.0 -999 -999 "" "" "" "" 0 0 0.0 0.0 -999 ""
FIBERMAP 124 R-6C12 BOSS 1 1 0 1 0 0 25.527551519621206 -134.2991799158827 143.1 21.178112940588267 -135.0412636975767 315.70435 79.65626 190.50004756775235 25.542929238476056 -8.207088 -2.4894874 0.24609366 190.5000400528482 25.542935867054926 190.5001844065231 25.3981838314506 62.66779599653939 262.2760683424326 5400.0 5400.0 2016.0 1 378 {-999.0 18.33732 17.979044 17.840618 -999.0} sdss_psfmag 18.271688 17.993824 17.54019 -999.0 63050395173397762 977060542 "" ops_std_boss ops_std standard_boss 0 0 0.0 0.0 -999 ""
FIBERMAP 124 R-6C12 METROLOGY 0 0 0 1 0 0 25.447463762802837 -133.56439009369728 143.1 21.12178597803545 -134.30433642757043 315.70435 79.65626 -999.0 -999.0 -999.0 -999.0 -999.0 190.49979141321907 25.54629841359746 190.49990406243103 25.401534035239113 62.66885617323422 262.28301197965334 -999.0 6231.0 -999.0 -1 -999 {-999.0 -999.0 -999.0 -999.0 -999.0} "" -999.0 -999.0 -999.0 -999.0 -999 -999 "" "" "" "" 0 0 0.0 0.0 -999 ""
FIBERMAP 126 R-7C19 APOGEE 0 0 0 1 0 0 184.6418883002595 -144.7936640815306 143.1 179.85698571015192 -150.6640702537355 215.00687 137.85254 -999.0 -999.0 -999.0 -999.0 -999.0 191.2961412169513 25.47148331840372 191.29506280478427 25.326985311870445 63.30183039272622 261.5166534940761 -999.0 16600.0 -999.0 2 -999 {-999.0 -999.0 -999.0 -999.0 -999.0} "" -999.0 -999.0 -999.0 -999.0 -999 -999 "" "" "" "" 0 0 0.0 0.0 -999 ""
FIBERMAP 126 R-7C19 BOSS 1 1 0 1 0 0 183.90362192824037 -144.72492276053214 143.1 179.12138680138403 -150.57154649224904 215.00687 137.85254 191.29237254774557 25.4718505499703 0.3203132 -0.122900896 0.107956186 191.29240367748136 25.47184329283967 191.29143505997376 25.327384063520224 63.298969408502074 261.52032806617575 5400.0 5400.0 2016.0 1 320 {-999.0 19.939754 20.115137 19.761747 19.646034} sdss_fiber2mag_from_lsdr10 19.38869 19.538837 18.816608 -999.0 63050395173394783 1059136088 dark_flexible_2x2 bhm_spiders_agn_lsdr10 bhm_spiders science 0 0 0.0 0.0 -999 ""
FIBERMAP 126 R-7C19 METROLOGY 0 0 0 1 0 0 184.34094833028422 -144.11095102688532 143.1 179.5782603496239 -149.97206104691404 215.00687 137.85254 -999.0 -999.0 -999.0 -999.0 -999.0 191.2947438752587 25.47455982878405 191.29374090220074 25.330089490140264 63.30194652164513 261.5240522004886 -999.0 6231.0 -999.0 -1 -999 {-999.0 -999.0 -999.0 -999.0 -999.0} "" -999.0 -999.0 -999.0 -999.0 -999 -999 "" "" "" "" 0 0 0.0 0.0 -999 ""
FIBERMAP 129 R-6C21 APOGEE 0 0 0 1 0 0 214.61813282136282 -127.8072484898488 143.1 210.36315437569212 -134.6553386422221 242.20917 105.55687 -999.0 -999.0 -999.0 -999.0 -999.0 191.4490976386794 25.543431276974 191.44776303572007 25.398975500802795 63.45697447488506 261.5441567344247 -999.0 16600.0 -999.0 2 194 {-999.0 -999.0 -999.0 -999.0 -999.0} "" -999.0 -999.0 -999.0 -999.0 -999 -999 "" "" "" "" 0 0 0.0 0.0 -999 ""
FIBERMAP 129 R-6C21 BOSS 1 1 0 1 0 0 213.888114638697 -127.68133332877643 143.1 209.63764366948064 -134.50594199741656 242.20917 105.55687 191.4454119549658 25.544061032708694 0.60881966 -0.17694357 -0.60163224 191.44541925939077 25.544059935153697 191.44419366669547 25.399642456897233 63.45426589333964 261.5483459757963 5400.0 5400.0 2016.0 1 333 {-999.0 19.97066 19.696398 19.722479 19.816229} sdss_psfmag_from_lsdr10 20.131605 19.982847 19.41133 -999.0 63050395173394872 1059136091 dark_flexible_2x2 bhm_spiders_agn_lsdr10 bhm_spiders science 0 0 0.0 0.0 -999 ""
FIBERMAP 129 R-6C21 METROLOGY 0 0 0 1 0 0 214.3681060172126 -127.10716989680839 143.1 210.13587160212674 -133.94761745757617 242.20917 105.55687 -999.0 -999.0 -999.0 -999.0 -999.0 191.4479605598077 25.546587373178017 191.44670054751623 25.40215903646809 63.45733276204929 261.5515542562813 -999.0 6231.0 -999.0 -1 -999 {-999.0 -999.0 -999.0 -999.0 -999.0} "" -999.0 -999.0 -999.0 -999.0 -999 -999 "" "" "" "" 0 0 0.0 0.0 -999 ""
FIBERMAP 130 R-9C15 APOGEE 0 0 0 1 0 0 138.17511096433634 -168.28984162816568 143.1 132.66024307306816 -172.64644489659045 46.492706 91.24799 -999.0 -999.0 -999.0 -999.0 -999.0 191.05918136951843 25.372589756533902 191.05849163421374 25.228025842453498 63.066235521190585 261.50104616291134 -999.0 16600.0 -999.0 2 -999 {-999.0 -999.0 -999.0 -999.0 -999.0} "" -999.0 -999.0 -999.0 -999.0 -999 -999 "" "" "" "" 0 0 0.0 0.0 -999 ""
FIBERMAP 130 R-9C15 BOSS 1 1 0 1 0 0 138.72709542784102 -168.77060555234007 143.1 133.19637720711145 -173.14472917741253 46.492706 91.24799 191.0618075430816 25.370306565404103 -13.5411625 -16.816442 -0.34813705 191.0617592693091 25.370268660255807 191.0611724148 25.225746998402407 63.06756820695706 261.4943140732316 5400.0 5400.0 2016.0 1 265 {-999.0 20.365253 20.175499 19.927082 -999.0} sdss_psfmag 20.430164 20.092949 19.611235 -999.0 63050395173394430 1092233841 dark_flexible_2x1 mwm_cb_galex_mag_boss mwm_cb science 0 0 0.0 0.0 -999 ""
FIBERMAP 130 R-9C15 METROLOGY 0 0 0 1 0 0 138.03196712844903 -169.02207917347405 143.1 132.49355661489895 -173.37361763644677 46.492706 91.24799 -999.0 -999.0 -999.0 -999.0 -999.0 191.058257107764 25.369257382717365 191.05764588602813 25.224723102796155 63.06423246148471 261.4950079171192 -999.0 6231.0 -999.0 -1 -999 {-999.0 -999.0 -999.0 -999.0 -999.0} "" -999.0 -999.0 -999.0 -999.0 -999 -999 "" "" "" "" 0 0 0.0 0.0 -999 ""
FIBERMAP 136 R-10C12 APOGEE 0 0 0 1 0 0 58.85544831067103 -187.54041188651544 143.1 52.767610082631265 -189.32561453393794 120.257645 137.01857 -999.0 -999.0 -999.0 -999.0 -999.0 190.6582063521807 25.297576985135038 190.65812672915297 25.15288827714694 62.703622476323005 261.6624410067663 -999.0 16600.0 -999.0 2 -999 {-999.0 -999.0 -999.0 -999.0 -999.0} "" -999.0 -999.0 -999.0 -999.0 -999 -999 "" "" "" "" 0 0 0.0 0.0 -999 ""
FIBERMAP 136 R-10C12 BOSS 1 1 0 1 0 0 58.99892935957352 -186.84168986893332 143.1 52.93355198418911 -188.63194781383459 120.257645 137.01857 190.6589612032435 25.300621791551052 -0.045149438 -0.07920387 -0.044917572 190.65896246727445 25.30061167226508 190.6589874123614 25.155964104742438 62.70555001964517 261.6679370407829 5400.0 5400.0 2016.0 1 369 {-999.0 17.739803 17.59732 17.607641 17.425821} sdss_psfmag 17.778439 17.602928 17.253912 15.863 63050395173394536 1128956146 dark_1x4 bhm_aqmes_wide1 bhm_aqmes science 0 0 0.0 0.0 -999 ""
FIBERMAP 136 R-10C12 METROLOGY 0 0 0 1 0 0 59.56650446509346 -187.3144447965006 143.1 53.48552573000085 -189.12273108910063 120.257645 137.01857 -999.0 -999.0 -999.0 -999.0 -999.0 190.66174878524444 25.298420945718338 190.66174039954944 25.15376302196459 62.706973587691955 261.66138462285073 -999.0 6231.0 -999.0 -1 -999 {-999.0 -999.0 -999.0 -999.0 -999.0} "" -999.0 -999.0 -999.0 -999.0 -999 -999 "" "" "" "" 0 0 0.0 0.0 -999 ""
FIBERMAP 138 R-2C24 APOGEE 0 0 0 1 0 0 236.40718164570092 -20.286665432632716 143.1 235.60869550588095 -27.903313026320205 178.78694 40.569157 -999.0 -999.0 -999.0 -999.0 -999.0 191.58163992914683 26.025636722410102 191.579868124511 25.881131367368525 63.75176979134112 262.44323718833016 -999.0 16600.0 -999.0 2 -999 {-999.0 -999.0 -999.0 -999.0 -999.0} "" -999.0 -999.0 -999.0 -999.0 -999 -999 "" "" "" "" 0 0 0.0 0.0 -999 ""
FIBERMAP 138 R-2C24 BOSS 1 1 0 1 0 0 236.97233354790146 -19.80938972013264 143.1 236.18890553276168 -27.444565438682268 178.78694 40.569157 191.58448246642098 26.027658491514437 0.30698475 0.11719098 -1.1208049 191.58448553184502 26.027651993308986 191.58281224229233 25.883185204599524 63.75499671844916 262.4452865151062 5400.0 5400.0 2016.0 1 260 {-999.0 20.02177 20.03763 20.010841 19.985216} sdss_psfmag_from_lsdr10 19.920193 19.936525 19.697027 -999.0 63050395173396908 1059138416 dark_flexible_2x2 bhm_spiders_agn_lsdr10 bhm_spiders science 0 0 0.0 0.0 -999 ""
FIBERMAP 138 R-2C24 METROLOGY 0 0 0 1 0 0 237.110276582006 -20.536304153695642 143.1 236.30330671798677 -28.17548913281015 178.78694 40.569157 -999.0 -999.0 -999.0 -999.0 -999.0 191.58503663935886 26.02434867887887 191.58333483280728 25.87987205444664 63.75418565930808 262.4379449376574 -999.0 6231.0 -999.0 -1 -999 {-999.0 -999.0 -999.0 -999.0 -999.0} "" -999.0 -999.0 -999.0 -999.0 -999 -999 "" "" "" "" 0 0 0.0 0.0 -999 ""
FIBERMAP 140 R-4C12 APOGEE 0 0 0 1 0 0 2.5452793659857655 -60.8288786710024 143.1 0.5807495805307813 -60.87400944010301 109.262474 84.745346 -999.0 -999.0 -999.0 -999.0 -999.0 190.39646589189317 25.880061602993578 190.39650223522676 25.735164999153337 62.70977458459656 263.03277235246054 -999.0 16600.0 -999.0 2 -999 {-999.0 -999.0 -999.0 -999.0 -999.0} "" -999.0 -999.0 -999.0 -999.0 -999 -999 "" "" "" "" 0 0 0.0 0.0 -999 ""
FIBERMAP 140 R-4C12 BOSS 1 1 0 1 0 0 3.252651888414044 -60.626918263968676 143.1 1.2942091281016215 -60.69499920034546 109.262474 84.745346 190.39996231808027 25.880816085413734 -0.23431315 -0.10324551 -0.11855243 190.3999704668322 25.880802462750367 190.40010973397204 25.73594648648692 62.713079574051775 263.0316859803064 5400.0 5400.0 2016.0 1 365 {-999.0 18.248365 18.288843 18.179695 18.242231} sdss_psfmag 18.162544 18.111176 17.789661 16.738 63050395173399008 1128956158 dark_1x4 bhm_aqmes_wide1 bhm_aqmes science 0 0 0.0 0.0 -999 ""
FIBERMAP 140 R-4C12 METROLOGY 0 0 0 1 0 0 3.076882594447647 -61.352386061590835 143.1 1.095135523852579 -61.41435346962505 109.262474 84.745346 -999.0 -999.0 -999.0 -999.0 -999.0 190.3989914948231 25.87754570033128 190.39910293282878 25.73267885194954 62.71101015699969 263.0258260936198 -999.0 6231.0 -999.0 -1 -999 {-999.0 -999.0 -999.0 -999.0 -999.0} "" -999.0 -999.0 -999.0 -999.0 -999 -999 "" "" "" "" 0 0 0.0 0.0 -999 ""
FIBERMAP 142 R0C2 APOGEE 0 0 0 1 0 0 -279.15742768704706 6.272016633338159 143.1 -278.7851937580442 15.276764297361424 140.08766 125.47913 -999.0 -999.0 -999.0 -999.0 -999.0 188.98894185692407 26.220021450937715 188.99092066799892 26.074640286056145 61.659866762047244 264.70893107648124 -999.0 16600.0 -999.0 2 295 {-999.0 -999.0 -999.0 -999.0 -999.0} "" -999.0 -999.0 -999.0 -999.0 -999 -999 "" "" "" "" 0 0 0.0 0.0 -999 ""
FIBERMAP 142 R0C2 BOSS 1 1 0 1 0 0 -279.0461484113181 7.005690491841532 143.1 -278.65030612380394 16.006400763440027 140.08766 125.47913 188.98947953491398 26.223301986936967 0.07502281 0.20233993 0.096117206 188.9894667203978 26.223285595099142 188.99155788303938 26.07794377339333 61.66159605721622 264.71498197039205 5400.0 5400.0 2016.0 1 423 {-999.0 19.181244 19.029074 18.761568 18.718855} sdss_psfmag 18.815348 18.601095 18.18071 -999.0 63050395173387917 1128956121 dark_1x4 bhm_aqmes_wide1 bhm_aqmes science 0 0 0.0 0.0 -999 ""
FIBERMAP 142 R0C2 METROLOGY 0 0 0 1 0 0 -278.4624168535877 6.540315714378523 143.1 -278.0819475934753 15.522471770796358 140.08766 125.47913 -999.0 -999.0 -999.0 -999.0 -999.0 188.99233670637105 26.22113870750156 188.99439196927915 26.075786778698102 61.663188309296885 264.70880471993024 -999.0 6231.0 -999.0 -1 -999 {-999.0 -999.0 -999.0 -999.0 -999.0} "" -999.0 -999.0 -999.0 -999.0 -999 -999 "" "" "" "" 0 0 0.0 0.0 -999 ""
FIBERMAP 144 R-4C4 APOGEE 0 0 0 1 0 0 -193.9464179867812 -83.01118384315157 143.1 -196.5072422210225 -76.7019245272664 217.41522 98.92237 -999.0 -999.0 -999.0 -999.0 -999.0 189.40322060330521 25.806301334267282 189.40474385645155 25.661117223202126 61.85368521843479 263.60662641222024 -999.0 16600.0 -999.0 2 -999 {-999.0 -999.0 -999.0 -999.0 -999.0} "" -999.0 -999.0 -999.0 -999.0 -999 -999 "" "" "" "" 0 0 0.0 0.0 -999 ""
FIBERMAP 144 R-4C4 BOSS 1 1 0 1 0 0 -194.4941337024484 -82.49353685408315 143.1 -197.03791996748237 -76.16691737513497 217.41522 98.92237 189.40037205272017 25.808663291107848 0.5848602 1.2952808 0.5682968 189.40038068017913 25.80865792458968 189.4020195897458 25.663513488516013 61.852306787807755 263.6132867845424 5400.0 5400.0 2016.0 1 455 {-999.0 20.773222 20.707062 20.472092 20.242235} sdss_psfmag_from_lsdr10 20.783195 20.932352 20.28943 -999.0 63050395173386361 1059137188 dark_flexible_2x2 bhm_spiders_agn_lsdr10 bhm_spiders science 0 0 0.0 0.0 -999 ""
FIBERMAP 144 R-4C4 METROLOGY 0 0 0 1 0 0 -193.7761067401543 -82.2847844627938 143.1 -196.3135932808851 -75.98146310781996 217.41522 98.92237 -999.0 -999.0 -999.0 -999.0 -999.0 189.404032845546 25.809526306953575 189.4056341934612 25.664371108671702 61.85564877448601 263.61238403083786 -999.0 6231.0 -999.0 -1 -999 {-999.0 -999.0 -999.0 -999.0 -999.0} "" -999.0 -999.0 -999.0 -999.0 -999 -999 "" "" "" "" 0 0 0.0 0.0 -999 ""
FIBERMAP 146 R-8C5 APOGEE 0 0 0 1 0 0 -101.19592285939233 -153.74350680046922 143.1 -106.09574509525788 -150.38432506284653 351.9967 133.43793 -999.0 -999.0 -999.0 -999.0 -999.0 189.85960623321733 25.473537223258266 189.86059909977837 25.328554970820047 62.10777104413131 262.6187831230922 -999.0 16600.0 -999.0 2 265 {-999.0 -999.0 -999.0 -999.0 -999.0} "" -999.0 -999.0 -999.0 -999.0 -999 -999 "" "" "" "" 0 0 0.0 0.0 -999 ""
FIBERMAP 146 R-8C5 BOSS 1 1 0 1 0 0 -100.7547576817577 -154.3480836645897 143.1 -105.67435833888375 -151.0027707596914 351.9967 133.43793 189.86159616289024 25.47064602657754 -999.0 -999.0 -999.0 189.86159779772177 25.470656198565404 189.86269933344977 25.325716860069605 62.10842752177079 262.61162036602354 5400.0 5400.0 2016.0 1 480 {-999.0 22.208126 20.92892 20.352427 19.920362} sdss_fiber2mag_from_lsdr10 nan nan nan -999.0 63050399048669104 1059136052 dark_flexible_2x2 bhm_spiders_agn_lsdr10 bhm_spiders science 0 0 0.0 0.0 -999 ""
FIBERMAP 146 R-8C5 METROLOGY 0 0 0 1 0 0 -101.50071572984875 -154.42544263013662 143.1 -106.42235898072981 -151.05601018632268 351.9967 133.43793 -999.0 -999.0 -999.0 -999.0 -999.0 189.85788325445102 25.47043458184353 189.8589589905954 25.325482344261033 62.1052179578718 262.61394621646957 -999.0 6231.0 -999.0 -1 -999 {-999.0 -999.0 -999.0 -999.0 -999.0} "" -999.0 -999.0 -999.0 -999.0 -999 -999 "" "" "" "" 0 0 0.0 0.0 -999 ""
FIBERMAP 147 R-3C3 APOGEE 0 0 0 1 0 0 -223.6648379227608 -76.07541413895183 143.1 -225.983761106589 -68.81134465265647 296.74722 46.44999 -999.0 -999.0 -999.0 -999.0 -999.0 189.25572014309697 25.841438085629644 189.25744626614062 25.696205766617922 61.74370202520481 263.7805778233714 -999.0 16600.0 -999.0 2 278 {-999.0 -999.0 -999.0 -999.0 -999.0} "" -999.0 -999.0 -999.0 -999.0 -999 -999 "" "" "" "" 0 0 0.0 0.0 -999 ""
FIBERMAP 147 R-3C3 BOSS 1 1 0 1 0 0 -224.38509786682047 -75.86172230930521 143.1 -226.69668690959617 -68.57453964415754 296.74722 46.44999 189.25201404631395 25.842432933233418 -999.0 -999.0 -999.0 189.25201017797943 25.842443665043945 189.25385440469256 25.697251115356202 61.74108976122764 263.7851786834669 5400.0 5400.0 2016.0 1 442 {-999.0 21.309204 20.155264 19.697819 19.348045} sdss_fiber2mag_from_lsdr10 20.144323 20.985502 18.642395 -999.0 63050395173386588 1058176887 dark_flexible_2x2 bhm_spiders_clusters_lsdr10 bhm_spiders science 0 0 0.0 0.0 -999 ""
FIBERMAP 147 R-3C3 METROLOGY 0 0 0 1 0 0 -223.815090015394 -75.3428443578174 143.1 -226.11028136064436 -68.07437183145704 296.74722 46.44999 -999.0 -999.0 -999.0 -999.0 -999.0 189.25493970229485 25.84473416930053 189.25674670788976 25.6995303289706 61.744358441307256 263.78758973105505 -999.0 6231.0 -999.0 -1 -999 {-999.0 -999.0 -999.0 -999.0 -999.0} "" -999.0 -999.0 -999.0 -999.0 -999 -999 "" "" "" "" 0 0 0.0 0.0 -999 ""
FIBERMAP 148 R-10C10 APOGEE 0 0 0 1 0 0 14.85424995644291 -204.66154037347576 143.1 8.240672761705946 -205.01638412704915 232.38635 120.33714 -999.0 -999.0 -999.0 -999.0 -999.0 190.43457122801672 25.226993826692457 190.43484361551805 25.082244715322787 62.4899801648036 261.6946557838015 -999.0 16600.0 -999.0 2 -999 {-999.0 -999.0 -999.0 -999.0 -999.0} "" -999.0 -999.0 -999.0 -999.0 -999 -999 "" "" "" "" 0 0 0.0 0.0 -999 ""
FIBERMAP 148 R-10C10 BOSS 1 1 0 1 0 0 14.108809398277922 -204.55989754966777 143.1 7.498965780943894 -204.89074736429347 232.38635 120.33714 190.4307417820134 25.227478000148214 -0.16796373 0.19072479 0.24560219 190.43074521223318 25.227470090521717 190.43113078304202 25.082761636642935 62.48709499876131 261.6985590104588 5400.0 5400.0 2016.0 1 370 {-999.0 19.085611 19.048775 18.956366 18.758097} sdss_psfmag 19.024103 18.84161 18.457943 -999.0 63050395173372471 1128956076 dark_1x4 bhm_aqmes_wide1 bhm_aqmes science 0 0 0.0 0.0 -999 ""
FIBERMAP 148 R-10C10 METROLOGY 0 0 0 1 0 0 14.56260875745993 -203.97480360325912 143.1 7.971370362536593 -204.32065372902935 232.38635 120.33714 -999.0 -999.0 -999.0 -999.0 -999.0 190.4331481824521 25.230055172554696 190.4334985726722 25.085335059476286 62.49008143322463 261.7018439493072 -999.0 6231.0 -999.0 -1 -999 {-999.0 -999.0 -999.0 -999.0 -999.0} "" -999.0 -999.0 -999.0 -999.0 -999 -999 "" "" "" "" 0 0 0.0 0.0 -999 ""
FIBERMAP 153 R-7C3 APOGEE 0 0 0 1 0 0 -171.00764679332767 -124.5610998604755 143.1 -174.9232650057115 -118.9668093342453 93.13113 127.84095 -999.0 -999.0 -999.0 -999.0 -999.0 189.5133517417783 25.615253133311086 189.51478933112617 25.470139540854102 61.87347204349554 263.1521330563103 -999.0 16600.0 -999.0 2 300 {-999.0 -999.0 -999.0 -999.0 -999.0} "" -999.0 -999.0 -999.0 -999.0 -999 -999 "" "" "" "" 0 0 0.0 0.0 -999 ""
FIBERMAP 153 R-7C3 BOSS 1 1 0 1 0 0 -170.4634328744855 -124.06921705203071 143.1 -174.36350884503216 -118.49278785704578 93.13113 127.84095 189.51594552147725 25.61731704488487 -999.0 -999.0 -999.0 189.51597102731895 25.617334626085174 189.5175158158188 25.47226289920312 61.876556332376964 263.15431162849995 5400.0 5400.0 2016.0 1 446 {-999.0 21.301098 20.892557 20.571604 20.302464} sdss_psfmag_from_lsdr10 21.148928 21.180578 20.524223 -999.0 63050395173373912 1059136048 dark_flexible_2x2 bhm_spiders_agn_lsdr10 bhm_spiders science 0 0 0.0 0.0 -999 ""
FIBERMAP 153 R-7C3 METROLOGY 0 0 0 1 0 0 -170.29308512780574 -124.78559057301416 143.1 -174.21638250042736 -119.21422276928581 93.13113 127.84095 -999.0 -999.0 -999.0 -999.0 -999.0 189.5167852802774 25.614089961877653 189.51829847417605 25.46900737111597 61.87597088225398 263.1473544023071 -999.0 6231.0 -999.0 -1 -999 {-999.0 -999.0 -999.0 -999.0 -999.0} "" -999.0 -999.0 -999.0 -999.0 -999 -999 "" "" "" "" 0 0 0.0 0.0 -999 ""
FIBERMAP 155 R-11C15 APOGEE 0 0 0 1 0 0 147.78877678124516 -223.328408222467 143.1 140.49193542081196 -227.96176565357456 255.5823 141.81091 -999.0 -999.0 -999.0 -999.0 -999.0 191.0950655114055 25.124275682336794 191.09444405326315 24.979776350307535 62.997522183412705 260.97014120393254 -999.0 16600.0 -999.0 2 -999 {-999.0 -999.0 -999.0 -999.0 -999.0} "" -999.0 -999.0 -999.0 -999.0 -999 -999 "" "" "" "" 0 0 0.0 0.0 -999 ""
FIBERMAP 155 R-11C15 BOSS 1 1 0 1 0 0 147.21090707348407 -223.79499356694583 143.1 139.89936030961397 -228.4094189663826 255.5823 141.81091 191.09188316893307 25.12228726963689 -103.39679 -26.181488 7.4099092 191.09198751058943 25.1222238995156 191.09147663594217 24.977765616058157 62.99425189851223 260.9684586895735 5400.0 5400.0 2016.0 1 267 {-999.0 18.034819 16.51283 15.282202 -999.0} sdss_psfmag 17.381943 15.978884 14.814508 12.67 63050395173393490 1077803880 bright_flexible_2x1 mwm_snc_ext_main_boss mwm_snc science 0 0 1.3221489191055298 0.0 -999 ""
FIBERMAP 155 R-11C15 METROLOGY 0 0 0 1 0 0 147.09457504951283 -223.05501119217658 143.1 139.80697869655035 -227.66613268042033 255.5823 141.81091 -999.0 -999.0 -999.0 -999.0 -999.0 191.09160357544138 25.125560099935562 191.0910618227481 24.98108914755613 62.995239502685514 260.97549634532203 -999.0 6231.0 -999.0 -1 -999 {-999.0 -999.0 -999.0 -999.0 -999.0} "" -999.0 -999.0 -999.0 -999.0 -999 -999 "" "" "" "" 0 0 0.0 0.0 -999 ""
FIBERMAP 159 R-8C14 APOGEE 0 0 0 1 0 0 87.50357881257194 -136.8763345041063 143.1 83.03326935053933 -139.6168508241159 136.35123 69.45222 -999.0 -999.0 -999.0 -999.0 -999.0 190.81156610461602 25.52203052157423 190.81116195656398 25.377348074047067 62.91876548267473 261.99614643350276 -999.0 16600.0 -999.0 2 -999 {-999.0 -999.0 -999.0 -999.0 -999.0} "" -999.0 -999.0 -999.0 -999.0 -999 -999 "" "" "" "" 0 0 0.0 0.0 -999 ""
FIBERMAP 159 R-8C14 BOSS 1 1 0 1 0 0 88.16952856268662 -136.54251196497583 143.1 83.70958658976612 -139.30472193834098 136.35123 69.45222 190.81496911210817 25.523358536871477 -18.762272 -2.7105284 0.19064265 190.81490268946894 25.523350152541457 190.81459963621603 25.378709118837975 62.92215619314085 261.99625415572586 5400.0 5400.0 2016.0 1 327 {-999.0 17.86064 17.49288 17.404642 -999.0} sdss_psfmag 17.792995 17.522558 17.096737 16.616 63050395173394702 976171227 "" ops_std_boss ops_std standard_boss 0 0 0.0 0.0 -999 ""
FIBERMAP 159 R-8C14 METROLOGY 0 0 0 1 0 0 88.12956985925193 -137.28228670571173 143.1 83.6457792593208 -140.0427571290371 136.35123 69.45222 -999.0 -999.0 -999.0 -999.0 -999.0 190.81458380318148 25.52002998917012 190.8142525731688 25.37537805638957 62.92057438083083 261.9897775171454 -999.0 6231.0 -999.0 -1 -999 {-999.0 -999.0 -999.0 -999.0 -999.0} "" -999.0 -999.0 -999.0 -999.0 -999 -999 "" "" "" "" 0 0 0.0 0.0 -999 ""
FIBERMAP 160 R+8C5 APOGEE 0 0 0 1 0 0 -110.91791635855118 172.8998772110875 143.1 -105.27086269533636 176.37407121749558 119.18385 78.55709 -999.0 -999.0 -999.0 -999.0 -999.0 189.8580872267588 26.9568386753451 189.85846476278778 26.811552426538054 62.64654980233678 265.59916049203997 -999.0 16600.0 -999.0 2 92 {-999.0 -999.0 -999.0 -999.0 -999.0} "" -999.0 -999.0 -999.0 -999.0 -999 -999 "" "" "" "" 0 0 0.0 0.0 -999 ""
FIBERMAP 160 R+8C5 BOSS 1 1 0 1 0 0 -110.2155431959516 173.15047110742321 143.1 -104.56083003671488 176.60184669122248 119.18385 78.55709 189.8615401922896 26.957925608099217 -11.336818 -10.629941 0.19315737 189.86155471111888 26.957895074326444 189.8620377214378 26.812645879661233 62.64992025128629 265.59901672914015 5400.0 5400.0 2016.0 1 68 {-999.0 17.216911 16.912228 16.78565 -999.0} sdss_psfmag 17.195633 16.910007 16.45384 15.503 63050395173413902 977060626 "" ops_std_boss ops_std standard_boss 0 0 0.0 0.0 -999 ""
FIBERMAP 160 R+8C5 METROLOGY 0 0 0 1 0 0 -110.35203991665182 172.41243151160512 143.1 -104.72106065899266 175.8686609246259 119.18385 78.55709 -999.0 -999.0 -999.0 -999.0 -999.0 189.8607774341996 26.954586151737253 189.8612314978667 26.80932713872524 62.64810641891019 265.5927681337652 -999.0 6231.0 -999.0 -1 -999 {-999.0 -999.0 -999.0 -999.0 -999.0} "" -999.0 -999.0 -999.0 -999.0 -999 -999 "" "" "" "" 0 0 0.0 0.0 -999 ""
FIBERMAP 162 R-9C14 APOGEE 0 0 0 1 0 0 121.91257131544883 -174.43534889369502 143.1 116.20927826077065 -178.26341230669482 65.9259 35.36881 -999.0 -999.0 -999.0 -999.0 -999.0 190.97660197240282 25.347317224133672 190.97604277115136 25.202729040544412 62.98770754753845 261.5145170078989 -999.0 16600.0 -999.0 2 192 {-999.0 -999.0 -999.0 -999.0 -999.0} "" -999.0 -999.0 -999.0 -999.0 -999 -999 "" "" "" "" 0 0 0.0 0.0 -999 ""
FIBERMAP 162 R-9C14 BOSS 1 1 0 1 0 0 122.08099178556796 -175.1483581807632 143.1 116.35458706699731 -178.98142283746432 65.9259 35.36881 190.97720602596277 25.34396877125184 -0.009454696 0.36349264 -0.07535753 190.97721699737556 25.34400349493861 190.97676428069383 25.199457244665695 62.98701885798011 261.5073295784704 5400.0 5400.0 2016.0 1 328 {-999.0 19.193918 18.937288 18.743439 18.57474} sdss_psfmag 19.430593 19.118685 18.574007 -999.0 63050395173394394 1128956145 dark_1x4 bhm_aqmes_wide1 bhm_aqmes science 0 0 0.0 0.0 -999 ""
FIBERMAP 162 R-9C14 METROLOGY 0 0 0 1 0 0 121.36502567780909 -174.93770439730372 143.1 115.6458544486087 -178.74779259133402 65.9259 35.36881 -999.0 -999.0 -999.0 -999.0 -999.0 190.97370505180157 25.345076480981483 190.97322689032512 25.20051713260539 62.98449444174272 261.51225024376544 -999.0 6231.0 -999.0 -1 -999 {-999.0 -999.0 -999.0 -999.0 -999.0} "" -999.0 -999.0 -999.0 -999.0 -999 -999 "" "" "" "" 0 0 0.0 0.0 -999 ""
FIBERMAP 167 R-6C5 APOGEE 0 0 0 1 0 0 -132.82717285436522 -131.38006052622455 143.1 -136.9860707308152 -127.01372636115096 289.82434 102.95696 -999.0 -999.0 -999.0 -999.0 -999.0 189.70371172398382 25.579129919439247 189.7048870835797 25.434079216745403 62.018393379030194 262.9420592596127 -999.0 16600.0 -999.0 2 251 {-999.0 -999.0 -999.0 -999.0 -999.0} "" -999.0 -999.0 -999.0 -999.0 -999 -999 "" "" "" "" 0 0 0.0 0.0 -999 ""
FIBERMAP 167 R-6C5 BOSS 1 1 0 1 0 0 -133.43126451989062 -131.8059617345049 143.1 -137.6035389475793 -127.41987409201916 289.82434 102.95696 189.70047680273032 25.577206242731016 -999.0 -999.0 -999.0 189.700477547981 25.5772099818276 189.70176944881678 25.432200210227087 62.015073450304925 262.94065240226274 5400.0 5400.0 2016.0 1 457 {-999.0 20.965935 19.735905 19.250624 18.89418} sdss_fiber2mag_from_lsdr10 19.798555 20.832588 18.083227 16.195 63050395173373846 1059136051 dark_flexible_2x2 bhm_spiders_agn_lsdr10 bhm_spiders science 0 0 0.0 0.0 -999 ""
FIBERMAP 167 R-6C5 METROLOGY 0 0 0 1 0 0 -133.4979428861222 -131.0650559634518 143.1 -137.64626731246196 -126.67726732233189 289.82434 102.95696 -999.0 -999.0 -999.0 -999.0 -999.0 189.70027163460526 25.580589570254705 189.701530987429 25.43556727477433 62.01616139578565 262.94745869809384 -999.0 6231.0 -999.0 -1 -999 {-999.0 -999.0 -999.0 -999.0 -999.0} "" -999.0 -999.0 -999.0 -999.0 -999 -999 "" "" "" "" 0 0 0.0 0.0 -999 ""
FIBERMAP 170 R-2C20 APOGEE 0 0 0 1 0 0 140.34288403106314 -44.97388494018228 143.1 138.80617092322427 -49.47546582890223 230.01662 84.532234 -999.0 -999.0 -999.0 -999.0 -999.0 191.09539038063107 25.930428505937126 191.09437907813265 25.785762081088365 63.311066343982326 262.6144000574344 -999.0 16600.0 -999.0 2 -999 {-999.0 -999.0 -999.0 -999.0 -999.0} "" -999.0 -999.0 -999.0 -999.0 -999 -999 "" "" "" "" 0 0 0.0 0.0 -999 ""
FIBERMAP 170 R-2C20 BOSS 1 1 0 1 0 0 139.80652259160397 -44.443521297626674 143.1 138.28725091869768 -48.928116168507636 230.01662 84.532234 191.09273590333555 25.932879344154653 -0.28814462 0.01533893 -0.38007995 191.0927500155289 25.93286835195985 191.0918470348521 25.788239202909068 63.30988916905948 262.6214223349417 5400.0 5400.0 2016.0 1 298 {-999.0 18.97111 18.827604 18.627047 18.713085} sdss_psfmag 18.887121 18.706093 18.2897 -999.0 63050395173398437 1128956156 dark_1x4 bhm_aqmes_wide1 bhm_aqmes science 0 0 0.0 0.0 -999 ""
FIBERMAP 170 R-2C20 METROLOGY 0 0 0 1 0 0 140.52998761172216 -44.2516285932968 143.1 139.01646828338698 -48.75968682024401 230.01662 84.532234 -999.0 -999.0 -999.0 -999.0 -999.0 191.09644821871566 25.933633960882542 191.09550950249468 25.788995005859338 63.31322840496044 262.62021181602245 -999.0 6231.0 -999.0 -1 -999 {-999.0 -999.0 -999.0 -999.0 -999.0} "" -999.0 -999.0 -999.0 -999.0 -999 -999 "" "" "" "" 0 0 0.0 0.0 -999 ""
FIBERMAP 171 R-12C7 APOGEE 0 0 0 1 0 0 -23.79962086119905 -252.8281631121377 143.1 -31.944045343681648 -251.90632185152216 315.3156 57.469585 -999.0 -999.0 -999.0 -999.0 -999.0 190.233568303444 25.01694379056358 190.2342196139026 24.872172783425324 62.23960156323204 261.4349209744685 -999.0 16600.0 -999.0 2 -999 {-999.0 -999.0 -999.0 -999.0 -999.0} "" -999.0 -999.0 -999.0 -999.0 -999 -999 "" "" "" "" 0 0 0.0 0.0 -999 ""
FIBERMAP 171 R-12C7 BOSS 1 1 0 1 0 0 -24.519396824502795 -252.99906600657494 143.1 -32.668898543202594 -252.0538932074651 315.3156 57.469585 190.22980632971093 25.016245130812933 -0.16191874 0.04468699 -0.37017265 190.22983876834687 25.016227099283377 190.23060431630472 24.87149805870248 62.23632552789866 261.4364100957289 5400.0 5400.0 2016.0 1 404 {-999.0 18.763563 18.9771 18.88265 18.997528} sdss_psfmag 18.428581 18.40984 18.259693 -999.0 63050395173372303 1128956074 dark_1x4 bhm_aqmes_wide1 bhm_aqmes science 0 0 0.0 0.0 -999 ""
FIBERMAP 171 R-12C7 METROLOGY 0 0 0 1 0 0 -24.317015819295285 -252.2906089866318 143.1 -32.443778364754664 -251.35239814145334 315.3156 57.469585 -999.0 -999.0 -999.0 -999.0 -999.0 190.23098542563935 25.019374069075027 190.23171718966535 24.874632543803294 62.23850459746825 261.4417105854039 -999.0 6231.0 -999.0 -1 -999 {-999.0 -999.0 -999.0 -999.0 -999.0} "" -999.0 -999.0 -999.0 -999.0 -999 -999 "" "" "" "" 0 0 0.0 0.0 -999 ""
FIBERMAP 177 R-4C3 APOGEE 0 0 0 1 0 0 -193.7118680508888 -75.10167164294138 143.1 -196.01759067977122 -68.80479333481495 326.39066 158.44977 -999.0 -999.0 -999.0 -999.0 -999.0 189.4052657454926 25.842096519656117 189.40677201055746 25.696905646580053 61.868777216738216 263.67554385307517 -999.0 16600.0 -999.0 2 286 {-999.0 -999.0 -999.0 -999.0 -999.0} "" -999.0 -999.0 -999.0 -999.0 -999 -999 "" "" "" "" 0 0 0.0 0.0 -999 ""
FIBERMAP 177 R-4C3 BOSS 1 1 0 1 0 0 -193.28737901508845 -75.70340187760355 143.1 -195.61277805758203 -69.41985598577129 326.39066 158.44977 189.40718120376087 25.839276924122473 -1.982799 -13.919684 0.3075939 189.4071594609836 25.83925992923341 189.40877645678916 25.694111007437694 61.869407579181555 263.6686141296789 5400.0 5400.0 2016.0 1 443 {-999.0 16.924925 16.543827 16.39356 -999.0} sdss_psfmag 16.85396 16.548092 16.073864 15.034 63050395173386365 977060487 "" ops_std_boss ops_std standard_boss 0 0 0.0 0.0 -999 ""
FIBERMAP 177 R-4C3 METROLOGY 0 0 0 1 0 0 -194.03331189046798 -75.78259241393806 143.1 -196.3608126478256 -69.47492668124477 326.39066 158.44977 -999.0 -999.0 -999.0 -999.0 -999.0 189.4034633169331 25.839010594184373 189.40505399318954 25.693849113648795 61.86619858488991 263.6707591503637 -999.0 6231.0 -999.0 -1 -999 {-999.0 -999.0 -999.0 -999.0 -999.0} "" -999.0 -999.0 -999.0 -999.0 -999 -999 "" "" "" "" 0 0 0.0 0.0 -999 ""
FIBERMAP 179 R-4C8 APOGEE 0 0 0 1 0 0 -87.62435488068974 -57.75350156120217 143.1 -89.43478357220546 -54.89067972809479 136.42238 53.92481 -999.0 -999.0 -999.0 -999.0 -999.0 189.9409636350532 25.90692321477314 189.94165680528022 25.761876577564564 62.33998815841399 263.4193724322781 -999.0 16600.0 -999.0 2 -999 {-999.0 -999.0 -999.0 -999.0 -999.0} "" -999.0 -999.0 -999.0 -999.0 -999 -999 "" "" "" "" 0 0 0.0 0.0 -999 ""
FIBERMAP 179 R-4C8 BOSS 1 1 0 1 0 0 -86.8930287025149 -57.61604095084457 143.1 -88.6994663855417 -54.776903042541875 136.42238 53.92481 189.944549410301 25.9073769867108 -999.0 -999.0 -999.0 189.94451927850318 25.907381727904514 189.94531728130016 25.762376096116114 62.34323259425362 263.41771626364465 5400.0 5400.0 2016.0 1 461 {-999.0 21.635244 21.23201 20.836288 20.507874} sdss_psfmag_from_lsdr10 nan nan nan -999.0 63050396903467723 1059138378 dark_flexible_2x2 bhm_spiders_agn_lsdr10 bhm_spiders science 0 0 0.0 0.0 -999 ""
FIBERMAP 179 R-4C8 METROLOGY 0 0 0 1 0 0 -87.1366478228674 -58.31812870034985 143.1 -88.96559405102735 -55.47070193641429 136.42238 53.92481 -999.0 -999.0 -999.0 -999.0 -999.0 189.94322851520647 25.90423901430391 189.9439984950301 25.759222303157486 62.340952115474195 263.4123709890741 -999.0 6231.0 -999.0 -1 -999 {-999.0 -999.0 -999.0 -999.0 -999.0} "" -999.0 -999.0 -999.0 -999.0 -999 -999 "" "" "" "" 0 0 0.0 0.0 -999 ""
FIBERMAP 187 R-7C8 APOGEE 1 1 0 1 0 0 -59.88306339806371 -114.20926723797344 143.1 -63.53222775234993 -112.20732580792328 176.59846 18.156504 190.07277519062825 25.64661775592727 -8.159231 -3.540664 0.9425787 190.0728014903778 25.646614917397578 190.07341226995254 25.501662675691186 62.35169715097773 262.8035857645607 16000.0 16600.0 2016.0 2 288 {-999.0 10.549119 9.571464 9.196207 -999.0} sdss_psfmag_from_g3xp 10.235229 9.600407 8.8395 7.152 63050395173373724 1151940243 bright_1x1 mwm_galactic_core_dist_apogee_sparse mwm_galactic science 0 0 0.0 0.0 -999 ""
FIBERMAP 187 R-7C8 BOSS 0 0 0 1 0 0 -59.16830734791853 -114.01070026713003 143.1 -62.81149867706709 -112.03194521036478 176.59846 18.156504 -999.0 -999.0 -999.0 -999.0 -999.0 190.07629330944974 25.647324062097166 190.0770082811714 25.502413600718633 62.35498372755015 262.8024121637216 -999.0 5400.0 -999.0 1 400 {-999.0 -999.0 -999.0 -999.0 -999.0} "" -999.0 -999.0 -999.0 -999.0 -999 -999 "" "" "" "" 0 0 0.0 0.0 -999 ""
FIBERMAP 187 R-7C8 METROLOGY 0 0 0 1 0 0 -59.349565857020224 -114.73336865501791 143.1 -63.01596781845946 -112.74832463301696 176.59846 18.156504 -999.0 -999.0 -999.0 -999.0 -999.0 190.0753110830941 25.644092787295563 190.07599781402155 25.499171121836465 62.352903165015775 262.7967034084878 -999.0 6231.0 -999.0 -1 -999 {-999.0 -999.0 -999.0 -999.0 -999.0} "" -999.0 -999.0 -999.0 -999.0 -999 -999 "" "" "" "" 0 0 0.0 0.0 -999 ""
FIBERMAP 188 R-1C2 APOGEE 0 0 0 1 0 0 -253.96634871608765 -7.803330594490806 143.1 -254.06365959984026 0.3970502201405583 67.87858 122.37638 -999.0 -999.0 -999.0 -999.0 -999.0 189.1122895412552 26.153872816846594 189.11410928478256 26.00853776813344 61.73899192844518 264.4942481695873 -999.0 16600.0 -999.0 2 -999 {-999.0 -999.0 -999.0 -999.0 -999.0} "" -999.0 -999.0 -999.0 -999.0 -999 -999 "" "" "" "" 0 0 0.0 0.0 -999 ""
FIBERMAP 188 R-1C2 BOSS 1 1 0 1 0 0 -253.22405921293188 -7.665804433898124 143.1 -253.31738364267065 0.5105386235351435 67.87858 122.37638 189.11587686815804 26.15437395960274 -999.0 -999.0 -999.0 189.11585934314667 26.15437806600165 189.11778736538906 26.009083856373508 61.74226937416306 264.492779572319 5400.0 5400.0 2016.0 1 434 {-999.0 20.972818 20.763746 20.51307 20.28499} sdss_psfmag_from_lsdr10 20.768576 20.922537 20.26173 -999.0 63050395173387670 1059139533 dark_flexible_2x2 bhm_spiders_agn_lsdr10 bhm_spiders science 0 0 0.0 0.0 -999 ""
FIBERMAP 188 R-1C2 METROLOGY 0 0 0 1 0 0 -253.48208863418748 -8.3709168466057 143.1 -253.5980104497285 -0.18581806508978504 67.87858 122.37638 -999.0 -999.0 -999.0 -999.0 -999.0 189.11453547490422 26.1512254730477 189.11643440729551 26.00592022968632 61.739984619600506 264.4874920868724 -999.0 6231.0 -999.0 -1 -999 {-999.0 -999.0 -999.0 -999.0 -999.0} "" -999.0 -999.0 -999.0 -999.0 -999 -999 "" "" "" "" 0 0 0.0 0.0 -999 ""
FIBERMAP 189 R-5C5 APOGEE 0 0 0 1 0 0 -126.70382140768913 -103.9378834634316 143.1 -129.9808704652659 -99.78584835555854 34.200886 51.488922 -999.0 -999.0 -999.0 -999.0 -999.0 189.73782639768754 25.70255526131079 189.73890174172743 25.557489284008998 62.09374890934278 263.16066748899647 -999.0 16600.0 -999.0 2 263 {-999.0 -999.0 -999.0 -999.0 -999.0} "" -999.0 -999.0 -999.0 -999.0 -999 -999 "" "" "" "" 0 0 0.0 0.0 -999 ""
FIBERMAP 189 R-5C5 BOSS 1 1 0 1 0 0 -126.76403220865376 -104.67820009076439 143.1 -130.06493505934122 -100.5237715568786 34.200886 51.488922 189.7373220525781 25.699136700133 -17.19128 -2.3562498 0.18961088 189.73726935815586 25.699131524442606 189.73845789352583 25.554107086303432 62.09209677741643 263.15430420520977 5400.0 5400.0 2016.0 1 458 {-999.0 17.480717 17.216307 17.123241 17.108038} sdss_psfmag_from_gaia 17.4599 17.2175 16.8119 16.096 63050395173373939 968296125 "" ops_std_boss_gdr2 ops_std standard_boss 0 0 0.0 0.0 -999 ""
FIBERMAP 189 R-5C5 METROLOGY 0 0 0 1 0 0 -127.38418072285982 -104.25204522267713 143.1 -130.67095403896636 -100.07786341801027 34.200886 51.488922 -999.0 -999.0 -999.0 -999.0 -999.0 189.7342477617679 25.70116670809059 189.73540843250487 25.556129331193453 62.09031709229265 263.1605296617888 -999.0 6231.0 -999.0 -1 -999 {-999.0 -999.0 -999.0 -999.0 -999.0} "" -999.0 -999.0 -999.0 -999.0 -999 -999 "" "" "" "" 0 0 0.0 0.0 -999 ""
FIBERMAP 192 R+4C10 APOGEE 0 0 0 1 0 0 -39.02041523615126 68.89395461450034 143.1 -36.77343044841611 70.11125144344498 281.09204 138.6942 -999.0 -999.0 -999.0 -999.0 -999.0 190.20671166767022 26.4765282092243 190.20676642621902 26.331447905661314 62.7700705723735 264.3803891829738 -999.0 16600.0 -999.0 2 -999 {-999.0 -999.0 -999.0 -999.0 -999.0} "" -999.0 -999.0 -999.0 -999.0 -999 -999 "" "" "" "" 0 0 0.0 0.0 -999 ""
FIBERMAP 192 R+4C10 BOSS 1 1 0 1 0 0 -39.40671636340712 68.23049009447233 143.1 -37.180906923769776 69.46065670829998 281.09204 138.6942 190.20449114395902 26.473551212717023 -999.0 -999.0 -999.0 190.20450976726718 26.473563926505054 190.20467864080706 26.32852117368953 62.76727553785051 264.37588129811905 5400.0 5400.0 2016.0 1 74 {-999.0 22.858156 22.360218 22.007986 21.899544} sdss_fiber2mag_from_lsdr10 nan nan nan -999.0 63050398343630572 1059140657 dark_flexible_2x2 bhm_spiders_agn_lsdr10 bhm_spiders science 0 0 0.0 0.0 -999 ""
FIBERMAP 192 R+4C10 METROLOGY 0 0 0 1 0 0 -39.76644639840384 68.883980374686 143.1 -37.51932961785992 70.12535810677139 281.09204 138.6942 -999.0 -999.0 -999.0 -999.0 -999.0 190.20282154141512 26.47658973996464 190.20296059666055 26.331535156079685 62.76691692845231 264.3832358021785 -999.0 6231.0 -999.0 -1 -999 {-999.0 -999.0 -999.0 -999.0 -999.0} "" -999.0 -999.0 -999.0 -999.0 -999 -999 "" "" "" "" 0 0 0.0 0.0 -999 ""
FIBERMAP 194 R-10C1 APOGEE 0 0 0 1 0 0 -166.2762906960203 -181.59285334167646 143.1 -172.0352333352563 -176.1165495580073 78.73178 76.65148 -999.0 -999.0 -999.0 -999.0 -999.0 189.53110293746352 25.357454218561685 189.5326171563919 25.212398798947916 61.78933260382344 262.6349330331998 -999.0 16600.0 -999.0 2 291 {-999.0 -999.0 -999.0 -999.0 -999.0} "" -999.0 -999.0 -999.0 -999.0 -999 -999 "" "" "" "" 0 0 0.0 0.0 -999 ""
FIBERMAP 194 R-10C1 BOSS 1 1 0 1 0 0 -165.59271079591707 -181.89087578413276 143.1 -171.36168665612885 -176.4364501894962 78.73178 76.65148 189.53436515493456 25.355939886524148 -0.14969438 0.20089175 -0.038342413 189.53434635445277 25.3559536395168 189.53596812031753 25.21094195641058 61.791562140924704 262.62960500570136 5400.0 5400.0 2016.0 1 420 {-999.0 18.137825 18.054415 18.046228 18.134386} sdss_psfmag 18.416502 18.276926 17.943794 -999.0 63050395173373327 1128956081 dark_1x4 bhm_aqmes_wide1 bhm_aqmes science 0 0 0.0 0.0 -999 ""
FIBERMAP 194 R-10C1 METROLOGY 0 0 0 1 0 0 -166.19108902353256 -182.33773761436407 143.1 -171.9741213216725 -176.86373016616585 78.73178 76.65148 -999.0 -999.0 -999.0 -999.0 -999.0 189.53136064421153 25.354050039717208 189.53295584348473 25.209025854385633 61.78830695242061 262.6281049295724 -999.0 6231.0 -999.0 -1 -999 {-999.0 -999.0 -999.0 -999.0 -999.0} "" -999.0 -999.0 -999.0 -999.0 -999 -999 "" "" "" "" 0 0 0.0 0.0 -999 ""
FIBERMAP 199 R+10C9 APOGEE 0 0 0 1 0 0 18.065522824302334 187.0886116182083 143.1 24.091984383638593 186.39180717385887 26.35921 60.65918 -999.0 -999.0 -999.0 -999.0 -999.0 190.51681420370505 27.003620764629847 190.5161648487673 26.858533796175585 63.21394731015885 265.2538882692463 -999.0 16600.0 -999.0 2 -999 {-999.0 -999.0 -999.0 -999.0 -999.0} "" -999.0 -999.0 -999.0 -999.0 -999 -999 "" "" "" "" 0 0 0.0 0.0 -999 ""
FIBERMAP 199 R+10C9 BOSS 1 1 0 1 0 0 18.03619335384386 186.3389287824433 143.1 24.038480079941145 185.64352690479296 26.35921 60.65918 190.51645599419086 27.00027288383138 -0.18506126 0.19468462 0.16312148 190.51643889728737 27.00026503034381 190.51590022257653 26.855214007324722 63.21258663909967 265.2471487183265 5400.0 5400.0 2016.0 1 121 {-999.0 20.12168 19.408457 19.054811 18.783543} sdss_psfmag_from_lsdr10 19.925941 19.401953 18.719671 -999.0 63050395173414784 1059142795 dark_flexible_2x2 bhm_spiders_agn_lsdr10 bhm_spiders science 0 0 0.0 0.0 -999 ""
FIBERMAP 199 R+10C9 METROLOGY 0 0 0 1 0 0 17.405774956995767 186.74019415008098 143.1 23.42139426777798 186.06489210012072 26.35921 60.65918 -999.0 -999.0 -999.0 -999.0 -999.0 190.51332431938866 27.002170838619683 190.5127587751581 26.85710836166717 63.21060405232189 265.25323022301666 -999.0 6231.0 -999.0 -1 -999 {-999.0 -999.0 -999.0 -999.0 -999.0} "" -999.0 -999.0 -999.0 -999.0 -999 -999 "" "" "" "" 0 0 0.0 0.0 -999 ""
FIBERMAP 200 R+7C19 APOGEE 0 0 0 1 0 0 183.53634650230782 144.62792197380813 143.1 188.0919099251765 138.61711527090182 111.400566 132.647 -999.0 -999.0 -999.0 -999.0 -999.0 191.3487648202594 26.782035960519842 191.34695722568028 26.63728698958967 63.83269408668953 264.2101432169534 -999.0 16600.0 -999.0 2 -999 {-999.0 -999.0 -999.0 -999.0 -999.0} "" -999.0 -999.0 -999.0 -999.0 -999 -999 "" "" "" "" 0 0 0.0 0.0 -999 ""
FIBERMAP 200 R+7C19 BOSS 1 1 0 1 0 0 183.86916440099833 145.29852085712102 143.1 188.44616593966387 139.27656596210025 111.400566 132.647 191.35049670940393 26.785001790553718 -999.0 -999.0 -999.0 191.35048123949684 26.784974527986883 191.3487746719851 26.64026092989143 63.83526181397946 264.2151579739025 5400.0 5400.0 2016.0 1 238 {-999.0 23.01047 22.341606 21.782732 21.346132} sdss_fiber2mag_from_lsdr10 nan nan nan -999.0 63050396913421026 1059141695 dark_flexible_2x2 bhm_spiders_agn_lsdr10 bhm_spiders science 0 0 0.0 0.0 -999 ""
FIBERMAP 200 R+7C19 METROLOGY 0 0 0 1 0 0 184.28063272778647 144.67988345063995 143.1 188.83742017060587 138.64502661065845 111.400566 132.647 -999.0 -999.0 -999.0 -999.0 -999.0 191.35246825602118 26.78210656844586 191.3507303329269 26.637384288229825 63.83588489873408 264.20765606551777 -999.0 6231.0 -999.0 -1 -999 {-999.0 -999.0 -999.0 -999.0 -999.0} "" -999.0 -999.0 -999.0 -999.0 -999 -999 "" "" "" "" 0 0 0.0 0.0 -999 ""
FIBERMAP 202 R-10C6 APOGEE 0 0 0 1 0 0 -53.94777980743865 -197.57178789344601 143.1 -60.29070933656794 -195.71066561609211 350.11472 113.04803 -999.0 -999.0 -999.0 -999.0 -999.0 190.09071659292644 25.269009634081257 190.09146293281913 25.124140987750874 62.220634165369546 262.0414838599799 -999.0 16600.0 -999.0 2 -999 {-999.0 -999.0 -999.0 -999.0 -999.0} "" -999.0 -999.0 -999.0 -999.0 -999 -999 "" "" "" "" 0 0 0.0 0.0 -999 ""
FIBERMAP 202 R-10C6 BOSS 1 1 0 1 0 0 -53.77676449797988 -198.29918214462518 143.1 -60.14327148032497 -196.44313609640406 350.11472 113.04803 190.09133525866042 25.265620448217327 -0.3910258 -0.3185731 -0.34436607 190.09134682260793 25.26562412378474 190.09220302224583 25.12079860984223 62.21993886819948 262.0343235651928 5400.0 5400.0 2016.0 1 391 {-999.0 19.8669 19.694057 19.537134 19.387794} sdss_psfmag_from_gdr3 19.880194 19.698366 19.200909 -999.0 63050395173372617 1128676848 dark_flexible_3x1 bhm_spiders_agn_gaiadr3_d3 bhm_spiders science 0 0 0.0 0.0 -999 ""
FIBERMAP 202 R-10C6 METROLOGY 0 0 0 1 0 0 -54.48767250604849 -198.08674211908126 143.1 -60.84689143323429 -196.20788392254815 350.11472 113.04803 -999.0 -999.0 -999.0 -999.0 -999.0 190.0878477577303 25.266705867191135 190.088677542489 25.12186706111048 62.21742225645835 262.03911962296445 -999.0 6231.0 -999.0 -1 -999 {-999.0 -999.0 -999.0 -999.0 -999.0} "" -999.0 -999.0 -999.0 -999.0 -999 -999 "" "" "" "" 0 0 0.0 0.0 -999 ""
FIBERMAP 204 R-3C18 APOGEE 0 0 0 1 0 0 121.29661850399772 -71.9864800945043 143.1 118.89978140418249 -75.85699374308207 266.67188 108.57578 -999.0 -999.0 -999.0 -999.0 -999.0 190.9941799135589 25.81089782855849 190.9933741006057 25.666219850682467 63.18157129019609 262.4452017111533 -999.0 16600.0 -999.0 2 224 {-999.0 -999.0 -999.0 -999.0 -999.0} "" -999.0 -999.0 -999.0 -999.0 -999 -999 "" "" "" "" 0 0 0.0 0.0 -999 ""
FIBERMAP 204 R-3C18 BOSS 1 1 0 1 0 0 120.61337233020197 -72.25204499714322 143.1 118.20838097538537 -76.10034835354669 266.67188 108.57578 190.990605291713 25.80972073884952 -999.0 -999.0 -999.0 190.99063497182462 25.809732156592187 190.989940864809 25.66509244737796 63.17828055992122 262.44549967486535 5400.0 5400.0 2016.0 1 293 {-999.0 21.699373 21.069063 20.650476 20.353539} sdss_fiber2mag_from_lsdr10 21.121038 21.384237 19.889196 -999.0 63050395173397615 1059137217 dark_flexible_2x2 bhm_spiders_agn_lsdr10 bhm_spiders science 0 0 0.0 0.0 -999 ""
FIBERMAP 204 R-3C18 METROLOGY 0 0 0 1 0 0 120.72350160343238 -71.50994156809165 143.1 118.34239133362844 -75.3622503340514 266.67188 108.57578 -999.0 -999.0 -999.0 -999.0 -999.0 190.991355275279 25.81310040080407 190.99062847376524 25.668449108102255 63.18013042914553 262.4518575190358 -999.0 6231.0 -999.0 -1 -999 {-999.0 -999.0 -999.0 -999.0 -999.0} "" -999.0 -999.0 -999.0 -999.0 -999 -999 "" "" "" "" 0 0 0.0 0.0 -999 ""
FIBERMAP 208 R-7C5 APOGEE 0 0 0 1 0 0 -136.85743518592986 -118.70788356217383 143.1 -140.60494304430307 -114.21920006033221 202.82188 18.93024 -999.0 -999.0 -999.0 -999.0 -999.0 189.68502297140407 25.637037491677475 189.68620196506458 25.491969353748924 62.02487624742899 263.0698439275263 -999.0 16600.0 -999.0 2 253 {-999.0 -999.0 -999.0 -999.0 -999.0} "" -999.0 -999.0 -999.0 -999.0 -999 -999 "" "" "" "" 0 0 0.0 0.0 -999 ""
FIBERMAP 208 R-7C5 BOSS 1 1 0 1 0 0 -136.32450902203166 -118.18817235737959 143.1 -140.05556973375178 -113.71700285484759 202.82188 18.93024 189.68763902840334 25.639327129314324 -8.858078 -21.965555 5.073104 189.6876007069154 25.639240812425776 189.68888620192774 25.494214257614537 62.02797108220632 263.0723044038276 5400.0 5400.0 2016.0 1 451 {-999.0 18.251133 18.354641 18.5087 -999.0} sdss_psfmag 18.296648 18.266323 18.222319 -999.0 63050395173373929 1143500286 dark_1x3 mwm_wd_pwd_boss_1x3 mwm_wd science 0 0 0.0 0.0 -999 ""
FIBERMAP 208 R-7C5 METROLOGY 0 0 0 1 0 0 -136.14280888327835 -118.91981306834016 143.1 -139.8975905841893 -114.4540620168049 202.82188 18.93024 -999.0 -999.0 -999.0 -999.0 -999.0 189.68846465165257 25.635921532077475 189.6897187351201 25.490884225855947 62.027398867258086 263.0651292437891 -999.0 6231.0 -999.0 -1 -999 {-999.0 -999.0 -999.0 -999.0 -999.0} "" -999.0 -999.0 -999.0 -999.0 -999 -999 "" "" "" "" 0 0 0.0 0.0 -999 ""
FIBERMAP 214 R-11C5 APOGEE 1 1 0 1 0 0 -91.83034415563088 -213.1451850885002 143.1 -98.65278893957935 -210.0520971964652 180.13947 115.48668 189.89904435647668 25.204779742032432 10.345837 -27.56424 0.74102896 189.89907545529465 25.204668641576077 189.90012347894913 25.059753936290868 62.0359891559273 262.0604612979492 16000.0 16600.0 2016.0 2 153 {-999.0 12.456747 12.554662 12.6703 -999.0} sdss_psfmag_from_g3xp 12.553535 12.479588 12.345682 12.113 63050395173372268 1135911836 dark_flexible_3x1 mwm_halo_local_high_apogee_triple mwm_halo science 0 0 0.0 0.0 -999 ""
FIBERMAP 214 R-11C5 BOSS 0 0 0 1 0 0 -92.17130816077264 -212.49084685495714 143.1 -98.972429656686 -209.38715395062133 180.13947 115.48668 -999.0 -999.0 -999.0 -999.0 -999.0 189.8973253701907 25.207581149967087 189.89848475574126 25.06270796302033 62.0357863864006 262.0674983622422 -999.0 5400.0 -999.0 1 392 {-999.0 -999.0 -999.0 -999.0 -999.0} "" -999.0 -999.0 -999.0 -999.0 -999 -999 "" "" "" "" 0 0 0.0 0.0 -999 ""
FIBERMAP 214 R-11C5 METROLOGY 0 0 0 1 0 0 -91.43383692640958 -212.5089927454371 143.1 -98.2359926595203 -209.42908740307567 180.13947 115.48668 -999.0 -999.0 -999.0 -999.0 -999.0 189.90104311946124 25.207408154488892 189.90216605202647 25.062524048137497 62.03877994983475 262.0643404850624 -999.0 6231.0 -999.0 -1 -999 {-999.0 -999.0 -999.0 -999.0 -999.0} "" -999.0 -999.0 -999.0 -999.0 -999 -999 "" "" "" "" 0 0 0.0 0.0 -999 ""
FIBERMAP 215 R-10C15 APOGEE 0 0 0 1 0 0 124.39550391848914 -188.81616993725564 143.1 118.22662332084624 -192.71561001043125 134.98003 132.13162 -999.0 -999.0 -999.0 -999.0 -999.0 190.98601107179215 25.282257186158763 190.98546938257095 25.137685867249044 62.96986647879724 261.3755673740601 -999.0 16600.0 -999.0 2 237 {-999.0 -999.0 -999.0 -999.0 -999.0} "" -999.0 -999.0 -999.0 -999.0 -999 -999 "" "" "" "" 0 0 0.0 0.0 -999 ""
FIBERMAP 215 R-10C15 BOSS 1 1 0 1 0 0 124.3996583243257 -188.07438716698684 143.1 118.25471293636218 -191.97441258750362 134.98003 132.13162 190.98610218882231 25.285485077319194 -999.0 -999.0 -999.0 190.98610364776883 25.285516762266383 190.98566599702656 25.14098603314871 62.97133588295899 261.3820815293786 5400.0 5400.0 2016.0 1 266 {-999.0 21.597109 20.974478 20.596737 20.386919} sdss_fiber2mag_from_lsdr10 nan nan nan -999.0 63050399058533375 1059134904 dark_flexible_2x2 bhm_spiders_agn_lsdr10 bhm_spiders science 0 0 0.0 0.0 -999 ""
FIBERMAP 215 R-10C15 METROLOGY 0 0 0 1 0 0 125.04371639897221 -188.4499616849033 143.1 118.8862591861001 -192.37054272267955 134.98003 132.13162 -999.0 -999.0 -999.0 -999.0 -999.0 190.9892665914718 25.283753996770145 190.98879528580017 25.139213077437567 62.973235945664726 261.37603159489333 -999.0 6231.0 -999.0 -1 -999 {-999.0 -999.0 -999.0 -999.0 -999.0} "" -999.0 -999.0 -999.0 -999.0 -999 -999 "" "" "" "" 0 0 0.0 0.0 -999 ""
FIBERMAP 222 R-12C12 APOGEE 0 0 0 1 0 0 83.23386073148583 -213.28785517527038 143.1 76.30030715100739 -215.84409846045318 164.00401 48.009 -999.0 -999.0 -999.0 -999.0 -999.0 190.77537512340817 25.178317001816897 190.77518311941128 25.033693311261292 62.75378652131441 261.33197101853193 -999.0 16600.0 -999.0 2 -999 {-999.0 -999.0 -999.0 -999.0 -999.0} "" -999.0 -999.0 -999.0 -999.0 -999 -999 "" "" "" "" 0 0 0.0 0.0 -999 ""
FIBERMAP 222 R-12C12 BOSS 1 1 0 1 0 0 83.87334853104961 -212.879586563252 143.1 76.95258095411404 -215.45671485128153 164.00401 48.009 190.77824400025534 25.180075401344666 -8.933406 -28.627651 0.6852987 190.778557998365 25.179980027437974 190.77846718708963 25.0353989312162 62.757194991010735 261.33280369160605 5400.0 5400.0 2016.0 1 343 {-999.0 16.577507 16.15741 15.999049 -999.0} sdss_psfmag 16.490486 16.160269 15.65618 14.712 63050395173394460 1136213977 dark_flexible_3x1 mwm_halo_local_high_boss_triple mwm_halo science 0 0 1.0797460079193115 0.0 -999 ""
FIBERMAP 222 R-12C12 METROLOGY 0 0 0 1 0 0 83.89633056621477 -213.631068954985 143.1 76.95129825834866 -216.20848170250707 164.00401 48.009 -999.0 -999.0 -999.0 -999.0 -999.0 190.7785530774058 25.176626058941302 190.77843364940543 25.032033810772234 62.75582836219786 261.3260857971616 -999.0 6231.0 -999.0 -1 -999 {-999.0 -999.0 -999.0 -999.0 -999.0} "" -999.0 -999.0 -999.0 -999.0 -999 -999 "" "" "" "" 0 0 0.0 0.0 -999 ""
FIBERMAP 228 R+13C11 APOGEE 0 0 0 1 0 0 61.900187974192306 260.8557276718946 143.1 70.28048692336999 258.6994764266273 189.3908 72.336075 -999.0 -999.0 -999.0 -999.0 -999.0 190.7519834889594 27.32689995453864 190.75082360864621 27.181826595718555 63.52004541606441 265.7747820558185 -999.0 16600.0 -999.0 2 53 {-999.0 -999.0 -999.0 -999.0 -999.0} "" -999.0 -999.0 -999.0 -999.0 -999 -999 "" "" "" "" 0 0 0.0 0.0 -999 ""
FIBERMAP 228 R+13C11 BOSS 1 1 0 1 0 0 61.97457072584383 261.59472473725856 143.1 70.3786722632772 259.4356235321407 189.3908 72.336075 190.75237195809507 27.33014744808032 -999.0 -999.0 -999.0 190.7523728529239 27.33014709244036 190.75131868953827 27.18510714393795 63.521554881867615 265.78138876585473 5400.0 5400.0 2016.0 1 163 {-999.0 21.4507 20.274954 19.814672 19.46636} sdss_fiber2mag_from_lsdr10 20.249058 21.23207 18.628393 -999.0 63050395173415381 1058179870 dark_flexible_2x2 bhm_spiders_clusters_lsdr10 bhm_spiders science 0 0 0.0 0.0 -999 ""
FIBERMAP 228 R+13C11 METROLOGY 0 0 0 1 0 0 62.58190459500598 261.1633077146182 143.1 70.97171458135762 258.9848699757134 189.3908 72.336075 -999.0 -999.0 -999.0 -999.0 -999.0 190.75542051576193 27.328126386299804 190.754332020736 27.183078279770395 63.52340512533901 265.7750934153212 -999.0 6231.0 -999.0 -1 -999 {-999.0 -999.0 -999.0 -999.0 -999.0} "" -999.0 -999.0 -999.0 -999.0 -999 -999 "" "" "" "" 0 0 0.0 0.0 -999 ""
FIBERMAP 233 R+4C4 APOGEE 0 0 0 1 0 0 -176.83233062534603 68.41506712822402 143.1 -174.5169584213797 74.0799214470234 249.95477 148.23608 -999.0 -999.0 -999.0 -999.0 -999.0 189.50838568062446 26.491273997746916 189.5094829511189 26.34597974070235 62.19149089956083 264.8923568539397 -999.0 16600.0 -999.0 2 -999 {-999.0 -999.0 -999.0 -999.0 -999.0} "" -999.0 -999.0 -999.0 -999.0 -999 -999 "" "" "" "" 0 0 0.0 0.0 -999 ""
FIBERMAP 233 R+4C4 BOSS 1 1 0 1 0 0 -177.39889597271497 67.9500236165669 143.1 -175.09818629368883 73.63344423110973 249.95477 148.23608 189.50529024866992 26.48920564484922 0.04567212 -0.09718695 0.24022035 189.50529691754062 26.48920696617918 189.50651203094276 26.34395057545085 62.188280917553485 264.8903215409215 5400.0 5400.0 2016.0 1 36 {-999.0 19.104252 19.025778 19.084532 18.90729} sdss_psfmag 18.942736 18.848751 18.410908 -999.0 63050395173413097 1128956196 dark_1x4 bhm_aqmes_wide1 bhm_aqmes science 0 0 0.0 0.0 -999 ""
FIBERMAP 233 R+4C4 METROLOGY 0 0 0 1 0 0 -177.5299715740734 68.67956493004966 143.1 -175.20563945328817 74.36677159120443 249.95477 148.23608 -999.0 -999.0 -999.0 -999.0 -999.0 189.50478361128177 26.4925353963955 189.50596633133046 26.34726731112712 62.18900345690539 264.89733841581534 -999.0 6231.0 -999.0 -1 -999 {-999.0 -999.0 -999.0 -999.0 -999.0} "" -999.0 -999.0 -999.0 -999.0 -999 -999 "" "" "" "" 0 0 0.0 0.0 -999 ""
FIBERMAP 238 R-5C3 APOGEE 0 0 0 1 0 0 -192.40065746296543 -86.30447637264511 143.1 -195.06869845729557 -80.04309603910245 82.84312 132.93471 -999.0 -999.0 -999.0 -999.0 -999.0 189.41058512650693 25.79119017607411 189.41210349182018 25.646011237994013 61.85416940914266 263.57166618706555 -999.0 16600.0 -999.0 2 290 {-999.0 -999.0 -999.0 -999.0 -999.0} "" -999.0 -999.0 -999.0 -999.0 -999 -999 "" "" "" "" 0 0 0.0 0.0 -999 ""
FIBERMAP 238 R-5C3 BOSS 1 1 0 1 0 0 -191.81069188714946 -85.86492258935857 143.1 -194.46490716018695 -79.62284818245087 82.84312 132.93471 189.4134380160091 25.793041772459414 -999.0 -999.0 -999.0 189.4134218741947 25.793045841570798 189.41504770766062 25.64790832382471 61.85734149328311 263.57328256844175 5400.0 5400.0 2016.0 1 444 {-999.0 21.2872 20.523994 20.11003 19.826244} sdss_fiber2mag_from_lsdr10 20.514921 21.079832 19.26944 -999.0 63050395173386331 1059137189 dark_flexible_2x2 bhm_spiders_agn_lsdr10 bhm_spiders science 0 0 0.0 0.0 -999 ""
FIBERMAP 238 R-5C3 METROLOGY 0 0 0 1 0 0 -191.714359563751 -86.60264942064687 143.1 -194.39244029274434 -80.36323489583515 82.84312 132.93471 -999.0 -999.0 -999.0 -999.0 -999.0 189.41386413746102 25.78970803747299 189.41545878703562 25.644559718160597 61.85642828860053 263.5664072434337 -999.0 6231.0 -999.0 -1 -999 {-999.0 -999.0 -999.0 -999.0 -999.0} "" -999.0 -999.0 -999.0 -999.0 -999 -999 "" "" "" "" 0 0 0.0 0.0 -999 ""
FIBERMAP 240 R-13C13 APOGEE 0 0 0 1 0 0 130.84146195977493 -257.7417707429106 143.1 122.44439283265183 -261.80729278037836 292.11655 145.74767 -999.0 -999.0 -999.0 -999.0 -999.0 191.003254101799 24.973213237933756 191.00283517542096 24.828712408877873 62.86062651761536 260.73984880439195 -999.0 16600.0 -999.0 2 176 {-999.0 -999.0 -999.0 -999.0 -999.0} "" -999.0 -999.0 -999.0 -999.0 -999 -999 "" "" "" "" 0 0 0.0 0.0 -999 ""
FIBERMAP 240 R-13C13 BOSS 1 1 0 1 0 0 130.67723930645334 -258.4697252728949 143.1 122.2567785961374 -262.5295048855842 292.11655 145.74767 191.00219614306386 24.969998600170943 -3.6339428 -9.251132 0.13777252 191.0021647659156 24.969973895789934 191.00185442992915 24.82551574281563 62.85851874228073 260.73423063184987 5400.0 5400.0 2016.0 1 345 {-999.0 18.191992 17.855278 17.740627 -999.0} sdss_psfmag 18.136185 17.856878 17.403404 -999.0 63050395173393366 977060521 "" ops_std_boss ops_std standard_boss 0 0 0.0 0.0 -999 ""
FIBERMAP 240 R-13C13 METROLOGY 0 0 0 1 0 0 130.1325133986131 -257.9653752294973 143.1 121.72865973884426 -262.0078830723285 292.11655 145.74767 -999.0 -999.0 -999.0 -999.0 -999.0 190.99960418644568 24.97229854707496 190.99926647006737 24.827826977865445 62.85730642155306 260.74094728461625 -999.0 6231.0 -999.0 -1 -999 {-999.0 -999.0 -999.0 -999.0 -999.0} "" -999.0 -999.0 -999.0 -999.0 -999 -999 "" "" "" "" 0 0 0.0 0.0 -999 ""
FIBERMAP 245 R-9C16 APOGEE 0 0 0 1 0 0 155.3034952401221 -182.10759377584458 143.1 149.33230041577124 -187.00853302521574 317.28555 123.72956 -999.0 -999.0 -999.0 -999.0 -999.0 191.1416426215772 25.30792131148367 191.14086595458298 25.16340063261211 63.10922337110013 261.30487227979404 -999.0 16600.0 -999.0 2 193 {-999.0 -999.0 -999.0 -999.0 -999.0} "" -999.0 -999.0 -999.0 -999.0 -999 -999 "" "" "" "" 0 0 0.0 0.0 -999 ""
FIBERMAP 245 R-9C16 BOSS 1 1 0 1 0 0 155.1867705991467 -182.84029863672606 143.1 149.1920019991958 -187.7370253582616 317.28555 123.72956 191.14095744438103 25.304646262421876 -41.634995 -24.45786 0.7799314 191.14081362895166 25.30458229770163 191.1401448821947 25.160103019328265 63.107318927866785 261.2987479462606 5400.0 5400.0 2016.0 1 308 {-999.0 16.899546 16.435003 16.240923 -999.0} sdss_psfmag 16.810823 16.453787 15.919752 14.974 63050395173394350 1073320764 bright_1x1 mwm_halo_local_high_boss_single mwm_halo science 0 0 0.0 0.0 -999 ""
FIBERMAP 245 R-9C16 METROLOGY 0 0 0 1 0 0 154.60834906797808 -182.37472705466647 143.1 148.62895661593183 -187.2530710382239 317.28555 123.72956 -999.0 -999.0 -999.0 -999.0 -999.0 191.13806026899502 25.30677439476652 191.13736461898736 25.16228203569904 63.10587033967188 261.30537370535376 -999.0 6231.0 -999.0 -1 -999 {-999.0 -999.0 -999.0 -999.0 -999.0} "" -999.0 -999.0 -999.0 -999.0 -999 -999 "" "" "" "" 0 0 0.0 0.0 -999 ""
FIBERMAP 251 R-9C13 APOGEE 0 0 0 1 0 0 88.59336448354215 -162.73812538918975 143.1 83.2878178368404 -165.4980760137161 70.04185 95.43208 -999.0 -999.0 -999.0 -999.0 -999.0 190.8120521881324 25.404996345012 190.81170203843124 25.260338322219315 62.87360676002007 261.7592181787067 -999.0 16600.0 -999.0 2 172 {-999.0 -999.0 -999.0 -999.0 -999.0} "" -999.0 -999.0 -999.0 -999.0 -999 -999 "" "" "" "" 0 0 0.0 0.0 -999 ""
FIBERMAP 251 R-9C13 BOSS 1 1 0 1 0 0 89.30714222626419 -162.9249645779064 143.1 83.9951319315824 -165.70783553357617 70.04185 95.43208 190.81551474840697 25.403948140444893 -999.0 -999.0 -999.0 190.81551660379955 25.40395758053642 190.81526842560947 25.25934194706985 62.87618460948232 261.7544377476655 5400.0 5400.0 2016.0 1 397 {-999.0 22.911531 22.618084 21.947725 21.454702} sdss_fiber2mag_from_lsdr10 nan nan nan -999.0 63050396913384420 1059136080 dark_flexible_2x2 bhm_spiders_agn_lsdr10 bhm_spiders science 0 0 0.0 0.0 -999 ""
FIBERMAP 251 R-9C13 METROLOGY 0 0 0 1 0 0 88.7815038838549 -163.45926067799923 143.1 83.45257134621268 -166.22484394326727 70.04185 95.43208 -999.0 -999.0 -999.0 -999.0 -999.0 190.812801056635 25.401645630112462 190.81252769818445 25.257017929368196 62.87299385519614 261.75187613146875 -999.0 6231.0 -999.0 -1 -999 {-999.0 -999.0 -999.0 -999.0 -999.0} "" -999.0 -999.0 -999.0 -999.0 -999 -999 "" "" "" "" 0 0 0.0 0.0 -999 ""
FIBERMAP 256 R-3C17 APOGEE 0 0 0 1 0 0 112.9539012726258 -41.08533478953895 143.1 111.55933659550725 -44.70542387066473 116.57281 37.247776 -999.0 -999.0 -999.0 -999.0 -999.0 190.95813029281982 25.952621745765953 190.95730956796842 25.80790170297181 63.205082670821284 262.7632740978771 -999.0 16600.0 -999.0 2 -999 {-999.0 -999.0 -999.0 -999.0 -999.0} "" -999.0 -999.0 -999.0 -999.0 -999 -999 "" "" "" "" 0 0 0.0 0.0 -999 ""
FIBERMAP 256 R-3C17 BOSS 1 1 0 1 0 0 113.63534172538813 -41.39576715198911 143.1 112.23034465395162 -45.03765783111761 116.57281 37.247776 190.96160888671872 25.9509616108664 -999.0 -999.0 -999.0 190.96145779644414 25.951040035806987 190.96073911395092 25.806360294220905 63.20736384779553 262.75752991303955 5400.0 5400.0 2015.5 1 302 {-999.0 -999.0 -999.0 -999.0 -999.0} "" -999.0 -999.0 -999.0 -999.0 27021603145564067 812569255 "" ops_sky_boss_good ops_sky sky_boss 0 0 0.0 0.0 -999 ""
FIBERMAP 256 R-3C17 METROLOGY 0 0 0 1 0 0 113.03456375067414 -41.82705949935176 143.1 111.61601413701389 -45.449300355852905 116.57281 37.247776 -999.0 -999.0 -999.0 -999.0 -999.0 190.9583639381808 25.949192882039373 190.95762059517085 25.804501438602554 63.204063317668854 262.7560516246543 -999.0 6231.0 -999.0 -1 -999 {-999.0 -999.0 -999.0 -999.0 -999.0} "" -999.0 -999.0 -999.0 -999.0 -999 -999 "" "" "" "" 0 0 0.0 0.0 -999 ""
FIBERMAP 260 R+3C9 APOGEE 0 0 0 1 0 0 -68.07983366801311 56.20507304449373 143.1 -66.22464701760359 58.36785285856357 331.8484 134.54659 -999.0 -999.0 -999.0 -999.0 -999.0 190.05706120708948 26.42279407414147 190.05736342310968 26.277677623348218 62.62576379682173 264.3756595832203 -999.0 16600.0 -999.0 2 121 {-999.0 -999.0 -999.0 -999.0 -999.0} "" -999.0 -999.0 -999.0 -999.0 -999 -999 "" "" "" "" 0 0 0.0 0.0 -999 ""
FIBERMAP 260 R+3C9 BOSS 1 1 0 1 0 0 -67.86702475878512 55.50755114854124 143.1 -66.03447699049076 57.663887857469845 331.8484 134.54659 190.05787239816354 26.419609665665213 6.186922 -10.244603 0.4453874 190.05788489426433 26.419584655389354 190.05829733308303 26.274507115089385 62.6254064767749 264.3685702283085 5400.0 5400.0 2016.0 1 32 {-999.0 16.58348 16.216557 16.045258 -999.0} sdss_psfmag 16.502167 16.20141 15.731751 14.903 63050395173412523 977060616 "" ops_std_boss ops_std standard_boss 0 0 0.0 0.0 -999 ""
FIBERMAP 260 R+3C9 METROLOGY 0 0 0 1 0 0 -68.59413749170574 55.655740044840805 143.1 -66.7563652289006 57.83545092625223 331.8484 134.54659 -999.0 -999.0 -999.0 -999.0 -999.0 190.05425431691353 26.420360951153217 190.05464067379012 26.275271353955198 62.622621025863594 264.3726828311256 -999.0 6231.0 -999.0 -1 -999 {-999.0 -999.0 -999.0 -999.0 -999.0} "" -999.0 -999.0 -999.0 -999.0 -999 -999 "" "" "" "" 0 0 0.0 0.0 -999 ""
FIBERMAP 261 R+4C15 APOGEE 0 0 0 1 0 0 56.75049131101032 68.77756441089383 143.1 58.93545546004395 66.90435233146049 223.11388 114.36298 -999.0 -999.0 -999.0 -999.0 -999.0 190.69352795628438 26.461529509633092 190.6928601741971 26.31661282340529 63.17139493910831 264.0057732053245 -999.0 16600.0 -999.0 2 65 {-999.0 -999.0 -999.0 -999.0 -999.0} "" -999.0 -999.0 -999.0 -999.0 -999 -999 "" "" "" "" 0 0 0.0 0.0 -999 ""
FIBERMAP 261 R+4C15 BOSS 1 1 0 1 0 0 56.057751902604 69.03613166155105 143.1 58.251481604338885 67.18511735707818 223.11388 114.36298 190.6899748685078 26.462827858336187 -999.0 -999.0 -999.0 190.68997960815332 26.46281404683956 190.68942409335386 26.317933072118333 63.16899654727934 264.0109583183255 5400.0 5400.0 2016.0 1 212 {-999.0 21.011967 20.731884 20.479229 20.237343} sdss_psfmag_from_gdr3 20.655384 20.869793 19.760593 -999.0 63050395173400018 1128677105 dark_flexible_3x1 bhm_spiders_agn_gaiadr3_d3 bhm_spiders science 0 0 0.0 0.0 -999 ""
FIBERMAP 261 R+4C15 METROLOGY 0 0 0 1 0 0 56.62293368860735 69.51855945545034 143.1 58.831887757336276 67.64901292734906 223.11388 114.36298 -999.0 -999.0 -999.0 -999.0 -999.0 190.69295893374004 26.464919727715554 190.69236749802621 26.320028791867763 63.17221224447688 264.0131871181025 -999.0 6231.0 -999.0 -1 -999 {-999.0 -999.0 -999.0 -999.0 -999.0} "" -999.0 -999.0 -999.0 -999.0 -999 -999 "" "" "" "" 0 0 0.0 0.0 -999 ""
FIBERMAP 264 R+10C3 APOGEE 0 0 0 1 0 0 -129.00528215764334 188.1957897221586 143.1 -122.853617094382 192.24436729320624 250.5439 164.87418 -999.0 -999.0 -999.0 -999.0 -999.0 189.76886783995 27.027616058068375 189.76935254230943 26.88228872516796 62.595997842858395 265.80279608160663 -999.0 16600.0 -999.0 2 136 {-999.0 -999.0 -999.0 -999.0 -999.0} "" -999.0 -999.0 -999.0 -999.0 -999 -999 "" "" "" "" 0 0 0.0 0.0 -999 ""
FIBERMAP 264 R+10C3 BOSS 1 1 0 1 0 0 -129.4161358979566 187.5767407462214 143.1 -123.28419793160255 191.6389534071268 250.5439 164.87418 189.76646409465263 27.024963466135734 27.046993 -31.976326 1.3208156 189.76654770244568 27.02486968965879 189.76714873839467 26.8795783009105 62.5932265700385 265.7987139875176 5400.0 5400.0 2016.0 1 16 {-999.0 18.32389 17.101873 16.51985 -999.0} sdss_psfmag 17.88522 17.043259 16.148855 14.395 63050395173414157 1136214526 dark_flexible_3x1 mwm_halo_local_high_boss_triple mwm_halo science 0 0 0.0 0.0 -999 ""
FIBERMAP 264 R+10C3 METROLOGY 0 0 0 1 0 0 -129.75354812395796 188.24273456325977 143.1 -123.59991289830737 192.31543052763354 250.5439 164.87418 -999.0 -999.0 -999.0 -999.0 -999.0 189.76498516081907 27.02790152913065 189.7655557079961 26.88259883038958 62.59291931130041 265.8059349808753 -999.0 6231.0 -999.0 -1 -999 {-999.0 -999.0 -999.0 -999.0 -999.0} "" -999.0 -999.0 -999.0 -999.0 -999 -999 "" "" "" "" 0 0 0.0 0.0 -999 ""
FIBERMAP 285 R-8C18 APOGEE 0 0 0 1 0 0 160.8688170784955 -148.41861875019802 143.1 155.9813981632629 -153.51964953320848 205.48413 61.964535 -999.0 -999.0 -999.0 -999.0 -999.0 191.1768042629424 25.458744253465394 191.1759038244487 25.314205033344614 63.19771520839902 261.5842272913753 -999.0 16600.0 -999.0 2 -999 {-999.0 -999.0 -999.0 -999.0 -999.0} "" -999.0 -999.0 -999.0 -999.0 -999 -999 "" "" "" "" 0 0 0.0 0.0 -999 ""
FIBERMAP 285 R-8C18 BOSS 1 1 0 1 0 0 160.89125266455784 -147.68667539450706 143.1 156.02744031387567 -152.78887548252033 205.48413 61.964535 191.17646240736468 25.461948201817197 -8.323657 -9.94478 0.2506622 191.17700391809387 25.461971367434764 191.17620666915684 25.3174719378081 63.19924589933886 261.5906567883144 5400.0 5400.0 2016.0 1 319 {-999.0 14.710836 14.226537 14.008517 -999.0} sdss_psfmag_from_g3xp 14.600772 14.224899 13.66892 12.554 63050395173394814 1133091461 dark_flexible_3x1 mwm_halo_vmp_xp_boss_triple mwm_halo science 0 0 1.7635891437530518 0.0 -999 ""
FIBERMAP 285 R-8C18 METROLOGY 0 0 0 1 0 0 161.52839543049103 -148.06988048431563 143.1 156.65182921926103 -153.19240838652857 205.48413 61.964535 -999.0 -999.0 -999.0 -999.0 -999.0 191.18012371529358 25.460164738110496 191.17929307776512 25.31565537889711 63.20110224369543 261.5845272052586 -999.0 6231.0 -999.0 -1 -999 {-999.0 -999.0 -999.0 -999.0 -999.0} "" -999.0 -999.0 -999.0 -999.0 -999 -999 "" "" "" "" 0 0 0.0 0.0 -999 ""
FIBERMAP 288 R-1C7 APOGEE 0 0 0 1 0 0 -152.1193857836206 -24.441247048516487 143.1 -152.8155725490671 -19.51740152657519 152.03929 165.35707 -999.0 -999.0 -999.0 -999.0 -999.0 189.62018418772226 26.066784905601555 189.62128451867648 25.92160958081025 62.13147536319785 263.96740990593105 -999.0 16600.0 -999.0 2 247 {-999.0 -999.0 -999.0 -999.0 -999.0} "" -999.0 -999.0 -999.0 -999.0 -999 -999 "" "" "" "" 0 0 0.0 0.0 -999 ""
FIBERMAP 288 R-1C7 BOSS 1 1 0 1 0 0 -152.69446724175756 -23.96941589892954 143.1 -153.37507789163809 -19.027299233166925 152.03929 165.35707 189.61715698242185 26.06899356989355 -999.0 -999.0 -999.0 189.61717500179319 26.068952896572174 189.61839058530893 25.92381601129992 62.12986758944507 263.9738481717172 5400.0 5400.0 2015.5 1 483 {-999.0 -999.0 -999.0 -999.0 -999.0} "" -999.0 -999.0 -999.0 -999.0 27021603145551600 812567509 "" ops_sky_boss_good ops_sky sky_boss 0 0 0.0 0.0 -999 ""
FIBERMAP 288 R-1C7 METROLOGY 0 0 0 1 0 0 -151.9922547308255 -23.706375863404542 143.1 -152.66480414320498 -18.787080007858098 152.03929 165.35707 -999.0 -999.0 -999.0 -999.0 -999.0 189.62078970289286 26.070073697996104 189.62196782878618 25.924926363107044 62.13326769042634 263.9735234822059 -999.0 6231.0 -999.0 -1 -999 {-999.0 -999.0 -999.0 -999.0 -999.0} "" -999.0 -999.0 -999.0 -999.0 -999 -999 "" "" "" "" 0 0 0.0 0.0 -999 ""
FIBERMAP 289 R-11C12 APOGEE 0 0 0 1 0 0 57.92702059255193 -207.29120308570344 143.1 51.20237832504107 -209.03442896573597 224.8582 37.16701 -999.0 -999.0 -999.0 -999.0 -999.0 190.6499128565779 25.208887751229177 190.64988574541303 25.064214626266466 62.66172791706154 261.4913684639308 -999.0 16600.0 -999.0 2 175 {-999.0 -999.0 -999.0 -999.0 -999.0} "" -999.0 -999.0 -999.0 -999.0 -999 -999 "" "" "" "" 0 0 0.0 0.0 -999 ""
FIBERMAP 289 R-11C12 BOSS 1 1 0 1 0 0 58.02856346786852 -206.56266081925426 143.1 51.3273698829634 -208.30960677079221 224.8582 37.16701 190.6504643955485 25.212054635170198 -5.429048 -1.6177715 0.17773266 190.650460034716 25.212060662759388 190.65053772234887 25.067428915074174 62.663544118110444 261.49728480503154 5400.0 5400.0 2016.0 1 394 {-999.0 18.445307 18.199495 18.101519 -999.0} sdss_psfmag 18.3503 18.263021 17.656029 -999.0 63050395173394473 1092233843 dark_flexible_2x1 mwm_cb_galex_mag_boss mwm_cb science 0 0 0.0 0.0 -999 ""
FIBERMAP 289 R-11C12 METROLOGY 0 0 0 1 0 0 58.61628473083938 -207.01023528692613 143.1 51.90029011706051 -208.77587503289303 224.8582 37.16701 -999.0 -999.0 -999.0 -999.0 -999.0 190.65334799592404 25.20998576236249 190.6533921690318 25.06534357257053 62.66509145273372 261.4908838222381 -999.0 6231.0 -999.0 -1 -999 {-999.0 -999.0 -999.0 -999.0 -999.0} "" -999.0 -999.0 -999.0 -999.0 -999 -999 "" "" "" "" 0 0 0.0 0.0 -999 ""
FIBERMAP 293 R-11C16 APOGEE 0 0 0 1 0 0 173.06171983308352 -234.8211927176392 143.1 165.3786245726026 -240.2631299645776 0.79402834 17.36067 -999.0 -999.0 -999.0 -999.0 -999.0 191.21774882574323 25.069594104835748 191.2169797686921 24.925150850024878 63.07730047566929 260.76134791172575 -999.0 16600.0 -999.0 2 218 {-999.0 -999.0 -999.0 -999.0 -999.0} "" -999.0 -999.0 -999.0 -999.0 -999 -999 "" "" "" "" 0 0 0.0 0.0 -999 ""
FIBERMAP 293 R-11C16 BOSS 1 1 0 1 0 0 172.3657808055822 -235.05991091470432 143.1 164.67540537004325 -240.47924459698805 0.79402834 17.36067 191.211433534686 25.06824013121015 -39.490417 -35.414425 0.84302217 191.21413050878346 25.068597592634013 191.2134717749458 24.924195026836095 63.074003766258215 260.7622470745054 5400.0 5400.0 2016.0 1 259 {-999.0 17.072063 16.501274 16.2691 -999.0} sdss_psfmag 16.918161 16.516542 15.933147 14.8 63050395173393425 1136213950 dark_flexible_3x1 mwm_halo_local_high_boss_triple mwm_halo science 0 0 0.0 0.0 -999 ""
FIBERMAP 293 R-11C16 METROLOGY 0 0 0 1 0 0 172.50779158587605 -234.32556085701697 143.1 164.84102763387602 -239.74992406562743 0.79402834 17.36067 -999.0 -999.0 -999.0 -999.0 -999.0 191.21503801157124 25.07186062939496 191.21434672326734 24.92744585846085 63.07603979967659 260.7681115397089 -999.0 6231.0 -999.0 -1 -999 {-999.0 -999.0 -999.0 -999.0 -999.0} "" -999.0 -999.0 -999.0 -999.0 -999 -999 "" "" "" "" 0 0 0.0 0.0 -999 ""
FIBERMAP 296 R+3C13 APOGEE 0 0 0 1 0 0 0.4947711864881299 63.553393769783696 143.1 2.5453730775564676 63.498762911105246 142.42708 127.18395 -999.0 -999.0 -999.0 -999.0 -999.0 190.40672727378796 26.446530492342802 190.40649559078258 26.301520951172737 62.92644658659948 264.1784365007125 -999.0 16600.0 -999.0 2 5 {-999.0 -999.0 -999.0 -999.0 -999.0} "" -999.0 -999.0 -999.0 -999.0 -999 -999 "" "" "" "" 0 0 0.0 0.0 -999 ""
FIBERMAP 296 R+3C13 BOSS 1 1 0 1 0 0 0.5052237422029631 64.28182882325822 143.1 2.5793262731645323 64.2264174929078 142.42708 127.18395 190.40679931640625 26.44984382221378 -999.0 -999.0 -999.0 190.40679445310457 26.44983934472842 190.40666987720408 26.304866671573937 62.92779496881117 264.18517305012983 5400.0 5400.0 2015.5 1 106 {-999.0 -999.0 -999.0 -999.0 -999.0} "" -999.0 -999.0 -999.0 -999.0 27021603145565645 812569476 "" ops_sky_boss_good ops_sky sky_boss 0 0 0.0 0.0 -999 ""
FIBERMAP 296 R+3C13 METROLOGY 0 0 0 1 0 0 1.161055465477773 63.94365965847686 143.1 3.2238461000079326 63.86729001226745 142.42708 127.18395 -999.0 -999.0 -999.0 -999.0 -999.0 190.4101032307888 26.44820737531668 190.40994361987373 26.30322548920734 62.92994374812604 264.179490027931 -999.0 6231.0 -999.0 -1 -999 {-999.0 -999.0 -999.0 -999.0 -999.0} "" -999.0 -999.0 -999.0 -999.0 -999 -999 "" "" "" "" 0 0 0.0 0.0 -999 ""
FIBERMAP 298 R-12C13 APOGEE 0 0 0 1 0 0 97.44875714648589 -229.8798809899408 143.1 89.97112179337832 -232.884752603926 180.52568 104.46299 -999.0 -999.0 -999.0 -999.0 -999.0 190.84304445592576 25.101993923247917 190.8427917418644 24.95740965171221 62.77953102747832 261.12568579334055 -999.0 16600.0 -999.0 2 -999 {-999.0 -999.0 -999.0 -999.0 -999.0} "" -999.0 -999.0 -999.0 -999.0 -999 -999 "" "" "" "" 0 0 0.0 0.0 -999 ""
FIBERMAP 298 R-12C13 BOSS 1 1 0 1 0 0 97.24961364948204 -229.16944355416135 143.1 89.79502565634789 -232.16832091085453 180.52568 104.46299 190.84178191317378 25.10519852882123 -20.442537 -23.978714 0.5618543 190.84209776483394 25.10513566419264 190.84195113720932 24.960592458349478 62.780106546168284 261.13272929179305 5400.0 5400.0 2016.0 1 344 {-999.0 16.039595 15.6365595 15.486989 -999.0} sdss_psfmag 15.937663 15.643382 15.17971 14.381 63050395173394207 1136213934 dark_flexible_3x1 mwm_halo_local_high_boss_triple mwm_halo science 0 0 1.2554957866668701 0.0 -999 ""
FIBERMAP 298 R-12C13 METROLOGY 0 0 0 1 0 0 97.96986947616057 -229.34592975586338 143.1 90.50914799051262 -232.3679427935273 180.52568 104.46299 -999.0 -999.0 -999.0 -999.0 -999.0 190.8456818032437 25.104262647123413 190.84550038050838 24.959708959019068 62.78270175522195 261.12814352554886 -999.0 6231.0 -999.0 -1 -999 {-999.0 -999.0 -999.0 -999.0 -999.0} "" -999.0 -999.0 -999.0 -999.0 -999 -999 "" "" "" "" 0 0 0.0 0.0 -999 ""
FIBERMAP 302 R-2C21 APOGEE 0 0 0 1 0 0 173.25520003294906 -32.86878500557801 143.1 172.0891021005828 -38.439828840255345 81.92869 157.38542 -999.0 -999.0 -999.0 -999.0 -999.0 191.26326377240107 25.979803980131653 191.26198221721438 25.83518851830996 63.469452091130556 262.58968211488326 -999.0 16600.0 -999.0 2 228 {-999.0 -999.0 -999.0 -999.0 -999.0} "" -999.0 -999.0 -999.0 -999.0 -999 -999 "" "" "" "" 0 0 0.0 0.0 -999 ""
FIBERMAP 302 R-2C21 BOSS 1 1 0 1 0 0 173.62732593963142 -32.22803683889283 143.1 172.48167891002834 -37.81147919623491 81.92869 157.38542 191.26523638491992 25.982606936348688 -2.8206027 -0.57309455 0.3950895 191.2652177625839 25.982596658489772 191.26403693378165 25.838019714452393 63.472230999898684 262.59399643770996 5400.0 5400.0 2016.0 1 284 {-999.0 17.453947 17.071806 16.921711 16.863947} sdss_psfmag_from_gaia 17.4068 17.0842 16.6069 15.682 63050395173400123 970843718 "" ops_std_boss_gdr2 ops_std standard_boss 0 0 0.0 0.0 -999 ""
FIBERMAP 302 R-2C21 METROLOGY 0 0 0 1 0 0 174.00278111092646 -32.873073313560646 143.1 172.8360899825756 -38.46823939102669 81.92869 157.38542 -999.0 -999.0 -999.0 -999.0 -999.0 191.2669882685576 25.979618133305454 191.2657765583233 25.83503158832215 63.47255695311795 262.586478555899 -999.0 6231.0 -999.0 -1 -999 {-999.0 -999.0 -999.0 -999.0 -999.0} "" -999.0 -999.0 -999.0 -999.0 -999 -999 "" "" "" "" 0 0 0.0 0.0 -999 ""
FIBERMAP 307 R0C7 APOGEE 0 0 0 1 0 0 -157.85487440715448 -10.447260496004116 143.1 -158.0959782159245 -5.3468412053826295 239.10541 139.93025 -999.0 -999.0 -999.0 -999.0 -999.0 189.5931484035535 26.131070868023013 189.594262929862 25.985874529706606 62.13247379860404 264.11437571125384 -999.0 16600.0 -999.0 2 250 {-999.0 -999.0 -999.0 -999.0 -999.0} "" -999.0 -999.0 -999.0 -999.0 -999 -999 "" "" "" "" 0 0 0.0 0.0 -999 ""
FIBERMAP 307 R0C7 BOSS 1 1 0 1 0 0 -158.55238428248694 -10.685759684640704 143.1 -158.80076024312766 -5.56268627048223 239.10541 139.93025 189.58939825674062 26.130025560040316 0.08953989 -0.03933654 -0.3822282 189.58942825604515 26.130029939551477 189.59066053971674 25.98487229918968 62.1290935220221 264.1149177436447 5400.0 5400.0 2016.0 1 493 {-999.0 19.192091 19.033638 18.909317 18.798162} sdss_psfmag_from_lsdr10 19.179604 18.967115 18.574844 -999.0 63050395173386807 1059139546 dark_flexible_2x2 bhm_spiders_agn_lsdr10 bhm_spiders science 0 0 0.0 0.0 -999 ""
FIBERMAP 307 R0C7 METROLOGY 0 0 0 1 0 0 -158.41352736997982 -9.951601507665414 143.1 -158.63829612044194 -4.833455726053734 239.10541 139.93025 -999.0 -999.0 -999.0 -999.0 -999.0 189.59026870914104 26.133360514616385 189.59146671930398 25.988191215283774 62.130983259352504 264.1209566490526 -999.0 6231.0 -999.0 -1 -999 {-999.0 -999.0 -999.0 -999.0 -999.0} "" -999.0 -999.0 -999.0 -999.0 -999 -999 "" "" "" "" 0 0 0.0 0.0 -999 ""
FIBERMAP 310 R+1C8 APOGEE 0 0 0 1 0 0 -121.72015796252576 3.676753728276557 143.1 -121.5274555527688 7.602493184291306 295.19534 97.76236 -999.0 -999.0 -999.0 -999.0 -999.0 189.77741512079047 26.190807768726973 189.77823180968187 26.045653449624098 62.30821130170354 264.104048285785 -999.0 16600.0 -999.0 2 -999 {-999.0 -999.0 -999.0 -999.0 -999.0} "" -999.0 -999.0 -999.0 -999.0 -999 -999 "" "" "" "" 0 0 0.0 0.0 -999 ""
FIBERMAP 310 R+1C8 BOSS 1 1 0 1 0 0 -122.34083766390359 3.2638858939369584 143.1 -122.16108111950219 7.209906203201035 295.19534 97.76236 189.77406472992575 26.188962756293993 -999.0 -999.0 -999.0 189.77404774388756 26.18897228042774 189.77498129406695 26.043856480293645 62.30483640528066 264.10274282766807 5400.0 5400.0 2016.0 1 46 {-999.0 21.40691 21.036545 20.99572 21.01163} sdss_psfmag_from_lsdr10 20.820316 20.923576 20.988747 -999.0 63050395173411951 1059139548 dark_flexible_2x2 bhm_spiders_agn_lsdr10 bhm_spiders science 0 0 0.0 0.0 -999 ""
FIBERMAP 310 R+1C8 METROLOGY 0 0 0 1 0 0 -122.38564902248012 4.0140720195573945 143.1 -122.18165629794386 7.961082021177731 295.19534 97.76236 -999.0 -999.0 -999.0 -999.0 -999.0 189.77397065634747 26.19240037130622 189.77487142630855 26.04727274343193 62.30599166232496 264.10966366370485 -999.0 6231.0 -999.0 -1 -999 {-999.0 -999.0 -999.0 -999.0 -999.0} "" -999.0 -999.0 -999.0 -999.0 -999 -999 "" "" "" "" 0 0 0.0 0.0 -999 ""
FIBERMAP 322 R+11C6 APOGEE 0 0 0 1 0 0 -63.787021703072064 202.21839924733487 143.1 -57.22251651910883 204.15381674844608 237.46451 115.33824 -999.0 -999.0 -999.0 -999.0 -999.0 190.1025117054491 27.083247359880023 190.10246133467354 26.938010536813163 62.89428221051894 265.6966369957559 -999.0 16600.0 -999.0 2 4 {-999.0 -999.0 -999.0 -999.0 -999.0} "" -999.0 -999.0 -999.0 -999.0 -999 -999 "" "" "" "" 0 0 0.0 0.0 -999 ""
FIBERMAP 322 R+11C6 BOSS 1 1 0 1 0 0 -64.52057626466346 202.30735163835368 143.1 -57.95275426167628 204.26638723132663 237.46451 115.33824 190.0986920359741 27.08373901256552 -999.0 -999.0 -999.0 190.0986696624088 27.083746807964413 190.0987353000545 26.93854419338443 62.891339113096734 265.70021427363605 5400.0 5400.0 2016.0 1 143 {-999.0 22.295084 22.247366 21.635448 21.16691} sdss_fiber2mag_from_lsdr10 nan nan nan -999.0 63050396913390619 1059142790 dark_flexible_2x2 bhm_spiders_agn_lsdr10 bhm_spiders science 0 0 0.0 0.0 -999 ""
FIBERMAP 322 R+11C6 METROLOGY 0 0 0 1 0 0 -64.0815652573282 202.91668483039686 143.1 -57.4943468213008 204.86118259389528 237.46451 115.33824 -999.0 -999.0 -999.0 -999.0 -999.0 190.10103967435984 27.086431573688557 190.1010692458376 26.941219082622332 62.89420442990914 265.70418539754144 -999.0 6231.0 -999.0 -1 -999 {-999.0 -999.0 -999.0 -999.0 -999.0} "" -999.0 -999.0 -999.0 -999.0 -999 -999 "" "" "" "" 0 0 0.0 0.0 -999 ""
FIBERMAP 325 R+6C4 APOGEE 0 0 0 1 0 0 -172.14369112370164 117.53625761457423 143.1 -168.24600359590013 123.01992283974742 191.25536 100.693695 -999.0 -999.0 -999.0 -999.0 -999.0 189.53931353494525 26.713233257935084 189.54027572861014 26.56790269691473 62.29550984790565 265.317434328586 -999.0 16600.0 -999.0 2 -999 {-999.0 -999.0 -999.0 -999.0 -999.0} "" -999.0 -999.0 -999.0 -999.0 -999 -999 "" "" "" "" 0 0 0.0 0.0 -999 ""
FIBERMAP 325 R+6C4 BOSS 1 1 0 1 0 0 -172.43165899456886 118.23453342984085 143.1 -168.51126253039928 123.72706672243176 191.25536 100.693695 189.5377861396168 26.71640537837336 -999.0 -999.0 -999.0 189.53781274924688 26.716408410147316 189.53888833519977 26.57111422843854 62.295468659284424 265.32483933475584 5400.0 5400.0 2016.0 1 38 {-999.0 21.530148 21.005886 20.807047 20.660374} sdss_psfmag_from_lsdr10 21.22375 20.97618 20.030502 -999.0 63050395173413487 1059141674 dark_flexible_2x2 bhm_spiders_agn_lsdr10 bhm_spiders science 0 0 0.0 0.0 -999 ""
FIBERMAP 325 R+6C4 METROLOGY 0 0 0 1 0 0 -171.68925081969095 118.12798896459928 143.1 -167.77274426675623 123.59662915695353 191.25536 100.693695 -999.0 -999.0 -999.0 -999.0 -999.0 189.5415831162206 26.715859200652 189.54262134517694 26.570555596584 62.298402156601014 265.3212055074759 -999.0 6231.0 -999.0 -1 -999 {-999.0 -999.0 -999.0 -999.0 -999.0} "" -999.0 -999.0 -999.0 -999.0 -999 -999 "" "" "" "" 0 0 0.0 0.0 -999 ""
FIBERMAP 333 R+12C2 APOGEE 0 0 0 1 0 0 -123.20011428798608 231.2047211606245 143.1 -115.6640591234107 235.03979720281635 339.82065 130.55807 -999.0 -999.0 -999.0 -999.0 -999.0 189.80560512100695 27.219821479029374 189.80595380230557 27.074466142341603 62.691600076255575 266.1724678995101 -999.0 16600.0 -999.0 2 132 {-999.0 -999.0 -999.0 -999.0 -999.0} "" -999.0 -999.0 -999.0 -999.0 -999 -999 "" "" "" "" 0 0 0.0 0.0 -999 ""
FIBERMAP 333 R+12C2 BOSS 1 1 0 1 0 0 -122.9431636594326 230.5140218359311 143.1 -115.42955406358917 234.34122614478778 339.82065 130.55807 189.8066711425781 27.216675840193155 -999.0 -999.0 -999.0 189.8066703479911 27.21668560334139 189.80713029343565 27.071366550016137 62.69154903762732 266.1653371738193 5400.0 5400.0 2015.5 1 6 {-999.0 -999.0 -999.0 -999.0 -999.0} "" -999.0 -999.0 -999.0 -999.0 27021603145581001 820429110 "" ops_sky_boss_good ops_sky sky_boss 0 0 0.0 0.0 -999 ""
FIBERMAP 333 R+12C2 METROLOGY 0 0 0 1 0 0 -123.67883169921276 230.62565667112204 143.1 -116.16117202363478 234.4765334755007 339.82065 130.55807 -999.0 -999.0 -999.0 -999.0 -999.0 189.8029941310441 27.217262429646375 189.80342789273823 27.07193215007719 62.68863217175299 266.1689055818926 -999.0 6231.0 -999.0 -1 -999 {-999.0 -999.0 -999.0 -999.0 -999.0} "" -999.0 -999.0 -999.0 -999.0 -999 -999 "" "" "" "" 0 0 0.0 0.0 -999 ""
FIBERMAP 343 R+11C1 APOGEE 0 0 0 1 0 0 -174.01500275050805 228.78275798545764 143.1 -166.52619113910757 234.25913183044844 137.74812 88.60969 -999.0 -999.0 -999.0 -999.0 -999.0 189.54818615345837 27.213423937209438 189.54893481423835 27.067994513532287 62.47377439469295 266.32558413873267 -999.0 16600.0 -999.0 2 139 {-999.0 -999.0 -999.0 -999.0 -999.0} "" -999.0 -999.0 -999.0 -999.0 -999 -999 "" "" "" "" 0 0 0.0 0.0 -999 ""
FIBERMAP 343 R+11C1 BOSS 1 1 0 1 0 0 -173.50939361645175 229.30797225670244 143.1 -166.0039406524147 234.76771028999912 137.74812 88.60969 189.5507874328081 27.215689445134455 0.525476 1.3966483 0.37910405 189.55072625944055 27.215680397726395 189.5515827475732 27.070286851595917 62.476763275141394 266.328551879666 5400.0 5400.0 2016.0 1 9 {-999.0 19.459362 18.780106 18.349564 18.119503} sdss_psfmag 18.925352 19.067785 17.704615 15.584 63050395173417617 1128956208 dark_1x4 bhm_aqmes_wide1 bhm_aqmes science 0 0 0.0 0.0 -999 ""
FIBERMAP 343 R+11C1 METROLOGY 0 0 0 1 0 0 -173.29802079096126 228.59607861034218 143.1 -165.81566961963486 234.0494286251273 137.74812 88.60969 -999.0 -999.0 -999.0 -999.0 -999.0 189.55169838782118 27.21249934824474 189.55252271978475 27.067096641881026 62.476484781304244 266.32144014746245 -999.0 6231.0 -999.0 -1 -999 {-999.0 -999.0 -999.0 -999.0 -999.0} "" -999.0 -999.0 -999.0 -999.0 -999 -999 "" "" "" "" 0 0 0.0 0.0 -999 ""
FIBERMAP 361 R+13C14 APOGEE 0 0 0 1 0 0 145.09147434781926 242.10700926945762 143.1 152.8161303324988 237.2775358130272 238.87752 142.84547 -999.0 -999.0 -999.0 -999.0 -999.0 191.1707752051683 27.227280342857565 191.1690178575202 27.082374999925122 63.83724295976214 265.281746704563 -999.0 16600.0 -999.0 2 98 {-999.0 -999.0 -999.0 -999.0 -999.0} "" -999.0 -999.0 -999.0 -999.0 -999 -999 "" "" "" "" 0 0 0.0 0.0 -999 ""
FIBERMAP 361 R+13C14 BOSS 1 1 0 1 0 0 144.40750841740862 241.83565138337207 143.1 152.12382364221378 237.02841497036553 238.87752 142.84547 191.1671405376267 27.226173874644743 -0.239192 0.46711034 -0.25111574 191.1671663121843 27.226173493862248 191.1655211587838 27.0813009706312 63.833949847182694 265.28183889060483 5400.0 5400.0 2016.0 1 90 {-999.0 18.87174 18.652962 18.542946 18.429337} sdss_psfmag 19.525269 19.180342 18.69085 -999.0 63050395173415130 1128956199 dark_1x4 bhm_aqmes_wide1 bhm_aqmes science 0 0 0.0 0.0 -999 ""
FIBERMAP 361 R+13C14 METROLOGY 0 0 0 1 0 0 144.50450240843148 242.57206227363466 143.1 152.24452300808076 237.76124779703838 238.87752 142.84547 -999.0 -999.0 -999.0 -999.0 -999.0 191.1677988787811 27.229443186508167 191.1661210757443 27.08456060904969 63.83555345835451 265.28838759800044 -999.0 6231.0 -999.0 -1 -999 {-999.0 -999.0 -999.0 -999.0 -999.0} "" -999.0 -999.0 -999.0 -999.0 -999 -999 "" "" "" "" 0 0 0.0 0.0 -999 ""
FIBERMAP 368 R-8C2 APOGEE 0 0 0 1 0 0 -187.59127177636765 -167.7828544535664 143.1 -192.89159066198434 -161.62710619539774 250.1395 103.88897 -999.0 -999.0 -999.0 -999.0 -999.0 189.42636526234278 25.422665588900838 189.4280048957835 25.27756683471063 61.72727122497324 262.83926270101995 -999.0 16600.0 -999.0 2 -999 {-999.0 -999.0 -999.0 -999.0 -999.0} "" -999.0 -999.0 -999.0 -999.0 -999 -999 "" "" "" "" 0 0 0.0 0.0 -999 ""
FIBERMAP 368 R-8C2 BOSS 1 1 0 1 0 0 -188.41858145184713 -167.63563425913185 143.1 -193.71364614613958 -161.45327782881742 250.1395 103.88897 189.42205458737388 25.423428702665685 1.1367807 -0.074132204 -0.70272547 189.42213709563583 25.423392416017727 189.42389467175178 25.278334679946465 61.724138015785776 262.8437836130413 5400.0 5400.0 2016.0 1 489 {-999.0 20.074076 19.53892 19.075165 18.87083} sdss_psfmag 19.953548 19.861479 18.711119 -999.0 63050395173373395 1128956083 dark_1x4 bhm_aqmes_wide1 bhm_aqmes science 0 0 0.0 0.0 -999 ""
FIBERMAP 368 R-8C2 METROLOGY 0 0 0 1 0 0 -187.89187942768547 -167.09999500940458 143.1 -193.1699791819594 -160.934961412225 250.1395 103.88897 -999.0 -999.0 -999.0 -999.0 -999.0 189.4248402533026 25.425740750834652 189.42656122354288 25.280671281959723 61.72726364028183 262.84637259862626 -999.0 6231.0 -999.0 -1 -999 {-999.0 -999.0 -999.0 -999.0 -999.0} "" -999.0 -999.0 -999.0 -999.0 -999 -999 "" "" "" "" 0 0 0.0 0.0 -999 ""
FIBERMAP 372 R+12C4 APOGEE 0 0 0 1 0 0 -107.62246579031593 221.78984790493678 143.1 -100.3997108110074 225.1279524576718 269.83084 43.93326 -999.0 -999.0 -999.0 -999.0 -999.0 189.8830085488868 27.176126113668186 189.8832561110862 27.030802903760794 62.741798113887505 266.03233489954107 -999.0 16600.0 -999.0 2 -999 {-999.0 -999.0 -999.0 -999.0 -999.0} "" -999.0 -999.0 -999.0 -999.0 -999 -999 "" "" "" "" 0 0 0.0 0.0 -999 ""
FIBERMAP 372 R+12C4 BOSS 1 1 0 1 0 0 -108.14717635820625 222.3054192527676 143.1 -100.90746438753814 225.66014284258972 269.83084 43.93326 189.88029058381264 27.178498058587596 -999.0 -999.0 -999.0 189.8803107813837 27.178476065508203 189.88067279534096 27.033186955980664 62.74043281542029 266.038926558574 5400.0 5400.0 2016.0 1 93 {-999.0 21.916155 20.474346 19.928978 19.562963} sdss_fiber2mag_from_lsdr10 20.660435 21.498713 18.684093 -999.0 63050395173414260 1058179857 dark_flexible_2x2 bhm_spiders_clusters_lsdr10 bhm_spiders science 0 0 0.0 0.0 -999 ""
FIBERMAP 372 R+12C4 METROLOGY 0 0 0 1 0 0 -107.42889815002016 222.51039876999914 143.1 -100.18300836061725 225.84181842332785 269.83084 43.93326 -999.0 -999.0 -999.0 -999.0 -999.0 189.88402604456235 27.17932250163438 189.8843504336387 27.034024309433846 62.74379945118103 266.03824331663844 -999.0 6231.0 -999.0 -1 -999 {-999.0 -999.0 -999.0 -999.0 -999.0} "" -999.0 -999.0 -999.0 -999.0 -999 -999 "" "" "" "" 0 0 0.0 0.0 -999 ""
FIBERMAP 373 R-8C13 APOGEE 0 0 0 1 0 0 66.86681776189238 -146.11088780377716 143.1 62.111059094198026 -148.17982644337582 52.318428 149.4317 -999.0 -999.0 -999.0 -999.0 -999.0 190.70608940542752 25.483374269380526 190.70585545281028 25.33866341456573 62.81605118671599 261.9990319929153 -999.0 16600.0 -999.0 2 -999 {-999.0 -999.0 -999.0 -999.0 -999.0} "" -999.0 -999.0 -999.0 -999.0 -999 -999 "" "" "" "" 0 0 0.0 0.0 -999 ""
FIBERMAP 373 R-8C13 BOSS 1 1 0 1 0 0 67.55230571008492 -145.83025174375683 143.1 62.80518628807193 -147.92148218774125 52.318428 149.4317 190.70950561476351 25.484446712383654 -2.2310162 0.15370083 0.047696378 190.70950528378447 25.484446930421893 190.7093728418863 25.3397778034223 62.81941333466797 261.99857417689765 5400.0 5400.0 2016.0 1 353 {-999.0 20.632675 20.340168 20.24515 20.184032} sdss_psfmag_from_lsdr10 20.555767 20.52545 20.091934 -999.0 63050395173397778 1059136078 dark_flexible_2x2 bhm_spiders_agn_lsdr10 bhm_spiders science 0 0 0.0 0.0 -999 ""
FIBERMAP 373 R-8C13 METROLOGY 0 0 0 1 0 0 67.46378068365124 -146.55843361211072 143.1 62.6932162895379 -148.64636429697526 52.318428 149.4317 -999.0 -999.0 -999.0 -999.0 -999.0 190.70895063600923 25.481188566870014 190.7087901954195 25.33650837724327 62.81765701860351 261.992428396665 -999.0 6231.0 -999.0 -1 -999 {-999.0 -999.0 -999.0 -999.0 -999.0} "" -999.0 -999.0 -999.0 -999.0 -999 -999 "" "" "" "" 0 0 0.0 0.0 -999 ""
FIBERMAP 375 R+2C25 APOGEE 0 0 0 1 0 0 272.34026937488045 53.054243882913944 143.1 273.88667382481447 44.2333970220796 87.77591 102.60641 -999.0 -999.0 -999.0 -999.0 -999.0 191.7754909896645 26.350235154429296 191.7732651478742 26.20573780475661 64.033735106661 262.981281703029 -999.0 16600.0 -999.0 2 57 {-999.0 -999.0 -999.0 -999.0 -999.0} "" -999.0 -999.0 -999.0 -999.0 -999 -999 "" "" "" "" 0 0 0.0 0.0 -999 ""
FIBERMAP 375 R+2C25 BOSS 1 1 0 1 0 0 273.06210677672084 53.19936988210451 143.1 274.61275537418646 44.35514064105169 87.77591 102.60641 191.7789815829435 26.350682452460113 -999.0 -999.0 -999.0 191.77898786759113 26.35070338081084 191.77685971703886 26.20624381805512 64.03692080309335 262.97965279563664 5400.0 5400.0 2016.0 1 176 {-999.0 20.996347 20.091112 19.642998 19.313631} sdss_fiber2mag_from_lsdr10 20.109869 21.324522 18.500652 15.995 63050395173397453 1059139579 dark_flexible_2x2 bhm_spiders_agn_lsdr10 bhm_spiders science 0 0 0.0 0.0 -999 ""
FIBERMAP 375 R+2C25 METROLOGY 0 0 0 1 0 0 272.83276301702244 52.49489525189074 143.1 274.3608173586263 43.65849564486705 87.77591 102.60641 -999.0 -999.0 -999.0 -999.0 -999.0 191.777737106997 26.347581612524575 191.77558322322 26.203111865589754 64.03470567218021 262.97395900169636 -999.0 6231.0 -999.0 -1 -999 {-999.0 -999.0 -999.0 -999.0 -999.0} "" -999.0 -999.0 -999.0 -999.0 -999 -999 "" "" "" "" 0 0 0.0 0.0 -999 ""
FIBERMAP 380 R-1C10 APOGEE 0 0 0 1 0 0 -90.70150144472157 -32.33040769719584 143.1 -91.68964088374818 -29.38375144033391 257.2629 80.244576 -999.0 -999.0 -999.0 -999.0 -999.0 189.9290713335365 26.022966605858198 189.92973325609478 25.877892510066445 62.37319082941285 263.6600797712036 -999.0 16600.0 -999.0 2 -999 {-999.0 -999.0 -999.0 -999.0 -999.0} "" -999.0 -999.0 -999.0 -999.0 -999 -999 "" "" "" "" 0 0 0.0 0.0 -999 ""
FIBERMAP 380 R-1C10 BOSS 1 1 0 1 0 0 -91.4175020346967 -32.07198142634596 143.1 -92.3968663189873 -29.102376657658983 257.2629 80.244576 189.9253484387576 26.02417850094807 -999.0 -999.0 -999.0 189.92532759723244 26.02418450824629 189.92610492653523 25.879148615170926 62.370623680494816 263.665203000855 5400.0 5400.0 2016.0 1 441 {-999.0 22.281998 22.349337 21.782421 21.338392} sdss_fiber2mag_from_lsdr10 nan nan nan -999.0 63050398333712861 1059138376 dark_flexible_2x2 bhm_spiders_agn_lsdr10 bhm_spiders science 0 0 0.0 0.0 -999 ""
FIBERMAP 380 R-1C10 METROLOGY 0 0 0 1 0 0 -90.82811307916931 -31.595131235900993 143.1 -91.79244771583687 -28.644836476212166 257.2629 80.244576 -999.0 -999.0 -999.0 -999.0 -999.0 189.92841745488238 26.02628864646692 189.92915804804943 25.881242037293237 62.373950526432644 263.6672029075704 -999.0 6231.0 -999.0 -1 -999 {-999.0 -999.0 -999.0 -999.0 -999.0} "" -999.0 -999.0 -999.0 -999.0 -999 -999 "" "" "" "" 0 0 0.0 0.0 -999 ""
FIBERMAP 382 R+9C5 APOGEE 1 1 0 1 0 0 -103.65981660349436 185.6227890282287 143.1 -97.606603242374 188.85501986551304 90.231316 130.61122 189.89718972401639 27.013375977713697 -35.341953 -8.54339 2.4219 189.89703929647976 27.013330844080677 189.89733360130992 26.86804490664756 62.69846262329027 265.68895445995486 16000.0 16600.0 2016.0 2 112 {-999.0 12.011271 11.6298275 11.530959 -999.0} sdss_psfmag_from_g3xp 11.951445 11.657716 11.203352 10.435 63050395173414142 1076221099 bright_1x1 mwm_snc_ext_main_apogee mwm_snc science 0 0 0.0 0.0 -999 ""
FIBERMAP 382 R+9C5 BOSS 0 0 0 1 0 0 -103.05044406965287 186.0517646103741 143.1 -96.98375815831216 189.26406968335394 90.231316 130.61122 -999.0 -999.0 -999.0 -999.0 -999.0 189.9000707945107 27.015197092634416 189.9004707680317 26.86994766764124 62.70174241716437 265.6907720828934 -999.0 5400.0 -999.0 1 80 {-999.0 -999.0 -999.0 -999.0 -999.0} "" -999.0 -999.0 -999.0 -999.0 -999 -999 "" "" "" "" 0 0 0.0 0.0 -999 ""
FIBERMAP 382 R+9C5 METROLOGY 0 0 0 1 0 0 -102.97887378316965 185.29622249612686 143.1 -96.9366131721297 188.50667760991217 90.231316 130.61122 -999.0 -999.0 -999.0 -999.0 -999.0 189.90034489567427 27.0117909166073 189.90071439448093 26.866532081128025 62.70078112601937 265.6836100579817 -999.0 6231.0 -999.0 -1 -999 {-999.0 -999.0 -999.0 -999.0 -999.0} "" -999.0 -999.0 -999.0 -999.0 -999 -999 "" "" "" "" 0 0 0.0 0.0 -999 ""
FIBERMAP 383 R+6C1 APOGEE 0 0 0 1 0 0 -212.9333047068895 103.95755347576852 143.1 -209.44899401698981 110.76578286777215 337.55115 89.58896 -999.0 -999.0 -999.0 -999.0 -999.0 189.3319664069646 26.655651013903615 189.33326534235255 26.510273660358386 62.10185431860021 265.3406059665564 -999.0 16600.0 -999.0 2 119 {-999.0 -999.0 -999.0 -999.0 -999.0} "" -999.0 -999.0 -999.0 -999.0 -999 -999 "" "" "" "" 0 0 0.0 0.0 -999 ""
FIBERMAP 383 R+6C1 BOSS 1 1 0 1 0 0 -213.19573083376466 103.28199087087988 143.1 -209.73306126630325 110.09909989369363 337.55115 89.58896 189.33037886684525 26.65256416490478 -999.0 -999.0 -999.0 189.33040508211047 26.652598346557905 189.33182075799016 26.507259093802812 62.09958702026246 265.3355404576169 5400.0 5400.0 2016.0 1 83 {-999.0 21.001608 21.011251 20.879843 20.738565} sdss_psfmag_from_lsdr10 nan nan nan -999.0 63050399048667338 1059141671 dark_flexible_2x2 bhm_spiders_agn_lsdr10 bhm_spiders science 0 0 0.0 0.0 -999 ""
FIBERMAP 383 R+6C1 METROLOGY 0 0 0 1 0 0 -213.67523122006867 103.84921205469479 143.1 -210.19396539745492 110.68144973473336 337.55115 89.58896 -999.0 -999.0 -999.0 -999.0 -999.0 189.3281219475105 26.65521048217004 189.3295079969439 26.50985931657355 62.098560064576915 265.3422948301662 -999.0 6231.0 -999.0 -1 -999 {-999.0 -999.0 -999.0 -999.0 -999.0} "" -999.0 -999.0 -999.0 -999.0 -999 -999 "" "" "" "" 0 0 0.0 0.0 -999 ""
FIBERMAP 386 R-4C2 APOGEE 0 0 0 1 0 0 -225.06914170529126 -89.59052981963598 143.1 -227.8233507459237 -82.27292041571862 256.51285 127.06119 -999.0 -999.0 -999.0 -999.0 -999.0 189.2473796459931 25.780495759930318 189.24914130667833 25.63527363747207 61.713957849109875 263.66719485127936 -999.0 16600.0 -999.0 2 -999 {-999.0 -999.0 -999.0 -999.0 -999.0} "" -999.0 -999.0 -999.0 -999.0 -999 -999 "" "" "" "" 0 0 0.0 0.0 -999 ""
FIBERMAP 386 R-4C2 BOSS 1 1 0 1 0 0 -225.7518695495902 -89.90048366266092 143.1 -228.51566561603164 -82.56065368820754 256.51285 127.06119 189.2438240883431 25.779123634947453 -999.0 -999.0 -999.0 189.24381306765687 25.77913060712503 189.24569351398543 25.633949023906883 61.710579521014395 263.66706401697786 5400.0 5400.0 2016.0 1 486 {-999.0 21.551859 20.376585 19.918806 19.572056} sdss_fiber2mag_from_lsdr10 20.24193 21.628418 18.66126 16.314 63050395173386135 1058176884 dark_flexible_2x2 bhm_spiders_clusters_lsdr10 bhm_spiders science 0 0 0.0 0.0 -999 ""
FIBERMAP 386 R-4C2 METROLOGY 0 0 0 1 0 0 -225.67125594147868 -89.14993882211988 143.1 -228.41088055732135 -81.813166906057 256.51285 127.06119 -999.0 -999.0 -999.0 -999.0 -999.0 189.24432591522182 25.782526935446423 189.24617227895988 25.637333101158283 61.71224883262173 263.6733419202275 -999.0 6231.0 -999.0 -1 -999 {-999.0 -999.0 -999.0 -999.0 -999.0} "" -999.0 -999.0 -999.0 -999.0 -999 -999 "" "" "" "" 0 0 0.0 0.0 -999 ""
FIBERMAP 388 R+2C3 APOGEE 0 0 0 1 0 0 -209.75235303574672 50.045363248624525 143.1 -208.0097535264426 56.783740434303475 76.07168 70.80863 -999.0 -999.0 -999.0 -999.0 -999.0 189.34030256759343 26.411386464148023 189.3416836241812 26.266061109003974 62.02245964727513 264.8474070882282 -999.0 16600.0 -999.0 2 116 {-999.0 -999.0 -999.0 -999.0 -999.0} "" -999.0 -999.0 -999.0 -999.0 -999 -999 "" "" "" "" 0 0 0.0 0.0 -999 ""
FIBERMAP 388 R+2C3 BOSS 1 1 0 1 0 0 -209.11247223262455 49.65672661381379 143.1 -207.382803528561 56.374690931748525 76.07168 70.80863 189.34330054774475 26.40953111828487 -999.0 -999.0 -999.0 189.34329916303471 26.40953375765962 189.34478943650504 26.26424840917424 62.02441259861605 264.84167566364476 5400.0 5400.0 2016.0 1 60 {-999.0 21.77341 20.421988 19.891577 19.523882} sdss_fiber2mag_from_lsdr10 20.336538 21.698992 18.768442 -999.0 63050395173387872 1058178335 dark_flexible_2x2 bhm_spiders_clusters_lsdr10 bhm_spiders science 0 0 0.0 0.0 -999 ""
FIBERMAP 388 R+2C3 METROLOGY 0 0 0 1 0 0 -209.75640544166743 49.293479813359035 143.1 -208.03806715810006 56.032445199781925 76.07168 70.80863 -999.0 -999.0 -999.0 -999.0 -999.0 189.34006201352452 26.407960968795813 189.34152573983806 26.26266405295441 62.02111279278648 264.8407525939533 -999.0 6231.0 -999.0 -1 -999 {-999.0 -999.0 -999.0 -999.0 -999.0} "" -999.0 -999.0 -999.0 -999.0 -999 -999 "" "" "" "" 0 0 0.0 0.0 -999 ""
FIBERMAP 394 R-1C26 APOGEE 0 0 0 1 0 0 299.4643874226244 -23.71898379372881 143.1 298.5167760331193 -33.368433888208415 39.278946 53.52817 -999.0 -999.0 -999.0 -999.0 -999.0 191.89278975973093 25.99846090287042 191.8905757791523 25.85408259147098 64.0004728568054 262.14675854333836 -999.0 16600.0 -999.0 2 240 {-999.0 -999.0 -999.0 -999.0 -999.0} "" -999.0 -999.0 -999.0 -999.0 -999 -999 "" "" "" "" 0 0 0.0 0.0 -999 ""
FIBERMAP 394 R-1C26 BOSS 1 1 0 1 0 0 299.50749993555155 -24.46060110361201 143.1 298.5359299198343 -34.110991280823015 39.278946 53.52817 191.89270019531247 25.995047584668896 -999.0 -999.0 -999.0 191.89269469417863 25.995076067680728 191.89058512126905 25.850736132815378 63.99921419296873 262.13968524942675 5400.0 5400.0 2015.5 1 262 {-999.0 -999.0 -999.0 -999.0 -999.0} "" -999.0 -999.0 -999.0 -999.0 27021603145562145 812568965 "" ops_sky_boss_good ops_sky sky_boss 0 0 0.0 0.0 -999 ""
FIBERMAP 394 R-1C26 METROLOGY 0 0 0 1 0 0 298.83107711389437 -24.132295412516513 143.1 297.8705132220167 -33.76105678712779 39.278946 53.52817 -999.0 -999.0 -999.0 -999.0 -999.0 191.88947867250073 25.996693096753052 191.88734392436265 25.85234085929207 63.99712164841992 262.14559145133 -999.0 6231.0 -999.0 -1 -999 {-999.0 -999.0 -999.0 -999.0 -999.0} "" -999.0 -999.0 -999.0 -999.0 -999 -999 "" "" "" "" 0 0 0.0 0.0 -999 ""
FIBERMAP 396 R+11C2 APOGEE 0 0 0 1 0 0 -152.13250005870762 231.9913859161198 143.1 -144.55345703914162 236.75964733894338 156.96126 57.688446 -999.0 -999.0 -999.0 -999.0 -999.0 189.6592585992128 27.225979728809882 189.65983067673938 27.08057991044528 62.57104016790866 266.2797079681784 -999.0 16600.0 -999.0 2 -999 {-999.0 -999.0 -999.0 -999.0 -999.0} "" -999.0 -999.0 -999.0 -999.0 -999 -999 "" "" "" "" 0 0 0.0 0.0 -999 ""
FIBERMAP 396 R+11C2 BOSS 1 1 0 1 0 0 -151.5281231466517 232.42900687150015 143.1 -143.93532554671273 237.17749848184368 156.96126 57.688446 189.66223080641697 27.227840475743545 -999.0 -999.0 -999.0 189.66228111400218 27.227842356005997 189.6629599705716 27.08247848537606 62.574300827858416 266.2815699183878 5400.0 5400.0 2016.0 1 17 {-999.0 22.601011 21.87362 21.198309 20.7102} sdss_psfmag_from_lsdr10 nan nan nan -999.0 63050397618751990 1059143874 dark_flexible_2x2 bhm_spiders_agn_lsdr10 bhm_spiders science 0 0 0.0 0.0 -999 ""
FIBERMAP 396 R+11C2 METROLOGY 0 0 0 1 0 0 -151.45011959091292 231.68969256570568 143.1 -143.88122752483213 236.43611673912562 156.96126 57.688446 -999.0 -999.0 -999.0 -999.0 -999.0 189.66257834831345 27.224545510560827 189.6632262870803 27.07917235843341 62.57341872849629 266.2746331901938 -999.0 6231.0 -999.0 -1 -999 {-999.0 -999.0 -999.0 -999.0 -999.0} "" -999.0 -999.0 -999.0 -999.0 -999 -999 "" "" "" "" 0 0 0.0 0.0 -999 ""
FIBERMAP 402 R+12C13 APOGEE 0 0 0 1 0 0 97.26338597303936 217.6052630616946 143.1 104.22645459210491 214.33413452664186 286.48206 42.07774 -999.0 -999.0 -999.0 -999.0 -999.0 190.92466077594682 27.127252366460183 190.9233296988573 26.982279590388746 63.59742260632587 265.2366261797497 -999.0 16600.0 -999.0 2 -999 {-999.0 -999.0 -999.0 -999.0 -999.0} "" -999.0 -999.0 -999.0 -999.0 -999 -999 "" "" "" "" 0 0 0.0 0.0 -999 ""
FIBERMAP 402 R+12C13 BOSS 1 1 0 1 0 0 96.61846067422765 217.99918910824928 143.1 103.59463385970085 214.74863301163737 286.48206 42.07774 190.9214202455835 27.12906510364597 -999.0 -999.0 -999.0 190.92135908070063 27.129130937984907 190.92013919550402 26.98419112270504 63.59539935477987 265.24284351834507 5400.0 5400.0 2016.0 1 100 {-999.0 21.200766 20.86446 20.74315 20.65775} sdss_psfmag_from_lsdr10 20.51958 20.66473 20.256065 -999.0 63050395173414984 1059143892 dark_flexible_2x2 bhm_spiders_agn_lsdr10 bhm_spiders science 0 0 0.0 0.0 -999 ""
FIBERMAP 402 R+12C13 METROLOGY 0 0 0 1 0 0 97.27486152415327 218.35127264088138 143.1 104.26199730033719 215.07931992962472 286.48206 42.07774 -999.0 -999.0 -999.0 -999.0 -999.0 190.92477464032862 27.13058924186174 190.92351848269516 26.9856405443981 63.59872418616344 265.24360503994285 -999.0 6231.0 -999.0 -1 -999 {-999.0 -999.0 -999.0 -999.0 -999.0} "" -999.0 -999.0 -999.0 -999.0 -999 -999 "" "" "" "" 0 0 0.0 0.0 -999 ""
FIBERMAP 404 R+1C23 APOGEE 0 0 0 1 0 0 200.84870997082965 26.858115697373357 143.1 201.59324469227752 20.36027777582588 154.76062 110.36811 -999.0 -999.0 -999.0 -999.0 -999.0 191.41377689371043 26.245796953399555 191.41214101880212 26.101182512238083 63.69385499881254 263.03138516848924 -999.0 16600.0 -999.0 2 -999 {-999.0 -999.0 -999.0 -999.0 -999.0} "" -999.0 -999.0 -999.0 -999.0 -999 -999 "" "" "" "" 0 0 0.0 0.0 -999 ""
FIBERMAP 404 R+1C23 BOSS 1 1 0 1 0 0 200.89858116886427 27.60675184069028 143.1 201.66724444912975 21.10684909640261 154.76062 110.36811 191.4138987670224 26.249330537789202 -89.81313 -65.98171 2.4949472 191.41412564518532 26.24914896780866 191.41259209381076 26.104571211132054 63.69548151989363 263.03815548774327 5400.0 5400.0 2016.0 1 182 {-999.0 15.159658 14.551214 14.309305 -999.0} sdss_psfmag_from_g3xp 15.011231 14.576093 13.969327 12.744 63050395173400305 1072495639 bright_1x1 mwm_halo_local_high_boss_single mwm_halo science 0 0 1.6512259244918823 0.0 -999 ""
FIBERMAP 404 R+1C23 METROLOGY 0 0 0 1 0 0 201.52044593516152 27.182819831524604 143.1 202.27505036959795 20.663107079726274 154.76062 110.36811 -999.0 -999.0 -999.0 -999.0 -999.0 191.41717714585604 26.247120073613743 191.41561046386914 26.10253332805084 63.697249177745356 263.03162467844936 -999.0 6231.0 -999.0 -1 -999 {-999.0 -999.0 -999.0 -999.0 -999.0} "" -999.0 -999.0 -999.0 -999.0 -999 -999 "" "" "" "" 0 0 0.0 0.0 -999 ""
FIBERMAP 409 R+9C6 APOGEE 0 0 0 1 0 0 -68.23679434495507 186.9091006251604 143.1 -62.16362149772431 188.99742853221719 72.323494 93.05594 -999.0 -999.0 -999.0 -999.0 -999.0 190.07731977179515 27.014926417258945 190.07733742668574 26.86969560519268 62.84994822125917 265.57251133581275 -999.0 16600.0 -999.0 2 17 {-999.0 -999.0 -999.0 -999.0 -999.0} "" -999.0 -999.0 -999.0 -999.0 -999 -999 "" "" "" "" 0 0 0.0 0.0 -999 ""
FIBERMAP 409 R+9C6 BOSS 1 1 0 1 0 0 -67.51558106018796 186.72344633798113 143.1 -61.4488381471151 188.7886132440068 72.323494 93.05594 190.08095739275723 27.01400922453264 -28.49086 2.538923 2.6389098 190.08083008895306 27.0140122058589 190.08095312201738 26.86881846074069 62.85267985179591 265.56828989657265 5400.0 5400.0 2016.0 1 147 {-999.0 18.269575 18.67983 19.32217 -999.0} sdss_psfmag 18.448277 18.485924 18.308704 -999.0 63050395173413936 1143500108 dark_1x3 mwm_wd_pwd_boss_1x3 mwm_wd science 0 0 0.0 0.0 -999 ""
FIBERMAP 409 R+9C6 METROLOGY 0 0 0 1 0 0 -68.03298044070306 186.17618878599276 143.1 -61.983583056138784 188.25838539202636 72.323494 93.05594 -999.0 -999.0 -999.0 -999.0 -999.0 190.07814147322475 27.01161300294758 190.07823838493687 26.86640877364005 62.849580564416414 265.56514020652753 -999.0 6231.0 -999.0 -1 -999 {-999.0 -999.0 -999.0 -999.0 -999.0} "" -999.0 -999.0 -999.0 -999.0 -999 -999 "" "" "" "" 0 0 0.0 0.0 -999 ""
FIBERMAP 410 R-2C2 APOGEE 0 0 0 1 0 0 -244.766258930729 -56.33152561903627 143.1 -246.43519841044835 -48.39851339142713 306.28058 81.82205 -999.0 -999.0 -999.0 -999.0 -999.0 189.15280357463783 25.93329264199448 189.15464625861932 25.788013523738183 61.69189568939531 264.03312960524806 -999.0 16600.0 -999.0 2 -999 {-999.0 -999.0 -999.0 -999.0 -999.0} "" -999.0 -999.0 -999.0 -999.0 -999 -999 "" "" "" "" 0 0 0.0 0.0 -999 ""
FIBERMAP 410 R-2C2 BOSS 1 1 0 1 0 0 -245.42012231058604 -56.70735671291766 143.1 -247.10079227158562 -48.75301530878364 306.28058 81.82205 189.14943420708295 25.931617860474805 -999.0 -999.0 -999.0 189.1493828490183 25.931624532784415 189.1513447146649 25.786385608740744 61.688531335351094 264.03226390858913 5400.0 5400.0 2016.0 1 435 {-999.0 22.581839 22.184229 21.65785 21.238914} sdss_psfmag_from_lsdr10 nan nan nan -999.0 63050399048643609 1059138368 dark_flexible_2x2 bhm_spiders_agn_lsdr10 bhm_spiders science 0 0 0.0 0.0 -999 ""
FIBERMAP 410 R-2C2 METROLOGY 0 0 0 1 0 0 -245.41021579074894 -55.95472123617286 143.1 -247.0666038187194 -48.00115740577538 306.28058 81.82205 -999.0 -999.0 -999.0 -999.0 -999.0 189.1495461075288 25.93503995643004 189.1514742788711 25.789788813499293 61.689900579050175 264.03883799260313 -999.0 6231.0 -999.0 -1 -999 {-999.0 -999.0 -999.0 -999.0 -999.0} "" -999.0 -999.0 -999.0 -999.0 -999 -999 "" "" "" "" 0 0 0.0 0.0 -999 ""
FIBERMAP 415 R-2C4 APOGEE 0 0 0 1 0 0 -215.36104030216296 -49.794125868845896 143.1 -216.8369037154007 -42.81401337832664 249.5838 83.224174 -999.0 -999.0 -999.0 -999.0 -999.0 189.29991750158547 25.959415166668567 189.301533282592 25.81417087523469 61.82442302062452 263.9809705220187 -999.0 16600.0 -999.0 2 -999 {-999.0 -999.0 -999.0 -999.0 -999.0} "" -999.0 -999.0 -999.0 -999.0 -999 -999 "" "" "" "" 0 0 0.0 0.0 -999 ""
FIBERMAP 415 R-2C4 BOSS 1 1 0 1 0 0 -216.02329668285552 -49.469348202261 143.1 -217.48827644205497 -42.468061921603784 249.5838 83.224174 189.29672719672539 25.960925620235322 -81.01974 -4.028111 5.9826107 189.2964906245021 25.960916834898153 189.2982238056676 25.815711795048802 61.82222590794278 263.9863376759428 5400.0 5400.0 2016.0 1 474 {-999.0 19.202492 19.170237 19.269827 -999.0} sdss_psfmag 19.200916 19.13193 19.003597 -999.0 63050395173386662 1143500433 dark_1x3 mwm_wd_pwd_boss_1x3 mwm_wd science 0 0 0.0 0.0 -999 ""
FIBERMAP 415 R-2C4 METROLOGY 0 0 0 1 0 0 -215.39566688460997 -49.04883198030268 143.1 -216.84745818905557 -42.06805548942604 249.5838 83.224174 -999.0 -999.0 -999.0 -999.0 -999.0 189.29971114826847 25.96276041357183 189.30140685854417 25.817544400319402 61.82556608282738 263.98769698494453 -999.0 6231.0 -999.0 -1 -999 {-999.0 -999.0 -999.0 -999.0 -999.0} "" -999.0 -999.0 -999.0 -999.0 -999 -999 "" "" "" "" 0 0 0.0 0.0 -999 ""
FIBERMAP 417 R+13C12 APOGEE 0 0 0 1 0 0 92.50766582564019 264.81583549752077 143.1 100.99713879144161 261.6694549111802 136.59729 101.28323 -999.0 -999.0 -999.0 -999.0 -999.0 190.90803412649004 27.33890377135792 190.906627507434 27.19388205318157 63.65471717713095 265.69639218111416 -999.0 16600.0 -999.0 2 93 {-999.0 -999.0 -999.0 -999.0 -999.0} "" -999.0 -999.0 -999.0 -999.0 -999 -999 "" "" "" "" 0 0 0.0 0.0 -999 ""
FIBERMAP 417 R+13C12 BOSS 1 1 0 1 0 0 92.89378477867142 265.4553195616185 143.1 101.40365934092664 262.29608965837645 136.59729 101.28323 190.9100189706738 27.341652505481548 -999.0 -999.0 -999.0 190.9099816931636 27.341631560363627 190.9086779747929 27.196643705405517 63.65735770620693 265.7008881695717 5400.0 5400.0 2016.0 1 92 {-999.0 21.222355 20.02107 19.54618 19.192295} sdss_fiber2mag_from_lsdr10 20.08993 21.260483 18.24577 15.877 63050395173415420 1058179922 dark_flexible_2x2 bhm_spiders_clusters_lsdr10 bhm_spiders science 0 0 0.0 0.0 -999 ""
FIBERMAP 417 R+13C12 METROLOGY 0 0 0 1 0 0 93.25711094310506 264.81032539561966 143.1 101.74595015092576 261.6397631562224 136.59729 101.28323 -999.0 -999.0 -999.0 -999.0 -999.0 190.9117545603804 27.33870417861592 190.9104191126661 27.193707986314493 63.657838401880014 265.6934869770678 -999.0 6231.0 -999.0 -1 -999 {-999.0 -999.0 -999.0 -999.0 -999.0} "" -999.0 -999.0 -999.0 -999.0 -999 -999 "" "" "" "" 0 0 0.0 0.0 -999 ""
FIBERMAP 422 R+8C8 APOGEE 0 0 0 1 0 0 -67.10527538108678 157.19625910217135 143.1 -61.99164062573482 159.26614883289167 252.62128 14.213271 -999.0 -999.0 -999.0 -999.0 -999.0 190.07817610223717 26.88074151316759 190.07825012212209 26.73553825342658 62.804613089032756 265.2960166434781 -999.0 16600.0 -999.0 2 -999 {-999.0 -999.0 -999.0 -999.0 -999.0} "" -999.0 -999.0 -999.0 -999.0 -999 -999 "" "" "" "" 0 0 0.0 0.0 -999 ""
FIBERMAP 422 R+8C8 BOSS 1 1 0 1 0 0 -67.07966523004356 157.95246432244755 143.1 -61.94164289778227 160.02106754288937 252.62128 14.213271 190.07829743498496 26.884184031759162 0.35805795 1.3158171 -0.12396344 190.07829687065347 26.88417134574817 190.07847951773704 26.739003691976276 62.80600294470352 265.30297728643734 5400.0 5400.0 2016.0 1 132 {-999.0 20.506756 19.701162 19.281168 18.989014} sdss_fiber2mag_from_lsdr10 19.653513 20.49319 18.264097 16.215 63050395173413798 1059142789 dark_flexible_2x2 bhm_spiders_agn_lsdr10 bhm_spiders science 0 0 0.0 0.0 -999 ""
FIBERMAP 422 R+8C8 METROLOGY 0 0 0 1 0 0 -66.44975288181102 157.552562671414 143.1 -61.325018818483855 159.60108156498066 252.62128 14.213271 -999.0 -999.0 -999.0 -999.0 -999.0 190.08147168244813 26.882284396427448 190.0816190415452 26.73710784242354 62.80797889125057 265.2969640970456 -999.0 6231.0 -999.0 -1 -999 {-999.0 -999.0 -999.0 -999.0 -999.0} "" -999.0 -999.0 -999.0 -999.0 -999 -999 "" "" "" "" 0 0 0.0 0.0 -999 ""
FIBERMAP 423 R-11C2 APOGEE 0 0 0 1 0 0 -141.89173522823705 -200.85140875951217 143.1 -148.28699698422557 -196.15029153281205 75.50269 115.62068 -999.0 -999.0 -999.0 -999.0 -999.0 189.65062958775871 25.267333329075342 189.65200798952844 25.12233126198501 61.85380997131365 262.3701729642306 -999.0 16600.0 -999.0 2 -999 {-999.0 -999.0 -999.0 -999.0 -999.0} "" -999.0 -999.0 -999.0 -999.0 -999 -999 "" "" "" "" 0 0 0.0 0.0 -999 ""
FIBERMAP 423 R-11C2 BOSS 1 1 0 1 0 0 -141.05594370638025 -200.73884364673347 143.1 -147.44808139939494 -196.0647663530054 75.50269 115.62068 189.6547095412856 25.26765780553023 0.22407919 -0.11097493 0.18868367 189.65467808256463 25.267650299366245 189.6561616331901 25.12269204756778 61.85741272456467 262.3677619846528 5400.0 5400.0 2016.0 1 428 {-999.0 19.185698 18.99402 18.842272 18.517048} sdss_psfmag 19.342634 19.116325 18.648298 -999.0 63050395173373045 1128956079 dark_1x4 bhm_aqmes_wide1 bhm_aqmes science 0 0 0.0 0.0 -999 ""
FIBERMAP 423 R-11C2 METROLOGY 0 0 0 1 0 0 -141.39301032140744 -201.4063280760074 143.1 -147.80648304026337 -196.72096737651407 75.50269 115.62068 -999.0 -999.0 -999.0 -999.0 -999.0 189.65296526147338 25.26472282540911 189.65442097584912 25.11975258565686 61.85481341259003 262.3633312235284 -999.0 6231.0 -999.0 -1 -999 {-999.0 -999.0 -999.0 -999.0 -999.0} "" -999.0 -999.0 -999.0 -999.0 -999 -999 "" "" "" "" 0 0 0.0 0.0 -999 ""
FIBERMAP 425 R-10C2 APOGEE 0 0 0 1 0 0 -160.6972499096189 -213.66523079025336 143.1 -167.49457992290203 -208.3494536695208 308.6009 57.79287 -999.0 -999.0 -999.0 -999.0 -999.0 189.55581284528742 25.21274851140415 189.55734914093512 25.06773008125239 61.75355661343937 262.3348162346422 -999.0 16600.0 -999.0 2 -999 {-999.0 -999.0 -999.0 -999.0 -999.0} "" -999.0 -999.0 -999.0 -999.0 -999 -999 "" "" "" "" 0 0 0.0 0.0 -999 ""
FIBERMAP 425 R-10C2 BOSS 1 1 0 1 0 0 -161.4164621607379 -213.75462307160242 143.1 -168.21623936096606 -208.4155821927285 308.6009 57.79287 189.55202837309932 25.212432288433302 -0.32820582 0.08007521 0.6252541 189.55211637149705 25.212410807508085 189.55376957761098 25.067434385828122 61.750457644441525 262.33692591796233 5400.0 5400.0 2016.0 1 427 {-999.0 19.300562 18.955748 18.998285 19.079311} sdss_psfmag 19.142868 19.039276 18.666567 -999.0 63050395173372984 1128956078 dark_1x4 bhm_aqmes_wide1 bhm_aqmes science 0 0 0.0 0.0 -999 ""
FIBERMAP 425 R-10C2 METROLOGY 0 0 0 1 0 0 -161.14269213004047 -213.06669657337204 143.1 -167.92043611955836 -207.73690892119905 308.6009 57.79287 -999.0 -999.0 -999.0 -999.0 -999.0 189.55357298262922 25.215462413126467 189.55519129035167 25.07047358519988 61.75283325322488 262.34176780618975 -999.0 6231.0 -999.0 -1 -999 {-999.0 -999.0 -999.0 -999.0 -999.0} "" -999.0 -999.0 -999.0 -999.0 -999 -999 "" "" "" "" 0 0 0.0 0.0 -999 ""
FIBERMAP 428 R+3C23 APOGEE 0 0 0 1 0 0 246.78353878095396 66.95904645679303 143.1 248.7942069275084 58.95446997907943 50.590824 105.11604 -999.0 -999.0 -999.0 -999.0 -999.0 191.65129340364254 26.41830085945425 191.64921689736286 26.273741193777973 63.95505567628403 263.21845421685896 -999.0 16600.0 -999.0 2 -999 {-999.0 -999.0 -999.0 -999.0 -999.0} "" -999.0 -999.0 -999.0 -999.0 -999 -999 "" "" "" "" 0 0 0.0 0.0 -999 ""
FIBERMAP 428 R+3C23 BOSS 1 1 0 1 0 0 247.44173204835175 66.65873610049876 143.1 249.44230858629783 58.63310206623369 50.590824 105.11604 191.6544209482712 26.41675269284791 0.07275342 -0.0027617163 -0.06161102 191.65442677788127 26.416776041528585 191.65245005449867 26.27225429135324 63.957213315567586 263.2128936226838 5400.0 5400.0 2016.0 1 186 {-999.0 17.69006 17.342306 17.209866 17.179127} sdss_psfmag 17.6045 17.270803 16.78079 15.518 63050395173400815 1128956164 dark_1x4 bhm_aqmes_wide1 bhm_aqmes science 0 0 0.0 0.0 -999 ""
FIBERMAP 428 R+3C23 METROLOGY 0 0 0 1 0 0 246.8479699214296 66.21573588331194 143.1 248.83461182949782 58.209532389195296 50.590824 105.11604 -999.0 -999.0 -999.0 -999.0 -999.0 191.6514076630067 26.41490596873666 191.64940703243383 26.270373132960945 63.95398658588957 263.2111699026626 -999.0 6231.0 -999.0 -1 -999 {-999.0 -999.0 -999.0 -999.0 -999.0} "" -999.0 -999.0 -999.0 -999.0 -999 -999 "" "" "" "" 0 0 0.0 0.0 -999 ""
FIBERMAP 432 R+11C15 APOGEE 0 0 0 1 0 0 139.29121041491607 225.4465584158593 143.1 146.48175324445737 220.81439846831162 121.36748 113.15383 -999.0 -999.0 -999.0 -999.0 -999.0 191.13885790663605 27.154120614843535 191.13718548544387 27.009218649831094 63.78577936897802 265.1475573411778 -999.0 16600.0 -999.0 2 -999 {-999.0 -999.0 -999.0 -999.0 -999.0} "" -999.0 -999.0 -999.0 -999.0 -999 -999 "" "" "" "" 0 0 0.0 0.0 -999 ""
FIBERMAP 432 R+11C15 BOSS 1 1 0 1 0 0 139.69602317947383 226.04603733775446 143.1 146.90566524471862 221.40044915189154 121.36748 113.15383 191.1408719799524 27.156665798617016 11.321309 8.496298 6.0257697 191.14089818367327 27.156689613080506 191.13932753876054 27.011822043357668 63.78845909560823 265.1516316382846 5400.0 5400.0 2016.0 1 178 {-999.0 18.340223 18.301672 18.369379 -999.0} sdss_psfmag 18.380804 18.241428 18.084625 -999.0 63050395173402516 1143500641 dark_1x3 mwm_wd_pwd_boss_1x3 mwm_wd science 0 0 0.0 0.0 -999 ""
FIBERMAP 432 R+11C15 METROLOGY 0 0 0 1 0 0 140.03435401330958 225.38022914118721 143.1 147.22230425047394 220.72412789495002 121.36748 113.15383 -999.0 -999.0 -999.0 -999.0 -999.0 191.1425318830761 27.1536512178182 191.14093013126046 27.00877517821802 63.78876610875075 265.1440452718029 -999.0 6231.0 -999.0 -1 -999 {-999.0 -999.0 -999.0 -999.0 -999.0} "" -999.0 -999.0 -999.0 -999.0 -999 -999 "" "" "" "" 0 0 0.0 0.0 -999 ""
FIBERMAP 436 R+4C3 APOGEE 0 0 0 1 0 0 -212.91276066842386 73.75050407325206 143.1 -210.40326054010973 80.57644772342411 187.88448 128.33359 -999.0 -999.0 -999.0 -999.0 -999.0 189.3277175146551 26.519046760609474 189.32907577510832 26.373695998609183 62.050211019772334 265.0704941410088 -999.0 16600.0 -999.0 2 149 {-999.0 -999.0 -999.0 -999.0 -999.0} "" -999.0 -999.0 -999.0 -999.0 -999 -999 "" "" "" "" 0 0 0.0 0.0 -999 ""
FIBERMAP 436 R+4C3 BOSS 1 1 0 1 0 0 -213.44265889081373 74.26169287420464 143.1 -210.91634004229175 81.10442563615537 187.88448 128.33359 189.32502447642153 26.521366319599892 -11.361444 2.2657757 1.2380464 189.3249780944935 26.521385298750722 189.326452711623 26.37607170510766 62.04885530147355 265.077010513014 5400.0 5400.0 2016.0 1 29 {-999.0 20.55455 19.634474 18.284128 -999.0} sdss_psfmag 19.329454 18.829895 17.494816 -999.0 63050395173413307 1092614070 dark_flexible_2x1 mwm_cb_galex_vol_boss mwm_cb science 0 0 0.0 0.0 -999 ""
FIBERMAP 436 R+4C3 METROLOGY 0 0 0 1 0 0 -212.72798634795697 74.46768578267542 143.1 -210.19545478441066 81.28723034840957 187.88448 128.33359 -999.0 -999.0 -999.0 -999.0 -999.0 189.32863235568476 26.522258470956395 189.33006905876584 26.37693482429522 62.05219080441722 265.0762834854174 -999.0 6231.0 -999.0 -1 -999 {-999.0 -999.0 -999.0 -999.0 -999.0} "" -999.0 -999.0 -999.0 -999.0 -999 -999 "" "" "" "" 0 0 0.0 0.0 -999 ""
FIBERMAP 440 R+8C4 APOGEE 0 0 0 1 0 0 -128.24835162968535 150.4132456350972 143.1 -123.31641049864508 154.46038261269723 253.9084 167.53973 -999.0 -999.0 -999.0 -999.0 -999.0 189.76652007858323 26.85728953499717 189.76707860013357 26.71199608338533 62.53566974277353 265.457122737281 -999.0 16600.0 -999.0 2 -999 {-999.0 -999.0 -999.0 -999.0 -999.0} "" -999.0 -999.0 -999.0 -999.0 -999 -999 "" "" "" "" 0 0 0.0 0.0 -999 ""
FIBERMAP 440 R+8C4 BOSS 1 1 0 1 0 0 -128.6200800615961 149.73357862941012 143.1 -123.70984600742771 153.79312498020985 253.9084 167.53973 189.76438693675868 26.85427947840387 -999.0 -999.0 -999.0 189.76437901236073 26.854263220368473 189.76505358661223 26.709006453396608 62.532939001851354 265.4523957477711 5400.0 5400.0 2016.0 1 57 {-999.0 20.810577 19.882277 19.426832 19.089037} sdss_fiber2mag_from_lsdr10 19.85124 21.265701 18.247799 15.952 63050395173413778 1059141677 dark_flexible_2x2 bhm_spiders_agn_lsdr10 bhm_spiders science 0 0 0.0 0.0 -999 ""
FIBERMAP 440 R+8C4 METROLOGY 0 0 0 1 0 0 -128.99375614822782 150.38108845474454 143.1 -124.06239926127947 154.45229960890404 253.9084 167.53973 -999.0 -999.0 -999.0 -999.0 -999.0 189.76262790360872 26.85722964161112 189.76327231831135 26.711961342610422 62.5324671544018 265.45959964350897 -999.0 6231.0 -999.0 -1 -999 {-999.0 -999.0 -999.0 -999.0 -999.0} "" -999.0 -999.0 -999.0 -999.0 -999 -999 "" "" "" "" 0 0 0.0 0.0 -999 ""
FIBERMAP 448 R+7C8 APOGEE 0 0 0 1 0 0 -50.65126267778945 124.68118405100702 143.1 -46.59691745640952 126.23987513272601 290.6427 124.165 -999.0 -999.0 -999.0 -999.0 -999.0 190.1565859256381 26.731426609196518 190.15660534778362 26.586278372129172 62.8183236680871 264.9364382463074 -999.0 16600.0 -999.0 2 27 {-999.0 -999.0 -999.0 -999.0 -999.0} "" -999.0 -999.0 -999.0 -999.0 -999 -999 "" "" "" "" 0 0 0.0 0.0 -999 ""
FIBERMAP 448 R+7C8 BOSS 1 1 0 1 0 0 -51.09309511876998 124.08819401721638 143.1 -47.05761721125283 125.66150403484686 290.6427 124.165 190.15411376953122 26.72880430666278 -999.0 -999.0 -999.0 190.1541093129824 26.728814194391482 190.15424349785349 26.58370246634975 62.81544296633136 264.93277673144047 5400.0 5400.0 2015.5 1 104 {-999.0 -999.0 -999.0 -999.0 -999.0} "" -999.0 -999.0 -999.0 -999.0 27021603145579610 812571425 "" ops_sky_boss_good ops_sky sky_boss 0 0 0.0 0.0 -999 ""
FIBERMAP 448 R+7C8 METROLOGY 0 0 0 1 0 0 -51.39424480555314 124.77817904817135 143.1 -47.33631749033555 126.36078756156304 290.6427 124.165 -999.0 -999.0 -999.0 -999.0 -999.0 190.1527246440026 26.731982532902922 190.15282841803423 26.58685929759953 62.81536359080478 264.94021907401213 -999.0 6231.0 -999.0 -1 -999 {-999.0 -999.0 -999.0 -999.0 -999.0} "" -999.0 -999.0 -999.0 -999.0 -999 -999 "" "" "" "" 0 0 0.0 0.0 -999 ""
FIBERMAP 450 R+2C17 APOGEE 0 0 0 1 0 0 70.37334376087203 41.074711397128894 143.1 71.65603383046019 38.77873612645515 217.61984 63.99692 -999.0 -999.0 -999.0 -999.0 -999.0 190.7578072078908 26.333327538014515 190.7571030616092 26.188459184465373 63.17871888936298 263.6948281814304 -999.0 16600.0 -999.0 2 61 {-999.0 -999.0 -999.0 -999.0 -999.0} "" -999.0 -999.0 -999.0 -999.0 -999 -999 "" "" "" "" 0 0 0.0 0.0 -999 ""
FIBERMAP 450 R+2C17 BOSS 1 1 0 1 0 0 70.20151937157537 41.80316783453719 143.1 71.50782166393617 39.51229425623867 217.61984 63.99692 190.75698852539062 26.33662802263885 -999.0 -999.0 -999.0 190.75699884927164 26.336652065372753 190.7564015644267 26.19182033241176 63.179355796355296 263.70227436422925 5400.0 5400.0 2015.5 1 199 {-999.0 -999.0 -999.0 -999.0 -999.0} "" -999.0 -999.0 -999.0 -999.0 27021603145565370 812569419 "" ops_sky_boss_good ops_sky sky_boss 0 0 0.0 0.0 -999 ""
FIBERMAP 450 R+2C17 METROLOGY 0 0 0 1 0 0 70.92039202781123 41.59314581610925 143.1 72.21947944993352 39.27920159487502 217.61984 63.99692 -999.0 -999.0 -999.0 -999.0 -999.0 190.7606311396686 26.335585739002465 190.75999855033706 26.190744825670087 63.18197079250536 263.69745074435934 -999.0 6231.0 -999.0 -1 -999 {-999.0 -999.0 -999.0 -999.0 -999.0} "" -999.0 -999.0 -999.0 -999.0 -999 -999 "" "" "" "" 0 0 0.0 0.0 -999 ""
FIBERMAP 452 R+12C9 APOGEE 0 0 0 1 0 0 29.624338041705254 230.19277905561444 143.1 37.034762642841905 229.0967417854193 275.19592 165.82553 -999.0 -999.0 -999.0 -999.0 -999.0 190.58281736702833 27.19542992990589 190.58197922909335 27.050325948021328 63.334354529221045 265.6105524336378 -999.0 16600.0 -999.0 2 -999 {-999.0 -999.0 -999.0 -999.0 -999.0} "" -999.0 -999.0 -999.0 -999.0 -999 -999 "" "" "" "" 0 0 0.0 0.0 -999 ""
FIBERMAP 452 R+12C9 BOSS 1 1 0 1 0 0 29.53750218616905 229.46174487030913 143.1 36.92438874172186 228.3689545840414 275.19592 165.82553 190.58090513946215 27.19250264768889 188.29994 -119.13199 13.270592 190.5821526892791 27.19217022663445 190.58142550785317 27.047101300410485 63.332802449798415 265.60415920472803 5400.0 5400.0 2016.0 1 154 {-999.0 15.846269 14.4431 13.304369 -999.0} sdss_psfmag_from_g3xp 15.286965 13.991079 12.868497 10.78 63050395173414893 1150978807 bright_1x1 mwm_snc_100pc_boss_single mwm_snc science 0 0 2.0577335357666016 0.0 -999 ""
FIBERMAP 452 R+12C9 METROLOGY 0 0 0 1 0 0 28.935657548979854 229.9057578726831 143.1 36.33723879527993 228.83211931658968 275.19592 165.82553 -999.0 -999.0 -999.0 -999.0 -999.0 190.57919123718787 27.194257601683866 190.57843693228915 27.049177445531885 63.3309972079053 265.6105144906364 -999.0 6231.0 -999.0 -1 -999 {-999.0 -999.0 -999.0 -999.0 -999.0} "" -999.0 -999.0 -999.0 -999.0 -999 -999 "" "" "" "" 0 0 0.0 0.0 -999 ""
FIBERMAP 455 R-2C17 APOGEE 0 0 0 1 0 0 85.54834277479381 -31.570461672411028 143.1 84.47750114275485 -34.31194695418331 64.77335 155.26901 -999.0 -999.0 -999.0 -999.0 -999.0 190.82151452893584 26.00033803291694 190.82087188697744 25.855560220661204 63.10911918901067 262.9631217076951 -999.0 16600.0 -999.0 2 238 {-999.0 -999.0 -999.0 -999.0 -999.0} "" -999.0 -999.0 -999.0 -999.0 -999 -999 "" "" "" "" 0 0 0.0 0.0 -999 ""
FIBERMAP 455 R-2C17 BOSS 1 1 0 1 0 0 86.06216629226724 -31.041914529301778 143.1 85.00806856904035 -33.80030273306669 64.77335 155.26901 190.8241604794476 26.002618224000035 -999.0 -999.0 -999.0 190.82415005195145 26.002603528912676 190.82360922104317 25.857864911304475 63.112265785296806 262.96581009202026 5400.0 5400.0 2016.0 1 303 {-999.0 21.92857 21.855968 21.426683 21.107248} sdss_fiber2mag_from_lsdr10 nan nan nan -999.0 63050396913324963 1059138403 dark_flexible_2x2 bhm_spiders_agn_lsdr10 bhm_spiders science 0 0 0.0 0.0 -999 ""
FIBERMAP 455 R-2C17 METROLOGY 0 0 0 1 0 0 86.26602415597041 -31.769106680283524 143.1 85.18833552081017 -34.533631083384805 64.77335 155.26901 -999.0 -999.0 -999.0 -999.0 -999.0 190.82506770677705 25.999276944310687 190.82449683216385 25.85452835957289 63.11175830485615 262.95830737153324 -999.0 6231.0 -999.0 -1 -999 {-999.0 -999.0 -999.0 -999.0 -999.0} "" -999.0 -999.0 -999.0 -999.0 -999 -999 "" "" "" "" 0 0 0.0 0.0 -999 ""
FIBERMAP 463 R+8C11 APOGEE 0 0 0 1 0 0 30.0711431317063 162.58351405929534 143.1 35.299507819426665 161.51418995681354 26.43056 133.70042 -999.0 -999.0 -999.0 -999.0 -999.0 190.57384992337242 26.89116382573763 190.57316491508186 26.746118815239694 63.222942371913035 264.9807718142968 -999.0 16600.0 -999.0 2 -999 {-999.0 -999.0 -999.0 -999.0 -999.0} "" -999.0 -999.0 -999.0 -999.0 -999 -999 "" "" "" "" 0 0 0.0 0.0 -999 ""
FIBERMAP 463 R+8C11 BOSS 1 1 0 1 0 0 30.78187011872762 162.33007557714436 143.1 36.001623818721086 161.23797011045127 26.43056 133.70042 190.57731711357687 26.88994396520563 -999.0 -999.0 -999.0 190.57733133854583 26.889925591019185 190.57674986728136 26.744917729483056 63.225529007113515 264.9758078069349 5400.0 5400.0 2016.0 1 134 {-999.0 20.468067 20.413015 20.359413 20.313038} sdss_psfmag_from_lsdr10 20.933258 20.869183 19.983734 -999.0 63050395173414431 1059142796 dark_flexible_2x2 bhm_spiders_agn_lsdr10 bhm_spiders science 0 0 0.0 0.0 -999 ""
FIBERMAP 463 R+8C11 METROLOGY 0 0 0 1 0 0 30.209313756101697 161.85032182047527 143.1 35.41393386826111 160.77698493222724 26.43056 133.70042 -999.0 -999.0 -999.0 -999.0 -999.0 190.5743638117113 26.887848683823265 190.57375713064118 26.742830133522606 63.222298445262574 264.9735178336055 -999.0 6231.0 -999.0 -1 -999 {-999.0 -999.0 -999.0 -999.0 -999.0} "" -999.0 -999.0 -999.0 -999.0 -999 -999 "" "" "" "" 0 0 0.0 0.0 -999 ""
FIBERMAP 466 R+5C5 APOGEE 0 0 0 1 0 0 -135.34136997315582 113.71400499211455 143.1 -131.58941826190122 118.01236447956576 107.69842 57.04066 -999.0 -999.0 -999.0 -999.0 -999.0 189.72478644955518 26.692099831414637 189.7254762088137 26.546827593728434 62.44333064207859 265.14990821906616 -999.0 16600.0 -999.0 2 128 {-999.0 -999.0 -999.0 -999.0 -999.0} "" -999.0 -999.0 -999.0 -999.0 -999 -999 "" "" "" "" 0 0 0.0 0.0 -999 ""
FIBERMAP 466 R+5C5 BOSS 1 1 0 1 0 0 -134.62564985505188 113.50732011037674 143.1 -130.88080340487664 117.78270865879615 107.69842 57.04066 189.72823183859327 26.691082786076564 0.36575666 -0.40968877 0.09719062 189.7282206992291 26.69108461647789 189.7290172657182 26.545850946342796 62.44595539388361 265.145531673298 5400.0 5400.0 2016.0 1 42 {-999.0 20.429434 20.240313 20.078653 19.960331} sdss_psfmag_from_gaiadr2 20.352352 20.242662 19.708637 -999.0 63050395173413268 1056684903 dark_flexible_2x2 bhm_gua_dark bhm_filler science 0 0 0.0 0.0 -999 ""
FIBERMAP 466 R+5C5 METROLOGY 0 0 0 1 0 0 -135.1620339308519 112.98462483625208 143.1 -131.4337288211763 117.2776407881304 107.69842 57.04066 -999.0 -999.0 -999.0 -999.0 -999.0 189.7254638060373 26.688780054619745 189.72623387338922 26.54353546299701 62.44281190482235 265.14272988737576 -999.0 6231.0 -999.0 -1 -999 {-999.0 -999.0 -999.0 -999.0 -999.0} "" -999.0 -999.0 -999.0 -999.0 -999 -999 "" "" "" "" 0 0 0.0 0.0 -999 ""
FIBERMAP 469 R+1C6 APOGEE 0 0 0 1 0 0 -166.12489947980453 35.49989931527324 143.1 -164.87823194400443 40.83924373249321 106.21968 90.27987 -999.0 -999.0 -999.0 -999.0 -999.0 189.5577118041374 26.34075237489174 189.5587950962888 26.195502956789596 62.17892789218641 264.5573150816406 -999.0 16600.0 -999.0 2 -999 {-999.0 -999.0 -999.0 -999.0 -999.0} "" -999.0 -999.0 -999.0 -999.0 -999 -999 "" "" "" "" 0 0 0.0 0.0 -999 ""
FIBERMAP 469 R+1C6 BOSS 1 1 0 1 0 0 -165.4095114841135 35.73150545194302 143.1 -164.15580511562138 41.047623002432985 106.21968 90.27987 189.56118379595148 26.341693458168265 -999.0 -999.0 -999.0 189.56117651470427 26.341697701761912 189.56236630955743 26.196487901576386 62.18227200760174 264.5568113744718 5400.0 5400.0 2016.0 1 20 {-999.0 22.907274 21.931732 21.313961 20.87201} sdss_psfmag_from_lsdr10 nan nan nan -999.0 63050397618809484 1059139545 dark_flexible_2x2 bhm_spiders_agn_lsdr10 bhm_spiders science 0 0 0.0 0.0 -999 ""
FIBERMAP 469 R+1C6 METROLOGY 0 0 0 1 0 0 -165.56714934181176 35.00434229122774 143.1 -164.33681302461946 40.32598929007781 106.21968 90.27987 -999.0 -999.0 -999.0 -999.0 -999.0 189.5603243665072 26.338422006353163 189.56148498958964 26.193201639240854 62.18035073261159 264.550852336955 -999.0 6231.0 -999.0 -1 -999 {-999.0 -999.0 -999.0 -999.0 -999.0} "" -999.0 -999.0 -999.0 -999.0 -999 -999 "" "" "" "" 0 0 0.0 0.0 -999 ""
FIBERMAP 481 R+7C10 APOGEE 0 0 0 1 0 0 -23.722665480787036 131.49690590539208 143.1 -19.46475587033058 132.18244985857044 197.30339 117.78234 -999.0 -999.0 -999.0 -999.0 -999.0 190.29475755379346 26.758587533911502 190.29455581981267 26.613477836730773 62.94338933582185 264.89760238757935 -999.0 16600.0 -999.0 2 30 {-999.0 -999.0 -999.0 -999.0 -999.0} "" -999.0 -999.0 -999.0 -999.0 -999 -999 "" "" "" "" 0 0 0.0 0.0 -999 ""
FIBERMAP 481 R+7C10 BOSS 1 1 0 1 0 0 -24.271999721870813 131.99472219106607 143.1 -19.997691105218426 132.6976906025229 197.30339 117.78234 190.29191625513073 26.760951731496842 -999.0 -999.0 -999.0 190.29192415028552 26.760940260169015 190.29183501097077 26.615865667406208 62.941945804550926 264.9043907205194 5400.0 5400.0 2016.0 1 127 {-999.0 21.77777 21.770134 21.48993 21.214964} sdss_psfmag_from_lsdr10 nan nan nan -999.0 63050398343629520 1059141682 dark_flexible_2x2 bhm_spiders_agn_lsdr10 bhm_spiders science 0 0 0.0 0.0 -999 ""
FIBERMAP 481 R+7C10 METROLOGY 0 0 0 1 0 0 -23.56977013514755 132.23967704975635 143.1 -19.28798390996498 132.91983510252842 197.30339 117.78234 -999.0 -999.0 -999.0 -999.0 -999.0 190.29557266322036 26.761950144353396 190.29544655372638 26.6168661728108 62.94532062091366 264.9039686027592 -999.0 6231.0 -999.0 -1 -999 {-999.0 -999.0 -999.0 -999.0 -999.0} "" -999.0 -999.0 -999.0 -999.0 -999 -999 "" "" "" "" 0 0 0.0 0.0 -999 ""
FIBERMAP 483 R+13C1 APOGEE 0 0 0 1 0 0 -143.15145276798037 267.2355800214179 143.1 -134.44052410934316 271.6925764185437 97.44469 98.28517 -999.0 -999.0 -999.0 -999.0 -999.0 189.7109593907629 27.382035732510456 189.71138769503216 27.23661951352632 62.66613186542115 266.566606718874 -999.0 16600.0 -999.0 2 135 {-999.0 -999.0 -999.0 -999.0 -999.0} "" -999.0 -999.0 -999.0 -999.0 -999 -999 "" "" "" "" 0 0 0.0 0.0 -999 ""
FIBERMAP 483 R+13C1 BOSS 1 1 0 1 0 0 -142.4233335045661 267.3956668456582 143.1 -133.7076817260917 271.82906904164696 97.44469 98.28517 189.71459164895143 27.382613232058176 -0.27861956 0.032365855 0.43015766 189.71457509073574 27.382620563649873 189.71510963458536 27.23724010919278 62.66946063730954 266.5655056255715 5400.0 5400.0 2016.0 1 7 {-999.0 19.984196 19.602365 19.304132 19.051664} sdss_psfmag_from_lsdr10 19.737322 19.478676 18.790556 -999.0 63050395173417760 1059145000 dark_flexible_2x2 bhm_spiders_agn_lsdr10 bhm_spiders science 0 0 0.0 0.0 -999 ""
FIBERMAP 483 R+13C1 METROLOGY 0 0 0 1 0 0 -142.6272401353041 266.68740667950254 143.1 -133.93432024933733 271.1278199424349 97.44469 98.28517 -999.0 -999.0 -999.0 -999.0 -999.0 189.71344601244232 27.379508631443247 189.71395182090816 27.234118615296545 62.66745916975628 266.55982711455306 -999.0 6231.0 -999.0 -1 -999 {-999.0 -999.0 -999.0 -999.0 -999.0} "" -999.0 -999.0 -999.0 -999.0 -999 -999 "" "" "" "" 0 0 0.0 0.0 -999 ""
FIBERMAP 488 R+13C8 APOGEE 0 0 0 1 0 0 0.4694549283628149 241.96033634903037 143.1 8.277362175365417 241.79798406601094 233.83968 106.32157 -999.0 -999.0 -999.0 -999.0 -999.0 190.43631556177982 27.25260394395514 190.43567705767714 27.107439739367315 63.230879654515064 265.8276172816164 -999.0 16600.0 -999.0 2 37 {-999.0 -999.0 -999.0 -999.0 -999.0} "" -999.0 -999.0 -999.0 -999.0 -999 -999 "" "" "" "" 0 0 0.0 0.0 -999 ""
FIBERMAP 488 R+13C8 BOSS 1 1 0 1 0 0 -0.22662782997837283 242.2033571817336 143.1 7.589545312297429 242.06332002347014 233.83968 106.32157 190.432727336587 27.253765569880024 -999.0 -999.0 -999.0 190.43270310323854 27.253787059155545 190.4321787208961 27.108655971021328 63.228353418144344 265.8324786901873 5400.0 5400.0 2016.0 1 166 {-999.0 22.876202 21.811966 21.25569 20.829489} sdss_fiber2mag_from_lsdr10 nan nan nan -999.0 63050399058482455 1059143886 dark_flexible_2x2 bhm_spiders_agn_lsdr10 bhm_spiders science 0 0 0.0 0.0 -999 ""
FIBERMAP 488 R+13C8 METROLOGY 0 0 0 1 0 0 0.33548149496180457 242.7016437200984 143.1 8.167392643829192 242.54316384014143 233.83968 106.32157 -999.0 -999.0 -999.0 -999.0 -999.0 190.43567884614365 27.255932961294995 190.43511798658687 27.110792617120328 63.23153452296518 265.8350014096196 -999.0 6231.0 -999.0 -1 -999 {-999.0 -999.0 -999.0 -999.0 -999.0} "" -999.0 -999.0 -999.0 -999.0 -999 -999 "" "" "" "" 0 0 0.0 0.0 -999 ""
FIBERMAP 489 R-5C2 APOGEE 0 0 0 1 0 0 -197.6649832568009 -90.67454205522814 143.1 -200.47084598290485 -84.24062039860952 49.586956 88.65541 -999.0 -999.0 -999.0 -999.0 -999.0 189.3838195499293 25.772086243996384 189.38538458024357 25.626903696204916 61.824668542017896 263.55330878319944 -999.0 16600.0 -999.0 2 -999 {-999.0 -999.0 -999.0 -999.0 -999.0} "" -999.0 -999.0 -999.0 -999.0 -999 -999 "" "" "" "" 0 0 0.0 0.0 -999 ""
FIBERMAP 489 R-5C2 BOSS 1 1 0 1 0 0 -197.1126321469923 -91.15999162963305 143.1 -199.93449663412088 -84.74359931090528 49.586956 88.65541 189.3863941107967 25.769724859410967 -999.0 -999.0 -999.0 189.38636923623378 25.769759739319326 189.38804388828908 25.624619501121185 61.826032216188324 263.54691733409686 5400.0 5400.0 2016.0 1 487 {-999.0 21.149523 20.973734 20.813532 20.660961} sdss_psfmag_from_gdr3 21.057638 20.981441 20.37094 -999.0 63050395173386354 1059422279 dark_flexible_2x2 bhm_spiders_agn_gaiadr3 bhm_spiders science 0 0 0.0 0.0 -999 ""
FIBERMAP 489 R-5C2 METROLOGY 0 0 0 1 0 0 -197.81581677982865 -91.40523434945523 143.1 -200.64516758389757 -84.96600067705285 49.586956 88.65541 -999.0 -999.0 -999.0 -999.0 -999.0 189.38287376560427 25.768756014354313 189.38452206992952 25.623603354266784 61.8227076608578 263.547450457572 -999.0 6231.0 -999.0 -1 -999 {-999.0 -999.0 -999.0 -999.0 -999.0} "" -999.0 -999.0 -999.0 -999.0 -999 -999 "" "" "" "" 0 0 0.0 0.0 -999 ""
FIBERMAP 493 R+8C15 APOGEE 1 1 0 1 0 0 96.0304235315727 141.09278658034958 143.1 100.5251426453821 137.90799472796675 284.93924 38.179817 190.90563274678087 26.78315586775752 -15.889159 -102.65586 13.3764515 190.90558966797082 26.782870673587325 190.90445187254375 26.63796154011486 63.462633295427366 264.5247830035328 16000.0 16600.0 2016.0 2 78 {-999.0 16.32049 14.890707 13.735649 -999.0} sdss_psfmag_from_g3xp 15.747894 14.428789 13.294111 11.217 63050395173401883 1103590671 bright_flexible_3x1 mwm_tess_2min_apogee mwm_planet science 0 0 0.0 0.0 -999 ""
FIBERMAP 493 R+8C15 BOSS 0 0 0 1 0 0 95.43711074235851 141.54243690428237 143.1 99.9467012758095 138.37651802504936 284.93924 38.179817 -999.0 -999.0 -999.0 -999.0 -999.0 190.90258543220673 26.78501985843269 190.90155805048914 26.64014501664591 63.46097695546817 264.53139026316626 -999.0 5400.0 -999.0 1 230 {-999.0 -999.0 -999.0 -999.0 -999.0} "" -999.0 -999.0 -999.0 -999.0 -999 -999 "" "" "" "" 0 0 0.0 0.0 -999 ""
FIBERMAP 493 R+8C15 METROLOGY 0 0 0 1 0 0 96.12232694504142 141.83537380547637 143.1 100.64095384439294 138.64716440770522 284.93924 38.179817 -999.0 -999.0 -999.0 -999.0 -999.0 190.90613743296072 26.786223813711086 190.90507380108306 26.641339824334096 63.464338891146596 264.531427687985 -999.0 6231.0 -999.0 -1 -999 {-999.0 -999.0 -999.0 -999.0 -999.0} "" -999.0 -999.0 -999.0 -999.0 -999 -999 "" "" "" "" 0 0 0.0 0.0 -999 ""
FIBERMAP 495 R+5C10 APOGEE 0 0 0 1 0 0 -35.39468521924907 104.26762073835745 143.1 -32.00837861609071 105.34639280166023 21.22409 173.97664 -999.0 -999.0 -999.0 -999.0 -999.0 190.2308861751645 26.636739441992727 190.2308345715744 26.49163411784955 62.84718956157219 264.6912361021623 -999.0 16600.0 -999.0 2 7 {-999.0 -999.0 -999.0 -999.0 -999.0} "" -999.0 -999.0 -999.0 -999.0 -999 -999 "" "" "" "" 0 0 0.0 0.0 -999 ""
FIBERMAP 495 R+5C10 BOSS 1 1 0 1 0 0 -34.66581822163645 104.45383572989823 143.1 -31.273945783245008 105.50897356653692 21.22409 173.97664 190.23443281796756 26.637453444533993 -999.0 -999.0 -999.0 190.23449870243044 26.637495311938174 190.2345508161951 26.492427998338158 62.85058156440893 264.69028846059825 5400.0 5400.0 2016.0 1 129 {-999.0 21.156342 20.17562 19.728384 19.404041} sdss_fiber2mag_from_lsdr10 19.824423 21.296696 18.441359 16.369 63050395173412669 1059141681 dark_flexible_2x2 bhm_spiders_agn_lsdr10 bhm_spiders science 0 0 0.0 0.0 -999 ""
FIBERMAP 495 R+5C10 METROLOGY 0 0 0 1 0 0 -34.870705097186416 103.73585682841316 143.1 -31.50187758386891 104.79804327767293 21.22409 173.97664 -999.0 -999.0 -999.0 -999.0 -999.0 190.2333732108187 26.634265849220554 190.23339740786173 26.489188356150166 62.84847111634798 264.684446433373 -999.0 6231.0 -999.0 -1 -999 {-999.0 -999.0 -999.0 -999.0 -999.0} "" -999.0 -999.0 -999.0 -999.0 -999 -999 "" "" "" "" 0 0 0.0 0.0 -999 ""
FIBERMAP 501 R+6C19 APOGEE 0 0 0 1 0 0 186.2446556918172 133.44752350611026 143.1 190.43777385119915 127.356120058543 107.02561 71.29887 -999.0 -999.0 -999.0 -999.0 -999.0 191.36043897926473 26.73105356546961 191.3586392979471 26.58631939028256 63.82447464476449 264.09366563037133 -999.0 16600.0 -999.0 2 34 {-999.0 -999.0 -999.0 -999.0 -999.0} "" -999.0 -999.0 -999.0 -999.0 -999 -999 "" "" "" "" 0 0 0.0 0.0 -999 ""
FIBERMAP 501 R+6C19 BOSS 1 1 0 1 0 0 186.98429938747452 133.4134774962598 143.1 191.17586888240837 127.29822605344123 107.02561 71.29887 191.36378768972 26.730679171798773 -70.15792 14.043516 16.88071 191.36408310359923 26.73073270117971 191.3623830921781 26.58603547115627 63.82750555489524 264.0903781078559 5400.0 5400.0 2016.0 1 195 {-999.0 16.493563 15.007686 13.967707 -999.0} sdss_psfmag_ps1 15.886685 14.304823 13.073843 10.678 63050395173402029 1151095301 bright_1x1 mwm_snc_100pc_boss_single mwm_snc science 0 0 1.779421329498291 0.0 -999 ""
FIBERMAP 501 R+6C19 METROLOGY 0 0 0 1 0 0 186.58038682352458 132.78170852658056 143.1 190.75181451753093 126.67987591658009 107.02561 71.29887 -999.0 -999.0 -999.0 -999.0 -999.0 191.36196227939305 26.7279706429368 191.36023709851065 26.5832631323066 63.82472957528693 264.08603929477033 -999.0 6231.0 -999.0 -1 -999 {-999.0 -999.0 -999.0 -999.0 -999.0} "" -999.0 -999.0 -999.0 -999.0 -999 -999 "" "" "" "" 0 0 0.0 0.0 -999 ""
FIBERMAP 506 R+6C10 APOGEE 0 0 0 1 0 0 -38.67784827419375 110.27922494709802 143.1 -35.09554650818684 111.46028917204387 227.87625 84.6384 -999.0 -999.0 -999.0 -999.0 -999.0 190.2151620345286 26.664478813762628 190.21512203097393 26.51936281214366 62.843818143366505 264.75895590540824 -999.0 16600.0 -999.0 2 -999 {-999.0 -999.0 -999.0 -999.0 -999.0} "" -999.0 -999.0 -999.0 -999.0 -999 -999 "" "" "" "" 0 0 0.0 0.0 -999 ""
FIBERMAP 506 R+6C10 BOSS 1 1 0 1 0 0 -39.20973067605121 110.81714248775985 143.1 -35.60974643161023 112.01504359393728 227.87625 84.6384 190.21291625095233 26.667103306760225 -161.21689 -29.770763 11.649154 190.21241556113924 26.66700710572326 190.21248820600852 26.521926638457206 62.8425161668225 264.7660322919722 5400.0 5400.0 2016.0 1 128 {-999.0 20.047483 19.342432 19.074339 -999.0} sdss_psfmag 19.976597 19.388742 18.803482 -999.0 63050395173412847 1143500080 dark_1x3 mwm_wd_pwd_boss_1x3 mwm_wd science 0 0 0.0 0.0 -999 ""
FIBERMAP 506 R+6C10 METROLOGY 0 0 0 1 0 0 -38.48374531220639 110.99963179094358 143.1 -34.878313709425356 112.1739939289773 227.87625 84.6384 -999.0 -999.0 -999.0 -999.0 -999.0 190.21617397401917 26.6677355445307 190.21620955277353 26.522645656978504 62.845885682312144 264.76493601254265 -999.0 6231.0 -999.0 -1 -999 {-999.0 -999.0 -999.0 -999.0 -999.0} "" -999.0 -999.0 -999.0 -999.0 -999 -999 "" "" "" "" 0 0 0.0 0.0 -999 ""
FIBERMAP 507 R+1C26 APOGEE 0 0 0 1 0 0 270.9418340513852 36.26353250405595 143.1 271.9472438033263 27.498028974271353 161.34642 64.376495 -999.0 -999.0 -999.0 -999.0 -999.0 191.7651296439759 26.274716896774223 191.76295862607526 26.13023108425364 63.99733136034254 262.8288255637971 -999.0 16600.0 -999.0 2 42 {-999.0 -999.0 -999.0 -999.0 -999.0} "" -999.0 -999.0 -999.0 -999.0 -999 -999 "" "" "" "" 0 0 0.0 0.0 -999 ""
FIBERMAP 507 R+1C26 BOSS 1 1 0 1 0 0 271.4696608157228 36.76286342005944 143.1 272.4908631335614 27.980022850254 161.34642 64.376495 191.76773071289062 26.276811557199977 -999.0 -999.0 -999.0 191.7677440261136 26.276828238181785 191.76567116602496 26.13237980903173 64.00038807264788 262.8313286597519 5400.0 5400.0 2015.5 1 175 {-999.0 -999.0 -999.0 -999.0 -999.0} "" -999.0 -999.0 -999.0 -999.0 27021603145562954 812569106 "" ops_sky_boss_good ops_sky sky_boss 0 0 0.0 0.0 -999 ""
FIBERMAP 507 R+1C26 METROLOGY 0 0 0 1 0 0 271.67019113933725 36.04824966570723 143.1 272.6682104813987 27.259372625723383 161.34642 64.376495 -999.0 -999.0 -999.0 -999.0 -999.0 191.7686160843148 26.27357094301187 191.76651440361502 26.129113108185816 63.99988496454644 262.8237658086335 -999.0 6231.0 -999.0 -1 -999 {-999.0 -999.0 -999.0 -999.0 -999.0} "" -999.0 -999.0 -999.0 -999.0 -999 -999 "" "" "" "" 0 0 0.0 0.0 -999 ""
FIBERMAP 514 R+11C3 APOGEE 0 0 0 1 0 0 -118.63685781765318 231.0365690319484 143.1 -111.10900518750954 234.72448858295604 112.75884 71.2651 -999.0 -999.0 -999.0 -999.0 -999.0 189.8287135042511 27.218619040568257 189.82902702506522 27.073270866025915 62.71055813674925 266.1550094523612 -999.0 16600.0 -999.0 2 133 {-999.0 -999.0 -999.0 -999.0 -999.0} "" -999.0 -999.0 -999.0 -999.0 -999 -999 "" "" "" "" 0 0 0.0 0.0 -999 ""
FIBERMAP 514 R+11C3 BOSS 1 1 0 1 0 0 -117.90132185170117 231.1237222088379 143.1 -110.37110422268873 234.7878525886834 112.75884 71.2651 189.83231022187297 27.21910884424723 20.748999 -66.76065 1.8339692 189.83234050530095 27.218912029064413 189.83275981069448 27.07360017808009 62.71380020368831 266.1532578973991 5400.0 5400.0 2016.0 1 5 {-999.0 19.28106 17.929346 17.070719 -999.0} sdss_psfmag 18.721077 17.675888 16.654957 14.856 63050395173414277 1136214529 dark_flexible_3x1 mwm_halo_local_high_boss_triple mwm_halo science 0 0 0.0 0.0 -999 ""
FIBERMAP 514 R+11C3 METROLOGY 0 0 0 1 0 0 -118.18896158599007 230.4371635147266 143.1 -110.6807245899119 234.11099387208185 112.75884 71.2651 -999.0 -999.0 -999.0 -999.0 -999.0 189.83079670066013 27.215878937427632 189.83118805525885 27.070557244475783 62.7114621508011 266.1480266894513 -999.0 6231.0 -999.0 -1 -999 {-999.0 -999.0 -999.0 -999.0 -999.0} "" -999.0 -999.0 -999.0 -999.0 -999 -999 "" "" "" "" 0 0 0.0 0.0 -999 ""
FIBERMAP 515 R+3C19 APOGEE 0 0 0 1 0 0 131.37392530254425 62.153026679833395 143.1 133.29971292216115 57.87570563481291 174.68774 105.52086 -999.0 -999.0 -999.0 -999.0 -999.0 191.07063330237625 26.418699725784922 191.06942226378214 26.27392380588716 63.47078355229381 263.6455344502965 -999.0 16600.0 -999.0 2 -999 {-999.0 -999.0 -999.0 -999.0 -999.0} "" -999.0 -999.0 -999.0 -999.0 -999 -999 "" "" "" "" 0 0 0.0 0.0 -999 ""
FIBERMAP 515 R+3C19 BOSS 1 1 0 1 0 0 131.2234004374766 62.87302989200612 143.1 133.17251453154188 58.60012833475815 174.68774 105.52086 191.0699792594825 26.422024886808057 -6.383775 -4.8919764 0.18394223 191.069957288273 26.421981564957072 191.06885167059716 26.27724167941914 63.471509094830296 263.652872996023 5400.0 5400.0 2016.0 1 217 {-999.0 18.154026 17.812685 17.711777 -999.0} sdss_psfmag 18.118572 17.827322 17.375065 16.746 63050395173400568 977060554 "" ops_std_boss ops_std standard_boss 0 0 0.0 0.0 -999 ""
FIBERMAP 515 R+3C19 METROLOGY 0 0 0 1 0 0 131.93256939757754 62.64757572249369 143.1 133.87397652090894 58.35192605445108 174.68774 105.52086 -999.0 -999.0 -999.0 -999.0 -999.0 191.07352068960512 26.42083709961329 191.0723802576341 26.276088256735527 63.474040048180214 263.6478988597348 -999.0 6231.0 -999.0 -1 -999 {-999.0 -999.0 -999.0 -999.0 -999.0} "" -999.0 -999.0 -999.0 -999.0 -999 -999 "" "" "" "" 0 0 0.0 0.0 -999 ""
FIBERMAP 533 R+1C3 APOGEE 0 0 0 1 0 0 -218.74617734443564 31.12882946136631 143.1 -217.60855314122057 38.16895064735511 91.67868 48.94584 -999.0 -999.0 -999.0 -999.0 -999.0 189.2927267357705 26.32657658203166 189.2942118166551 26.18125533394256 61.95229102025676 264.71137411171765 -999.0 16600.0 -999.0 2 104 {-999.0 -999.0 -999.0 -999.0 -999.0} "" -999.0 -999.0 -999.0 -999.0 -999 -999 "" "" "" "" 0 0 0.0 0.0 -999 ""
FIBERMAP 533 R+1C3 BOSS 1 1 0 1 0 0 -218.163611176229 30.676506928423137 143.1 -217.04093808832712 37.69810356632643 91.67868 48.94584 189.2954491892919 26.324424075989572 -999.0 -999.0 -999.0 189.29542618689104 26.32443501746034 189.2970211941008 26.179154112915548 61.95388720841943 264.70527518586346 5400.0 5400.0 2016.0 1 61 {-999.0 22.061033 20.753035 20.266712 19.920929} sdss_fiber2mag_from_lsdr10 nan nan nan -999.0 63050397618773992 1058177970 dark_flexible_2x2 bhm_spiders_clusters_lsdr10 bhm_spiders science 0 0 0.0 0.0 -999 ""
FIBERMAP 533 R+1C3 METROLOGY 0 0 0 1 0 0 -218.85834461888768 30.390347047559963 143.1 -217.74448340866613 37.43453720758642 91.67868 48.94584 -999.0 -999.0 -999.0 -999.0 -999.0 189.29195275017776 26.323218724644086 189.29352136700936 26.177926017596857 61.95051485359133 264.70524227178953 -999.0 6231.0 -999.0 -1 -999 {-999.0 -999.0 -999.0 -999.0 -999.0} "" -999.0 -999.0 -999.0 -999.0 -999 -999 "" "" "" "" 0 0 0.0 0.0 -999 ""
FIBERMAP 544 R-6C19 APOGEE 0 0 0 1 0 0 196.0109453743494 -115.20575412275558 143.1 192.17394422311042 -121.46104656291283 31.788631 85.75608 -999.0 -999.0 -999.0 -999.0 -999.0 191.35944312914503 25.603189453528405 191.35820811574104 25.458687628827814 63.405703623774286 261.73750023462134 -999.0 16600.0 -999.0 2 229 {-999.0 -999.0 -999.0 -999.0 -999.0} "" -999.0 -999.0 -999.0 -999.0 -999 -999 "" "" "" "" 0 0 0.0 0.0 -999 ""
FIBERMAP 544 R-6C19 BOSS 1 1 0 1 0 0 196.37148575497554 -115.84832185670834 143.1 192.5135292463982 -122.1148582104299 31.788631 85.75608 191.36103881399671 25.60020901753285 -4.755239 -8.392827 -0.6921292 191.3610246492406 25.600171569360672 191.35989323699914 25.45571065356105 63.405950612688954 261.73005248358464 5400.0 5400.0 2016.0 1 277 {-999.0 21.434164 21.69794 20.824377 -999.0} sdss_psfmag -999.0 20.792856 -999.0 -999.0 63050395173394940 1092233858 dark_flexible_2x1 mwm_cb_galex_mag_boss mwm_cb science 0 0 0.0 0.0 -999 ""
FIBERMAP 544 R-6C19 METROLOGY 0 0 0 1 0 0 195.6265123880746 -115.8402524650981 143.1 191.76926950665853 -122.08275302861686 31.788631 85.75608 -999.0 -999.0 -999.0 -999.0 -999.0 191.35733760951828 25.600340932802723 191.35618187227124 25.455867359981188 63.40292305295339 261.7332801523038 -999.0 6231.0 -999.0 -1 -999 {-999.0 -999.0 -999.0 -999.0 -999.0} "" -999.0 -999.0 -999.0 -999.0 -999 -999 "" "" "" "" 0 0 0.0 0.0 -999 ""
FIBERMAP 546 R-12C1 APOGEE 0 0 0 1 0 0 -177.1132675984714 -230.70901834053598 143.1 -184.4506228891178 -224.85311829823755 230.0241 48.30571 -999.0 -999.0 -999.0 -999.0 -999.0 189.4729354364305 25.13913250633364 189.4746195200978 24.994105466797528 61.65570611489089 262.25407471496766 -999.0 16600.0 -999.0 2 296 {-999.0 -999.0 -999.0 -999.0 -999.0} "" -999.0 -999.0 -999.0 -999.0 -999 -999 "" "" "" "" 0 0 0.0 0.0 -999 ""
FIBERMAP 546 R-12C1 BOSS 1 1 0 1 0 0 -177.24117913126383 -229.98743516154835 143.1 -184.5551707184605 -224.127846337334 230.0241 48.30571 189.4722441143697 25.142336307276985 1.5111142 0.7448228 -1.7252922 189.47226111840678 25.142342467331527 189.47405667065425 24.99735792718893 61.65651701979617 262.26079553647577 5400.0 5400.0 2016.0 1 429 {-999.0 21.057524 20.67183 20.307732 20.002016} sdss_psfmag_from_lsdr10 21.066708 20.772984 19.957378 -999.0 63050395173372976 1059134884 dark_flexible_2x2 bhm_spiders_agn_lsdr10 bhm_spiders science 0 0 0.0 0.0 -999 ""
FIBERMAP 546 R-12C1 METROLOGY 0 0 0 1 0 0 -176.53975632915677 -230.22867658218024 143.1 -183.8619596377737 -224.39157629141553 230.0241 48.30571 -999.0 -999.0 -999.0 -999.0 -999.0 189.4757453777534 25.141167967823282 189.47750472701682 24.996172379106795 61.6589235008916 262.2559094845503 -999.0 6231.0 -999.0 -1 -999 {-999.0 -999.0 -999.0 -999.0 -999.0} "" -999.0 -999.0 -999.0 -999.0 -999 -999 "" "" "" "" 0 0 0.0 0.0 -999 ""
FIBERMAP 548 R+1C14 APOGEE 0 0 0 1 0 0 22.370679140025857 1.1993732825811776 143.1 22.39577380339696 0.4767295195853386 6.931158 34.331932 -999.0 -999.0 -999.0 -999.0 -999.0 190.50733421203645 26.159415984431803 190.50708185252745 26.014498552450995 62.90609195418452 263.51908124534816 -999.0 16600.0 -999.0 2 13 {-999.0 -999.0 -999.0 -999.0 -999.0} "" -999.0 -999.0 -999.0 -999.0 -999 -999 "" "" "" "" 0 0 0.0 0.0 -999 ""
FIBERMAP 548 R+1C14 BOSS 1 1 0 1 0 0 21.810304187966423 0.7209586593958051 143.1 21.820301067205527 0.016689559344499928 6.931158 34.331932 190.50430297851562 26.15727096306926 -999.0 -999.0 -999.0 190.50431606740128 26.157284783358968 190.50417726363025 26.012405286481727 62.902894124546805 263.516919519566 5400.0 5400.0 2015.5 1 96 {-999.0 -999.0 -999.0 -999.0 -999.0} "" -999.0 -999.0 -999.0 -999.0 27021603145565231 812569414 "" ops_sky_boss_good ops_sky sky_boss 0 0 0.0 0.0 -999 ""
FIBERMAP 548 R+1C14 METROLOGY 0 0 0 1 0 0 21.664785251413505 1.442150311051691 143.1 21.698143911211652 0.7421384316949364 6.931158 34.331932 -999.0 -999.0 -999.0 -999.0 -999.0 190.50372864455392 26.16060186704097 190.5035585731307 26.0157105740709 62.90359458381499 263.52411547252603 -999.0 6231.0 -999.0 -1 -999 {-999.0 -999.0 -999.0 -999.0 -999.0} "" -999.0 -999.0 -999.0 -999.0 -999 -999 "" "" "" "" 0 0 0.0 0.0 -999 ""
FIBERMAP 550 R+1C1 APOGEE 0 0 0 1 0 0 -281.810620965781 31.485389228964408 143.1 -280.62312352747017 40.56041770080171 92.41788 122.90725 -999.0 -999.0 -999.0 -999.0 -999.0 188.97873392877153 26.334154702120923 188.98068601295086 26.188747634402276 61.69241917285116 264.9402512368274 -999.0 16600.0 -999.0 2 141 {-999.0 -999.0 -999.0 -999.0 -999.0} "" -999.0 -999.0 -999.0 -999.0 -999 -999 "" "" "" "" 0 0 0.0 0.0 -999 ""
FIBERMAP 550 R+1C1 BOSS 1 1 0 1 0 0 -281.2255527794224 31.918228101628497 143.1 -280.0244433342189 40.97411277346291 92.41788 122.90725 188.98159865078034 26.336053020452066 -1.6791626 -14.400726 0.34916452 188.981578451229 26.336017456692538 188.98364002647315 26.190650215248546 61.69557601898332 264.9419910491854 5400.0 5400.0 2016.0 1 12 {-999.0 18.003738 17.668308 17.590832 -999.0} sdss_psfmag 17.957565 17.676935 17.246576 -999.0 63050395173388017 976164348 "" ops_std_boss ops_std standard_boss 0 0 0.0 0.0 -999 ""
FIBERMAP 550 R+1C1 METROLOGY 0 0 0 1 0 0 -281.1339549226917 31.169474208346266 143.1 -279.9570639024536 40.22285849051571 92.41788 122.90725 -999.0 -999.0 -999.0 -999.0 -999.0 188.98197541985013 26.332639237708637 188.9840052105443 26.187261612600707 61.694666159267406 264.93507238827755 -999.0 6231.0 -999.0 -1 -999 {-999.0 -999.0 -999.0 -999.0 -999.0} "" -999.0 -999.0 -999.0 -999.0 -999 -999 "" "" "" "" 0 0 0.0 0.0 -999 ""
FIBERMAP 554 R-2C23 APOGEE 0 0 0 1 0 0 234.9243889252803 -44.69110937356136 143.1 233.33926007992247 -52.24505936915845 327.90814 122.65628 -999.0 -999.0 -999.0 -999.0 -999.0 191.56893023478088 25.915478101647288 191.56723329481235 25.770990682480285 63.69961542647202 262.222588831338 -999.0 16600.0 -999.0 2 197 {-999.0 -999.0 -999.0 -999.0 -999.0} "" -999.0 -999.0 -999.0 -999.0 -999 -999 "" "" "" "" 0 0 0.0 0.0 -999 ""
FIBERMAP 554 R-2C23 BOSS 1 1 0 1 0 0 234.90195158449382 -45.43267544135201 143.1 233.29290564545224 -52.98545022109912 327.90814 122.65628 191.56860351562497 25.91207592828711 -999.0 -999.0 -999.0 191.56858281694085 25.912082449846164 191.56699184029708 25.76763393606791 63.69813998293314 262.21576643278837 5400.0 5400.0 2015.5 1 310 {-999.0 -999.0 -999.0 -999.0 -999.0} "" -999.0 -999.0 -999.0 -999.0 27021603145562063 812568959 "" ops_sky_boss_good ops_sky sky_boss 0 0 0.0 0.0 -999 ""
FIBERMAP 554 R-2C23 METROLOGY 0 0 0 1 0 0 234.2514607575277 -45.06887839335966 143.1 232.6545504915045 -52.600882802276494 327.90814 122.65628 -999.0 -999.0 -999.0 -999.0 -999.0 191.5654510902687 25.913854895437755 191.56383440339687 25.76939395071472 63.6961775604662 262.22187708707077 -999.0 6231.0 -999.0 -1 -999 {-999.0 -999.0 -999.0 -999.0 -999.0} "" -999.0 -999.0 -999.0 -999.0 -999 -999 "" "" "" "" 0 0 0.0 0.0 -999 ""
FIBERMAP 565 R+8C3 APOGEE 0 0 0 1 0 0 -148.12816330986593 167.0599731509493 143.1 -142.64692875722355 171.73851510293008 67.67883 102.63491 -999.0 -999.0 -999.0 -999.0 -999.0 189.66852622831206 26.934411230265674 189.66920265173394 26.789073202073887 62.48015398051771 265.67907449553417 -999.0 16600.0 -999.0 2 137 {-999.0 -999.0 -999.0 -999.0 -999.0} "" -999.0 -999.0 -999.0 -999.0 -999 -999 "" "" "" "" 0 0 0.0 0.0 -999 ""
FIBERMAP 565 R+8C3 BOSS 1 1 0 1 0 0 -147.3927246171286 166.96045395358996 143.1 -141.91514902640932 171.61532344034777 67.67883 102.63491 189.67208862304688 26.93389760074124 -999.0 -999.0 -999.0 189.6720909289547 26.933884877027296 189.6728740931236 26.78858451098804 62.48306477964563 265.6756472938789 5400.0 5400.0 2015.5 1 25 {-999.0 -999.0 -999.0 -999.0 -999.0} "" -999.0 -999.0 -999.0 -999.0 27021603145580715 820429099 "" ops_sky_boss_good ops_sky sky_boss 0 0 0.0 0.0 -999 ""
FIBERMAP 565 R+8C3 METROLOGY 0 0 0 1 0 0 -147.84500825352785 166.3607901277481 143.1 -142.38650898535354 171.03061987640046 67.67883 102.63491 -999.0 -999.0 -999.0 -999.0 -999.0 189.66974186998775 26.93123197318011 189.67049797586947 26.785921119355447 62.480158520186514 265.67180810090207 -999.0 6231.0 -999.0 -1 -999 {-999.0 -999.0 -999.0 -999.0 -999.0} "" -999.0 -999.0 -999.0 -999.0 -999 -999 "" "" "" "" 0 0 0.0 0.0 -999 ""
FIBERMAP 566 R+8C7 APOGEE 0 0 0 1 0 0 -50.39464664287699 148.83698598412886 143.1 -45.56093655429264 150.37270013005462 16.668753 75.12516 -999.0 -999.0 -999.0 -999.0 -999.0 190.16183702702213 26.840769029209618 190.1618010215974 26.695600171588456 62.86079366002402 265.15734895782157 -999.0 16600.0 -999.0 2 -999 {-999.0 -999.0 -999.0 -999.0 -999.0} "" -999.0 -999.0 -999.0 -999.0 -999 -999 "" "" "" "" 0 0 0.0 0.0 -999 ""
FIBERMAP 566 R+8C7 BOSS 1 1 0 1 0 0 -50.37218822775061 148.1196007738717 143.1 -45.56164221677909 149.65502661392478 16.668753 75.12516 190.161677168302 26.83748847774397 2.1202023 -0.13335364 0.25475544 190.1617047649615 26.837539589718595 190.1617802798279 26.69240769861209 62.859668202091726 265.1507996070343 5400.0 5400.0 2016.0 1 103 {-999.0 17.37223 17.024418 16.893211 -999.0} sdss_psfmag 17.366348 17.043259 16.562372 15.927 63050395173412953 979534814 "" ops_std_boss ops_std standard_boss 0 0 0.0 0.0 -999 ""
FIBERMAP 566 R+8C7 METROLOGY 0 0 0 1 0 0 -51.024723083456585 148.4374041282616 143.1 -46.203524397665696 149.99369428250566 16.668753 75.12516 -999.0 -999.0 -999.0 -999.0 -999.0 190.15847045033644 26.839063981900598 190.15851908053924 26.69392045580186 62.857460820673076 265.156126478661 -999.0 6231.0 -999.0 -1 -999 {-999.0 -999.0 -999.0 -999.0 -999.0} "" -999.0 -999.0 -999.0 -999.0 -999 -999 "" "" "" "" 0 0 0.0 0.0 -999 ""
FIBERMAP 572 R+10C5 APOGEE 0 0 1 1 0 0 -88.98292870828695 201.6441206396667 143.1 -82.42162724034347 204.39297326536658 10.701426 169.74829 -999.0 -999.0 -999.0 -999.0 -999.0 189.9742789263197 27.083704799658634 189.97442512825899 26.938428145240703 62.787058203519344 265.78238366030985 -999.0 16600.0 -999.0 2 -999 {-999.0 -999.0 -999.0 -999.0 -999.0} "" -999.0 -999.0 -999.0 -999.0 -999 -999 "" "" "" "" 0 0 0.0 0.0 -999 ""
FIBERMAP 572 R+10C5 BOSS 1 0 1 1 0 0 -88.23300056122127 201.65847150947863 143.1 -81.67169222066414 204.383114811565 10.701426 169.74829 190.04451116001795 27.081729896470137 -3.2247574 -4.7763247 0.22669852 189.97796461289096 27.08368502358425 189.97821598739574 26.938445142724877 62.79024299728459 265.7799108662282 5400.0 5400.0 2016.0 1 146 {-999.0 16.973934 16.638266 16.517662 -999.0} sdss_psfmag 16.944416 16.661951 16.221031 15.338 63050395173413955 980434676 "" ops_std_boss_tic ops_std standard_boss 0 0 0.0 0.0 -999 ""
FIBERMAP 572 R+10C5 METROLOGY 0 0 1 1 0 0 -88.59396622875536 201.00743376998236 143.1 -82.05344763073823 203.74412170761389 10.701426 169.74829 -999.0 -999.0 -999.0 -999.0 -999.0 189.9760556836107 27.080804105798535 189.97627980900097 26.935554133103597 62.78763821787145 265.7752447672566 -999.0 6231.0 -999.0 -1 -999 {-999.0 -999.0 -999.0 -999.0 -999.0} "" -999.0 -999.0 -999.0 -999.0 -999 -999 "" "" "" "" 0 0 0.0 0.0 -999 ""
FIBERMAP 575 R+3C14 APOGEE 0 0 0 1 0 0 26.90694272093848 67.11128764907198 143.1 29.0562912849618 66.20215698379536 108.67929 133.30779 -999.0 -999.0 -999.0 -999.0 -999.0 190.5415957617644 26.45869188931308 190.54115669052896 26.31372448991479 63.04347688681911 264.1079631262691 -999.0 16600.0 -999.0 2 24 {-999.0 -999.0 -999.0 -999.0 -999.0} "" -999.0 -999.0 -999.0 -999.0 -999 -999 "" "" "" "" 0 0 0.0 0.0 -999 ""
FIBERMAP 575 R+3C14 BOSS 1 1 0 1 0 0 27.24632413758644 67.76241607783057 143.1 29.416478502069147 66.84193725745811 108.67929 133.30779 190.5429935965383 26.461738532936927 0.8228854 -48.293415 0.7734633 190.54334082625613 26.461598135112652 190.54300596336702 26.31666806297721 63.04608190674266 264.11270809963094 5400.0 5400.0 2016.0 1 97 {-999.0 16.42708 16.07072 15.9189005 -999.0} sdss_psfmag 16.366169 16.064917 15.589849 14.713 63050395173400080 1073320777 bright_1x1 mwm_halo_local_high_boss_single mwm_halo science 0 0 1.109004020690918 0.0 -999 ""
FIBERMAP 575 R+3C14 METROLOGY 0 0 0 1 0 0 27.65883391730902 67.14024513329036 143.1 29.808659523138715 66.20683290941702 108.67929 133.30779 -999.0 -999.0 -999.0 -999.0 -999.0 190.54535930214726 26.4587084964133 190.54499207814558 26.313769115259788 63.04670099299393 264.1053280310438 -999.0 6231.0 -999.0 -1 -999 {-999.0 -999.0 -999.0 -999.0 -999.0} "" -999.0 -999.0 -999.0 -999.0 -999 -999 "" "" "" "" 0 0 0.0 0.0 -999 ""
FIBERMAP 577 R+6C15 APOGEE 0 0 0 1 0 0 91.27544197653725 137.58541348769992 143.1 95.65986904942974 134.55620129931395 148.04903 36.087193 -999.0 -999.0 -999.0 -999.0 -999.0 190.88084548833297 26.767847950148408 190.8797522700022 26.62293322634288 63.43668365420882 264.5106397767884 -999.0 16600.0 -999.0 2 36 {-999.0 -999.0 -999.0 -999.0 -999.0} "" -999.0 -999.0 -999.0 -999.0 -999 -999 "" "" "" "" 0 0 0.0 0.0 -999 ""
FIBERMAP 577 R+6C15 BOSS 1 1 0 1 0 0 92.01584161015069 137.65775439906412 143.1 96.40215272303817 134.60460509770905 148.04903 36.087193 190.8845576416456 26.768059940173963 -1.9229676 0.9457414 0.18626994 190.88454744996238 26.768054845815236 190.88355548523793 26.623177239250346 63.43995273645229 264.50848026713646 5400.0 5400.0 2016.0 1 188 {-999.0 21.15627 20.811674 20.721596 20.673004} sdss_psfmag_from_lsdr10 20.846292 20.728014 20.158394 -999.0 63050395173401917 1059141689 dark_flexible_2x2 bhm_spiders_agn_lsdr10 bhm_spiders science 0 0 0.0 0.0 -999 ""
FIBERMAP 577 R+6C15 METROLOGY 0 0 0 1 0 0 91.71219950605649 136.96848310043052 143.1 96.076452184221 133.92555183212343 148.04903 36.087193 -999.0 -999.0 -999.0 -999.0 -999.0 190.88291026411144 26.76499115547468 190.88189192413836 26.62010344858114 63.437480605918964 264.5032124498916 -999.0 6231.0 -999.0 -1 -999 {-999.0 -999.0 -999.0 -999.0 -999.0} "" -999.0 -999.0 -999.0 -999.0 -999 -999 "" "" "" "" 0 0 0.0 0.0 -999 ""
FIBERMAP 580 R+9C7 APOGEE 0 0 0 1 0 0 -64.77819680098992 162.95841398455235 143.1 -59.4800298824212 164.94970205905224 244.58305 106.97328 -999.0 -999.0 -999.0 -999.0 -999.0 190.09096037972725 26.90647390066808 190.09100385520708 26.761269397458193 62.82418585290642 265.34026625815284 -999.0 16600.0 -999.0 2 29 {-999.0 -999.0 -999.0 -999.0 -999.0} "" -999.0 -999.0 -999.0 -999.0 -999 -999 "" "" "" "" 0 0 0.0 0.0 -999 ""
FIBERMAP 580 R+9C7 BOSS 1 1 0 1 0 0 -65.51003350939934 163.05893426494166 143.1 -60.208177514767335 165.07377795761906 244.58305 106.97328 190.08670163549323 26.907117784910294 -10.830041 -23.42229 0.68833196 190.08712149519715 26.90703755499404 190.08728084308632 26.761867910554493 62.821271998533504 265.3440063593094 5400.0 5400.0 2016.0 1 118 {-999.0 15.28618 15.076736 14.987708 -999.0} sdss_psfmag 15.28091 15.048036 14.654752 13.952 63050395173413831 1075016125 dark_flexible_2x1 mwm_halo_local_high_boss mwm_halo science 0 0 1.418180227279663 0.0 -999 ""
FIBERMAP 580 R+9C7 METROLOGY 0 0 0 1 0 0 -65.0519831282576 163.64941038806478 143.1 -59.73135081163553 165.649113312402 244.58305 106.97328 -999.0 -999.0 -999.0 -999.0 -999.0 190.08958460400947 26.90964575592227 190.08970782128677 26.764466090662612 62.824202018283074 265.3477098651402 -999.0 6231.0 -999.0 -1 -999 {-999.0 -999.0 -999.0 -999.0 -999.0} "" -999.0 -999.0 -999.0 -999.0 -999 -999 "" "" "" "" 0 0 0.0 0.0 -999 ""
FIBERMAP 581 R-1C19 APOGEE 0 0 0 1 0 0 109.17673534815665 -28.171539783506105 143.1 108.20120385831333 -31.677594082301976 234.91534 91.45523 -999.0 -999.0 -999.0 -999.0 -999.0 190.94152801329642 26.01194681627035 190.9407034233202 25.86720866510689 63.21347569118689 262.8976833195238 -999.0 16600.0 -999.0 2 -999 {-999.0 -999.0 -999.0 -999.0 -999.0} "" -999.0 -999.0 -999.0 -999.0 -999 -999 "" "" "" "" 0 0 0.0 0.0 -999 ""
FIBERMAP 581 R-1C19 BOSS 1 1 0 1 0 0 108.54240347576068 -27.76103839102941 143.1 107.58050500305517 -31.246872191101637 234.91534 91.45523 190.93834806949152 26.01384904907445 -999.0 -999.0 -999.0 190.93835203282455 26.013864372199965 190.93763749783966 25.869163292019348 63.21164875719859 262.90399573957734 5400.0 5400.0 2016.0 1 296 {-999.0 21.301966 21.1778 21.072311 20.976954} sdss_psfmag_from_lsdr10 nan nan nan -999.0 63050398343610804 1059138406 dark_flexible_2x2 bhm_spiders_agn_lsdr10 bhm_spiders science 0 0 0.0 0.0 -999 ""
FIBERMAP 581 R-1C19 METROLOGY 0 0 0 1 0 0 109.20364293842422 -27.425927309027713 143.1 108.25215640243948 -30.933303542812038 234.91534 91.45523 -999.0 -999.0 -999.0 -999.0 -999.0 190.9417742228927 26.015292974906583 190.9410238429881 25.870581866951753 63.215005195368114 262.90438533911293 -999.0 6231.0 -999.0 -1 -999 {-999.0 -999.0 -999.0 -999.0 -999.0} "" -999.0 -999.0 -999.0 -999.0 -999 -999 "" "" "" "" 0 0 0.0 0.0 -999 ""
FIBERMAP 587 R-10C13 APOGEE 0 0 0 1 0 0 89.75531130991328 -209.89403190694446 143.1 82.92731077891288 -212.66279070010123 290.6323 95.678246 -999.0 -999.0 -999.0 -999.0 -999.0 190.8086369344374 25.192603264491307 190.80839084940965 25.047988150000467 62.7870763126658 261.3344862115059 -999.0 16600.0 -999.0 2 -999 {-999.0 -999.0 -999.0 -999.0 -999.0} "" -999.0 -999.0 -999.0 -999.0 -999 -999 "" "" "" "" 0 0 0.0 0.0 -999 ""
FIBERMAP 587 R-10C13 BOSS 1 1 0 1 0 0 89.09587258223439 -210.2441545209244 143.1 82.25697458861448 -212.99141985842866 290.6323 95.678246 190.80517063812462 25.191061467751698 -1.2880796 0.13070361 2.247437 190.80517984680588 25.191051268797157 190.805045818282 25.04647704357359 62.78369487593886 261.33408884436744 5400.0 5400.0 2016.0 1 396 {-999.0 21.196646 20.961641 20.521313 20.18677} sdss_fiber2mag_from_lsdr10 20.302687 20.572662 19.57535 -999.0 63050395173394239 1059134901 dark_flexible_2x2 bhm_spiders_agn_lsdr10 bhm_spiders science 0 0 0.0 0.0 -999 ""
FIBERMAP 587 R-10C13 METROLOGY 0 0 0 1 0 0 89.12289359555041 -209.4981660015272 143.1 82.30805262196121 -212.24675716302042 290.6323 95.678246 -999.0 -999.0 -999.0 -999.0 -999.0 190.80548952354798 25.194413047507517 190.80532333228064 25.049826385127915 62.785257059401374 261.34059028548467 -999.0 6231.0 -999.0 -1 -999 {-999.0 -999.0 -999.0 -999.0 -999.0} "" -999.0 -999.0 -999.0 -999.0 -999 -999 "" "" "" "" 0 0 0.0 0.0 -999 ""
FIBERMAP 588 R+8C1 APOGEE 0 0 0 1 0 0 -197.60273978677785 136.9765758547794 143.1 -193.06221386096655 143.26999154203148 321.33298 72.611885 -999.0 -999.0 -999.0 -999.0 -999.0 189.41402842450344 26.803360845626983 189.41514523095282 26.6579764067598 62.22195055198149 265.5824538100251 -999.0 16600.0 -999.0 2 94 {-999.0 -999.0 -999.0 -999.0 -999.0} "" -999.0 -999.0 -999.0 -999.0 -999 -999 "" "" "" "" 0 0 0.0 0.0 -999 ""
FIBERMAP 588 R+8C1 BOSS 1 1 0 1 0 0 -198.225481754215 136.59167740807416 143.1 -193.69699785163763 142.90542348314597 321.33298 72.611885 189.410658418549 26.80164699800467 -0.022926906 0.04830303 -0.120258726 189.41069610519494 26.801658338856807 189.41193160821786 26.656310587167983 62.218679305289356 265.5812353483072 5400.0 5400.0 2016.0 1 81 {-999.0 19.731096 19.372301 19.034595 18.752699} sdss_psfmag_from_gaiadr2 18.989363 19.46951 17.936583 16.022 63050395173413592 1130139232 dark_flexible_3x1 bhm_gua_dark_d3 bhm_filler science 0 0 0.0 0.0 -999 ""
FIBERMAP 588 R+8C1 METROLOGY 0 0 0 1 0 0 -198.2525330101285 137.34301459128392 143.1 -193.69978658696556 143.65717653017646 321.33298 72.611885 -999.0 -999.0 -999.0 -999.0 -999.0 189.41071578711268 26.805054927581413 189.41191791856284 26.659695919074444 62.21984032972537 265.5880581580511 -999.0 6231.0 -999.0 -1 -999 {-999.0 -999.0 -999.0 -999.0 -999.0} "" -999.0 -999.0 -999.0 -999.0 -999 -999 "" "" "" "" 0 0 0.0 0.0 -999 ""
FIBERMAP 589 R-2C25 APOGEE 1 1 0 1 0 0 261.1573343441782 -52.25498442659914 143.1 259.3121556210006 -60.65088429312878 256.9083 101.039696 191.69722203853604 25.876816281066965 24.178297 -47.847366 6.0976214 191.69734278317293 25.876671255648905 191.69547820797516 25.732241381642496 63.791698061894834 262.0422414719064 16000.0 16600.0 2016.0 2 216 {-999.0 10.974325 10.57918 10.454851 -999.0} sdss_psfmag_gaia 10.910695 10.602962 10.127238 9.308 63050395173396665 1103801460 bright_1x1 mwm_tess_2min_apogee mwm_planet science 0 0 0.0 0.0 -999 ""
FIBERMAP 589 R-2C25 BOSS 0 0 0 1 0 0 260.4204496294494 -52.252880596772506 143.1 258.57578710054327 -60.625002069043326 256.9083 101.039696 -999.0 -999.0 -999.0 -999.0 -999.0 191.69360291667746 25.87677028210153 191.69184695522893 25.73237727763513 63.78872581312438 262.0453497899324 -999.0 5400.0 -999.0 1 254 {-999.0 -999.0 -999.0 -999.0 -999.0} "" -999.0 -999.0 -999.0 -999.0 -999 -999 "" "" "" "" 0 0 0.0 0.0 -999 ""
FIBERMAP 589 R-2C25 METROLOGY 0 0 0 1 0 0 260.80277793601846 -51.60768406212855 143.1 258.9787036542619 -59.99253600038556 256.9083 101.039696 -999.0 -999.0 -999.0 -999.0 -999.0 191.69566771876296 25.879628200550695 191.6938780141976 25.735224530622578 63.791502698094305 262.04973042350343 -999.0 6231.0 -999.0 -1 -999 {-999.0 -999.0 -999.0 -999.0 -999.0} "" -999.0 -999.0 -999.0 -999.0 -999 -999 "" "" "" "" 0 0 0.0 0.0 -999 ""
FIBERMAP 592 R0C5 APOGEE 0 0 0 1 0 0 -181.57391786284566 1.1592554932983736 143.1 -181.42604294811005 7.018040215496138 57.32927 50.533043 -999.0 -999.0 -999.0 -999.0 -999.0 189.47533293134288 26.186589862885107 189.47660031184682 26.041348330919423 62.05430088017977 264.30723652826333 -999.0 16600.0 -999.0 2 243 {-999.0 -999.0 -999.0 -999.0 -999.0} "" -999.0 -999.0 -999.0 -999.0 -999 -999 "" "" "" "" 0 0 0.0 0.0 -999 ""
FIBERMAP 592 R0C5 BOSS 1 1 0 1 0 0 -181.32704418861752 0.46143388425338555 143.1 -181.20183855206787 6.312676394985278 57.32927 50.533043 189.47632751197025 26.183361566378018 -0.6102574 0.59559935 -0.12492715 189.4763095907699 26.183355402309676 189.47768911166668 26.03815429725054 62.05404816393556 264.3001288509676 5400.0 5400.0 2016.0 1 495 {-999.0 19.086367 18.977772 18.96419 18.818897} sdss_psfmag 19.959332 19.775743 19.361801 -999.0 63050395173386867 1128956116 dark_1x4 bhm_aqmes_wide1 bhm_aqmes science 0 0 0.0 0.0 -999 ""
FIBERMAP 592 R0C5 METROLOGY 0 0 0 1 0 0 -182.06043584705918 0.5653449094566643 143.1 -181.93143076725678 6.4401911546113215 57.32927 50.533043 -999.0 -999.0 -999.0 -999.0 -999.0 189.4726810406598 26.18392257884383 189.47403391417095 26.03870913650207 62.05119193693031 264.3037848063361 -999.0 6231.0 -999.0 -1 -999 {-999.0 -999.0 -999.0 -999.0 -999.0} "" -999.0 -999.0 -999.0 -999.0 -999 -999 "" "" "" "" 0 0 0.0 0.0 -999 ""
FIBERMAP 594 R+1C22 APOGEE 0 0 0 1 0 0 181.508601839585 17.645051653600415 143.1 181.96759197372316 11.77693463756242 148.64618 152.29004 -999.0 -999.0 -999.0 -999.0 -999.0 191.31488290331194 26.20758221773004 191.31341250803814 26.062938803499684 63.59732537963676 263.0251005025919 -999.0 16600.0 -999.0 2 86 {-999.0 -999.0 -999.0 -999.0 -999.0} "" -999.0 -999.0 -999.0 -999.0 -999 -999 "" "" "" "" 0 0 0.0 0.0 -999 ""
FIBERMAP 594 R+1C22 BOSS 1 1 0 1 0 0 181.1512274106792 18.28836501267982 143.1 181.63119503780064 12.43138928958655 148.64618 152.29004 191.31317138671872 26.210529320171673 -999.0 -999.0 -999.0 191.31317038061073 26.210532273603064 191.3118059590721 26.065925104088496 63.59708841520586 263.0325401559302 5400.0 5400.0 2015.5 1 235 {-999.0 -999.0 -999.0 -999.0 -999.0} "" -999.0 -999.0 -999.0 -999.0 27021603145565858 812569519 "" ops_sky_boss_good ops_sky sky_boss 0 0 0.0 0.0 -999 ""
FIBERMAP 594 R+1C22 METROLOGY 0 0 0 1 0 0 181.89132238215342 18.293460283826732 143.1 182.3710041809018 12.412598189971652 148.64618 152.29004 -999.0 -999.0 -999.0 -999.0 -999.0 191.31690773741624 26.21043045047559 191.31550809683995 26.065814060312537 63.60013742970606 263.02954359536926 -999.0 6231.0 -999.0 -1 -999 {-999.0 -999.0 -999.0 -999.0 -999.0} "" -999.0 -999.0 -999.0 -999.0 -999 -999 "" "" "" "" 0 0 0.0 0.0 -999 ""
FIBERMAP 597 R+1C2 APOGEE 0 0 0 1 0 0 -269.90145482926727 22.42482211390429 143.1 -269.0135921082075 31.12104748435653 160.76532 122.2347 -999.0 -999.0 -999.0 -999.0 -999.0 189.03666528191604 26.2921493834508 189.038546207197 26.146766066726475 61.72578878842863 264.81820946043143 -999.0 16600.0 -999.0 2 -999 {-999.0 -999.0 -999.0 -999.0 -999.0} "" -999.0 -999.0 -999.0 -999.0 -999 -999 "" "" "" "" 0 0 0.0 0.0 -999 ""
FIBERMAP 597 R+1C2 BOSS 1 1 0 1 0 0 -270.0795012412542 23.171958709323434 143.1 -269.1674196931449 31.873475195689537 160.76532 122.2347 189.0352305289813 26.29556484516658 -5.491942 -17.221964 0.24002631 189.03575365398194 26.29550353052291 189.03774888637327 26.15015884325765 61.72634266358867 264.8254355816081 5400.0 5400.0 2016.0 1 11 {-999.0 14.706242 14.197365 13.979882 -999.0} sdss_psfmag_from_g3xp 14.59051 14.205881 13.639041 12.46 63050395173387953 1061910505 dark_flexible_2x1 manual_mwm_halo_vmp_wise_boss mwm_halo science 0 0 1.7746742963790894 0.0 -999 ""
FIBERMAP 597 R+1C2 METROLOGY 0 0 0 1 0 0 -269.36052397323056 22.938685704265733 143.1 -268.45640768110263 31.617142317144467 160.76532 122.2347 -999.0 -999.0 -999.0 -999.0 -999.0 189.0393272837887 26.294393713136074 189.04128521491475 26.14903898591824 61.72890098748137 264.8208170632288 -999.0 6231.0 -999.0 -1 -999 {-999.0 -999.0 -999.0 -999.0 -999.0} "" -999.0 -999.0 -999.0 -999.0 -999 -999 "" "" "" "" 0 0 0.0 0.0 -999 ""
FIBERMAP 598 R+11C9 APOGEE 1 1 0 1 0 0 21.77822910487982 224.6214116447012 143.1 29.013636001480762 223.7819620990074 64.319244 97.62307 190.5421204588277 27.17165927275086 -49.189102 21.092796 2.7379944 190.54195212152683 27.17172280650221 190.54118766799354 27.026609987141732 63.2921478605936 265.58815990162964 16000.0 16600.0 2016.0 2 21 {-999.0 11.799905 11.390055 11.269265 -999.0} sdss_psfmag_from_g3xp 11.730063 11.417529 10.939237 10.129 63050395173414885 975022341 "" ops_std_apogee ops_std standard_apogee 0 0 0.0 0.0 -999 ""
FIBERMAP 598 R+11C9 BOSS 0 0 0 1 0 0 22.47631831679525 224.39487629247841 143.1 29.703990092949024 223.53303684330987 64.319244 97.62307 -999.0 -999.0 -999.0 -999.0 -999.0 190.54536616760913 27.17060045561892 190.54470555254306 27.02552373483338 63.29473010655279 265.58352861513504 -999.0 5400.0 -999.0 1 110 {-999.0 -999.0 -999.0 -999.0 -999.0} "" -999.0 -999.0 -999.0 -999.0 -999 -999 "" "" "" "" 0 0 0.0 0.0 -999 ""
FIBERMAP 598 R+11C9 METROLOGY 0 0 0 1 0 0 21.93153712452675 223.8894147657309 143.1 29.14322881126636 223.04546321499052 64.319244 97.62307 -999.0 -999.0 -999.0 -999.0 -999.0 190.54253831833057 27.16842300832898 190.5418522821094 27.023335952686924 63.29159848957548 265.58085876511865 -999.0 6231.0 -999.0 -1 -999 {-999.0 -999.0 -999.0 -999.0 -999.0} "" -999.0 -999.0 -999.0 -999.0 -999 -999 "" "" "" "" 0 0 0.0 0.0 -999 ""
FIBERMAP 599 R+2C11 APOGEE 0 0 0 1 0 0 -54.986031705929605 33.86877318464692 143.1 -53.859615658003484 35.622597678195305 187.33559 133.4888 -999.0 -999.0 -999.0 -999.0 -999.0 190.12003708897387 26.319400316534644 190.1202895893574 26.174324725199373 62.64112524277317 264.1216632897418 -999.0 16600.0 -999.0 2 142 {-999.0 -999.0 -999.0 -999.0 -999.0} "" -999.0 -999.0 -999.0 -999.0 -999 -999 "" "" "" "" 0 0 0.0 0.0 -999 ""
FIBERMAP 599 R+2C11 BOSS 1 1 0 1 0 0 -55.563932249316 34.334219585087325 143.1 -54.422144410120964 36.10641008020952 187.33559 133.4888 190.11703150551435 26.321571795515418 0.27824113 0.036544442 0.5574243 190.1170339992813 26.321579076336715 190.11739982504798 26.17654039211064 62.639510865954534 264.12820148015317 5400.0 5400.0 2016.0 1 23 {-999.0 20.258785 19.863096 19.739641 19.65903} sdss_psfmag_from_lsdr10 20.224104 19.837545 19.372725 -999.0 63050395173412046 1059139557 dark_flexible_2x2 bhm_spiders_agn_lsdr10 bhm_spiders science 0 0 0.0 0.0 -999 ""
FIBERMAP 599 R+2C11 METROLOGY 0 0 0 1 0 0 -54.869514675119504 34.60982262450062 143.1 -53.71925544114517 36.35943621327086 187.33559 133.4888 -999.0 -999.0 -999.0 -999.0 -999.0 190.1206397366373 26.322745286294506 190.12096855988636 26.17769663839128 62.64291489458472 264.128021760931 -999.0 6231.0 -999.0 -1 -999 {-999.0 -999.0 -999.0 -999.0 -999.0} "" -999.0 -999.0 -999.0 -999.0 -999 -999 "" "" "" "" 0 0 0.0 0.0 -999 ""
FIBERMAP 600 R+1C17 APOGEE 0 0 0 1 0 0 83.71341035123723 37.555459893061396 143.1 84.87441647501774 34.83113437795436 116.153206 66.11918 -999.0 -999.0 -999.0 -999.0 -999.0 190.82482323785436 26.315120306189566 190.82402787165688 26.170278870735576 63.22802539437548 263.6087324517117 -999.0 16600.0 -999.0 2 -999 {-999.0 -999.0 -999.0 -999.0 -999.0} "" -999.0 -999.0 -999.0 -999.0 -999 -999 "" "" "" "" 0 0 0.0 0.0 -999 ""
FIBERMAP 600 R+1C17 BOSS 1 1 0 1 0 0 84.48649817627592 37.61652805197332 143.1 85.64900467545152 34.86721741608449 116.153206 66.11918 190.82869566892592 26.315242983383733 -999.0 -999.0 -999.0 190.82869363846464 26.3152492906267 190.82799936108495 26.17044676129602 63.23140542164196 263.6061930356422 5400.0 5400.0 2016.0 1 191 {-999.0 23.037632 21.861643 21.37167 21.006819} sdss_fiber2mag_from_lsdr10 nan nan nan -999.0 63050396913400905 1059139568 dark_flexible_2x2 bhm_spiders_agn_lsdr10 bhm_spiders science 0 0 0.0 0.0 -999 ""
FIBERMAP 600 R+1C17 METROLOGY 0 0 0 1 0 0 84.12883823014694 36.935716673706494 143.1 85.26959216399885 34.19836210946795 116.153206 66.11918 -999.0 -999.0 -999.0 -999.0 -999.0 190.82677949855798 26.312219370841962 190.82605920131664 26.16740615615439 63.228674918495926 263.6013178246023 -999.0 6231.0 -999.0 -1 -999 {-999.0 -999.0 -999.0 -999.0 -999.0} "" -999.0 -999.0 -999.0 -999.0 -999 -999 "" "" "" "" 0 0 0.0 0.0 -999 ""
FIBERMAP 604 R+7C14 APOGEE 0 0 0 1 0 0 74.2763988105029 150.37604163218893 143.1 79.08392827321846 147.88761639311943 120.02284 100.614395 -999.0 -999.0 -999.0 -999.0 -999.0 190.79667799045657 26.82866237542946 190.79568353648438 26.683705963515422 63.38758529335921 264.6966100237973 -999.0 16600.0 -999.0 2 43 {-999.0 -999.0 -999.0 -999.0 -999.0} "" -999.0 -999.0 -999.0 -999.0 -999 -999 "" "" "" "" 0 0 0.0 0.0 -999 ""
FIBERMAP 604 R+7C14 BOSS 1 1 0 1 0 0 74.84588462009685 150.83385022161053 143.1 79.66784135610386 148.32676884342735 120.02284 100.614395 190.79956054687497 26.830651374573876 -999.0 -999.0 -999.0 190.79957319974332 26.830647939065987 190.79868075409456 26.68572784320467 63.39080061693872 264.69875288856224 5400.0 5400.0 2015.5 1 160 {-999.0 -999.0 -999.0 -999.0 -999.0} "" -999.0 -999.0 -999.0 -999.0 27021603145567610 820428332 "" ops_sky_boss_good ops_sky sky_boss 0 0 0.0 0.0 -999 ""
FIBERMAP 604 R+7C14 METROLOGY 0 0 0 1 0 0 74.97684011687771 150.09975813676093 143.1 79.77502762830464 147.58889735638377 120.02284 100.614395 -999.0 -999.0 -999.0 -999.0 -999.0 190.8001385924338 26.82730724223574 190.79921643973591 26.682377909927833 63.390079647712675 264.691371335623 -999.0 6231.0 -999.0 -1 -999 {-999.0 -999.0 -999.0 -999.0 -999.0} "" -999.0 -999.0 -999.0 -999.0 -999 -999 "" "" "" "" 0 0 0.0 0.0 -999 ""
FIBERMAP 605 R+13C13 APOGEE 1 1 0 1 0 0 132.98771471969664 237.61025164975982 143.1 140.57462149750785 233.17410887625923 336.6877 81.44951 191.1087808754276 27.209808654074326 27.542593 -32.46456 4.195864 191.1088872246237 27.209734104960692 191.107233586622 27.064809991743275 63.77952955015279 265.28641452738793 16000.0 16600.0 2016.0 2 103 {-999.0 10.493622 10.054369 9.910853 -999.0} sdss_psfmag_from_g3xp 10.359348 10.154792 9.586682 8.791 63050395173415105 1103721605 bright_1x1 mwm_tess_2min_apogee mwm_planet science 0 0 0.0 0.0 -999 ""
FIBERMAP 605 R+13C13 BOSS 0 0 0 1 0 0 132.57056924087655 237.00044396553992 143.1 140.13805097107507 232.57813369757739 336.6877 81.44951 -999.0 -999.0 -999.0 -999.0 -999.0 191.10657638191608 27.207065898559517 191.10503393134172 27.062175530734134 63.77679523520273 265.28230267978495 -999.0 5400.0 -999.0 1 91 {-999.0 -999.0 -999.0 -999.0 -999.0} "" -999.0 -999.0 -999.0 -999.0 -999 -999 "" "" "" "" 0 0 0.0 0.0 -999 ""
FIBERMAP 605 R+13C13 METROLOGY 0 0 0 1 0 0 132.23941174490506 237.66507940516607 143.1 139.82854309359166 233.2530514235044 336.6877 81.44951 -999.0 -999.0 -999.0 -999.0 -999.0 191.10503328964126 27.210106313395855 191.10346159670985 27.065205119386274 63.776502078001755 265.28982657507004 -999.0 6231.0 -999.0 -1 -999 {-999.0 -999.0 -999.0 -999.0 -999.0} "" -999.0 -999.0 -999.0 -999.0 -999 -999 "" "" "" "" 0 0 0.0 0.0 -999 ""
FIBERMAP 610 R-4C21 APOGEE 1 1 0 1 0 0 192.58436765720452 -76.70210162491111 143.1 189.9919851500358 -82.87024119622595 131.9818 151.66583 191.3509562026062 25.777964891614605 -34.821064 -34.994316 5.030973 191.3508425448187 25.777840560126094 191.34953309433422 25.633299317316634 63.465778927944484 262.10453604323635 16000.0 16600.0 2016.0 2 232 {-999.0 11.155764 10.714747 10.590826 -999.0} sdss_psfmag_from_g3xp 11.072602 10.74916 10.261305 9.456 63050395173395173 975022177 "" ops_std_apogee ops_std standard_apogee 0 0 0.0 0.0 -999 ""
FIBERMAP 610 R-4C21 BOSS 0 0 0 1 0 0 192.40844322635832 -75.97633504963406 143.1 189.83958863299935 -82.13923898153666 131.9818 151.66583 -999.0 -999.0 -999.0 -999.0 -999.0 191.35006408636636 25.781097291715433 191.3488586725557 25.63659411897626 63.46647826110718 262.11187081411134 -999.0 5400.0 -999.0 1 279 {-999.0 -999.0 -999.0 -999.0 -999.0} "" -999.0 -999.0 -999.0 -999.0 -999 -999 "" "" "" "" 0 0 0.0 0.0 -999 ""
FIBERMAP 610 R-4C21 METROLOGY 0 0 0 1 0 0 193.1395641824408 -76.20609857370235 143.1 190.56285019805713 -82.39245639765281 131.9818 151.66583 -999.0 -999.0 -999.0 -999.0 -999.0 191.35368693889512 25.779950679473746 191.3524471901536 25.6354380324003 63.46902475165862 262.1067079296808 -999.0 6231.0 -999.0 -1 -999 {-999.0 -999.0 -999.0 -999.0 -999.0} "" -999.0 -999.0 -999.0 -999.0 -999 -999 "" "" "" "" 0 0 0.0 0.0 -999 ""
FIBERMAP 613 R0C25 APOGEE 0 0 0 1 0 0 260.41643379932486 -7.409310461801245 143.1 260.01890033381363 -15.808584065654317 353.31964 94.96362 -999.0 -999.0 -999.0 -999.0 -999.0 191.70369490373994 26.079434426872638 191.70171609501233 25.934965029023335 63.87356768834114 262.46297745797204 -999.0 16600.0 -999.0 2 35 {-999.0 -999.0 -999.0 -999.0 -999.0} "" -999.0 -999.0 -999.0 -999.0 -999 -999 "" "" "" "" 0 0 0.0 0.0 -999 ""
FIBERMAP 613 R0C25 BOSS 1 1 0 1 0 0 260.3941855202018 -8.153945194287678 143.1 259.97263581849245 -16.55204781651432 353.31964 94.96362 191.7033469635329 26.076032849957205 -5.4965134 -4.936987 0.46546447 191.70333331846925 26.076034219908262 191.70146007918572 25.93160298359334 63.872092885145086 262.45609664661583 5400.0 5400.0 2016.0 1 172 {-999.0 17.03478 16.716663 16.614292 -999.0} sdss_psfmag 16.98789 16.725965 16.29252 15.431 63050395173396923 976171259 "" ops_std_boss ops_std standard_boss 0 0 0.0 0.0 -999 ""
FIBERMAP 613 R0C25 METROLOGY 0 0 0 1 0 0 259.75309983281863 -7.764043746524313 143.1 259.34452248557994 -16.141695388211435 353.31964 94.96362 -999.0 -999.0 -999.0 -999.0 -999.0 191.7002649295653 26.077928251565442 191.69836596256573 25.933484773400874 63.87021964745049 262.4624281379775 -999.0 6231.0 -999.0 -1 -999 {-999.0 -999.0 -999.0 -999.0 -999.0} "" -999.0 -999.0 -999.0 -999.0 -999 -999 "" "" "" "" 0 0 0.0 0.0 -999 ""
FIBERMAP 614 R+1C11 APOGEE 0 0 0 1 0 0 -76.8012419227407 26.60456706089616 143.1 -75.89597395622619 29.06679972548984 233.42091 22.730799 -999.0 -999.0 -999.0 -999.0 -999.0 190.00823170073232 26.289294719272377 190.00866375357066 26.144190413565838 62.536825267470505 264.13958528902583 -999.0 16600.0 -999.0 2 134 {-999.0 -999.0 -999.0 -999.0 -999.0} "" -999.0 -999.0 -999.0 -999.0 -999 -999 "" "" "" "" 0 0 0.0 0.0 -999 ""
FIBERMAP 614 R+1C11 BOSS 1 1 0 1 0 0 -76.62539034862027 27.32895379294921 143.1 -75.6968530084596 29.785070931668283 233.42091 22.730799 190.00908020148395 26.292559901108984 -999.0 -999.0 -999.0 190.00907997028006 26.2925443737137 190.00961958548316 26.147478183255224 62.53881782954028 264.1455535320897 5400.0 5400.0 2016.0 1 31 {-999.0 21.314585 21.432558 21.252964 21.04982} sdss_psfmag_from_lsdr10 nan nan nan -999.0 63050397628704033 1059139552 dark_flexible_2x2 bhm_spiders_agn_lsdr10 bhm_spiders science 0 0 0.0 0.0 -999 ""
FIBERMAP 614 R+1C11 METROLOGY 0 0 0 1 0 0 -76.07427060304903 26.810164689420453 143.1 -75.1628101596842 29.248812509997595 233.42091 22.730799 -999.0 -999.0 -999.0 -999.0 -999.0 190.01183514435903 26.29011802008089 190.01234044395096 26.14504226744127 62.54020990996966 264.138709242933 -999.0 6231.0 -999.0 -1 -999 {-999.0 -999.0 -999.0 -999.0 -999.0} "" -999.0 -999.0 -999.0 -999.0 -999 -999 "" "" "" "" 0 0 0.0 0.0 -999 ""
FIBERMAP 615 R-10C5 APOGEE 0 0 0 1 0 0 -81.42879563029175 -190.5927542578193 143.1 -87.52978913980333 -187.8490503894771 342.22495 150.35431 -999.0 -999.0 -999.0 -999.0 -999.0 189.95396347960468 25.304469496918276 189.95489101886596 25.15955098110056 62.120742315510725 262.2149859610827 -999.0 16600.0 -999.0 2 -999 {-999.0 -999.0 -999.0 -999.0 -999.0} "" -999.0 -999.0 -999.0 -999.0 -999 -999 "" "" "" "" 0 0 0.0 0.0 -999 ""
FIBERMAP 615 R-10C5 BOSS 1 1 0 1 0 0 -80.9075803263217 -191.12147234943404 143.1 -87.02595295339769 -188.39426672593845 342.22495 150.35431 189.95635986328122 25.30194217320978 -999.0 -999.0 -999.0 189.95637366210937 25.301927978265834 189.9574086886961 25.15705297154844 62.121863421103754 262.2081638532486 5400.0 5400.0 2015.5 1 348 {-999.0 -999.0 -999.0 -999.0 -999.0} "" -999.0 -999.0 -999.0 -999.0 27021603145536226 812565394 "" ops_sky_boss_good ops_sky sky_boss 0 0 0.0 0.0 -999 ""
FIBERMAP 615 R-10C5 METROLOGY 0 0 0 1 0 0 -81.63488809683145 -191.3098232055136 143.1 -87.75889643325682 -188.55903237306092 342.22495 150.35431 -999.0 -999.0 -999.0 -999.0 -999.0 189.95274179521698 25.30120821013268 189.9537512113019 25.156320267941137 62.118529874221835 262.2094892596206 -999.0 6231.0 -999.0 -1 -999 {-999.0 -999.0 -999.0 -999.0 -999.0} "" -999.0 -999.0 -999.0 -999.0 -999 -999 "" "" "" "" 0 0 0.0 0.0 -999 ""
FIBERMAP 619 R+7C12 APOGEE 0 0 0 1 0 0 46.38840130548932 132.88889032362957 143.1 50.64857716925987 131.31106482269166 350.68484 114.5739 -999.0 -999.0 -999.0 -999.0 -999.0 190.65188136329664 26.754198903028183 190.6511409225983 26.609208153887533 63.24049053114207 264.64191651394214 -999.0 16600.0 -999.0 2 6 {-999.0 -999.0 -999.0 -999.0 -999.0} "" -999.0 -999.0 -999.0 -999.0 -999 -999 "" "" "" "" 0 0 0.0 0.0 -999 ""
FIBERMAP 619 R+7C12 BOSS 1 1 0 1 0 0 46.57184514016747 132.17519741059857 143.1 50.80887813921521 130.5918862696408 350.68484 114.5739 190.65261840820312 26.750993962258562 -999.0 -999.0 -999.0 190.6526084225163 26.75095305189177 190.65197625592248 26.605999375687077 63.24006353577597 264.6346610700588 5400.0 5400.0 2015.5 1 138 {-999.0 -999.0 -999.0 -999.0 -999.0} "" -999.0 -999.0 -999.0 -999.0 27021603145581055 812571612 "" ops_sky_boss_good ops_sky sky_boss 0 0 0.0 0.0 -999 ""
FIBERMAP 619 R+7C12 METROLOGY 0 0 0 1 0 0 45.845976409768404 132.36815770442135 143.1 50.089677944076854 130.8081533534857 350.68484 114.5739 -999.0 -999.0 -999.0 -999.0 -999.0 190.6489744182434 26.751945569802402 190.64831673139292 26.606980211135394 63.23734409954227 264.63925168860203 -999.0 6231.0 -999.0 -1 -999 {-999.0 -999.0 -999.0 -999.0 -999.0} "" -999.0 -999.0 -999.0 -999.0 -999 -999 "" "" "" "" 0 0 0.0 0.0 -999 ""
FIBERMAP 623 R+6C11 APOGEE 0 0 0 1 0 0 12.644123338805466 111.84515236595529 143.1 16.245735417392147 111.36907572761811 344.5106 113.13844 -999.0 -999.0 -999.0 -999.0 -999.0 190.47661030633375 26.664111919010406 190.4761758193439 26.519080888081643 63.06228412958818 264.5771346154795 -999.0 16600.0 -999.0 2 -999 {-999.0 -999.0 -999.0 -999.0 -999.0} "" -999.0 -999.0 -999.0 -999.0 -999 -999 "" "" "" "" 0 0 0.0 0.0 -999 ""
FIBERMAP 623 R+6C11 BOSS 1 1 0 1 0 0 12.759937603943449 111.08673728524073 143.1 16.337004753076766 110.60738465807702 344.5106 113.13844 190.47697161618746 26.66066665721761 -0.07006099 0.9911172 -0.5940286 190.4769722007582 26.660667683428773 190.47664725319225 26.51567415101678 63.06147536959578 264.56977056118933 5400.0 5400.0 2016.0 1 136 {-999.0 20.033127 19.907234 19.692402 19.48756} sdss_psfmag_from_lsdr10 19.885393 19.966015 19.310879 -999.0 63050395173412631 1059141683 dark_flexible_2x2 bhm_spiders_agn_lsdr10 bhm_spiders science 0 0 0.0 0.0 -999 ""
FIBERMAP 623 R+6C11 METROLOGY 0 0 0 1 0 0 12.069901749367387 111.36877903889446 143.1 15.65649034152182 110.91152266021531 344.5106 113.13844 -999.0 -999.0 -999.0 -999.0 -999.0 190.4735367489045 26.66205356031669 190.47318561283328 26.51704821396085 63.059063003683505 264.575023180929 -999.0 6231.0 -999.0 -1 -999 {-999.0 -999.0 -999.0 -999.0 -999.0} "" -999.0 -999.0 -999.0 -999.0 -999 -999 "" "" "" "" 0 0 0.0 0.0 -999 ""
FIBERMAP 624 R-5C1 APOGEE 0 0 0 1 0 0 -236.31681015721063 -109.97871894457919 143.1 -239.72211444606714 -102.28573743395191 262.87997 119.97107 -999.0 -999.0 -999.0 -999.0 -999.0 189.1896290656277 25.68986707483824 189.19150970372834 25.544647770914143 61.63170204098505 263.53145120184865 -999.0 16600.0 -999.0 2 241 {-999.0 -999.0 -999.0 -999.0 -999.0} "" -999.0 -999.0 -999.0 -999.0 -999 -999 "" "" "" "" 0 0 0.0 0.0 -999 ""
FIBERMAP 624 R-5C1 BOSS 1 1 0 1 0 0 -236.98984228039407 -110.29274966174543 143.1 -240.40487105666386 -102.57785798655404 262.87997 119.97107 189.18614651974607 25.688482459668716 -0.9287029 -0.39954633 1.4393233 189.18613981563635 25.688491968923675 189.18813929569774 25.54331363614463 61.628382449661984 263.53126649044435 5400.0 5400.0 2016.0 1 498 {-999.0 20.175337 20.183817 19.794922 19.54764} sdss_fiber2mag_from_lsdr10 19.727781 19.86049 18.979076 -999.0 63050395173386083 1059137185 dark_flexible_2x2 bhm_spiders_agn_lsdr10 bhm_spiders science 0 0 0.0 0.0 -999 ""
FIBERMAP 624 R-5C1 METROLOGY 0 0 0 1 0 0 -236.93992609975064 -109.55627760877711 143.1 -240.33121888644084 -101.84344480760612 262.87997 119.97107 -999.0 -999.0 -999.0 -999.0 -999.0 189.18648849699224 25.691821428122434 189.1884541204986 25.546630698731178 61.629897292053386 263.53750542748446 -999.0 6231.0 -999.0 -1 -999 {-999.0 -999.0 -999.0 -999.0 -999.0} "" -999.0 -999.0 -999.0 -999.0 -999 -999 "" "" "" "" 0 0 0.0 0.0 -999 ""
FIBERMAP 627 R+5C4 APOGEE 0 0 0 1 0 0 -164.12471530320056 83.81171574838464 143.1 -161.3202157984151 89.05712140411111 292.805 112.618164 -999.0 -999.0 -999.0 -999.0 -999.0 189.57471937696158 26.559729901508035 189.57568946611332 26.414440757606965 62.27123149688987 264.9845829134633 -999.0 16600.0 -999.0 2 -999 {-999.0 -999.0 -999.0 -999.0 -999.0} "" -999.0 -999.0 -999.0 -999.0 -999 -999 "" "" "" "" 0 0 0.0 0.0 -999 ""
FIBERMAP 627 R+5C4 BOSS 1 1 0 1 0 0 -164.64357792500752 83.2619935814332 143.1 -161.85650259300817 88.52447765617828 292.805 112.618164 189.5718400295747 26.55798472338169 -7.468523 -254.24974 14.619265 189.57185355096766 26.557280983183734 189.57294108799488 26.412029515739214 62.268076037031996 264.98160813111724 5400.0 5400.0 2016.0 1 37 {-999.0 20.581203 19.528051 19.253323 -999.0} sdss_psfmag 20.471867 19.63056 18.915714 -999.0 63050395173413227 1143500097 dark_1x3 mwm_wd_pwd_boss_1x3 mwm_wd science 0 0 0.0 0.0 -999 ""
FIBERMAP 627 R+5C4 METROLOGY 0 0 0 1 0 0 -164.85057216544925 83.98432454317299 143.1 -162.04006088666696 89.25304898728109 292.805 112.618164 -999.0 -999.0 -999.0 -999.0 -999.0 189.5709575477775 26.560582819845084 189.57201333462365 26.41531964325038 62.26846309440033 264.9888530160999 -999.0 6231.0 -999.0 -1 -999 {-999.0 -999.0 -999.0 -999.0 -999.0} "" -999.0 -999.0 -999.0 -999.0 -999 -999 "" "" "" "" 0 0 0.0 0.0 -999 ""
FIBERMAP 630 R+11C4 APOGEE 0 0 0 1 0 0 -85.63836828590654 210.4677235423164 143.1 -78.794359057799 213.10327730466537 7.8166065 97.32783 -999.0 -999.0 -999.0 -999.0 -999.0 189.992762005783 27.122935630317507 189.99286315602842 26.977656694868124 62.81580955629785 265.85095477917895 -999.0 16600.0 -999.0 2 26 {-999.0 -999.0 -999.0 -999.0 -999.0} "" -999.0 -999.0 -999.0 -999.0 -999 -999 "" "" "" "" 0 0 0.0 0.0 -999 ""
FIBERMAP 630 R+11C4 BOSS 1 1 0 1 0 0 -85.45757105104603 209.7466624330765 143.1 -78.63694085327074 212.37682044526352 7.8166065 97.32783 189.9934387207031 27.119717698283957 -999.0 -999.0 -999.0 189.99343374705185 27.11967870976687 189.99364603152264 26.974436131611053 62.81537686074199 265.84380429910743 5400.0 5400.0 2015.5 1 145 {-999.0 -999.0 -999.0 -999.0 -999.0} "" -999.0 -999.0 -999.0 -999.0 27021603145580906 820429130 "" ops_sky_boss_good ops_sky sky_boss 0 0 0.0 0.0 -999 ""
FIBERMAP 630 R+11C4 METROLOGY 0 0 0 1 0 0 -86.16911810003842 209.9344705383321 143.1 -79.34199434391378 212.58747630648668 7.8166065 97.32783 -999.0 -999.0 -999.0 -999.0 -999.0 189.98988306587566 27.120606489208214 189.99006902879273 26.975352573160148 62.81268691872338 265.8480520840324 -999.0 6231.0 -999.0 -1 -999 {-999.0 -999.0 -999.0 -999.0 -999.0} "" -999.0 -999.0 -999.0 -999.0 -999 -999 "" "" "" "" 0 0 0.0 0.0 -999 ""
FIBERMAP 631 R-5C16 APOGEE 1 1 0 1 0 0 111.05467498249341 -110.57718360747171 143.1 107.41872564655911 -114.09370648297497 334.05313 87.708015 190.93493305129005 25.637609044998257 38.085472 -46.414597 3.23014 190.93505955143377 25.63749021830901 190.93442232822701 25.492827145894 63.06607209895389 262.1358862255905 16000.0 16600.0 2016.0 2 202 {-999.0 11.166392 10.7899 10.669898 -999.0} sdss_psfmag_from_g3xp 11.105399 10.807554 10.341587 9.504 63050395173395075 975022176 "" ops_std_apogee ops_std standard_apogee 0 0 0.0 0.0 -999 ""
FIBERMAP 631 R-5C16 BOSS 0 0 0 1 0 0 110.71053557153508 -111.23879147232283 143.1 107.0534451526338 -114.74380627421144 334.05313 87.708015 -999.0 -999.0 -999.0 -999.0 -999.0 190.93313617259466 25.634464038928957 190.93260928762174 25.489840908789702 63.063411380666125 262.1311946712181 -999.0 5400.0 -999.0 1 304 {-999.0 -999.0 -999.0 -999.0 -999.0} "" -999.0 -999.0 -999.0 -999.0 -999 -999 "" "" "" "" 0 0 0.0 0.0 -999 ""
FIBERMAP 631 R-5C16 METROLOGY 0 0 0 1 0 0 110.30757232722532 -110.61775966589482 143.1 106.67076809848773 -114.11014844319622 334.05313 87.708015 -999.0 -999.0 -999.0 -999.0 -999.0 190.9312548442855 25.637360038813533 190.930699247936 25.49272430418646 63.06293124488225 262.1385346095783 -999.0 6231.0 -999.0 -1 -999 {-999.0 -999.0 -999.0 -999.0 -999.0} "" -999.0 -999.0 -999.0 -999.0 -999 -999 "" "" "" "" 0 0 0.0 0.0 -999 ""
FIBERMAP 635 R+9C12 APOGEE 0 0 0 1 0 0 68.01395527573766 156.1318330933487 143.1 73.0110372044708 153.84199866233948 21.096813 14.27549 -999.0 -999.0 -999.0 -999.0 -999.0 190.76582034532933 26.85575235952358 190.76486000562966 26.71077977189716 63.37121500858741 264.7746674172208 -999.0 16600.0 -999.0 2 25 {-999.0 -999.0 -999.0 -999.0 -999.0} "" -999.0 -999.0 -999.0 -999.0 -999 -999 "" "" "" "" 0 0 0.0 0.0 -999 ""
FIBERMAP 635 R+9C12 BOSS 1 1 0 1 0 0 67.40870420613733 155.69640449711474 143.1 72.39210283494636 153.42636675435193 21.096813 14.27549 190.76270863358317 26.853922009464455 -7.60735 -5.3615417 0.2926803 190.76258868718605 26.853903460364602 190.7617416147316 26.708965811828296 63.367972058830446 264.77303785985674 5400.0 5400.0 2016.0 1 140 {-999.0 16.609934 16.240223 16.096514 16.043852} sdss_psfmag_from_gaia 16.5657 16.2519 15.7818 14.903 63050395173414446 970843856 "" ops_std_boss_gdr2 ops_std standard_boss 0 0 0.0 0.0 -999 ""
FIBERMAP 635 R+9C12 METROLOGY 0 0 0 1 0 0 67.32887178894792 156.43594994169183 143.1 72.33618452322483 154.16803851359623 21.096813 14.27549 -999.0 -999.0 -999.0 -999.0 -999.0 190.7623333202472 26.857259317124054 190.76145460379087 26.712310777190936 63.36889640041041 264.78023230426174 -999.0 6231.0 -999.0 -1 -999 {-999.0 -999.0 -999.0 -999.0 -999.0} "" -999.0 -999.0 -999.0 -999.0 -999 -999 "" "" "" "" 0 0 0.0 0.0 -999 ""
FIBERMAP 637 R-13C10 APOGEE 1 1 0 1 0 0 53.878315991656656 -240.579380839097 143.1 46.08190909036871 -242.1717010913242 91.219864 126.84817 190.62354758332808 25.060890889013237 8.1392 -188.0239 30.322 190.62353484166914 25.060341653237067 190.62361320089997 24.915690430175673 62.58070767619682 261.2157759151591 16000.0 16600.0 2016.0 2 181 {-999.0 16.213284 14.749488 13.16829 -999.0} sdss_psfmag_from_g3xp 15.633655 13.878395 12.61699 10.051 63050395173369236 1110782269 bright_flexible_2x1 manual_mwm_planet_gaia_astrometry_apogee mwm_planet science 0 0 0.0 0.0 -999 ""
FIBERMAP 637 R-13C10 BOSS 0 0 0 1 0 0 54.481884956088734 -240.14067121252964 143.1 46.69926825872591 -241.75273586664434 91.219864 126.84817 -999.0 -999.0 -999.0 -999.0 -999.0 190.62652719702905 25.062149082975846 190.62670753878967 24.917540931245206 62.58402021010778 261.217017615767 -999.0 5400.0 -999.0 1 335 {-999.0 -999.0 -999.0 -999.0 -999.0} "" -999.0 -999.0 -999.0 -999.0 -999 -999 "" "" "" "" 0 0 0.0 0.0 -999 ""
FIBERMAP 637 R-13C10 METROLOGY 0 0 0 1 0 0 54.56299386092192 -240.87702606213279 143.1 46.75656524375851 -242.491260164951 91.219864 126.84817 -999.0 -999.0 -999.0 -999.0 -999.0 190.6268255532405 25.058865929499806 190.62697662935727 24.914246545706135 62.58292442018958 261.21024959972374 -999.0 6231.0 -999.0 -1 -999 {-999.0 -999.0 -999.0 -999.0 -999.0} "" -999.0 -999.0 -999.0 -999.0 -999 -999 "" "" "" "" 0 0 0.0 0.0 -999 ""
FIBERMAP 640 R-5C17 APOGEE 0 0 0 1 0 0 118.69974302669593 -118.21706440299079 143.1 114.81259947312815 -121.97564990472534 325.4109 30.999039 -999.0 -999.0 -999.0 -999.0 -999.0 190.97195190792849 25.601697464227588 190.97127825417522 25.457054869693266 63.0829663103303 262.03465648869536 -999.0 16600.0 -999.0 2 -999 {-999.0 -999.0 -999.0 -999.0 -999.0} "" -999.0 -999.0 -999.0 -999.0 -999 -999 "" "" "" "" 0 0 0.0 0.0 -999 ""
FIBERMAP 640 R-5C17 BOSS 1 1 0 1 0 0 117.93698071517463 -118.17552362989368 143.1 114.05164175097536 -121.90951964558408 325.4109 30.999039 190.96808770736024 25.601918694474072 0.13570482 -0.076726764 -0.09615018 190.96806652784736 25.601922227998994 190.96750434907005 25.457318288048373 63.07992529609059 262.03810157205686 5400.0 5400.0 2016.0 1 300 {-999.0 18.832287 18.750874 18.325628 18.206934} sdss_psfmag 18.582834 18.353498 17.885847 -999.0 63050395173395070 1128956148 dark_1x4 bhm_aqmes_wide1 bhm_aqmes science 0 0 0.0 0.0 -999 ""
FIBERMAP 640 R-5C17 METROLOGY 0 0 0 1 0 0 118.34975427703361 -117.55814873644339 143.1 114.48408721820877 -121.30584077721592 325.4109 30.999039 -999.0 -999.0 -999.0 -999.0 -999.0 190.9702850059467 25.604672926182907 190.96968827253977 25.460057836660145 63.08280250492486 262.0420000513749 -999.0 6231.0 -999.0 -1 -999 {-999.0 -999.0 -999.0 -999.0 -999.0} "" -999.0 -999.0 -999.0 -999.0 -999 -999 "" "" "" "" 0 0 0.0 0.0 -999 ""
FIBERMAP 641 R-8C16 APOGEE 0 0 0 1 0 0 120.43219381109489 -166.75137546173806 143.1 114.97776742159523 -170.53634102053982 254.21964 77.180626 -999.0 -999.0 -999.0 -999.0 -999.0 190.97078363410455 25.38215326686357 190.97021619991858 25.23755578205356 62.996559662484884 261.58959289271934 -999.0 16600.0 -999.0 2 -999 {-999.0 -999.0 -999.0 -999.0 -999.0} "" -999.0 -999.0 -999.0 -999.0 -999 -999 "" "" "" "" 0 0 0.0 0.0 -999 ""
FIBERMAP 641 R-8C16 BOSS 1 1 0 1 0 0 119.76301571803688 -166.39529435816513 143.1 114.32048737266723 -170.1588818036128 254.21964 77.180626 190.96756932162506 25.383774674130834 -41.504925 -4.4400806 2.5936484 190.96743143150167 25.38377683915834 190.96697388579003 25.23921871563519 62.99451573076607 261.595497931096 5400.0 5400.0 2016.0 1 307 {-999.0 18.87827 19.157257 19.433708 -999.0} sdss_psfmag 19.004025 19.008858 19.234163 -999.0 63050395173394645 1143500544 dark_1x3 mwm_wd_pwd_boss_1x3 mwm_wd science 0 0 0.0 0.0 -999 ""
FIBERMAP 641 R-8C16 METROLOGY 0 0 0 1 0 0 120.4029612627021 -166.00585052008535 143.1 114.97261115660767 -169.79032628753615 254.21964 77.180626 -999.0 -999.0 -999.0 -999.0 -999.0 190.9707385059631 25.385456759789374 190.97024540729547 25.24088786768595 62.997892685840256 261.5963191315512 -999.0 6231.0 -999.0 -1 -999 {-999.0 -999.0 -999.0 -999.0 -999.0} "" -999.0 -999.0 -999.0 -999.0 -999 -999 "" "" "" "" 0 0 0.0 0.0 -999 ""
FIBERMAP 647 R-6C1 APOGEE 0 0 1 1 0 0 -223.55360430581692 -108.74796684843776 143.1 -226.92695636942477 -101.46760975490125 10.614136 169.78763 -999.0 -999.0 -999.0 -999.0 -999.0 189.25307619310715 25.693750011978643 189.25486267586575 25.548547237787176 61.68610511306651 263.4936106504834 -999.0 16600.0 -999.0 2 261 {-999.0 -999.0 -999.0 -999.0 -999.0} "" -999.0 -999.0 -999.0 -999.0 -999 -999 "" "" "" "" 0 0 0.0 0.0 -999 ""
FIBERMAP 647 R-6C1 BOSS 1 0 1 1 0 0 -222.81634553656616 -108.70094598236605 143.1 -226.18862874111267 -101.4444092402893 10.614136 169.78763 189.1897563579402 25.65801801742965 6.2381372 -14.144791 1.720999 189.25660661276697 25.69381434258541 189.25850085258514 25.54865406455191 61.68918500484292 263.49120657355036 5400.0 5400.0 2016.0 1 499 {-999.0 21.510143 20.464743 19.3109 -999.0} sdss_psfmag 20.892416 20.217575 18.746956 16.226 63050395173385855 1092613983 dark_flexible_2x1 mwm_cb_galex_vol_boss mwm_cb science 0 0 0.0 0.0 -999 ""
FIBERMAP 647 R-6C1 METROLOGY 0 0 1 1 0 0 -223.11080173692756 -109.38150007115469 143.1 -226.5048676555288 -102.115047033521 10.614136 169.78763 -999.0 -999.0 -999.0 -999.0 -999.0 189.25511834853913 25.690794511829836 189.25698391474202 25.545622681689323 61.68677318292495 263.4863774673273 -999.0 6231.0 -999.0 -1 -999 {-999.0 -999.0 -999.0 -999.0 -999.0} "" -999.0 -999.0 -999.0 -999.0 -999 -999 "" "" "" "" 0 0 0.0 0.0 -999 ""
FIBERMAP 648 R+10C6 APOGEE 0 0 0 1 0 0 -49.62370411327699 205.6135419749341 143.1 -42.958252424010496 207.08983592271505 99.11678 34.60631 -999.0 -999.0 -999.0 -999.0 -999.0 190.17516402673718 27.096692780398016 190.17499635261584 26.951476081342598 62.95967426403347 265.67623352127106 -999.0 16600.0 -999.0 2 -999 {-999.0 -999.0 -999.0 -999.0 -999.0} "" -999.0 -999.0 -999.0 -999.0 -999 -999 "" "" "" "" 0 0 0.0 0.0 -999 ""
FIBERMAP 648 R+10C6 BOSS 1 1 0 1 0 0 -49.09433440843622 205.04741686541973 143.1 -42.447473942669106 206.50697217887173 99.11678 34.60631 190.17766293724276 27.094101990329886 0.05832184 -0.17508009 0.18387762 190.17764362653844 27.094088973553298 190.17758329697108 26.94890897940641 62.9609720651645 265.6692001950265 5400.0 5400.0 2016.0 1 119 {-999.0 18.66599 18.473475 18.571064 18.59569} sdss_psfmag 18.60303 18.529245 18.19062 -999.0 63050395173415632 1128956201 dark_1x4 bhm_aqmes_wide1 bhm_aqmes science 0 0 0.0 0.0 -999 ""
FIBERMAP 648 R+10C6 METROLOGY 0 0 0 1 0 0 -49.82786614522547 204.89592101285004 143.1 -43.185448271108996 206.3792399643897 99.11678 34.60631 -999.0 -999.0 -999.0 -999.0 -999.0 190.1739173325023 27.093504977476766 190.173831808322 26.94831389802826 62.95762450502667 265.67046597976844 -999.0 6231.0 -999.0 -1 -999 {-999.0 -999.0 -999.0 -999.0 -999.0} "" -999.0 -999.0 -999.0 -999.0 -999 -999 "" "" "" "" 0 0 0.0 0.0 -999 ""
FIBERMAP 650 R-2C1 APOGEE 0 0 1 1 0 0 -267.90348198903496 -31.306439137618046 143.1 -268.75077207601447 -22.642000670085995 10.7874775 169.85075 -999.0 -999.0 -999.0 -999.0 -999.0 189.04061524047415 26.049046486507265 189.0425804291457 25.903713772811525 61.640808516232525 264.3380911543219 -999.0 16600.0 -999.0 2 275 {-999.0 -999.0 -999.0 -999.0 -999.0} "" -999.0 -999.0 -999.0 -999.0 -999 -999 "" "" "" "" 0 0 0.0 0.0 -999 ""
FIBERMAP 650 R-2C1 BOSS 1 0 1 1 0 0 -267.1555656221171 -31.287858411712406 143.1 -268.0027111127877 -22.647566919884685 10.7874775 169.85075 188.93847762880904 26.040301176032422 30.182665 0.40835956 9.646776 189.04420119055996 26.049009178324177 189.04627509050715 25.90371787569016 61.64390163099759 264.33553156181137 5400.0 5400.0 2016.0 1 426 {-999.0 19.940247 19.404924 19.270414 -999.0} sdss_psfmag 19.771332 19.44712 18.961954 -999.0 63050395173387212 1143500456 dark_1x3 mwm_wd_pwd_boss_1x3 mwm_wd science 0 0 0.0 0.0 -999 ""
FIBERMAP 650 R-2C1 METROLOGY 0 0 1 1 0 0 -267.50962428473383 -31.940537848797806 143.1 -268.37761669847856 -23.28842361549606 10.7874775 169.85075 -999.0 -999.0 -999.0 -999.0 -999.0 189.0424170002359 26.046108834491907 189.0444623137996 25.900806196643167 61.6413161707932 264.33108905421636 -999.0 6231.0 -999.0 -1 -999 {-999.0 -999.0 -999.0 -999.0 -999.0} "" -999.0 -999.0 -999.0 -999.0 -999 -999 "" "" "" "" 0 0 0.0 0.0 -999 ""
FIBERMAP 654 R+12C14 APOGEE 0 0 0 1 0 0 152.35747345254546 239.1700746658508 143.1 159.98293249059128 234.10791018917487 66.021935 61.27127 -999.0 -999.0 -999.0 -999.0 -999.0 191.20701796287338 27.212655031262166 191.20521213794564 27.067765842864503 63.86263541422971 265.22583168745433 -999.0 16600.0 -999.0 2 91 {-999.0 -999.0 -999.0 -999.0 -999.0} "" -999.0 -999.0 -999.0 -999.0 -999 -999 "" "" "" "" 0 0 0.0 0.0 -999 ""
FIBERMAP 654 R+12C14 BOSS 1 1 0 1 0 0 152.79762796848692 238.57309269054025 143.1 160.40355429136423 233.49708737520396 66.021935 61.27127 191.2090470591368 27.209875945941448 -999.0 -999.0 -999.0 191.2090353330837 27.209857903394873 191.20733371581093 27.065003940930854 63.86347872103559 265.21848074227444 5400.0 5400.0 2016.0 1 89 {-999.0 23.26831 21.85116 20.909237 -999.0} sdss_psfmag -999.0 -999.0 -999.0 -999.0 63050396913492478 1055497133 dark_flexible_2x2 bhm_csc_boss bhm_csc science 0 0 0.0 0.0 -999 ""
FIBERMAP 654 R+12C14 METROLOGY 0 0 0 1 0 0 152.05309241861275 238.48033601308208 143.1 159.65647838970787 233.4284136994523 66.021935 61.27127 -999.0 -999.0 -999.0 -999.0 -999.0 191.20529218136832 27.209611836015497 191.20356642764398 27.06474695091957 63.860234933474246 265.2205087227303 -999.0 6231.0 -999.0 -1 -999 {-999.0 -999.0 -999.0 -999.0 -999.0} "" -999.0 -999.0 -999.0 -999.0 -999 -999 "" "" "" "" 0 0 0.0 0.0 -999 ""
FIBERMAP 660 R+8C18 APOGEE 0 0 0 1 0 0 175.1446717796199 171.74833340092394 143.1 180.58053105245688 165.99183125604475 132.38345 84.877335 -999.0 -999.0 -999.0 -999.0 -999.0 191.31112989418875 26.90589223875494 191.30931739961238 26.761103948620587 63.844557924945605 264.4998962273333 -999.0 16600.0 -999.0 2 -999 {-999.0 -999.0 -999.0 -999.0 -999.0} "" -999.0 -999.0 -999.0 -999.0 -999 -999 "" "" "" "" 0 0 0.0 0.0 -999 ""
FIBERMAP 660 R+8C18 BOSS 1 1 0 1 0 0 175.74266706327003 172.21218637018822 143.1 181.19313132039088 166.43610439256838 132.38345 84.877335 191.3141222066107 26.90784027967491 0.04985242 -0.027214095 0.07824492 191.3141359567585 26.907834976925102 191.31242324134075 26.763082322839974 63.84784639577086 264.50191309424673 5400.0 5400.0 2016.0 1 239 {-999.0 18.21682 18.217762 18.17473 18.148943} sdss_psfmag 18.064594 18.014242 17.70341 -999.0 63050395173402202 1128956168 dark_1x4 bhm_aqmes_wide1 bhm_aqmes science 0 0 0.0 0.0 -999 ""
FIBERMAP 660 R+8C18 METROLOGY 0 0 0 1 0 0 175.8347020232506 171.46457250970258 143.1 181.26098437896718 165.6859753432881 132.38345 84.877335 -999.0 -999.0 -999.0 -999.0 -999.0 191.31449946515218 26.90445992626889 191.31275803532105 26.75969820940849 63.84694822326275 264.49447960281475 -999.0 6231.0 -999.0 -1 -999 {-999.0 -999.0 -999.0 -999.0 -999.0} "" -999.0 -999.0 -999.0 -999.0 -999 -999 "" "" "" "" 0 0 0.0 0.0 -999 ""
FIBERMAP 661 R-11C8 APOGEE 0 0 0 1 0 0 -10.65893424455083 -221.5165088637842 143.1 -17.80090892969794 -221.03777401241337 210.81084 164.62741 -999.0 -999.0 -999.0 -999.0 -999.0 190.30403095701615 25.155059443904175 190.30452162771712 25.010282517179974 62.35307395092221 261.65281992005646 -999.0 16600.0 -999.0 2 158 {-999.0 -999.0 -999.0 -999.0 -999.0} "" -999.0 -999.0 -999.0 -999.0 -999 -999 "" "" "" "" 0 0 0.0 0.0 -999 ""
FIBERMAP 661 R-11C8 BOSS 1 1 0 1 0 0 -11.368473337094734 -221.74653847067407 143.1 -18.517439537781357 -221.2447664590098 210.81084 164.62741 190.29976781303594 25.15406026196231 -19.430246 2.9167686 2.4863434 190.3003307378242 25.15404980188031 190.30093554502116 25.009314313510714 62.349706575182125 261.6536809014701 5400.0 5400.0 2016.0 1 360 {-999.0 14.542034 13.716588 13.429083 -999.0} sdss_psfmag_from_g3xp 14.293291 13.763375 13.080649 11.688 63050395173372347 1077950016 bright_flexible_2x1 mwm_snc_ext_main_boss mwm_snc science 0 0 2.001990556716919 0.0 -999 ""
FIBERMAP 661 R-11C8 METROLOGY 0 0 0 1 0 0 -11.209994590827042 -221.01253255153404 143.1 -18.335370432219804 -220.51632128713138 210.81084 164.62741 -999.0 -999.0 -999.0 -999.0 -999.0 190.30127007175398 25.157338284063197 190.30184137007382 25.012590384816285 62.35175888314275 261.659460915365 -999.0 6231.0 -999.0 -1 -999 {-999.0 -999.0 -999.0 -999.0 -999.0} "" -999.0 -999.0 -999.0 -999.0 -999 -999 "" "" "" "" 0 0 0.0 0.0 -999 ""
FIBERMAP 663 R0C1 APOGEE 0 0 0 1 0 0 -284.1405005550723 18.07336214218267 143.1 -283.38439915051566 27.231736654356585 115.83232 59.663166 -999.0 -999.0 -999.0 -999.0 -999.0 188.96563198755535 26.273793262741908 188.9676258303274 26.128395062855205 61.659777732824 264.83044158051706 -999.0 16600.0 -999.0 2 277 {-999.0 -999.0 -999.0 -999.0 -999.0} "" -999.0 -999.0 -999.0 -999.0 -999 -999 "" "" "" "" 0 0 0.0 0.0 -999 ""
FIBERMAP 663 R0C1 BOSS 1 1 0 1 0 0 -283.3988046548513 18.03189810119896 143.1 -282.64449254718943 27.166362905301582 115.83232 59.663166 188.9692023466021 26.27350250685229 -999.0 -999.0 -999.0 188.96919298136294 26.273498056989133 188.97129606117903 26.12814055240645 61.66275966409914 264.8274392895102 5400.0 5400.0 2016.0 1 424 {-999.0 21.88032 21.493135 21.123953 20.930565} sdss_fiber2mag_from_lsdr10 nan nan nan -999.0 63050396903425637 1059139530 dark_flexible_2x2 bhm_spiders_agn_lsdr10 bhm_spiders science 0 0 0.0 0.0 -999 ""
FIBERMAP 663 R0C1 METROLOGY 0 0 0 1 0 0 -283.79418740038653 17.400559464460844 143.1 -283.0600083959036 26.548167577655825 115.83232 59.663166 -999.0 -999.0 -999.0 -999.0 -999.0 188.96719860376226 26.270693821209573 188.96927326294167 26.125325124109036 61.66005072168652 264.8232861239664 -999.0 6231.0 -999.0 -1 -999 {-999.0 -999.0 -999.0 -999.0 -999.0} "" -999.0 -999.0 -999.0 -999.0 -999 -999 "" "" "" "" 0 0 0.0 0.0 -999 ""
FIBERMAP 664 R+7C5 APOGEE 0 0 0 1 0 0 -139.75892487709092 131.55852810196063 143.1 -135.42843307956605 135.98858834193098 221.39261 88.00598 -999.0 -999.0 -999.0 -999.0 -999.0 189.70520375373513 26.773325777912877 189.70588997877076 26.628031240064097 62.455268653949155 265.3276442977229 -999.0 16600.0 -999.0 2 117 {-999.0 -999.0 -999.0 -999.0 -999.0} "" -999.0 -999.0 -999.0 -999.0 -999 -999 "" "" "" "" 0 0 0.0 0.0 -999 ""
FIBERMAP 664 R+7C5 BOSS 1 1 0 1 0 0 -140.22287011169092 132.1353470206181 143.1 -135.87348179821427 136.58002810550474 221.39261 88.00598 189.70278239612176 26.775989480400067 0.571691 -0.30574107 -0.22910151 189.7027921947879 26.775982813179507 189.7035927438627 26.630724084599777 62.45428012999544 265.3346483851034 5400.0 5400.0 2016.0 1 56 {-999.0 19.9399 19.719475 19.729939 19.79232} sdss_psfmag_from_lsdr10 19.93577 19.773476 19.457548 -999.0 63050395173413741 1059141676 dark_flexible_2x2 bhm_spiders_agn_lsdr10 bhm_spiders science 0 0 0.0 0.0 -999 ""
FIBERMAP 664 R+7C5 METROLOGY 0 0 0 1 0 0 -139.4886791677624 132.25159925127943 143.1 -135.13598599470265 136.67251686645452 221.39261 88.00598 -999.0 -999.0 -999.0 -999.0 -999.0 189.70656782157266 26.77643386846922 189.70733077332147 26.631165654084455 62.45756654297319 265.3330302765879 -999.0 6231.0 -999.0 -1 -999 {-999.0 -999.0 -999.0 -999.0 -999.0} "" -999.0 -999.0 -999.0 -999.0 -999 -999 "" "" "" "" 0 0 0.0 0.0 -999 ""
FIBERMAP 665 R-5C18 APOGEE 0 0 0 1 0 0 142.2230249643354 -85.8340556262414 143.1 139.36658789122475 -90.37145137235977 96.11816 127.04488 -999.0 -999.0 -999.0 -999.0 -999.0 191.09662701355685 25.744702829478086 191.09570376735212 25.600075248101113 63.24161249961888 262.2314388450698 -999.0 16600.0 -999.0 2 220 {-999.0 -999.0 -999.0 -999.0 -999.0} "" -999.0 -999.0 -999.0 -999.0 -999 -999 "" "" "" "" 0 0 0.0 0.0 -999 ""
FIBERMAP 665 R-5C18 BOSS 1 1 0 1 0 0 142.74722887612774 -85.31262133958465 143.1 139.90729986087112 -89.86725066143066 96.11816 127.04488 191.09930100151215 25.746935684787417 -1.2611614 -2.4705095 0.40765557 191.09931284499626 25.746911952905695 191.09849013010978 25.602324294999924 63.24479473512166 262.23391805163953 5400.0 5400.0 2016.0 1 292 {-999.0 16.728636 16.382936 16.256397 -999.0} sdss_psfmag 16.671957 16.378439 15.931899 15.122 63050395173395112 977060528 "" ops_std_boss ops_std standard_boss 0 0 0.0 0.0 -999 ""
FIBERMAP 665 R-5C18 METROLOGY 0 0 0 1 0 0 142.93312347586144 -86.03965561017516 143.1 140.06961957196611 -90.59984154302082 96.11816 127.04488 -999.0 -999.0 -999.0 -999.0 -999.0 191.10011773346943 25.743602916170182 191.09926554497406 25.599005072826827 63.244170407410465 262.2265118975603 -999.0 6231.0 -999.0 -1 -999 {-999.0 -999.0 -999.0 -999.0 -999.0} "" -999.0 -999.0 -999.0 -999.0 -999 -999 "" "" "" "" 0 0 0.0 0.0 -999 ""
FIBERMAP 667 R0C9 APOGEE 1 1 0 1 0 0 -95.24087843838016 -5.787361468184076 143.1 -95.36969756240977 -2.7103651605316834 15.061593 78.96383 189.909901664605 26.144387570008607 21.894022 -27.391527 5.094818 189.90997237190211 26.144337597188752 189.91061162981157 25.99923279149954 62.40193205601568 263.91711928289976 16000.0 16600.0 2016.0 2 246 {-999.0 11.907241 11.446851 11.304547 -999.0} sdss_psfmag_from_g3xp 11.820247 11.479849 10.972823 10.054 63050395173411877 975022305 "" ops_std_apogee ops_std standard_apogee 0 0 0.0 0.0 -999 ""
FIBERMAP 667 R0C9 BOSS 0 0 0 1 0 0 -95.16983523775346 -6.526137404336913 143.1 -95.32253828764867 -3.4509842466593663 15.061593 78.96383 -999.0 -999.0 -999.0 -999.0 -999.0 189.9100605376647 26.14092569275071 189.9108116161508 25.995860794883168 62.400862199839 263.9102058349704 -999.0 5400.0 -999.0 1 492 {-999.0 -999.0 -999.0 -999.0 -999.0} "" -999.0 -999.0 -999.0 -999.0 -999 -999 "" "" "" "" 0 0 0.0 0.0 -999 ""
FIBERMAP 667 R0C9 METROLOGY 0 0 0 1 0 0 -95.8497462505897 -6.220249005896058 143.1 -95.99216447285308 -3.1233408416457364 15.061593 78.96383 -999.0 -999.0 -999.0 -999.0 -999.0 189.90670572517342 26.142418754687004 189.9074298410535 25.9973414231763 62.39857778666891 263.9155858755245 -999.0 6231.0 -999.0 -1 -999 {-999.0 -999.0 -999.0 -999.0 -999.0} "" -999.0 -999.0 -999.0 -999.0 -999 -999 "" "" "" "" 0 0 0.0 0.0 -999 ""
FIBERMAP 669 R+3C3 APOGEE 0 0 0 1 0 0 -224.0041168668914 48.667675281869464 143.1 -222.29730568197857 55.86680285979607 231.04198 107.48146 -999.0 -999.0 -999.0 -999.0 -999.0 189.26870951634993 26.406549320049006 189.27019982931176 26.26120517293359 61.960855392021585 264.88654899821836 -999.0 16600.0 -999.0 2 107 {-999.0 -999.0 -999.0 -999.0 -999.0} "" -999.0 -999.0 -999.0 -999.0 -999 -999 "" "" "" "" 0 0 0.0 0.0 -999 ""
FIBERMAP 669 R+3C3 BOSS 1 1 0 1 0 0 -224.68484213662666 48.95699436506382 143.1 -222.96828032960505 56.17791330644391 231.04198 107.48146 189.26519119272405 26.407930589934246 -6.9724274 -6.7100086 0.1156589 189.2651888820566 26.40789482087355 189.26679727247415 26.26258832049956 61.95850000308626 264.8916169935586 5400.0 5400.0 2016.0 1 59 {-999.0 17.826603 17.511581 17.394947 17.363031} sdss_psfmag_from_gaia 17.7938 17.5188 17.0804 16.172 63050395173388103 968296162 "" ops_std_boss_gdr2 ops_std standard_boss 0 0 0.0 0.0 -999 ""
FIBERMAP 669 R+3C3 METROLOGY 0 0 0 1 0 0 -224.0995953376727 49.41458887208759 143.1 -222.36862275451423 56.61634318881953 231.04198 107.48146 -999.0 -999.0 -999.0 -999.0 -999.0 189.2682191078643 26.40991962788132 189.26979005595126 26.2646025190638 61.9617264304874 264.89357837206126 -999.0 6231.0 -999.0 -1 -999 {-999.0 -999.0 -999.0 -999.0 -999.0} "" -999.0 -999.0 -999.0 -999.0 -999 -999 "" "" "" "" 0 0 0.0 0.0 -999 ""
FIBERMAP 671 R+1C15 APOGEE 0 0 0 1 0 0 13.135250561678319 25.498690668537 143.1 13.95011614106023 25.05929614777468 225.46545 37.11573 -999.0 -999.0 -999.0 -999.0 -999.0 190.4645791722169 26.271452373903273 190.4643397144829 26.126497758837047 62.91142892153672 263.77879692734547 -999.0 16600.0 -999.0 2 -999 {-999.0 -999.0 -999.0 -999.0 -999.0} "" -999.0 -999.0 -999.0 -999.0 -999 -999 "" "" "" "" 0 0 0.0 0.0 -999 ""
FIBERMAP 671 R+1C15 BOSS 1 1 0 1 0 0 13.217346832274387 26.26135303763433 143.1 14.056773999536814 25.818845240143176 225.46545 37.11573 190.46504040665687 26.27491222394008 -1.6724341 3.6985173 2.248635 190.4650249493487 26.274888587705565 190.46489163196952 26.12997152327737 62.913157556671045 263.785502893133 5400.0 5400.0 2016.0 1 189 {-999.0 19.088226 17.656305 16.594395 -999.0} sdss_psfmag 18.506922 17.28471 16.184782 14.135 63050395173399880 1094776528 bright_1x1 mwm_bin_vis_boss mwm_filler science 0 0 0.0 0.0 -999 ""
FIBERMAP 671 R+1C15 METROLOGY 0 0 0 1 0 0 13.814413630681386 25.8075587734202 143.1 14.638833367228159 25.34605937991352 225.46545 37.11573 -999.0 -999.0 -999.0 -999.0 -999.0 190.46800948748117 26.272740070567803 190.46784198401804 26.127813638088195 62.914836668541085 263.77896810203436 -999.0 6231.0 -999.0 -1 -999 {-999.0 -999.0 -999.0 -999.0 -999.0} "" -999.0 -999.0 -999.0 -999.0 -999 -999 "" "" "" "" 0 0 0.0 0.0 -999 ""
FIBERMAP 673 R-11C1 APOGEE 0 0 0 1 0 0 -168.0001853050821 -205.35294165569726 143.1 -174.5248302596703 -199.80655179377263 30.331327 162.02263 -999.0 -999.0 -999.0 -999.0 -999.0 189.52029666021625 25.25108384877051 189.52186864893872 25.106047261120366 61.738976785362254 262.4358669362966 -999.0 16600.0 -999.0 2 271 {-999.0 -999.0 -999.0 -999.0 -999.0} "" -999.0 -999.0 -999.0 -999.0 -999 -999 "" "" "" "" 0 0 0.0 0.0 -999 ""
FIBERMAP 673 R-11C1 BOSS 1 1 0 1 0 0 -167.2718463835333 -205.1835643328422 143.1 -173.7914685424296 -199.6607814126539 30.331327 162.02263 189.52377319335938 25.251666845859134 -999.0 -999.0 -999.0 189.52381188666345 25.25168269785028 189.5254902064172 25.106689889851125 61.74224663331041 262.4344104773942 5400.0 5400.0 2015.5 1 421 {-999.0 -999.0 -999.0 -999.0 -999.0} "" -999.0 -999.0 -999.0 -999.0 27021603145536585 812565426 "" ops_sky_boss_good ops_sky sky_boss 0 0 0.0 0.0 -999 ""
FIBERMAP 673 R-11C1 METROLOGY 0 0 0 1 0 0 -167.487596998415 -205.90166335707207 143.1 -174.03026134958046 -200.37148117235228 30.331327 162.02263 -999.0 -999.0 -999.0 -999.0 -999.0 189.52270949049142 25.248513559463877 189.5243590217591 25.10350894250892 61.740060920394754 262.42907120519783 -999.0 6231.0 -999.0 -1 -999 {-999.0 -999.0 -999.0 -999.0 -999.0} "" -999.0 -999.0 -999.0 -999.0 -999 -999 "" "" "" "" 0 0 0.0 0.0 -999 ""
FIBERMAP 674 R+4C1 APOGEE 0 0 0 1 0 0 -255.10472339384228 74.95423019007276 143.1 -252.53070981116025 83.1409993167394 150.73447 153.73303 -999.0 -999.0 -999.0 -999.0 -999.0 189.11694095249047 26.528214901440574 189.1186133107352 26.38280488816905 61.87709501065869 265.2306195530329 -999.0 16600.0 -999.0 2 144 {-999.0 -999.0 -999.0 -999.0 -999.0} "" -999.0 -999.0 -999.0 -999.0 -999 -999 "" "" "" "" 0 0 0.0 0.0 -999 ""
FIBERMAP 674 R+4C1 BOSS 1 1 0 1 0 0 -255.51588215812137 75.56252649622157 143.1 -252.92198838090675 83.76219386936785 150.73447 153.73303 189.11488887045502 26.530944323093685 -0.028900612 -0.1768799 0.6413013 189.11485410380843 26.53095909479168 189.11664258302653 26.385586562630248 61.876427079761825 265.2374638675591 5400.0 5400.0 2016.0 1 2 {-999.0 18.669054 18.613605 18.444677 18.377222} sdss_psfmag 19.02804 18.910107 18.50198 -999.0 63050395173388198 1128956123 dark_1x4 bhm_aqmes_wide1 bhm_aqmes science 0 0 0.0 0.0 -999 ""
FIBERMAP 674 R+4C1 METROLOGY 0 0 0 1 0 0 -254.76763616755025 75.62011964426614 143.1 -252.17233904228766 83.79560567037423 150.73447 153.73303 -999.0 -999.0 -999.0 -999.0 -999.0 189.11862478357725 26.531167868746895 189.12037518064756 26.385785360743366 61.879625189926216 265.23535053951395 -999.0 6231.0 -999.0 -1 -999 {-999.0 -999.0 -999.0 -999.0 -999.0} "" -999.0 -999.0 -999.0 -999.0 -999 -999 "" "" "" "" 0 0 0.0 0.0 -999 ""
FIBERMAP 675 R-1C20 APOGEE 0 0 0 1 0 0 152.43008750889732 -26.38417481882774 143.1 151.48592099230532 -31.287125919944042 283.68573 143.99797 -999.0 -999.0 -999.0 -999.0 -999.0 191.15991304941232 26.01281411091878 191.15876703995036 25.86815402601264 63.39575636337638 262.73601705831146 -999.0 16600.0 -999.0 2 227 {-999.0 -999.0 -999.0 -999.0 -999.0} "" -999.0 -999.0 -999.0 -999.0 -999 -999 "" "" "" "" 0 0 0.0 0.0 -999 ""
FIBERMAP 675 R-1C20 BOSS 1 1 0 1 0 0 152.17685428656685 -27.087680255469003 143.1 151.21013932428284 -31.982031386119022 283.68573 143.99797 191.1584426148619 26.009595008218522 -0.13385575 1.0191073 0.17014739 191.1584557478184 26.00961182267688 191.1574188545411 25.864990251530525 63.39344520828052 262.73048423719837 5400.0 5400.0 2016.0 1 271 {-999.0 21.39465 21.333414 20.97875 20.65104} sdss_psfmag_from_lsdr10 20.73673 20.621613 20.138288 -999.0 63050395173398455 1059138410 dark_flexible_2x2 bhm_spiders_agn_lsdr10 bhm_spiders science 0 0 0.0 0.0 -999 ""
FIBERMAP 675 R-1C20 METROLOGY 0 0 0 1 0 0 151.68936778995058 -26.503080222978042 143.1 150.74181476635692 -31.382055553104262 283.68573 143.99797 -999.0 -999.0 -999.0 -999.0 -999.0 191.15613713147263 26.012363287388975 191.15507243781246 25.867729423247432 63.3925153370279 262.73792188425557 -999.0 6231.0 -999.0 -1 -999 {-999.0 -999.0 -999.0 -999.0 -999.0} "" -999.0 -999.0 -999.0 -999.0 -999 -999 "" "" "" "" 0 0 0.0 0.0 -999 ""
FIBERMAP 676 R-9C12 APOGEE 0 0 0 1 0 0 59.84447699987334 -161.37856503320535 143.1 54.60029422777623 -163.21160040312094 82.53721 109.37771 -999.0 -999.0 -999.0 -999.0 -999.0 190.66798104050253 25.415420465218265 190.66783328783424 25.270710656683285 62.75791519621137 261.8914726845509 -999.0 16600.0 -999.0 2 152 {-999.0 -999.0 -999.0 -999.0 -999.0} "" -999.0 -999.0 -999.0 -999.0 -999 -999 "" "" "" "" 0 0 0.0 0.0 -999 ""
FIBERMAP 676 R-9C12 BOSS 1 1 0 1 0 0 60.580523576432334 -161.22265140062916 143.1 55.3409244302047 -163.0795342515607 82.53721 109.37771 190.67134696056485 25.41593228950829 -19.3109 -5.430762 0.5963303 190.67161995713911 25.415920653118903 190.67157378895797 25.271253054064722 62.76124090746823 261.8896772845558 5400.0 5400.0 2016.0 1 368 {-999.0 16.238045 15.848419 15.705143 -999.0} sdss_psfmag 16.158468 15.841121 15.364162 14.515 63050395173397680 1136214058 dark_flexible_3x1 mwm_halo_local_high_boss_triple mwm_halo science 0 0 1.183144450187683 0.0 -999 ""
FIBERMAP 676 R-9C12 METROLOGY 0 0 0 1 0 0 60.35055231551236 -161.93661699769467 143.1 55.0880530164699 -163.78564419071756 82.53721 109.37771 -999.0 -999.0 -999.0 -999.0 -999.0 190.67035989563536 25.41275226693039 190.67028666208012 25.268073264499343 62.75892735010322 261.8842754535055 -999.0 6231.0 -999.0 -1 -999 {-999.0 -999.0 -999.0 -999.0 -999.0} "" -999.0 -999.0 -999.0 -999.0 -999 -999 "" "" "" "" 0 0 0.0 0.0 -999 ""
FIBERMAP 677 R-11C3 APOGEE 0 0 0 1 0 0 -119.24702356085302 -203.35072164382433 143.1 -125.73671600071478 -199.37884117052627 50.62275 133.88818 -999.0 -999.0 -999.0 -999.0 -999.0 189.76329728195148 25.25272616366137 189.7645199560077 25.107760496905406 61.941870158711204 262.2571139687628 -999.0 16600.0 -999.0 2 206 {-999.0 -999.0 -999.0 -999.0 -999.0} "" -999.0 -999.0 -999.0 -999.0 -999 -999 "" "" "" "" 0 0 0.0 0.0 -999 ""
FIBERMAP 677 R-11C3 BOSS 1 1 0 1 0 0 -118.51257224705294 -203.25864005591544 143.1 -124.99973998564168 -199.31051674978326 50.62275 133.88818 189.766845703125 25.25295569672481 -999.0 -999.0 -999.0 189.7668441311836 25.252959669751768 189.76817224739773 25.10803764111328 61.94502180953083 262.2549030251215 5400.0 5400.0 2015.5 1 338 {-999.0 -999.0 -999.0 -999.0 -999.0} "" -999.0 -999.0 -999.0 -999.0 27021603145536638 812565406 "" ops_sky_boss_good ops_sky sky_boss 0 0 0.0 0.0 -999 ""
FIBERMAP 677 R-11C3 METROLOGY 0 0 0 1 0 0 -118.79519218893932 -203.94032824768664 143.1 -125.30418644059687 -199.9826699185944 50.62275 133.88818 -999.0 -999.0 -999.0 -999.0 -999.0 189.76539241313606 25.249960208479354 189.7666924943976 25.105026294865223 61.942609661385454 262.25012740147497 -999.0 6231.0 -999.0 -1 -999 {-999.0 -999.0 -999.0 -999.0 -999.0} "" -999.0 -999.0 -999.0 -999.0 -999 -999 "" "" "" "" 0 0 0.0 0.0 -999 ""
FIBERMAP 678 R+11C16 APOGEE 0 0 0 1 0 0 166.26212097473524 221.32894247410232 143.1 173.3033776395946 215.82892149625602 42.766697 160.7475 -999.0 -999.0 -999.0 -999.0 -999.0 191.2743987008355 27.130057713021124 191.27253050316585 26.98521004082352 63.890992888066165 265.00321849399506 -999.0 16600.0 -999.0 2 58 {-999.0 -999.0 -999.0 -999.0 -999.0} "" -999.0 -999.0 -999.0 -999.0 -999 -999 "" "" "" "" 0 0 0.0 0.0 -999 ""
FIBERMAP 678 R+11C16 BOSS 1 1 0 1 0 0 166.94882615109012 221.63144500232363 143.1 173.9994269640292 216.10907963644948 42.766697 160.7475 191.2777858201211 27.131227534511417 -0.37416938 0.6295568 0.10203022 191.27779954316384 27.131224410986757 191.2760311557564 26.98641189061429 63.89433524901632 265.0033680715634 5400.0 5400.0 2016.0 1 171 {-999.0 19.949688 19.770267 19.606094 19.449615} sdss_psfmag_from_gdr3 19.98337 19.782215 19.287708 -999.0 63050395173402476 1128677133 dark_flexible_3x1 bhm_spiders_agn_gaiadr3_d3 bhm_spiders science 0 0 0.0 0.0 -999 ""
FIBERMAP 678 R+11C16 METROLOGY 0 0 0 1 0 0 166.86716135180973 220.89057737083127 143.1 173.89390364251614 215.37129809848773 42.766697 160.7475 -999.0 -999.0 -999.0 -999.0 -999.0 191.2773008965767 27.12794045823718 191.27550498199366 26.983118759429534 63.89277117741712 264.99669666897887 -999.0 6231.0 -999.0 -1 -999 {-999.0 -999.0 -999.0 -999.0 -999.0} "" -999.0 -999.0 -999.0 -999.0 -999 -999 "" "" "" "" 0 0 0.0 0.0 -999 ""
FIBERMAP 681 R+6C17 APOGEE 0 0 0 1 0 0 124.84073631029827 118.37315529635585 143.1 128.5847529677272 114.27246090293293 135.10228 145.90627 -999.0 -999.0 -999.0 -999.0 -999.0 191.0477148109108 26.674833371562716 191.0464142269576 26.52999668094053 63.54335085980591 264.1979813519364 -999.0 16600.0 -999.0 2 71 {-999.0 -999.0 -999.0 -999.0 -999.0} "" -999.0 -999.0 -999.0 -999.0 -999 -999 "" "" "" "" 0 0 0.0 0.0 -999 ""
FIBERMAP 681 R+6C17 BOSS 1 1 0 1 0 0 124.71351652459984 119.09836014419342 143.1 128.48101333787812 115.00133000629384 135.10228 145.90627 191.04714215815378 26.678180844293834 -0.09322752 0.38718984 0.061175168 191.0471391655367 26.678141459847208 191.0459440931544 26.533339917622833 63.54414276916283 264.20533288845525 5400.0 5400.0 2016.0 1 207 {-999.0 20.012669 19.769018 19.54445 19.329226} sdss_psfmag_from_gdr3 20.150755 19.860752 19.319641 -999.0 63050395173401652 1128677121 dark_flexible_3x1 bhm_spiders_agn_gaiadr3_d3 bhm_spiders science 0 0 0.0 0.0 -999 ""
FIBERMAP 681 R+6C17 METROLOGY 0 0 0 1 0 0 125.41489661074867 118.86088381916551 143.1 129.1743032302956 114.74136423569216 135.10228 145.90627 -999.0 -999.0 -999.0 -999.0 -999.0 191.05067051375357 26.676939966075086 191.0494405822426 26.532129721980716 63.54663887219091 264.20030354714186 -999.0 6231.0 -999.0 -1 -999 {-999.0 -999.0 -999.0 -999.0 -999.0} "" -999.0 -999.0 -999.0 -999.0 -999 -999 "" "" "" "" 0 0 0.0 0.0 -999 ""
FIBERMAP 683 R-1C25 APOGEE 0 0 0 1 0 0 276.77124484981573 -26.07853307970553 143.1 275.76129545937516 -34.99422751669958 35.215298 51.53682 -999.0 -999.0 -999.0 -999.0 -999.0 191.78047513130142 25.992044404477408 191.7784290678485 25.847623074831233 63.9046036132451 262.2200777408211 -999.0 16600.0 -999.0 2 -999 {-999.0 -999.0 -999.0 -999.0 -999.0} "" -999.0 -999.0 -999.0 -999.0 -999 -999 "" "" "" "" 0 0 0.0 0.0 -999 ""
FIBERMAP 683 R-1C25 BOSS 1 1 0 1 0 0 276.72445217699936 -26.834885265435204 143.1 275.69012335391864 -35.74860953113714 35.215298 51.53682 191.77995476358606 25.988583285558388 0.49453184 -0.45559606 -0.44372836 191.7799650686808 25.988601410706302 191.77802447400757 25.844218440311817 63.902979004308335 262.2132256528321 5400.0 5400.0 2016.0 1 261 {-999.0 19.462568 19.225569 19.300009 19.462128} sdss_psfmag_from_lsdr10 19.846352 19.79112 19.449509 -999.0 63050395173396703 1059138418 dark_flexible_2x2 bhm_spiders_agn_lsdr10 bhm_spiders science 0 0 0.0 0.0 -999 ""
FIBERMAP 683 R-1C25 METROLOGY 0 0 0 1 0 0 276.1057408986261 -26.415825936823506 143.1 275.0853117587942 -35.309838995381895 35.215298 51.53682 -999.0 -999.0 -999.0 -999.0 -999.0 191.7770327832169 25.990618356946857 191.77506627330672 25.84622309031773 63.90127255098706 262.21973296883425 -999.0 6231.0 -999.0 -1 -999 {-999.0 -999.0 -999.0 -999.0 -999.0} "" -999.0 -999.0 -999.0 -999.0 -999 -999 "" "" "" "" 0 0 0.0 0.0 -999 ""
FIBERMAP 685 R+6C6 APOGEE 0 0 0 1 0 0 -99.93543097425778 128.48680310103487 143.1 -95.72829306217416 131.6336060978852 75.85605 81.33316 -999.0 -999.0 -999.0 -999.0 -999.0 189.90666391124654 26.754928580708 189.90705202387244 26.609698094697766 62.617451067770354 265.1545103566826 -999.0 16600.0 -999.0 2 -999 {-999.0 -999.0 -999.0 -999.0 -999.0} "" -999.0 -999.0 -999.0 -999.0 -999 -999 "" "" "" "" 0 0 0.0 0.0 -999 ""
FIBERMAP 685 R+6C6 BOSS 1 1 0 1 0 0 -99.17599336740972 128.11768035050693 143.1 -94.98122927222833 131.2402004441721 75.85605 81.33316 189.91031212849435 26.75317052545425 0.07213648 -0.018170811 -0.06949315 189.91031258390424 26.753175886916413 189.91080678566755 26.607983791693044 62.61999881476591 265.1484698436432 5400.0 5400.0 2016.0 1 55 {-999.0 18.929556 18.846405 18.727453 18.482447} sdss_psfmag 19.099777 18.971867 18.525747 -999.0 63050395173413687 1128956198 dark_1x4 bhm_aqmes_wide1 bhm_aqmes science 0 0 0.0 0.0 -999 ""
FIBERMAP 685 R+6C6 METROLOGY 0 0 0 1 0 0 -99.82013384157122 127.74966773239078 143.1 -95.63685383634261 130.8931984825094 75.85605 81.33316 -999.0 -999.0 -999.0 -999.0 -999.0 189.90702159316461 26.751588183209687 189.90749003705514 26.606384952839743 62.6166617670382 265.1474626421941 -999.0 6231.0 -999.0 -1 -999 {-999.0 -999.0 -999.0 -999.0 -999.0} "" -999.0 -999.0 -999.0 -999.0 -999 -999 "" "" "" "" 0 0 0.0 0.0 -999 ""
FIBERMAP 687 R-7C16 APOGEE 1 1 0 1 0 0 113.73057813186544 -144.61540132691994 143.1 108.99456887491066 -148.19756905160253 219.62965 121.05496 190.94173896268836 25.48314454150965 -14.951402 -35.26956 4.37942 190.9417162274771 25.483056771381477 190.94114266116628 25.338428047116174 63.01183827259804 261.8167571304401 16000.0 16600.0 2016.0 2 186 {-999.0 11.654123 11.284047 11.174187 -999.0} sdss_psfmag_from_g3xp 11.595767 11.303847 10.84649 10.043 63050395173394662 975022171 "" ops_std_apogee ops_std standard_apogee 0 0 0.0 0.0 -999 ""
FIBERMAP 687 R-7C16 BOSS 0 0 0 1 0 0 113.05442689680713 -144.34487104976594 143.1 108.32755915414798 -147.90538358695724 219.62965 121.05496 -999.0 -999.0 -999.0 -999.0 -999.0 190.9383089982084 25.48429713926899 190.93784577024076 25.339707498683406 63.00959283627133 261.8219123860203 -999.0 5400.0 -999.0 1 306 {-999.0 -999.0 -999.0 -999.0 -999.0} "" -999.0 -999.0 -999.0 -999.0 -999 -999 "" "" "" "" 0 0 0.0 0.0 -999 ""
FIBERMAP 687 R-7C16 METROLOGY 0 0 0 1 0 0 113.62422295931698 -143.87692030331146 143.1 108.91210959417293 -147.45610516188708 219.62965 121.05496 -999.0 -999.0 -999.0 -999.0 -999.0 190.94128402138472 25.48634527108778 190.94078548167352 25.34174476013629 63.01283354809627 261.8237652741233 -999.0 6231.0 -999.0 -1 -999 {-999.0 -999.0 -999.0 -999.0 -999.0} "" -999.0 -999.0 -999.0 -999.0 -999 -999 "" "" "" "" 0 0 0.0 0.0 -999 ""
FIBERMAP 688 R-7C2 APOGEE 0 0 0 1 0 0 -195.56501996317706 -120.56920892100821 143.1 -199.33687756246508 -114.18486705270517 130.73698 89.65072 -999.0 -999.0 -999.0 -999.0 -999.0 189.39120384312633 25.636633907134236 189.39281087992435 25.491481233522535 61.779731230357875 263.28257779777744 -999.0 16600.0 -999.0 2 -999 {-999.0 -999.0 -999.0 -999.0 -999.0} "" -999.0 -999.0 -999.0 -999.0 -999 -999 "" "" "" "" 0 0 0.0 0.0 -999 ""
FIBERMAP 688 R-7C2 BOSS 1 1 0 1 0 0 -195.00715099902004 -120.04055178884238 143.1 -198.76228793625475 -113.67453428018504 130.73698 89.65072 189.39384555122308 25.63886771431565 -0.33046162 0.08081801 0.06840498 189.39389002991487 25.638886764657638 189.3956046212694 25.49377597772505 61.78293519830958 263.2850438317644 5400.0 5400.0 2016.0 1 488 {-999.0 18.571753 18.636196 18.481743 18.603935} sdss_psfmag 18.028837 18.021051 17.675623 16.301 63050395173385803 1128956113 dark_1x4 bhm_aqmes_wide1 bhm_aqmes science 0 0 0.0 0.0 -999 ""
FIBERMAP 688 R-7C2 METROLOGY 0 0 0 1 0 0 -194.84644722012078 -120.76999535841958 143.1 -198.62522146991927 -114.40872007338956 130.73698 89.65072 -999.0 -999.0 -999.0 -999.0 -999.0 189.39465728253143 25.635585628147226 189.3963402022 25.49046395586766 61.78229246823052 263.2780301234335 -999.0 6231.0 -999.0 -1 -999 {-999.0 -999.0 -999.0 -999.0 -999.0} "" -999.0 -999.0 -999.0 -999.0 -999 -999 "" "" "" "" 0 0 0.0 0.0 -999 ""
FIBERMAP 689 R+5C20 APOGEE 0 0 0 1 0 0 173.7330356152172 84.62696967700583 143.1 176.35829946958032 78.96902429984941 274.36575 48.071327 -999.0 -999.0 -999.0 -999.0 -999.0 191.28860366473367 26.512782072843347 191.28702077738444 26.36806611525041 63.68666252323261 263.6844044640758 -999.0 16600.0 -999.0 2 45 {-999.0 -999.0 -999.0 -999.0 -999.0} "" -999.0 -999.0 -999.0 -999.0 -999 -999 "" "" "" "" 0 0 0.0 0.0 -999 ""
FIBERMAP 689 R+5C20 BOSS 1 1 0 1 0 0 173.15020781042392 85.09132858830398 143.1 175.79081135980908 79.4519088797529 274.36575 48.071327 191.28570556640625 26.514960735136334 -999.0 -999.0 -999.0 191.28570152773716 26.514982162724422 191.28422708210542 26.370301076759098 63.68513280164201 263.69114190041154 5400.0 5400.0 2015.5 1 194 {-999.0 -999.0 -999.0 -999.0 -999.0} "" -999.0 -999.0 -999.0 -999.0 27021603145566344 812569525 "" ops_sky_boss_good ops_sky sky_boss 0 0 0.0 0.0 -999 ""
FIBERMAP 689 R+5C20 METROLOGY 0 0 0 1 0 0 173.85277341606465 85.3601193823699 143.1 176.50162356827107 79.69786397042262 274.36575 48.071327 -999.0 -999.0 -999.0 -999.0 -999.0 191.28930978900843 26.516070809720578 191.2877995829699 26.371380511485587 63.6885074996067 263.6908124791126 -999.0 6231.0 -999.0 -1 -999 {-999.0 -999.0 -999.0 -999.0 -999.0} "" -999.0 -999.0 -999.0 -999.0 -999 -999 "" "" "" "" 0 0 0.0 0.0 -999 ""
FIBERMAP 690 R-4C17 APOGEE 0 0 0 1 0 0 128.970132842107 -80.09779660897999 143.1 126.30687072923888 -84.21100405141492 22.378511 84.12975 -999.0 -999.0 -999.0 -999.0 -999.0 191.03118378007957 25.77285175950342 191.0303422472307 25.628194849043297 63.19789568197321 262.33910348804613 -999.0 16600.0 -999.0 2 201 {-999.0 -999.0 -999.0 -999.0 -999.0} "" -999.0 -999.0 -999.0 -999.0 -999 -999 "" "" "" "" 0 0 0.0 0.0 -999 ""
FIBERMAP 690 R-4C17 BOSS 1 1 0 1 0 0 129.1806441541417 -80.80564287468425 143.1 126.4944113838817 -84.92521299644545 22.378511 84.12975 191.03208005658175 25.769542041551308 -9.012062 -9.085657 0.30379122 191.0320479881965 25.769535004572447 191.03131257795872 25.624918484920514 63.197453761330635 262.331646975573 5400.0 5400.0 2016.0 1 301 {-999.0 17.572851 17.209835 17.099304 -999.0} sdss_psfmag 17.529465 17.217344 16.758884 16.137 63050395173398261 977060543 "" ops_std_boss ops_std standard_boss 0 0 0.0 0.0 -999 ""
FIBERMAP 690 R-4C17 METROLOGY 0 0 0 1 0 0 128.45200391616288 -80.63235774592053 143.1 125.77180643890557 -84.72851966970264 22.378511 84.12975 -999.0 -999.0 -999.0 -999.0 -999.0 191.0284383390812 25.77045551121888 191.02767777610757 25.625826346200483 63.194771191214095 262.3362820434239 -999.0 6231.0 -999.0 -1 -999 {-999.0 -999.0 -999.0 -999.0 -999.0} "" -999.0 -999.0 -999.0 -999.0 -999 -999 "" "" "" "" 0 0 0.0 0.0 -999 ""
FIBERMAP 691 R+10C2 APOGEE 0 0 0 1 0 0 -159.6811774338263 214.10326089407917 143.1 -152.67480159689674 219.12600497392268 152.61972 49.43355 -999.0 -999.0 -999.0 -999.0 -999.0 189.61799009440873 27.146690919482683 189.61865796003417 27.00129513605217 62.50989102526588 266.14442195637446 -999.0 16600.0 -999.0 2 -999 {-999.0 -999.0 -999.0 -999.0 -999.0} "" -999.0 -999.0 -999.0 -999.0 -999 -999 "" "" "" "" 0 0 0.0 0.0 -999 ""
FIBERMAP 691 R+10C2 BOSS 1 1 0 1 0 0 -158.9682043640112 214.3787592747933 143.1 -151.95337179840297 219.378327715929 152.61972 49.43355 189.62152955703604 27.147850809731572 -0.72489995 -0.8889934 -1.1376337 189.6215236458145 27.147832560258053 189.62229792648668 27.00247335020955 62.513341546043534 266.14445999718066 5400.0 5400.0 2016.0 1 18 {-999.0 20.879665 20.539253 20.51428 20.546812} sdss_psfmag_from_lsdr10 20.640755 20.541183 20.102942 -999.0 63050395173417541 1059143873 dark_flexible_2x2 bhm_spiders_agn_lsdr10 bhm_spiders science 0 0 0.0 0.0 -999 ""
FIBERMAP 691 R+10C2 METROLOGY 0 0 0 1 0 0 -159.08911187492595 213.64925609842624 143.1 -152.0977472200461 218.6531701030801 152.61972 49.43355 -999.0 -999.0 -999.0 -999.0 -999.0 189.62082060668627 27.144586650836025 189.6215654532133 26.999217763521898 62.511630856245155 266.138294421851 -999.0 6231.0 -999.0 -1 -999 {-999.0 -999.0 -999.0 -999.0 -999.0} "" -999.0 -999.0 -999.0 -999.0 -999 -999 "" "" "" "" 0 0 0.0 0.0 -999 ""
FIBERMAP 692 R+8C17 APOGEE 0 0 0 1 0 0 144.6493486388051 166.92519652885505 143.1 149.94811524185738 162.15572947661755 162.2249 87.423 -999.0 -999.0 -999.0 -999.0 -999.0 191.1563727081222 26.89036940758415 191.15480284944476 26.745527677731747 63.70979539866099 264.5755871400721 -999.0 16600.0 -999.0 2 81 {-999.0 -999.0 -999.0 -999.0 -999.0} "" -999.0 -999.0 -999.0 -999.0 -999 -999 "" "" "" "" 0 0 0.0 0.0 -999 ""
FIBERMAP 692 R+8C17 BOSS 1 1 0 1 0 0 144.9457205083761 167.59553828167233 143.1 150.26593910235033 162.81609932711498 162.2249 87.423 191.15789468793753 26.893314637535436 -0.534867 1.703139 0.025593227 191.15790962462282 26.8933250436675 191.1564419135583 26.74851839714691 63.71220885014684 264.5807664538984 5400.0 5400.0 2016.0 1 226 {-999.0 20.548647 20.371153 20.06485 19.786314} sdss_psfmag_from_lsdr10 20.484165 20.57373 19.756088 -999.0 63050395173402308 1059142809 dark_flexible_2x2 bhm_spiders_agn_lsdr10 bhm_spiders science 0 0 0.0 0.0 -999 ""
FIBERMAP 692 R+8C17 METROLOGY 0 0 0 1 0 0 145.40634008909615 167.01796563551392 143.1 150.70763986716443 162.22401361526548 162.2249 87.423 -999.0 -999.0 -999.0 -999.0 -999.0 191.16016469480888 26.890636143915597 191.15866485133688 26.745820914405044 63.71313045377471 264.57349601674457 -999.0 6231.0 -999.0 -1 -999 {-999.0 -999.0 -999.0 -999.0 -999.0} "" -999.0 -999.0 -999.0 -999.0 -999 -999 "" "" "" "" 0 0 0.0 0.0 -999 ""
FIBERMAP 693 R+2C15 APOGEE 0 0 0 1 0 0 59.233870216065796 31.63929217806832 143.1 60.218851110506925 29.708534109369296 356.12384 92.12942 -999.0 -999.0 -999.0 -999.0 -999.0 190.69962785339587 26.29220621242097 190.6990293934099 26.147326349745025 63.11519033291421 263.65209028650474 -999.0 16600.0 -999.0 2 54 {-999.0 -999.0 -999.0 -999.0 -999.0} "" -999.0 -999.0 -999.0 -999.0 -999 -999 "" "" "" "" 0 0 0.0 0.0 -999 ""
FIBERMAP 693 R+2C15 BOSS 1 1 0 1 0 0 59.219998391876935 30.899757244808086 143.1 60.18112252741088 28.969896742345057 356.12384 92.12942 190.6993782548058 26.28879975193019 -4.441114 8.7974615 1.9472005 190.69935569124712 26.28882093378255 190.6988666164243 26.143979489811112 63.113832471821155 263.64531792602315 5400.0 5400.0 2016.0 1 198 {-999.0 19.817625 18.35619 17.312986 -999.0} sdss_psfmag 19.291735 17.999897 16.886528 14.803 63050395173399749 1095514024 bright_1x1 mwm_bin_vis_boss mwm_filler science 0 0 0.0 0.0 -999 ""
FIBERMAP 693 R+2C15 METROLOGY 0 0 0 1 0 0 58.57446492641797 31.275178866793514 143.1 59.54809685041633 29.36592168627934 356.12384 92.12942 -999.0 -999.0 -999.0 -999.0 -999.0 190.69617032792002 26.290641015910694 190.69565471701515 26.145787390949785 63.11180825806029 263.65136730791164 -999.0 6231.0 -999.0 -1 -999 {-999.0 -999.0 -999.0 -999.0 -999.0} "" -999.0 -999.0 -999.0 -999.0 -999 -999 "" "" "" "" 0 0 0.0 0.0 -999 ""
FIBERMAP 694 R+3C15 APOGEE 0 0 0 1 0 0 68.38481446617905 68.19452778140723 143.1 70.54388566725748 65.9462244134974 60.05463 95.797035 -999.0 -999.0 -999.0 -999.0 -999.0 190.75250645679634 26.45697573347812 190.75175254645603 26.312080183156066 63.219011200253945 263.9542430991101 -999.0 16600.0 -999.0 2 -999 {-999.0 -999.0 -999.0 -999.0 -999.0} "" -999.0 -999.0 -999.0 -999.0 -999 -999 "" "" "" "" 0 0 0.0 0.0 -999 ""
FIBERMAP 694 R+3C15 BOSS 1 1 0 1 0 0 69.0962064881674 67.86199995051626 143.1 71.2441140402367 65.59094187336544 60.05463 95.797035 190.755978900381 26.455338281537703 -999.0 -999.0 -999.0 190.75599146659104 26.455341970346115 190.75534038688465 26.310485099289895 63.22143667348468 263.9483689320339 5400.0 5400.0 2016.0 1 197 {-999.0 22.03392 21.925676 21.52189 21.24328} sdss_fiber2mag_from_lsdr10 nan nan nan -999.0 63050398343633092 1059140665 dark_flexible_2x2 bhm_spiders_agn_lsdr10 bhm_spiders science 0 0 0.0 0.0 -999 ""
FIBERMAP 694 R+3C15 METROLOGY 0 0 0 1 0 0 68.46760254273389 67.45303731289658 143.1 70.60269507320419 65.20251343287434 60.05463 95.797035 -999.0 -999.0 -999.0 -999.0 -999.0 190.75275114913384 26.453591170474308 190.7520753391991 26.308723024137674 63.21807152479252 263.94706153501903 -999.0 6231.0 -999.0 -1 -999 {-999.0 -999.0 -999.0 -999.0 -999.0} "" -999.0 -999.0 -999.0 -999.0 -999 -999 "" "" "" "" 0 0 0.0 0.0 -999 ""
FIBERMAP 695 R-4C1 APOGEE 1 1 0 1 0 0 -241.57358294019087 -87.7357200788425 143.1 -244.25789535656168 -79.88663171856038 279.56955 133.38606 189.16555880459129 25.791177881329336 12.368605 -83.270035 7.308945 189.1655904341462 25.790954564378175 189.16746801962518 25.645708029143766 61.64960490141705 263.745762486388 16000.0 16600.0 2016.0 2 248 {-999.0 9.358946 8.949385 8.819428 -999.0} sdss_psfmag_from_g3xp 9.294117 8.978382 8.493519 7.667 63050395173386147 975022074 "" ops_std_apogee ops_std standard_apogee 0 0 0.0 0.0 -999 ""
FIBERMAP 695 R-4C1 BOSS 0 0 0 1 0 0 -242.0047787889318 -88.33777544327666 143.1 -244.70825753340162 -80.47440588062831 279.56955 133.38606 -999.0 -999.0 -999.0 -999.0 -999.0 189.1632661471654 25.788242924906108 189.1652615374353 25.643037608266848 61.646760349437486 263.7421173986701 -999.0 5400.0 -999.0 1 497 {-999.0 -999.0 -999.0 -999.0 -999.0} "" -999.0 -999.0 -999.0 -999.0 -999 -999 "" "" "" "" 0 0 0.0 0.0 -999 ""
FIBERMAP 695 R-4C1 METROLOGY 0 0 0 1 0 0 -242.318409930096 -87.65455117282015 143.1 -244.99964984690754 -79.78147621794704 279.56955 133.38606 -999.0 -999.0 -999.0 -999.0 -999.0 189.16181152958941 25.791381321059156 189.16377574506566 25.646163259762602 61.64668909053454 263.74927629945574 -999.0 6231.0 -999.0 -1 -999 {-999.0 -999.0 -999.0 -999.0 -999.0} "" -999.0 -999.0 -999.0 -999.0 -999 -999 "" "" "" "" 0 0 0.0 0.0 -999 ""
FIBERMAP 698 R+7C18 APOGEE 1 1 0 1 0 0 155.0085686183317 136.8578188783016 143.1 159.33074214784858 131.77234636446417 173.33774 119.48049 191.2035797016696 26.752720183528577 -12.084301 -1.2046305 1.7219098 191.20355355866658 26.752701357645584 191.20197990146733 26.607904968270645 63.70104806487204 264.2512693091456 16000.0 16600.0 2016.0 2 40 {-999.0 11.6354885 11.342496 11.266497 -999.0} sdss_psfmag_from_g3xp 11.602214 11.349445 10.939673 10.275 63050395173402063 975022245 "" ops_std_apogee ops_std standard_apogee 0 0 0.0 0.0 -999 ""
FIBERMAP 698 R+7C18 BOSS 0 0 0 1 0 0 154.71128898682412 137.54184465305076 143.1 159.05571726112657 132.46554937163162 173.33774 119.48049 -999.0 -999.0 -999.0 -999.0 -999.0 191.20210662377065 26.755843337322062 191.20063927369733 26.611081368478594 63.701046404509185 264.25893208482455 -999.0 5400.0 -999.0 1 196 {-999.0 -999.0 -999.0 -999.0 -999.0} "" -999.0 -999.0 -999.0 -999.0 -999 -999 "" "" "" "" 0 0 0.0 0.0 -999 ""
FIBERMAP 698 R+7C18 METROLOGY 0 0 0 1 0 0 155.44841141606827 137.46016820516238 143.1 159.78975549942206 132.36013526832934 173.33774 119.48049 -999.0 -999.0 -999.0 -999.0 -999.0 191.20583717662677 26.755334014849407 191.20433448627273 26.610563422884987 63.70395543892543 264.2552089592233 -999.0 6231.0 -999.0 -1 -999 {-999.0 -999.0 -999.0 -999.0 -999.0} "" -999.0 -999.0 -999.0 -999.0 -999 -999 "" "" "" "" 0 0 0.0 0.0 -999 ""
FIBERMAP 704 R+5C16 APOGEE 0 0 0 1 0 0 120.00051069326739 95.28943524568415 143.1 123.00254770952442 91.358981156707 43.28721 60.64103 -999.0 -999.0 -999.0 -999.0 -999.0 191.0190964807867 26.571112054057217 191.01788898570248 26.426286418285027 63.48255983373848 264.0010751664085 -999.0 16600.0 -999.0 2 79 {-999.0 -999.0 -999.0 -999.0 -999.0} "" -999.0 -999.0 -999.0 -999.0 -999 -999 "" "" "" "" 0 0 0.0 0.0 -999 ""
FIBERMAP 704 R+5C16 BOSS 1 1 0 1 0 0 120.19154423951308 94.57471924959407 143.1 123.17040075820168 90.63853521885777 43.28721 60.64103 191.01987720796754 26.56780802662599 -999.0 -999.0 -999.0 191.019881390924 26.56783377828324 191.01878058383477 26.423045559526454 63.48214621127896 263.9936569469013 5400.0 5400.0 2016.0 1 214 {-999.0 23.364052 21.797157 21.027128 20.518276} sdss_fiber2mag_from_lsdr10 nan nan nan -999.0 63050398343720138 1059140669 dark_flexible_2x2 bhm_spiders_agn_lsdr10 bhm_spiders science 0 0 0.0 0.0 -999 ""
FIBERMAP 704 R+5C16 METROLOGY 0 0 0 1 0 0 119.4761263390567 94.76132306193641 143.1 122.46143990783219 90.84811243433104 43.28721 60.64103 -999.0 -999.0 -999.0 -999.0 -999.0 191.01631170458745 26.56881278799344 191.0151856736112 26.42401276319323 63.47948589303108 263.9982590870165 -999.0 6231.0 -999.0 -1 -999 {-999.0 -999.0 -999.0 -999.0 -999.0} "" -999.0 -999.0 -999.0 -999.0 -999 -999 "" "" "" "" 0 0 0.0 0.0 -999 ""
FIBERMAP 706 R+6C21 APOGEE 0 0 0 1 0 0 214.53104462499022 128.67943762582956 143.1 218.55308529309625 121.67811766877132 145.15933 98.276 -999.0 -999.0 -999.0 -999.0 -999.0 191.50164638016048 26.703654070953807 191.4996477189685 26.558978504176388 63.93270811062615 263.9340643037423 -999.0 16600.0 -999.0 2 67 {-999.0 -999.0 -999.0 -999.0 -999.0} "" -999.0 -999.0 -999.0 -999.0 -999 -999 "" "" "" "" 0 0 0.0 0.0 -999 ""
FIBERMAP 706 R+6C21 BOSS 1 1 0 1 0 0 214.8533957556343 129.34889516286387 143.1 218.8968440753905 122.33676547640763 145.15933 98.276 191.5033306909083 26.70660792966535 0.43274635 -0.26303342 -0.013697065 191.5032967973571 26.706578134623808 191.50139859656588 26.56193806739244 63.935223026120454 263.939095237985 5400.0 5400.0 2016.0 1 249 {-999.0 18.546915 18.555477 18.343525 18.317598} sdss_psfmag 18.818014 18.603897 18.04721 -999.0 63050395173401299 1128956165 dark_1x4 bhm_aqmes_wide1 bhm_aqmes science 0 0 0.0 0.0 -999 ""
FIBERMAP 706 R+6C21 METROLOGY 0 0 0 1 0 0 215.27657362240993 128.7389864007179 143.1 219.3000824006673 121.7135715857264 145.15933 98.276 -999.0 -999.0 -999.0 -999.0 -999.0 191.5053331232834 26.703746292677785 191.50340369458763 26.559097530765335 63.93589101983791 263.93160228517445 -999.0 6231.0 -999.0 -1 -999 {-999.0 -999.0 -999.0 -999.0 -999.0} "" -999.0 -999.0 -999.0 -999.0 -999 -999 "" "" "" "" 0 0 0.0 0.0 -999 ""
FIBERMAP 709 R+2C18 APOGEE 0 0 0 1 0 0 118.97740113903232 49.06501635300326 143.1 120.48837322242603 45.19570036989682 51.524296 120.7984 -999.0 -999.0 -999.0 -999.0 -999.0 191.00551863107094 26.361440973026735 191.0044322760067 26.21665355579091 63.39567311845677 263.57356506556494 -999.0 16600.0 -999.0 2 -999 {-999.0 -999.0 -999.0 -999.0 -999.0} "" -999.0 -999.0 -999.0 -999.0 -999 -999 "" "" "" "" 0 0 0.0 0.0 -999 ""
FIBERMAP 709 R+2C18 BOSS 1 1 0 1 0 0 119.70321306370967 48.99276894407916 143.1 121.21141211744978 45.10007456535359 51.524296 120.7984 191.0091208612654 26.360944029554044 -0.042203266 0.005410141 0.011503155 191.00912937527306 26.360967887518466 191.00814407881865 26.216219089512663 63.39861654525836 263.56995476393195 5400.0 5400.0 2016.0 1 200 {-999.0 18.762598 18.508259 18.454275 18.475107} sdss_psfmag 18.843487 18.61606 18.185204 -999.0 63050395173400558 1128956163 dark_1x4 bhm_aqmes_wide1 bhm_aqmes science 0 0 0.0 0.0 -999 ""
FIBERMAP 709 R+2C18 METROLOGY 0 0 0 1 0 0 119.2780501029436 48.3821750969189 143.1 120.76680361680023 44.50357243055628 51.524296 120.7984 -999.0 -999.0 -999.0 -999.0 -999.0 191.00688493780532 26.35827449221212 191.00587418459725 26.213514905122178 63.39573544619613 263.56598577064665 -999.0 6231.0 -999.0 -1 -999 {-999.0 -999.0 -999.0 -999.0 -999.0} "" -999.0 -999.0 -999.0 -999.0 -999 -999 "" "" "" "" 0 0 0.0 0.0 -999 ""
FIBERMAP 710 R+8C6 APOGEE 0 0 0 1 0 0 -73.57589747704333 155.12353222892443 143.1 -68.52521418822586 157.40349348205348 23.88106 91.8305 -999.0 -999.0 -999.0 -999.0 -999.0 190.0449242716142 26.872193803802176 190.04505258883694 26.726981935301758 62.773833688360014 265.30087577231825 -999.0 16600.0 -999.0 2 -999 {-999.0 -999.0 -999.0 -999.0 -999.0} "" -999.0 -999.0 -999.0 -999.0 -999 -999 "" "" "" "" 0 0 0.0 0.0 -999 ""
FIBERMAP 710 R+8C6 BOSS 1 1 0 1 0 0 -73.25004634878223 154.44427020398408 143.1 -68.22148145812504 156.7141293086652 23.88106 91.8305 190.04638195437482 26.869059294903998 -13.137432 7.899424 2.628023 190.04633456694233 26.869098523100554 190.04657246676732 26.723924077213663 62.77404983334081 265.2935782042067 5400.0 5400.0 2016.0 1 77 {-999.0 19.610462 19.89636 20.084356 -999.0} sdss_psfmag 19.756643 19.729948 19.678204 -999.0 63050395173413796 1143500106 dark_1x3 mwm_wd_pwd_boss_1x3 mwm_wd science 0 0 0.0 0.0 -999 ""
FIBERMAP 710 R+8C6 METROLOGY 0 0 0 1 0 0 -73.99744191777194 154.5079331182992 143.1 -68.96636789285562 156.80187235724273 23.88106 91.8305 -999.0 -999.0 -999.0 -999.0 -999.0 190.0425799259321 26.869480342687257 190.04279210170353 26.724294352813953 62.77100978197338 265.2968902899083 -999.0 6231.0 -999.0 -1 -999 {-999.0 -999.0 -999.0 -999.0 -999.0} "" -999.0 -999.0 -999.0 -999.0 -999 -999 "" "" "" "" 0 0 0.0 0.0 -999 ""
FIBERMAP 714 R-3C22 APOGEE 0 0 0 1 0 0 196.03831439297608 -67.91062945428868 143.1 193.72753622167278 -74.19557829777655 253.84932 64.23266 -999.0 -999.0 -999.0 -999.0 -999.0 191.37000095685096 25.817068575843408 191.36864405584708 25.672526353299997 63.496692471232066 262.1709718237686 -999.0 16600.0 -999.0 2 209 {-999.0 -999.0 -999.0 -999.0 -999.0} "" -999.0 -999.0 -999.0 -999.0 -999 -999 "" "" "" "" 0 0 0.0 0.0 -999 ""
FIBERMAP 714 R-3C22 BOSS 1 1 0 1 0 0 195.47629834257242 -67.43866234722643 143.1 193.18109272558488 -73.70576175748455 253.84932 64.23266 191.36726776357466 25.819246886578142 -6.7303605 -3.817975 0.11700864 191.3672390604614 25.819244143626456 191.36598957626938 25.674739316254637 63.495325767628344 262.1776014700681 5400.0 5400.0 2016.0 1 309 {-999.0 18.141264 17.825579 17.666368 -999.0} sdss_psfmag 18.106426 17.80354 17.353228 16.39 63050395173395187 977060529 "" ops_std_boss ops_std standard_boss 0 0 0.0 0.0 -999 ""
FIBERMAP 714 R-3C22 METROLOGY 0 0 0 1 0 0 196.18485479073274 -67.18110105180148 143.1 193.89752974980095 -73.47122266148129 253.84932 64.23266 -999.0 -999.0 -999.0 -999.0 -999.0 191.37085468226888 25.820306007450373 191.36956978038586 25.67579128731516 63.498709731214085 262.17702103815543 -999.0 6231.0 -999.0 -1 -999 {-999.0 -999.0 -999.0 -999.0 -999.0} "" -999.0 -999.0 -999.0 -999.0 -999 -999 "" "" "" "" 0 0 0.0 0.0 -999 ""
FIBERMAP 715 R-6C17 APOGEE 0 0 0 1 0 0 126.86976162388444 -136.41252047719098 143.1 122.39047027810439 -140.42368729535306 311.26617 39.31742 -999.0 -999.0 -999.0 -999.0 -999.0 191.00925679900732 25.518124759789853 191.0085691210353 25.373512763679145 63.08162175955363 261.83570723440806 -999.0 16600.0 -999.0 2 205 {-999.0 -999.0 -999.0 -999.0 -999.0} "" -999.0 -999.0 -999.0 -999.0 -999 -999 "" "" "" "" 0 0 0.0 0.0 -999 ""
FIBERMAP 715 R-6C17 BOSS 1 1 0 1 0 0 126.14228997644918 -136.26277043071718 143.1 121.66827372270758 -140.25055244379342 311.26617 39.31742 191.00557597090537 25.5188210906724 1.5833819 0.51112425 -0.09530708 191.00557388264116 25.518831749737824 191.0049969449317 25.37425864292932 63.0789385625838 261.83999815720654 5400.0 5400.0 2016.0 1 299 {-999.0 21.021072 20.628466 20.38536 20.182785} sdss_psfmag_from_lsdr10 20.20178 20.206608 19.811682 -999.0 63050395173395024 1059136084 dark_flexible_2x2 bhm_spiders_agn_lsdr10 bhm_spiders science 0 0 0.0 0.0 -999 ""
FIBERMAP 715 R-6C17 METROLOGY 0 0 0 1 0 0 126.6155381855464 -135.6876000419273 143.1 122.15979508336295 -139.6910039539609 311.26617 39.31742 -999.0 -999.0 -999.0 -999.0 -999.0 191.00808650432177 25.521378579826536 191.00747474418074 25.376794398051786 63.08198731291522 261.8432346934587 -999.0 6231.0 -999.0 -1 -999 {-999.0 -999.0 -999.0 -999.0 -999.0} "" -999.0 -999.0 -999.0 -999.0 -999 -999 "" "" "" "" 0 0 0.0 0.0 -999 ""
FIBERMAP 717 R+6C9 APOGEE 0 0 0 1 0 0 -39.99831894972185 123.00347465922201 143.1 -36.00459532004311 124.21941007717118 359.27798 158.3956 -999.0 -999.0 -999.0 -999.0 -999.0 190.210519475781 26.722371485374744 190.21046119857112 26.577242194987488 62.860264176180614 264.88091810891 -999.0 16600.0 -999.0 2 -999 {-999.0 -999.0 -999.0 -999.0 -999.0} "" -999.0 -999.0 -999.0 -999.0 -999 -999 "" "" "" "" 0 0 0.0 0.0 -999 ""
FIBERMAP 717 R+6C9 BOSS 1 1 0 1 0 0 -39.29257902746771 122.73006713471014 143.1 -35.3081077634652 123.9233942724392 359.27798 158.3956 190.21387057263445 26.72111476785609 -0.37589595 -1.3581965 0.39976767 190.21393941250858 26.721051368291615 190.21398616895328 26.575960160770137 62.862766771747246 264.87586204647664 5400.0 5400.0 2016.0 1 130 {-999.0 20.652588 20.456717 20.310387 20.18081} sdss_psfmag_from_lsdr10 20.388725 20.60098 20.037762 -999.0 63050395173412868 1059141680 dark_flexible_2x2 bhm_spiders_agn_lsdr10 bhm_spiders science 0 0 0.0 0.0 -999 ""
FIBERMAP 717 R+6C9 METROLOGY 0 0 0 1 0 0 -39.88213581866961 122.26647841732475 143.1 -35.91226614516899 123.47911291224739 359.27798 158.3956 -999.0 -999.0 -999.0 -999.0 -999.0 190.21089747781042 26.719031164624347 190.2109186592196 26.57392900069206 62.859485173235655 264.8738018807303 -999.0 6231.0 -999.0 -1 -999 {-999.0 -999.0 -999.0 -999.0 -999.0} "" -999.0 -999.0 -999.0 -999.0 -999 -999 "" "" "" "" 0 0 0.0 0.0 -999 ""
FIBERMAP 719 R+3C18 APOGEE 0 0 0 1 0 0 141.822479976954 58.11716641171966 143.1 143.61167152711076 53.50512009083526 42.206596 66.90018 -999.0 -999.0 -999.0 -999.0 -999.0 191.1226917502146 26.398499428412297 191.12141286816302 26.25374640166643 63.50690819961616 263.56551272633203 -999.0 16600.0 -999.0 2 87 {-999.0 -999.0 -999.0 -999.0 -999.0} "" -999.0 -999.0 -999.0 -999.0 -999 -999 "" "" "" "" 0 0 0.0 0.0 -999 ""
FIBERMAP 719 R+3C18 BOSS 1 1 0 1 0 0 142.05023537822075 57.39719872827221 143.1 143.8160546153027 52.778240626210035 42.206596 66.90018 191.1236572265625 26.395174057517472 -999.0 -999.0 -999.0 191.12366249855577 26.395172320624027 191.12248955898235 26.250457324770743 63.506612956377566 263.5578570012197 5400.0 5400.0 2015.5 1 218 {-999.0 -999.0 -999.0 -999.0 -999.0} "" -999.0 -999.0 -999.0 -999.0 27021603145566174 820428257 "" ops_sky_boss_good ops_sky sky_boss 0 0 0.0 0.0 -999 ""
FIBERMAP 719 R+3C18 METROLOGY 0 0 0 1 0 0 141.31904849716273 57.56267347143385 143.1 143.09065253113235 52.967210500567056 42.206596 66.90018 -999.0 -999.0 -999.0 -999.0 -999.0 191.12001837703835 26.396062380451497 191.11882047335598 26.251335401314016 63.50386618593984 263.5623707615854 -999.0 6231.0 -999.0 -1 -999 {-999.0 -999.0 -999.0 -999.0 -999.0} "" -999.0 -999.0 -999.0 -999.0 -999 -999 "" "" "" "" 0 0 0.0 0.0 -999 ""
FIBERMAP 721 R+9C9 APOGEE 0 0 0 1 0 0 -28.524133165722258 168.56550924271028 143.1 -23.067078285995 169.3834475671858 235.27531 75.709274 -999.0 -999.0 -999.0 -999.0 -999.0 190.27643838878788 26.926942910745595 190.27619020634506 26.78179301319435 62.98645871440226 265.2573911847822 -999.0 16600.0 -999.0 2 9 {-999.0 -999.0 -999.0 -999.0 -999.0} "" -999.0 -999.0 -999.0 -999.0 -999 -999 "" "" "" "" 0 0 0.0 0.0 -999 ""
FIBERMAP 721 R+9C9 BOSS 1 1 0 1 0 0 -29.018596404544283 169.11862642594514 143.1 -23.543391310472973 169.95218484763535 235.27531 75.709274 190.27323514510863 26.929587502425157 10.101083 -25.766376 2.3551056 190.2738935915185 26.92952925186779 190.27375766779926 26.784413906614233 62.98532365021842 265.26445577466643 5400.0 5400.0 2016.0 1 125 {-999.0 14.066848 13.4949 13.31194 -999.0} sdss_psfmag_from_g3xp 13.936987 13.537935 12.976175 11.923 63050395173414676 1077950092 bright_flexible_2x1 mwm_snc_ext_main_boss mwm_snc science 0 0 2.0543134212493896 0.0 -999 ""
FIBERMAP 721 R+9C9 METROLOGY 0 0 0 1 0 0 -28.297073739622384 169.27930481409535 143.1 -22.81712242241367 170.08948155060943 235.27531 75.709274 -999.0 -999.0 -999.0 -999.0 -999.0 190.27762762000165 26.930153374970637 190.27745468066087 26.78502892484775 62.988633752695115 265.2632225231359 -999.0 6231.0 -999.0 -1 -999 {-999.0 -999.0 -999.0 -999.0 -999.0} "" -999.0 -999.0 -999.0 -999.0 -999 -999 "" "" "" "" 0 0 0.0 0.0 -999 ""
FIBERMAP 723 R-2C19 APOGEE 0 0 0 1 0 0 128.437040147342 -20.11147004353918 143.1 127.70989403619713 -24.243968497156388 156.63728 57.926056 -999.0 -999.0 -999.0 -999.0 -999.0 191.04026734469264 26.045380821077682 191.039281501461 25.90067087549882 63.30824326830978 262.8929589670732 -999.0 16600.0 -999.0 2 212 {-999.0 -999.0 -999.0 -999.0 -999.0} "" -999.0 -999.0 -999.0 -999.0 -999 -999 "" "" "" "" 0 0 0.0 0.0 -999 ""
FIBERMAP 723 R-2C19 BOSS 1 1 0 1 0 0 129.05301112196432 -19.699042413157336 143.1 128.33879953522518 -23.85166949901787 156.63728 57.926056 191.04343530311692 26.04711218248377 -999.0 -999.0 -999.0 191.0434085593759 26.047102803537317 191.04252315814438 25.902431986178666 63.31160606934519 262.89417074293476 5400.0 5400.0 2016.0 1 297 {-999.0 22.126917 21.567142 21.285574 21.06363} sdss_psfmag_from_lsdr10 20.875164 20.935093 20.023817 -999.0 63050395173398531 1059138407 dark_flexible_2x2 bhm_spiders_agn_lsdr10 bhm_spiders science 0 0 0.0 0.0 -999 ""
FIBERMAP 723 R-2C19 METROLOGY 0 0 0 1 0 0 129.1079913655612 -20.4336488071089 143.1 128.37004017867952 -24.587603219151788 156.63728 57.926056 -999.0 -999.0 -999.0 -999.0 -999.0 191.0435625111431 26.043767372996584 191.0426484782073 25.899086436718328 63.310460754107766 262.8871676467557 -999.0 6231.0 -999.0 -1 -999 {-999.0 -999.0 -999.0 -999.0 -999.0} "" -999.0 -999.0 -999.0 -999.0 -999 -999 "" "" "" "" 0 0 0.0 0.0 -999 ""
FIBERMAP 724 R+1C21 APOGEE 0 0 0 1 0 0 184.37536021720038 14.067972740733367 143.1 184.71717198631546 8.10952006524509 12.630444 82.18009 -999.0 -999.0 -999.0 -999.0 -999.0 191.32857247667113 26.190829694593635 191.32709016741478 26.04619480988539 63.6025456468863 262.97989012125936 -999.0 16600.0 -999.0 2 -999 {-999.0 -999.0 -999.0 -999.0 -999.0} "" -999.0 -999.0 -999.0 -999.0 -999 -999 "" "" "" "" 0 0 0.0 0.0 -999 ""
FIBERMAP 724 R+1C21 BOSS 1 1 0 1 0 0 184.4649569454678 13.332509061975042 143.1 184.7829803895716 7.371612488896113 12.630444 82.18009 191.32883844863318 26.18745239234953 -0.20583071 -0.11631035 1.3663985 191.32883113617262 26.187440675084392 191.32745496166854 26.042844142067267 63.60160922120458 262.97261664736203 5400.0 5400.0 2016.0 1 234 {-999.0 20.75463 20.383844 20.411333 -999.0} sdss_psfmag 20.035477 19.980984 19.679071 -999.0 63050395173400245 1144178068 dark_1x3 mwm_wd_gaia_boss_1x3 mwm_wd science 0 0 0.0 0.0 -999 ""
FIBERMAP 724 R+1C21 METROLOGY 0 0 0 1 0 0 183.77584948992018 13.623845654880952 143.1 184.10369376179406 7.685009715588902 12.630444 82.18009 -999.0 -999.0 -999.0 -999.0 -999.0 191.32544674188236 26.18889824461012 191.32404514740517 26.044289510825916 63.59929879882894 262.97818807348153 -999.0 6231.0 -999.0 -1 -999 {-999.0 -999.0 -999.0 -999.0 -999.0} "" -999.0 -999.0 -999.0 -999.0 -999 -999 "" "" "" "" 0 0 0.0 0.0 -999 ""
FIBERMAP 730 R+6C13 APOGEE 0 0 0 1 0 0 37.41219867623139 103.31293445944046 143.1 40.723403112562224 102.04276922764562 253.92601 104.54941 -999.0 -999.0 -999.0 -999.0 -999.0 190.60118275031004 26.62152832547296 190.6005798653971 26.476547576854458 63.15135252021523 264.4020561243354 -999.0 16600.0 -999.0 2 -999 {-999.0 -999.0 -999.0 -999.0 -999.0} "" -999.0 -999.0 -999.0 -999.0 -999 -999 "" "" "" "" 0 0 0.0 0.0 -999 ""
FIBERMAP 730 R+6C13 BOSS 1 1 0 1 0 0 36.65916463572343 103.3402603032603 143.1 39.97170901941255 102.09437926887792 253.92601 104.54941 190.59724459424254 26.621810984454072 -999.0 -999.0 -999.0 190.59727020246592 26.621783287350706 190.5967811131004 26.476837864345363 63.148276444996554 264.40532830989366 5400.0 5400.0 2016.0 1 149 {-999.0 22.82933 22.053093 21.545624 21.148891} sdss_fiber2mag_from_lsdr10 nan nan nan -999.0 63050399058551672 1059140662 dark_flexible_2x2 bhm_spiders_agn_lsdr10 bhm_spiders science 0 0 0.0 0.0 -999 ""
FIBERMAP 730 R+6C13 METROLOGY 0 0 0 1 0 0 37.05146979965967 103.96603219953691 143.1 40.3839695170827 102.7071105579774 253.92601 104.54941 -999.0 -999.0 -999.0 -999.0 -999.0 190.5993990713875 26.624562925080212 190.59887488526215 26.479607242131944 63.151011183658056 264.409588879636 -999.0 6231.0 -999.0 -1 -999 {-999.0 -999.0 -999.0 -999.0 -999.0} "" -999.0 -999.0 -999.0 -999.0 -999 -999 "" "" "" "" 0 0 0.0 0.0 -999 ""
FIBERMAP 733 R+2C2 APOGEE 0 0 0 1 0 0 -236.23091625338503 38.15374076348305 143.1 -234.85595702197557 45.753830287234614 333.56662 139.28023 -999.0 -999.0 -999.0 -999.0 -999.0 189.2062072900056 26.360126282894036 189.20780901950332 26.214774517499254 61.891978951135314 264.8370044387085 -999.0 16600.0 -999.0 2 -999 {-999.0 -999.0 -999.0 -999.0 -999.0} "" -999.0 -999.0 -999.0 -999.0 -999 -999 "" "" "" "" 0 0 0.0 0.0 -999 ""
FIBERMAP 733 R+2C2 BOSS 1 1 0 1 0 0 -235.93491838987418 37.50389674292651 143.1 -234.58111005948604 45.09482960227838 333.56662 139.28023 189.2074698930691 26.35707930489972 -0.10640775 -0.40201706 -0.31102988 189.20745526859218 26.357122226462433 189.2091697902921 26.211810549244326 61.89205548293935 264.83020249731106 5400.0 5400.0 2016.0 1 10 {-999.0 20.344048 20.13642 20.121168 20.146498} sdss_psfmag_from_lsdr10 20.316607 20.053493 19.73109 -999.0 63050395173388067 1059139536 dark_flexible_2x2 bhm_spiders_agn_lsdr10 bhm_spiders science 0 0 0.0 0.0 -999 ""
FIBERMAP 733 R+2C2 METROLOGY 0 0 0 1 0 0 -236.67575437183464 37.55475743409398 143.1 -235.31985403264605 45.16956653479216 333.56662 139.28023 -999.0 -999.0 -999.0 -999.0 -999.0 189.20380266077058 26.357433621009537 189.20549037487012 26.212109799022095 61.88908144905619 264.83330850069854 -999.0 6231.0 -999.0 -1 -999 {-999.0 -999.0 -999.0 -999.0 -999.0} "" -999.0 -999.0 -999.0 -999.0 -999 -999 "" "" "" "" 0 0 0.0 0.0 -999 ""
FIBERMAP 741 R+5C9 APOGEE 0 0 0 1 0 0 -70.03087681717608 85.6006154151182 143.1 -67.2258929143328 87.80847293776944 253.24326 78.25626 -999.0 -999.0 -999.0 -999.0 -999.0 190.0517739988925 26.556662858590748 190.05202690319936 26.411517418807776 62.669101207170655 264.6514580091479 -999.0 16600.0 -999.0 2 101 {-999.0 -999.0 -999.0 -999.0 -999.0} "" -999.0 -999.0 -999.0 -999.0 -999 -999 "" "" "" "" 0 0 0.0 0.0 -999 ""
FIBERMAP 741 R+5C9 BOSS 1 1 0 1 0 0 -70.69094332258165 85.93420475434152 143.1 -67.87479274045408 88.16316003784853 253.24326 78.25626 190.04835344555295 26.55824856522931 -3.147734 -2.485407 1.0547799 190.0483271795708 26.558268269119015 190.0486947899824 26.41315892651678 62.66689449044965 264.6571085216321 5400.0 5400.0 2016.0 1 75 {-999.0 20.540115 19.176027 18.104105 -999.0} sdss_psfmag 20.098925 18.753384 17.655024 15.51 63050395173412741 1096124455 bright_1x1 mwm_bin_vis_boss mwm_filler science 0 0 0.0 0.0 -999 ""
FIBERMAP 741 R+5C9 METROLOGY 0 0 0 1 0 0 -70.08047179546982 86.35108478997712 143.1 -67.25123966164678 88.56008620269648 253.24326 78.25626 -999.0 -999.0 -999.0 -999.0 -999.0 190.05153309361768 26.56008481044172 190.05186386290836 26.414965460673212 62.67018926016693 264.6585914924043 -999.0 6231.0 -999.0 -1 -999 {-999.0 -999.0 -999.0 -999.0 -999.0} "" -999.0 -999.0 -999.0 -999.0 -999 -999 "" "" "" "" 0 0 0.0 0.0 -999 ""
FIBERMAP 742 R-5C19 APOGEE 0 0 0 1 0 0 150.36130076194118 -84.59371236495187 143.1 147.53993911988368 -89.39448933200114 212.32828 30.459982 -999.0 -999.0 -999.0 -999.0 -999.0 191.13773386356894 25.749011499363736 191.1367487194525 25.60439789341417 63.277463281512546 262.20882686057166 -999.0 16600.0 -999.0 2 -999 {-999.0 -999.0 -999.0 -999.0 -999.0} "" -999.0 -999.0 -999.0 -999.0 -999 -999 "" "" "" "" 0 0 0.0 0.0 -999 ""
FIBERMAP 742 R-5C19 BOSS 1 1 0 1 0 0 150.68673294329153 -83.92713396537202 143.1 147.88668416710294 -88.73881833742021 212.32828 30.459982 191.1394711515699 25.752008344253394 -1.1957581 -13.841022 0.17911875 191.13945198711176 25.75191169772739 191.13856828356188 25.607337467451593 63.280104286564665 262.21346987304014 5400.0 5400.0 2016.0 1 287 {-999.0 17.87744 17.59538 17.483484 -999.0} sdss_psfmag 17.845856 17.590141 17.189234 -999.0 63050395173395202 976171264 "" ops_std_boss ops_std standard_boss 0 0 0.0 0.0 -999 ""
FIBERMAP 742 R-5C19 METROLOGY 0 0 0 1 0 0 151.10605788222534 -84.54900428628751 143.1 148.28568590249793 -89.37384217365683 212.32828 30.459982 -999.0 -999.0 -999.0 -999.0 -999.0 191.14144755306643 25.749041756059587 191.14053247885124 25.60445769765676 63.28063848576542 262.2060449357238 -999.0 6231.0 -999.0 -1 -999 {-999.0 -999.0 -999.0 -999.0 -999.0} "" -999.0 -999.0 -999.0 -999.0 -999 -999 "" "" "" "" 0 0 0.0 0.0 -999 ""
FIBERMAP 743 R-1C3 APOGEE 0 0 0 1 0 0 -228.85609948815338 -35.57448236172084 143.1 -229.86487713914548 -28.167527785836022 321.92346 82.93991 -999.0 -999.0 -999.0 -999.0 -999.0 189.23417640283557 26.025404252781353 189.23586399236672 25.880128394280206 61.79384963870253 264.15691311449996 -999.0 16600.0 -999.0 2 281 {-999.0 -999.0 -999.0 -999.0 -999.0} "" -999.0 -999.0 -999.0 -999.0 -999 -999 "" "" "" "" 0 0 0.0 0.0 -999 ""
FIBERMAP 743 R-1C3 BOSS 1 1 0 1 0 0 -229.37726354567667 -36.10921443828502 143.1 -230.40298023087402 -28.68511629439006 321.92346 82.93991 189.23138833640925 26.023004190849882 -999.0 -999.0 -999.0 189.23136786798688 26.022997064664697 189.2331737549141 25.87776127770607 61.7907276587011 264.15414243890996 5400.0 5400.0 2016.0 1 433 {-999.0 23.228352 22.19555 22.086126 -999.0} sdss_psfmag -999.0 -999.0 -999.0 -999.0 63050396903432433 1128070785 dark_flexible_3x1 bhm_csc_boss_d3 bhm_csc science 0 0 0.0 0.0 -999 ""
FIBERMAP 743 R-1C3 METROLOGY 0 0 0 1 0 0 -229.58525135875217 -35.393360448541834 143.1 -230.58774050814262 -27.96298593171926 321.92346 82.93991 -999.0 -999.0 -999.0 -999.0 -999.0 189.23045100383595 26.026275501115787 189.23222491363674 25.881027351708912 61.79113644297738 264.16123155802256 -999.0 6231.0 -999.0 -1 -999 {-999.0 -999.0 -999.0 -999.0 -999.0} "" -999.0 -999.0 -999.0 -999.0 -999 -999 "" "" "" "" 0 0 0.0 0.0 -999 ""
FIBERMAP 748 R-1C24 APOGEE 0 0 0 1 0 0 214.75504346285692 -17.4714436261422 143.1 214.0605787039286 -24.391077548753966 228.0228 49.697323 -999.0 -999.0 -999.0 -999.0 -999.0 191.47428132968992 26.042309637971027 191.47265873393155 25.897759988003155 63.66863957412062 262.55986719969843 -999.0 16600.0 -999.0 2 210 {-999.0 -999.0 -999.0 -999.0 -999.0} "" -999.0 -999.0 -999.0 -999.0 -999 -999 "" "" "" "" 0 0 0.0 0.0 -999 ""
FIBERMAP 748 R-1C24 BOSS 1 1 0 1 0 0 214.64625839046306 -16.733587862942564 143.1 213.97567082414017 -23.650160124852672 228.0228 49.697323 191.47384643554685 26.04563716901758 -999.0 -999.0 -999.0 191.473837250333 26.045629319078458 191.47231780325592 25.901116750926896 63.66961507997135 262.5671413960009 5400.0 5400.0 2015.5 1 311 {-999.0 -999.0 -999.0 -999.0 -999.0} "" -999.0 -999.0 -999.0 -999.0 27021603145562359 812568986 "" ops_sky_boss_good ops_sky sky_boss 0 0 0.0 0.0 -999 ""
FIBERMAP 748 R-1C24 METROLOGY 0 0 0 1 0 0 215.33852281160154 -17.001102810907277 143.1 214.65888123444498 -23.939852076119166 228.0228 49.697323 -999.0 -999.0 -999.0 -999.0 -999.0 191.47725807291792 26.04430414461272 191.47570473624057 25.899782393982637 63.671938396065094 262.5617749206823 -999.0 6231.0 -999.0 -1 -999 {-999.0 -999.0 -999.0 -999.0 -999.0} "" -999.0 -999.0 -999.0 -999.0 -999 -999 "" "" "" "" 0 0 0.0 0.0 -999 ""
FIBERMAP 751 R-10C16 APOGEE 0 0 0 1 0 0 172.12057552165186 -201.99565696800195 143.1 165.497350884865 -207.42719321969827 3.5521703 82.32853 -999.0 -999.0 -999.0 -999.0 -999.0 191.22078248658738 25.21631977375804 191.21993740165942 25.071847055615606 63.13855936448939 261.0561018456925 -999.0 16600.0 -999.0 2 -999 {-999.0 -999.0 -999.0 -999.0 -999.0} "" -999.0 -999.0 -999.0 -999.0 -999 -999 "" "" "" "" 0 0 0.0 0.0 -999 ""
FIBERMAP 751 R-10C16 BOSS 1 1 0 1 0 0 172.0767950715752 -202.74605557271326 143.1 165.42938129491304 -208.17572248121073 3.5521703 82.32853 191.22090838350425 25.21273156831692 -189.9959 69.390656 5.6579733 191.2202917122958 25.212918949659574 191.21955374247705 25.068488026862443 63.1369011533995 261.04959124385294 5400.0 5400.0 2016.0 1 268 {-999.0 18.795351 17.364653 16.229288 -999.0} sdss_psfmag 18.245098 16.893517 15.761671 13.797 63050395173393530 1075016079 dark_flexible_2x1 mwm_halo_local_high_boss mwm_halo science 0 0 0.0 0.0 -999 ""
FIBERMAP 751 R-10C16 METROLOGY 0 0 0 1 0 0 171.45489742250405 -202.33260599801508 143.1 164.82120423776257 -207.7424554606015 3.5521703 82.32853 -999.0 -999.0 -999.0 -999.0 -999.0 191.2173276822099 25.214870896247586 191.21656330633436 25.07042678147327 63.13519031616032 261.0559163367236 -999.0 6231.0 -999.0 -1 -999 {-999.0 -999.0 -999.0 -999.0 -999.0} "" -999.0 -999.0 -999.0 -999.0 -999 -999 "" "" "" "" 0 0 0.0 0.0 -999 ""
FIBERMAP 753 R-2C22 APOGEE 0 0 0 1 0 0 209.99867813915188 -42.85985546951669 143.1 208.4878090514519 -49.61055318759816 295.87488 149.42062 -999.0 -999.0 -999.0 -999.0 -999.0 191.44512586508927 25.928135324407098 191.44360359690802 25.783598286236167 63.60137874719145 262.3439669924816 -999.0 16600.0 -999.0 2 -999 {-999.0 -999.0 -999.0 -999.0 -999.0} "" -999.0 -999.0 -999.0 -999.0 -999 -999 "" "" "" "" 0 0 0.0 0.0 -999 ""
FIBERMAP 753 R-2C22 BOSS 1 1 0 1 0 0 209.9431722104507 -43.61203725403202 143.1 208.40806357217718 -50.360486156441254 295.87488 149.42062 191.4445227316697 25.924873202956555 39.22275 -55.988697 3.7864187 191.4446302283609 25.92468895606871 191.44321464380914 25.780190855117223 63.59976410878283 262.33717261358265 5400.0 5400.0 2016.0 1 285 {-999.0 19.69603 19.667503 19.704405 -999.0} sdss_psfmag 19.774963 19.627392 19.351315 -999.0 63050395173396766 1143500531 dark_1x3 mwm_wd_pwd_boss_1x3 mwm_wd science 0 0 0.0 0.0 -999 ""
FIBERMAP 753 R-2C22 METROLOGY 0 0 0 1 0 0 209.33155513096779 -43.193934610534534 143.1 207.8103109872533 -49.922900657468325 295.87488 149.42062 -999.0 -999.0 -999.0 -999.0 -999.0 191.44168647601 25.926702305332505 191.44024465882978 25.782191790532544 63.59804682732383 262.34361532032983 -999.0 6231.0 -999.0 -1 -999 {-999.0 -999.0 -999.0 -999.0 -999.0} "" -999.0 -999.0 -999.0 -999.0 -999 -999 "" "" "" "" 0 0 0.0 0.0 -999 ""
FIBERMAP 756 R-13C9 APOGEE 0 0 0 1 0 0 41.53321439336587 -255.31484756834786 143.1 33.26879634933303 -256.49981992112646 287.76764 156.82043 -999.0 -999.0 -999.0 -999.0 -999.0 190.55925060898423 24.996346121120673 190.5594492311251 24.851686486584512 62.50171001323608 261.1392871217153 -999.0 16600.0 -999.0 2 207 {-999.0 -999.0 -999.0 -999.0 -999.0} "" -999.0 -999.0 -999.0 -999.0 -999 -999 "" "" "" "" 0 0 0.0 0.0 -999 ""
FIBERMAP 756 R-13C9 BOSS 1 1 0 1 0 0 41.491425062710526 -256.05446746913543 143.1 33.203164502145746 -257.2376412907299 287.76764 156.82043 190.55881222883673 24.993020742837434 -7.4105344 -12.398911 0.27532113 190.55880448833852 24.992999519757173 190.55911255292824 24.848383189948436 62.50010217877272 261.1330027352977 5400.0 5400.0 2016.0 1 334 {-999.0 16.870846 16.607574 16.522974 16.511036} sdss_psfmag_from_lsdr8 16.838203 16.58842 16.192734 15.469 63050395173369205 908985601 "" ops_std_boss_lsdr10 ops_std standard_boss 0 0 0.0 0.0 -999 ""
FIBERMAP 756 R-13C9 METROLOGY 0 0 0 1 0 0 40.86709223801296 -255.64755524817105 143.1 32.592342786876834 -256.8108290622354 287.76764 156.82043 -999.0 -999.0 -999.0 -999.0 -999.0 190.55579268391097 24.99491810680732 190.5560737495581 24.850288244595273 62.49834338317905 261.1391812005062 -999.0 6231.0 -999.0 -1 -999 {-999.0 -999.0 -999.0 -999.0 -999.0} "" -999.0 -999.0 -999.0 -999.0 -999 -999 "" "" "" "" 0 0 0.0 0.0 -999 ""
FIBERMAP 758 R+4C17 APOGEE 0 0 0 1 0 0 108.47779438614019 62.4882016258771 143.1 110.42832772787847 58.94954737968351 274.0589 99.24633 -999.0 -999.0 -999.0 -999.0 -999.0 190.9548182388912 26.424255967332858 190.95377740772187 26.27943766678924 63.37612541432284 263.74096539142056 -999.0 16600.0 -999.0 2 83 {-999.0 -999.0 -999.0 -999.0 -999.0} "" -999.0 -999.0 -999.0 -999.0 -999 -999 "" "" "" "" 0 0 0.0 0.0 -999 ""
FIBERMAP 758 R+4C17 BOSS 1 1 0 1 0 0 107.75637986211774 62.316775246417116 143.1 109.70182007134984 58.80150573444693 274.0589 99.24633 190.95103131349015 26.423671550872804 27.447147 -32.125996 2.3773894 190.95108033108983 26.42359096274036 190.95015187726096 26.278808543023533 63.37286726125109 263.742281878464 5400.0 5400.0 2016.0 1 210 {-999.0 20.153135 18.699226 17.5541 -999.0} sdss_psfmag 19.58716 18.224508 17.095312 14.866 63050395173401449 1095403787 bright_1x1 mwm_bin_vis_boss mwm_filler science 0 0 0.0 0.0 -999 ""
FIBERMAP 758 R+4C17 METROLOGY 0 0 0 1 0 0 107.95621238238122 63.02774859591163 143.1 109.92447451862498 59.50559784014496 274.0589 99.24633 -999.0 -999.0 -999.0 -999.0 -999.0 190.95224149576504 26.426792123466996 190.95127960268826 26.281998943460824 63.37496436854725 263.7481018249166 -999.0 6231.0 -999.0 -1 -999 {-999.0 -999.0 -999.0 -999.0 -999.0} "" -999.0 -999.0 -999.0 -999.0 -999 -999 "" "" "" "" 0 0 0.0 0.0 -999 ""
FIBERMAP 760 R+10C10 APOGEE 0 0 0 1 0 0 3.9642818307970593 198.4711293203307 143.1 10.366642331615102 198.22245481850086 206.98174 69.15375 -999.0 -999.0 -999.0 -999.0 -999.0 190.4468890603268 27.057032126160227 190.4463224650534 26.911911160637292 63.17367416657789 265.4123632989291 -999.0 16600.0 -999.0 2 -999 {-999.0 -999.0 -999.0 -999.0 -999.0} "" -999.0 -999.0 -999.0 -999.0 -999 -999 "" "" "" "" 0 0 0.0 0.0 -999 ""
FIBERMAP 760 R+10C10 BOSS 1 1 0 1 0 0 3.8800276246063277 199.22960111785096 143.1 10.306915684796902 198.98318410991885 206.98174 69.15375 190.4464681097109 27.060465753837324 0.008848661 -0.6500975 -0.30715352 190.44648000653 27.060472060726735 190.44602138966297 26.915385497857464 63.17460712421514 265.41980320116704 5400.0 5400.0 2016.0 1 122 {-999.0 20.714445 20.482454 20.27767 20.114567} sdss_psfmag_from_gaiadr2 20.697927 20.505482 19.933666 -999.0 63050395173414848 1056684930 dark_flexible_2x2 bhm_gua_dark bhm_filler science 0 0 0.0 0.0 -999 ""
FIBERMAP 760 R+10C10 METROLOGY 0 0 0 1 0 0 4.563603882414398 198.91551097944478 143.1 10.979940210478144 198.6472256752098 206.98174 69.15375 -999.0 -999.0 -999.0 -999.0 -999.0 190.44994005318858 27.058956052633427 190.44944594922367 26.91386095241383 63.17695748677323 265.41431894513335 -999.0 6231.0 -999.0 -1 -999 {-999.0 -999.0 -999.0 -999.0 -999.0} "" -999.0 -999.0 -999.0 -999.0 -999 -999 "" "" "" "" 0 0 0.0 0.0 -999 ""
FIBERMAP 761 R+4C9 APOGEE 0 0 0 1 0 0 -59.64724592983228 89.1534214962087 143.1 -56.73392817035171 91.02403211136158 63.947506 110.06091 -999.0 -999.0 -999.0 -999.0 -999.0 190.10510865405277 26.57142418292428 190.105274948883 26.426292387654385 62.71892719697656 264.64465883763296 -999.0 16600.0 -999.0 2 118 {-999.0 -999.0 -999.0 -999.0 -999.0} "" -999.0 -999.0 -999.0 -999.0 -999 -999 "" "" "" "" 0 0 0.0 0.0 -999 ""
FIBERMAP 761 R+4C9 BOSS 1 1 0 1 0 0 -58.902894159192485 89.08328381389424 143.1 -55.99229262651599 90.92991645891759 63.947506 110.06091 190.10879516601562 26.57099082174242 -999.0 -999.0 -999.0 190.10874115687713 26.57101170243547 190.10901212872363 26.425918517348425 62.721923303538745 264.64130466033436 5400.0 5400.0 2015.5 1 64 {-999.0 -999.0 -999.0 -999.0 -999.0} "" -999.0 -999.0 -999.0 -999.0 27021603145579468 812571358 "" ops_sky_boss_good ops_sky sky_boss 0 0 0.0 0.0 -999 ""
FIBERMAP 761 R+4C9 METROLOGY 0 0 0 1 0 0 -59.301298622235294 88.45374411690514 143.1 -56.410770301626115 90.31361648907257 63.947506 110.06091 -999.0 -999.0 -999.0 -999.0 -999.0 190.10665207310586 26.568207863254106 190.10689623852238 26.42310400920588 62.71915281167092 264.6370312854019 -999.0 6231.0 -999.0 -1 -999 {-999.0 -999.0 -999.0 -999.0 -999.0} "" -999.0 -999.0 -999.0 -999.0 -999 -999 "" "" "" "" 0 0 0.0 0.0 -999 ""
FIBERMAP 762 R+2C22 APOGEE 0 0 0 1 0 0 210.70095543408092 53.57735472041099 143.1 212.30174079971636 46.745324102891104 90.738075 80.980995 -999.0 -999.0 -999.0 -999.0 -999.0 191.46842352037433 26.364986532041414 191.46664643917222 26.220368076864155 63.78312511430839 263.2413315039258 -999.0 16600.0 -999.0 2 -999 {-999.0 -999.0 -999.0 -999.0 -999.0} "" -999.0 -999.0 -999.0 -999.0 -999 -999 "" "" "" "" 0 0 0.0 0.0 -999 ""
FIBERMAP 762 R+2C22 BOSS 1 1 0 1 0 0 211.42397835056875 53.48362069849962 143.1 213.02129899852068 46.62831476011224 90.738075 80.980995 191.47198812221254 26.364398118565823 -6.928217 -5.9114265 0.09961004 191.47196857677758 26.36439323477946 191.47029088256568 26.219813003588204 63.785965472635546 263.2374567939754 5400.0 5400.0 2016.0 1 224 {-999.0 18.264328 17.92799 17.801 17.76133} sdss_psfmag_from_gaia 18.2066 17.9372 17.4657 -999.0 63050395173400397 970843720 "" ops_std_boss_gdr2 ops_std standard_boss 0 0 0.0 0.0 -999 ""
FIBERMAP 762 R+2C22 METROLOGY 0 0 0 1 0 0 210.97742498300502 52.88437090456136 143.1 212.55567918329416 46.043840057261384 90.738075 80.980995 -999.0 -999.0 -999.0 -999.0 -999.0 191.469635120204 26.36177502767071 191.4679326525643 26.2171840452435 63.78303526978274 263.2336680902084 -999.0 6231.0 -999.0 -1 -999 {-999.0 -999.0 -999.0 -999.0 -999.0} "" -999.0 -999.0 -999.0 -999.0 -999 -999 "" "" "" "" 0 0 0.0 0.0 -999 ""
FIBERMAP 765 R+2C19 APOGEE 0 0 0 1 0 0 126.30537486961524 40.18937738371085 143.1 127.52546705325038 36.08898338677328 114.302 159.7561 -999.0 -999.0 -999.0 -999.0 -999.0 191.0409369334539 26.31983050110824 191.03981789225065 26.175064271289166 63.41007222221492 263.46120814308085 -999.0 16600.0 -999.0 2 72 {-999.0 -999.0 -999.0 -999.0 -999.0} "" -999.0 -999.0 -999.0 -999.0 -999 -999 "" "" "" "" 0 0 0.0 0.0 -999 ""
FIBERMAP 765 R+2C19 BOSS 1 1 0 1 0 0 126.24857746594212 40.933213239477794 143.1 127.49270819503357 36.834199594498116 114.302 159.7561 191.04076433312224 26.32327728312303 -4.280585 -12.538153 0.34582165 191.04074215735653 26.323198306856217 191.03972784273753 26.178468659043585 63.41124059350278 263.46835445951496 5400.0 5400.0 2016.0 1 221 {-999.0 18.097113 17.692188 17.56815 -999.0} sdss_psfmag 18.056856 17.725637 17.256716 16.203 63050395173400546 977060553 "" ops_std_boss ops_std standard_boss 0 0 0.0 0.0 -999 ""
FIBERMAP 765 R+2C19 METROLOGY 0 0 0 1 0 0 126.9252195866058 40.610555882157044 143.1 128.15852633327242 36.489902921371055 114.302 159.7561 -999.0 -999.0 -999.0 -999.0 -999.0 191.0441217199009 26.32162123504942 191.0430730732013 26.176882538749897 63.41345589732605 263.4626053528514 -999.0 6231.0 -999.0 -1 -999 {-999.0 -999.0 -999.0 -999.0 -999.0} "" -999.0 -999.0 -999.0 -999.0 -999 -999 "" "" "" "" 0 0 0.0 0.0 -999 ""
FIBERMAP 766 R+7C3 APOGEE 0 0 0 1 0 0 -153.50403185971413 148.67498954350089 143.1 -148.61282027237982 153.5381986957201 90.40466 57.18607 -999.0 -999.0 -999.0 -999.0 -999.0 189.63835985378708 26.85205401646705 189.63911572075983 26.70672389535238 62.42657901098601 265.531895052766 -999.0 16600.0 -999.0 2 123 {-999.0 -999.0 -999.0 -999.0 -999.0} "" -999.0 -999.0 -999.0 -999.0 -999 -999 "" "" "" "" 0 0 0.0 0.0 -999 ""
FIBERMAP 766 R+7C3 BOSS 1 1 0 1 0 0 -152.8620382055435 148.2827761994363 143.1 -147.98387413122705 153.12550647703026 90.40466 57.18607 189.64147328096746 26.85024396206245 -12.264331 -19.31357 0.34618002 189.64139694888118 26.850215613595754 189.64226097904714 26.704923603035326 62.42859380180448 265.52614800184153 5400.0 5400.0 2016.0 1 26 {-999.0 17.491722 17.248531 17.115438 -999.0} sdss_psfmag 17.473368 17.21403 16.802898 16.135 63050395173413986 976164351 "" ops_std_boss ops_std standard_boss 0 0 0.0 0.0 -999 ""
FIBERMAP 766 R+7C3 METROLOGY 0 0 0 1 0 0 -153.52065591552233 147.92819911175926 143.1 -148.65353355162335 152.7923990603061 90.40466 57.18607 -999.0 -999.0 -999.0 -999.0 -999.0 189.63804810018232 26.848684762171082 189.63888610782408 26.703381649455597 62.425231805800586 265.5252724534262 -999.0 6231.0 -999.0 -1 -999 {-999.0 -999.0 -999.0 -999.0 -999.0} "" -999.0 -999.0 -999.0 -999.0 -999 -999 "" "" "" "" 0 0 0.0 0.0 -999 ""
FIBERMAP 776 R+1C5 APOGEE 0 0 0 1 0 0 -194.66840313272604 28.050625688891795 143.1 -193.64476258005374 34.315616589620966 80.40952 146.11041 -999.0 -999.0 -999.0 -999.0 -999.0 189.41306880330112 26.31009476651256 189.41438040358128 26.164810406631034 62.046975498864 264.595952535944 -999.0 16600.0 -999.0 2 110 {-999.0 -999.0 -999.0 -999.0 -999.0} "" -999.0 -999.0 -999.0 -999.0 -999 -999 "" "" "" "" 0 0 0.0 0.0 -999 ""
FIBERMAP 776 R+1C5 BOSS 1 1 0 1 0 0 -194.12548913578982 28.57224501369709 143.1 -193.08534593673625 34.8193984414095 80.40952 146.11041 189.41565475373994 26.31232847913692 -999.0 -999.0 -999.0 189.41569621580092 26.312372180692748 189.41711563676358 26.16712717281226 62.050100645814915 264.59867428539604 5400.0 5400.0 2016.0 1 63 {-999.0 22.084625 20.785086 20.274578 19.912264} sdss_fiber2mag_from_lsdr10 20.7144 21.487782 19.093203 -999.0 63050395173387786 1058177991 dark_flexible_2x2 bhm_spiders_clusters_lsdr10 bhm_spiders science 0 0 0.0 0.0 -999 ""
FIBERMAP 776 R+1C5 METROLOGY 0 0 0 1 0 0 -193.94733756622603 27.84149187760142 143.1 -192.93088455497306 34.083340828613736 80.40952 146.11041 -999.0 -999.0 -999.0 -999.0 -999.0 189.41653687600754 26.30904704376562 189.41792441946745 26.163791884938853 62.04957504158655 264.5914785666281 -999.0 6231.0 -999.0 -1 -999 {-999.0 -999.0 -999.0 -999.0 -999.0} "" -999.0 -999.0 -999.0 -999.0 -999 -999 "" "" "" "" 0 0 0.0 0.0 -999 ""
FIBERMAP 779 R+1C20 APOGEE 0 0 0 1 0 0 154.88663623661458 -0.6846796911498849 143.1 154.77031202894054 -5.682539908424913 8.127942 21.148476 -999.0 -999.0 -999.0 -999.0 -999.0 191.17735419351834 26.129115117739044 191.1761256904906 25.98443738062972 63.45364812158859 262.96412517753015 -999.0 16600.0 -999.0 2 85 {-999.0 -999.0 -999.0 -999.0 -999.0} "" -999.0 -999.0 -999.0 -999.0 -999 -999 "" "" "" "" 0 0 0.0 0.0 -999 ""
FIBERMAP 779 R+1C20 BOSS 1 1 0 1 0 0 154.251445959179 -1.0589731191804006 143.1 154.1234295312896 -6.036107686672328 8.127942 21.148476 191.17401638579517 26.12747772444604 0.68290275 0.18708499 -0.64588106 191.1740404010662 26.127485494824832 191.1729230008915 25.982844819449646 63.45038351869157 262.9632107825476 5400.0 5400.0 2016.0 1 233 {-999.0 20.64342 20.53526 20.375212 20.220722} sdss_psfmag_from_lsdr10 20.215595 20.23009 19.71276 -999.0 63050395173400223 1059139575 dark_flexible_2x2 bhm_spiders_agn_lsdr10 bhm_spiders science 0 0 0.0 0.0 -999 ""
FIBERMAP 779 R+1C20 METROLOGY 0 0 0 1 0 0 154.23865666292528 -0.3106910312020936 143.1 154.13479548939628 -5.287868117494302 8.127942 21.148476 -999.0 -999.0 -999.0 -999.0 -999.0 191.17414038138116 26.130898069442853 191.17299129236108 25.986245968154453 63.451704280602286 262.9702244197515 -999.0 6231.0 -999.0 -1 -999 {-999.0 -999.0 -999.0 -999.0 -999.0} "" -999.0 -999.0 -999.0 -999.0 -999 -999 "" "" "" "" 0 0 0.0 0.0 -999 ""
FIBERMAP 781 R+8C12 APOGEE 0 0 0 1 0 0 52.763058376461686 144.7956749381301 143.1 57.40359453017469 143.00489196006177 308.5268 117.9067 -999.0 -999.0 -999.0 -999.0 -999.0 190.68633353844854 26.807056071642478 190.68551646965864 26.662066225290012 63.287783636081855 264.72804962587566 -999.0 16600.0 -999.0 2 -999 {-999.0 -999.0 -999.0 -999.0 -999.0} "" -999.0 -999.0 -999.0 -999.0 -999 -999 "" "" "" "" 0 0 0.0 0.0 -999 ""
FIBERMAP 781 R+8C12 BOSS 1 1 0 1 0 0 52.46281568490883 144.10709388831472 143.1 57.08131361048813 142.3264188224555 308.5268 117.9067 190.68458809838572 26.803920065374186 1.1883138 22.418869 5.5755405 190.68460546593806 26.804007378150658 190.6839002091334 26.65905350201586 63.285377354112825 264.72289333183164 5400.0 5400.0 2016.0 1 139 {-999.0 19.943914 19.744919 19.700285 -999.0} sdss_psfmag 19.878885 19.725979 19.46326 -999.0 63050395173414333 1143500119 dark_1x3 mwm_wd_pwd_boss_1x3 mwm_wd science 0 0 0.0 0.0 -999 ""
FIBERMAP 781 R+8C12 METROLOGY 0 0 0 1 0 0 52.02299797954975 144.7009511848559 143.1 56.660927580291435 142.93410798957237 308.5268 117.9067 -999.0 -999.0 -999.0 -999.0 -999.0 190.682494660001 26.806767245805677 190.68176078717852 26.661801897992724 63.28454653476874 264.7301078320069 -999.0 6231.0 -999.0 -1 -999 {-999.0 -999.0 -999.0 -999.0 -999.0} "" -999.0 -999.0 -999.0 -999.0 -999 -999 "" "" "" "" 0 0 0.0 0.0 -999 ""
FIBERMAP 784 R0C21 APOGEE 0 0 0 1 0 0 146.16076988655468 -18.61790650499409 143.1 145.4710392094747 -23.323268092117466 303.24335 37.586517 -999.0 -999.0 -999.0 -999.0 -999.0 191.1298886593612 26.049160935277182 191.12876909646366 25.90448246042342 63.384333150618765 262.83378265245074 -999.0 16600.0 -999.0 2 73 {-999.0 -999.0 -999.0 -999.0 -999.0} "" -999.0 -999.0 -999.0 -999.0 -999 -999 "" "" "" "" 0 0 0.0 0.0 -999 ""
FIBERMAP 784 R0C21 BOSS 1 1 0 1 0 0 145.4604983394983 -18.382002336560998 143.1 144.7788064473856 -23.064909294814147 303.24335 37.586517 191.12577955338654 26.05067969237984 68.98699 -133.62126 1.829869 191.1263651962958 26.050304752543727 191.1253558260911 25.90566303090337 63.381926679338825 262.83878827689097 5400.0 5400.0 2016.0 1 243 {-999.0 17.244421 16.252138 15.874651 -999.0} sdss_psfmag 16.903456 16.275692 15.516191 14.022 63050395173398520 1136813041 dark_flexible_3x1 mwm_halo_local_high_boss_triple mwm_halo science 0 0 1.1247382164001465 0.0 -999 ""
FIBERMAP 784 R0C21 METROLOGY 0 0 0 1 0 0 146.01303429729822 -17.883402303678604 143.1 145.34709635261825 -22.584443236535733 303.24335 37.586517 -999.0 -999.0 -999.0 -999.0 -999.0 191.1292641969244 26.05248815529542 191.1282195756594 25.907836180598327 63.38512815581724 262.841138525375 -999.0 6231.0 -999.0 -1 -999 {-999.0 -999.0 -999.0 -999.0 -999.0} "" -999.0 -999.0 -999.0 -999.0 -999 -999 "" "" "" "" 0 0 0.0 0.0 -999 ""
FIBERMAP 786 R+11C5 APOGEE 0 0 0 1 0 0 -73.5346059247953 206.5578699502553 143.1 -66.82413344918166 208.8052073168829 252.67467 159.36928 -999.0 -999.0 -999.0 -999.0 -999.0 190.053649429262 27.10394635193183 190.05366515192247 26.958690093749315 62.860379552195454 265.7716751392855 -999.0 16600.0 -999.0 2 22 {-999.0 -999.0 -999.0 -999.0 -999.0} "" -999.0 -999.0 -999.0 -999.0 -999 -999 "" "" "" "" 0 0 0.0 0.0 -999 ""
FIBERMAP 786 R+11C5 BOSS 1 1 0 1 0 0 -73.98976779254978 205.97137779559148 143.1 -67.29794483137795 208.23376029289852 252.67467 159.36928 190.05111694335935 27.10138372590646 -999.0 -999.0 -999.0 190.0511106956635 27.10137180930261 190.05124195457176 26.956150782049306 62.85748686717911 265.7680428217274 5400.0 5400.0 2015.5 1 144 {-999.0 -999.0 -999.0 -999.0 -999.0} "" -999.0 -999.0 -999.0 -999.0 27021603145582387 812571738 "" ops_sky_boss_good ops_sky sky_boss 0 0 0.0 0.0 -999 ""
FIBERMAP 786 R+11C5 METROLOGY 0 0 0 1 0 0 -74.28302645302058 206.66040962211108 143.1 -67.56878964528482 208.93183654733545 252.67467 159.36928 -999.0 -999.0 -999.0 -999.0 -999.0 190.04976923294035 27.10450341048469 190.04986989057875 26.959271264455925 62.85739380544321 265.7753866243742 -999.0 6231.0 -999.0 -1 -999 {-999.0 -999.0 -999.0 -999.0 -999.0} "" -999.0 -999.0 -999.0 -999.0 -999 -999 "" "" "" "" 0 0 0.0 0.0 -999 ""
FIBERMAP 787 R+9C16 APOGEE 0 0 0 1 0 0 147.64324149455794 194.7229440045021 143.1 153.83723525445953 189.8399509210797 136.57387 50.66208 -999.0 -999.0 -999.0 -999.0 -999.0 191.17613874258384 27.014781151213477 191.17447772134983 26.86992114500231 63.769350687099944 264.8255878228882 -999.0 16600.0 -999.0 2 88 {-999.0 -999.0 -999.0 -999.0 -999.0} "" -999.0 -999.0 -999.0 -999.0 -999 -999 "" "" "" "" 0 0 0.0 0.0 -999 ""
FIBERMAP 787 R+9C16 BOSS 1 1 0 1 0 0 148.38161916968465 194.83795185422946 143.1 154.57887508520935 189.93106095003267 136.57387 50.66208 191.17980297692588 27.015144007372456 -999.0 -999.0 -999.0 191.17980159562177 27.015132635754473 191.17824073340182 26.870308550542696 63.77263546699932 264.82379481664566 5400.0 5400.0 2016.0 1 227 {-999.0 22.204123 20.969799 20.19796 -999.0} sdss_psfmag -999.0 -999.0 -999.0 -999.0 63050397628746865 1128074812 dark_flexible_3x1 bhm_csc_boss_d3 bhm_csc science 0 0 0.0 0.0 -999 ""
FIBERMAP 787 R+9C16 METROLOGY 0 0 0 1 0 0 148.1231444397441 194.14376523291182 143.1 154.29815582166606 189.2456377761707 136.57387 50.66208 -999.0 -999.0 -999.0 -999.0 -999.0 191.17840754860742 27.012074273207286 191.1768203032633 26.867240492818667 63.7703890785055 264.81826522540865 -999.0 6231.0 -999.0 -1 -999 {-999.0 -999.0 -999.0 -999.0 -999.0} "" -999.0 -999.0 -999.0 -999.0 -999 -999 "" "" "" "" 0 0 0.0 0.0 -999 ""
FIBERMAP 789 R+2C9 APOGEE 0 0 0 1 0 0 -93.1694145108525 30.552765208728722 143.1 -92.1267780297346 33.54080579966969 200.74408 153.45074 -999.0 -999.0 -999.0 -999.0 -999.0 189.92585173600753 26.309409106694773 189.92639811150343 26.164275363258454 62.47528579707185 264.23811447788523 -999.0 16600.0 -999.0 2 109 {-999.0 -999.0 -999.0 -999.0 -999.0} "" -999.0 -999.0 -999.0 -999.0 -999 -999 "" "" "" "" 0 0 0.0 0.0 -999 ""
FIBERMAP 789 R+2C9 BOSS 1 1 0 1 0 0 -93.91952461087517 30.601917529597085 143.1 -92.87484560885879 33.61413468209471 200.74408 153.45074 189.92192141524654 26.309690186413246 -4.8814273 2.8175468 0.16652581 189.92189623566367 26.30970759572741 189.92255895731194 26.164611129699054 62.47219539419664 264.24149124525434 5400.0 5400.0 2016.0 1 53 {-999.0 17.615448 17.27483 17.168535 -999.0} sdss_psfmag 17.562654 17.281467 16.819942 15.798 63050395173412096 977060615 "" ops_std_boss ops_std standard_boss 0 0 0.0 0.0 -999 ""
FIBERMAP 789 R+2C9 METROLOGY 0 0 0 1 0 0 -93.50418187193483 31.222805085199177 143.1 -92.4397191720326 34.22124116684299 200.74408 153.45074 -999.0 -999.0 -999.0 -999.0 -999.0 189.92413541124844 26.312486366853665 189.9247622852389 26.167379083589672 62.47504084816921 264.24552514224524 -999.0 6231.0 -999.0 -1 -999 {-999.0 -999.0 -999.0 -999.0 -999.0} "" -999.0 -999.0 -999.0 -999.0 -999 -999 "" "" "" "" 0 0 0.0 0.0 -999 ""
FIBERMAP 790 R+6C16 APOGEE 0 0 0 1 0 0 114.08910921660731 136.37150287931308 143.1 118.42048345413963 132.6068196413493 136.40544 52.970673 -999.0 -999.0 -999.0 -999.0 -999.0 190.99638492408133 26.758254166898915 190.99512157782863 26.61338210570136 63.52988495115379 264.4094013006803 -999.0 16600.0 -999.0 2 -999 {-999.0 -999.0 -999.0 -999.0 -999.0} "" -999.0 -999.0 -999.0 -999.0 -999 -999 "" "" "" "" 0 0 0.0 0.0 -999 ""
FIBERMAP 790 R+6C16 BOSS 1 1 0 1 0 0 114.84748022105505 136.50414416452918 143.1 119.1826734914021 132.7149071823324 136.40544 52.970673 191.000205232344 26.758731978826777 -999.0 -999.0 -999.0 191.00018746789462 26.75872025222557 190.99902463059948 26.613885228807064 63.53332836197065 264.4077032758979 5400.0 5400.0 2016.0 1 215 {-999.0 21.760376 21.543509 21.190594 21.06384} sdss_fiber2mag_from_lsdr10 nan nan nan -999.0 63050397628709817 1059141691 dark_flexible_2x2 bhm_spiders_agn_lsdr10 bhm_spiders science 0 0 0.0 0.0 -999 ""
FIBERMAP 790 R+6C16 METROLOGY 0 0 0 1 0 0 114.56838854523049 135.79970457075814 143.1 118.88101895576905 132.01990259383228 136.40544 52.970673 -999.0 -999.0 -999.0 -999.0 -999.0 190.9986727065425 26.755587807014017 190.9974834929966 26.610742755757773 63.5309328191918 264.40219137999327 -999.0 6231.0 -999.0 -1 -999 {-999.0 -999.0 -999.0 -999.0 -999.0} "" -999.0 -999.0 -999.0 -999.0 -999 -999 "" "" "" "" 0 0 0.0 0.0 -999 ""
FIBERMAP 791 R+7C20 APOGEE 0 0 0 1 0 0 205.6205136478591 128.41486075145895 143.1 209.6394372228075 121.70124948156095 199.7602 140.47334 -999.0 -999.0 -999.0 -999.0 -999.0 191.45691533223513 26.704338999317045 191.4549836946644 26.559646406938057 63.8955972031482 263.9677412325999 -999.0 16600.0 -999.0 2 76 {-999.0 -999.0 -999.0 -999.0 -999.0} "" -999.0 -999.0 -999.0 -999.0 -999 -999 "" "" "" "" 0 0 0.0 0.0 -999 ""
FIBERMAP 791 R+7C20 BOSS 1 1 0 1 0 0 204.9002263599294 128.59801357262097 143.1 208.92549858200073 121.90753494315828 199.7602 140.47334 191.45324707031247 26.705314093074662 -999.0 -999.0 -999.0 191.4532554159661 26.70529412837756 191.4514334412571 26.56063549167372 63.892979434434864 263.97240410807706 5400.0 5400.0 2015.5 1 250 {-999.0 -999.0 -999.0 -999.0 -999.0} "" -999.0 -999.0 -999.0 -999.0 27021603145566830 820428261 "" ops_sky_boss_good ops_sky sky_boss 0 0 0.0 0.0 -999 ""
FIBERMAP 791 R+7C20 METROLOGY 0 0 0 1 0 0 205.41471895752716 129.13519514293944 143.1 209.45701331906363 122.42778674692826 199.7602 140.47334 -999.0 -999.0 -999.0 -999.0 -999.0 191.4559557721938 26.707615769756252 191.45409889527775 26.562947595940695 63.8960288954714 263.9753938062281 -999.0 6231.0 -999.0 -1 -999 {-999.0 -999.0 -999.0 -999.0 -999.0} "" -999.0 -999.0 -999.0 -999.0 -999 -999 "" "" "" "" 0 0 0.0 0.0 -999 ""
FIBERMAP 792 R-7C14 APOGEE 0 0 0 1 0 0 69.94065490787573 -139.3091027126346 143.1 65.40252353129061 -141.48137380266414 159.17978 152.34772 -999.0 -999.0 -999.0 -999.0 -999.0 190.7228089517899 25.513681892830572 190.72253686153476 25.368970499615227 62.841712873255474 262.04737011567977 -999.0 16600.0 -999.0 2 184 {-999.0 -999.0 -999.0 -999.0 -999.0} "" -999.0 -999.0 -999.0 -999.0 -999 -999 "" "" "" "" 0 0 0.0 0.0 -999 ""
FIBERMAP 792 R-7C14 BOSS 1 1 0 1 0 0 69.43155385127262 -138.77086537107166 143.1 64.9111014136623 -140.92703494094334 159.17978 152.34772 190.72026350123292 25.51616977232124 1.0271765 -29.222118 0.44967747 190.72026798959024 25.516101579162815 190.72010535627794 25.371429462664295 62.84064180401994 262.05420244900967 5400.0 5400.0 2016.0 1 326 {-999.0 17.527447 17.174353 17.039045 16.992981} sdss_psfmag_from_gaia 17.4765 17.1849 16.714 15.955 63050395173397783 970843699 "" ops_std_boss_gdr2 ops_std standard_boss 0 0 0.0 0.0 -999 ""
FIBERMAP 792 R-7C14 METROLOGY 0 0 0 1 0 0 70.16729638749926 -138.60098780050237 143.1 65.6518783846721 -140.78100353515788 159.17978 152.34772 -999.0 -999.0 -999.0 -999.0 -999.0 190.72402547728063 25.51678077003432 190.72382679618295 25.372098279125044 62.84400046720024 262.0526955790313 -999.0 6231.0 -999.0 -1 -999 {-999.0 -999.0 -999.0 -999.0 -999.0} "" -999.0 -999.0 -999.0 -999.0 -999 -999 "" "" "" "" 0 0 0.0 0.0 -999 ""
FIBERMAP 793 R+7C1 APOGEE 0 0 0 1 0 0 -209.71428502966552 122.47178271163872 143.1 -205.63446837331173 129.16486897043137 287.7764 113.81152 -999.0 -999.0 -999.0 -999.0 -999.0 189.3509063781115 26.73896760398275 189.35214426772677 26.593578590585196 62.146774439630214 265.4949412894979 -999.0 16600.0 -999.0 2 97 {-999.0 -999.0 -999.0 -999.0 -999.0} "" -999.0 -999.0 -999.0 -999.0 -999 -999 "" "" "" "" 0 0 0.0 0.0 -999 ""
FIBERMAP 793 R+7C1 BOSS 1 1 0 1 0 0 -210.26487549565644 121.97665558026084 143.1 -206.20070189788711 128.6878109187412 287.7764 113.81152 189.34790312445003 26.736786004254768 5.941706 -14.041083 0.47870225 189.34792675463038 26.736756706378152 189.34928320216704 26.591404897851554 62.143619368684 265.49248614973965 5400.0 5400.0 2016.0 1 82 {-999.0 16.830479 16.479492 16.330275 -999.0} sdss_psfmag 16.778318 16.471155 16.005178 15.114 63050395173413462 977060622 "" ops_std_boss ops_std standard_boss 0 0 0.0 0.0 -999 ""
FIBERMAP 793 R+7C1 METROLOGY 0 0 0 1 0 0 -210.42827895059162 122.70695931920402 143.1 -206.34043863970447 129.4229434780332 287.7764 113.81152 -999.0 -999.0 -999.0 -999.0 -999.0 189.34725598671247 26.740072951076684 189.34858009510708 26.594709623688146 62.14418031463762 265.4995848873872 -999.0 6231.0 -999.0 -1 -999 {-999.0 -999.0 -999.0 -999.0 -999.0} "" -999.0 -999.0 -999.0 -999.0 -999 -999 "" "" "" "" 0 0 0.0 0.0 -999 ""
FIBERMAP 795 R+5C3 APOGEE 0 0 0 1 0 0 -199.0102019044033 78.17810258995571 143.1 -196.3662787165638 84.55270939652358 300.77972 49.640324 -999.0 -999.0 -999.0 -999.0 -999.0 189.39815739708513 26.537757472369993 189.39940226539522 26.392422546477157 62.115761054602366 265.06023609052147 -999.0 16600.0 -999.0 2 130 {-999.0 -999.0 -999.0 -999.0 -999.0} "" -999.0 -999.0 -999.0 -999.0 -999 -999 "" "" "" "" 0 0 0.0 0.0 -999 ""
FIBERMAP 795 R+5C3 BOSS 1 1 0 1 0 0 -199.7320360261635 78.28363326987225 143.1 -197.08426815924565 84.68146985745284 300.77972 49.640324 189.39439243658208 26.538278248444918 -0.93810284 0.39248845 0.6307416 189.3943859011608 26.538284322425618 189.39574910808653 26.392986497725346 62.112900226154515 265.0638406408699 5400.0 5400.0 2016.0 1 28 {-999.0 20.150505 20.018143 19.912844 19.81452} sdss_psfmag_from_gdr3 20.165314 19.98238 19.60541 -999.0 63050395173413333 1059422621 dark_flexible_2x2 bhm_spiders_agn_gaiadr3 bhm_spiders science 0 0 0.0 0.0 -999 ""
FIBERMAP 795 R+5C3 METROLOGY 0 0 0 1 0 0 -199.2771874052536 78.87402019231618 143.1 -196.61064414702844 85.25681938838405 300.77972 49.640324 -999.0 -999.0 -999.0 -999.0 -999.0 189.39679774372064 26.540920703380834 189.39812429573885 26.395612165507533 62.11581945727427 265.06748094862314 -999.0 6231.0 -999.0 -1 -999 {-999.0 -999.0 -999.0 -999.0 -999.0} "" -999.0 -999.0 -999.0 -999.0 -999 -999 "" "" "" "" 0 0 0.0 0.0 -999 ""
FIBERMAP 796 R-1C17 APOGEE 0 0 0 1 0 0 84.41146494824616 -9.920995729229231 143.1 84.0399551128116 -12.63896434193432 45.0938 129.54675 -999.0 -999.0 -999.0 -999.0 -999.0 190.8197435676092 26.099010883245214 190.81905723508623 25.95421212931549 63.14436711633237 263.1669951117046 -999.0 16600.0 -999.0 2 -999 {-999.0 -999.0 -999.0 -999.0 -999.0} "" -999.0 -999.0 -999.0 -999.0 -999 -999 "" "" "" "" 0 0 0.0 0.0 -999 ""
FIBERMAP 796 R-1C17 BOSS 1 0 0 1 0 0 85.15138998656741 -9.972696035184702 143.1 84.77776160169807 -12.714510981783924 45.0938 129.54675 190.8015028889541 26.08753497865472 -0.8356394 0.76785934 0.5693501 190.82341937669895 26.098610291539604 190.82283461323004 25.953851289152635 63.14738692933263 263.1634624137485 5400.0 5400.0 2016.0 1 280 {-999.0 21.249794 21.237432 20.864475 20.658031} sdss_fiber2mag_from_lsdr10 20.448008 20.511883 19.83388 -999.0 63050395173398771 1059138402 dark_flexible_2x2 bhm_spiders_agn_lsdr10 bhm_spiders science 0 0 0.0 0.0 -999 ""
FIBERMAP 796 R-1C17 METROLOGY 0 0 0 1 0 0 84.73950523040453 -10.591108819530598 143.1 84.34617090612441 -13.319255791868054 45.0938 129.54675 -999.0 -999.0 -999.0 -999.0 -999.0 190.82124312199383 26.095875528451536 190.82063259124277 25.951105461781584 63.14452909014677 263.15944543370546 -999.0 6231.0 -999.0 -1 -999 {-999.0 -999.0 -999.0 -999.0 -999.0} "" -999.0 -999.0 -999.0 -999.0 -999 -999 "" "" "" "" 0 0 0.0 0.0 -999 ""
FIBERMAP 800 R+11C7 APOGEE 0 0 0 1 0 0 -19.12092358601611 220.18119127942884 143.1 -12.003922999469241 220.66428115902957 48.411194 92.68518 -999.0 -999.0 -999.0 -999.0 -999.0 190.33292140224552 27.157941420583878 190.3324844703095 27.01276274776345 63.112481267443286 265.69860063103715 -999.0 16600.0 -999.0 2 16 {-999.0 -999.0 -999.0 -999.0 -999.0} "" -999.0 -999.0 -999.0 -999.0 -999 -999 "" "" "" "" 0 0 0.0 0.0 -999 ""
FIBERMAP 800 R+11C7 BOSS 1 1 0 1 0 0 -18.54399388343684 219.70808328313782 143.1 -11.442611741426324 220.17284315185682 48.411194 92.68518 190.33575851978014 27.15576640737992 -13.099135 -25.014507 7.563525 190.33566876480776 27.155743590959272 190.33533800040664 27.01060125566456 63.114143594026615 265.69220252810896 5400.0 5400.0 2016.0 1 112 {-999.0 18.481201 18.545921 18.686003 -999.0} sdss_psfmag 18.517673 18.480104 18.360085 -999.0 63050395173415734 1143500126 dark_1x3 mwm_wd_pwd_boss_1x3 mwm_wd science 0 0 0.0 0.0 -999 ""
FIBERMAP 800 R+11C7 METROLOGY 0 0 0 1 0 0 -19.237898868685335 219.44058921008317 143.1 -12.144726752505699 219.92790451033184 48.411194 92.68518 -999.0 -999.0 -999.0 -999.0 -999.0 190.33212146631791 27.154643685969088 190.3317656467143 27.00949051255822 63.11077277007114 265.69226937247686 -999.0 6231.0 -999.0 -1 -999 {-999.0 -999.0 -999.0 -999.0 -999.0} "" -999.0 -999.0 -999.0 -999.0 -999 -999 "" "" "" "" 0 0 0.0 0.0 -999 ""
FIBERMAP 804 R-6C16 APOGEE 0 0 0 1 0 0 118.3764685792752 -125.33777501051672 143.1 114.25973245848103 -129.08159620328914 290.22037 133.30998 -999.0 -999.0 -999.0 -999.0 -999.0 190.96890081593716 25.5695163362658 190.9682469051529 25.424879325013332 63.06799358172498 261.97147242209167 -999.0 16600.0 -999.0 2 -999 {-999.0 -999.0 -999.0 -999.0 -999.0} "" -999.0 -999.0 -999.0 -999.0 -999 -999 "" "" "" "" 0 0 0.0 0.0 -999 ""
FIBERMAP 804 R-6C16 BOSS 1 1 0 1 0 0 118.03448340353182 -126.02017593999832 143.1 113.89593388557925 -129.75254592751992 290.22037 133.30998 190.9669034862674 25.566455565043317 19.958235 -28.299524 7.185002 190.96698197451198 25.566398577363724 190.9664382656033 25.42180174397343 63.06529539543553 261.9666055945669 5400.0 5400.0 2016.0 1 305 {-999.0 20.092747 19.910822 19.834856 -999.0} sdss_psfmag 20.05502 19.891651 19.530447 -999.0 63050395173395061 1143500488 dark_1x3 mwm_wd_pwd_boss_1x3 mwm_wd science 0 0 0.0 0.0 -999 ""
FIBERMAP 804 R-6C16 METROLOGY 0 0 0 1 0 0 117.6326409161051 -125.39593331185648 143.1 113.51448052145426 -129.11571539561552 290.22037 133.30998 -999.0 -999.0 -999.0 -999.0 -999.0 190.9651125187429 25.569304831894488 190.96454011264132 25.42469533075521 63.0648358785657 261.9739608306181 -999.0 6231.0 -999.0 -1 -999 {-999.0 -999.0 -999.0 -999.0 -999.0} "" -999.0 -999.0 -999.0 -999.0 -999 -999 "" "" "" "" 0 0 0.0 0.0 -999 ""
FIBERMAP 805 R0C18 APOGEE 0 0 0 1 0 0 93.40924022064631 -8.16605314046998 143.1 93.08888932066463 -11.17545256345478 251.48996 153.07918 -999.0 -999.0 -999.0 -999.0 -999.0 190.86558735853984 26.105524755461946 190.86483030209763 25.960740636771963 63.18500581838646 263.1465855269062 -999.0 16600.0 -999.0 2 -999 {-999.0 -999.0 -999.0 -999.0 -999.0} "" -999.0 -999.0 -999.0 -999.0 -999 -999 "" "" "" "" 0 0 0.0 0.0 -999 ""
FIBERMAP 805 R0C18 BOSS 1 1 0 1 0 0 92.8803890589722 -8.703610928459321 143.1 92.5430126141717 -11.695616997270724 251.48996 153.07918 190.86274352700477 26.103120253951932 -0.118677184 -0.14614727 0.22156532 190.86275761469463 26.10312182081012 190.86211251830252 25.9583755430416 63.18185893552136 263.14372803395804 5400.0 5400.0 2016.0 1 241 {-999.0 19.81538 19.786697 19.604248 19.417925} sdss_psfmag_from_lsdr10 19.565176 19.41429 19.046234 -999.0 63050395173398775 1059138404 dark_flexible_2x2 bhm_spiders_agn_lsdr10 bhm_spiders science 0 0 0.0 0.0 -999 ""
FIBERMAP 805 R0C18 METROLOGY 0 0 0 1 0 0 92.68603438933513 -7.982653832757771 143.1 92.37204186630262 -10.968826582266855 251.48996 153.07918 -999.0 -999.0 -999.0 -999.0 -999.0 190.86192821617695 26.10644572664757 190.86125255625825 25.961687602641245 63.18237028997757 263.1511810002896 -999.0 6231.0 -999.0 -1 -999 {-999.0 -999.0 -999.0 -999.0 -999.0} "" -999.0 -999.0 -999.0 -999.0 -999 -999 "" "" "" "" 0 0 0.0 0.0 -999 ""
FIBERMAP 806 R+4C22 APOGEE 0 0 0 1 0 0 233.13018656683172 70.96810299876847 143.1 235.27853553185705 63.40168867917826 311.05963 130.40598 -999.0 -999.0 -999.0 -999.0 -999.0 191.58398439087966 26.43921109738449 191.5819974259199 26.294621261978435 63.906523632204525 263.3126361982801 -999.0 16600.0 -999.0 2 -999 {-999.0 -999.0 -999.0 -999.0 -999.0} "" -999.0 -999.0 -999.0 -999.0 -999 -999 "" "" "" "" 0 0 0.0 0.0 -999 ""
FIBERMAP 806 R+4C22 BOSS 1 1 0 1 0 0 233.0479009632945 70.24317359037859 143.1 235.17290611897621 62.67985570159033 311.05963 130.40598 191.58335497523584 26.435912934091725 -999.0 -999.0 -999.0 191.58335805636108 26.43592101198397 191.5814776678626 26.291368005995658 63.90490646496109 263.30613159684424 5400.0 5400.0 2016.0 1 236 {-999.0 18.736282 17.874163 17.420792 17.082724} sdss_fiber2mag_from_lsdr10 nan nan nan -999.0 63050397628775652 1059140673 dark_flexible_2x1 bhm_spiders_agn_lsdr10 bhm_spiders science 0 0 0.0 0.0 -999 ""
FIBERMAP 806 R+4C22 METROLOGY 0 0 0 1 0 0 232.44023548774123 70.68414967694662 143.1 234.5798408724852 63.14017320756625 311.05963 130.40598 -999.0 -999.0 -999.0 -999.0 -999.0 191.5804319882368 26.43804689722991 191.5785254213414 26.293482017476656 63.90320969275085 263.312796750187 -999.0 6231.0 -999.0 -1 -999 {-999.0 -999.0 -999.0 -999.0 -999.0} "" -999.0 -999.0 -999.0 -999.0 -999 -999 "" "" "" "" 0 0 0.0 0.0 -999 ""
FIBERMAP 808 R-9C5 APOGEE 1 1 0 1 0 0 -115.85534926759844 -182.33847297750918 143.1 -121.66902832178913 -178.48882703019524 232.94252 88.45334 189.78335458765002 25.347120521782468 -228.12521 -148.40335 29.901499 189.78266131767714 25.34669190214229 189.7838175996152 25.201712624564703 61.99461972401085 262.42666943467583 16000.0 16600.0 2016.0 2 287 {-999.0 15.48654 14.063477 12.662568 -999.0} sdss_psfmag_from_g3xp 14.930711 13.381721 12.175853 9.96 63050395173373521 984841179 bright_1x1 mwm_snc_100pc_apogee mwm_snc science 0 0 0.0 0.0 -999 ""
FIBERMAP 808 R-9C5 BOSS 0 0 0 1 0 0 -116.44597324209327 -181.8668927190486 143.1 -122.24407482142783 -177.9984739097441 232.94252 88.45334 -999.0 -999.0 -999.0 -999.0 -999.0 189.77962494073287 25.348823669590637 189.7808953389358 25.20388529771135 61.99302897172046 262.4331222877571 -999.0 5400.0 -999.0 1 412 {-999.0 -999.0 -999.0 -999.0 -999.0} "" -999.0 -999.0 -999.0 -999.0 -999 -999 "" "" "" "" 0 0 0.0 0.0 -999 ""
FIBERMAP 808 R-9C5 METROLOGY 0 0 0 1 0 0 -115.73544896171116 -181.59775802462934 143.1 -121.52529768223317 -177.75243195874353 232.94252 88.45334 -999.0 -999.0 -999.0 -999.0 -999.0 189.7832472230729 25.349950284256593 189.78448058481786 25.205000784761765 61.99645132643826 262.43262398812385 -999.0 6231.0 -999.0 -1 -999 {-999.0 -999.0 -999.0 -999.0 -999.0} "" -999.0 -999.0 -999.0 -999.0 -999 -999 "" "" "" "" 0 0 0.0 0.0 -999 ""
FIBERMAP 809 R+9C1 APOGEE 0 0 0 1 0 0 -205.78274649904452 177.89770527436553 143.1 -199.91669675285186 184.43019885953774 185.07643 96.33571 -999.0 -999.0 -999.0 -999.0 -999.0 189.3794902832625 26.988099832737902 189.3805875174046 26.842668271212965 62.25643420169713 265.9775960244296 -999.0 16600.0 -999.0 2 120 {-999.0 -999.0 -999.0 -999.0 -999.0} "" -999.0 -999.0 -999.0 -999.0 -999 -999 "" "" "" "" 0 0 0.0 0.0 -999 ""
FIBERMAP 809 R+9C1 BOSS 1 1 0 1 0 0 -205.9576152780977 178.6270217012628 143.1 -200.06792370466775 185.16471469974212 185.07643 96.33571 189.37864264223217 26.991364635618172 -12.295192 -11.633176 0.32119465 189.37861854725986 26.991349113390505 189.37982905994727 26.845953264641903 62.256917623237044 265.98472571383127 5400.0 5400.0 2016.0 1 78 {-999.0 16.834373 16.60895 16.486126 -999.0} sdss_psfmag 16.84043 16.574772 16.144917 15.169 63050395173417116 977060641 "" ops_std_boss ops_std standard_boss 0 0 0.0 0.0 -999 ""
FIBERMAP 809 R+9C1 METROLOGY 0 0 0 1 0 0 -205.2333040204565 178.415311057817 143.1 -199.35088511883245 184.92975893402624 185.07643 96.33571 -999.0 -999.0 -999.0 -999.0 -999.0 189.38225714046686 26.990354993159823 189.38343037183722 26.84494998533141 62.259596541270376 265.9803469136354 -999.0 6231.0 -999.0 -1 -999 {-999.0 -999.0 -999.0 -999.0 -999.0} "" -999.0 -999.0 -999.0 -999.0 -999 -999 "" "" "" "" 0 0 0.0 0.0 -999 ""
FIBERMAP 816 R+4C16 APOGEE 0 0 0 1 0 0 99.97217184134006 83.57911400163405 143.1 102.60849511247179 80.30210967108407 22.165464 125.96714 -999.0 -999.0 -999.0 -999.0 -999.0 190.91550606730266 26.521517927831358 190.91447768437683 26.37666581170751 63.37830590806365 263.97168486963534 -999.0 16600.0 -999.0 2 -999 {-999.0 -999.0 -999.0 -999.0 -999.0} "" -999.0 -999.0 -999.0 -999.0 -999 -999 "" "" "" "" 0 0 0.0 0.0 -999 ""
FIBERMAP 816 R+4C16 BOSS 1 1 0 1 0 0 100.595182023993 83.20303604815257 143.1 103.21899002909373 79.90615563364751 22.165464 125.96714 190.91854123865895 26.519701506008726 -999.0 -999.0 -999.0 190.9185404228847 26.519699539238037 190.91761502324835 26.374885606666105 63.38029060162493 263.9657255197234 5400.0 5400.0 2016.0 1 211 {-999.0 21.816494 20.651278 20.192549 19.864202} sdss_fiber2mag_from_lsdr10 20.638819 21.172901 19.090397 -999.0 63050395173401513 1059140668 dark_flexible_2x2 bhm_spiders_agn_lsdr10 bhm_spiders science 0 0 0.0 0.0 -999 ""
FIBERMAP 816 R+4C16 METROLOGY 0 0 0 1 0 0 99.9526141619848 82.83327254549874 143.1 102.56488061838925 79.55735310358494 22.165464 125.96714 -999.0 -999.0 -999.0 -999.0 -999.0 190.91523726816115 26.518136450027747 190.91428734314889 26.37331127063436 63.37694288640317 263.96483410173687 -999.0 6231.0 -999.0 -1 -999 {-999.0 -999.0 -999.0 -999.0 -999.0} "" -999.0 -999.0 -999.0 -999.0 -999 -999 "" "" "" "" 0 0 0.0 0.0 -999 ""
FIBERMAP 818 R+7C11 APOGEE 1 1 0 1 0 0 8.72468010940179 148.2475727378595 143.1 13.50340276536142 147.87583234687168 98.493126 119.98089 190.46275046318038 26.829750068049155 19.948328 -20.505743 4.0820723 190.46275664803895 26.829663601615504 190.4622684034954 26.68459419256967 63.10868053404518 264.9291942651615 16000.0 16600.0 2016.0 2 19 {-999.0 10.687542 10.392523 10.311752 -999.0} sdss_psfmag_from_g3xp 10.656925 10.402203 9.987164 9.264 63050395173414396 1103571673 bright_1x1 mwm_tess_2min_apogee mwm_planet science 0 0 0.0 0.0 -999 ""
FIBERMAP 818 R+7C11 BOSS 0 0 0 1 0 0 9.297924751076025 148.73856765518138 143.1 14.092143334561541 148.34802963576033 98.493126 119.98089 -999.0 -999.0 -999.0 -999.0 -999.0 190.46565505689256 26.831819036950037 190.46527012032664 26.68678620216557 63.11195785719594 264.9316733042494 -999.0 5400.0 -999.0 1 135 {-999.0 -999.0 -999.0 -999.0 -999.0} "" -999.0 -999.0 -999.0 -999.0 -999 -999 "" "" "" "" 0 0 0.0 0.0 -999 ""
FIBERMAP 818 R+7C11 METROLOGY 0 0 0 1 0 0 9.437717504730639 148.01760285658938 143.1 14.208585111998767 147.62299226552685 98.493126 119.98089 -999.0 -999.0 -999.0 -999.0 -999.0 190.4662760708371 26.828535044971616 190.46586087129435 26.683492875048 63.11130608069691 264.92444051799464 -999.0 6231.0 -999.0 -1 -999 {-999.0 -999.0 -999.0 -999.0 -999.0} "" -999.0 -999.0 -999.0 -999.0 -999 -999 "" "" "" "" 0 0 0.0 0.0 -999 ""
FIBERMAP 819 R+10C16 APOGEE 0 0 0 1 0 0 164.38727579867236 201.1526748478637 143.1 170.77857384333396 195.72543089759694 22.009525 136.45201 -999.0 -999.0 -999.0 -999.0 -999.0 191.2617328904951 27.04016313790555 191.25992874511564 26.89532918596559 63.84965587667886 264.8202093881588 -999.0 16600.0 -999.0 2 -999 {-999.0 -999.0 -999.0 -999.0 -999.0} "" -999.0 -999.0 -999.0 -999.0 -999 -999 "" "" "" "" 0 0 0.0 0.0 -999 ""
FIBERMAP 819 R+10C16 BOSS 1 1 0 1 0 0 165.08623589459623 200.87342217639878 143.1 171.46809707216087 195.4237922906722 22.009525 136.45201 191.26510955334223 27.038742576586877 -999.0 -999.0 -999.0 191.26511754657702 27.038739825401514 191.26341453375517 26.893941898477927 63.85209794558078 264.81482767531884 5400.0 5400.0 2016.0 1 177 {-999.0 21.732086 21.23959 21.195496 -999.0} sdss_psfmag -999.0 -999.0 -999.0 -999.0 63050398343663280 1128078567 dark_flexible_3x1 bhm_csc_boss_d3 bhm_csc science 0 0 0.0 0.0 -999 ""
FIBERMAP 819 R+10C16 METROLOGY 0 0 0 1 0 0 164.5077185513692 200.41636273752286 143.1 170.87518212570447 194.98567998769246 22.009525 136.45201 -999.0 -999.0 -999.0 -999.0 -999.0 191.26215268465697 27.036819827613645 191.2604252340766 26.892011437471453 63.84893060676921 264.812795286157 -999.0 6231.0 -999.0 -1 -999 {-999.0 -999.0 -999.0 -999.0 -999.0} "" -999.0 -999.0 -999.0 -999.0 -999 -999 "" "" "" "" 0 0 0.0 0.0 -999 ""
FIBERMAP 820 R+4C5 APOGEE 0 0 0 1 0 0 -140.13224458546264 87.13206997036673 143.1 -137.23519185639867 91.60120540616477 76.42137 61.649323 -999.0 -999.0 -999.0 -999.0 -999.0 189.69647392941164 26.57216286520093 189.69725547339158 26.426906692502897 62.37746876768301 264.92675486817564 -999.0 16600.0 -999.0 2 127 {-999.0 -999.0 -999.0 -999.0 -999.0} "" -999.0 -999.0 -999.0 -999.0 -999 -999 "" "" "" "" 0 0 0.0 0.0 -999 ""
FIBERMAP 820 R+4C5 BOSS 1 1 0 1 0 0 -139.5665770171048 86.65638308140919 143.1 -136.6852191032536 91.10755351051277 76.42137 61.649323 189.69912112469905 26.569924216600693 0.18653005 -7.010919 0.14986722 189.6990994358755 26.56993542018509 189.6999895657924 26.42471829716096 62.37898449645939 264.92047158705134 5400.0 5400.0 2016.0 1 41 {-999.0 17.618013 17.258091 17.13218 -999.0} sdss_psfmag 17.559647 17.259161 16.79322 15.87 63050395173413177 977060617 "" ops_std_boss ops_std standard_boss 0 0 0.0 0.0 -999 ""
FIBERMAP 820 R+4C5 METROLOGY 0 0 0 1 0 0 -140.26396476957754 86.39535840813883 143.1 -137.39060599164563 90.86919272375827 76.42137 61.649323 -999.0 -999.0 -999.0 -999.0 -999.0 189.69557328984638 26.568834567449798 189.69643755691231 26.42360591730735 62.37561577064383 264.9206553924965 -999.0 6231.0 -999.0 -1 -999 {-999.0 -999.0 -999.0 -999.0 -999.0} "" -999.0 -999.0 -999.0 -999.0 -999 -999 "" "" "" "" 0 0 0.0 0.0 -999 ""
FIBERMAP 824 R-6C7 APOGEE 0 0 0 1 0 0 -84.56121075951577 -96.38827766402017 143.1 -87.62026842174336 -93.60080072577105 133.29944 43.61637 -999.0 -999.0 -999.0 -999.0 -999.0 189.95095363624733 25.73097259323869 189.95170617767053 25.58596519161867 62.28218802147381 263.0612879121567 -999.0 16600.0 -999.0 2 280 {-999.0 -999.0 -999.0 -999.0 -999.0} "" -999.0 -999.0 -999.0 -999.0 -999 -999 "" "" "" "" 0 0 0.0 0.0 -999 ""
FIBERMAP 824 R-6C7 BOSS 1 1 0 1 0 0 -83.80558112056222 -96.40697780781238 143.1 -86.86570195317229 -93.64387407602578 133.29944 43.61637 189.9546145385186 25.7307157959934 0.3038984 -0.79163945 -0.2183971 189.95460798902192 25.73070068460847 189.95546542313411 25.58573511468082 62.28523878276174 263.0580684705986 5400.0 5400.0 2016.0 1 438 {-999.0 19.961988 19.897516 19.825613 19.75936} sdss_psfmag_from_lsdr10 20.392328 20.169975 19.6528 -999.0 63050395173373998 1059137197 dark_flexible_2x2 bhm_spiders_agn_lsdr10 bhm_spiders science 0 0 0.0 0.0 -999 ""
FIBERMAP 824 R-6C7 METROLOGY 0 0 0 1 0 0 -84.19521501022574 -97.03937728017286 143.1 -87.27550667722498 -94.26331511264179 133.29944 43.61637 -999.0 -999.0 -999.0 -999.0 -999.0 189.9525944840407 25.727903759688203 189.95342483406887 25.58292663479868 62.282471452868066 263.05397933724447 -999.0 6231.0 -999.0 -1 -999 {-999.0 -999.0 -999.0 -999.0 -999.0} "" -999.0 -999.0 -999.0 -999.0 -999 -999 "" "" "" "" 0 0 0.0 0.0 -999 ""
FIBERMAP 825 R+3C17 APOGEE 0 0 0 1 0 0 95.30284937186403 46.15634125711696 143.1 96.73435992825824 43.05278561946669 245.02275 116.81823 -999.0 -999.0 -999.0 -999.0 -999.0 190.88511115591686 26.352289033433653 190.88420850712419 26.20746099197212 63.291862484441495 263.6419684729719 -999.0 16600.0 -999.0 2 -999 {-999.0 -999.0 -999.0 -999.0 -999.0} "" -999.0 -999.0 -999.0 -999.0 -999 -999 "" "" "" "" 0 0 0.0 0.0 -999 ""
FIBERMAP 825 R+3C17 BOSS 1 1 0 1 0 0 94.5706730479744 46.10314370449367 143.1 96.00091232820756 43.023248162746 245.02275 116.81823 190.8813275544048 26.35214516495955 -999.0 -999.0 -999.0 190.88133583732474 26.352154000982196 190.88054559303703 26.207362063735257 63.28876535150399 263.6444236644155 5400.0 5400.0 2016.0 1 219 {-999.0 21.13428 21.122877 20.79015 20.474022} sdss_psfmag_from_lsdr10 20.93614 20.766066 20.194069 -999.0 63050395173401408 1059139570 dark_flexible_2x2 bhm_spiders_agn_lsdr10 bhm_spiders science 0 0 0.0 0.0 -999 ""
FIBERMAP 825 R+3C17 METROLOGY 0 0 0 1 0 0 94.88680207088575 46.77566881492502 143.1 96.33855178042344 43.68516246837464 245.02275 116.81823 -999.0 -999.0 -999.0 -999.0 -999.0 190.88308014148006 26.355165150708043 190.88225562703508 26.210362598016914 63.29128600308664 263.64940018973584 -999.0 6231.0 -999.0 -1 -999 {-999.0 -999.0 -999.0 -999.0 -999.0} "" -999.0 -999.0 -999.0 -999.0 -999 -999 "" "" "" "" 0 0 0.0 0.0 -999 ""
FIBERMAP 827 R+5C13 APOGEE 0 0 0 1 0 0 48.39569152665399 90.94268832433204 143.1 51.30101924411755 89.32560550341813 0.30081418 93.08295 -999.0 -999.0 -999.0 -999.0 -999.0 190.65491223445665 26.56360027209568 190.6542551731186 26.418649537362842 63.17566643926432 264.2443231225689 -999.0 16600.0 -999.0 2 3 {-999.0 -999.0 -999.0 -999.0 -999.0} "" -999.0 -999.0 -999.0 -999.0 -999 -999 "" "" "" "" 0 0 0.0 0.0 -999 ""
FIBERMAP 827 R+5C13 BOSS 1 1 0 1 0 0 48.42717730530968 90.20228795429199 143.1 51.3085927412967 88.5846395113866 0.30081418 93.08295 190.6545933351882 26.560352750664215 -15.918874 -46.239758 4.0675836 190.65486468399104 26.560238215910168 190.65431699622798 26.415325015712504 63.17453200986655 264.23739710385235 5400.0 5400.0 2016.0 1 148 {-999.0 18.526737 17.089115 15.985697 -999.0} sdss_psfmag 17.957869 16.673395 15.542888 13.433 63050395173401751 1077950066 bright_flexible_2x1 mwm_snc_ext_main_boss mwm_snc science 0 0 1.084671974182129 0.0 -999 ""
FIBERMAP 827 R+5C13 METROLOGY 0 0 0 1 0 0 47.7612466276178 90.53528924756867 143.1 50.653813333941805 88.93892816332988 0.30081418 93.08295 -999.0 -999.0 -999.0 -999.0 -999.0 190.65156194604103 26.561860669951752 190.65098794607536 26.4169355691047 63.172321466780396 264.2430882234409 -999.0 6231.0 -999.0 -1 -999 {-999.0 -999.0 -999.0 -999.0 -999.0} "" -999.0 -999.0 -999.0 -999.0 -999 -999 "" "" "" "" 0 0 0.0 0.0 -999 ""
FIBERMAP 828 R-2C18 APOGEE 0 0 0 1 0 0 131.82309401911812 -31.674186484379266 143.1 130.72075271047356 -35.90892028268118 83.976105 37.036175 -999.0 -999.0 -999.0 -999.0 -999.0 191.0550962025247 25.992266484008237 191.05411414035086 25.84757280703057 63.30073801438354 262.7722403845096 -999.0 16600.0 -999.0 2 -999 {-999.0 -999.0 -999.0 -999.0 -999.0} "" -999.0 -999.0 -999.0 -999.0 -999 -999 "" "" "" "" 0 0 0.0 0.0 -999 ""
FIBERMAP 828 R-2C18 BOSS 1 1 0 1 0 0 132.22116055157736 -32.297978875365025 143.1 131.0984469462293 -36.545178999203486 83.976105 37.036175 191.05693802114584 25.98929511010985 0.9619803 -0.8398622 -0.03761206 191.05693506386424 25.989311550542276 191.05605753361465 25.844657701683598 63.30126521540065 262.7647656952932 5400.0 5400.0 2016.0 1 294 {-999.0 20.117762 20.03037 20.021015 20.015593} sdss_psfmag_from_gdr3 20.036566 20.023338 19.73351 -999.0 63050395173398510 1128677083 dark_flexible_3x1 bhm_spiders_agn_gaiadr3_d3 bhm_spiders science 0 0 0.0 0.0 -999 ""
FIBERMAP 828 R-2C18 METROLOGY 0 0 0 1 0 0 131.4670326164591 -32.329840553266436 143.1 130.3437496101574 -36.552685170881176 83.976105 37.036175 -999.0 -999.0 -999.0 -999.0 -999.0 191.05314681637572 25.989306695064688 191.05224487774 25.844640564581475 63.29807830930676 262.7675964719932 -999.0 6231.0 -999.0 -1 -999 {-999.0 -999.0 -999.0 -999.0 -999.0} "" -999.0 -999.0 -999.0 -999.0 -999 -999 "" "" "" "" 0 0 0.0 0.0 -999 ""
FIBERMAP 830 R+9C18 APOGEE 0 0 0 1 0 0 203.88234506165705 158.1446208248208 143.1 208.861721770093 151.46901435469667 14.198746 35.66314 -999.0 -999.0 -999.0 -999.0 -999.0 191.45336710326086 26.838616136640308 191.45137280066012 26.693894655729117 63.939946760278914 264.2560372145299 -999.0 16600.0 -999.0 2 52 {-999.0 -999.0 -999.0 -999.0 -999.0} "" -999.0 -999.0 -999.0 -999.0 -999 -999 "" "" "" "" 0 0 0.0 0.0 -999 ""
FIBERMAP 830 R+9C18 BOSS 1 1 0 1 0 0 203.4127666605754 157.57569518110463 143.1 208.37406950618322 150.91558838406982 14.198746 35.66314 191.45081218814173 26.836129037769044 0.30644765 -0.21081895 0.064211465 191.45082238423208 26.83613228203164 191.44893791426534 26.691445404882526 63.93705043647306 264.25255349844394 5400.0 5400.0 2016.0 1 169 {-999.0 19.469172 19.48394 19.415783 19.341677} sdss_psfmag_from_lsdr10 19.551722 19.4603 19.058655 -999.0 63050395173402126 1059141696 dark_flexible_2x2 bhm_spiders_agn_lsdr10 bhm_spiders science 0 0 0.0 0.0 -999 ""
FIBERMAP 830 R+9C18 METROLOGY 0 0 0 1 0 0 203.14467352443341 158.27089342753504 143.1 208.1285739002743 151.61901520163744 14.198746 35.66314 -999.0 -999.0 -999.0 -999.0 -999.0 191.44962035704896 26.839324103102424 191.44770641748426 26.694626178743533 63.93713580336636 264.26021151403825 -999.0 6231.0 -999.0 -1 -999 {-999.0 -999.0 -999.0 -999.0 -999.0} "" -999.0 -999.0 -999.0 -999.0 -999 -999 "" "" "" "" 0 0 0.0 0.0 -999 ""
FIBERMAP 831 R-6C18 APOGEE 0 0 0 1 0 0 164.9097456345793 -100.17727061471699 143.1 161.5766430990268 -105.43805322921341 100.86282 71.73535 -999.0 -999.0 -999.0 -999.0 -999.0 191.20739390124453 25.67608279964842 191.2063431213038 25.53150967302194 63.307440592244575 262.00544482807635 -999.0 16600.0 -999.0 2 -999 {-999.0 -999.0 -999.0 -999.0 -999.0} "" -999.0 -999.0 -999.0 -999.0 -999 -999 "" "" "" "" 0 0 0.0 0.0 -999 ""
FIBERMAP 831 R-6C18 BOSS 1 1 0 1 0 0 165.66046856961754 -100.2553890279928 143.1 162.32438838863303 -105.54035035831032 100.86282 71.73535 191.2111353282625 25.675547859793426 -13.115996 -4.82491 0.37239692 191.21107804290034 25.675540962602245 191.2101272073171 25.531008860140666 63.310398689716976 262.00148745229376 5400.0 5400.0 2016.0 1 288 {-999.0 17.604155 17.278008 17.17053 -999.0} sdss_psfmag 17.556713 17.274715 16.829311 15.839 63050395173395141 976171268 "" ops_std_boss ops_std standard_boss 0 0 0.0 0.0 -999 ""
FIBERMAP 831 R-6C18 METROLOGY 0 0 0 1 0 0 165.22170630346898 -100.85501874018672 143.1 161.86654267473665 -106.12545617140265 100.86282 71.73535 -999.0 -999.0 -999.0 -999.0 -999.0 191.20877464034962 25.672913925933283 191.2077986752795 25.52837032138837 63.30744313713117 261.99786911524944 -999.0 6231.0 -999.0 -1 -999 {-999.0 -999.0 -999.0 -999.0 -999.0} "" -999.0 -999.0 -999.0 -999.0 -999 -999 "" "" "" "" 0 0 0.0 0.0 -999 ""
FIBERMAP 835 R+3C22 APOGEE 0 0 0 1 0 0 232.09485552983978 53.60852765720872 143.1 233.68363134086653 46.08608517689325 37.61834 55.196983 -999.0 -999.0 -999.0 -999.0 -999.0 191.57542105208105 26.36091568391406 191.57348694246332 26.216338709007974 63.87085914935129 263.1533528314599 -999.0 16600.0 -999.0 2 31 {-999.0 -999.0 -999.0 -999.0 -999.0} "" -999.0 -999.0 -999.0 -999.0 -999 -999 "" "" "" "" 0 0 0.0 0.0 -999 ""
FIBERMAP 835 R+3C22 BOSS 1 1 0 1 0 0 232.15070294068502 52.855901592608404 143.1 233.71515711934424 45.332114764871754 37.61834 55.196983 191.57546997070312 26.35744099397791 -999.0 -999.0 -999.0 191.57548041871092 26.357468677994742 191.57365192794373 26.21292912395756 63.869748807220404 263.1460251995504 5400.0 5400.0 2015.5 1 192 {-999.0 -999.0 -999.0 -999.0 -999.0} "" -999.0 -999.0 -999.0 -999.0 27021603145566390 812569557 "" ops_sky_boss_good ops_sky sky_boss 0 0 0.0 0.0 -999 ""
FIBERMAP 835 R+3C22 METROLOGY 0 0 0 1 0 0 231.47747939132765 53.18151805879847 143.1 233.05285096470433 45.6792584274468 37.61834 55.196983 -999.0 -999.0 -999.0 -999.0 -999.0 191.57220601382235 26.35908490536634 191.5703521167568 26.21453336763622 63.867581141163875 263.15187544265734 -999.0 6231.0 -999.0 -1 -999 {-999.0 -999.0 -999.0 -999.0 -999.0} "" -999.0 -999.0 -999.0 -999.0 -999 -999 "" "" "" "" 0 0 0.0 0.0 -999 ""
FIBERMAP 837 R+1C18 APOGEE 0 0 0 1 0 0 88.97470774492051 32.97534024091714 143.1 89.98471004989518 30.084016203393613 165.17603 76.634865 -999.0 -999.0 -999.0 -999.0 -999.0 190.85066039557117 26.293412736956242 190.8498368279976 26.14858475462591 63.24167051625483 263.5451031261151 -999.0 16600.0 -999.0 2 69 {-999.0 -999.0 -999.0 -999.0 -999.0} "" -999.0 -999.0 -999.0 -999.0 -999 -999 "" "" "" "" 0 0 0.0 0.0 -999 ""
FIBERMAP 837 R+1C18 BOSS 1 1 0 1 0 0 89.32052683321189 33.6185898685334 143.1 90.35107676888786 30.715714721985588 165.17603 76.634865 190.85245653965262 26.29626123382261 -999.0 -999.0 -999.0 190.8524720203915 26.296258108556238 190.85175121918007 26.15146780661153 63.244323700216086 263.54966910014673 5400.0 5400.0 2016.0 1 231 {-999.0 22.174292 20.822464 20.3114 19.955742} sdss_fiber2mag_from_lsdr10 21.296053 21.387127 19.194248 -999.0 63050395173399713 1058178016 dark_flexible_2x2 bhm_spiders_clusters_lsdr10 bhm_spiders science 0 0 0.0 0.0 -999 ""
FIBERMAP 837 R+1C18 METROLOGY 0 0 0 1 0 0 89.72094666581712 32.997714997202706 143.1 90.73121702306022 30.08229580788388 165.17603 76.634865 -999.0 -999.0 -999.0 -999.0 -999.0 190.85440949989638 26.293374960934493 190.85365690540857 26.148575268576014 63.24485890974686 263.54229961506053 -999.0 6231.0 -999.0 -1 -999 {-999.0 -999.0 -999.0 -999.0 -999.0} "" -999.0 -999.0 -999.0 -999.0 -999 -999 "" "" "" "" 0 0 0.0 0.0 -999 ""
FIBERMAP 838 R-8C6 APOGEE 0 0 0 1 0 0 -77.74395316289852 -164.86599676549724 143.1 -83.01697185570954 -162.25685631218337 339.3242 98.88432 -999.0 -999.0 -999.0 -999.0 -999.0 189.97584572126883 25.419911499119006 189.9766931633054 25.27497587935508 62.18384216560466 262.42615671619546 -999.0 16600.0 -999.0 2 -999 {-999.0 -999.0 -999.0 -999.0 -999.0} "" -999.0 -999.0 -999.0 -999.0 -999 -999 "" "" "" "" 0 0 0.0 0.0 -999 ""
FIBERMAP 838 R-8C6 BOSS 1 1 0 1 0 0 -77.87399123080382 -165.58242010555847 143.1 -83.17005018604068 -162.96864739809163 339.3242 98.88432 189.97496136193107 25.416615994800015 -999.0 -999.0 -999.0 189.9749592941166 25.416605585865113 189.9759192721823 25.271712171078562 62.1819316406432 262.42029141591763 5400.0 5400.0 2016.0 1 411 {-999.0 23.608551 21.974564 21.023014 20.480345} sdss_fiber2mag_from_lsdr10 nan nan nan -999.0 63050398333665861 1059136056 dark_flexible_2x2 bhm_spiders_agn_lsdr10 bhm_spiders science 0 0 0.0 0.0 -999 ""
FIBERMAP 838 R-8C6 METROLOGY 0 0 0 1 0 0 -78.44757029793064 -165.11415983245323 143.1 -83.72816928576313 -162.48216229171416 339.3242 98.88432 -999.0 -999.0 -999.0 -999.0 -999.0 189.97217949846544 25.418824296586813 189.97311142524848 25.273917717414456 62.18044637294507 262.4267573823836 -999.0 6231.0 -999.0 -1 -999 {-999.0 -999.0 -999.0 -999.0 -999.0} "" -999.0 -999.0 -999.0 -999.0 -999 -999 "" "" "" "" 0 0 0.0 0.0 -999 ""
FIBERMAP 839 R+3C1 APOGEE 0 0 0 1 0 0 -262.1101872786398 69.57374164139591 143.1 -259.7055430626112 77.9898542893512 105.22888 123.228264 -999.0 -999.0 -999.0 -999.0 -999.0 189.0813394631527 26.50449347541961 189.08307435054917 26.359078794612355 61.83891832620843 265.2074623003256 -999.0 16600.0 -999.0 2 143 {-999.0 -999.0 -999.0 -999.0 -999.0} "" -999.0 -999.0 -999.0 -999.0 -999 -999 "" "" "" "" 0 0 0.0 0.0 -999 ""
FIBERMAP 839 R+3C1 BOSS 1 1 0 1 0 0 -261.6395585315382 70.13451667222076 143.1 -259.21710411643755 78.53510071047653 105.22888 123.228264 189.08365958173437 26.50694749212824 -999.0 -999.0 -999.0 189.0836386556991 26.506949113315546 189.0854832810811 26.36157326364635 61.841820316102684 265.21078557671507 5400.0 5400.0 2016.0 1 3 {-999.0 22.768032 21.674055 20.878778 -999.0} sdss_psfmag -999.0 -999.0 -999.0 -999.0 63050396903468950 1055496916 dark_flexible_2x2 bhm_csc_boss bhm_csc science 0 0 0.0 0.0 -999 ""
FIBERMAP 839 R+3C1 METROLOGY 0 0 0 1 0 0 -261.37710647466304 69.42376668337279 143.1 -258.9777480211648 77.81631365251276 105.22888 123.228264 -999.0 -999.0 -999.0 -999.0 -999.0 189.08488380930845 26.503728745449035 189.0866954167867 26.358342916047924 61.84169190600679 265.2035688717126 -999.0 6231.0 -999.0 -1 -999 {-999.0 -999.0 -999.0 -999.0 -999.0} "" -999.0 -999.0 -999.0 -999.0 -999 -999 "" "" "" "" 0 0 0.0 0.0 -999 ""
FIBERMAP 840 R+10C12 APOGEE 0 0 0 1 0 0 51.84680839342245 180.60108629506578 143.1 57.64336224705926 178.81808807560424 273.24667 53.290524 -999.0 -999.0 -999.0 -999.0 -999.0 190.68770618695112 26.9689289573011 190.68681193791474 26.82390653644102 63.34502580547462 265.06515972555974 -999.0 16600.0 -999.0 2 -999 {-999.0 -999.0 -999.0 -999.0 -999.0} "" -999.0 -999.0 -999.0 -999.0 -999 -999 "" "" "" "" 0 0 0.0 0.0 -999 ""
FIBERMAP 840 R+10C12 BOSS 1 1 0 1 0 0 51.21119221513827 180.99157321801727 143.1 57.02073398933665 179.228849118846 273.24667 53.290524 190.68447060439516 26.970786384020162 -999.0 -999.0 -999.0 190.68444747910536 26.970810839734227 190.68366520998825 26.8258222495362 63.34304951034997 265.07132470213287 5400.0 5400.0 2016.0 1 141 {-999.0 21.327097 20.358955 19.911558 19.586311} sdss_fiber2mag_from_lsdr10 20.28112 21.187233 18.83118 -999.0 63050395173414525 1059142800 dark_flexible_2x2 bhm_spiders_agn_lsdr10 bhm_spiders science 0 0 0.0 0.0 -999 ""
FIBERMAP 840 R+10C12 METROLOGY 0 0 0 1 0 0 51.87380446531038 181.34669557117118 143.1 57.69440311576249 179.56237256331653 273.24667 53.290524 -999.0 -999.0 -999.0 -999.0 -999.0 190.6879056653427 26.972300906060276 190.6870868482365 26.82730317194366 63.34642614503777 265.0720794960433 -999.0 6231.0 -999.0 -1 -999 {-999.0 -999.0 -999.0 -999.0 -999.0} "" -999.0 -999.0 -999.0 -999.0 -999 -999 "" "" "" "" 0 0 0.0 0.0 -999 ""
FIBERMAP 842 R-4C20 APOGEE 0 0 0 1 0 0 184.74240594601721 -83.32815878446937 143.1 181.94096779419658 -89.23920281723962 250.61426 165.46228 -999.0 -999.0 -999.0 -999.0 -999.0 191.31021848938792 25.74913861505912 191.30898239130215 25.6045882226999 63.42100461906407 262.0765523444582 -999.0 16600.0 -999.0 2 -999 {-999.0 -999.0 -999.0 -999.0 -999.0} "" -999.0 -999.0 -999.0 -999.0 -999 -999 "" "" "" "" 0 0 0.0 0.0 -999 ""
FIBERMAP 842 R-4C20 BOSS 1 1 0 1 0 0 184.3528083269602 -83.93507126549675 143.1 181.53202179788295 -89.83317353865328 250.61426 165.46228 191.3080593014136 25.74639610996161 0.32351178 -0.16091605 0.063832775 191.30808360624954 25.746393877412174 191.30695664526547 25.60188246708911 63.41827976980009 262.0725335257409 5400.0 5400.0 2016.0 1 286 {-999.0 19.347519 19.168112 19.015194 18.907299} sdss_psfmag_from_gaiadr2 19.301922 19.166708 18.68848 -999.0 63050395173395166 1130138795 dark_flexible_3x1 bhm_gua_dark_d3 bhm_filler science 0 0 0.0 0.0 -999 ""
FIBERMAP 842 R-4C20 METROLOGY 0 0 0 1 0 0 183.99737111427032 -83.28834572134078 143.1 181.1976710127068 -89.17537129247253 250.61426 165.46228 -999.0 -999.0 -999.0 -999.0 -999.0 191.30646619973498 25.74939545094403 191.3053104466445 25.604871702537032 63.41805511934666 262.0799752933078 -999.0 6231.0 -999.0 -1 -999 {-999.0 -999.0 -999.0 -999.0 -999.0} "" -999.0 -999.0 -999.0 -999.0 -999 -999 "" "" "" "" 0 0 0.0 0.0 -999 ""
FIBERMAP 846 R+1C13 APOGEE 0 0 0 1 0 0 6.499177773819728 20.43230075341609 143.1 7.154585393389483 20.210138210627314 38.540123 77.29248 -999.0 -999.0 -999.0 -999.0 -999.0 190.43003639904273 26.249387267115495 190.42985819715705 26.1044257836611 62.874546178116944 263.7585115760762 -999.0 16600.0 -999.0 2 131 {-999.0 -999.0 -999.0 -999.0 -999.0} "" -999.0 -999.0 -999.0 -999.0 -999 -999 "" "" "" "" 0 0 0.0 0.0 -999 ""
FIBERMAP 846 R+1C13 BOSS 1 1 0 1 0 0 6.857248926693966 19.78172943546374 143.1 7.491444411094425 19.548407531628964 38.540123 77.29248 190.43220518045888 26.24638891782951 -178.37769 -21.266407 11.957067 190.43164157838984 26.246344616906633 190.4315708229543 26.10142253385459 62.874880213348874 263.75114750027797 5400.0 5400.0 2016.0 1 13 {-999.0 19.31488 18.728096 18.407082 -999.0} sdss_psfmag_ps1 19.01596 18.71718 18.274084 -999.0 63050395173399867 1143437541 dark_1x3 mwm_wd_pwd_boss_1x3 mwm_wd science 0 0 0.0 0.0 -999 ""
FIBERMAP 846 R+1C13 METROLOGY 0 0 0 1 0 0 6.112308315174438 19.791195872851 143.1 6.747262490242583 19.58190785225663 38.540123 77.29248 -999.0 -999.0 -999.0 -999.0 -999.0 190.42789080764237 26.246508242013135 190.42779482391506 26.101574054375043 62.871779280111596 263.75417490289783 -999.0 6231.0 -999.0 -1 -999 {-999.0 -999.0 -999.0 -999.0 -999.0} "" -999.0 -999.0 -999.0 -999.0 -999 -999 "" "" "" "" 0 0 0.0 0.0 -999 ""
FIBERMAP 847 R+5C22 APOGEE 0 0 0 1 0 0 237.65137803125666 88.35606488030878 143.1 240.3580954877963 80.63317082259367 243.9951 152.1789 -999.0 -999.0 -999.0 -999.0 -999.0 191.6098805364149 26.516838494440602 191.60781504959482 26.372242595053496 63.95622316380312 263.4581744580364 -999.0 16600.0 -999.0 2 74 {-999.0 -999.0 -999.0 -999.0 -999.0} "" -999.0 -999.0 -999.0 -999.0 -999 -999 "" "" "" "" 0 0 0.0 0.0 -999 ""
FIBERMAP 847 R+5C22 BOSS 1 1 0 1 0 0 237.04912730270453 87.89612466067913 143.1 239.74136863044646 80.1929453808266 243.9951 152.1789 191.60670967493374 26.514860342806486 -999.0 -999.0 -999.0 191.6067043374129 26.514857217244014 191.6047485267826 26.37029658536993 63.95295823225744 263.4563027641271 5400.0 5400.0 2016.0 1 248 {-999.0 21.20591 21.127321 20.87844 20.637815} sdss_psfmag_from_lsdr10 21.296288 20.996674 20.37479 -999.0 63050395173400898 1059140675 dark_flexible_2x2 bhm_spiders_agn_lsdr10 bhm_spiders science 0 0 0.0 0.0 -999 ""
FIBERMAP 847 R+5C22 METROLOGY 0 0 0 1 0 0 236.95332801027843 88.63098958337473 143.1 239.66934211433224 80.93045472553094 243.9951 152.1789 -999.0 -999.0 -999.0 -999.0 -999.0 191.60638903000648 26.518204158731546 191.60440252549745 26.37363248403397 63.95387443259722 263.4636417461631 -999.0 6231.0 -999.0 -1 -999 {-999.0 -999.0 -999.0 -999.0 -999.0} "" -999.0 -999.0 -999.0 -999.0 -999 -999 "" "" "" "" 0 0 0.0 0.0 -999 ""
FIBERMAP 849 R+6C12 APOGEE 0 0 0 1 0 0 16.399805431356306 126.28181471396118 143.1 20.46501166278018 125.6757572430876 107.136246 129.61449 -999.0 -999.0 -999.0 -999.0 -999.0 190.49815096820652 26.729009299577815 190.49765459259027 26.583972146731583 63.10312374781818 264.6963393288681 -999.0 16600.0 -999.0 2 -999 {-999.0 -999.0 -999.0 -999.0 -999.0} "" -999.0 -999.0 -999.0 -999.0 -999 -999 "" "" "" "" 0 0 0.0 0.0 -999 ""
FIBERMAP 849 R+6C12 BOSS 1 1 0 1 0 0 16.794440066049763 126.91009708938819 143.1 20.879681228554887 126.29092231072389 107.136246 129.61449 190.50017574703367 26.731825063390495 -999.0 -999.0 -999.0 190.50016685685162 26.73181457249329 190.49977464136782 26.586813905057284 63.10589702074691 264.70074889701107 5400.0 5400.0 2016.0 1 117 {-999.0 22.971666 22.376068 21.868431 21.468075} sdss_fiber2mag_from_lsdr10 nan nan nan -999.0 63050398343605577 1059141684 dark_flexible_2x2 bhm_spiders_agn_lsdr10 bhm_spiders science 0 0 0.0 0.0 -999 ""
FIBERMAP 849 R+6C12 METROLOGY 0 0 0 1 0 0 17.14552133841837 126.2579449325123 143.1 21.209503603685807 125.62783732182575 107.136246 129.61449 -999.0 -999.0 -999.0 -999.0 -999.0 190.50187335626106 26.72880437048865 190.50144917534806 26.58379457847838 63.10623849384456 264.69333647460866 -999.0 6231.0 -999.0 -1 -999 {-999.0 -999.0 -999.0 -999.0 -999.0} "" -999.0 -999.0 -999.0 -999.0 -999 -999 "" "" "" "" 0 0 0.0 0.0 -999 ""
FIBERMAP 852 R0C15 APOGEE 1 1 0 1 0 0 16.939261286468962 20.15500176496316 143.1 17.579368825573557 19.596100699152498 164.10919 42.065643 190.4830557229849 26.246563265242663 -8.519314 -3.4942725 0.9025989 190.4829896967915 26.246547529207266 190.4827340956357 26.101604120307645 62.917711742700185 263.71465170448874 16000.0 16600.0 2016.0 2 32 {-999.0 11.639854 10.860668 10.584381 -999.0} sdss_psfmag_from_g3xp 11.415867 10.905401 10.237541 8.868 63050395173399865 975022068 "" ops_std_apogee ops_std standard_apogee 0 0 0.0 0.0 -999 ""
FIBERMAP 852 R0C15 BOSS 0 0 0 1 0 0 17.607118347115517 20.475115142179305 143.1 18.257149812792306 19.894467213372174 164.10919 42.065643 -999.0 -999.0 -999.0 -999.0 -999.0 190.48633736393654 26.247876520316375 190.48618443814019 26.10297213470977 62.92109583866815 263.71496002585116 -999.0 5400.0 -999.0 1 180 {-999.0 -999.0 -999.0 -999.0 -999.0} "" -999.0 -999.0 -999.0 -999.0 -999 -999 "" "" "" "" 0 0 0.0 0.0 -999 ""
FIBERMAP 852 R0C15 METROLOGY 0 0 0 1 0 0 17.561570790751954 19.737117702801797 143.1 18.18781438402902 19.158388598119444 164.10919 42.065643 -999.0 -999.0 -999.0 -999.0 -999.0 190.48600975439803 26.24453192945826 190.4858281473753 26.099617309176836 62.91957125740346 263.7083579092356 -999.0 6231.0 -999.0 -1 -999 {-999.0 -999.0 -999.0 -999.0 -999.0} "" -999.0 -999.0 -999.0 -999.0 -999 -999 "" "" "" "" 0 0 0.0 0.0 -999 ""
FIBERMAP 857 R+13C3 APOGEE 0 0 0 1 0 0 -89.92040585215364 266.87097970291615 143.1 -81.2536275050132 269.610402814529 92.9321 70.61301 -999.0 -999.0 -999.0 -999.0 -999.0 189.98068655002052 27.37533349896227 189.98069901495046 27.22999970656642 62.889976250013454 266.3801106146461 -999.0 16600.0 -999.0 2 106 {-999.0 -999.0 -999.0 -999.0 -999.0} "" -999.0 -999.0 -999.0 -999.0 -999 -999 "" "" "" "" 0 0 0.0 0.0 -999 ""
FIBERMAP 857 R+13C3 BOSS 1 1 0 1 0 0 -89.20493560082272 266.66046673857943 143.1 -80.54538589707529 269.3769293034096 92.9321 70.61301 189.98418104393323 27.374258085228057 0.38818678 -0.17502016 -0.12255765 189.98417436320418 27.374278489979318 189.98429285371594 27.228980547139198 62.89265533338049 266.37568176123307 5400.0 5400.0 2016.0 1 87 {-999.0 19.6721 19.648361 19.485373 19.317133} sdss_psfmag_from_lsdr10 19.580097 19.404747 19.04164 -999.0 63050395173416041 1059143878 dark_flexible_2x2 bhm_spiders_agn_lsdr10 bhm_spiders science 0 0 0.0 0.0 -999 ""
FIBERMAP 857 R+13C3 METROLOGY 0 0 0 1 0 0 -89.7375928583709 266.1378165906379 143.1 -81.09458530618096 268.8717862650029 92.9321 70.61301 -999.0 -999.0 -999.0 -999.0 -999.0 189.98140991845364 27.37202263408618 189.9815022105629 27.226714511695352 62.88956429974922 266.37278876220057 -999.0 6231.0 -999.0 -1 -999 {-999.0 -999.0 -999.0 -999.0 -999.0} "" -999.0 -999.0 -999.0 -999.0 -999 -999 "" "" "" "" 0 0 0.0 0.0 -999 ""
FIBERMAP 859 R-9C1 APOGEE 0 0 0 1 0 0 -189.81507848750704 -188.91980126507914 143.1 -195.79614533827956 -182.67943034549216 280.9768 108.78966 -999.0 -999.0 -999.0 -999.0 -999.0 189.4134499490475 25.328040252298607 189.41514523779574 25.182957340143023 61.67994209631996 262.6647135451478 -999.0 16600.0 -999.0 2 272 {-999.0 -999.0 -999.0 -999.0 -999.0} "" -999.0 -999.0 -999.0 -999.0 -999 -999 "" "" "" "" 0 0 0.0 0.0 -999 ""
FIBERMAP 859 R-9C1 BOSS 1 1 0 1 0 0 -190.4633045100081 -189.3061476167431 143.1 -196.4564446048302 -183.04462304402304 280.9768 108.78966 189.4101599599552 25.326406020249266 -22.88807 -13.788034 0.4058093 189.41008499904552 25.32635767221531 189.41189790682495 25.181316894336998 61.67659705011695 262.6639313492777 5400.0 5400.0 2016.0 1 419 {-999.0 17.980667 17.600363 17.441051 -999.0} sdss_psfmag 17.915695 17.596746 17.118956 16.064 63050395173373239 975736890 "" ops_std_eboss ops_std standard_boss 0 0 0.0 0.0 -999 ""
FIBERMAP 859 R-9C1 METROLOGY 0 0 0 1 0 0 -190.475165427214 -188.55815072804975 143.1 -196.44416003601614 -182.29669845992316 280.9768 108.78966 -999.0 -999.0 -999.0 -999.0 -999.0 189.41012378658132 25.329728819765833 189.41190354983496 25.184675237581757 61.677905271964306 262.6704507818839 -999.0 6231.0 -999.0 -1 -999 {-999.0 -999.0 -999.0 -999.0 -999.0} "" -999.0 -999.0 -999.0 -999.0 -999 -999 "" "" "" "" 0 0 0.0 0.0 -999 ""
FIBERMAP 865 R-9C11 APOGEE 0 0 0 1 0 0 40.813985042541375 -183.86739346283125 143.1 34.85565311725252 -185.07262276271814 297.02823 129.84991 -999.0 -999.0 -999.0 -999.0 -999.0 190.56836563103832 25.316776742372465 190.5684060215916 25.17205362880903 62.636505527307676 261.7704093869139 -999.0 16600.0 -999.0 2 179 {-999.0 -999.0 -999.0 -999.0 -999.0} "" -999.0 -999.0 -999.0 -999.0 -999 -999 "" "" "" "" 0 0 0.0 0.0 -999 ""
FIBERMAP 865 R-9C11 BOSS 1 1 0 1 0 0 40.530186175987225 -184.5516047080912 143.1 34.54994703453749 -185.7472594055083 297.02823 129.84991 190.5667388617207 25.313662238046845 -0.96329945 -4.5429797 0.14530627 190.56672322285803 25.31364158383964 190.56687481201914 25.168960126706157 62.63401542279907 261.7654057961971 5400.0 5400.0 2016.0 1 374 {-999.0 16.830715 16.352064 16.15347 -999.0} sdss_psfmag 16.738798 16.376234 15.8228655 14.881 63050395173397639 1076052224 bright_1x1 mwm_halo_mp_xp_boss_single mwm_halo science 0 0 0.0 0.0 -999 ""
FIBERMAP 865 R-9C11 METROLOGY 0 0 0 1 0 0 40.07520969269817 -183.95883160017866 143.1 34.11437646127621 -185.14016458534286 297.02823 129.84991 -999.0 -999.0 -999.0 -999.0 -999.0 190.56457326589646 25.316401509266438 190.564696251231 25.171706973492793 62.63328193715808 261.7725863017334 -999.0 6231.0 -999.0 -1 -999 {-999.0 -999.0 -999.0 -999.0 -999.0} "" -999.0 -999.0 -999.0 -999.0 -999 -999 "" "" "" "" 0 0 0.0 0.0 -999 ""
FIBERMAP 866 R+11C13 APOGEE 0 0 0 1 0 0 115.90755646670932 208.43946182723064 143.1 122.56349699480809 204.57225192558712 4.653501 93.433945 -999.0 -999.0 -999.0 -999.0 -999.0 191.01773762867714 27.082615234090483 191.01628548324027 26.937684457120433 63.66009867903994 265.07863006933474 -999.0 16600.0 -999.0 2 12 {-999.0 -999.0 -999.0 -999.0 -999.0} "" -999.0 -999.0 -999.0 -999.0 -999 -999 "" "" "" "" 0 0 0.0 0.0 -999 ""
FIBERMAP 866 R+11C13 BOSS 1 1 0 1 0 0 116.01879993153284 207.69540882681696 143.1 122.6506617831545 203.82506170104546 4.653501 93.433945 191.01807218598452 27.079237709433094 0.37589765 -0.29856175 -0.9745534 191.01809144727744 27.079247929441653 191.01674699524835 26.93435255456198 63.65934604139292 265.0712562852187 5400.0 5400.0 2016.0 1 99 {-999.0 21.357141 21.160236 20.780308 20.553114} sdss_fiber2mag_from_lsdr10 20.575306 20.497286 19.769354 -999.0 63050395173414961 1059142808 dark_flexible_2x2 bhm_spiders_agn_lsdr10 bhm_spiders science 0 0 0.0 0.0 -999 ""
FIBERMAP 866 R+11C13 METROLOGY 0 0 0 1 0 0 115.32088451828213 207.96959632141258 143.1 121.96201914540399 204.12160450014662 4.653501 93.433945 -999.0 -999.0 -999.0 -999.0 -999.0 191.0146246448124 27.080616404065015 191.01325463340515 26.935709714051637 63.65688431729458 265.07652988165506 -999.0 6231.0 -999.0 -1 -999 {-999.0 -999.0 -999.0 -999.0 -999.0} "" -999.0 -999.0 -999.0 -999.0 -999 -999 "" "" "" "" 0 0 0.0 0.0 -999 ""
FIBERMAP 868 R+9C15 APOGEE 0 0 0 1 0 0 129.52111496945844 181.9150991151505 143.1 135.3128176011601 177.62470897853984 18.66008 143.70451 -999.0 -999.0 -999.0 -999.0 -999.0 191.08233880381414 26.96081769398902 191.08084710402284 26.815934867413716 63.672309843614826 264.77626830153076 -999.0 16600.0 -999.0 2 -999 {-999.0 -999.0 -999.0 -999.0 -999.0} "" -999.0 -999.0 -999.0 -999.0 -999 -999 "" "" "" "" 0 0 0.0 0.0 -999 ""
FIBERMAP 868 R+9C15 BOSS 1 1 0 1 0 0 130.2397991128313 181.69876699087663 143.1 136.02408335840212 177.38531613365697 18.66008 143.70451 191.08591196345645 26.959722484710277 -14.779609 -7.2308836 0.24372478 191.0858624782681 26.95970087143388 191.0844722175733 26.814854497144143 63.67497180236904 264.7714594145797 5400.0 5400.0 2016.0 1 229 {-999.0 17.649727 17.359428 17.254452 -999.0} sdss_psfmag 17.630592 17.350931 16.914356 16.033 63050395173402378 976171255 "" ops_std_boss ops_std standard_boss 0 0 0.0 0.0 -999 ""
FIBERMAP 868 R+9C15 METROLOGY 0 0 0 1 0 0 129.69091279065375 181.18857954870435 143.1 135.4590669363859 176.89315193983876 18.66008 143.70451 -999.0 -999.0 -999.0 -999.0 -999.0 191.08302274724798 26.95751563134111 191.08160776663453 26.81265878532836 63.67181363475281 264.7688080597868 -999.0 6231.0 -999.0 -1 -999 {-999.0 -999.0 -999.0 -999.0 -999.0} "" -999.0 -999.0 -999.0 -999.0 -999 -999 "" "" "" "" 0 0 0.0 0.0 -999 ""
FIBERMAP 869 R+10C1 APOGEE 0 0 0 1 0 0 -197.04093170789272 202.3561973660137 143.1 -190.39091130308293 208.59170784525634 202.483 60.453793 -999.0 -999.0 -999.0 -999.0 -999.0 189.42758369152168 27.097056755865264 189.42856439151296 26.951616615067227 62.333651530051576 266.16680249208576 -999.0 16600.0 -999.0 2 115 {-999.0 -999.0 -999.0 -999.0 -999.0} "" -999.0 -999.0 -999.0 -999.0 -999 -999 "" "" "" "" 0 0 0.0 0.0 -999 ""
FIBERMAP 869 R+10C1 BOSS 1 1 0 1 0 0 -196.906017398864 203.080283235023 143.1 -190.23271242419878 209.31099943944128 202.483 60.453793 189.42826743872612 27.100236598278187 0.90748405 -0.45591983 -0.52032876 189.4282812424836 27.100243210136018 189.4293726949959 26.9548387811474 62.335417909593914 266.17281038149036 5400.0 5400.0 2016.0 1 79 {-999.0 19.878773 19.488676 19.286346 19.122355} sdss_psfmag_from_lsdr10 19.780582 19.460102 18.956959 -999.0 63050395173417576 1059142783 dark_flexible_2x2 bhm_spiders_agn_lsdr10 bhm_spiders science 0 0 0.0 0.0 -999 ""
FIBERMAP 869 R+10C1 METROLOGY 0 0 0 1 0 0 -196.3315555380797 202.59528895577526 143.1 -189.6742510834513 208.80776201924303 202.483 60.453793 -999.0 -999.0 -999.0 -999.0 -999.0 189.43112010452566 27.09804230911459 189.4321760015756 26.952628880407726 62.337023576527045 266.1665126070558 -999.0 6231.0 -999.0 -1 -999 {-999.0 -999.0 -999.0 -999.0 -999.0} "" -999.0 -999.0 -999.0 -999.0 -999 -999 "" "" "" "" 0 0 0.0 0.0 -999 ""
FIBERMAP 870 R0C26 APOGEE 0 0 0 1 0 0 272.70659281769923 16.1393068137424 143.1 273.0615091257972 7.329096633718353 101.93191 87.79272 -999.0 -999.0 -999.0 -999.0 -999.0 191.76964400162194 26.183476432360642 191.7675139421608 26.03901124125588 63.967307592123746 262.63223432047096 -999.0 16600.0 -999.0 2 38 {-999.0 -999.0 -999.0 -999.0 -999.0} "" -999.0 -999.0 -999.0 -999.0 -999 -999 "" "" "" "" 0 0 0.0 0.0 -999 ""
FIBERMAP 870 R0C26 BOSS 1 1 0 1 0 0 273.4300350877501 16.29530918474685 143.1 273.7895455535053 7.461658217609361 101.93191 87.79272 191.77284965116783 26.184070236943008 -60.685066 -32.699585 2.022938 191.77315403802882 26.184001635060856 191.7711215828799 26.03957484284791 63.97052591324464 262.6306771694838 5400.0 5400.0 2016.0 1 173 {-999.0 15.133836 14.503023 14.280967 -999.0} sdss_psfmag_from_g3xp 14.976588 14.540887 13.938366 12.765 63050395173397338 1135983091 dark_flexible_3x1 mwm_halo_local_high_boss_triple mwm_halo science 0 0 1.6615033149719238 0.0 -999 ""
FIBERMAP 870 R0C26 METROLOGY 0 0 0 1 0 0 273.18793376672625 15.569231933694788 143.1 273.5241606095751 6.743835436595247 101.93191 87.79272 -999.0 -999.0 -999.0 -999.0 -999.0 191.77182816311148 26.180780355597076 191.76977014330396 26.036343196413085 63.96819592823295 262.62487251069166 -999.0 6231.0 -999.0 -1 -999 {-999.0 -999.0 -999.0 -999.0 -999.0} "" -999.0 -999.0 -999.0 -999.0 -999 -999 "" "" "" "" 0 0 0.0 0.0 -999 ""
FIBERMAP 871 R-7C18 APOGEE 0 0 0 1 0 0 165.71617456863189 -127.82485425744093 143.1 161.4903787232705 -133.0948406666643 52.35038 158.28322 -999.0 -999.0 -999.0 -999.0 -999.0 191.20549456553476 25.55094244686136 191.20450776498308 25.406394572317424 63.257485412623176 261.7502768571919 -999.0 16600.0 -999.0 2 234 {-999.0 -999.0 -999.0 -999.0 -999.0} "" -999.0 -999.0 -999.0 -999.0 -999 -999 "" "" "" "" 0 0 0.0 0.0 -999 ""
FIBERMAP 871 R-7C18 BOSS 1 1 0 1 0 0 166.3836112869274 -127.47439929786034 143.1 162.1687187633798 -132.76613746447393 52.35038 158.28322 191.20880126953122 25.552340996154953 -999.0 -999.0 -999.0 191.20883968319518 25.552352340735514 191.20795233152705 25.407845419490542 63.26091612954684 261.7505583417019 5400.0 5400.0 2015.5 1 276 {-999.0 -999.0 -999.0 -999.0 -999.0} "" -999.0 -999.0 -999.0 -999.0 27021603145560148 812568669 "" ops_sky_boss_good ops_sky sky_boss 0 0 0.0 0.0 -999 ""
FIBERMAP 871 R-7C18 METROLOGY 0 0 0 1 0 0 166.37022121861102 -128.2198566023161 143.1 162.13128052489887 -133.5107091461952 52.35038 158.28322 -999.0 -999.0 -999.0 -999.0 -999.0 191.20863263671117 25.5490047524857 191.20771747412664 25.404487117399526 63.25941456973068 261.74386545443303 -999.0 6231.0 -999.0 -1 -999 {-999.0 -999.0 -999.0 -999.0 -999.0} "" -999.0 -999.0 -999.0 -999.0 -999 -999 "" "" "" "" 0 0 0.0 0.0 -999 ""
FIBERMAP 872 R+4C23 APOGEE 0 0 0 1 0 0 234.93361551818433 73.8941007616203 143.1 237.17529087512767 66.26770869493329 186.78288 127.46882 -999.0 -999.0 -999.0 -999.0 -999.0 191.59355299324085 26.452068577528408 191.5915451647886 26.30747975674821 63.919170879730984 263.33280390404724 -999.0 16600.0 -999.0 2 77 {-999.0 -999.0 -999.0 -999.0 -999.0} "" -999.0 -999.0 -999.0 -999.0 -999 -999 "" "" "" "" 0 0 0.0 0.0 -999 ""
FIBERMAP 872 R+4C23 BOSS 1 1 0 1 0 0 234.44073896672228 74.44812619012265 143.1 236.7005928822814 66.83730246482433 186.78288 127.46882 191.59111512769672 26.454656423744684 -999.0 -999.0 -999.0 191.59112193100597 26.4546435462296 191.58922034355032 26.310089578727656 63.918177088612644 263.3400563675283 5400.0 5400.0 2016.0 1 247 {-999.0 21.003561 20.164772 19.72224 19.34972} sdss_psfmag_from_gdr3 17.062817 20.826397 15.568495 13.197 63050395173400885 1059422501 bright_flexible_2x1 bhm_spiders_agn_gaiadr3 bhm_spiders science 0 0 0.0 0.0 -999 ""
FIBERMAP 872 R+4C23 METROLOGY 0 0 0 1 0 0 235.17452969832618 74.60454603519509 143.1 237.43898494791043 66.9699473182684 186.78288 127.46882 -999.0 -999.0 -999.0 -999.0 -999.0 191.59483760003295 26.45520880419155 191.59290071498674 26.31064584813196 63.921452971269815 263.3385100395504 -999.0 6231.0 -999.0 -1 -999 {-999.0 -999.0 -999.0 -999.0 -999.0} "" -999.0 -999.0 -999.0 -999.0 -999 -999 "" "" "" "" 0 0 0.0 0.0 -999 ""
FIBERMAP 875 R+1C7 APOGEE 0 0 0 1 0 0 -151.65517981686133 33.51149129264088 143.1 -150.4814823206652 38.3850996132698 130.95691 98.11674 -999.0 -999.0 -999.0 -999.0 -999.0 189.6304209337104 26.33006068127789 189.63139984966722 26.18483452315373 62.23585638698491 264.4856183396134 -999.0 16600.0 -999.0 2 138 {-999.0 -999.0 -999.0 -999.0 -999.0} "" -999.0 -999.0 -999.0 -999.0 -999 -999 "" "" "" "" 0 0 0.0 0.0 -999 ""
FIBERMAP 875 R+1C7 BOSS 1 1 0 1 0 0 -151.15448444299244 34.06690653549284 143.1 -149.96316800281966 38.92401924063777 130.95691 98.11674 189.6328723519802 26.332521322979073 -6.7662005 -8.853189 0.25399983 189.63285248288577 26.33250079521488 189.63393854264848 26.187313617407604 62.23887520807746 264.48881882163073 5400.0 5400.0 2016.0 1 21 {-999.0 18.236435 17.96553 17.86952 17.852306} sdss_psfmag_from_gaia 18.2089 17.9676 17.5525 -999.0 63050395173412262 968296144 "" ops_std_boss_gdr2 ops_std standard_boss 0 0 0.0 0.0 -999 ""
FIBERMAP 875 R+1C7 METROLOGY 0 0 0 1 0 0 -150.9172106467093 33.35259884701102 143.1 -149.74908965922464 38.202489163745234 130.95691 98.11674 -999.0 -999.0 -999.0 -999.0 -999.0 189.63399297328658 26.329236262964567 189.63504697058374 26.184039105259473 62.23862211621372 264.481491719302 -999.0 6231.0 -999.0 -1 -999 {-999.0 -999.0 -999.0 -999.0 -999.0} "" -999.0 -999.0 -999.0 -999.0 -999 -999 "" "" "" "" 0 0 0.0 0.0 -999 ""
FIBERMAP 877 R+13C4 APOGEE 1 1 0 1 0 0 -69.56908015101462 236.1528157439947 143.1 -61.905975060008814 238.25417858066643 335.78522 74.64225 190.07893910945222 27.23612609205774 -32.365185 -10.588343 2.1638548 190.07881978571706 27.23608686559922 190.07873999992773 27.09081162878422 62.925924038589535 266.02816887115273 16000.0 16600.0 2016.0 2 114 {-999.0 11.960532 11.645809 11.564105 -999.0} sdss_psfmag_from_g3xp 11.923225 11.661221 11.238038 10.491 63050395173415936 975022351 "" ops_std_apogee ops_std standard_apogee 0 0 0.0 0.0 -999 ""
FIBERMAP 877 R+13C4 BOSS 0 0 0 1 0 0 -70.02266429774652 235.5718666572013 143.1 -62.378030803186704 237.68822033836307 335.78522 74.64225 -999.0 -999.0 -999.0 -999.0 -999.0 190.07629622458865 27.23353325411853 190.0763319495088 27.08829273418967 62.92306024912888 266.02453234062625 -999.0 5400.0 -999.0 1 86 {-999.0 -999.0 -999.0 -999.0 -999.0} "" -999.0 -999.0 -999.0 -999.0 -999 -999 "" "" "" "" 0 0 0.0 0.0 -999 ""
FIBERMAP 877 R+13C4 METROLOGY 0 0 0 1 0 0 -70.3107308518404 236.243571093613 143.1 -62.64424583385521 238.36881219212748 335.78522 74.64225 -999.0 -999.0 -999.0 -999.0 -999.0 190.07497874752548 27.236574454048085 190.07498388211627 27.09132298561379 62.92294443595027 266.0316881010525 -999.0 6231.0 -999.0 -1 -999 {-999.0 -999.0 -999.0 -999.0 -999.0} "" -999.0 -999.0 -999.0 -999.0 -999 -999 "" "" "" "" 0 0 0.0 0.0 -999 ""
FIBERMAP 880 R-8C1 APOGEE 0 0 0 1 0 0 -201.4795534445143 -166.06306986637225 143.1 -206.71592464878913 -159.46018541093366 251.1698 136.2318 -999.0 -999.0 -999.0 -999.0 -999.0 189.35753622911676 25.432409181360594 189.359271554928 25.28728905595108 61.673667396298725 262.9087023399759 -999.0 16600.0 -999.0 2 276 {-999.0 -999.0 -999.0 -999.0 -999.0} "" -999.0 -999.0 -999.0 -999.0 -999 -999 "" "" "" "" 0 0 0.0 0.0 -999 ""
FIBERMAP 880 R-8C1 BOSS 1 1 0 1 0 0 -202.13904769037492 -166.43123678429384 143.1 -207.38689862308502 -159.80684610389005 251.1698 136.2318 189.35417684846337 25.430807039643067 -27.333687 -1.2422761 0.37611318 189.35410926855263 25.43079978312585 189.35596257252325 25.28572144084418 61.670302535076274 262.9080816452522 5400.0 5400.0 2016.0 1 418 {-999.0 17.639061 17.289845 17.156477 17.111914} sdss_psfmag_from_gaia 17.5995 17.3001 16.842 15.868 63050395173373415 970843482 "" ops_std_boss_gdr2 ops_std standard_boss 0 0 0.0 0.0 -999 ""
FIBERMAP 880 R-8C1 METROLOGY 0 0 0 1 0 0 -202.12404559315016 -165.68212806329922 143.1 -207.34773150319867 -159.0586772481195 251.1698 136.2318 -999.0 -999.0 -999.0 -999.0 -999.0 189.35428339340834 25.43417991738887 189.35610328297525 25.28908890033913 61.67171664905129 262.9145275507933 -999.0 6231.0 -999.0 -1 -999 {-999.0 -999.0 -999.0 -999.0 -999.0} "" -999.0 -999.0 -999.0 -999.0 -999 -999 "" "" "" "" 0 0 0.0 0.0 -999 ""
FIBERMAP 885 R+12C10 APOGEE 0 0 0 1 0 0 56.647203456264755 241.97676220459226 143.1 64.4214636147779 240.00151315081777 52.68312 100.58835 -999.0 -999.0 -999.0 -999.0 -999.0 190.7222416458333 27.243624392275827 190.7211665993782 27.098557790442918 63.46729260704029 265.61878054451574 -999.0 16600.0 -999.0 2 -999 {-999.0 -999.0 -999.0 -999.0 -999.0} "" -999.0 -999.0 -999.0 -999.0 -999 -999 "" "" "" "" 0 0 0.0 0.0 -999 ""
FIBERMAP 885 R+12C10 BOSS 1 1 0 1 0 0 57.32659855978724 241.65608576378236 143.1 65.09009698629156 239.65910734879293 52.68312 100.58835 190.72554125030544 27.242037581135033 -999.0 -999.0 -999.0 190.72554341632716 27.242062146070673 190.72457190549255 27.097031277206785 63.46963452634249 265.6132806175805 5400.0 5400.0 2016.0 1 153 {-999.0 21.231 20.005962 19.541962 19.19868} sdss_fiber2mag_from_lsdr10 19.912733 21.465502 18.238821 15.916 63050395173415290 1058179865 dark_flexible_2x2 bhm_spiders_clusters_lsdr10 bhm_spiders science 0 0 0.0 0.0 -999 ""
FIBERMAP 885 R+12C10 METROLOGY 0 0 0 1 0 0 56.71027015793308 241.23333462126456 143.1 64.46050113207899 239.25650265346215 52.68312 100.58835 -999.0 -999.0 -999.0 -999.0 -999.0 190.72236966651204 27.24028448123975 190.7213733065339 27.095243179936073 63.46635157545755 265.6116539892209 -999.0 6231.0 -999.0 -1 -999 {-999.0 -999.0 -999.0 -999.0 -999.0} "" -999.0 -999.0 -999.0 -999.0 -999 -999 "" "" "" "" 0 0 0.0 0.0 -999 ""
FIBERMAP 886 R+3C2 APOGEE 0 0 0 1 0 0 -242.15090544076 51.14155149414756 143.1 -240.35322085307288 58.9247808536475 192.34138 145.64392 -999.0 -999.0 -999.0 -999.0 -999.0 189.1783423016896 26.41945690495813 189.17996329885693 26.27408551117577 61.88987433137933 264.9735221295548 -999.0 16600.0 -999.0 2 -999 {-999.0 -999.0 -999.0 -999.0 -999.0} "" -999.0 -999.0 -999.0 -999.0 -999 -999 "" "" "" "" 0 0 0.0 0.0 -999 ""
FIBERMAP 886 R+3C2 BOSS 1 1 0 1 0 0 -242.82090308638743 51.387826705176906 143.1 -241.0148634523931 59.19252742864527 192.34138 145.64392 189.17486787848648 26.420621009967793 1.3840632 -1.003211 -0.3359608 189.1748922918191 26.420598700106694 189.17663172664732 26.27526508006361 61.887504550350556 264.97812310127716 5400.0 5400.0 2016.0 1 73 {-999.0 20.459312 20.130976 20.081738 20.080915} sdss_psfmag_from_lsdr10 20.48802 20.309996 19.814344 -999.0 63050395173388136 1059140641 dark_flexible_2x2 bhm_spiders_agn_lsdr10 bhm_spiders science 0 0 0.0 0.0 -999 ""
FIBERMAP 886 R+3C2 METROLOGY 0 0 0 1 0 0 -242.26398916111435 51.879029665148316 143.1 -240.44243695073763 59.665459634796676 192.34138 145.64392 -999.0 -999.0 -999.0 -999.0 -999.0 189.1777741541949 26.422779538255796 189.17947621041185 26.27743521043327 61.890661523738345 264.9804943702282 -999.0 6231.0 -999.0 -1 -999 {-999.0 -999.0 -999.0 -999.0 -999.0} "" -999.0 -999.0 -999.0 -999.0 -999 -999 "" "" "" "" 0 0 0.0 0.0 -999 ""
FIBERMAP 891 R+9C3 APOGEE 0 0 0 1 0 0 -160.00648496057795 189.61246629479226 143.1 -153.79024259783444 194.66060782386643 191.18472 44.743702 -999.0 -999.0 -999.0 -999.0 -999.0 189.61218148562895 27.036949772325666 189.61290260978615 26.891574532471378 62.46794397493622 265.924653502251 -999.0 16600.0 -999.0 2 99 {-999.0 -999.0 -999.0 -999.0 -999.0} "" -999.0 -999.0 -999.0 -999.0 -999 -999 "" "" "" "" 0 0 0.0 0.0 -999 ""
FIBERMAP 891 R+9C3 BOSS 1 1 0 1 0 0 -159.5890589889019 190.24371677337197 143.1 -153.352699778448 195.27800369998124 191.18472 44.743702 189.6143587325711 27.039795913926266 -15.922947 -11.09483 0.27512988 189.61426853838208 27.039728314767903 189.61509761666207 26.894389301033254 62.47074175676677 265.92894109447576 5400.0 5400.0 2016.0 1 58 {-999.0 16.742262 16.438059 16.366507 -999.0} sdss_psfmag 16.711058 16.443035 16.023949 15.211 63050395173414117 976164371 "" ops_std_boss ops_std standard_boss 0 0 0.0 0.0 -999 ""
FIBERMAP 891 R+9C3 METROLOGY 0 0 0 1 0 0 -159.2538543702021 189.57704324175344 143.1 -153.03921301075334 194.60091851911523 191.18472 44.743702 -999.0 -999.0 -999.0 -999.0 -999.0 189.6158865972703 27.03671117932905 189.61668258775842 26.891362999073163 62.47104253889033 265.921743788935 -999.0 6231.0 -999.0 -1 -999 {-999.0 -999.0 -999.0 -999.0 -999.0} "" -999.0 -999.0 -999.0 -999.0 -999 -999 "" "" "" "" 0 0 0.0 0.0 -999 ""
FIBERMAP 894 R+13C9 APOGEE 0 0 0 1 0 0 46.47120763488484 257.6488775875697 143.1 54.75740638377374 255.99247897459657 32.32245 107.90901 -999.0 -999.0 -999.0 -999.0 -999.0 190.6730223651799 27.315286825298866 190.6719898702521 27.17018889330066 63.450050924343486 265.80263172464606 -999.0 16600.0 -999.0 2 56 {-999.0 -999.0 -999.0 -999.0 -999.0} "" -999.0 -999.0 -999.0 -999.0 -999 -999 "" "" "" "" 0 0 0.0 0.0 -999 ""
FIBERMAP 894 R+13C9 BOSS 1 1 0 1 0 0 47.05330102367081 257.182327134987 143.1 55.32408980209824 255.50742788669595 32.32245 107.90901 190.6758247080411 27.313043797073938 -999.0 -999.0 -999.0 190.6758021532076 27.31308693949872 190.67487452533123 27.168024474995292 63.45174749378846 265.7961502248292 5400.0 5400.0 2016.0 1 165 {-999.0 22.517185 22.089937 21.702997 21.461632} sdss_fiber2mag_from_lsdr10 nan nan nan -999.0 63050399058519165 1059143888 dark_flexible_2x2 bhm_spiders_agn_lsdr10 bhm_spiders science 0 0 0.0 0.0 -999 ""
FIBERMAP 894 R+13C9 METROLOGY 0 0 0 1 0 0 46.3587262446048 256.8988258401392 143.1 54.62078884285474 255.24651337639173 32.32245 107.90901 -999.0 -999.0 -999.0 -999.0 -999.0 190.67225346749424 27.311947411144384 190.67130121341813 27.16687432260569 63.44836682131226 265.79609948096845 -999.0 6231.0 -999.0 -1 -999 {-999.0 -999.0 -999.0 -999.0 -999.0} "" -999.0 -999.0 -999.0 -999.0 -999 -999 "" "" "" "" 0 0 0.0 0.0 -999 ""
FIBERMAP 895 R+11C14 APOGEE 0 0 0 1 0 0 138.24392760752974 197.4204299166994 143.1 144.530689029594 192.8391167670907 29.258852 20.24833 -999.0 -999.0 -999.0 -999.0 -999.0 191.12905118880602 27.028782679741187 191.1274551366647 26.88390276954703 63.73478110998551 264.8879090700188 -999.0 16600.0 -999.0 2 96 {-999.0 -999.0 -999.0 -999.0 -999.0} "" -999.0 -999.0 -999.0 -999.0 -999 -999 "" "" "" "" 0 0 0.0 0.0 -999 ""
FIBERMAP 895 R+11C14 BOSS 1 1 0 1 0 0 137.75756155098233 196.8497843393439 143.1 144.02620382021243 192.28451365604545 29.258852 20.24833 191.1265503039958 27.026356917733526 -7.21245 -4.906527 0.09081129 191.12641050731528 27.026306565534657 191.12492583529001 26.881460883542633 63.73182298843806 264.8844808828972 5400.0 5400.0 2016.0 1 88 {-999.0 17.935678 17.64381 17.538136 17.514162} sdss_psfmag_from_gaia 17.9155 17.6485 17.232 16.363 63050395173402389 968311082 "" ops_std_boss_gdr2 ops_std standard_boss 0 0 0.0 0.0 -999 ""
FIBERMAP 895 R+11C14 METROLOGY 0 0 0 1 0 0 137.503098402084 197.55175480943498 143.1 143.7945484527727 192.99426873005044 29.258852 20.24833 -999.0 -999.0 -999.0 -999.0 -999.0 191.12526340871182 27.029512917085047 191.12374884532744 26.88465633208679 63.73193604948523 264.8920764178697 -999.0 6231.0 -999.0 -1 -999 {-999.0 -999.0 -999.0 -999.0 -999.0} "" -999.0 -999.0 -999.0 -999.0 -999 -999 "" "" "" "" 0 0 0.0 0.0 -999 ""
FIBERMAP 896 R-8C17 APOGEE 0 0 0 1 0 0 152.5696143758362 -175.03927957666505 143.1 146.82818115592266 -179.85629517851066 309.5408 53.55897 -999.0 -999.0 -999.0 -999.0 -999.0 191.12957258252985 25.340093483978738 191.12879760401768 25.19556173521835 63.11190181944109 261.37973720223704 -999.0 16600.0 -999.0 2 230 {-999.0 -999.0 -999.0 -999.0 -999.0} "" -999.0 -999.0 -999.0 -999.0 -999 -999 "" "" "" "" 0 0 0.0 0.0 -999 ""
FIBERMAP 896 R-8C17 BOSS 1 1 0 1 0 0 151.84009256929878 -175.11196431248518 143.1 146.09675759618398 -179.90539362563732 309.5408 53.55897 191.12580707638017 25.339806337204045 0.075504184 0.1956518 0.84064054 191.12583738471866 25.339805548066334 191.12517308929932 25.195313396599037 63.108790426012746 261.3820950740073 5400.0 5400.0 2016.0 1 275 {-999.0 20.654024 20.524643 20.400726 20.347599} sdss_psfmag_from_gaiadr2 20.495638 20.516214 20.069931 -999.0 63050395173394412 1056684459 dark_flexible_2x2 bhm_gua_dark bhm_filler science 0 0 0.0 0.0 -999 ""
FIBERMAP 896 R-8C17 METROLOGY 0 0 0 1 0 0 152.1348819692284 -174.42675106650864 143.1 146.41347986101752 -179.23011026226726 309.5408 53.55897 -999.0 -999.0 -999.0 -999.0 -999.0 191.1274823010769 25.342861636004436 191.12678435491148 25.19835784803554 63.111331608715815 261.387007693162 -999.0 6231.0 -999.0 -1 -999 {-999.0 -999.0 -999.0 -999.0 -999.0} "" -999.0 -999.0 -999.0 -999.0 -999 -999 "" "" "" "" 0 0 0.0 0.0 -999 ""
FIBERMAP 897 R-6C3 APOGEE 0 0 0 1 0 0 -162.22986352071135 -102.7012978753803 143.1 -165.4453941128242 -97.40357019860153 114.942444 18.793783 -999.0 -999.0 -999.0 -999.0 -999.0 189.5597126054964 25.712970916689557 189.56104372895754 25.56785059205083 61.94915338256693 263.31053170815693 -999.0 16600.0 -999.0 2 298 {-999.0 -999.0 -999.0 -999.0 -999.0} "" -999.0 -999.0 -999.0 -999.0 -999 -999 "" "" "" "" 0 0 0.0 0.0 -999 ""
FIBERMAP 897 R-6C3 BOSS 1 1 0 1 0 0 -161.713115185321 -103.23290166312398 143.1 -164.9461153004024 -97.95152632407759 114.942444 18.793783 189.56209087773271 25.710422436064903 0.65768355 0.04945325 1.9585636 189.5620783982573 25.710426046055222 189.5635187816506 25.565348074707817 61.9502744508746 263.30381008435626 5400.0 5400.0 2016.0 1 445 {-999.0 20.901096 20.80072 20.653946 20.631607} sdss_psfmag_from_gaiadr2 20.50826 20.81627 20.254616 -999.0 63050395173386261 1130138606 dark_flexible_3x1 bhm_gua_dark_d3 bhm_filler science 0 0 0.0 0.0 -999 ""
FIBERMAP 897 R-6C3 METROLOGY 0 0 0 1 0 0 -162.4333587187846 -103.41756593655288 143.1 -165.6718798728779 -98.11283559818214 114.942444 18.793783 -999.0 -999.0 -999.0 -999.0 -999.0 189.55849064897023 25.70970344104371 189.5599049156259 25.564612925481036 61.94697841815935 263.30498364888 -999.0 6231.0 -999.0 -1 -999 {-999.0 -999.0 -999.0 -999.0 -999.0} "" -999.0 -999.0 -999.0 -999.0 -999 -999 "" "" "" "" 0 0 0.0 0.0 -999 ""
FIBERMAP 898 R+4C19 APOGEE 0 0 0 1 0 0 162.34650685554493 57.70866825085241 143.1 164.11002963292242 52.43454883838989 342.6281 48.085396 -999.0 -999.0 -999.0 -999.0 -999.0 191.22618553577948 26.39289433909176 191.22475514213772 26.248180099140644 63.591228585073225 263.4782338086515 -999.0 16600.0 -999.0 2 90 {-999.0 -999.0 -999.0 -999.0 -999.0} "" -999.0 -999.0 -999.0 -999.0 -999 -999 "" "" "" "" 0 0 0.0 0.0 -999 ""
FIBERMAP 898 R+4C19 BOSS 1 1 0 1 0 0 161.70684887994116 57.35817063199249 143.1 163.45945005896297 52.104906567600246 342.6281 48.085396 191.22289162300345 26.391396713323946 -11.7575445 -1.5624261 0.118909575 191.2228492862006 26.391402308636597 191.22152996889827 26.246724065708317 63.58800446284618 263.47755042114443 5400.0 5400.0 2016.0 1 208 {-999.0 18.148478 17.858158 17.775368 -999.0} sdss_psfmag 18.100565 17.84584 17.443056 16.447 63050395173400613 976171271 "" ops_std_boss ops_std standard_boss 0 0 0.0 0.0 -999 ""
FIBERMAP 898 R+4C19 METROLOGY 0 0 0 1 0 0 161.70832143134177 58.10128781453376 143.1 163.48490251383365 52.84752413589131 342.6281 48.085396 -999.0 -999.0 -999.0 -999.0 -999.0 191.22301521472835 26.39478090918181 191.22166412646618 26.250091562694134 63.58934147715874 263.48450401032886 -999.0 6231.0 -999.0 -1 -999 {-999.0 -999.0 -999.0 -999.0 -999.0} "" -999.0 -999.0 -999.0 -999.0 -999 -999 "" "" "" "" 0 0 0.0 0.0 -999 ""
FIBERMAP 899 R+4C21 APOGEE 0 0 0 1 0 0 214.28829661352333 64.93351815907037 143.1 216.25336915595528 57.978813262408536 351.42114 76.92863 -999.0 -999.0 -999.0 -999.0 -999.0 191.48859637814883 26.415695396331333 191.48676357656745 26.27107411627319 63.81841981901101 263.3333640696076 -999.0 16600.0 -999.0 2 33 {-999.0 -999.0 -999.0 -999.0 -999.0} "" -999.0 -999.0 -999.0 -999.0 -999 -999 "" "" "" "" 0 0 0.0 0.0 -999 ""
FIBERMAP 899 R+4C21 BOSS 1 1 0 1 0 0 214.01216059803002 64.24203735627682 143.1 215.9550866697996 57.296664200295304 351.42114 76.92863 191.48730045150774 26.412624825067486 -89.45898 -13.508144 4.946785 191.48701815019652 26.41259357287422 191.48529360030636 26.268008906406155 63.81607624489197 263.32798141524273 5400.0 5400.0 2016.0 1 193 {-999.0 19.27781 17.782068 16.601904 -999.0} sdss_psfmag 18.622742 17.29028 16.14242 14.055 63050395173400842 1077950062 bright_flexible_2x1 mwm_snc_ext_main_boss mwm_snc science 0 0 0.0 0.0 -999 ""
FIBERMAP 899 R+4C21 METROLOGY 0 0 0 1 0 0 213.55178536864545 64.8351057232161 143.1 215.51413016307794 57.904228320358726 351.42114 76.92863 -999.0 -999.0 -999.0 -999.0 -999.0 191.48484779018077 26.41537730416043 191.48309550455076 26.27078087390405 63.81524951503256 263.33545844102116 -999.0 6231.0 -999.0 -1 -999 {-999.0 -999.0 -999.0 -999.0 -999.0} "" -999.0 -999.0 -999.0 -999.0 -999 -999 "" "" "" "" 0 0 0.0 0.0 -999 ""
FIBERMAP 901 R+8C13 APOGEE 0 0 0 1 0 0 75.5127345382615 138.5523717774624 143.1 79.93795552921088 136.0312425357058 337.74106 70.35887 -999.0 -999.0 -999.0 -999.0 -999.0 190.80094148153543 26.774968472434722 190.7999658015019 26.63002451033175 63.37238535654108 264.58139039666287 -999.0 16600.0 -999.0 2 -999 {-999.0 -999.0 -999.0 -999.0 -999.0} "" -999.0 -999.0 -999.0 -999.0 -999 -999 "" "" "" "" 0 0 0.0 0.0 -999 ""
FIBERMAP 901 R+8C13 BOSS 1 1 0 1 0 0 75.01330918708082 137.99577602623262 143.1 79.42087236574976 135.49110213382303 337.74106 70.35887 190.79821153006574 26.77254526515783 -0.20322105 -0.041386865 -0.41891286 190.798233277257 26.772548774983925 190.79737013479132 26.62764030716234 63.36937610183245 264.5782250972396 5400.0 5400.0 2016.0 1 151 {-999.0 20.10939 20.12616 19.84466 19.565899} sdss_psfmag_from_lsdr10 19.78543 19.628403 19.375929 -999.0 63050395173401934 1059141687 dark_flexible_2x2 bhm_spiders_agn_lsdr10 bhm_spiders science 0 0 0.0 0.0 -999 ""
FIBERMAP 901 R+8C13 METROLOGY 0 0 0 1 0 0 74.78121482514803 138.6991399274071 143.1 79.21161714344184 136.20152793814995 337.74106 70.35887 -999.0 -999.0 -999.0 -999.0 -999.0 190.7971983831066 26.775772647357876 190.7963048883846 26.630852970994436 63.36961128499385 264.58568224604755 -999.0 6231.0 -999.0 -1 -999 {-999.0 -999.0 -999.0 -999.0 -999.0} "" -999.0 -999.0 -999.0 -999.0 -999 -999 "" "" "" "" 0 0 0.0 0.0 -999 ""
FIBERMAP 903 R+10C13 APOGEE 0 0 0 1 0 0 95.34291319886111 175.29367673086807 143.1 100.94173207306083 172.11026423425443 334.54022 61.153744 -999.0 -999.0 -999.0 -999.0 -999.0 190.90791851110373 26.937420338888362 190.90670359138596 26.792480429409714 63.51836135462744 264.8477025001658 -999.0 16600.0 -999.0 2 -999 {-999.0 -999.0 -999.0 -999.0 -999.0} "" -999.0 -999.0 -999.0 -999.0 -999 -999 "" "" "" "" 0 0 0.0 0.0 -999 ""
FIBERMAP 903 R+10C13 BOSS 1 1 0 1 0 0 94.75546032349136 174.85286386301271 143.1 100.34041131638324 171.6886769728076 334.54022 61.153744 190.90485124799568 26.935571270855146 0.06471603 -0.043128245 0.15407856 190.90478323309588 26.93554810624725 190.90368095074075 26.790642709908095 63.51519390279104 264.84593028283643 5400.0 5400.0 2016.0 1 98 {-999.0 19.616823 19.371155 19.390285 19.46915} sdss_psfmag_from_lsdr10 19.55239 19.42975 19.03427 -999.0 63050395173401996 1059142804 dark_flexible_2x2 bhm_spiders_agn_lsdr10 bhm_spiders science 0 0 0.0 0.0 -999 ""
FIBERMAP 903 R+10C13 METROLOGY 0 0 0 1 0 0 94.65851784697902 175.5907709631143 143.1 100.26734048440242 172.4292635353099 334.54022 61.153744 -999.0 -999.0 -999.0 -999.0 -999.0 190.90443958305045 26.938892952148525 190.90330591796442 26.793976759822808 63.516033653285874 264.8532043157713 -999.0 6231.0 -999.0 -1 -999 {-999.0 -999.0 -999.0 -999.0 -999.0} "" -999.0 -999.0 -999.0 -999.0 -999 -999 "" "" "" "" 0 0 0.0 0.0 -999 ""
FIBERMAP 904 R+7C9 APOGEE 0 0 0 1 0 0 -50.79342467422063 134.09866645692256 143.1 -46.43508563903721 135.6562158197268 213.71309 85.09717 -999.0 -999.0 -999.0 -999.0 -999.0 190.15739669844956 26.77411383853098 190.1573963714818 26.62895715692619 62.83390938141052 265.0234496400716 -999.0 16600.0 -999.0 2 23 {-999.0 -999.0 -999.0 -999.0 -999.0} "" -999.0 -999.0 -999.0 -999.0 -999 -999 "" "" "" "" 0 0 0.0 0.0 -999 ""
FIBERMAP 904 R+7C9 BOSS 1 1 0 1 0 0 -51.16103804839253 134.7355003593326 143.1 -46.78192438672639 136.30452537340688 213.71309 85.09717 190.15548706054688 26.77710498679629 -999.0 -999.0 -999.0 190.15549903881725 26.77706470505377 190.15561021366727 26.63194340243383 62.83345522213688 265.03079938041765 5400.0 5400.0 2015.5 1 131 {-999.0 -999.0 -999.0 -999.0 -999.0} "" -999.0 -999.0 -999.0 -999.0 27021603145579684 812571420 "" ops_sky_boss_good ops_sky sky_boss 0 0 0.0 0.0 -999 ""
FIBERMAP 904 R+7C9 METROLOGY 0 0 0 1 0 0 -50.4147687186324 134.750047930682 143.1 -46.03563961075162 136.29498157351696 213.71309 85.09717 -999.0 -999.0 -999.0 -999.0 -999.0 190.15933428118427 26.777030780758103 190.159408497026 26.631900327145537 62.83662208714316 265.0281159863189 -999.0 6231.0 -999.0 -1 -999 {-999.0 -999.0 -999.0 -999.0 -999.0} "" -999.0 -999.0 -999.0 -999.0 -999 -999 "" "" "" "" 0 0 0.0 0.0 -999 ""
FIBERMAP 905 R-1C5 APOGEE 0 0 0 1 0 0 -205.74890017192436 -31.398323550010637 143.1 -206.63696873748927 -24.73959165050798 261.52353 65.22599 -999.0 -999.0 -999.0 -999.0 -999.0 189.35006057162428 26.04166077158696 189.35157048759925 25.896413579711023 61.89663008164381 264.1077946925563 -999.0 16600.0 -999.0 2 266 {-999.0 -999.0 -999.0 -999.0 -999.0} "" -999.0 -999.0 -999.0 -999.0 -999 -999 "" "" "" "" 0 0 0.0 0.0 -999 ""
FIBERMAP 905 R-1C5 BOSS 1 1 0 1 0 0 -206.3765357790166 -31.00638128304125 143.1 -207.25157431445282 -24.327633686056206 261.52353 65.22599 189.3468748260191 26.043570040726884 -31.142588 -26.657894 8.670342 189.34680219096012 26.043465346231766 189.34842899173805 25.898257023088146 61.89468082367628 264.11364106241626 5400.0 5400.0 2016.0 1 485 {-999.0 19.358622 19.085602 19.022108 -999.0} sdss_psfmag 19.361555 19.087057 18.763704 -999.0 63050395173386718 1143500435 dark_1x3 mwm_wd_pwd_boss_1x3 mwm_wd science 0 0 0.0 0.0 -999 ""
FIBERMAP 905 R-1C5 METROLOGY 0 0 0 1 0 0 -205.72802542744628 -30.648520792982104 143.1 -206.59191014619998 -23.99091869448799 261.52353 65.22599 -999.0 -999.0 -999.0 -999.0 -999.0 189.3501310830734 26.04502492398649 189.35172038826158 25.89980582605544 61.89800382511639 264.11438538956963 -999.0 6231.0 -999.0 -1 -999 {-999.0 -999.0 -999.0 -999.0 -999.0} "" -999.0 -999.0 -999.0 -999.0 -999 -999 "" "" "" "" 0 0 0.0 0.0 -999 ""
FIBERMAP 906 R+11C11 APOGEE 0 0 0 1 0 0 65.73241595647308 229.376922689396 143.1 73.09454515878812 227.11615427422163 99.992065 66.739075 -999.0 -999.0 -999.0 -999.0 -999.0 190.76639334371626 27.185696293239932 190.765277482045 27.040656612858985 63.4847546275398 265.4670630600423 -999.0 16600.0 -999.0 2 1 {-999.0 -999.0 -999.0 -999.0 -999.0} "" -999.0 -999.0 -999.0 -999.0 -999 -999 "" "" "" "" 0 0 0.0 0.0 -999 ""
FIBERMAP 906 R+11C11 BOSS 1 1 0 1 0 0 66.4563153846521 229.21770184275513 143.1 73.8128660402596 226.93366966177268 99.992065 66.739075 190.7699361689718 27.18485245411532 -999.0 -999.0 -999.0 190.7699505155046 27.184850524682382 190.76893725954687 27.03984669119628 63.48754863322025 265.4628871032494 5400.0 5400.0 2016.0 1 108 {-999.0 21.72125 20.542597 20.089878 19.746992} sdss_fiber2mag_from_lsdr10 20.401846 21.249668 18.894258 -999.0 63050395173415253 1058179876 dark_flexible_2x2 bhm_spiders_clusters_lsdr10 bhm_spiders science 0 0 0.0 0.0 -999 ""
FIBERMAP 906 R+11C11 METROLOGY 0 0 0 1 0 0 65.96333806078147 228.66363477118784 143.1 73.30230858316793 226.39584831978573 99.992065 66.739075 -999.0 -999.0 -999.0 -999.0 -999.0 190.76738233234366 27.18246051219467 190.76634363656183 27.037446527156092 63.48456302986219 265.4595768751694 -999.0 6231.0 -999.0 -1 -999 {-999.0 -999.0 -999.0 -999.0 -999.0} "" -999.0 -999.0 -999.0 -999.0 -999 -999 "" "" "" "" 0 0 0.0 0.0 -999 ""
FIBERMAP 907 R-6C6 APOGEE 0 0 0 1 0 0 -93.51106895454146 -124.74295637449487 143.1 -97.47970278747653 -121.64941231142316 27.82788 53.669487 -999.0 -999.0 -999.0 -999.0 -999.0 189.90200493962195 25.603647668745595 189.90288214740633 25.458651494404663 62.19299697740848 262.84452306529977 -999.0 16600.0 -999.0 2 -999 {-999.0 -999.0 -999.0 -999.0 -999.0} "" -999.0 -999.0 -999.0 -999.0 -999 -999 "" "" "" "" 0 0 0.0 0.0 -999 ""
FIBERMAP 907 R-6C6 BOSS 1 1 0 1 0 0 -93.62630294170116 -125.4917435583627 143.1 -97.61903044250273 -122.39402528758258 27.82788 53.669487 189.9011726019438 25.60019939077341 -0.14774655 0.07059618 0.35956988 189.90117516667388 25.600185873221623 189.90216528545773 25.455231351947635 62.19109140444555 262.8382789868985 5400.0 5400.0 2016.0 1 465 {-999.0 19.174206 19.196295 18.977999 19.007654} sdss_psfmag 19.402376 19.25756 18.895723 -999.0 63050395173373753 1128956084 dark_1x4 bhm_aqmes_wide1 bhm_aqmes science 0 0 0.0 0.0 -999 ""
FIBERMAP 907 R-6C6 METROLOGY 0 0 0 1 0 0 -94.20106275959736 -125.0268058583702 143.1 -98.17843679591279 -121.91082262947074 27.82788 53.669487 -999.0 -999.0 -999.0 -999.0 -999.0 189.89838537205836 25.60239362061764 189.8993473839124 25.457426116284026 62.18957940640958 262.8447109393373 -999.0 6231.0 -999.0 -1 -999 {-999.0 -999.0 -999.0 -999.0 -999.0} "" -999.0 -999.0 -999.0 -999.0 -999 -999 "" "" "" "" 0 0 0.0 0.0 -999 ""
FIBERMAP 908 R+6C18 APOGEE 0 0 0 1 0 0 140.40233971659455 115.04637951402584 143.1 144.02953219706052 110.44552756635525 207.12378 92.23216 -999.0 -999.0 -999.0 -999.0 -999.0 191.1258812453554 26.656876703079735 191.1244716662361 26.512071775888 63.602283619485036 264.1046246506275 -999.0 16600.0 -999.0 2 -999 {-999.0 -999.0 -999.0 -999.0 -999.0} "" -999.0 -999.0 -999.0 -999.0 -999 -999 "" "" "" "" 0 0 0.0 0.0 -999 ""
FIBERMAP 908 R+6C18 BOSS 1 1 0 1 0 0 140.02059398970698 115.68967856585938 143.1 143.66877832835158 111.10075439499956 207.12378 92.23216 191.12401053805917 26.659853867979812 -1.541617 3.4864454 0.36227515 191.12400759909153 26.65985764472634 191.12270531071363 26.515087452191075 63.601877666199336 264.11222806091075 5400.0 5400.0 2016.0 1 203 {-999.0 20.986061 20.11259 19.661942 19.327824} sdss_fiber2mag_from_lsdr10 20.081009 20.62251 18.617476 16.285 63050395173401645 1059141694 dark_flexible_2x2 bhm_spiders_agn_lsdr10 bhm_spiders science 0 0 0.0 0.0 -999 ""
FIBERMAP 908 R+6C18 METROLOGY 0 0 0 1 0 0 140.76874529711606 115.69630945723088 143.1 144.41668846141846 111.08323799899341 207.12378 92.23216 -999.0 -999.0 -999.0 -999.0 -999.0 191.12781308314408 26.659750527910223 191.12647508922896 26.5149715206303 63.604989686293806 264.1092887121142 -999.0 6231.0 -999.0 -1 -999 {-999.0 -999.0 -999.0 -999.0 -999.0} "" -999.0 -999.0 -999.0 -999.0 -999 -999 "" "" "" "" 0 0 0.0 0.0 -999 ""
FIBERMAP 910 R+11C8 APOGEE 0 0 0 1 0 0 10.223489611272147 218.59389149915103 143.1 17.271414743809277 218.1309867335752 97.21634 5.588003 -999.0 -999.0 -999.0 -999.0 -999.0 190.48211320250002 27.146491840763854 190.48145216342823 27.00136429061569 63.23352727171984 265.57536463959843 -999.0 16600.0 -999.0 2 15 {-999.0 -999.0 -999.0 -999.0 -999.0} "" -999.0 -999.0 -999.0 -999.0 -999 -999 "" "" "" "" 0 0 0.0 0.0 -999 ""
FIBERMAP 910 R+11C8 BOSS 1 1 0 1 0 0 10.405649530446627 217.86677234927075 143.1 17.429999307331542 217.39843154452518 97.21634 5.588003 190.48286720841625 27.143299453839607 -8.338899 -24.829754 0.20914543 190.48281514093827 27.143208896189435 190.48226332004185 26.998117142291303 63.23310777998317 265.56803702053674 5400.0 5400.0 2016.0 1 111 {-999.0 17.52309 17.248783 17.151222 17.13294} sdss_psfmag_from_gaia 17.5048 17.2513 16.844 15.845 63050395173414865 968310972 "" ops_std_boss_gdr2 ops_std standard_boss 0 0 0.0 0.0 -999 ""
FIBERMAP 910 R+11C8 METROLOGY 0 0 0 1 0 0 9.689625599873057 218.06580233337775 143.1 16.720833794921475 217.62044692891044 97.21634 5.588003 -999.0 -999.0 -999.0 -999.0 -999.0 190.47923148643 27.144212723151245 190.47865388992977 26.999109691354597 63.2304178687081 265.5725287998712 -999.0 6231.0 -999.0 -1 -999 {-999.0 -999.0 -999.0 -999.0 -999.0} "" -999.0 -999.0 -999.0 -999.0 -999 -999 "" "" "" "" 0 0 0.0 0.0 -999 ""
FIBERMAP 912 R+3C20 APOGEE 0 0 0 1 0 0 164.98569425728854 65.76248372690281 143.1 167.0075124636715 60.39829654533177 54.0969 161.0009 -999.0 -999.0 -999.0 -999.0 -999.0 191.24100531231755 26.428935451991734 191.23953505083625 26.28421922839365 63.61666816298798 263.54293182899147 -999.0 16600.0 -999.0 2 62 {-999.0 -999.0 -999.0 -999.0 -999.0} "" -999.0 -999.0 -999.0 -999.0 -999 -999 "" "" "" "" 0 0 0.0 0.0 -999 ""
FIBERMAP 912 R+3C20 BOSS 1 1 0 1 0 0 165.59142668174346 66.19747978004915 143.1 167.6269139368032 60.81348063979493 54.0969 161.0009 191.2444044967052 26.43079005653937 -84.80902 0.24347694 2.2181926 191.2440928687882 26.43077670891629 191.2427223997098 26.286097984101506 63.620012768905056 263.5445393834843 5400.0 5400.0 2016.0 1 216 {-999.0 20.009382 18.594818 17.569492 -999.0} sdss_psfmag 19.434814 18.199652 17.117167 15.213 63050395173400621 1136813047 dark_flexible_3x1 mwm_halo_local_high_boss_triple mwm_halo science 0 0 0.0 0.0 -999 ""
FIBERMAP 912 R+3C20 METROLOGY 0 0 0 1 0 0 165.66265858924217 65.45138941666606 143.1 167.67402576305054 60.06554548668022 54.0969 161.0009 -999.0 -999.0 -999.0 -999.0 -999.0 191.24433051007125 26.427386563663596 191.24293151483016 26.282698218845837 63.61895430729282 263.5372559885599 -999.0 6231.0 -999.0 -1 -999 {-999.0 -999.0 -999.0 -999.0 -999.0} "" -999.0 -999.0 -999.0 -999.0 -999 -999 "" "" "" "" 0 0 0.0 0.0 -999 ""
FIBERMAP 914 R+3C11 APOGEE 0 0 0 1 0 0 -51.93666307398321 57.15204981715417 143.1 -50.06073807114151 58.79330453874791 217.47095 75.70967 -999.0 -999.0 -999.0 -999.0 -999.0 190.1391975619708 26.424916762368838 190.13937588960107 26.27982561861913 62.69516307623488 264.32250344058133 -999.0 16600.0 -999.0 2 124 {-999.0 -999.0 -999.0 -999.0 -999.0} "" -999.0 -999.0 -999.0 -999.0 -999 -999 "" "" "" "" 0 0 0.0 0.0 -999 ""
FIBERMAP 914 R+3C11 BOSS 1 1 0 1 0 0 -52.25002138242064 57.824880288164024 143.1 -50.352193131518064 59.47583792085252 217.47095 75.70967 190.13757678493607 26.42810463168345 -0.08326667 -57.01246 1.2115849 190.13757313067813 26.428013198700743 190.13786231698646 26.282958793094057 62.69502226334859 264.3299404697592 5400.0 5400.0 2016.0 1 14 {-999.0 19.188768 17.984095 17.458834 -999.0} sdss_psfmag 18.749054 17.957556 17.117186 15.603 63050395173412515 1136214422 dark_flexible_3x1 mwm_halo_local_high_boss_triple mwm_halo science 0 0 0.0 0.0 -999 ""
FIBERMAP 914 R+3C11 METROLOGY 0 0 0 1 0 0 -51.51121711357421 57.76146597915485 143.1 -49.615884747565495 59.3886205723065 217.47095 75.70967 -999.0 -999.0 -999.0 -999.0 -999.0 190.14135326258844 26.427628367373536 190.14160583801402 26.282564494817922 62.69801306169859 264.3265095367981 -999.0 6231.0 -999.0 -1 -999 {-999.0 -999.0 -999.0 -999.0 -999.0} "" -999.0 -999.0 -999.0 -999.0 -999 -999 "" "" "" "" 0 0 0.0 0.0 -999 ""
FIBERMAP 916 R-13C3 APOGEE 0 0 0 1 0 0 -85.78181244993912 -238.07823297607632 143.1 -93.41254015136445 -235.1651658690501 100.952065 46.35155 -999.0 -999.0 -999.0 -999.0 -999.0 189.92622797254833 25.092114654296022 189.92728426025144 24.947231560186328 62.014153562935626 261.81936488280525 -999.0 16600.0 -999.0 2 198 {-999.0 -999.0 -999.0 -999.0 -999.0} "" -999.0 -999.0 -999.0 -999.0 -999 -999 "" "" "" "" 0 0 0.0 0.0 -999 ""
FIBERMAP 916 R-13C3 BOSS 1 1 0 1 0 0 -85.16996994286248 -238.4996388621122 143.1 -92.81466887344115 -235.6060598756221 100.952065 46.35155 189.92911062839454 25.090194300710596 -2.688821 -26.543768 0.23147447 189.92911053315245 25.090077870651015 189.9302734517728 24.945239141401732 62.01585118767271 261.8131760184879 5400.0 5400.0 2016.0 1 342 {-999.0 17.940489 17.569355 17.430372 -999.0} sdss_psfmag 17.85524 17.565172 17.096167 15.786 63050395173372193 977060420 "" ops_std_boss ops_std standard_boss 0 0 0.0 0.0 -999 ""
FIBERMAP 916 R-13C3 METROLOGY 0 0 0 1 0 0 -85.84798230290576 -238.8254273393626 143.1 -93.50278212041519 -235.90977032019964 100.952065 46.35155 -999.0 -999.0 -999.0 -999.0 -999.0 189.92572290085056 25.088742460255776 189.92686007375846 24.943890772143394 62.01247527119421 261.81315492189555 -999.0 6231.0 -999.0 -1 -999 {-999.0 -999.0 -999.0 -999.0 -999.0} "" -999.0 -999.0 -999.0 -999.0 -999 -999 "" "" "" "" 0 0 0.0 0.0 -999 ""
FIBERMAP 918 R-4C10 APOGEE 0 0 0 1 0 0 -63.9215357024416 -84.59433558926482 143.1 -66.6125530513468 -82.48008743716534 252.0075 53.207706 -999.0 -999.0 -999.0 -999.0 -999.0 190.05676254548612 25.781631008046627 190.0573390661241 25.63664595047961 62.389535339924535 263.0847289122555 -999.0 16600.0 -999.0 2 -999 {-999.0 -999.0 -999.0 -999.0 -999.0} "" -999.0 -999.0 -999.0 -999.0 -999 -999 "" "" "" "" 0 0 0.0 0.0 -999 ""
FIBERMAP 918 R-4C10 BOSS 1 1 0 1 0 0 -64.35065713638392 -84.01312098646167 143.1 -67.02265730414082 -81.88537844683194 252.0075 53.207706 190.0545210130918 25.78429966413002 0.21634422 -0.03244202 -0.3423021 190.0545363221237 25.784252797710824 190.05522471470488 25.63930685475153 62.38877533732886 263.09159841000144 5400.0 5400.0 2016.0 1 408 {-999.0 19.31333 19.131588 19.029146 19.063368} sdss_psfmag 19.412518 19.204695 18.867306 -999.0 63050395173398938 1128956157 dark_1x4 bhm_aqmes_wide1 bhm_aqmes science 0 0 0.0 0.0 -999 ""
FIBERMAP 918 R-4C10 METROLOGY 0 0 0 1 0 0 -63.61952052666918 -83.91209749730942 143.1 -66.28870541650787 -81.80801059755817 252.0075 53.207706 -999.0 -999.0 -999.0 -999.0 -999.0 190.05828024852354 25.78462726096066 190.05893189886604 25.639670971223563 62.39200750952676 263.08960246891206 -999.0 6231.0 -999.0 -1 -999 {-999.0 -999.0 -999.0 -999.0 -999.0} "" -999.0 -999.0 -999.0 -999.0 -999 -999 "" "" "" "" 0 0 0.0 0.0 -999 ""
FIBERMAP 919 R-12C2 APOGEE 0 0 0 1 0 0 -129.50541047593708 -216.1353844275276 143.1 -136.40143005040537 -211.8246823040014 104.3701 81.87629 -999.0 -999.0 -999.0 -999.0 -999.0 189.71074716273952 25.19693863624704 189.71206792037117 25.051968852739776 61.87628768003623 262.18769278795116 -999.0 16600.0 -999.0 2 204 {-999.0 -999.0 -999.0 -999.0 -999.0} "" -999.0 -999.0 -999.0 -999.0 -999 -999 "" "" "" "" 0 0 0.0 0.0 -999 ""
FIBERMAP 919 R-12C2 BOSS 1 1 0 1 0 0 -128.7671757911505 -216.0470765106884 143.1 -135.66079474449214 -211.76025134997764 104.3701 81.87629 189.71458575295864 25.1972102451408 -85.387054 -11.63338 4.2409286 189.71431125722063 25.197162127237252 189.7157376325764 25.052236244359168 61.879449879748236 262.1854434013062 5400.0 5400.0 2016.0 1 339 {-999.0 17.661755 17.99625 18.230663 -999.0} sdss_psfmag 17.783335 17.816547 17.955933 -999.0 63050395173373020 1143500273 dark_1x3 mwm_wd_pwd_boss_1x3 mwm_wd science 0 0 0.0 0.0 -999 ""
FIBERMAP 919 R-12C2 METROLOGY 0 0 0 1 0 0 -129.05233719161396 -216.74037539886083 143.1 -135.96815579540885 -212.44392613726487 104.3701 81.87629 -999.0 -999.0 -999.0 -999.0 -999.0 189.71285220398707 25.194116984590238 189.71425050811035 25.04917915306827 61.87700978193274 262.1806023064199 -999.0 6231.0 -999.0 -1 -999 {-999.0 -999.0 -999.0 -999.0 -999.0} "" -999.0 -999.0 -999.0 -999.0 -999 -999 "" "" "" "" 0 0 0.0 0.0 -999 ""
FIBERMAP 920 R+5C2 APOGEE 0 0 0 1 0 0 -232.51135631731327 94.39886880195989 143.1 -229.3235988231877 101.84470793322612 233.9605 60.821754 -999.0 -999.0 -999.0 -999.0 -999.0 189.23246541909995 26.61415466920386 189.23393083643464 26.46875838629528 62.00403363026387 265.3242298593525 -999.0 16600.0 -999.0 2 -999 {-999.0 -999.0 -999.0 -999.0 -999.0} "" -999.0 -999.0 -999.0 -999.0 -999 -999 "" "" "" "" 0 0 0.0 0.0 -999 ""
FIBERMAP 920 R+5C2 BOSS 1 1 0 1 0 0 -232.83897766411013 95.01600035408866 143.1 -229.63110567932432 102.47203655837734 233.9605 60.821754 189.23080653941716 26.61691510476435 0.85460556 2.0112703 -0.5951249 189.23078049111822 26.61693927998474 189.23236097388315 26.47158012507937 62.00370942850203 265.33090969048794 5400.0 5400.0 2016.0 1 71 {-999.0 20.643114 20.446114 20.380594 20.341143} sdss_psfmag_from_lsdr10 20.44031 20.729544 20.334917 -999.0 63050395173413405 1059140643 dark_flexible_2x2 bhm_spiders_agn_lsdr10 bhm_spiders science 0 0 0.0 0.0 -999 ""
FIBERMAP 920 R+5C2 METROLOGY 0 0 0 1 0 0 -232.08942792129085 95.01420481516061 143.1 -228.8820698871514 102.4460537302263 233.9605 60.821754 -999.0 -999.0 -999.0 -999.0 -999.0 189.23456753887118 26.616877176151995 189.23611012052868 26.471508251474464 62.0068262972914 265.32825433872256 -999.0 6231.0 -999.0 -1 -999 {-999.0 -999.0 -999.0 -999.0 -999.0} "" -999.0 -999.0 -999.0 -999.0 -999 -999 "" "" "" "" 0 0 0.0 0.0 -999 ""
FIBERMAP 921 R+2C21 APOGEE 0 0 0 1 0 0 168.82172025129145 30.10271743019195 143.1 169.69044448390065 24.636434108775592 221.83337 114.47897 -999.0 -999.0 -999.0 -999.0 -999.0 191.25352178476393 26.266428813725906 191.25211312508918 26.12175063389438 63.56783724730742 263.19360030011563 -999.0 16600.0 -999.0 2 80 {-999.0 -999.0 -999.0 -999.0 -999.0} "" -999.0 -999.0 -999.0 -999.0 -999 -999 "" "" "" "" 0 0 0.0 0.0 -999 ""
FIBERMAP 921 R+2C21 BOSS 1 1 0 1 0 0 168.12564884798545 30.362531961531612 143.1 169.0031809108318 24.918553181565 221.83337 114.47897 191.25 26.267711755919343 -999.0 -999.0 -999.0 191.25002519337716 26.267705257730796 191.24872627974116 26.12306286977562 63.56549186105778 263.1988533208239 5400.0 5400.0 2015.5 1 223 {-999.0 -999.0 -999.0 -999.0 -999.0} "" -999.0 -999.0 -999.0 -999.0 27021603145565886 812569457 "" ops_sky_boss_good ops_sky sky_boss 0 0 0.0 0.0 -999 ""
FIBERMAP 921 R+2C21 METROLOGY 0 0 0 1 0 0 168.69041196999783 30.847664359774214 143.1 169.58325593360962 25.385165221281234 221.83337 114.47897 -999.0 -999.0 -999.0 -999.0 -999.0 191.25298004028528 26.269813668969448 191.25164588595737 26.125161342894096 63.568701107581795 263.2010723879672 -999.0 6231.0 -999.0 -1 -999 {-999.0 -999.0 -999.0 -999.0 -999.0} "" -999.0 -999.0 -999.0 -999.0 -999 -999 "" "" "" "" 0 0 0.0 0.0 -999 ""
FIBERMAP 925 R-13C12 APOGEE 0 0 0 1 0 0 87.21836064395639 -259.0441519552874 143.1 78.80580218173554 -261.70114023444785 222.87668 100.74694 -999.0 -999.0 -999.0 -999.0 -999.0 190.78619943353797 24.973327325505565 190.78608735189255 24.82875004303265 62.68071341310666 260.91369750197526 -999.0 16600.0 -999.0 2 182 {-999.0 -999.0 -999.0 -999.0 -999.0} "" -999.0 -999.0 -999.0 -999.0 -999 -999 "" "" "" "" 0 0 0.0 0.0 -999 ""
FIBERMAP 925 R-13C12 BOSS 1 1 0 1 0 0 86.60836603352145 -258.6189503652466 143.1 78.20990016569058 -261.2565124657226 222.87668 100.74694 190.78315040766768 24.975247237143524 -999.0 -999.0 -999.0 190.78314241112304 24.975259876475075 190.78314014142052 24.83072372406773 62.67906291793205 260.9199843575182 5400.0 5400.0 2016.0 1 337 {-999.0 21.246439 21.02108 20.929811 20.864122} sdss_psfmag_from_lsdr10 21.20485 21.01889 20.206743 -999.0 63050395173368982 1059133705 dark_flexible_2x2 bhm_spiders_agn_lsdr10 bhm_spiders science 0 0 0.0 0.0 -999 ""
FIBERMAP 925 R-13C12 METROLOGY 0 0 0 1 0 0 87.2725614656547 -258.2981914415257 143.1 78.88404258418073 -260.95738263497105 222.87668 100.74694 -999.0 -999.0 -999.0 -999.0 -999.0 190.7865417725588 24.976610023406362 190.7865039084037 24.83206269266133 62.68239642102719 260.9199689764922 -999.0 6231.0 -999.0 -1 -999 {-999.0 -999.0 -999.0 -999.0 -999.0} "" -999.0 -999.0 -999.0 -999.0 -999 -999 "" "" "" "" 0 0 0.0 0.0 -999 ""
FIBERMAP 932 R0C19 APOGEE 0 0 0 1 0 0 104.25107028193084 -18.557222079561033 143.1 103.58879475455191 -21.91017157757682 295.5983 56.14965 -999.0 -999.0 -999.0 -999.0 -999.0 190.91846277399708 26.056476868596246 190.91765096721724 25.911721403957902 63.21086372869105 263.0064888938388 -999.0 16600.0 -999.0 2 64 {-999.0 -999.0 -999.0 -999.0 -999.0} "" -999.0 -999.0 -999.0 -999.0 -999 -999 "" "" "" "" 0 0 0.0 0.0 -999 ""
FIBERMAP 932 R0C19 BOSS 1 1 0 1 0 0 103.5031640370421 -18.510970309465307 143.1 102.84283608742504 -21.83981260091546 295.5983 56.14965 190.91462644498222 26.056756636237576 -0.6226847 -0.64246476 2.0437763 190.91464045371688 26.056761440764244 190.91394055805267 25.912043025643932 63.2078868140596 263.0099113200907 5400.0 5400.0 2016.0 1 242 {-999.0 20.60032 20.514744 20.515114 20.518574} sdss_psfmag_from_gdr3 20.50572 20.524445 20.234646 -999.0 63050395173398721 1128677087 dark_flexible_3x1 bhm_spiders_agn_gaiadr3_d3 bhm_spiders science 0 0 0.0 0.0 -999 ""
FIBERMAP 932 R0C19 METROLOGY 0 0 0 1 0 0 103.88849524861175 -17.87097322899553 143.1 103.24858593001089 -21.212639728604394 295.5983 56.14965 -999.0 -999.0 -999.0 -999.0 -999.0 190.91672766289543 26.059621637439236 190.9159931733966 25.914892461045337 63.21066210743627 263.0142507346731 -999.0 6231.0 -999.0 -1 -999 {-999.0 -999.0 -999.0 -999.0 -999.0} "" -999.0 -999.0 -999.0 -999.0 -999 -999 "" "" "" "" 0 0 0.0 0.0 -999 ""
FIBERMAP 934 R+3C10 APOGEE 0 0 0 1 0 0 -40.38073108977113 55.25972747591983 143.1 -38.57290271213342 56.5292171723582 12.662649 92.43646 -999.0 -999.0 -999.0 -999.0 -999.0 190.19760619974738 26.414708302681543 190.19770153858042 26.269637743801873 62.74030162514394 264.2607382119249 -999.0 16600.0 -999.0 2 -999 {-999.0 -999.0 -999.0 -999.0 -999.0} "" -999.0 -999.0 -999.0 -999.0 -999 -999 "" "" "" "" 0 0 0.0 0.0 -999 ""
FIBERMAP 934 R+3C10 BOSS 1 1 0 1 0 0 -40.19656430192841 54.45414072359714 143.1 -38.41484469346952 55.71817735587087 12.662649 92.43646 190.1982717900295 26.410978088110046 -999.0 -999.0 -999.0 190.19828001673952 26.411009781339125 190.1984854668009 26.265978076128214 62.73964054957311 264.25273115583457 5400.0 5400.0 2016.0 1 24 {-999.0 20.17355 19.219772 19.034409 18.652908} sdss_psfmag nan 19.596567 nan -999.0 63050395173412469 1128956195 dark_1x4 bhm_aqmes_wide1 bhm_aqmes science 0 0 0.0 0.0 -999 ""
FIBERMAP 934 R+3C10 METROLOGY 0 0 0 1 0 0 -40.89548524525942 54.719644019480604 143.1 -39.10477249341929 56.00607368852027 12.662649 92.43646 -999.0 -999.0 -999.0 -999.0 -999.0 190.19480649624794 26.412320583550187 190.19498554917857 26.267276769128408 62.73717969757671 264.2578423337485 -999.0 6231.0 -999.0 -1 -999 {-999.0 -999.0 -999.0 -999.0 -999.0} "" -999.0 -999.0 -999.0 -999.0 -999 -999 "" "" "" "" 0 0 0.0 0.0 -999 ""
FIBERMAP 936 R+2C20 APOGEE 0 0 0 1 0 0 168.84508796810556 50.4218595866408 143.1 170.36950785374557 44.942460510073744 70.830795 85.57262 -999.0 -999.0 -999.0 -999.0 -999.0 191.2575478252636 26.358632305433215 191.25608763723892 26.213936619111582 63.60492601981823 263.38348843059924 -999.0 16600.0 -999.0 2 -999 {-999.0 -999.0 -999.0 -999.0 -999.0} "" -999.0 -999.0 -999.0 -999.0 -999 -999 "" "" "" "" 0 0 0.0 0.0 -999 ""
FIBERMAP 936 R+2C20 BOSS 1 1 0 1 0 0 169.53863517648387 50.14722302984936 143.1 171.0537704526485 44.64560988634382 70.830795 85.57262 191.2604316555543 26.357351705649936 -17.269423 -37.76607 0.75580895 191.26094311065754 26.357234535269367 191.25958375972334 26.212577383736953 63.60735019430642 263.3780666865914 5400.0 5400.0 2016.0 1 222 {-999.0 14.566685 14.1811075 14.041927 -999.0} sdss_psfmag_from_g3xp 14.500875 14.190658 13.708541 12.841 63050395173400591 1135983082 dark_flexible_3x1 mwm_halo_local_high_boss_triple mwm_halo science 0 0 1.7508013248443604 0.0 -999 ""
FIBERMAP 936 R+2C20 METROLOGY 0 0 0 1 0 0 168.95379210939078 49.68372315604057 143.1 170.45432579437076 44.2012652012143 70.830795 85.57262 -999.0 -999.0 -999.0 -999.0 -999.0 191.25792765255252 26.35524784418399 191.25654396604477 26.210579515253443 63.60408191749276 263.3761218046525 -999.0 6231.0 -999.0 -1 -999 {-999.0 -999.0 -999.0 -999.0 -999.0} "" -999.0 -999.0 -999.0 -999.0 -999 -999 "" "" "" "" 0 0 0.0 0.0 -999 ""
FIBERMAP 938 R+12C15 APOGEE 0 0 0 1 0 0 176.2295369936272 228.86571264477342 143.1 183.5079454377433 223.03945249594915 40.904125 54.403305 -999.0 -999.0 -999.0 -999.0 -999.0 191.32578805779832 27.16153583566506 191.3238254275384 27.0167006780577 63.94469046322304 265.03514739735033 -999.0 16600.0 -999.0 2 44 {-999.0 -999.0 -999.0 -999.0 -999.0} "" -999.0 -999.0 -999.0 -999.0 -999 -999 "" "" "" "" 0 0 0.0 0.0 -999 ""
FIBERMAP 938 R+12C15 BOSS 1 1 0 1 0 0 176.30174176344133 228.12712952110158 143.1 183.55627179718633 222.2989886205249 40.904125 54.403305 191.32591520219407 27.158147362623026 -999.0 -999.0 -999.0 191.32592069006228 27.15817889190989 191.32406495945668 27.013378463021933 63.943760631856335 265.02786999093837 5400.0 5400.0 2016.0 1 179 {-999.0 26.20869 23.00547 21.497332 -999.0} sdss_psfmag_ps1 -999.0 -999.0 -999.0 -999.0 63050397628781785 1128043881 dark_flexible_3x1 bhm_csc_boss_d3 bhm_csc science 0 0 0.0 0.0 -999 ""
FIBERMAP 938 R+12C15 METROLOGY 0 0 0 1 0 0 175.62198401540942 228.4295976625007 143.1 182.8866884099718 222.62320890335766 40.904125 54.403305 -999.0 -999.0 -999.0 -999.0 -999.0 191.32257482994015 27.159687693852618 191.3206936061041 27.014876084430895 63.94144603027852 265.0334026871975 -999.0 6231.0 -999.0 -1 -999 {-999.0 -999.0 -999.0 -999.0 -999.0} "" -999.0 -999.0 -999.0 -999.0 -999 -999 "" "" "" "" 0 0 0.0 0.0 -999 ""
FIBERMAP 940 R+12C5 APOGEE 0 0 0 1 0 0 -62.11631936655752 240.23082336896232 143.1 -54.32614880758916 242.08920056524275 18.396873 148.47623 -999.0 -999.0 -999.0 -999.0 -999.0 190.11742137796332 27.253406080796157 190.11727454457161 27.108139395567626 62.9640493474608 266.0388230916702 -999.0 16600.0 -999.0 2 -999 {-999.0 -999.0 -999.0 -999.0 -999.0} "" -999.0 -999.0 -999.0 -999.0 -999 -999 "" "" "" "" 0 0 0.0 0.0 -999 ""
FIBERMAP 940 R+12C5 BOSS 1 1 0 1 0 0 -61.40147591217384 240.05866668568407 143.1 -53.6172958370294 241.8940802272458 18.396873 148.47623 190.1209068670172 27.252534499163428 -999.0 -999.0 -999.0 190.12091233689387 27.25253673983552 190.12087084011262 27.107306194420786 62.966787457901574 266.0347396033474 5400.0 5400.0 2016.0 1 157 {-999.0 21.603098 21.29593 21.17346 21.083185} sdss_psfmag_from_lsdr10 nan nan nan -999.0 63050397628694985 1059143880 dark_flexible_2x2 bhm_spiders_agn_lsdr10 bhm_spiders science 0 0 0.0 0.0 -999 ""
FIBERMAP 940 R+12C5 METROLOGY 0 0 0 1 0 0 -61.89870376683548 239.51716698717246 143.1 -54.13169568296775 241.36895577959547 18.396873 148.47623 -999.0 -999.0 -999.0 -999.0 -999.0 190.11832349006946 27.250182794616943 190.11825574260524 27.10494204145925 62.96380278135722 266.03155148015287 -999.0 6231.0 -999.0 -1 -999 {-999.0 -999.0 -999.0 -999.0 -999.0} "" -999.0 -999.0 -999.0 -999.0 -999 -999 "" "" "" "" 0 0 0.0 0.0 -999 ""
FIBERMAP 941 R-13C14 APOGEE 0 0 0 1 0 0 164.5203932699799 -258.7677154748863 143.1 156.06972691018828 -263.9194509505957 33.30669 54.542362 -999.0 -999.0 -999.0 -999.0 -999.0 191.16981083375066 24.964258609564766 191.16916090946074 24.81981978715028 62.99503053440182 260.5875747839988 -999.0 16600.0 -999.0 2 -999 {-999.0 -999.0 -999.0 -999.0 -999.0} "" -999.0 -999.0 -999.0 -999.0 -999 -999 "" "" "" "" 0 0 0.0 0.0 -999 ""
FIBERMAP 941 R-13C14 BOSS 1 1 0 1 0 0 164.49571836448268 -259.50783597701866 143.1 156.02118292148387 -264.6583249088834 33.30669 54.542362 191.1694004628651 24.96096316737567 3.0311894 1.2410499 -3.022446 191.16938653091276 24.960969928146916 191.1688436375539 24.816573891274523 62.993450162585845 260.5812988633424 5400.0 5400.0 2016.0 1 257 {-999.0 21.032797 20.35595 19.93181 19.627575} sdss_fiber2mag_from_lsdr10 20.427864 20.821573 19.05055 -999.0 63050395173393330 1059133709 dark_flexible_2x2 bhm_spiders_agn_lsdr10 bhm_spiders science 0 0 0.0 0.0 -999 ""
FIBERMAP 941 R-13C14 METROLOGY 0 0 0 1 0 0 163.86030660754372 -259.1154906588567 143.1 155.39881893217495 -264.245713197822 33.30669 54.542362 -999.0 -999.0 -999.0 -999.0 -999.0 191.16637074837334 24.96280040422914 191.1658015246801 24.818390907871468 62.99166393312887 260.5874233941809 -999.0 6231.0 -999.0 -1 -999 {-999.0 -999.0 -999.0 -999.0 -999.0} "" -999.0 -999.0 -999.0 -999.0 -999 -999 "" "" "" "" 0 0 0.0 0.0 -999 ""
FIBERMAP 942 R+1C24 APOGEE 0 0 0 1 0 0 242.06305152909312 7.527299595919329 143.1 242.15869641413403 -0.28878735499824687 305.04016 113.184204 -999.0 -999.0 -999.0 -999.0 -999.0 191.6157173203274 26.15045996404713 191.61383143427418 26.00594187653716 63.82682366143591 262.6793720756812 -999.0 16600.0 -999.0 2 59 {-999.0 -999.0 -999.0 -999.0 -999.0} "" -999.0 -999.0 -999.0 -999.0 -999 -999 "" "" "" "" 0 0 0.0 0.0 -999 ""
FIBERMAP 942 R+1C24 BOSS 1 1 0 1 0 0 241.69039907831092 6.889588270085337 143.1 241.76569138144617 -0.9140850138396495 305.04016 113.184204 191.61327988964555 26.147615952272478 -13.691764 -13.300322 0.21208647 191.6136556322902 26.147607121434863 191.61187792362625 26.003126253593493 63.82414514367009 262.67493201347907 5400.0 5400.0 2016.0 1 183 {-999.0 15.788742 15.394509 15.224533 -999.0} sdss_psfmag 15.73347 15.396105 14.869656 13.891 63050395173397011 1133067006 dark_flexible_3x1 mwm_halo_vmp_xp_boss_triple mwm_halo science 0 0 1.3408724069595337 0.0 -999 ""
FIBERMAP 942 R+1C24 METROLOGY 0 0 0 1 0 0 241.31629730364182 7.5413036228567485 143.1 241.4128484132137 -0.25069367906128737 305.04016 113.184204 -999.0 -999.0 -999.0 -999.0 -999.0 191.61195290599966 26.1506379701461 191.61014677900016 26.006145209660517 63.82382630952927 262.68259710310485 -999.0 6231.0 -999.0 -1 -999 {-999.0 -999.0 -999.0 -999.0 -999.0} "" -999.0 -999.0 -999.0 -999.0 -999 -999 "" "" "" "" 0 0 0.0 0.0 -999 ""
FIBERMAP 943 R-4C19 APOGEE 0 0 0 1 0 0 148.45715671388592 -61.292042204578124 143.1 146.38891119120905 -66.04554756087538 156.14928 71.66045 -999.0 -999.0 -999.0 -999.0 -999.0 191.132928893909 25.8550042233413 191.13189925254494 25.710366949964037 63.3138170816333 262.43053812307437 -999.0 16600.0 -999.0 2 223 {-999.0 -999.0 -999.0 -999.0 -999.0} "" -999.0 -999.0 -999.0 -999.0 -999 -999 "" "" "" "" 0 0 0.0 0.0 -999 ""
FIBERMAP 943 R-4C19 BOSS 1 1 0 1 0 0 148.9561859233229 -60.735525503754346 143.1 146.90559590292935 -65.50547337759484 156.14928 71.66045 191.13565481411882 25.857343959160215 -43.75794 17.098902 2.6524243 191.13550166814616 25.857384520661252 191.13457253345166 25.71278665452699 63.3169638942781 262.4334871421866 5400.0 5400.0 2016.0 1 291 {-999.0 19.833384 18.430843 17.308834 -999.0} sdss_psfmag_ps1 19.33786 17.950619 16.812902 14.575 63050395173398377 1094740026 bright_1x1 mwm_bin_vis_boss mwm_filler science 0 0 0.0 0.0 -999 ""
FIBERMAP 943 R-4C19 METROLOGY 0 0 0 1 0 0 149.1862524489133 -61.44310891063857 143.1 147.11268835681554 -66.22005068119634 156.14928 71.66045 -999.0 -999.0 -999.0 -999.0 -999.0 191.13653322848748 25.854151091778096 191.13557427879346 25.70954323294245 63.31656768774279 262.42604206990814 -999.0 6231.0 -999.0 -1 -999 {-999.0 -999.0 -999.0 -999.0 -999.0} "" -999.0 -999.0 -999.0 -999.0 -999 -999 "" "" "" "" 0 0 0.0 0.0 -999 ""
FIBERMAP 944 R-1C11 APOGEE 0 0 0 1 0 0 -38.171345214532856 -27.82032635742508 143.1 -39.04589990787013 -26.57159089534461 22.64811 60.048653 -999.0 -999.0 -999.0 -999.0 -999.0 190.19563272982992 26.03621368558103 190.195895676119 25.891220074746474 62.6005367191966 263.4947571926941 -999.0 16600.0 -999.0 2 282 {-999.0 -999.0 -999.0 -999.0 -999.0} "" -999.0 -999.0 -999.0 -999.0 -999 -999 "" "" "" "" 0 0 0.0 0.0 -999 ""
FIBERMAP 944 R-1C11 BOSS 1 1 0 1 0 0 -38.29689132418171 -28.544947480965362 143.1 -39.19475355971383 -27.291719735360488 22.64811 60.048653 190.19473680530407 26.032846852856636 -2.527616 0.5009155 0.16855232 190.1947492210165 26.032878543108712 190.1951242251863 25.887924617986496 62.598669859659466 263.4886665442989 5400.0 5400.0 2016.0 1 440 {-999.0 21.250256 20.586098 20.353697 20.18718} sdss_psfmag_from_lsdr10 20.925442 20.702969 20.035753 -999.0 63050395173399349 1059138381 dark_flexible_2x2 bhm_spiders_agn_lsdr10 bhm_spiders science 0 0 0.0 0.0 -999 ""
FIBERMAP 944 R-1C11 METROLOGY 0 0 0 1 0 0 -38.87361033693 -28.085860195516574 143.1 -39.756306712138304 -26.81430070825096 22.64811 60.048653 -999.0 -999.0 -999.0 -999.0 -999.0 190.19193509314584 26.035064722640797 190.1922823316737 25.89009831711873 62.59710184763382 263.49511323315994 -999.0 6231.0 -999.0 -1 -999 {-999.0 -999.0 -999.0 -999.0 -999.0} "" -999.0 -999.0 -999.0 -999.0 -999 -999 "" "" "" "" 0 0 0.0 0.0 -999 ""
FIBERMAP 948 R-8C9 APOGEE 0 0 0 1 0 0 -10.888357698685182 -164.71197154559388 143.1 -16.197079212309173 -164.26039155618156 334.34332 103.256615 -999.0 -999.0 -999.0 -999.0 -999.0 190.31182264491045 25.410833042841013 190.3121897150478 25.266005666130383 62.459920241326714 262.1546312245359 -999.0 16600.0 -999.0 2 -999 {-999.0 -999.0 -999.0 -999.0 -999.0} "" -999.0 -999.0 -999.0 -999.0 -999 -999 "" "" "" "" 0 0 0.0 0.0 -999 ""
FIBERMAP 948 R-8C9 BOSS 1 1 0 1 0 0 -11.044289712023017 -165.44363633673242 143.1 -16.376527584825002 -164.98657920881254 334.34332 103.256615 190.3108044281961 25.40745521241044 0.0069259945 -0.20389286 -0.02663452 190.31080767897086 25.407452666209092 190.31128619806964 25.262667136175835 62.45786791552706 262.14866852779505 5400.0 5400.0 2016.0 1 384 {-999.0 19.175247 18.994932 18.99745 18.877565} sdss_psfmag 18.738283 18.51426 18.170044 -999.0 63050395173372769 1128956077 dark_1x4 bhm_aqmes_wide1 bhm_aqmes science 0 0 0.0 0.0 -999 ""
FIBERMAP 948 R-8C9 METROLOGY 0 0 0 1 0 0 -11.597984845423891 -164.9423870249421 143.1 -16.913710273333404 -164.46776679892383 334.34332 103.256615 -999.0 -999.0 -999.0 -999.0 -999.0 190.30813491201008 25.409820969101705 190.30858549974425 25.265022323910692 62.45653510993466 262.15541624557375 -999.0 6231.0 -999.0 -1 -999 {-999.0 -999.0 -999.0 -999.0 -999.0} "" -999.0 -999.0 -999.0 -999.0 -999 -999 "" "" "" "" 0 0 0.0 0.0 -999 ""
FIBERMAP 950 R-5C15 APOGEE 0 0 0 1 0 0 94.87749469791113 -96.36964046390746 143.1 91.7098723753278 -99.37276037257111 26.665205 90.54418 -999.0 -999.0 -999.0 -999.0 -999.0 190.85642172218843 25.704432568652148 190.85586704521586 25.559728010639404 63.026318463983614 262.3322288476202 -999.0 16600.0 -999.0 2 -999 {-999.0 -999.0 -999.0 -999.0 -999.0} "" -999.0 -999.0 -999.0 -999.0 -999 -999 "" "" "" "" 0 0 0.0 0.0 -999 ""
FIBERMAP 950 R-5C15 BOSS 1 1 0 1 0 0 95.22477892091396 -97.01988905504963 143.1 92.03596144023534 -100.03382042095105 26.665205 90.54418 190.85797519854634 25.70131175336649 -999.0 -999.0 -999.0 190.8579818469097 25.70134685551482 190.85753280389633 25.556683305132697 63.02654049665033 262.32475915319503 5400.0 5400.0 2016.0 1 315 {-999.0 22.124678 22.060173 21.533373 21.11536} sdss_fiber2mag_from_lsdr10 nan nan nan -999.0 63050396913358829 1059137215 dark_flexible_2x2 bhm_spiders_agn_lsdr10 bhm_spiders science 0 0 0.0 0.0 -999 ""
FIBERMAP 950 R-5C15 METROLOGY 0 0 0 1 0 0 94.48908058592404 -97.00666201622816 143.1 91.30113752981173 -99.99686004008271 26.665205 90.54418 -999.0 -999.0 -999.0 -999.0 -999.0 190.8543015012235 25.701540877222023 190.85382756080617 25.556864716640046 63.02352221586085 262.32795133514344 -999.0 6231.0 -999.0 -1 -999 {-999.0 -999.0 -999.0 -999.0 -999.0} "" -999.0 -999.0 -999.0 -999.0 -999 -999 "" "" "" "" 0 0 0.0 0.0 -999 ""
FIBERMAP 951 R+2C24 APOGEE 0 0 0 1 0 0 263.5708919848601 43.406911489029824 143.1 264.8113067970081 34.87492644920951 50.4254 76.7288 -999.0 -999.0 -999.0 -999.0 -999.0 191.73005045002068 26.308471853087067 191.72791382247226 26.163965375557655 63.9805309190577 262.9267812618574 -999.0 16600.0 -999.0 2 -999 {-999.0 -999.0 -999.0 -999.0 -999.0} "" -999.0 -999.0 -999.0 -999.0 -999 -999 "" "" "" "" 0 0 0.0 0.0 -999 ""
FIBERMAP 951 R+2C24 BOSS 1 1 0 1 0 0 264.0274500354521 42.82051450725325 143.1 265.2486637364755 34.274152838056885 50.4254 76.7288 191.7321052757318 26.305651862220746 -0.17752892 -1.2480768 1.1216549 191.73209966666755 26.30569454690207 191.73006473546604 26.161226166101653 63.981317108587525 262.9193551084819 5400.0 5400.0 2016.0 1 185 {-999.0 21.04128 20.590065 20.46888 20.39743} sdss_psfmag_from_lsdr10 20.590958 20.620026 19.97073 -999.0 63050395173397422 1059139577 dark_flexible_2x2 bhm_spiders_agn_lsdr10 bhm_spiders science 0 0 0.0 0.0 -999 ""
FIBERMAP 951 R+2C24 METROLOGY 0 0 0 1 0 0 263.290985887546 42.715308599216456 143.1 264.50925258284155 34.19277703696072 50.4254 76.7288 -999.0 -999.0 -999.0 -999.0 -999.0 191.7284501614207 26.30537857664732 191.72639154475542 26.160898435212584 63.97813123969405 262.921428358571 -999.0 6231.0 -999.0 -1 -999 {-999.0 -999.0 -999.0 -999.0 -999.0} "" -999.0 -999.0 -999.0 -999.0 -999 -999 "" "" "" "" 0 0 0.0 0.0 -999 ""
FIBERMAP 954 R+12C12 APOGEE 0 0 0 1 0 0 90.80644293777121 216.8208536526135 143.1 97.74812647994891 213.75857142852934 295.40106 95.72591 -999.0 -999.0 -999.0 -999.0 -999.0 190.89175430653398 27.12493542596405 190.8904747695036 26.979951590559914 63.569098488237486 265.25409716634056 -999.0 16600.0 -999.0 2 -999 {-999.0 -999.0 -999.0 -999.0 -999.0} "" -999.0 -999.0 -999.0 -999.0 -999 -999 "" "" "" "" 0 0 0.0 0.0 -999 ""
FIBERMAP 954 R+12C12 BOSS 1 1 0 1 0 0 90.17506232828605 216.4346011312637 143.1 97.10466540603514 213.39292889250507 295.40106 95.72591 190.8884033361029 27.123313208365015 1.0125995 -0.8143248 0.17768008 190.8883935430873 27.12331558678078 190.88722708602086 26.978365464323947 63.56583724718074 265.25295887640567 5400.0 5400.0 2016.0 1 101 {-999.0 20.108171 19.613197 19.486504 19.4139} sdss_psfmag_from_lsdr10 20.25116 19.904942 19.330626 -999.0 63050395173415040 1059142802 dark_flexible_2x2 bhm_spiders_agn_lsdr10 bhm_spiders science 0 0 0.0 0.0 -999 ""
FIBERMAP 954 R+12C12 METROLOGY 0 0 0 1 0 0 90.14866835577948 217.17298229359207 143.1 97.10211545633445 214.13171258988217 295.40106 95.72591 -999.0 -999.0 -999.0 -999.0 -999.0 190.88840651241483 27.1266333295778 190.8872080905203 26.981672733258932 63.56694654516235 265.25995799203815 -999.0 6231.0 -999.0 -1 -999 {-999.0 -999.0 -999.0 -999.0 -999.0} "" -999.0 -999.0 -999.0 -999.0 -999 -999 "" "" "" "" 0 0 0.0 0.0 -999 ""
FIBERMAP 956 R+10C8 APOGEE 0 0 0 1 0 0 -4.6408512826207335 190.85891880147625 143.1 1.52109415810125 190.89256774963897 27.062592 74.40076 -999.0 -999.0 -999.0 -999.0 -999.0 190.40179018913963 27.02404888990488 190.4013074307611 26.87891984639086 63.124672191366486 265.3740840513731 -999.0 16600.0 -999.0 2 -999 {-999.0 -999.0 -999.0 -999.0 -999.0} "" -999.0 -999.0 -999.0 -999.0 -999 -999 "" "" "" "" 0 0 0.0 0.0 -999 ""
FIBERMAP 956 R+10C8 BOSS 1 1 0 1 0 0 -4.477770486081315 190.13226921401346 143.1 1.6606263592941188 190.16109753109504 27.062592 74.40076 190.4024042476518 27.020771902644096 -0.3953189 0.2524664 0.5508172 190.40239119080974 27.020769376851067 190.40201803934622 26.875676625713027 63.1241580755472 265.36686292966476 5400.0 5400.0 2016.0 1 120 {-999.0 20.055254 19.89723 19.867416 19.866148} sdss_psfmag_from_lsdr10 19.848446 19.744816 19.497364 -999.0 63050395173414731 1059142793 dark_flexible_2x2 bhm_spiders_agn_lsdr10 bhm_spiders science 0 0 0.0 0.0 -999 ""
FIBERMAP 956 R+10C8 METROLOGY 0 0 0 1 0 0 -5.191154976612136 190.35510551771807 143.1 0.9548669241557374 190.4068195757201 27.062592 74.40076 -999.0 -999.0 -999.0 -999.0 -999.0 190.3988251788573 27.021878017503784 190.39842608928984 26.87677383471522 63.121522984618295 265.3715686035099 -999.0 6231.0 -999.0 -1 -999 {-999.0 -999.0 -999.0 -999.0 -999.0} "" -999.0 -999.0 -999.0 -999.0 -999 -999 "" "" "" "" 0 0 0.0 0.0 -999 ""
FIBERMAP 962 R-1C12 APOGEE 0 0 0 1 0 0 -25.23473549570214 -13.64119293748994 143.1 -25.659592086510443 -12.81855520705602 11.299857 138.03287 -999.0 -999.0 -999.0 -999.0 -999.0 190.26344330543802 26.09891023830425 190.26357873221866 25.953925447676962 62.680293562054004 263.5724947185445 -999.0 16600.0 -999.0 2 -999 {-999.0 -999.0 -999.0 -999.0 -999.0} "" -999.0 -999.0 -999.0 -999.0 -999 -999 "" "" "" "" 0 0 0.0 0.0 -999 ""
FIBERMAP 962 R-1C12 BOSS 1 1 0 1 0 0 -24.59000588638454 -14.003117147353755 143.1 -25.026934207713868 -13.201065009483232 11.299857 138.03287 190.26653053373468 26.097116675091648 -0.32371414 0.23270245 0.10959509 190.26652868385582 26.097122741236475 190.266769383937 25.95217827949688 62.682314409872895 263.5666483166628 5400.0 5400.0 2016.0 1 439 {-999.0 19.56046 19.221214 18.932049 18.468138} sdss_psfmag 18.853537 18.55923 18.026173 16.02 63050395173399385 1128956159 dark_1x4 bhm_aqmes_wide1 bhm_aqmes science 0 0 0.0 0.0 -999 ""
FIBERMAP 962 R-1C12 METROLOGY 0 0 0 1 0 0 -25.229486314764277 -14.38727230767201 143.1 -25.67842248980011 -13.564350074857547 11.299857 138.03287 -999.0 -999.0 -999.0 -999.0 -999.0 190.2632586980597 26.09547831815989 190.26347405827573 25.95052210573887 62.67894917253486 263.56567945279323 -999.0 6231.0 -999.0 -1 -999 {-999.0 -999.0 -999.0 -999.0 -999.0} "" -999.0 -999.0 -999.0 -999.0 -999 -999 "" "" "" "" 0 0 0.0 0.0 -999 ""
FIBERMAP 963 R+9C11 APOGEE 0 0 0 1 0 0 52.23016713039738 164.27617537662718 143.1 57.49967392288703 162.49073763442328 38.851112 31.479769 -999.0 -999.0 -999.0 -999.0 -999.0 190.68691626296777 26.89520543109798 190.686057427126 26.75019778344183 63.318916660958195 264.9115728265498 -999.0 16600.0 -999.0 2 28 {-999.0 -999.0 -999.0 -999.0 -999.0} "" -999.0 -999.0 -999.0 -999.0 -999 -999 "" "" "" "" 0 0 0.0 0.0 -999 ""
FIBERMAP 963 R+9C11 BOSS 1 1 0 1 0 0 52.0008714591478 163.57052902806777 143.1 57.24774615452572 161.792920080897 38.851112 31.479769 190.6855773925781 26.892064977923212 -999.0 -999.0 -999.0 190.68554396879446 26.892074132274445 190.68479650238442 26.74710226791954 63.31678697694996 264.9059767377553 5400.0 5400.0 2015.5 1 133 {-999.0 -999.0 -999.0 -999.0 -999.0} "" -999.0 -999.0 -999.0 -999.0 27021603145581194 812571598 "" ops_sky_boss_good ops_sky sky_boss 0 0 0.0 0.0 -999 ""
FIBERMAP 963 R+9C11 METROLOGY 0 0 0 1 0 0 51.49056105830767 164.14908126983923 143.1 56.75641641235186 162.38758834243532 38.851112 31.479769 -999.0 -999.0 -999.0 -999.0 -999.0 190.68307128912912 26.894771766367008 190.68229578216437 26.74978841289147 63.315624065725515 264.9133117567044 -999.0 6231.0 -999.0 -1 -999 {-999.0 -999.0 -999.0 -999.0 -999.0} "" -999.0 -999.0 -999.0 -999.0 -999 -999 "" "" "" "" 0 0 0.0 0.0 -999 ""
FIBERMAP 964 R+8C14 APOGEE 0 0 0 1 0 0 97.24300313399094 169.04098405479579 143.1 102.63888821583544 165.8000585974944 80.63041 94.941 -999.0 -999.0 -999.0 -999.0 -999.0 190.91651153950286 26.908884300931433 190.91529714927526 26.76395323614224 63.515672374355404 264.7817324013339 -999.0 16600.0 -999.0 2 -999 {-999.0 -999.0 -999.0 -999.0 -999.0} "" -999.0 -999.0 -999.0 -999.0 -999 -999 "" "" "" "" 0 0 0.0 0.0 -999 ""
FIBERMAP 964 R+8C14 BOSS 1 1 0 1 0 0 98.01471630213013 168.9949556191003 143.1 103.40864652979013 165.72915455688263 80.63041 94.941 190.92033158251323 26.908551687469195 0.27036867 -0.10801972 -1.0195968 190.92034488838857 26.908544654821927 190.91923172611644 26.763650318791605 63.518862056220314 264.7783616615458 5400.0 5400.0 2016.0 1 161 {-999.0 20.32596 20.287598 20.183844 20.07836} sdss_psfmag_from_lsdr10 20.144629 20.253729 19.864635 -999.0 63050395173401991 1059142805 dark_flexible_2x2 bhm_spiders_agn_lsdr10 bhm_spiders science 0 0 0.0 0.0 -999 ""
FIBERMAP 964 R+8C14 METROLOGY 0 0 0 1 0 0 97.58231606385696 168.3765077827307 143.1 102.95655170207263 165.125036761967 80.63041 94.941 -999.0 -999.0 -999.0 -999.0 -999.0 190.91806983155357 26.90583551571956 190.91693113288454 26.760930935626845 63.51599182328442 264.77424103648 -999.0 6231.0 -999.0 -1 -999 {-999.0 -999.0 -999.0 -999.0 -999.0} "" -999.0 -999.0 -999.0 -999.0 -999 -999 "" "" "" "" 0 0 0.0 0.0 -999 ""
FIBERMAP 965 R+5C15 APOGEE 0 0 0 1 0 0 88.13305569739549 84.24969034177377 143.1 90.7982214620057 81.35433282484101 327.13022 95.04976 -999.0 -999.0 -999.0 -999.0 -999.0 190.85557369611473 26.526602090532574 190.8546327443621 26.38172795293732 63.33007475415408 264.02509675338604 -999.0 16600.0 -999.0 2 -999 {-999.0 -999.0 -999.0 -999.0 -999.0} "" -999.0 -999.0 -999.0 -999.0 -999 -999 "" "" "" "" 0 0 0.0 0.0 -999 ""
FIBERMAP 965 R+5C15 BOSS 1 1 0 1 0 0 87.80273458806771 83.57951837957424 143.1 90.44647449487448 80.69522822226456 327.13022 95.04976 190.8537069316527 26.523598364275955 -999.0 -999.0 -999.0 190.85371719240834 26.523614463085245 190.85288736379346 26.378777085924852 63.32755713185495 264.0202086752108 5400.0 5400.0 2016.0 1 213 {-999.0 21.524029 20.972437 20.55125 20.215218} sdss_psfmag_from_lsdr10 21.0809 20.91765 20.035774 -999.0 63050395173401520 1059140667 dark_flexible_2x2 bhm_spiders_agn_lsdr10 bhm_spiders science 0 0 0.0 0.0 -999 ""
FIBERMAP 965 R+5C15 METROLOGY 0 0 0 1 0 0 87.38894719158124 84.19524300862797 143.1 90.05280860817288 81.32393140599311 327.13022 95.04976 -999.0 -999.0 -999.0 -999.0 -999.0 190.85174817512512 26.52648490494148 190.85088964747683 26.381635819522174 63.32691131688211 264.02758307287 -999.0 6231.0 -999.0 -1 -999 {-999.0 -999.0 -999.0 -999.0 -999.0} "" -999.0 -999.0 -999.0 -999.0 -999 -999 "" "" "" "" 0 0 0.0 0.0 -999 ""
FIBERMAP 971 R+4C2 APOGEE 0 0 0 1 0 0 -208.4094239098433 62.663546618782185 143.1 -206.2604457028383 69.35091015224074 26.60859 28.091692 -999.0 -999.0 -999.0 -999.0 -999.0 189.3487670042437 26.468415965109777 189.35011322348555 26.323081352106207 62.04985892581823 264.95525993420057 -999.0 16600.0 -999.0 2 -999 {-999.0 -999.0 -999.0 -999.0 -999.0} "" -999.0 -999.0 -999.0 -999.0 -999 -999 "" "" "" "" 0 0 0.0 0.0 -999 ""
FIBERMAP 971 R+4C2 BOSS 1 1 0 1 0 0 -208.8402996170092 62.05150612594029 143.1 -206.71081015844348 68.75314660532715 26.60859 28.091692 189.34643832165247 26.465612094309858 -25.5095 15.896862 1.7730515 189.34636189773798 26.465660589590467 189.34782581597983 26.320364454149253 62.046975925771996 264.95140001732346 5400.0 5400.0 2016.0 1 72 {-999.0 19.839167 20.030313 20.282238 -999.0} sdss_psfmag 19.998936 19.940363 19.891457 -999.0 63050395173413083 1143500084 dark_1x3 mwm_wd_pwd_boss_1x3 mwm_wd science 0 0 0.0 0.0 -999 ""
FIBERMAP 971 R+4C2 METROLOGY 0 0 0 1 0 0 -209.15328483336788 62.72127795312474 143.1 -207.00199105783628 69.43261116452385 26.60859 28.091692 -999.0 -999.0 -999.0 -999.0 -999.0 189.34492554022333 26.468732948662023 189.3463584034597 26.323424846531704 62.046836032611864 264.95850002053436 -999.0 6231.0 -999.0 -1 -999 {-999.0 -999.0 -999.0 -999.0 -999.0} "" -999.0 -999.0 -999.0 -999.0 -999 -999 "" "" "" "" 0 0 0.0 0.0 -999 ""
FIBERMAP 973 R+9C14 APOGEE 0 0 1 1 0 0 101.32524680634157 182.1806599439427 143.1 107.14267290412643 178.80000438734146 11.707712 169.34465 -999.0 -999.0 -999.0 -999.0 -999.0 190.93944024558817 26.967351463990827 190.938163035691 26.82241651624241 63.55505674089089 264.8889596448322 -999.0 16600.0 -999.0 2 39 {-999.0 -999.0 -999.0 -999.0 -999.0} "" -999.0 -999.0 -999.0 -999.0 -999 -999 "" "" "" "" 0 0 0.0 0.0 -999 ""
FIBERMAP 973 R+9C14 BOSS 1 0 1 1 0 0 102.07399797040809 182.22513407851721 143.1 107.89240375114089 178.8202888539368 11.707712 169.34465 191.0000622095761 26.971097665047896 -0.90217024 -2.0218792 0.001562912 190.94316770544145 26.9674181964089 190.94199162357302 26.822519621947087 63.5582989202683 264.88652803610273 5400.0 5400.0 2016.0 1 162 {-999.0 15.914361 14.490327 13.905629 -999.0} sdss_psfmag_from_g3xp 15.334522 14.444233 13.525885 11.507 63050395173402365 1061325312 dark_flexible_2x1 manual_mwm_halo_distant_kgiant_near_boss mwm_halo science 0 0 1.803669810295105 0.0 -999 ""
FIBERMAP 973 R+9C14 METROLOGY 0 0 1 1 0 0 101.72768009650673 181.55657270993757 143.1 107.52472172621411 178.16331008950718 11.707712 169.34465 -999.0 -999.0 -999.0 -999.0 -999.0 190.9413234172552 26.964473822637068 190.94012128075497 26.81956526936231 63.555712331287836 264.8815959232037 -999.0 6231.0 -999.0 -1 -999 {-999.0 -999.0 -999.0 -999.0 -999.0} "" -999.0 -999.0 -999.0 -999.0 -999 -999 "" "" "" "" 0 0 0.0 0.0 -999 ""
FIBERMAP 975 R-1C21 APOGEE 0 0 0 1 0 0 185.1829488657693 -33.233776274129504 143.1 183.99781591595547 -39.189513058377536 39.001408 17.588839 -999.0 -999.0 -999.0 -999.0 -999.0 191.32301345742235 25.97608499517299 191.32164610195377 25.83149238619111 63.51780846405791 262.5366980935887 -999.0 16600.0 -999.0 2 -999 {-999.0 -999.0 -999.0 -999.0 -999.0} "" -999.0 -999.0 -999.0 -999.0 -999 -999 "" "" "" "" 0 0 0.0 0.0 -999 ""
FIBERMAP 975 R-1C21 BOSS 1 1 0 1 0 0 184.81138082266563 -33.849815666411246 143.1 183.60659399640937 -39.79318696276874 39.001408 17.588839 191.32095141688075 25.973277960572737 0.43874887 -0.2124931 0.10324024 191.32097650185645 25.97330542280251 191.31971825760286 25.828750986716802 63.515168197982625 262.53246983583904 5400.0 5400.0 2016.0 1 270 {-999.0 19.932566 20.066442 19.695395 19.498762} sdss_fiber2mag_from_lsdr10 19.540531 19.6641 18.915644 -999.0 63050395173396837 1059138413 dark_flexible_2x2 bhm_spiders_agn_lsdr10 bhm_spiders science 0 0 0.0 0.0 -999 ""
FIBERMAP 975 R-1C21 METROLOGY 0 0 0 1 0 0 184.4377777762717 -33.19660063844236 143.1 183.2542978483798 -39.12831295939356 39.001408 17.588839 -999.0 -999.0 -999.0 -999.0 -999.0 191.31925784704853 25.976346193073862 191.31797093612317 25.831779615129534 63.51485246320419 262.5400893036084 -999.0 6231.0 -999.0 -1 -999 {-999.0 -999.0 -999.0 -999.0 -999.0} "" -999.0 -999.0 -999.0 -999.0 -999 -999 "" "" "" "" 0 0 0.0 0.0 -999 ""
FIBERMAP 979 R+3C7 APOGEE 0 0 0 1 0 0 -120.97052380786933 71.12982014016175 143.1 -118.60152998294022 74.99033170475798 81.39755 115.62518 -999.0 -999.0 -999.0 -999.0 -999.0 189.7910766539087 26.497318528237436 189.791746532425 26.352105679290663 62.430045298884956 264.71093059798363 -999.0 16600.0 -999.0 2 125 {-999.0 -999.0 -999.0 -999.0 -999.0} "" -999.0 -999.0 -999.0 -999.0 -999 -999 "" "" "" "" 0 0 0.0 0.0 -999 ""
FIBERMAP 979 R+3C7 BOSS 1 1 0 1 0 0 -120.26239209505167 71.3447664192685 143.1 -117.88689264563376 75.18229541681298 81.39755 115.62518 189.7945850956088 26.498187962638692 -999.0 -999.0 -999.0 189.79453107013063 26.498202400805983 189.79530659443026 26.353028390322628 62.43335482406758 264.7103381910238 5400.0 5400.0 2016.0 1 43 {-999.0 22.569506 21.868675 21.26279 20.799934} sdss_fiber2mag_from_lsdr10 nan nan nan -999.0 63050396903441244 1059140654 dark_flexible_2x2 bhm_spiders_agn_lsdr10 bhm_spiders science 0 0 0.0 0.0 -999 ""
FIBERMAP 979 R+3C7 METROLOGY 0 0 0 1 0 0 -120.42235887565826 70.62202039071605 143.1 -118.07008551740161 74.46515130496657 81.39755 115.62518 -999.0 -999.0 -999.0 -999.0 -999.0 189.79365346795288 26.49494423524153 189.79440014467605 26.3497598713129 62.431431443883795 264.7043642612916 -999.0 6231.0 -999.0 -1 -999 {-999.0 -999.0 -999.0 -999.0 -999.0} "" -999.0 -999.0 -999.0 -999.0 -999 -999 "" "" "" "" 0 0 0.0 0.0 -999 ""
FIBERMAP 983 R+6C5 APOGEE 1 1 0 1 0 0 -141.42017896483523 126.74963548016848 143.1 -137.24386210542565 131.23623091325612 116.08788 123.55472 189.69606643262338 26.751820707953186 -4.691435 -17.386465 3.1951814 189.69603798408198 26.751755458224924 189.6967469296992 26.606462607207746 62.44009552134708 265.2900872763912 16000.0 16600.0 2016.0 2 150 {-999.0 9.501851 9.254562 9.197632 -999.0} sdss_psfmag_from_g3xp 9.488894 9.259778 8.875767 8.314 63050395173413735 975022328 "" ops_std_apogee ops_std standard_apogee 0 0 0.0 0.0 -999 ""
FIBERMAP 983 R+6C5 BOSS 0 0 0 1 0 0 -141.05934220880943 127.40782898950087 143.1 -136.86200460781328 131.88237959369422 116.08788 123.55472 -999.0 -999.0 -999.0 -999.0 -999.0 189.69781307393285 26.754693336273085 189.69862988117325 26.60943755373995 62.44271024697443 265.2948462626587 -999.0 5400.0 -999.0 1 49 {-999.0 -999.0 -999.0 -999.0 -999.0} "" -999.0 -999.0 -999.0 -999.0 -999 -999 "" "" "" "" 0 0 0.0 0.0 -999 ""
FIBERMAP 983 R+6C5 METROLOGY 0 0 0 1 0 0 -140.6704680232479 126.76567901409956 143.1 -136.49408953588207 131.22807110313852 116.08788 123.55472 -999.0 -999.0 -999.0 -999.0 -999.0 189.6997211116289 26.75175087121726 189.70050454760553 26.60648572884232 62.44325261642891 265.2876031371796 -999.0 6231.0 -999.0 -1 -999 {-999.0 -999.0 -999.0 -999.0 -999.0} "" -999.0 -999.0 -999.0 -999.0 -999 -999 "" "" "" "" 0 0 0.0 0.0 -999 ""
FIBERMAP 985 R+9C10 APOGEE 0 0 0 1 0 0 32.513741905704265 169.51319341017373 143.1 37.964245132382125 168.36082945825416 68.31119 12.27972 -999.0 -999.0 -999.0 -999.0 -999.0 190.58744753702908 26.922070106291915 190.5867276798839 26.777023352671723 63.24500107598338 265.0358455471808 -999.0 16600.0 -999.0 2 10 {-999.0 -999.0 -999.0 -999.0 -999.0} "" -999.0 -999.0 -999.0 -999.0 -999 -999 "" "" "" "" 0 0 0.0 0.0 -999 ""
FIBERMAP 985 R+9C10 BOSS 1 1 0 1 0 0 32.39677703820655 168.7859271957405 143.1 37.823882143538135 167.6377802151596 68.31119 12.27972 190.5866801987326 26.918891959850903 -999.0 -999.0 -999.0 190.58663575954603 26.918824764838952 190.58602687224038 26.773814014381287 63.243304413378574 265.02963680442775 5400.0 5400.0 2016.0 1 126 {-999.0 21.54856 20.394014 19.89132 19.512442} sdss_fiber2mag_from_lsdr10 20.34373 20.934711 18.894491 16.392 63050395173414527 1059142797 dark_flexible_2x2 bhm_spiders_agn_lsdr10 bhm_spiders science 0 0 0.0 0.0 -999 ""
FIBERMAP 985 R+9C10 METROLOGY 0 0 0 1 0 0 31.812246249864845 169.2583548497716 143.1 37.2549524690282 168.12878358518526 68.31119 12.27972 -999.0 -999.0 -999.0 -999.0 -999.0 190.58376687358268 26.92105069532968 190.58313066789924 26.776028431733565 63.241643817978236 265.0362377238972 -999.0 6231.0 -999.0 -1 -999 {-999.0 -999.0 -999.0 -999.0 -999.0} "" -999.0 -999.0 -999.0 -999.0 -999 -999 "" "" "" "" 0 0 0.0 0.0 -999 ""
FIBERMAP 986 R+2C13 APOGEE 0 0 1 1 0 0 0.5977401276895286 46.38118876161897 143.1 2.094122894557493 46.33368218567253 9.510608 170.18497 -999.0 -999.0 -999.0 -999.0 -999.0 190.40439140114742 26.368387592915305 190.40419814286201 26.223393289749186 62.896348564871445 264.02004388558987 -999.0 16600.0 -999.0 2 -999 {-999.0 -999.0 -999.0 -999.0 -999.0} "" -999.0 -999.0 -999.0 -999.0 -999 -999 "" "" "" "" 0 0 0.0 0.0 -999 ""
FIBERMAP 986 R+2C13 BOSS 1 0 1 1 0 0 1.3508538027377575 46.37758569526908 143.1 2.8466621208487313 46.30577791970579 9.510608 170.18497 190.4408215377003 26.374093499283532 0.055960428 0.25981784 -0.09725305 190.40811059914913 26.36824698494839 190.40802048615728 26.22329175260732 62.89950846748167 264.01711292681557 5400.0 5400.0 2016.0 1 105 {-999.0 18.767763 18.704578 18.827318 18.689734} sdss_psfmag 18.380735 18.267391 18.013348 -999.0 63050395173399948 1128956161 dark_1x4 bhm_aqmes_wide1 bhm_aqmes science 0 0 0.0 0.0 -999 ""
FIBERMAP 986 R+2C13 METROLOGY 0 0 1 1 0 0 0.9781058172756479 45.7393290240614 143.1 2.4535440130073862 45.67993833022195 9.510608 170.18497 -999.0 -999.0 -999.0 -999.0 -999.0 190.40614057253845 26.365403614744686 190.40602388979016 26.220437609415672 62.896805932170054 264.0126951928573 -999.0 6231.0 -999.0 -1 -999 {-999.0 -999.0 -999.0 -999.0 -999.0} "" -999.0 -999.0 -999.0 -999.0 -999 -999 "" "" "" "" 0 0 0.0 0.0 -999 ""
FIBERMAP 988 R+7C6 APOGEE 0 0 0 1 0 0 -114.42904085903469 139.50212922517198 143.1 -109.8576147716422 143.1099475143323 169.88333 111.193695 -999.0 -999.0 -999.0 -999.0 -999.0 189.83485478151954 26.80645807959101 189.83533038312225 26.661195396006182 62.57527681056269 265.3078890957546 -999.0 16600.0 -999.0 2 -999 {-999.0 -999.0 -999.0 -999.0 -999.0} "" -999.0 -999.0 -999.0 -999.0 -999 -999 "" "" "" "" 0 0 0.0 0.0 -999 ""
FIBERMAP 988 R+7C6 BOSS 1 1 0 1 0 0 -114.54044917040899 140.3502914839904 143.1 -109.94158464334262 143.9611889794563 169.88333 111.193695 189.8338605085957 26.810294829571255 -32.270462 7.9901724 0.8653924 189.8342762459713 26.810312378796343 189.83486235605892 26.66508553160887 62.576235205380506 265.31612522611135 5400.0 5400.0 2016.0 1 67 {-999.0 14.750701 14.383381 14.25894 -999.0} sdss_psfmag_from_g3xp 14.687939 14.392178 13.927411 13.096 63050395173413760 1135983087 dark_flexible_3x1 mwm_halo_local_high_boss_triple mwm_halo science 0 0 1.6695222854614258 0.0 -999 ""
FIBERMAP 988 R+7C6 METROLOGY 0 0 0 1 0 0 -113.87411216636902 140.00084369916306 143.1 -109.28692989414743 143.59045072922888 169.88333 111.193695 -999.0 -999.0 -999.0 -999.0 -999.0 189.8376400537786 26.80865882958752 189.83819020607018 26.66342290494939 62.57844697097179 265.310497909794 -999.0 6231.0 -999.0 -1 -999 {-999.0 -999.0 -999.0 -999.0 -999.0} "" -999.0 -999.0 -999.0 -999.0 -999 -999 "" "" "" "" 0 0 0.0 0.0 -999 ""
FIBERMAP 990 R+4C7 APOGEE 0 0 0 1 0 0 -129.55804524419534 71.7983844212932 143.1 -127.16225204624584 75.93561327776924 233.5329 74.943275 -999.0 -999.0 -999.0 -999.0 -999.0 189.74769060096 26.501369557873286 189.7484240181618 26.356142956696274 62.39520787589068 264.74892780595695 -999.0 16600.0 -999.0 2 95 {-999.0 -999.0 -999.0 -999.0 -999.0} "" -999.0 -999.0 -999.0 -999.0 -999 -999 "" "" "" "" 0 0 0.0 0.0 -999 ""
FIBERMAP 990 R+4C7 BOSS 1 1 0 1 0 0 -130.04226874202695 72.3630111785952 143.1 -127.62796013906775 76.51552268808253 233.5329 74.943275 189.74515403131966 26.50395679876414 -999.0 -999.0 -999.0 189.74515708166658 26.50398081756787 189.74600464225477 26.35879094873916 62.39412453120733 264.7559333212064 5400.0 5400.0 2016.0 1 51 {-999.0 21.22209 19.771448 19.246437 18.864458} sdss_fiber2mag_from_lsdr10 19.48633 21.773563 17.63649 15.206 63050395173412379 1059140652 dark_flexible_2x2 bhm_spiders_agn_lsdr10 bhm_spiders science 0 0 0.0 0.0 -999 ""
FIBERMAP 990 R+4C7 METROLOGY 0 0 0 1 0 0 -129.31439661245207 72.507787611488 143.1 -126.89585881403733 76.63672220944828 233.5329 74.943275 -999.0 -999.0 -999.0 -999.0 -999.0 189.74890568170184 26.504558269451657 189.7497157875806 26.35935861779106 62.39743413273889 264.7545241214757 -999.0 6231.0 -999.0 -1 -999 {-999.0 -999.0 -999.0 -999.0 -999.0} "" -999.0 -999.0 -999.0 -999.0 -999 -999 "" "" "" "" 0 0 0.0 0.0 -999 ""
FIBERMAP 991 R-3C20 APOGEE 0 0 0 1 0 0 177.98170012285684 -54.23165617440696 143.1 176.12333512669287 -59.94223011593199 3.8351731 134.45512 -999.0 -999.0 -999.0 -999.0 -999.0 191.2825529660321 25.88209560291507 191.28129141595537 25.737507453138026 63.44863521085506 262.37258308374567 -999.0 16600.0 -999.0 2 226 {-999.0 -999.0 -999.0 -999.0 -999.0} "" -999.0 -999.0 -999.0 -999.0 -999 -999 "" "" "" "" 0 0 0.0 0.0 -999 ""
FIBERMAP 991 R-3C20 BOSS 1 1 0 1 0 0 178.5404060714909 -54.7145154166721 143.1 176.66611903961459 -60.44282534611901 3.8351731 134.45512 191.28520708483182 25.87976858841384 0.23874578 -4.890984 1.2621233 191.28520300041598 25.87975540891779 191.28404356973238 25.735207456698273 63.45005623196812 262.36571784028814 5400.0 5400.0 2016.0 1 290 {-999.0 19.50195 18.0827 17.228374 -999.0} sdss_psfmag 18.928549 17.860521 16.844788 14.997 63050395173395245 1095531228 bright_1x1 mwm_bin_vis_boss mwm_filler science 0 0 0.0 0.0 -999 ""
FIBERMAP 991 R-3C20 METROLOGY 0 0 0 1 0 0 177.8433842037051 -54.9654199178565 143.1 175.96142439682185 -60.671083924950885 3.8351731 134.45512 -999.0 -999.0 -999.0 -999.0 -999.0 191.28167665144133 25.878749892858675 191.28049317152397 25.734189874573705 63.44671106345001 262.3663268914037 -999.0 6231.0 -999.0 -1 -999 {-999.0 -999.0 -999.0 -999.0 -999.0} "" -999.0 -999.0 -999.0 -999.0 -999 -999 "" "" "" "" 0 0 0.0 0.0 -999 ""
FIBERMAP 994 R+7C2 APOGEE 0 0 0 1 0 0 -187.88308511138277 147.6936486463202 143.1 -183.0026265633527 153.6668857392724 71.96999 122.74372 -999.0 -999.0 -999.0 -999.0 -999.0 189.46465281221452 26.85083038192454 189.46567383839135 26.705450593668274 62.28072744736282 265.6446072437511 -999.0 16600.0 -999.0 2 -999 {-999.0 -999.0 -999.0 -999.0 -999.0} "" -999.0 -999.0 -999.0 -999.0 -999 -999 "" "" "" "" 0 0 0.0 0.0 -999 ""
FIBERMAP 994 R+7C2 BOSS 1 1 0 1 0 0 -187.1609736602118 147.9141343552186 143.1 -182.2738392321821 153.86393437723697 71.96999 122.74372 189.468228400344 26.851743151312768 -1.1980649 -1.9399425 -0.6106884 189.4681870320552 26.8517433202461 189.4693150658576 26.70640137976726 62.28410853662657 265.6441125902937 5400.0 5400.0 2016.0 1 70 {-999.0 20.20453 19.329279 18.907347 18.617235} sdss_psfmag 19.551075 19.927725 18.180058 15.967 63050395173413625 1128956197 dark_1x4 bhm_aqmes_wide1 bhm_aqmes science 0 0 0.0 0.0 -999 ""
FIBERMAP 994 R+7C2 METROLOGY 0 0 0 1 0 0 -187.34678154958786 147.17495753388633 143.1 -182.48338772232557 153.1312033754634 71.96999 122.74372 -999.0 -999.0 -999.0 -999.0 -999.0 189.46717111786478 26.848434542116177 189.46827005584112 26.70308250015905 62.28208696651646 265.638107906583 -999.0 6231.0 -999.0 -1 -999 {-999.0 -999.0 -999.0 -999.0 -999.0} "" -999.0 -999.0 -999.0 -999.0 -999 -999 "" "" "" "" 0 0 0.0 0.0 -999 ""
FIBERMAP 996 R-6C15 APOGEE 0 0 0 1 0 0 80.42305079740902 -120.92673244868897 143.1 76.47175136652342 -123.44845958898824 176.88889 142.50308 -999.0 -999.0 -999.0 -999.0 -999.0 190.77898820093176 25.595326057686812 190.77859696162977 25.450617135781883 62.919995233441284 262.1695548401028 -999.0 16600.0 -999.0 2 183 {-999.0 -999.0 -999.0 -999.0 -999.0} "" -999.0 -999.0 -999.0 -999.0 -999 -999 "" "" "" "" 0 0 0.0 0.0 -999 ""
FIBERMAP 996 R-6C15 BOSS 1 1 0 1 0 0 79.8687070015556 -120.427550961499 143.1 75.933853680358 -122.93169281299294 176.88889 142.50308 190.77621459960938 25.59757163270507 -999.0 -999.0 -999.0 190.77621855733088 25.597583706050493 190.77593700206 25.45291365013309 62.91866533049257 262.17624426400425 5400.0 5400.0 2015.5 1 316 {-999.0 -999.0 -999.0 -999.0 -999.0} "" -999.0 -999.0 -999.0 -999.0 27021603145563409 812569169 "" ops_sky_boss_good ops_sky sky_boss 0 0 0.0 0.0 -999 ""
FIBERMAP 996 R-6C15 METROLOGY 0 0 0 1 0 0 80.58695195068384 -120.1910159798963 143.1 76.65929478060923 -122.71847989216367 176.88889 142.50308 -999.0 -999.0 -999.0 -999.0 -999.0 190.7799022052267 25.59856626517944 190.779584601863 25.45388585708033 62.922078998536534 262.17542379691935 -999.0 6231.0 -999.0 -1 -999 {-999.0 -999.0 -999.0 -999.0 -999.0} "" -999.0 -999.0 -999.0 -999.0 -999 -999 "" "" "" "" 0 0 0.0 0.0 -999 ""
FIBERMAP 999 R0C27 APOGEE 0 0 0 1 0 0 301.90769481997415 -17.014723045153225 143.1 301.17494715630215 -26.747098717604203 354.858 53.392365 -999.0 -999.0 -999.0 -999.0 -999.0 191.90632894025288 26.028218572663818 191.9040793857697 25.883839479503287 64.02296904599805 262.19914958362733 -999.0 16600.0 -999.0 2 -999 {-999.0 -999.0 -999.0 -999.0 -999.0} "" -999.0 -999.0 -999.0 -999.0 -999 -999 "" "" "" "" 0 0 0.0 0.0 -999 ""
FIBERMAP 999 R0C27 BOSS 1 1 0 1 0 0 301.4342448698842 -17.57550423588698 143.1 300.683688524707 -27.29226025312208 354.858 53.392365 191.90374194211196 26.02572090033288 -1.6653763 1.8945626 -0.290615 191.9037368946293 26.025746627607443 191.90159490231338 25.881404604104514 64.01997989934459 262.19592909339644 5400.0 5400.0 2016.0 1 174 {-999.0 21.341354 20.974588 20.818607 20.699242} sdss_psfmag_from_lsdr10 20.766838 20.763689 20.163391 -999.0 63050395173397060 1059138421 dark_flexible_2x2 bhm_spiders_agn_lsdr10 bhm_spiders science 0 0 0.0 0.0 -999 ""
FIBERMAP 999 R0C27 METROLOGY 0 0 0 1 0 0 301.17469587955986 -16.875530610504825 143.1 300.4468859706674 -26.584336686100674 354.858 53.392365 -999.0 -999.0 -999.0 -999.0 -999.0 191.90265351851747 26.028961395223114 191.90048238492795 25.8846076143912 64.02026235271656 262.2035624867069 -999.0 6231.0 -999.0 -1 -999 {-999.0 -999.0 -999.0 -999.0 -999.0} "" -999.0 -999.0 -999.0 -999.0 -999 -999 "" "" "" "" 0 0 0.0 0.0 -999 ""
FIBERMAP 1004 R-13C1 APOGEE 0 0 0 1 0 0 -150.5052730081745 -260.18284937512817 143.1 -158.80995265194312 -255.1676727682752 198.94316 149.41241 -999.0 -999.0 -999.0 -999.0 -999.0 189.602213101703 25.003693368821033 189.60376674051804 24.858731643112957 61.709704410349985 261.89428926455946 -999.0 16600.0 -999.0 2 199 {-999.0 -999.0 -999.0 -999.0 -999.0} "" -999.0 -999.0 -999.0 -999.0 -999 -999 "" "" "" "" 0 0 0.0 0.0 -999 ""
FIBERMAP 1004 R-13C1 BOSS 1 1 0 1 0 0 -151.22949093191986 -260.0492867750662 143.1 -159.52941984091552 -255.01082051453253 198.94316 149.41241 189.59851393724193 25.004418419523997 -0.4454153 -0.036129106 0.014309386 189.59854574059162 25.004385348794887 189.60021550182933 24.859466142745593 61.707040199814315 261.8984151661972 5400.0 5400.0 2016.0 1 340 {-999.0 19.73224 19.65759 19.45027 19.24635} sdss_psfmag_from_lsdr10 19.575266 19.42152 19.051876 -999.0 63050395173372104 1059133698 dark_flexible_2x2 bhm_spiders_agn_lsdr10 bhm_spiders science 0 0 0.0 0.0 -999 ""
FIBERMAP 1004 R-13C1 METROLOGY 0 0 0 1 0 0 -150.7576954491479 -259.4744005462954 143.1 -159.0393594927822 -254.4515091315673 198.94316 149.41241 -999.0 -999.0 -999.0 -999.0 -999.0 189.6009609111529 25.006873631144888 189.60259472635857 24.86194221226211 61.71000561421256 261.9013970907437 -999.0 6231.0 -999.0 -1 -999 {-999.0 -999.0 -999.0 -999.0 -999.0} "" -999.0 -999.0 -999.0 -999.0 -999 -999 "" "" "" "" 0 0 0.0 0.0 -999 ""
FIBERMAP 1009 R-13C2 APOGEE 1 1 0 1 0 0 -139.87560034283092 -241.96284240581537 143.1 -147.59877719309597 -237.30177577378583 196.2305 60.28652 189.65675651563015 25.083147291846885 -64.52203 -15.352659 4.6507254 189.6565720467148 25.083102213457035 189.6580163492564 24.93813997288479 61.78638041430618 262.0070287792133 16000.0 16600.0 2016.0 2 190 {-999.0 10.866138 10.556587 10.462336 -999.0} sdss_psfmag_from_g3xp 10.83016 10.565581 10.136284 9.416 63050395173372137 975022132 "" ops_std_apogee ops_std standard_apogee 0 0 0.0 0.0 -999 ""
FIBERMAP 1009 R-13C2 BOSS 0 0 0 1 0 0 -139.69844130050726 -241.24434311615343 143.1 -147.39853956355486 -236.58943062093994 196.2305 60.28652 -999.0 -999.0 -999.0 -999.0 -999.0 189.6574123243482 25.08623965798049 189.65896514862675 24.94132037912319 61.78842918266641 262.0124868024558 -999.0 5400.0 -999.0 1 341 {-999.0 -999.0 -999.0 -999.0 -999.0} "" -999.0 -999.0 -999.0 -999.0 -999 -999 "" "" "" "" 0 0 0.0 0.0 -999 ""
FIBERMAP 1009 R-13C2 METROLOGY 0 0 0 1 0 0 -139.1566971099221 -241.7638201228461 143.1 -146.87388876492125 -237.1260739729661 196.2305 60.28652 -999.0 -999.0 -999.0 -999.0 -999.0 189.66008511438278 25.083852299680434 189.661603631572 24.93892201662847 61.7896771184535 262.00582454393384 -999.0 6231.0 -999.0 -1 -999 {-999.0 -999.0 -999.0 -999.0 -999.0} "" -999.0 -999.0 -999.0 -999.0 -999 -999 "" "" "" "" 0 0 0.0 0.0 -999 ""
FIBERMAP 1011 R+6C3 APOGEE 0 0 0 1 0 0 -195.0564903792104 115.17498239841795 143.1 -191.2210629153378 121.39949277279756 201.70007 97.172966 -999.0 -999.0 -999.0 -999.0 -999.0 189.42348685915238 26.7047307681216 189.42462801019008 26.559369014419616 62.195603726705556 265.37784309203425 -999.0 16600.0 -999.0 2 126 {-999.0 -999.0 -999.0 -999.0 -999.0} "" -999.0 -999.0 -999.0 -999.0 -999 -999 "" "" "" "" 0 0 0.0 0.0 -999 ""
FIBERMAP 1011 R+6C3 BOSS 1 1 0 1 0 0 -195.4137244713596 115.82024461966043 143.1 -191.5572567090295 122.05589057260082 201.70007 97.172966 189.42163783933447 26.707639584746552 -0.7188925 1.1398879 -0.29239446 189.4216384744926 26.707660767905306 189.42289413212097 26.562335510914572 62.19518638448732 265.38496339519503 5400.0 5400.0 2016.0 1 27 {-999.0 18.692528 18.245394 17.898655 17.573685} sdss_psfmag_from_gdr3 17.321186 18.580002 16.195915 14.03 63050395173413500 1059422624 dark_flexible_2x1 bhm_spiders_agn_gaiadr3 bhm_spiders science 0 0 0.0 0.0 -999 ""
FIBERMAP 1011 R+6C3 METROLOGY 0 0 0 1 0 0 -194.66724256180106 115.82071091520298 143.1 -190.8112138930833 122.03226720353902 201.70007 97.172966 -999.0 -999.0 -999.0 -999.0 -999.0 189.42543429452007 26.707601499314563 189.42665222723576 26.562266661247865 62.198312206175125 265.38230879753337 -999.0 6231.0 -999.0 -1 -999 {-999.0 -999.0 -999.0 -999.0 -999.0} "" -999.0 -999.0 -999.0 -999.0 -999 -999 "" "" "" "" 0 0 0.0 0.0 -999 ""
FIBERMAP 1012 R+1C12 APOGEE 0 0 0 1 0 0 -48.54080529107712 13.077406745050244 143.1 -48.08925916647513 14.635889200522328 224.45753 93.06225 -999.0 -999.0 -999.0 -999.0 -999.0 190.1494809760262 26.223869064774263 190.14973089036494 26.078822320527053 62.63100187540677 263.9072033382303 -999.0 16600.0 -999.0 2 -999 {-999.0 -999.0 -999.0 -999.0 -999.0} "" -999.0 -999.0 -999.0 -999.0 -999 -999 "" "" "" "" 0 0 0.0 0.0 -999 ""
FIBERMAP 1012 R+1C12 BOSS 1 1 0 1 0 0 -49.11086813952628 13.58378644550146 143.1 -48.64263405185889 15.160357073017588 224.45753 93.06225 190.14652153585442 26.22622949751479 0.030652735 -0.096799046 0.1922032 190.14652854407157 26.226223616015005 190.1468914379211 26.08121407491707 62.62950121133021 263.91407249643464 5400.0 5400.0 2016.0 1 22 {-999.0 19.1199 19.038067 18.836864 18.901875} sdss_psfmag 18.660635 18.523846 18.183784 -999.0 63050395173399460 1128956160 dark_1x4 bhm_aqmes_wide1 bhm_aqmes science 0 0 0.0 0.0 -999 ""
FIBERMAP 1012 R+1C12 METROLOGY 0 0 0 1 0 0 -48.394246216721235 13.808968374877654 143.1 -47.919181359747945 15.36227622448821 224.45753 93.06225 -999.0 -999.0 -999.0 -999.0 -999.0 190.1502364991306 26.227158276597347 190.15056240579588 26.08213876620516 62.632908329767915 263.91332598671505 -999.0 6231.0 -999.0 -1 -999 {-999.0 -999.0 -999.0 -999.0 -999.0} "" -999.0 -999.0 -999.0 -999.0 -999 -999 "" "" "" "" 0 0 0.0 0.0 -999 ""
FIBERMAP 1013 R+10C15 APOGEE 0 0 0 1 0 0 144.96522208890013 188.84041247531803 143.1 150.97101256888774 184.0474193353576 324.91895 126.16808 -999.0 -999.0 -999.0 -999.0 -999.0 191.16163375708322 26.988903514461455 191.16000756079472 26.844043537078086 63.74831020518136 264.78071765073287 -999.0 16600.0 -999.0 2 68 {-999.0 -999.0 -999.0 -999.0 -999.0} "" -999.0 -999.0 -999.0 -999.0 -999 -999 "" "" "" "" 0 0 0.0 0.0 -999 ""
FIBERMAP 1013 R+10C15 BOSS 1 1 0 1 0 0 145.00752496837444 188.10060366574788 143.1 150.9894156760086 183.30669547012488 324.91895 126.16808 191.16165729053495 26.98556699795177 -6.4258313 -9.009476 0.1765637 191.16164153025463 26.98555992220354 191.16012293574727 26.84073542049503 63.747264715472475 264.77361820096763 5400.0 5400.0 2016.0 1 228 {-999.0 18.174932 17.958494 17.79444 -999.0} sdss_psfmag 18.158335 17.894056 17.508142 -999.0 63050395173402331 976171260 "" ops_std_boss ops_std standard_boss 0 0 0.0 0.0 -999 ""
FIBERMAP 1013 R+10C15 METROLOGY 0 0 0 1 0 0 144.33902670682943 188.4230135234901 143.1 150.33172845541768 183.65048198744262 324.91895 126.16808 -999.0 -999.0 -999.0 -999.0 -999.0 191.15833985245388 26.98714739289881 191.1567954878451 26.84231150963981 63.74502251446717 264.77927943454256 -999.0 6231.0 -999.0 -1 -999 {-999.0 -999.0 -999.0 -999.0 -999.0} "" -999.0 -999.0 -999.0 -999.0 -999 -999 "" "" "" "" 0 0 0.0 0.0 -999 ""
FIBERMAP 1016 R+1C16 APOGEE 0 0 0 1 0 0 63.23382887796752 16.678874602885713 143.1 63.7335954099365 14.628137222752695 275.19305 165.60065 -999.0 -999.0 -999.0 -999.0 -999.0 190.7172679749143 26.223481657929714 190.71667517260994 26.078621948031667 63.10478449903587 263.49790301355347 -999.0 16600.0 -999.0 2 51 {-999.0 -999.0 -999.0 -999.0 -999.0} "" -999.0 -999.0 -999.0 -999.0 -999 -999 "" "" "" "" 0 0 0.0 0.0 -999 ""
FIBERMAP 1016 R+1C16 BOSS 1 1 0 1 0 0 63.13148097088699 15.944418519034615 143.1 63.607608467878435 13.897430787044836 275.19305 165.60065 190.71655143851947 26.2201278707066 -1.6533283 -0.5416074 1.4599953 190.71654947401888 26.22012492556864 190.71606659863448 26.07530371166448 63.10305769131962 263.49152385697585 5400.0 5400.0 2016.0 1 190 {-999.0 21.09351 20.783234 20.381287 20.106579} sdss_fiber2mag_from_lsdr10 20.06601 20.234726 19.091026 -999.0 63050395173399680 1059139566 dark_flexible_2x2 bhm_spiders_agn_lsdr10 bhm_spiders science 0 0 0.0 0.0 -999 ""
FIBERMAP 1016 R+1C16 METROLOGY 0 0 0 1 0 0 62.53405129936689 16.397795879581526 143.1 63.02517299412691 14.369811707355725 275.19305 165.60065 -999.0 -999.0 -999.0 -999.0 -999.0 190.7136240661903 26.222293856918643 190.71311412374996 26.07746040832474 63.10138289701874 263.4981104953471 -999.0 6231.0 -999.0 -1 -999 {-999.0 -999.0 -999.0 -999.0 -999.0} "" -999.0 -999.0 -999.0 -999.0 -999 -999 "" "" "" "" 0 0 0.0 0.0 -999 ""
FIBERMAP 1017 R+5C18 APOGEE 0 0 0 1 0 0 165.0690539887144 107.30790444577929 143.1 168.43151500953232 101.9157519882481 104.81421 16.436325 -999.0 -999.0 -999.0 -999.0 -999.0 191.24908175830436 26.617143815111685 191.24750641954415 26.47239188259875 63.69104542702203 263.93274743703955 -999.0 16600.0 -999.0 2 70 {-999.0 -999.0 -999.0 -999.0 -999.0} "" -999.0 -999.0 -999.0 -999.0 -999 -999 "" "" "" "" 0 0 0.0 0.0 -999 ""
FIBERMAP 1017 R+5C18 BOSS 1 1 0 1 0 0 165.31156263139493 106.62793670209574 143.1 168.65193318363887 101.22837203321005 104.81421 16.436325 191.250133710207 26.614058680545362 -2.743086 -13.00781 0.14675695 191.2501255191262 26.614009673745024 191.24865555391625 26.469294832871302 63.69090057120734 263.92539160589877 5400.0 5400.0 2016.0 1 209 {-999.0 16.67399 16.267298 16.07877 -999.0} sdss_psfmag 16.602009 16.264309 15.745895 14.803 63050395173401999 1071828794 dark_flexible_2x1 mwm_halo_mp_xp_boss mwm_halo science 0 0 0.0 0.0 -999 ""
FIBERMAP 1017 R+5C18 METROLOGY 0 0 0 1 0 0 164.57989538366962 106.74487584600104 143.1 167.9244847546181 101.36885133787104 104.81421 16.436325 -999.0 -999.0 -999.0 -999.0 -999.0 191.24647643980964 26.61468576146855 191.24498176608483 26.4699592234694 63.68806591103446 263.9294410084714 -999.0 6231.0 -999.0 -1 -999 {-999.0 -999.0 -999.0 -999.0 -999.0} "" -999.0 -999.0 -999.0 -999.0 -999 -999 "" "" "" "" 0 0 0.0 0.0 -999 ""
FIBERMAP 1018 R-1C8 APOGEE 0 0 0 1 0 0 -136.3067407728079 -16.81294805456817 143.1 -136.7663781671234 -12.404026135161557 168.39035 117.33363 -999.0 -999.0 -999.0 -999.0 -999.0 189.7009071167031 26.099478722942646 189.70187470555857 25.95432037959977 62.210898665900345 263.97546860246223 -999.0 16600.0 -999.0 2 -999 {-999.0 -999.0 -999.0 -999.0 -999.0} "" -999.0 -999.0 -999.0 -999.0 -999 -999 "" "" "" "" 0 0 0.0 0.0 -999 ""
FIBERMAP 1018 R-1C8 BOSS 1 1 0 1 0 0 -136.51374211788084 -16.101713414494068 143.1 -136.95030164548137 -11.686544145725037 168.39035 117.33363 189.69979954799965 26.102700448433232 -999.0 -999.0 -999.0 189.69978556508642 26.102693353240145 189.70086486115247 25.957573567671044 62.21124946068964 263.9826739738261 5400.0 5400.0 2016.0 1 482 {-999.0 21.755808 20.468933 20.031519 19.746603} sdss_fiber2mag_from_lsdr10 20.643253 21.16753 18.786339 -999.0 63050395173411865 1059138374 dark_flexible_2x2 bhm_spiders_agn_lsdr10 bhm_spiders science 0 0 0.0 0.0 -999 ""
FIBERMAP 1018 R-1C8 METROLOGY 0 0 0 1 0 0 -135.7886261556116 -16.276087528957156 143.1 -136.23125397429845 -11.884212065343705 168.39035 117.33363 -999.0 -999.0 -999.0 -999.0 -999.0 189.70346333181283 26.101821571871092 189.70450596742762 25.956691842677365 62.21397038580477 263.97833496809466 -999.0 6231.0 -999.0 -1 -999 {-999.0 -999.0 -999.0 -999.0 -999.0} "" -999.0 -999.0 -999.0 -999.0 -999 -999 "" "" "" "" 0 0 0.0 0.0 -999 ""
FIBERMAP 1019 R+3C24 APOGEE 0 0 0 1 0 0 240.39074930609553 43.88958126217714 143.1 241.6608423651545 36.10533850440903 298.4523 13.673959 -999.0 -999.0 -999.0 -999.0 -999.0 191.6148656888318 26.31530319726816 191.61289639016195 26.17075074684358 63.887036642506416 263.027563904906 -999.0 16600.0 -999.0 2 84 {-999.0 -999.0 -999.0 -999.0 -999.0} "" -999.0 -999.0 -999.0 -999.0 -999 -999 "" "" "" "" 0 0 0.0 0.0 -999 ""
FIBERMAP 1019 R+3C24 BOSS 1 1 0 1 0 0 239.89679498119415 44.439324364677844 143.1 241.18492906154933 36.6706873339006 298.4523 13.673959 191.6123816665959 26.31786723745436 -999.0 -999.0 -999.0 191.61243925008472 26.31785471331434 191.6105760138804 26.173337601458094 63.886050580513256 263.0347686122041 5400.0 5400.0 2016.0 1 246 {-999.0 21.986538 20.78152 20.044653 -999.0} sdss_psfmag -999.0 -999.0 -999.0 -999.0 63050399058571800 1128082026 dark_flexible_3x1 bhm_csc_boss_d3 bhm_csc science 0 0 0.0 0.0 -999 ""
FIBERMAP 1019 R+3C24 METROLOGY 0 0 0 1 0 0 240.62126971055062 44.59843209674861 143.1 241.9140975321461 36.80631907160422 298.4523 13.673959 -999.0 -999.0 -999.0 -999.0 -999.0 191.61610413959013 26.318439994282027 191.61420574545014 26.173913737612857 63.88929193189364 263.03326636450083 -999.0 6231.0 -999.0 -1 -999 {-999.0 -999.0 -999.0 -999.0 -999.0} "" -999.0 -999.0 -999.0 -999.0 -999 -999 "" "" "" "" 0 0 0.0 0.0 -999 ""
FIBERMAP 1025 R-7C7 APOGEE 1 1 0 1 0 0 -62.62831543574606 -123.94893682245664 143.1 -66.59011412926877 -121.85247922712706 85.82145 58.377422 190.05746748260304 25.602850286783386 23.595615 5.2343016 5.663159 190.05755913857973 25.602847581808433 190.05821075062977 25.4578995950333 62.32228842820324 262.7277796493555 16000.0 16600.0 2016.0 2 294 {-999.0 10.432175 10.05769 9.942042 -999.0} sdss_psfmag_from_g3xp 10.375037 10.076925 9.615369 8.84 63050395173373718 1103713398 bright_1x1 mwm_tess_2min_apogee mwm_planet science 0 0 0.0 0.0 -999 ""
FIBERMAP 1025 R-7C7 BOSS 0 0 0 1 0 0 -62.02156702424234 -124.3693606669919 143.1 -65.99730215677778 -122.29222740038833 85.82145 58.377422 -999.0 -999.0 -999.0 -999.0 -999.0 190.0604150227356 25.60076403917741 190.06117298997424 25.455858396662585 62.3239777656176 262.7215153095289 -999.0 5400.0 -999.0 1 410 {-999.0 -999.0 -999.0 -999.0 -999.0} "" -999.0 -999.0 -999.0 -999.0 -999 -999 "" "" "" "" 0 0 0.0 0.0 -999 ""
FIBERMAP 1025 R-7C7 METROLOGY 0 0 0 1 0 0 -62.69689945556297 -124.69362358718946 143.1 -66.68268787486849 -122.59449969879513 85.82145 58.377422 -999.0 -999.0 -999.0 -999.0 -999.0 190.0570035425741 25.599412375254236 190.0577359854317 25.45449432641476 62.32058862254689 262.7213607309798 -999.0 6231.0 -999.0 -1 -999 {-999.0 -999.0 -999.0 -999.0 -999.0} "" -999.0 -999.0 -999.0 -999.0 -999 -999 "" "" "" "" 0 0 0.0 0.0 -999 ""
FIBERMAP 1028 R+9C8 APOGEE 0 0 0 1 0 0 -41.24116528297356 166.40454904926204 143.1 -35.84610904529546 167.6341876548027 212.01266 133.81573 -999.0 -999.0 -999.0 -999.0 -999.0 190.21132555257824 26.918936032596065 190.21118014710055 26.77376695036575 62.92921179891866 265.2848337247105 -999.0 16600.0 -999.0 2 2 {-999.0 -999.0 -999.0 -999.0 -999.0} "" -999.0 -999.0 -999.0 -999.0 -999 -999 "" "" "" "" 0 0 0.0 0.0 -999 ""
FIBERMAP 1028 R+9C8 BOSS 1 1 0 1 0 0 -41.95225921787142 166.60527845205624 143.1 -36.55029272014412 167.85774233032444 212.01266 133.81573 190.2072697613597 26.919976931606342 -13.282786 -11.553845 0.52765274 190.20761484875834 26.9199578335886 190.20758443533987 26.774823363084018 62.926562705738846 265.28944470741476 5400.0 5400.0 2016.0 1 124 {-999.0 15.872931 15.457937 15.32125 -999.0} sdss_psfmag 15.799101 15.480139 14.994133 14.105 63050395173412976 1074449560 dark_flexible_2x1 mwm_halo_local_high_boss mwm_halo science 0 0 1.3094767332077026 0.0 -999 ""
FIBERMAP 1028 R+9C8 METROLOGY 0 0 0 1 0 0 -41.42167167682666 167.12544593767984 143.1 -36.00324188525289 168.3604710076914 212.01266 133.81573 -999.0 -999.0 -999.0 -999.0 -999.0 190.21043617770056 26.9222344418408 190.21036934962387 26.777090195152873 62.92967807364113 265.2922368165624 -999.0 6231.0 -999.0 -1 -999 {-999.0 -999.0 -999.0 -999.0 -999.0} "" -999.0 -999.0 -999.0 -999.0 -999 -999 "" "" "" "" 0 0 0.0 0.0 -999 ""
FIBERMAP 1032 R+2C8 APOGEE 0 0 0 1 0 0 -113.06824298913656 30.633292849290207 143.1 -112.01090187925624 34.26343056549098 201.46404 163.34549 -999.0 -999.0 -999.0 -999.0 -999.0 189.82507408699936 26.31231115442394 189.82576960755034 26.167146272306308 62.39212995395859 264.314525057297 -999.0 16600.0 -999.0 2 -999 {-999.0 -999.0 -999.0 -999.0 -999.0} "" -999.0 -999.0 -999.0 -999.0 -999 -999 "" "" "" "" 0 0 0.0 0.0 -999 ""
FIBERMAP 1032 R+2C8 BOSS 1 1 0 1 0 0 -113.8174026833149 30.56646242532735 143.1 -112.76176245757145 34.22081659401457 201.46404 163.34549 189.8210844766784 26.312075765332526 -999.0 -999.0 -999.0 189.821103765487 26.312077758327185 189.82191629045974 26.1669503744685 62.38883484775234 264.316830101896 5400.0 5400.0 2016.0 1 44 {-999.0 21.392155 21.09071 20.959402 20.85875} sdss_psfmag_from_lsdr10 nan nan nan -999.0 63050398333695116 1059139550 dark_flexible_2x2 bhm_spiders_agn_lsdr10 bhm_spiders science 0 0 0.0 0.0 -999 ""
FIBERMAP 1032 R+2C8 METROLOGY 0 0 0 1 0 0 -113.50150200088898 31.24070424961714 143.1 -112.42429580762585 34.88445393776798 201.46404 163.34549 -999.0 -999.0 -999.0 -999.0 -999.0 189.82284417545142 26.31511251412036 189.823621390168 26.169974072450575 62.391355121914486 264.32171863064605 -999.0 6231.0 -999.0 -1 -999 {-999.0 -999.0 -999.0 -999.0 -999.0} "" -999.0 -999.0 -999.0 -999.0 -999 -999 "" "" "" "" 0 0 0.0 0.0 -999 ""
FIBERMAP 1034 R+13C2 APOGEE 0 0 0 1 0 0 -109.66382846365904 257.93673607193284 143.1 -101.27335164947382 261.3187256412105 37.76368 102.76742 -999.0 -999.0 -999.0 -999.0 -999.0 189.87891579140404 27.337666453860308 189.8791019481065 27.19230929282596 62.79224084133325 266.36771185878905 -999.0 16600.0 -999.0 2 113 {-999.0 -999.0 -999.0 -999.0 -999.0} "" -999.0 -999.0 -999.0 -999.0 -999 -999 "" "" "" "" 0 0 0.0 0.0 -999 ""
FIBERMAP 1034 R+13C2 BOSS 1 1 0 1 0 0 -109.09269067486348 257.45401169513997 143.1 -100.71813910743344 260.8178640121418 37.76368 102.76742 189.88162362134466 27.33540281864779 3.0774863 -4.1036386 -0.14335059 189.88161900271692 27.335421092932165 189.8819132920429 27.1901000186351 62.79386770845582 266.36133983822214 5400.0 5400.0 2016.0 1 95 {-999.0 18.194696 17.82545 17.68198 17.629505} sdss_psfmag_from_gaia 18.1592 17.8371 17.3759 16.329 63050395173419259 970843905 "" ops_std_boss_gdr2 ops_std standard_boss 0 0 0.0 0.0 -999 ""
FIBERMAP 1034 R+13C2 METROLOGY 0 0 0 1 0 0 -109.78369325303942 257.1958393129738 143.1 -101.4170526611122 260.58214772814875 37.76368 102.76742 -999.0 -999.0 -999.0 -999.0 -999.0 189.87810072066264 27.33435022518367 189.87836935626842 27.189018443461872 62.79053508581745 266.361394006214 -999.0 6231.0 -999.0 -1 -999 {-999.0 -999.0 -999.0 -999.0 -999.0} "" -999.0 -999.0 -999.0 -999.0 -999 -999 "" "" "" "" 0 0 0.0 0.0 -999 ""
FIBERMAP 1036 R0C17 APOGEE 0 0 0 1 0 0 53.30451116703427 -3.737042726102732 143.1 53.151485594265495 -5.4549350323458485 204.17781 108.015236 -999.0 -999.0 -999.0 -999.0 -999.0 190.66332255358034 26.1321388651426 190.662851861562 25.98727952178776 63.026173774391694 263.3497648921019 -999.0 16600.0 -999.0 2 47 {-999.0 -999.0 -999.0 -999.0 -999.0} "" -999.0 -999.0 -999.0 -999.0 -999 -999 "" "" "" "" 0 0 0.0 0.0 -999 ""
FIBERMAP 1036 R0C17 BOSS 1 1 0 1 0 0 52.78794204034112 -3.1889435407221067 143.1 52.652918197049786 -4.890499327789874 204.17781 108.015236 190.66078798064999 26.134817278115563 -17.406668 -64.26196 3.1050591 190.66072610936945 26.134674112012494 190.6603655685609 25.989851788798223 63.02504787766977 263.35685529023374 5400.0 5400.0 2016.0 1 181 {-999.0 20.228981 19.986773 20.003277 -999.0} sdss_psfmag 20.253843 19.999037 19.752754 -999.0 63050395173399535 1143500587 dark_1x3 mwm_wd_pwd_boss_1x3 mwm_wd science 0 0 0.0 0.0 -999 ""
FIBERMAP 1036 R0C17 METROLOGY 0 0 0 1 0 0 53.53468154671364 -3.0202074502974976 143.1 53.40464861172867 -4.745963585962851 204.17781 108.015236 -999.0 -999.0 -999.0 -999.0 -999.0 190.66456510074715 26.135335769409227 190.66416810936698 25.990503721992123 63.02846482134315 263.35540596161053 -999.0 6231.0 -999.0 -1 -999 {-999.0 -999.0 -999.0 -999.0 -999.0} "" -999.0 -999.0 -999.0 -999.0 -999 -999 "" "" "" "" 0 0 0.0 0.0 -999 ""
FIBERMAP 1037 R+4C11 APOGEE 0 0 0 1 0 0 -16.524172361760062 61.881617904344075 143.1 -14.517165688932028 62.37721476196804 318.31653 86.65162 -999.0 -999.0 -999.0 -999.0 -999.0 190.3199300824702 26.441430848239985 190.31983061072128 26.29639407535719 62.85210140715755 264.22921817752774 -999.0 16600.0 -999.0 2 -999 {-999.0 -999.0 -999.0 -999.0 -999.0} "" -999.0 -999.0 -999.0 -999.0 -999 -999 "" "" "" "" 0 0 0.0 0.0 -999 ""
FIBERMAP 1037 R+4C11 BOSS 1 1 0 1 0 0 -17.032254782626065 61.34042588084697 143.1 -15.042403568582163 61.85274808495917 318.31653 86.65162 190.31674430741535 26.43907448276126 -24.144104 -16.742626 0.54990274 190.3171401310512 26.439038740181626 190.31715493778108 26.294039209682225 62.84901653198702 264.2262917570606 5400.0 5400.0 2016.0 1 113 {-999.0 15.21023 14.807847 14.681556 -999.0} sdss_psfmag_from_g3xp 15.137309 14.828451 14.350312 13.567 63050395173412486 1074261709 dark_flexible_2x1 mwm_halo_local_high_boss mwm_halo science 0 0 1.520524024963379 0.0 -999 ""
FIBERMAP 1037 R+4C11 METROLOGY 0 0 0 1 0 0 -17.249704991815634 62.055584519636945 143.1 -15.236642924632754 62.57448887642711 318.31653 86.65162 -999.0 -999.0 -999.0 -999.0 -999.0 190.31618458678815 26.442327972194125 190.316168471963 26.29731678011673 62.84936915799794 264.2336907815417 -999.0 6231.0 -999.0 -1 -999 {-999.0 -999.0 -999.0 -999.0 -999.0} "" -999.0 -999.0 -999.0 -999.0 -999 -999 "" "" "" "" 0 0 0.0 0.0 -999 ""
FIBERMAP 1039 R-1C4 APOGEE 0 0 0 1 0 0 -227.59525648151674 -7.762575499314723 143.1 -227.70729569959374 -0.41322909903681393 182.8078 68.853226 -999.0 -999.0 -999.0 -999.0 -999.0 189.24365908941698 26.151262333294678 189.24528456318933 26.005963361940154 61.84783884525424 264.39827804895793 -999.0 16600.0 -999.0 2 -999 {-999.0 -999.0 -999.0 -999.0 -999.0} "" -999.0 -999.0 -999.0 -999.0 -999 -999 "" "" "" "" 0 0 0.0 0.0 -999 ""
FIBERMAP 1039 R-1C4 BOSS 1 1 0 1 0 0 -227.36665087594025 -7.049112019839351 143.1 -227.45580531398153 0.2924230984533512 182.8078 68.853226 189.2447414465896 26.154447471424174 0.029861078 -0.21203877 0.09347395 189.24473010454645 26.15443030356426 189.24646602235475 26.009170824771115 61.84999702342615 264.40378788008155 5400.0 5400.0 2016.0 1 432 {-999.0 18.306038 18.085232 17.894909 18.0097} sdss_psfmag 18.149023 17.90192 17.44415 15.903 63050395173387626 1128956120 dark_1x4 bhm_aqmes_wide1 bhm_aqmes science 0 0 0.0 0.0 -999 ""
FIBERMAP 1039 R-1C4 METROLOGY 0 0 0 1 0 0 -226.8644468787304 -7.612311381884595 143.1 -226.9720815978464 -0.2866400255787183 182.8078 68.853226 -999.0 -999.0 -999.0 -999.0 -999.0 189.24721145165276 26.151835159349 189.24891257283036 26.006565602529985 61.85109460254341 264.3969465172663 -999.0 6231.0 -999.0 -1 -999 {-999.0 -999.0 -999.0 -999.0 -999.0} "" -999.0 -999.0 -999.0 -999.0 -999 -999 "" "" "" "" 0 0 0.0 0.0 -999 ""
FIBERMAP 1040 R+5C11 APOGEE 0 0 0 1 0 0 -3.2656920829287612 97.91272090613276 143.1 -0.1040080740286687 97.95853889189112 307.5037 161.4553 -999.0 -999.0 -999.0 -999.0 -999.0 190.3933193005724 26.603259047329434 190.3930376938515 26.45821305759659 62.971145354626685 264.5097231512993 -999.0 16600.0 -999.0 2 20 {-999.0 -999.0 -999.0 -999.0 -999.0} "" -999.0 -999.0 -999.0 -999.0 -999 -999 "" "" "" "" 0 0 0.0 0.0 -999 ""
FIBERMAP 1040 R+5C11 BOSS 1 1 0 1 0 0 -3.0320897874679957 97.19953748040354 143.1 0.10643728297082446 97.23825087512401 307.5037 161.4553 190.39428409366226 26.600048852865307 -3.4252744 -19.256266 0.26848468 190.39428036627487 26.5999963676821 190.39410759800592 26.454988342450154 62.970896671841416 264.50234097888546 5400.0 5400.0 2016.0 1 137 {-999.0 16.580679 16.256426 16.082169 -999.0} sdss_psfmag 16.55768 16.251976 15.786548 15.129 63050395173412622 980926800 "" ops_std_boss_tic ops_std standard_boss 0 0 0.0 0.0 -999 ""
FIBERMAP 1040 R+5C11 METROLOGY 0 0 0 1 0 0 -3.7613177806752693 97.34709359245304 143.1 -0.6175853491484314 97.40924980523707 307.5037 161.4553 -999.0 -999.0 -999.0 -999.0 -999.0 190.39062499297353 26.60077615119306 190.3904265503527 26.455756291364814 62.96808808748666 264.50649407164184 -999.0 6231.0 -999.0 -1 -999 {-999.0 -999.0 -999.0 -999.0 -999.0} "" -999.0 -999.0 -999.0 -999.0 -999 -999 "" "" "" "" 0 0 0.0 0.0 -999 ""
FIBERMAP 1044 R+13C10 APOGEE 0 0 0 1 0 0 76.08325453328784 254.15151598037562 143.1 84.23857626293321 251.54164807041795 60.323288 48.403477 -999.0 -999.0 -999.0 -999.0 -999.0 190.82298038416377 27.294497673767406 190.82172615881018 27.149455371753888 63.56868088926096 265.65897617928 -999.0 16600.0 -999.0 2 50 {-999.0 -999.0 -999.0 -999.0 -999.0} "" -999.0 -999.0 -999.0 -999.0 -999 -999 "" "" "" "" 0 0 0.0 0.0 -999 ""
FIBERMAP 1044 R+13C10 BOSS 1 1 0 1 0 0 76.34506369126706 253.45135609822134 143.1 84.4776315989891 250.83346542308777 60.323288 48.403477 190.8240997200754 27.291320050220502 -999.0 -999.0 -999.0 190.82409443344721 27.29130426891516 190.82294752497023 27.14629700930902 63.56864740431098 265.6514727733959 5400.0 5400.0 2016.0 1 164 {-999.0 21.417952 20.226925 19.764357 19.416868} sdss_fiber2mag_from_lsdr10 20.16306 21.374395 18.386595 16.458 63050395173415315 1058179883 dark_flexible_2x2 bhm_spiders_clusters_lsdr10 bhm_spiders science 0 0 0.0 0.0 -999 ""
FIBERMAP 1044 R+13C10 METROLOGY 0 0 0 1 0 0 75.60476710882806 253.57235055551214 143.1 83.74168995231824 250.97827604734874 60.323288 48.403477 -999.0 -999.0 -999.0 -999.0 -999.0 190.8203825184576 27.291984438978382 190.81921055325085 27.146966119421574 63.56573816263623 265.65539069716453 -999.0 6231.0 -999.0 -1 -999 {-999.0 -999.0 -999.0 -999.0 -999.0} "" -999.0 -999.0 -999.0 -999.0 -999 -999 "" "" "" "" 0 0 0.0 0.0 -999 ""
FIBERMAP 1046 R+5C21 APOGEE 0 0 0 1 0 0 210.5934795206403 111.40199717604462 143.1 214.060363220577 104.53825577563383 109.30288 105.11083 -999.0 -999.0 -999.0 -999.0 -999.0 191.47879938262682 26.626530036705184 191.47687427434755 26.481861678296656 63.88619280844834 263.7867299683284 -999.0 16600.0 -999.0 2 -999 {-999.0 -999.0 -999.0 -999.0 -999.0} "" -999.0 -999.0 -999.0 -999.0 -999 -999 "" "" "" "" 0 0 0.0 0.0 -999 ""
FIBERMAP 1046 R+5C21 BOSS 1 1 0 1 0 0 211.18700772797953 111.83616636075698 143.1 214.66754121784024 104.95300734149393 109.30288 105.11083 191.48179736152466 26.62836171238157 0.29058668 -0.26362723 0.252924 191.48177968466462 26.628344430010415 191.47995365337943 26.48371260785635 63.889428554538625 263.7884192954787 5400.0 5400.0 2016.0 1 237 {-999.0 19.3708 19.129635 19.111761 19.138824} sdss_psfmag_from_lsdr10 19.250778 19.157637 18.762789 -999.0 63050395173401131 1059141697 dark_flexible_2x2 bhm_spiders_agn_lsdr10 bhm_spiders science 0 0 0.0 0.0 -999 ""
FIBERMAP 1046 R+5C21 METROLOGY 0 0 0 1 0 0 211.27335595047302 111.09470249553473 143.1 214.72990946232312 104.20920806011108 109.30288 105.11083 -999.0 -999.0 -999.0 -999.0 -999.0 191.48210056791493 26.624986101304835 191.48024615016755 26.480344958402906 63.88846930066694 263.78106040190494 -999.0 6231.0 -999.0 -1 -999 {-999.0 -999.0 -999.0 -999.0 -999.0} "" -999.0 -999.0 -999.0 -999.0 -999 -999 "" "" "" "" 0 0 0.0 0.0 -999 ""
FIBERMAP 1051 R-5C20 APOGEE 0 0 0 1 0 0 175.74706601376312 -103.26777982671496 143.1 172.30763789069047 -108.87640852805977 222.33852 96.35065 -999.0 -999.0 -999.0 -999.0 -999.0 191.26094466773407 25.66036468964374 191.25982395101266 25.515814484649564 63.34591903062244 261.9317326884292 -999.0 16600.0 -999.0 2 233 {-999.0 -999.0 -999.0 -999.0 -999.0} "" -999.0 -999.0 -999.0 -999.0 -999 -999 "" "" "" "" 0 0 0.0 0.0 -999 ""
FIBERMAP 1051 R-5C20 BOSS 1 1 0 1 0 0 175.16160591901536 -102.80717943791723 143.1 171.73739780280127 -108.39719523862256 222.33852 96.35065 191.25809632111114 25.662494116488727 -13.80588 -9.179008 0.06807127 191.2580579489736 25.66247600517826 191.25704520635304 25.51796386377951 63.34443493093351 261.93830975441944 5400.0 5400.0 2016.0 1 278 {-999.0 17.090055 16.76894 16.67268 -999.0} sdss_psfmag 17.046535 16.769032 16.333347 15.491 63050395173395128 980434702 "" ops_std_boss_tic ops_std standard_boss 0 0 0.0 0.0 -999 ""
FIBERMAP 1051 R-5C20 METROLOGY 0 0 0 1 0 0 175.8516144723661 -102.52516950273018 143.1 172.43608718731406 -108.13762382606266 222.33852 96.35065 -999.0 -999.0 -999.0 -999.0 -999.0 191.26158897655282 25.663657836143063 191.26054081600205 25.51913553269726 63.347797334305625 261.9380062040956 -999.0 6231.0 -999.0 -1 -999 {-999.0 -999.0 -999.0 -999.0 -999.0} "" -999.0 -999.0 -999.0 -999.0 -999 -999 "" "" "" "" 0 0 0.0 0.0 -999 ""
FIBERMAP 1054 R-2C7 APOGEE 0 0 0 1 0 0 -140.97864903850981 -28.35761045683001 143.1 -141.8079967507055 -23.79090000502141 114.65065 123.896866 -999.0 -999.0 -999.0 -999.0 -999.0 189.6757919836356 26.047593031583965 189.67681783621413 25.90243791314716 62.17084542634971 263.88985368250235 -999.0 16600.0 -999.0 2 255 {-999.0 -999.0 -999.0 -999.0 -999.0} "" -999.0 -999.0 -999.0 -999.0 -999 -999 "" "" "" "" 0 0 0.0 0.0 -999 ""
FIBERMAP 1054 R-2C7 BOSS 1 1 0 1 0 0 -140.57886339648425 -27.73095886749931 143.1 -141.3882319377072 -23.17753095718499 114.65065 123.896866 189.6777277304386 26.050354062344418 -0.3106931 -0.20825247 -0.06609116 189.67771649898575 26.05034124447418 189.67884980637814 25.90522589314507 62.17357267198406 263.89396077794396 5400.0 5400.0 2016.0 1 471 {-999.0 20.161005 19.605604 19.191324 18.899292} sdss_fiber2mag_from_lsdr10 19.268513 19.985188 18.032011 16.255 63050395173386549 1059138373 dark_flexible_2x2 bhm_spiders_agn_lsdr10 bhm_spiders science 0 0 0.0 0.0 -999 ""
FIBERMAP 1054 R-2C7 METROLOGY 0 0 0 1 0 0 -140.23510947794014 -28.392294087380428 143.1 -141.06602880110222 -23.84955696460931 114.65065 123.896866 -999.0 -999.0 -999.0 -999.0 -999.0 189.6794042018126 26.047304969648277 189.68050466701925 25.90217947460486 62.173832661124756 263.8867184203076 -999.0 6231.0 -999.0 -1 -999 {-999.0 -999.0 -999.0 -999.0 -999.0} "" -999.0 -999.0 -999.0 -999.0 -999 -999 "" "" "" "" 0 0 0.0 0.0 -999 ""
FIBERMAP 1056 R-6C9 APOGEE 0 0 0 1 0 0 -45.652321001681905 -133.0327886256669 143.1 -49.91758835578099 -131.47862929593808 293.60825 90.3529 -999.0 -999.0 -999.0 -999.0 -999.0 190.14173101294566 25.55923807754751 190.14227921270333 25.414325544682903 62.37568444904058 262.57831656322077 -999.0 16600.0 -999.0 2 -999 {-999.0 -999.0 -999.0 -999.0 -999.0} "" -999.0 -999.0 -999.0 -999.0 -999 -999 "" "" "" "" 0 0 0.0 0.0 -999 ""
FIBERMAP 1056 R-6C9 BOSS 1 1 0 1 0 0 -46.32791613684106 -133.3418621791807 143.1 -50.60274644868823 -131.765712990901 293.60825 90.3529 190.13815086899857 25.557854456706888 -999.0 -999.0 -999.0 190.13815066680675 25.557841646131752 190.13881393293263 25.412969368857908 62.372273664983965 262.5782112287424 5400.0 5400.0 2016.0 1 399 {-999.0 22.73257 21.931889 21.417831 21.016138} sdss_fiber2mag_from_lsdr10 nan nan nan -999.0 63050398343582767 1059136060 dark_flexible_2x2 bhm_spiders_agn_lsdr10 bhm_spiders science 0 0 0.0 0.0 -999 ""
FIBERMAP 1056 R-6C9 METROLOGY 0 0 0 1 0 0 -46.25788972616979 -132.59695780937014 143.1 -50.508724167513975 -131.02352159328524 293.60825 90.3529 -999.0 -999.0 -999.0 -999.0 -999.0 190.13864917665904 25.56122771682867 190.13927929382692 25.4163432418767 62.37395848369042 262.58457972588417 -999.0 6231.0 -999.0 -1 -999 {-999.0 -999.0 -999.0 -999.0 -999.0} "" -999.0 -999.0 -999.0 -999.0 -999 -999 "" "" "" "" 0 0 0.0 0.0 -999 ""
FIBERMAP 1058 R-4C23 APOGEE 0 0 0 1 0 0 264.5899053189151 -80.38238839883283 143.1 261.8349515403529 -88.87194719419601 31.575409 70.79677 -999.0 -999.0 -999.0 -999.0 -999.0 191.7077311530237 25.749164225353756 191.70591738338408 25.604764842011267 63.75153603690087 261.7676629131235 -999.0 16600.0 -999.0 2 221 {-999.0 -999.0 -999.0 -999.0 -999.0} "" -999.0 -999.0 -999.0 -999.0 -999 -999 "" "" "" "" 0 0 0.0 0.0 -999 ""
FIBERMAP 1058 R-4C23 BOSS 1 1 0 1 0 0 264.7607237350976 -81.09698641198793 143.1 261.98260556472883 -89.5916228675461 31.575409 70.79677 191.70831217911507 25.7458603606344 1.3026417 -1.0807879 1.0965837 191.70829738416055 25.745876183153275 191.70658757267836 25.601516514219185 63.75084243304039 261.76035865941367 5400.0 5400.0 2016.0 1 252 {-999.0 20.85071 20.290047 20.144974 20.059109} sdss_psfmag_from_lsdr10 20.334072 19.99093 19.41637 -999.0 63050395173396487 1059137223 dark_flexible_2x2 bhm_spiders_agn_lsdr10 bhm_spiders science 0 0 0.0 0.0 -999 ""
FIBERMAP 1058 R-4C23 METROLOGY 0 0 0 1 0 0 264.04091145587665 -80.89480342396566 143.1 261.2697557575763 -89.36633414536551 31.575409 70.79677 -999.0 -999.0 -999.0 -999.0 -999.0 191.70482047284892 25.74692005807464 191.70308596871394 25.602547820515962 63.74832568950147 261.7652609437497 -999.0 6231.0 -999.0 -1 -999 {-999.0 -999.0 -999.0 -999.0 -999.0} "" -999.0 -999.0 -999.0 -999.0 -999 -999 "" "" "" "" 0 0 0.0 0.0 -999 ""
FIBERMAP 1063 R0C13 APOGEE 1 1 0 1 0 0 -8.638528049736125 5.343023749049823 143.1 -8.460850272980673 5.618543226220984 36.017124 102.7103 190.3507382572111 26.182929880330903 -10.122535 -5.432752 0.7880386 190.3507024491952 26.18293258980993 190.35067162879238 26.03795877806754 62.78401567064274 263.6801189280775 16000.0 16600.0 2016.0 2 292 {-999.0 11.553032 10.488021 10.09013 -999.0} sdss_psfmag_from_g3xp 11.184115 10.515307 9.730213 8.007 63050395173399849 1151940302 bright_1x1 mwm_galactic_core_dist_apogee_sparse mwm_galactic science 0 0 0.0 0.0 -999 ""
FIBERMAP 1063 R0C13 BOSS 0 0 0 1 0 0 -8.066858785695375 4.872470224287196 143.1 -7.904713818956693 5.129827893737776 36.017124 102.7103 -999.0 -999.0 -999.0 -999.0 -999.0 190.35341182624452 26.180670266612214 190.35348673915814 26.035736372203274 62.78555251765573 263.6735682511038 -999.0 5400.0 -999.0 1 430 {-999.0 -999.0 -999.0 -999.0 -999.0} "" -999.0 -999.0 -999.0 -999.0 -999 -999 "" "" "" "" 0 0 0.0 0.0 -999 ""
FIBERMAP 1063 R0C13 METROLOGY 0 0 0 1 0 0 -8.757966121277112 4.600397979164515 143.1 -8.60418062251585 4.880223583701798 36.017124 102.7103 -999.0 -999.0 -999.0 -999.0 -999.0 190.34989186727074 26.17954338683954 190.34994169037418 26.03459765286547 62.78217158347728 263.6738096903178 -999.0 6231.0 -999.0 -1 -999 {-999.0 -999.0 -999.0 -999.0 -999.0} "" -999.0 -999.0 -999.0 -999.0 -999 -999 "" "" "" "" 0 0 0.0 0.0 -999 ""
FIBERMAP 1068 R-2C8 APOGEE 0 0 0 1 0 0 -118.8220214201139 -55.11274427304268 143.1 -120.52825153192829 -51.24476318989174 278.64407 82.1491 -999.0 -999.0 -999.0 -999.0 -999.0 189.78389295875917 25.923128474815368 189.784810297415 25.77803093409163 62.21497837776067 263.5649225238411 -999.0 16600.0 -999.0 2 -999 {-999.0 -999.0 -999.0 -999.0 -999.0} "" -999.0 -999.0 -999.0 -999.0 -999 -999 "" "" "" "" 0 0 0.0 0.0 -999 ""
FIBERMAP 1068 R-2C8 BOSS 1 1 0 1 0 0 -119.5725095215544 -55.12686183890398 143.1 -121.27873863647345 -51.234653504040935 278.64407 82.1491 189.779906535557 25.923125146437297 -7.06139 -3.6216917 0.41802418 189.77993897242584 25.923101660819643 189.78097306582413 25.778043068533908 62.21177656428277 263.56770960274105 5400.0 5400.0 2016.0 1 450 {-999.0 16.51343 16.157291 16.01807 -999.0} sdss_psfmag 16.437754 16.158606 15.711681 14.899 63050395173386466 976164362 "" ops_std_boss ops_std standard_boss 0 0 0.0 0.0 -999 ""
FIBERMAP 1068 R-2C8 METROLOGY 0 0 0 1 0 0 -119.21360010089762 -54.47766308353421 143.1 -120.89909756733374 -50.59743190920833 278.64407 82.1491 -999.0 -999.0 -999.0 -999.0 -999.0 189.78187857340376 25.926019986462194 189.78287717205558 25.78094999509469 62.21445107272499 263.57212505947285 -999.0 6231.0 -999.0 -1 -999 {-999.0 -999.0 -999.0 -999.0 -999.0} "" -999.0 -999.0 -999.0 -999.0 -999 -999 "" "" "" "" 0 0 0.0 0.0 -999 ""
FIBERMAP 1069 R+11C10 APOGEE 1 1 0 1 0 0 43.16307416260007 225.98441899748155 143.1 50.42945604102429 224.45403954475262 72.946815 94.142365 190.6511131189869 27.174369502443817 -12.1548605 -9.590413 0.27622586 190.65103576495986 27.174363201424196 190.65010245299732 27.029286481488676 63.384361472556904 265.520688626828 16000.0 16600.0 2016.0 2 18 {-999.0 13.396938 12.45015 12.090065 -999.0} sdss_psfmag_from_g3xp 13.0958805 12.480019 11.73133 10.086 63050395173414841 1155706245 bright_1x1 mwm_galactic_core_dist_apogee_extra mwm_galactic science 0 0 0.0 0.0 -999 ""
FIBERMAP 1069 R+11C10 BOSS 0 0 0 1 0 0 43.88818655065262 225.83487906146104 143.1 51.14930155273338 224.28119081041538 72.946815 94.142365 -999.0 -999.0 -999.0 -999.0 -999.0 190.6546019247251 27.17357266250407 190.6537716323545 27.028531920388563 63.387182247910715 265.5166365355582 -999.0 5400.0 -999.0 1 109 {-999.0 -999.0 -999.0 -999.0 -999.0} "" -999.0 -999.0 -999.0 -999.0 -999 -999 "" "" "" "" 0 0 0.0 0.0 -999 ""
FIBERMAP 1069 R+11C10 METROLOGY 0 0 0 1 0 0 43.40511758305475 225.26965798099664 143.1 50.648286477925424 223.7319024972608 72.946815 94.142365 -999.0 -999.0 -999.0 -999.0 -999.0 190.6520796281485 27.171123315237324 190.6512237069844 27.02607241797886 63.38421455512339 265.51318318046503 -999.0 6231.0 -999.0 -1 -999 {-999.0 -999.0 -999.0 -999.0 -999.0} "" -999.0 -999.0 -999.0 -999.0 -999 -999 "" "" "" "" 0 0 0.0 0.0 -999 ""
FIBERMAP 1070 R+9C13 APOGEE 0 0 0 1 0 0 73.92762079822282 158.90547009789591 143.1 79.01061178679052 156.4231110223078 277.2868 92.102005 -999.0 -999.0 -999.0 -999.0 -999.0 190.79635432963903 26.86726705384929 190.79534222498842 26.72230264233942 63.40075114229471 264.7776260075952 -999.0 16600.0 -999.0 2 55 {-999.0 -999.0 -999.0 -999.0 -999.0} "" -999.0 -999.0 -999.0 -999.0 -999 -999 "" "" "" "" 0 0 0.0 0.0 -999 ""
FIBERMAP 1070 R+9C13 BOSS 1 1 0 1 0 0 73.19907154343764 158.79883498406144 143.1 78.27906458979565 156.3400514669626 277.2868 92.102005 190.79252371940356 26.866929158041938 0.1876393 -0.18199003 0.07496687 190.7925535943662 26.86692561478537 190.79165480512074 26.721995555178108 63.397556481468314 264.77954222074067 5400.0 5400.0 2016.0 1 152 {-999.0 19.065825 19.015636 18.896664 18.776623} sdss_psfmag_from_lsdr10 19.204575 19.015709 18.760536 -999.0 63050395173414449 1059141686 dark_flexible_2x2 bhm_spiders_agn_lsdr10 bhm_spiders science 0 0 0.0 0.0 -999 ""
FIBERMAP 1070 R+9C13 METROLOGY 0 0 0 1 0 0 73.47079433176972 159.49481847306527 143.1 78.57308183784419 157.02684289322528 277.2868 92.102005 -999.0 -999.0 -999.0 -999.0 -999.0 190.79407777130584 26.870022872425775 190.79314477778325 26.72508261000003 63.39987810698534 264.78497183096414 -999.0 6231.0 -999.0 -1 -999 {-999.0 -999.0 -999.0 -999.0 -999.0} "" -999.0 -999.0 -999.0 -999.0 -999 -999 "" "" "" "" 0 0 0.0 0.0 -999 ""
FIBERMAP 1078 R-3C9 APOGEE 0 0 0 1 0 0 -63.4851899535357 -51.89669533092527 143.1 -65.12130196750277 -49.81642073538454 47.65446 90.36895 -999.0 -999.0 -999.0 -999.0 -999.0 190.06381456313167 25.93022146434248 190.06431730889142 25.785208057554225 62.45116429050736 263.3770137766994 -999.0 16600.0 -999.0 2 245 {-999.0 -999.0 -999.0 -999.0 -999.0} "" -999.0 -999.0 -999.0 -999.0 -999 -999 "" "" "" "" 0 0 0.0 0.0 -999 ""
FIBERMAP 1078 R-3C9 BOSS 1 1 0 1 0 0 -62.92687140562431 -52.37969819148616 143.1 -64.5789098542599 -50.317146994859534 47.65446 90.36895 190.0664230174084 25.92791469609298 -0.7611097 -11.200547 0.30736533 190.06641862832166 25.927880492308926 190.06702831289283 25.782908184704542 62.452569625560095 263.3704294144407 5400.0 5400.0 2016.0 1 470 {-999.0 17.64848 17.33162 17.239567 -999.0} sdss_psfmag 17.618298 17.328947 16.928984 15.998 63050395173399223 976171217 "" ops_std_boss ops_std standard_boss 0 0 0.0 0.0 -999 ""
FIBERMAP 1078 R-3C9 METROLOGY 0 0 0 1 0 0 -63.63812605803837 -52.6072230236958 143.1 -65.2970741480554 -50.521580828560474 47.65446 90.36895 -999.0 -999.0 -999.0 -999.0 -999.0 190.06282580681395 25.92696105541276 190.0634100685745 25.781976539358475 62.44919941354627 263.3711924960029 -999.0 6231.0 -999.0 -1 -999 {-999.0 -999.0 -999.0 -999.0 -999.0} "" -999.0 -999.0 -999.0 -999.0 -999 -999 "" "" "" "" 0 0 0.0 0.0 -999 ""
FIBERMAP 1081 R-1C22 APOGEE 0 0 0 1 0 0 210.62294952227063 -10.587470291396018 143.1 210.15314822534089 -17.377947314666905 102.84241 15.0700245 -999.0 -999.0 -999.0 -999.0 -999.0 191.45507549470264 26.07425096227763 191.453465016083 25.92968746060198 63.664601549379015 262.64118207979936 -999.0 16600.0 -999.0 2 196 {-999.0 -999.0 -999.0 -999.0 -999.0} "" -999.0 -999.0 -999.0 -999.0 -999 -999 "" "" "" "" 0 0 0.0 0.0 -999 ""
FIBERMAP 1081 R-1C22 BOSS 1 1 0 1 0 0 210.972615473822 -11.244325239569065 143.1 210.48140437904468 -18.045686560620126 102.84241 15.0700245 191.45664311335753 26.071212672050656 -1.8028754 -1.631827 0.19834885 191.45663248815433 26.07116865129411 191.45512552925823 25.926644232349453 63.6648470914509 262.6335607636807 5400.0 5400.0 2016.0 1 313 {-999.0 17.102394 16.719898 16.576008 -999.0} sdss_psfmag 17.027576 16.730608 16.26612 15.495 63050395173396880 980926758 "" ops_std_boss_tic ops_std standard_boss 0 0 0.0 0.0 -999 ""
FIBERMAP 1081 R-1C22 METROLOGY 0 0 0 1 0 0 210.22302276757904 -11.224234679113547 143.1 209.73291603997174 -18.001418454729272 102.84241 15.0700245 -999.0 -999.0 -999.0 -999.0 -999.0 191.45290894660968 26.071406978691044 191.4513778110728 25.92687037983729 63.661806370252464 262.6368778186833 -999.0 6231.0 -999.0 -1 -999 {-999.0 -999.0 -999.0 -999.0 -999.0} "" -999.0 -999.0 -999.0 -999.0 -999 -999 "" "" "" "" 0 0 0.0 0.0 -999 ""
FIBERMAP 1083 R-3C10 APOGEE 0 0 0 1 0 0 -53.28744259534181 -37.03048103383901 143.1 -54.45001777330958 -35.28833758146504 151.06558 30.208937 -999.0 -999.0 -999.0 -999.0 -999.0 190.1176586304447 25.996432791535984 190.1180537427939 25.85142266657257 62.52072639553309 263.4710055173639 -999.0 16600.0 -999.0 2 -999 {-999.0 -999.0 -999.0 -999.0 -999.0} "" -999.0 -999.0 -999.0 -999.0 -999 -999 "" "" "" "" 0 0 0.0 0.0 -999 ""
FIBERMAP 1083 R-3C10 BOSS 1 1 0 1 0 0 -52.54051769652916 -37.00842780131603 143.1 -53.70283561530888 -35.29040144201405 151.06558 30.208937 190.12202577187054 25.996473828076606 -233.95462 -32.549976 10.211178 190.12130090041643 25.99636954764462 190.12180025541227 25.851400076303722 62.523847930180054 263.46824345616994 5400.0 5400.0 2016.0 1 447 {-999.0 20.416887 19.828934 19.618702 -999.0} sdss_psfmag 20.24928 19.816336 19.308062 -999.0 63050395173399239 1143500578 dark_1x3 mwm_wd_pwd_boss_1x3 mwm_wd science 0 0 0.0 0.0 -999 ""
FIBERMAP 1083 R-3C10 METROLOGY 0 0 0 1 0 0 -52.901279658277666 -37.668869760673836 143.1 -54.084690922863324 -35.938799618228266 151.06558 30.208937 -999.0 -999.0 -999.0 -999.0 -999.0 190.119410612626 25.993429180957598 190.11988296818947 25.848448535289833 62.52114876280418 263.4636955833338 -999.0 6231.0 -999.0 -1 -999 {-999.0 -999.0 -999.0 -999.0 -999.0} "" -999.0 -999.0 -999.0 -999.0 -999 -999 "" "" "" "" 0 0 0.0 0.0 -999 ""
FIBERMAP 1085 R-2C13 APOGEE 0 0 0 1 0 0 3.418905426447647 -18.74661115324725 143.1 2.8118620176823543 -18.845536130859358 135.36983 49.064278 -999.0 -999.0 -999.0 -999.0 -999.0 190.40787398153145 26.07145904327221 190.40780818596272 25.926526810242873 62.79065686673685 263.41219639026565 -999.0 16600.0 -999.0 2 -999 {-999.0 -999.0 -999.0 -999.0 -999.0} "" -999.0 -999.0 -999.0 -999.0 -999 -999 "" "" "" "" 0 0 0.0 0.0 -999 ""
FIBERMAP 1085 R-2C13 BOSS 1 1 0 1 0 0 4.154043167698817 -18.663751986090524 143.1 3.549226430021642 -18.786450671565238 135.36983 49.064278 190.41150252079296 26.071691621050157 -999.0 -999.0 -999.0 190.4115079664489 26.071676891786225 190.41154515907692 25.926784720464575 62.793874035082524 263.40999643914 5400.0 5400.0 2016.0 1 355 {-999.0 19.672937 19.677631 19.687506 19.710337} sdss_psfmag_from_lsdr10 18.406849 19.914185 17.650003 14.454 63050395173399150 1059138393 dark_flexible_2x2 bhm_spiders_agn_lsdr10 bhm_spiders science 0 0 0.0 0.0 -999 ""
FIBERMAP 1085 R-2C13 METROLOGY 0 0 0 1 0 0 3.851842791293838 -19.354251851877486 143.1 3.224927095245709 -19.466778282218016 135.36983 49.064278 -999.0 -999.0 -999.0 -999.0 -999.0 190.40989133254303 26.068590919486976 190.40990155958093 25.923687833231615 62.791353374435886 263.4049035598648 -999.0 6231.0 -999.0 -1 -999 {-999.0 -999.0 -999.0 -999.0 -999.0} "" -999.0 -999.0 -999.0 -999.0 -999 -999 "" "" "" "" 0 0 0.0 0.0 -999 ""
FIBERMAP 1086 R-3C15 APOGEE 0 0 0 1 0 0 55.0352855964307 -44.26936250732659 143.1 53.573206857932846 -46.01844898833275 100.31855 109.315865 -999.0 -999.0 -999.0 -999.0 -999.0 190.6648994257051 25.947406507375636 190.66451149069053 25.802585727646548 62.958783090909805 262.9710725818718 -999.0 16600.0 -999.0 2 -999 {-999.0 -999.0 -999.0 -999.0 -999.0} "" -999.0 -999.0 -999.0 -999.0 -999 -999 "" "" "" "" 0 0 0.0 0.0 -999 ""
FIBERMAP 1086 R-3C15 BOSS 1 1 0 1 0 0 55.68206150691793 -43.889299294309055 143.1 54.23185413434956 -45.65948881003078 100.31855 109.315865 190.66817732983046 25.948985212247475 -0.6740803 0.5443463 0.20919436 190.6681635182229 25.94897116128374 190.66787741734856 25.804190272837598 62.96219401003326 262.97184416776116 5400.0 5400.0 2016.0 1 274 {-999.0 21.01193 21.101524 20.695536 20.41511} sdss_fiber2mag_from_lsdr10 20.26362 20.541153 19.578 -999.0 63050395173398638 1059138400 dark_flexible_2x2 bhm_spiders_agn_lsdr10 bhm_spiders science 0 0 0.0 0.0 -999 ""
FIBERMAP 1086 R-3C15 METROLOGY 0 0 0 1 0 0 55.68839122972505 -44.630077092935494 143.1 54.21427470017789 -46.40002020130152 100.31855 109.315865 -999.0 -999.0 -999.0 -999.0 -999.0 190.66808788520396 25.945615475133337 190.66777301871912 25.800824180081634 62.960844201932815 262.9650577410673 -999.0 6231.0 -999.0 -1 -999 {-999.0 -999.0 -999.0 -999.0 -999.0} "" -999.0 -999.0 -999.0 -999.0 -999 -999 "" "" "" "" 0 0 0.0 0.0 -999 ""
FIBERMAP 1091 R+10C17 APOGEE 0 0 0 1 0 0 187.01666427160077 179.58962897355403 143.1 192.6983438280907 173.4452406638387 322.44037 90.72741 -999.0 -999.0 -999.0 -999.0 -999.0 191.37221210245326 26.938618117502667 191.37029043359848 26.793845777687732 63.90698149962139 264.52661751400007 -999.0 16600.0 -999.0 2 49 {-999.0 -999.0 -999.0 -999.0 -999.0} "" -999.0 -999.0 -999.0 -999.0 -999 -999 "" "" "" "" 0 0 0.0 0.0 -999 ""
FIBERMAP 1091 R+10C17 BOSS 1 1 0 1 0 0 186.59267205355772 178.9811391069635 143.1 192.25497325452088 172.85080344909085 322.44037 90.72741 191.369893811042 26.93597026466244 -999.0 -999.0 -999.0 191.36988511779245 26.93595137831708 191.36807343229577 26.791213483455344 63.90421128580863 264.52256883745446 5400.0 5400.0 2016.0 1 170 {-999.0 22.423723 21.233562 20.738548 20.369234} sdss_fiber2mag_from_lsdr10 nan nan nan -999.0 63050397628727492 1059142811 dark_flexible_2x2 bhm_spiders_agn_lsdr10 bhm_spiders science 0 0 0.0 0.0 -999 ""
FIBERMAP 1091 R+10C17 METROLOGY 0 0 0 1 0 0 186.26913107619757 179.66146670975036 143.1 191.953583656664 173.54115800221678 322.44037 90.72741 -999.0 -999.0 -999.0 -999.0 -999.0 191.36839579933533 26.939082436464492 191.36655502375834 26.7943334870643 63.904024183718874 264.53029045686554 -999.0 6231.0 -999.0 -1 -999 {-999.0 -999.0 -999.0 -999.0 -999.0} "" -999.0 -999.0 -999.0 -999.0 -999 -999 "" "" "" "" 0 0 0.0 0.0 -999 ""
FIBERMAP 1092 R-7C20 APOGEE 0 0 0 1 0 0 225.11813793419924 -141.73775507113947 143.1 220.40722645077 -148.91621117391904 339.04926 113.00801 -999.0 -999.0 -999.0 -999.0 -999.0 191.4978552264565 25.479105941010555 191.49648278884058 25.334681990033776 63.47233306167429 261.3731616472645 -999.0 16600.0 -999.0 2 200 {-999.0 -999.0 -999.0 -999.0 -999.0} "" -999.0 -999.0 -999.0 -999.0 -999 -999 "" "" "" "" 0 0 0.0 0.0 -999 ""
FIBERMAP 1092 R-7C20 BOSS 1 1 0 1 0 0 225.06220215882075 -142.47540219726568 143.1 220.32752042772952 -149.65160445551334 339.04926 113.00801 191.49746163625377 25.476101408884123 -46.89857 -122.94481 3.8515067 191.49730359725518 25.4757527024407 191.49603742546287 25.331369256876716 63.47066303652805 261.36669303263625 5400.0 5400.0 2016.0 1 332 {-999.0 20.045961 18.625963 17.397413 -999.0} sdss_psfmag 19.58081 18.098728 16.95436 14.966 63050395173394100 1136213968 dark_flexible_3x1 mwm_halo_local_high_boss_triple mwm_halo science 0 0 0.0 0.0 -999 ""
FIBERMAP 1092 R-7C20 METROLOGY 0 0 0 1 0 0 224.44396433833103 -142.05817062111237 143.1 219.72312301987353 -149.2146758390026 339.04926 113.00801 -999.0 -999.0 -999.0 -999.0 -999.0 191.49436964080124 25.477735680786022 191.4930772872301 25.333339365436025 63.468975099253754 261.37310023364046 -999.0 6231.0 -999.0 -1 -999 {-999.0 -999.0 -999.0 -999.0 -999.0} "" -999.0 -999.0 -999.0 -999.0 -999 -999 "" "" "" "" 0 0 0.0 0.0 -999 ""
FIBERMAP 1094 R+1C19 APOGEE 0 0 0 1 0 0 142.8435740675841 15.648403802429872 143.1 143.2616541312054 11.029243164983772 40.85068 54.672424 -999.0 -999.0 -999.0 -999.0 -999.0 191.1198210286297 26.20542251840668 191.11864034656105 26.06070818806222 63.43390891173972 263.16538499206564 -999.0 16600.0 -999.0 2 -999 {-999.0 -999.0 -999.0 -999.0 -999.0} "" -999.0 -999.0 -999.0 -999.0 -999 -999 "" "" "" "" 0 0 0.0 0.0 -999 ""
FIBERMAP 1094 R+1C19 BOSS 1 1 0 1 0 0 142.91539431340232 14.911487351433404 143.1 143.30964998502944 10.29045735707264 40.85068 54.672424 191.11998977340374 26.20199665826348 -0.2367119 0.16814606 0.14139375 191.11999964614827 26.202027781730965 191.1189260240866 26.05735192639103 63.43290853487996 263.15819872387135 5400.0 5400.0 2016.0 1 232 {-999.0 19.779533 19.437105 19.295664 19.188967} sdss_psfmag_from_lsdr10 19.450043 19.196348 18.725971 -999.0 63050395173400438 1059139574 dark_flexible_2x2 bhm_spiders_agn_lsdr10 bhm_spiders science 0 0 0.0 0.0 -999 ""
FIBERMAP 1094 R+1C19 METROLOGY 0 0 0 1 0 0 142.24248477757573 15.206415515312365 143.1 142.64666732452358 10.606921253955587 40.85068 54.672424 -999.0 -999.0 -999.0 -999.0 -999.0 191.1166796306608 26.20349564510437 191.11558027212368 26.05880759962942 63.430652534811585 263.1637042035204 -999.0 6231.0 -999.0 -1 -999 {-999.0 -999.0 -999.0 -999.0 -999.0} "" -999.0 -999.0 -999.0 -999.0 -999 -999 "" "" "" "" 0 0 0.0 0.0 -999 ""
FIBERMAP 1095 R+5C8 APOGEE 0 0 0 1 0 0 -71.51748722123068 100.60273993016781 143.1 -68.2274721093105 102.84944426306684 319.9635 166.73073 -999.0 -999.0 -999.0 -999.0 -999.0 190.04660009153588 26.62497385666312 190.04683158654495 26.479812870097323 62.68893998180381 264.7942019604487 -999.0 16600.0 -999.0 2 -999 {-999.0 -999.0 -999.0 -999.0 -999.0} "" -999.0 -999.0 -999.0 -999.0 -999 -999 "" "" "" "" 0 0 0.0 0.0 -999 ""
FIBERMAP 1095 R+5C8 BOSS 1 1 0 1 0 0 -71.06428045382194 100.01179419341797 143.1 -67.79361120500758 102.24423281203919 319.9635 166.73073 190.0486768982778 26.62224752706497 -3.1064055 -6.5823984 0.20257469 190.04866519002405 26.622240881119183 190.0490049808676 26.47711835473 62.68980828005168 264.7872100848277 5400.0 5400.0 2016.0 1 65 {-999.0 17.419931 17.063187 16.926048 16.878555} sdss_psfmag_from_gaia 17.3699 17.074 16.6027 15.903 63050395173412770 970843841 "" ops_std_boss_gdr2 ops_std standard_boss 0 0 0.0 0.0 -999 ""
FIBERMAP 1095 R+5C8 METROLOGY 0 0 0 1 0 0 -71.8032646771491 99.91354240681143 143.1 -68.53531648759557 102.16988822587386 319.9635 166.73073 -999.0 -999.0 -999.0 -999.0 -999.0 190.04493125202535 26.621892968719003 190.04524559324364 26.476758797222775 62.68653313617896 264.7890677035223 -999.0 6231.0 -999.0 -1 -999 {-999.0 -999.0 -999.0 -999.0 -999.0} "" -999.0 -999.0 -999.0 -999.0 -999 -999 "" "" "" "" 0 0 0.0 0.0 -999 ""
FIBERMAP 1096 R+1C25 APOGEE 0 0 0 1 0 0 270.69781117146294 21.750607232263814 143.1 271.2350293171049 13.001807761366445 13.483282 113.77436 -999.0 -999.0 -999.0 -999.0 -999.0 191.76088848642567 26.209218258534793 191.75875792206068 26.064744320059745 63.969572451744774 262.6933305989783 -999.0 16600.0 -999.0 2 -999 {-999.0 -999.0 -999.0 -999.0 -999.0} "" -999.0 -999.0 -999.0 -999.0 -999 -999 "" "" "" "" 0 0 0.0 0.0 -999 ""
FIBERMAP 1096 R+1C25 BOSS 1 1 0 1 0 0 271.16124847413425 21.171012435583677 143.1 271.6794808337304 12.407610199788001 13.483282 113.77436 191.76295467606562 26.20646829919126 -0.8626584 -3.5570443 3.0124733 191.76295967175773 26.206471579628094 191.76093059235257 26.06203607907611 63.97037865357706 262.68594885158996 5400.0 5400.0 2016.0 1 184 {-999.0 19.918602 20.016378 20.167116 -999.0} sdss_psfmag 20.049149 19.943829 19.97769 -999.0 63050395173397354 1143500536 dark_1x3 mwm_wd_pwd_boss_1x3 mwm_wd science 0 0 0.0 0.0 -999 ""
FIBERMAP 1096 R+1C25 METROLOGY 0 0 0 1 0 0 270.4294541261429 21.05444167958334 143.1 270.9443698891384 12.314725767815919 13.483282 113.77436 -999.0 -999.0 -999.0 -999.0 -999.0 191.7593382285656 26.20610015048853 191.75728548142024 26.061652811345425 63.967196108105924 262.6879096633422 -999.0 6231.0 -999.0 -1 -999 {-999.0 -999.0 -999.0 -999.0 -999.0} "" -999.0 -999.0 -999.0 -999.0 -999 -999 "" "" "" "" 0 0 0.0 0.0 -999 ""
FIBERMAP 1098 R+5C1 APOGEE 0 0 0 1 0 0 -247.47487630755546 111.9008813727329 143.1 -243.71321582458086 119.81895371289943 174.9666 61.798836 -999.0 -999.0 -999.0 -999.0 -999.0 189.16024340684555 26.694308303584403 189.16178773127695 26.5488761833274 61.971618249048035 265.5321507112524 -999.0 16600.0 -999.0 2 122 {-999.0 -999.0 -999.0 -999.0 -999.0} "" -999.0 -999.0 -999.0 -999.0 -999 -999 "" "" "" "" 0 0 0.0 0.0 -999 ""
FIBERMAP 1098 R+5C1 BOSS 1 1 0 1 0 0 -247.07844661619637 112.52895544302723 143.1 -243.29675901632973 120.43385267466695 174.9666 61.798836 189.16223014404633 26.697093296138867 -999.0 -999.0 -999.0 189.1621987256568 26.697072352627732 189.16385295290183 26.551678130052544 61.974327188291014 265.5363672456634 5400.0 5400.0 2016.0 1 1 {-999.0 21.649118 21.330791 21.2441 21.196085} sdss_psfmag_from_lsdr10 20.964827 20.92728 20.096619 -999.0 63050395173416912 1059141670 dark_flexible_2x2 bhm_spiders_agn_lsdr10 bhm_spiders science 0 0 0.0 0.0 -999 ""
FIBERMAP 1098 R+5C1 METROLOGY 0 0 0 1 0 0 -246.72115050903008 111.86595200437097 143.1 -242.96107576417242 119.75972244951139 174.9666 61.798836 -999.0 -999.0 -999.0 -999.0 -999.0 189.16391860513488 26.694067231002524 189.1655390717931 26.548663338330233 61.974688818704465 265.5292341364883 -999.0 6231.0 -999.0 -1 -999 {-999.0 -999.0 -999.0 -999.0 -999.0} "" -999.0 -999.0 -999.0 -999.0 -999 -999 "" "" "" "" 0 0 0.0 0.0 -999 ""
FIBERMAP 1100 R-9C17 APOGEE 0 0 0 1 0 0 173.03043092137608 -159.7234384664317 143.1 167.77080044274106 -165.2100536288062 91.44695 96.00775 -999.0 -999.0 -999.0 -999.0 -999.0 191.23494675511532 25.405987737751104 191.23398853189042 25.261480765351532 63.22533410840758 261.4309024019261 -999.0 16600.0 -999.0 2 -999 {-999.0 -999.0 -999.0 -999.0 -999.0} "" -999.0 -999.0 -999.0 -999.0 -999 -999 "" "" "" "" 0 0 0.0 0.0 -999 ""
FIBERMAP 1100 R-9C17 BOSS 1 1 0 1 0 0 173.78058585709826 -159.6184309372616 143.1 168.52388765325787 -165.12931789512479 91.44695 96.00775 191.23861211706628 25.406293008369616 -3.2323568 -0.96920997 -2.6532478 191.2386268859039 25.40628578999896 191.23776800788994 25.261820640695635 63.228610380481484 261.42861191255275 5400.0 5400.0 2016.0 1 269 {-999.0 20.725273 20.475336 20.457407 20.485748} sdss_psfmag_from_lsdr10 20.814455 20.678007 20.248453 -999.0 63050395173394759 1059136087 dark_flexible_2x2 bhm_spiders_agn_lsdr10 bhm_spiders science 0 0 0.0 0.0 -999 ""
FIBERMAP 1100 R-9C17 METROLOGY 0 0 0 1 0 0 173.4867470719841 -160.31372445746152 143.1 168.2077901289275 -165.81470607698927 91.44695 96.00775 -999.0 -999.0 -999.0 -999.0 -999.0 191.2370310128761 25.40321642708873 191.2361462426112 25.25873985184546 63.22605014926896 261.42360453224507 -999.0 6231.0 -999.0 -1 -999 {-999.0 -999.0 -999.0 -999.0 -999.0} "" -999.0 -999.0 -999.0 -999.0 -999 -999 "" "" "" "" 0 0 0.0 0.0 -999 ""
FIBERMAP 1101 R-12C14 APOGEE 0 0 0 1 0 0 130.34769777192741 -248.67531678839433 143.1 122.24350848394376 -252.7304205920138 279.09573 91.81353 -999.0 -999.0 -999.0 -999.0 -999.0 191.00280152735698 25.013603781711307 191.0023639863589 24.869094369443772 62.876554849549066 260.8212251707097 -999.0 16600.0 -999.0 2 213 {-999.0 -999.0 -999.0 -999.0 -999.0} "" -999.0 -999.0 -999.0 -999.0 -999 -999 "" "" "" "" 0 0 0.0 0.0 -999 ""
FIBERMAP 1101 R-12C14 BOSS 1 1 0 1 0 0 129.63303153543836 -248.8504617996373 143.1 121.52362500716784 -252.8823963776517 279.09573 91.81353 190.99970988682057 25.01297440897693 -197.18442 -31.993689 1.6197544 190.99910513141768 25.012884713531722 190.9987787050817 24.86841636462587 62.873305039574014 260.8227436755626 5400.0 5400.0 2016.0 1 256 {-999.0 18.827734 17.565714 17.052233 -999.0} sdss_psfmag 18.213972 17.81657 16.533401 14.838 63050395173393375 1136213946 dark_flexible_3x1 mwm_halo_local_high_boss_triple mwm_halo science 0 0 0.0 0.0 -999 ""
FIBERMAP 1101 R-12C14 METROLOGY 0 0 0 1 0 0 129.8281948795346 -248.12964847896765 143.1 121.74193066015805 -252.16831961029735 279.09573 91.81353 -999.0 -999.0 -999.0 -999.0 -999.0 191.0002620121815 25.01607995569687 190.9999025142589 24.87159937589362 62.875522317111134 260.82822893328074 -999.0 6231.0 -999.0 -1 -999 {-999.0 -999.0 -999.0 -999.0 -999.0} "" -999.0 -999.0 -999.0 -999.0 -999 -999 "" "" "" "" 0 0 0.0 0.0 -999 ""
FIBERMAP 1103 R-2C9 APOGEE 0 0 0 1 0 0 -88.43836717810139 -52.63130813458663 143.1 -90.08300465141679 -49.745333894319366 281.9345 111.9949 -999.0 -999.0 -999.0 -999.0 -999.0 189.93758524236753 25.93032470090663 189.9382735418501 25.78527222290308 62.345897927354244 263.4685799068817 -999.0 16600.0 -999.0 2 258 {-999.0 -999.0 -999.0 -999.0 -999.0} "" -999.0 -999.0 -999.0 -999.0 -999 -999 "" "" "" "" 0 0 0.0 0.0 -999 ""
FIBERMAP 1103 R-2C9 BOSS 1 1 0 1 0 0 -89.04323901459267 -53.03357204007085 143.1 -90.70048977577561 -50.127833526199545 281.9345 111.9949 189.93429510051402 25.928524350551584 -6.0217004 -3.459456 0.4009826 189.93431332643377 25.928513843023875 189.93511750132052 25.78350067631694 62.342600359877665 263.467323020741 5400.0 5400.0 2016.0 1 449 {-999.0 17.985607 17.690876 17.583862 17.558933} sdss_psfmag_from_gaia 17.9519 17.6959 17.2647 16.645 63050395173399252 968296126 "" ops_std_boss_gdr2 ops_std standard_boss 0 0 0.0 0.0 -999 ""
FIBERMAP 1103 R-2C9 METROLOGY 0 0 0 1 0 0 -89.10016009752455 -52.29287777166287 143.1 -90.73347361875608 -49.385753003371676 281.9345 111.9949 -999.0 -999.0 -999.0 -999.0 -999.0 189.93417213227917 25.93190582542311 189.9349438328626 25.786880591073928 62.34371617390147 263.47420458613135 -999.0 6231.0 -999.0 -1 -999 {-999.0 -999.0 -999.0 -999.0 -999.0} "" -999.0 -999.0 -999.0 -999.0 -999 -999 "" "" "" "" 0 0 0.0 0.0 -999 ""
FIBERMAP 1104 R-13C7 APOGEE 0 0 0 1 0 0 -19.606478394645446 -250.83241450804078 143.1 -27.68904997902228 -250.0471024205333 115.702644 158.88925 -999.0 -999.0 -999.0 -999.0 -999.0 190.2547998421504 25.025227017565886 190.2554174047889 24.880461120398284 62.26054242243242 261.4347177656283 -999.0 16600.0 -999.0 2 299 {-999.0 -999.0 -999.0 -999.0 -999.0} "" -999.0 -999.0 -999.0 -999.0 -999 -999 "" "" "" "" 0 0 0.0 0.0 -999 ""
FIBERMAP 1104 R-13C7 BOSS 1 1 0 1 0 0 -19.663077704727968 -250.0907064388763 143.1 -27.721679529005243 -249.3040190975068 115.702644 158.88925 190.25403642741273 25.028666277202547 -54.877243 -56.086117 1.5157756 190.25451760950202 25.02848159469879 190.25524269142966 24.883757874606943 62.261715262447595 261.4413461891987 5400.0 5400.0 2016.0 1 416 {-999.0 13.559944 13.258705 13.157089 -999.0} sdss_psfmag_from_g3xp 13.516623 13.255223 12.828326 12.057 63050395173372307 1135983055 dark_flexible_3x1 mwm_halo_local_high_boss_triple mwm_halo science 0 0 2.1257002353668213 0.0 -999 ""
FIBERMAP 1104 R-13C7 METROLOGY 0 0 0 1 0 0 -18.990251580938907 -250.41089781757879 143.1 -27.059595487598965 -249.64572814794278 115.702644 158.88925 -999.0 -999.0 -999.0 -999.0 -999.0 190.25786044206777 25.026970945223482 190.25855066799784 24.882236447699945 62.263857609926035 261.43577202484204 -999.0 6231.0 -999.0 -1 -999 {-999.0 -999.0 -999.0 -999.0 -999.0} "" -999.0 -999.0 -999.0 -999.0 -999 -999 "" "" "" "" 0 0 0.0 0.0 -999 ""
FIBERMAP 1105 R-7C6 APOGEE 0 0 0 1 0 0 -87.00207223087395 -121.15612386979048 143.1 -90.85891692372279 -118.27481084403458 101.804726 48.961002 -999.0 -999.0 -999.0 -999.0 -999.0 189.93523648850513 25.61897832346347 189.93605898503608 25.47398915495752 62.22653793535353 262.8503769803598 -999.0 16600.0 -999.0 2 -999 {-999.0 -999.0 -999.0 -999.0 -999.0} "" -999.0 -999.0 -999.0 -999.0 -999 -999 "" "" "" "" 0 0 0.0 0.0 -999 ""
FIBERMAP 1105 R-7C6 BOSS 1 1 0 1 0 0 -86.34520585476048 -121.51382178965576 143.1 -90.2139932771428 -118.65348858775977 101.804726 48.961002 189.93837327485815 25.61716399027835 -1.2732452 -1.640664 -0.35768005 189.93834461844136 25.61717748575138 189.93927347062277 25.47223073209801 62.22854826090216 262.84451053398374 5400.0 5400.0 2016.0 1 437 {-999.0 21.292967 21.152746 20.858898 20.586836} sdss_psfmag_from_lsdr10 20.802486 20.783037 20.393469 -999.0 63050395173373748 1059136054 dark_flexible_2x2 bhm_spiders_agn_lsdr10 bhm_spiders science 0 0 0.0 0.0 -999 ""
FIBERMAP 1105 R-7C6 METROLOGY 0 0 0 1 0 0 -86.98461685709638 -121.90201748850436 143.1 -90.8655425658183 -119.02081397391673 101.804726 48.961002 -999.0 -999.0 -999.0 -999.0 -999.0 189.9351123459301 25.615529244068078 189.93601539032238 25.470570200801646 62.2251956090567 262.8436285742239 -999.0 6231.0 -999.0 -1 -999 {-999.0 -999.0 -999.0 -999.0 -999.0} "" -999.0 -999.0 -999.0 -999.0 -999 -999 "" "" "" "" 0 0 0.0 0.0 -999 ""
FIBERMAP 1106 R-10C9 APOGEE 0 0 0 1 0 0 -16.28339099874817 -198.70472722989476 143.1 -22.68579518942908 -198.05836619875808 221.54605 87.2688 -999.0 -999.0 -999.0 -999.0 -999.0 190.27939651651295 25.25836028003407 190.27987709443903 25.11355396627794 62.37335075302046 261.8763611750641 -999.0 16600.0 -999.0 2 -999 {-999.0 -999.0 -999.0 -999.0 -999.0} "" -999.0 -999.0 -999.0 -999.0 -999 -999 "" "" "" "" 0 0 0.0 0.0 -999 ""
FIBERMAP 1106 R-10C9 BOSS 1 1 0 1 0 0 -16.774855942921583 -198.14071581187 143.1 -23.158760180411246 -197.47883806791688 221.54605 87.2688 190.2769114600058 25.26086769284269 -0.85856986 -0.13478439 0.026091397 190.27690383161897 25.260878467497157 190.2774954396092 25.116112883227427 62.37237481071185 261.8832639911599 5400.0 5400.0 2016.0 1 371 {-999.0 19.94755 19.894579 19.713213 19.530981} sdss_psfmag_from_lsdr10 20.076258 19.808561 19.272173 -999.0 63050395173372503 1059134895 dark_flexible_2x2 bhm_spiders_agn_lsdr10 bhm_spiders science 0 0 0.0 0.0 -999 ""
FIBERMAP 1106 R-10C9 METROLOGY 0 0 0 1 0 0 -16.03115518026421 -198.0025598193825 143.1 -22.41105349729467 -197.3647657579204 221.54605 87.2688 -999.0 -999.0 -999.0 -999.0 -999.0 190.28068756497044 25.26141233759934 190.28124274303548 25.116635942516737 62.37570002477938 261.881422797847 -999.0 6231.0 -999.0 -1 -999 {-999.0 -999.0 -999.0 -999.0 -999.0} "" -999.0 -999.0 -999.0 -999.0 -999 -999 "" "" "" "" 0 0 0.0 0.0 -999 ""
FIBERMAP 1107 R-13C5 APOGEE 0 0 0 1 0 0 -57.273418241587194 -238.3409102219947 143.1 -64.92996648744948 -236.3476648362857 102.29528 109.46781 -999.0 -999.0 -999.0 -999.0 -999.0 190.06847744159595 25.08663811737332 190.06933342974605 24.941800265874917 62.130210564371495 261.69954523429635 -999.0 16600.0 -999.0 2 283 {-999.0 -999.0 -999.0 -999.0 -999.0} "" -999.0 -999.0 -999.0 -999.0 -999 -999 "" "" "" "" 0 0 0.0 0.0 -999 ""
FIBERMAP 1107 R-13C5 BOSS 1 1 0 1 0 0 -56.65863899452581 -237.9265419113639 143.1 -64.30218936414788 -235.9533878808579 102.29528 109.46781 190.0715506074692 25.08836918981785 -11.761038 -9.15738 0.14925382 190.07148654806585 25.08833069924504 190.0724468373495 24.943536354068698 62.13349099549723 261.7005537139308 5400.0 5400.0 2016.0 1 414 {-999.0 17.814592 17.461735 17.365759 -999.0} sdss_psfmag 17.787401 17.483423 17.057648 16.137 63050395173372367 977060421 "" ops_std_boss ops_std standard_boss 0 0 0.0 0.0 -999 ""
FIBERMAP 1107 R-13C5 METROLOGY 0 0 0 1 0 0 -56.599699519991795 -238.66190160041106 143.1 -64.26701620770126 -236.69020220435652 102.29528 109.46781 -999.0 -999.0 -999.0 -999.0 -999.0 190.0717147761706 25.085052691918058 190.07264515990232 24.94024694510214 62.132348853162846 261.69394299867525 -999.0 6231.0 -999.0 -1 -999 {-999.0 -999.0 -999.0 -999.0 -999.0} "" -999.0 -999.0 -999.0 -999.0 -999 -999 "" "" "" "" 0 0 0.0 0.0 -999 ""
FIBERMAP 1108 R-9C7 APOGEE 0 0 0 1 0 0 -44.631328138526314 -162.79067182837704 143.1 -49.857519862869516 -161.2513565348038 73.94846 86.6376 -999.0 -999.0 -999.0 -999.0 -999.0 190.14247154213461 25.42445997512915 190.14307674137774 25.279575506770893 62.32429608884667 262.3098896470631 -999.0 16600.0 -999.0 2 178 {-999.0 -999.0 -999.0 -999.0 -999.0} "" -999.0 -999.0 -999.0 -999.0 -999 -999 "" "" "" "" 0 0 0.0 0.0 -999 ""
FIBERMAP 1108 R-9C7 BOSS 1 1 0 1 0 0 -43.92471016157084 -163.02297296674868 143.1 -49.15882826013553 -161.5063192968165 73.94846 86.6376 190.14587402343747 25.4232044736153 -999.0 -999.0 -999.0 190.14586158341484 25.423211463513294 190.1465716072281 25.278369917517544 62.3267403668134 262.3048559224825 5400.0 5400.0 2015.5 1 390 {-999.0 -999.0 -999.0 -999.0 -999.0} "" -999.0 -999.0 -999.0 -999.0 27021603145536360 812565395 "" ops_sky_boss_good ops_sky sky_boss 0 0 0.0 0.0 -999 ""
FIBERMAP 1108 R-9C7 METROLOGY 0 0 0 1 0 0 -44.48882766047378 -163.5159868409092 143.1 -49.738512392138695 -161.98082885216672 73.94846 86.6376 -999.0 -999.0 -999.0 -999.0 -999.0 190.1429881547749 25.421088916592943 190.14367230453774 25.276235120766984 62.32349546740612 262.30281187667117 -999.0 6231.0 -999.0 -1 -999 {-999.0 -999.0 -999.0 -999.0 -999.0} "" -999.0 -999.0 -999.0 -999.0 -999 -999 "" "" "" "" 0 0 0.0 0.0 -999 ""
FIBERMAP 1109 R+8C19 APOGEE 0 0 0 1 0 0 181.55882825551225 150.4533408346726 143.1 186.3035842156934 144.50280568944277 248.18535 49.671673 -999.0 -999.0 -999.0 -999.0 -999.0 191.3398172477019 26.808699610689626 191.33800983695176 26.663941852520956 63.83458447521528 264.27310384342616 -999.0 16600.0 -999.0 2 60 {-999.0 -999.0 -999.0 -999.0 -999.0} "" -999.0 -999.0 -999.0 -999.0 -999 -999 "" "" "" "" 0 0 0.0 0.0 -999 ""
FIBERMAP 1109 R+8C19 BOSS 1 1 0 1 0 0 181.18591283817628 151.10524375978864 143.1 185.95193293610598 145.1663461980491 248.18535 49.671673 191.33796808887732 26.811734741277157 2.4169872 -13.849406 0.2267124 191.33797493092152 26.811698284345002 191.33627396588543 26.666974480549506 63.8341973944096 264.2807785247321 5400.0 5400.0 2016.0 1 168 {-999.0 17.598576 17.3636 17.258352 -999.0} sdss_psfmag 17.596855 17.333406 16.932009 16.194 63050395173402048 976171246 "" ops_std_boss ops_std standard_boss 0 0 0.0 0.0 -999 ""
FIBERMAP 1109 R+8C19 METROLOGY 0 0 0 1 0 0 181.93873335159176 151.09595663048657 143.1 186.7039957512857 145.13277078766097 248.18535 49.671673 -999.0 -999.0 -999.0 -999.0 -999.0 191.34178719348037 26.811506280873136 191.3400507451306 26.666773937986985 63.83728696275019 264.2776642707993 -999.0 6231.0 -999.0 -1 -999 {-999.0 -999.0 -999.0 -999.0 -999.0} "" -999.0 -999.0 -999.0 -999.0 -999 -999 "" "" "" "" 0 0 0.0 0.0 -999 ""
FIBERMAP 1111 R+8C16 APOGEE 0 0 0 1 0 0 117.12663061800086 148.4141746794195 143.1 121.8447805307616 144.54414249352075 237.68379 75.02397 -999.0 -999.0 -999.0 -999.0 -999.0 191.01386335364168 26.812126643066076 191.0125476248529 26.667249766059452 63.563379721277805 264.5103545075158 -999.0 16600.0 -999.0 2 -999 {-999.0 -999.0 -999.0 -999.0 -999.0} "" -999.0 -999.0 -999.0 -999.0 -999 -999 "" "" "" "" 0 0 0.0 0.0 -999 ""
FIBERMAP 1111 R+8C16 BOSS 1 1 0 1 0 0 116.6061868444881 148.94098035162176 143.1 121.34165369060902 145.08742267632726 237.68379 75.02397 191.01122544009115 26.814608079947018 -0.34903675 -0.100333326 0.19808334 191.01124754576054 26.814607893526638 191.01004105366746 26.66976514529903 63.56216253168074 264.5174083959066 5400.0 5400.0 2016.0 1 202 {-999.0 19.16485 19.0228 18.909853 18.747423} sdss_psfmag 19.650263 19.441673 18.937878 -999.0 63050395173401894 1128956167 dark_1x4 bhm_aqmes_wide1 bhm_aqmes science 0 0 0.0 0.0 -999 ""
FIBERMAP 1111 R+8C16 METROLOGY 0 0 0 1 0 0 117.33504092338013 149.13057339879546 143.1 122.07618262430286 145.25337985860517 237.68379 75.02397 -999.0 -999.0 -999.0 -999.0 -999.0 191.01499739999846 26.815331015814696 191.01375469635093 26.670479369450426 63.56552106391453 264.51630107119314 -999.0 6231.0 -999.0 -1 -999 {-999.0 -999.0 -999.0 -999.0 -999.0} "" -999.0 -999.0 -999.0 -999.0 -999 -999 "" "" "" "" 0 0 0.0 0.0 -999 ""
FIBERMAP 1112 R-6C10 APOGEE 0 0 0 1 0 0 -12.16507067105682 -131.43876535331728 143.1 -16.39927083838659 -130.96622773548205 339.6761 76.327965 -999.0 -999.0 -999.0 -999.0 -999.0 190.31068922916026 25.561573271647127 190.31099159720975 25.41671437268637 62.517262395442955 262.4563639815789 -999.0 16600.0 -999.0 2 -999 {-999.0 -999.0 -999.0 -999.0 -999.0} "" -999.0 -999.0 -999.0 -999.0 -999 -999 "" "" "" "" 0 0 0.0 0.0 -999 ""
FIBERMAP 1112 R-6C10 BOSS 1 1 0 1 0 0 -12.578726550285797 -132.068237194757 143.1 -16.832988461360742 -131.58196771948838 339.6761 76.327965 190.30838948265546 25.558672913773076 -0.20908843 0.09464577 0.18202636 190.30838771871632 25.55868535632109 190.308803279632 25.41386722603486 62.51434208197773 262.45231908660355 5400.0 5400.0 2016.0 1 367 {-999.0 18.75309 18.785414 18.591587 18.531527} sdss_psfmag 18.561914 18.440647 18.135113 -999.0 63050395173397996 1128956155 dark_1x4 bhm_aqmes_wide1 bhm_aqmes science 0 0 0.0 0.0 -999 ""
FIBERMAP 1112 R-6C10 METROLOGY 0 0 0 1 0 0 -12.910369236734168 -131.40423958741587 143.1 -17.143001817341 -130.90767178044197 339.6761 76.327965 -999.0 -999.0 -999.0 -999.0 -999.0 190.30685444470714 25.56176493501047 190.30724010445817 25.416934068929983 62.51421969581878 262.4596296277982 -999.0 6231.0 -999.0 -1 -999 {-999.0 -999.0 -999.0 -999.0 -999.0} "" -999.0 -999.0 -999.0 -999.0 -999 -999 "" "" "" "" 0 0 0.0 0.0 -999 ""
FIBERMAP 1113 R-3C16 APOGEE 0 0 0 1 0 0 85.7974630525946 -52.704215804993936 143.1 84.04447201697128 -55.44088307887295 359.1787 148.62341 -999.0 -999.0 -999.0 -999.0 -999.0 190.81885827918717 25.904193212038006 190.81826462383856 25.75943430176158 63.07084545641004 262.7682236614586 -999.0 16600.0 -999.0 2 235 {-999.0 -999.0 -999.0 -999.0 -999.0} "" -999.0 -999.0 -999.0 -999.0 -999 -999 "" "" "" "" 0 0 0.0 0.0 -999 ""
FIBERMAP 1113 R-3C16 BOSS 1 1 0 1 0 0 86.42787839028706 -53.0915206897095 143.1 84.66200528428593 -55.848296185772256 359.1787 148.62341 190.82192863215235 25.90228917789738 -4.7982388 -6.71498 0.39119995 190.82190850844844 25.902265681407872 190.82141799154715 25.75754734736285 63.07276461144812 262.762000356303 5400.0 5400.0 2016.0 1 282 {-999.0 16.741936 16.3592 16.260979 -999.0} sdss_psfmag 16.680918 16.387403 15.936747 15.147 63050395173398589 977060545 "" ops_std_boss ops_std standard_boss 0 0 0.0 0.0 -999 ""
FIBERMAP 1113 R-3C16 METROLOGY 0 0 0 1 0 0 85.7814921606615 -53.44884968799472 143.1 84.00448109724553 -56.18454855549403 359.1787 148.62341 -999.0 -999.0 -999.0 -999.0 -999.0 190.8185992831186 25.900760255385645 190.81808408995937 25.75603000213819 63.06941145317672 262.7613969467425 -999.0 6231.0 -999.0 -1 -999 {-999.0 -999.0 -999.0 -999.0 -999.0} "" -999.0 -999.0 -999.0 -999.0 -999 -999 "" "" "" "" 0 0 0.0 0.0 -999 ""
FIBERMAP 1114 R-8C15 APOGEE 0 0 0 1 0 0 107.66067837533711 -172.26905586561696 143.1 102.03596328660107 -175.63852079078399 286.61267 82.93649 -999.0 -999.0 -999.0 -999.0 -999.0 190.9057295215318 25.359180641294405 190.90526634809157 25.21456491354674 62.93349604539945 261.59388382809544 -999.0 16600.0 -999.0 2 203 {-999.0 -999.0 -999.0 -999.0 -999.0} "" -999.0 -999.0 -999.0 -999.0 -999 -999 "" "" "" "" 0 0 0.0 0.0 -999 ""
FIBERMAP 1114 R-8C15 BOSS 1 1 0 1 0 0 106.94599276345642 -172.4140949765668 143.1 101.31703198014688 -175.76040836656318 286.61267 82.93649 190.90201682772823 25.358564505202036 6.217303 -4.7266774 1.0593237 190.90204234386832 25.358549408529388 190.90169085583932 25.213973562220527 62.93028925627182 261.5954840997674 5400.0 5400.0 2016.0 1 318 {-999.0 20.139492 20.391287 20.728666 -999.0} sdss_psfmag 20.277884 20.303396 20.345491 -999.0 63050395173394618 1092233849 dark_flexible_2x1 mwm_cb_galex_mag_boss mwm_cb science 0 0 0.0 0.0 -999 ""
FIBERMAP 1114 R-8C15 METROLOGY 0 0 0 1 0 0 107.17402704701604 -171.70402526295857 143.1 101.56784187263332 -175.05812943338148 286.61267 82.93649 -999.0 -999.0 -999.0 -999.0 -999.0 190.90335216970172 25.361735442004427 190.90296722865617 25.217147753276404 62.932598964545384 261.6009001012713 -999.0 6231.0 -999.0 -1 -999 {-999.0 -999.0 -999.0 -999.0 -999.0} "" -999.0 -999.0 -999.0 -999.0 -999 -999 "" "" "" "" 0 0 0.0 0.0 -999 ""
FIBERMAP 1115 R-5C21 APOGEE 0 0 0 1 0 0 223.07895149237936 -104.21164600203193 143.1 219.58026873534578 -111.3471264005135 321.6396 120.89278 -999.0 -999.0 -999.0 -999.0 -999.0 191.49659127889294 25.648500962576065 191.49513511378655 25.504041337619427 63.53722717153862 261.723823188909 -999.0 16600.0 -999.0 2 -999 {-999.0 -999.0 -999.0 -999.0 -999.0} "" -999.0 -999.0 -999.0 -999.0 -999 -999 "" "" "" "" 0 0 0.0 0.0 -999 ""
FIBERMAP 1115 R-5C21 BOSS 1 1 0 1 0 0 223.01663491022853 -104.93595883155805 143.1 219.49461609252847 -112.06898758562906 321.6396 120.89278 191.4960382065054 25.64518725388533 0.12194067 0.077240534 -0.17848136 191.496034284297 25.645191820946415 191.4946844688452 25.500772063720394 63.535585927121325 261.7174130268635 5400.0 5400.0 2016.0 1 321 {-999.0 19.895714 19.261826 18.995237 18.655918} sdss_psfmag 18.952631 18.714775 18.156635 -999.0 63050395173394919 1128956147 dark_1x4 bhm_aqmes_wide1 bhm_aqmes science 0 0 0.0 0.0 -999 ""
FIBERMAP 1115 R-5C21 METROLOGY 0 0 0 1 0 0 222.39802395965887 -104.51660448395197 143.1 218.8899142845955 -111.62992544799503 321.6396 120.89278 -999.0 -999.0 -999.0 -999.0 -999.0 191.49308340025323 25.647197401071445 191.49170741647697 25.50276494157168 63.53388057328665 261.72387110457345 -999.0 6231.0 -999.0 -1 -999 {-999.0 -999.0 -999.0 -999.0 -999.0} "" -999.0 -999.0 -999.0 -999.0 -999 -999 "" "" "" "" 0 0 0.0 0.0 -999 ""
FIBERMAP 1118 R-13C4 APOGEE 0 0 0 1 0 0 -82.09682730921857 -265.94675059784157 143.1 -90.62912922397891 -263.1356454634058 262.08588 109.1169 -999.0 -999.0 -999.0 -999.0 -999.0 189.94123134838964 24.967317849334563 189.94231858837043 24.822465235823504 61.976957017312756 261.5640701190585 -999.0 16600.0 -999.0 2 279 {-999.0 -999.0 -999.0 -999.0 -999.0} "" -999.0 -999.0 -999.0 -999.0 -999 -999 "" "" "" "" 0 0 0.0 0.0 -999 ""
FIBERMAP 1118 R-13C4 BOSS 1 1 0 1 0 0 -82.81142655845589 -266.11741986123656 143.1 -91.34880131941692 -263.283150385846 262.08588 109.1169 189.9375389480757 24.966643541592425 0.15658845 0.39464188 -0.029824445 189.9375477852753 24.96663069972746 189.9387503274702 24.82182060532513 61.9737310439245 261.56557089858035 5400.0 5400.0 2016.0 1 413 {-999.0 20.029072 19.794916 19.736008 19.709837} sdss_psfmag_from_lsdr10 19.968153 19.824211 19.475746 -999.0 63050395173371959 1059133701 dark_flexible_2x2 bhm_spiders_agn_lsdr10 bhm_spiders science 0 0 0.0 0.0 -999 ""
FIBERMAP 1118 R-13C4 METROLOGY 0 0 0 1 0 0 -82.60519092340937 -265.4032064886013 143.1 -91.1196430955312 -262.57602686018595 262.08588 109.1169 -999.0 -999.0 -999.0 -999.0 -999.0 189.9386902128843 24.969787782358953 189.93985869608514 24.824965044830304 61.97591108707077 261.5708475575527 -999.0 6231.0 -999.0 -1 -999 {-999.0 -999.0 -999.0 -999.0 -999.0} "" -999.0 -999.0 -999.0 -999.0 -999 -999 "" "" "" "" 0 0 0.0 0.0 -999 ""
FIBERMAP 1121 R-3C7 APOGEE 0 0 0 1 0 0 -114.35843021757417 -74.99552927637654 143.1 -116.70900425299544 -71.25949453398593 340.86008 67.91532 -999.0 -999.0 -999.0 -999.0 -999.0 189.80371370525464 25.832204497178477 189.8046394258049 25.68713156216334 62.19753922235419 263.3698044403417 -999.0 16600.0 -999.0 2 254 {-999.0 -999.0 -999.0 -999.0 -999.0} "" -999.0 -999.0 -999.0 -999.0 -999 -999 "" "" "" "" 0 0 0.0 0.0 -999 ""
FIBERMAP 1121 R-3C7 BOSS 1 1 0 1 0 0 -114.86082335994661 -75.53953826956632 143.1 -117.2286472205271 -71.78696006305192 340.86008 67.91532 189.80094171851115 25.829784784528783 -0.9906754 -20.65205 0.44622535 189.80094540219667 25.82973162626673 189.80198699143057 25.68469881715403 62.194410388054045 263.36689453426817 5400.0 5400.0 2016.0 1 468 {-999.0 18.053482 17.685282 17.513556 -999.0} sdss_psfmag 18.010689 17.689655 17.22998 16.428 63050395173374102 977060430 "" ops_std_boss ops_std standard_boss 0 0 0.0 0.0 -999 ""
FIBERMAP 1121 R-3C7 METROLOGY 0 0 0 1 0 0 -115.09069240425168 -74.83411308299279 143.1 -117.43561196022465 -71.07454603958244 340.86008 67.91532 -999.0 -999.0 -999.0 -999.0 -999.0 189.79992309200898 25.832983514094856 189.80093344536817 25.687938259620303 62.19474659567142 263.37409526068456 -999.0 6231.0 -999.0 -1 -999 {-999.0 -999.0 -999.0 -999.0 -999.0} "" -999.0 -999.0 -999.0 -999.0 -999 -999 "" "" "" "" 0 0 0.0 0.0 -999 ""
FIBERMAP 1125 R0C22 APOGEE 0 0 0 1 0 0 187.13787877188645 -19.756104798109156 143.1 186.38648834645687 -25.783127727060993 355.0173 39.060547 -999.0 -999.0 -999.0 -999.0 -999.0 191.33559393343876 26.036876149463566 191.33417788494978 25.892275649579805 63.55110419408858 262.6535766696845 -999.0 16600.0 -999.0 2 -999 {-999.0 -999.0 -999.0 -999.0 -999.0} "" -999.0 -999.0 -999.0 -999.0 -999 -999 "" "" "" "" 0 0 0.0 0.0 -999 ""
FIBERMAP 1125 R0C22 BOSS 1 1 0 1 0 0 186.5222428995691 -20.17038636146614 143.1 185.7578579184312 -26.177290344222747 355.0173 39.060547 191.33239594805158 26.035048075809406 -3.031689 1.297966 0.5873577 191.33237610336064 26.035059428998046 191.33107042008464 25.890496224032592 63.547845374853566 262.65222675868125 5400.0 5400.0 2016.0 1 244 {-999.0 20.727848 20.520409 20.327833 20.14354} sdss_psfmag_from_gdr3 20.898794 20.566423 20.13939 -999.0 63050395173400152 1128677106 dark_flexible_3x1 bhm_spiders_agn_gaiadr3_d3 bhm_spiders science 0 0 0.0 0.0 -999 ""
FIBERMAP 1125 R0C22 METROLOGY 0 0 0 1 0 0 186.46695933902603 -19.42971684624504 143.1 185.7265098028123 -25.435287403268756 355.0173 39.060547 -999.0 -999.0 -999.0 -999.0 -999.0 191.33226928763054 26.038441578346564 191.33093240072049 25.89386682480746 63.548994100996794 262.6593460907998 -999.0 6231.0 -999.0 -1 -999 {-999.0 -999.0 -999.0 -999.0 -999.0} "" -999.0 -999.0 -999.0 -999.0 -999 -999 "" "" "" "" 0 0 0.0 0.0 -999 ""
FIBERMAP 1126 R+3C12 APOGEE 0 0 1 1 0 0 -10.68616741748964 65.77446526606812 143.1 -8.557088122297948 66.07929818745643 10.228728 170.00157 -999.0 -999.0 -999.0 -999.0 -999.0 190.35025050947388 26.458285355970933 190.3500981613662 26.313254971204994 62.88348012795288 264.24235331322427 -999.0 16600.0 -999.0 2 14 {-999.0 -999.0 -999.0 -999.0 -999.0} "" -999.0 -999.0 -999.0 -999.0 -999 -999 "" "" "" "" 0 0 0.0 0.0 -999 ""
FIBERMAP 1126 R+3C12 BOSS 1 0 1 1 0 0 -9.954296178760758 65.78923972145614 143.1 -7.825185356237676 66.07044576787435 10.228728 170.00157 190.35524832128314 26.330812980501435 -6.2699146 -5.6757264 0.17845996 190.35386017023262 26.45824326358272 190.35381134025897 26.313251608497836 62.88658550570945 264.2397249214593 5400.0 5400.0 2016.0 1 114 {-999.0 18.167633 17.96354 17.959991 -999.0} sdss_psfmag 18.165041 17.951857 17.612501 -999.0 63050395173399935 975733436 "" ops_std_eboss ops_std standard_boss 0 0 0.0 0.0 -999 ""
FIBERMAP 1126 R+3C12 METROLOGY 0 0 1 1 0 0 -10.305233805799132 65.13440822593806 143.1 -8.197041253218119 65.42733760555862 10.228728 170.00157 -999.0 -999.0 -999.0 -999.0 -999.0 190.35199943583504 26.455320213637606 190.35192383254287 26.310317920115917 62.88395310053071 264.23505012096564 -999.0 6231.0 -999.0 -1 -999 {-999.0 -999.0 -999.0 -999.0 -999.0} "" -999.0 -999.0 -999.0 -999.0 -999 -999 "" "" "" "" 0 0 0.0 0.0 -999 ""
FIBERMAP 1127 R-13C6 APOGEE 0 0 0 1 0 0 -44.913859496167404 -267.5538648823469 143.1 -53.52064507361233 -265.9416967980047 276.7078 66.822235 -999.0 -999.0 -999.0 -999.0 -999.0 190.12616541390253 24.954506116892045 190.12699599581697 24.809713844631975 62.125425423006845 261.3958280866835 -999.0 16600.0 -999.0 2 274 {-999.0 -999.0 -999.0 -999.0 -999.0} "" -999.0 -999.0 -999.0 -999.0 -999 -999 "" "" "" "" 0 0 0.0 0.0 -999 ""
FIBERMAP 1127 R-13C6 BOSS 1 1 0 1 0 0 -45.62855192736089 -267.3249006424262 143.1 -54.227513901829504 -265.68980833728614 276.7078 66.822235 190.12252807617185 24.955592215823017 -999.0 -999.0 -999.0 190.12252618486187 24.955586258584724 190.12347049496555 24.810835965587806 62.12294449997884 261.40077271204484 5400.0 5400.0 2015.5 1 415 {-999.0 -999.0 -999.0 -999.0 -999.0} "" -999.0 -999.0 -999.0 -999.0 27021603145535374 812565241 "" ops_sky_boss_good ops_sky sky_boss 0 0 0.0 0.0 -999 ""
FIBERMAP 1127 R-13C6 METROLOGY 0 0 0 1 0 0 -45.077854643667926 -266.81661513311985 143.1 -53.66074899645974 -265.1996033599668 276.7078 66.822235 -999.0 -999.0 -999.0 -999.0 -999.0 190.1253710676434 24.957778570401285 190.12627949952503 24.813016427342262 62.12615481946335 261.40285654984314 -999.0 6231.0 -999.0 -1 -999 {-999.0 -999.0 -999.0 -999.0 -999.0} "" -999.0 -999.0 -999.0 -999.0 -999 -999 "" "" "" "" 0 0 0.0 0.0 -999 ""
FIBERMAP 1129 R-8C8 APOGEE 0 0 0 1 0 0 -52.96045806261287 -173.6642360942896 143.1 -58.53247843598451 -171.84951999775643 298.33844 54.47413 -999.0 -999.0 -999.0 -999.0 -999.0 190.09905297619542 25.37658390023727 190.09974129464 25.231695626684232 62.26957103988378 262.2477784792315 -999.0 16600.0 -999.0 2 -999 {-999.0 -999.0 -999.0 -999.0 -999.0} "" -999.0 -999.0 -999.0 -999.0 -999 -999 "" "" "" "" 0 0 0.0 0.0 -999 ""
FIBERMAP 1129 R-8C8 BOSS 1 1 0 1 0 0 -53.69870437733742 -173.579493342575 143.1 -59.267540924708726 -171.74100518769046 298.33844 54.47413 190.09523684525323 25.37698234523105 -999.0 -999.0 -999.0 190.09522903053733 25.376980768514766 190.09603203957738 25.23213302652001 62.266650799132435 262.25145187908174 5400.0 5400.0 2016.0 1 389 {-999.0 22.110033 20.929136 20.443657 20.083939} sdss_fiber2mag_from_lsdr10 nan nan nan -999.0 63050399058501809 1059136059 dark_flexible_2x2 bhm_spiders_agn_lsdr10 bhm_spiders science 0 0 0.0 0.0 -999 ""
FIBERMAP 1129 R-8C8 METROLOGY 0 0 0 1 0 0 -53.25093714163141 -172.97700695843727 143.1 -58.80060353328532 -171.15333503589315 298.33844 54.47413 -999.0 -999.0 -999.0 -999.0 -999.0 190.09759821093476 25.379655554890657 190.0983656676599 25.23479614578438 62.26963201491344 262.25495721686434 -999.0 6231.0 -999.0 -1 -999 {-999.0 -999.0 -999.0 -999.0 -999.0} "" -999.0 -999.0 -999.0 -999.0 -999 -999 "" "" "" "" 0 0 0.0 0.0 -999 ""
FIBERMAP 1130 R-3C13 APOGEE 0 0 0 1 0 0 17.59616587346985 -46.566456676810866 143.1 16.082735684574157 -47.10596472064961 64.27701 113.841965 -999.0 -999.0 -999.0 -999.0 -999.0 190.47502641896955 25.94269880542257 190.47491945133777 25.797815208308815 62.798746526625834 263.10171846544415 -999.0 16600.0 -999.0 2 174 {-999.0 -999.0 -999.0 -999.0 -999.0} "" -999.0 -999.0 -999.0 -999.0 -999 -999 "" "" "" "" 0 0 0.0 0.0 -999 ""
FIBERMAP 1130 R-3C13 BOSS 1 1 0 1 0 0 18.3347940122099 -46.598770370537736 143.1 16.819871679498032 -47.16209469094718 64.27701 113.841965 190.47866084323982 25.942377809416904 -0.14912029 0.18463437 -0.49382135 190.47866219741323 25.942374789072016 190.47865814235445 25.79753178590677 62.80176139312714 263.0983852022756 5400.0 5400.0 2016.0 1 364 {-999.0 19.58601 19.063936 18.600908 18.199692} sdss_psfmag_from_gaiadr2 19.807611 19.245998 18.450613 -999.0 63050395173399050 1057665485 bright_flexible_2x1 bhm_gua_bright bhm_filler science 0 0 0.0 0.0 -999 ""
FIBERMAP 1130 R-3C13 METROLOGY 0 0 0 1 0 0 17.935614513223705 -47.22944635264537 143.1 16.400582771412893 -47.77950524378755 64.27701 113.841965 -999.0 -999.0 -999.0 -999.0 -999.0 190.47656310614275 25.93958093531158 190.4765327599274 25.794726676756305 62.79893631753223 263.09426353686285 -999.0 6231.0 -999.0 -1 -999 {-999.0 -999.0 -999.0 -999.0 -999.0} "" -999.0 -999.0 -999.0 -999.0 -999 -999 "" "" "" "" 0 0 0.0 0.0 -999 ""
FIBERMAP 1131 R-8C19 APOGEE 0 0 0 1 0 0 207.79783160183467 -159.6398535075879 143.1 202.51974682462833 -166.24848262274134 248.519 171.14684 -999.0 -999.0 -999.0 -999.0 -999.0 191.4077566368645 25.40121132992475 191.4065527563463 25.256769556929317 63.366937642864755 261.2845244225358 -999.0 16600.0 -999.0 2 185 {-999.0 -999.0 -999.0 -999.0 -999.0} "" -999.0 -999.0 -999.0 -999.0 -999 -999 "" "" "" "" 0 0 0.0 0.0 -999 ""
FIBERMAP 1131 R-8C19 BOSS 1 1 0 1 0 0 207.43187402812532 -160.292387928584 143.1 202.13295424659842 -166.88881040609607 248.519 171.14684 191.40564948189348 25.39825395671803 0.10222064 -0.075943746 0.2438391 191.40569230725572 25.398285598245494 191.40459695529375 25.25388405382603 63.36417448300942 261.2801646651865 5400.0 5400.0 2016.0 1 331 {-999.0 18.598682 18.504015 18.157736 17.924742} sdss_psfmag 18.748533 18.527908 18.029053 16.415 63050395173393991 1128956143 dark_1x4 bhm_aqmes_wide1 bhm_aqmes science 0 0 0.0 0.0 -999 ""
FIBERMAP 1131 R-8C19 METROLOGY 0 0 0 1 0 0 207.04257904242988 -159.66666069212994 143.1 201.7640886597385 -166.2509010838461 248.519 171.14684 -999.0 -999.0 -999.0 -999.0 -999.0 191.40393741080004 25.401168389345923 191.4028136400235 25.25675413241805 63.36382370188059 261.2874662919914 -999.0 6231.0 -999.0 -1 -999 {-999.0 -999.0 -999.0 -999.0 -999.0} "" -999.0 -999.0 -999.0 -999.0 -999 -999 "" "" "" "" 0 0 0.0 0.0 -999 ""
FIBERMAP 1132 R+2C1 APOGEE 0 0 0 1 0 0 -282.63915772150665 37.07636088965693 143.1 -281.27073249777385 46.174725287752935 192.4826 112.970505 -999.0 -999.0 -999.0 -999.0 -999.0 188.97530725255697 26.35947127246822 188.9772551671291 26.214058160614606 61.69861688590018 264.99241182063736 -999.0 16600.0 -999.0 2 145 {-999.0 -999.0 -999.0 -999.0 -999.0} "" -999.0 -999.0 -999.0 -999.0 -999 -999 "" "" "" "" 0 0 0.0 0.0 -999 ""
FIBERMAP 1132 R+2C1 BOSS 1 1 0 1 0 0 -283.0372632999914 37.68214276569276 143.1 -281.64904696500287 46.792985706516106 192.4826 112.970505 188.97336690736304 26.362204300431745 -10.8000965 -4.3277645 2.3969963 188.97330984058186 26.36219890174217 188.97537423181666 26.216824089093215 61.698031489122 264.99913324643074 5400.0 5400.0 2016.0 1 4 {-999.0 20.871136 20.264656 19.395296 -999.0} sdss_psfmag 20.620884 20.161913 18.976334 -999.0 63050395173388025 1092613920 dark_flexible_2x1 mwm_cb_galex_vol_boss mwm_cb science 0 0 0.0 0.0 -999 ""
FIBERMAP 1132 R+2C1 METROLOGY 0 0 0 1 0 0 -282.29790300508347 37.750520237896794 143.1 -280.9079299001488 46.83746201704038 192.4826 112.970505 -999.0 -999.0 -999.0 -999.0 -999.0 188.97701018552294 26.362455735955514 188.9790364813516 26.217070674189355 61.701187549134225 264.99713817378654 -999.0 6231.0 -999.0 -1 -999 {-999.0 -999.0 -999.0 -999.0 -999.0} "" -999.0 -999.0 -999.0 -999.0 -999 -999 "" "" "" "" 0 0 0.0 0.0 -999 ""
FIBERMAP 1135 R-2C11 APOGEE 0 0 0 1 0 0 -35.54556002544185 -37.838136351299454 143.1 -36.74499240856768 -36.668041829314035 332.2642 146.90747 -999.0 -999.0 -999.0 -999.0 -999.0 190.20735859419023 25.990239915216158 190.20762425406383 25.845259484667466 62.59325758009547 263.3935259579936 -999.0 16600.0 -999.0 2 268 {-999.0 -999.0 -999.0 -999.0 -999.0} "" -999.0 -999.0 -999.0 -999.0 -999 -999 "" "" "" "" 0 0 0.0 0.0 -999 ""
FIBERMAP 1135 R-2C11 BOSS 1 1 0 1 0 0 -35.16587203572587 -38.4703474482819 143.1 -36.385937210765064 -37.31212104443822 332.2642 146.90747 190.20904541015622 25.987266505812997 -999.0 -999.0 -999.0 190.20905006446017 25.987248017063546 190.2094237573068 25.842308176620108 62.593661948788565 263.38626529493695 5400.0 5400.0 2015.5 1 448 {-999.0 -999.0 -999.0 -999.0 -999.0} "" -999.0 -999.0 -999.0 -999.0 27021603145564935 812569359 "" ops_sky_boss_good ops_sky sky_boss 0 0 0.0 0.0 -999 ""
FIBERMAP 1135 R-2C11 METROLOGY 0 0 0 1 0 0 -35.91511284296947 -38.4886846165059 143.1 -37.13531394882056 -37.30626864471618 332.2642 146.90747 -999.0 -999.0 -999.0 -999.0 -999.0 190.2052881895765 25.987286922432002 190.20563646352548 25.84233470114347 62.59050834328928 263.38907575931864 -999.0 6231.0 -999.0 -1 -999 {-999.0 -999.0 -999.0 -999.0 -999.0} "" -999.0 -999.0 -999.0 -999.0 -999 -999 "" "" "" "" 0 0 0.0 0.0 -999 ""
FIBERMAP 1137 R-1C6 APOGEE 0 0 0 1 0 0 -149.7609647894612 -12.957230303809162 143.1 -150.0879908369526 -8.11647891495384 67.0678 61.01278 -999.0 -999.0 -999.0 -999.0 -999.0 189.6335905130503 26.118677290867563 189.63465005993226 25.973495257157833 62.16171730363759 264.0612443398485 -999.0 16600.0 -999.0 2 -999 {-999.0 -999.0 -999.0 -999.0 -999.0} "" -999.0 -999.0 -999.0 -999.0 -999 -999 "" "" "" "" 0 0 0.0 0.0 -999 ""
FIBERMAP 1137 R-1C6 BOSS 1 1 0 1 0 0 -149.29851243001585 -13.533996356198639 143.1 -149.64443237920705 -8.707817668521562 67.0678 61.01278 189.635675179172 26.115938603284093 -0.20467202 0.06202896 -0.07431846 189.6356682413021 26.115956108357302 189.63683743185516 25.970814804444192 62.16256368294789 264.0543598047539 5400.0 5400.0 2016.0 1 484 {-999.0 19.82375 19.797323 19.698997 19.59766} sdss_psfmag_from_lsdr10 19.755354 19.919237 19.268341 -999.0 63050395173386795 1059138372 dark_flexible_2x2 bhm_spiders_agn_lsdr10 bhm_spiders science 0 0 0.0 0.0 -999 ""
FIBERMAP 1137 R-1C6 METROLOGY 0 0 0 1 0 0 -150.034895472369 -13.65122163046497 143.1 -150.38415034817575 -8.801208140881316 67.0678 61.01278 -999.0 -999.0 -999.0 -999.0 -999.0 189.63198532243675 26.11552590806205 189.63312852287322 25.97037240807811 62.159299433613455 264.0560974567203 -999.0 6231.0 -999.0 -1 -999 {-999.0 -999.0 -999.0 -999.0 -999.0} "" -999.0 -999.0 -999.0 -999.0 -999 -999 "" "" "" "" 0 0 0.0 0.0 -999 ""
FIBERMAP 1140 R-5C12 APOGEE 0 0 0 1 0 0 1.177241612201616 -108.08133526817338 143.1 -2.311318601241095 -108.05357147625001 241.03265 103.34375 -999.0 -999.0 -999.0 -999.0 -999.0 190.3817586450037 25.66553546988407 190.38191189409793 25.520678267323877 62.616273269263786 262.61144720583553 -999.0 16600.0 -999.0 2 159 {-999.0 -999.0 -999.0 -999.0 -999.0} "" -999.0 -999.0 -999.0 -999.0 -999 -999 "" "" "" "" 0 0 0.0 0.0 -999 ""
FIBERMAP 1140 R-5C12 BOSS 1 1 0 1 0 0 0.46193315818123537 -107.87998242092657 143.1 -3.0196941123078953 -107.82925773071875 241.03265 103.34375 190.37807839776465 25.66652087272552 -12.244474 -19.249023 0.21744661 190.37807166467167 25.66646382253821 190.37833822585594 25.52164566796343 62.61366293844756 262.6160705998405 5400.0 5400.0 2016.0 1 387 {-999.0 17.716038 17.460676 17.386585 -999.0} sdss_psfmag 17.705725 17.447155 17.031208 16.417 63050395173398038 976171191 "" ops_std_boss ops_std standard_boss 0 0 0.0 0.0 -999 ""
FIBERMAP 1140 R-5C12 METROLOGY 0 0 0 1 0 0 0.9859698716658514 -107.34914749736373 143.1 -2.4788458755374787 -107.31565670641858 241.03265 103.34375 -999.0 -999.0 -999.0 -999.0 -999.0 190.38083478842964 25.668816789656354 190.38106557039885 25.523987583587793 62.616832326245536 262.61873065558905 -999.0 6231.0 -999.0 -1 -999 {-999.0 -999.0 -999.0 -999.0 -999.0} "" -999.0 -999.0 -999.0 -999.0 -999 -999 "" "" "" "" 0 0 0.0 0.0 -999 ""
FIBERMAP 1143 R-2C5 APOGEE 0 0 0 1 0 0 -166.61267386058572 -32.716738152191 143.1 -167.56709790604364 -27.32015166433357 34.89838 107.93829 -999.0 -999.0 -999.0 -999.0 -999.0 189.54619197620494 26.030985284336285 189.5474160752011 25.885795853092446 62.05650672118077 263.9485989997046 -999.0 16600.0 -999.0 2 249 {-999.0 -999.0 -999.0 -999.0 -999.0} "" -999.0 -999.0 -999.0 -999.0 -999 -999 "" "" "" "" 0 0 0.0 0.0 -999 ""
FIBERMAP 1143 R-2C5 BOSS 1 1 0 1 0 0 -166.01259618533723 -33.15632464799132 143.1 -166.9815710007697 -27.77883556245428 34.89838 107.93829 189.54906152017293 26.0288577002187 -18.725067 -4.4346375 4.021293 189.54897855188142 26.028865695733543 189.55031130698342 25.883717482424395 62.05816081509684 263.94242551809555 5400.0 5400.0 2016.0 1 473 {-999.0 19.881021 19.953295 20.04807 -999.0} sdss_psfmag 20.078077 19.876986 19.75056 -999.0 63050395173386759 1143500442 dark_1x3 mwm_wd_pwd_boss_1x3 mwm_wd science 0 0 0.0 0.0 -999 ""
FIBERMAP 1143 R-2C5 METROLOGY 0 0 0 1 0 0 -166.6997368535482 -33.46315725684551 143.1 -167.6781952861964 -28.06330709540494 34.89838 107.93829 -999.0 -999.0 -999.0 -999.0 -999.0 189.54552924415773 26.027570109643044 189.54683590336526 25.882409843822785 62.05477217821614 263.94229430819723 -999.0 6231.0 -999.0 -1 -999 {-999.0 -999.0 -999.0 -999.0 -999.0} "" -999.0 -999.0 -999.0 -999.0 -999 -999 "" "" "" "" 0 0 0.0 0.0 -999 ""
FIBERMAP 1144 R+12C1 APOGEE 0 0 0 1 0 0 -170.3798488670931 246.9526645406196 143.1 -162.30689593693492 252.30067585062028 181.0634 58.27654 -999.0 -999.0 -999.0 -999.0 -999.0 189.56976450098398 27.294080828628537 189.57044744942243 27.1486412974395 62.518714396203265 266.47640296806946 -999.0 16600.0 -999.0 2 129 {-999.0 -999.0 -999.0 -999.0 -999.0} "" -999.0 -999.0 -999.0 -999.0 -999 -999 "" "" "" "" 0 0 0.0 0.0 -999 ""
FIBERMAP 1144 R+12C1 BOSS 1 1 0 1 0 0 -169.9719713546831 247.55286336017684 143.1 -161.87989782184596 252.88734709279902 181.0634 58.27654 189.57183837890622 27.29666427831628 -999.0 -999.0 -999.0 189.5718359030026 27.29665920370809 189.57262722851692 27.151255032963785 62.52141205442594 266.48034948435594 5400.0 5400.0 2015.5 1 8 {-999.0 -999.0 -999.0 -999.0 -999.0} "" -999.0 -999.0 -999.0 -999.0 27021603145584444 820429354 "" ops_sky_boss_good ops_sky sky_boss 0 0 0.0 0.0 -999 ""
FIBERMAP 1144 R+12C1 METROLOGY 0 0 0 1 0 0 -169.63883205914888 246.8975492788798 143.1 -161.56810854512867 252.2216811005565 181.0634 58.27654 -999.0 -999.0 -999.0 -999.0 -999.0 189.57342866475094 27.29373262099256 189.57418677805185 27.148319507177508 62.521745878599546 266.47334970024366 -999.0 6231.0 -999.0 -1 -999 {-999.0 -999.0 -999.0 -999.0 -999.0} "" -999.0 -999.0 -999.0 -999.0 -999 -999 "" "" "" "" 0 0 0.0 0.0 -999 ""
FIBERMAP 1148 R0C11 APOGEE 0 0 0 1 0 0 -67.44793003019304 -20.716704567279415 143.1 -68.07543579579468 -18.527519313697706 326.64734 46.962936 -999.0 -999.0 -999.0 -999.0 -999.0 190.0484466595416 26.072649902294238 190.0489112514307 25.927602463870706 62.49117932386931 263.67420004538997 -999.0 16600.0 -999.0 2 285 {-999.0 -999.0 -999.0 -999.0 -999.0} "" -999.0 -999.0 -999.0 -999.0 -999 -999 "" "" "" "" 0 0 0.0 0.0 -999 ""
FIBERMAP 1148 R0C11 BOSS 1 1 0 1 0 0 -68.16740156915851 -20.897099430241695 143.1 -68.80029106721553 -18.684586687426084 326.64734 46.962936 190.04458863463464 26.071882981598833 -1.2293819 -1.8885869 0.026098153 190.04462572262375 26.071878519262498 190.04520622617463 25.926869344718437 62.48781203522505 263.6753894087266 5400.0 5400.0 2016.0 1 431 {-999.0 17.428516 16.575289 16.238739 -999.0} sdss_psfmag 17.165253 16.586784 15.869708 14.4 63050395173399311 1150538740 dark_flexible_3x1 manual_mwm_halo_distant_kgiant_far_boss_triple mwm_halo science 0 0 0.0 0.0 -999 ""
FIBERMAP 1148 R0C11 METROLOGY 0 0 0 1 0 0 -67.96428536008261 -20.17988036406478 143.1 -68.5741533761382 -17.974358631226202 326.64734 46.962936 -999.0 -999.0 -999.0 -999.0 -999.0 190.04580123401658 26.075128241536092 190.04634745759085 25.930107620942547 62.489961717016094 263.6810837709665 -999.0 6231.0 -999.0 -1 -999 {-999.0 -999.0 -999.0 -999.0 -999.0} "" -999.0 -999.0 -999.0 -999.0 -999 -999 "" "" "" "" 0 0 0.0 0.0 -999 ""
FIBERMAP 1149 R-5C9 APOGEE 0 0 0 1 0 0 -45.97154418115777 -105.88589773353402 143.1 -49.36057225930312 -104.33795239702798 321.9476 114.985245 -999.0 -999.0 -999.0 -999.0 -999.0 190.14418303097045 25.68238368451626 190.1446745806395 25.53744653405735 62.42479249500659 262.822059453958 -999.0 16600.0 -999.0 2 284 {-999.0 -999.0 -999.0 -999.0 -999.0} "" -999.0 -999.0 -999.0 -999.0 -999 -999 "" "" "" "" 0 0 0.0 0.0 -999 ""
FIBERMAP 1149 R-5C9 BOSS 1 1 0 1 0 0 -46.13346276799497 -106.61385601616996 143.1 -49.545883952170634 -105.06024260609244 321.9476 114.985245 190.14312744140625 25.679029933097425 -999.0 -999.0 -999.0 190.14312218243006 25.679014438967563 190.14372604952098 25.534118292719945 62.42273333045377 262.8161162413177 5400.0 5400.0 2015.5 1 409 {-999.0 -999.0 -999.0 -999.0 -999.0} "" -999.0 -999.0 -999.0 -999.0 27021603145564487 820428135 "" ops_sky_boss_good ops_sky sky_boss 0 0 0.0 0.0 -999 ""
FIBERMAP 1149 R-5C9 METROLOGY 0 0 0 1 0 0 -46.686595163882295 -106.11611042958606 143.1 -50.082617312656545 -104.54494994967837 321.9476 114.985245 -999.0 -999.0 -999.0 -999.0 -999.0 190.1404422149148 25.68137378065935 190.1410179951091 25.53646477799828 62.42136789417138 262.8228132014846 -999.0 6231.0 -999.0 -1 -999 {-999.0 -999.0 -999.0 -999.0 -999.0} "" -999.0 -999.0 -999.0 -999.0 -999 -999 "" "" "" "" 0 0 0.0 0.0 -999 ""
FIBERMAP 1150 R-9C10 APOGEE 0 0 0 1 0 0 16.03960245309249 -160.08554814928476 143.1 10.863795853287959 -160.50576281530323 90.350044 98.064026 -999.0 -999.0 -999.0 -999.0 -999.0 190.44799956446593 25.427766033668846 190.44816295207534 25.282979768308422 62.579785692180025 262.08478415658317 -999.0 16600.0 -999.0 2 180 {-999.0 -999.0 -999.0 -999.0 -999.0} "" -999.0 -999.0 -999.0 -999.0 -999 -999 "" "" "" "" 0 0 0.0 0.0 -999 ""
FIBERMAP 1150 R-9C10 BOSS 1 1 0 1 0 0 16.763618424401034 -159.9781295036686 143.1 11.590837809744928 -160.4217739133119 90.350044 98.064026 190.45157592799055 25.428041262853686 -3.120846 1.1803949 -0.6338021 190.45155543248023 25.428046054571762 190.45182151447727 25.28330216168642 62.58295830722578 262.0826321908527 5400.0 5400.0 2016.0 1 375 {-999.0 21.004623 19.763554 19.196768 18.769678} sdss_fiber2mag_from_lsdr10 19.653013 20.255533 17.982653 15.447 63050395173397710 1059136075 dark_flexible_2x2 bhm_spiders_agn_lsdr10 bhm_spiders science 0 0 0.0 0.0 -999 ""
FIBERMAP 1150 R-9C10 METROLOGY 0 0 0 1 0 0 16.487796553778733 -160.67976324708218 143.1 11.2925416363761 -161.11407987687332 90.350044 98.064026 -999.0 -999.0 -999.0 -999.0 -999.0 190.45007973587514 25.42493860539247 190.45031874792267 25.280183185686028 62.580492291761225 262.07754241046297 -999.0 6231.0 -999.0 -1 -999 {-999.0 -999.0 -999.0 -999.0 -999.0} "" -999.0 -999.0 -999.0 -999.0 -999 -999 "" "" "" "" 0 0 0.0 0.0 -999 ""
FIBERMAP 1151 R-9C4 APOGEE 0 0 0 1 0 0 -122.4985840995052 -186.92781546273991 143.1 -128.45632217391073 -182.860996638278 266.5876 125.16285 -999.0 -999.0 -999.0 -999.0 -999.0 189.74891807849343 25.32701472800015 189.75013098189527 25.182029424326586 61.95887976534736 262.4133310389749 -999.0 16600.0 -999.0 2 -999 {-999.0 -999.0 -999.0 -999.0 -999.0} "" -999.0 -999.0 -999.0 -999.0 -999 -999 "" "" "" "" 0 0 0.0 0.0 -999 ""
FIBERMAP 1151 R-9C4 BOSS 1 1 0 1 0 0 -123.11236446531136 -187.30946412998924 143.1 -129.0820451428021 -183.2226060905966 266.5876 125.16285 189.74564724506612 25.325310744931127 0.01699827 0.20105071 0.26796758 189.74567191116142 25.325313903863204 189.7470009273818 25.180370363020565 61.9556246919246 262.412427155029 5400.0 5400.0 2016.0 1 479 {-999.0 18.832779 18.801252 18.602692 18.791613} sdss_psfmag 18.986052 18.795094 18.425323 -999.0 63050395173373087 1128956080 dark_1x4 bhm_aqmes_wide1 bhm_aqmes science 0 0 0.0 0.0 -999 ""
FIBERMAP 1151 R-9C4 METROLOGY 0 0 0 1 0 0 -123.15541547475463 -186.57393055913462 143.1 -129.10133388904782 -182.48613072056466 266.5876 125.16285 -999.0 -999.0 -999.0 -999.0 -999.0 189.74557691128274 25.32864770646672 189.74687331723828 25.183691430340357 61.95681159656793 262.41902910616875 -999.0 6231.0 -999.0 -1 -999 {-999.0 -999.0 -999.0 -999.0 -999.0} "" -999.0 -999.0 -999.0 -999.0 -999 -999 "" "" "" "" 0 0 0.0 0.0 -999 ""
FIBERMAP 1152 R-9C3 APOGEE 0 0 0 1 0 0 -135.2117030081068 -194.25633669031626 143.1 -141.39820213600404 -189.77480004920278 15.462093 16.94904 -999.0 -999.0 -999.0 -999.0 -999.0 189.68462983470704 25.295949153154094 189.68594782132539 25.150951188485575 61.893270248969536 262.40062250669905 -999.0 16600.0 -999.0 2 256 {-999.0 -999.0 -999.0 -999.0 -999.0} "" -999.0 -999.0 -999.0 -999.0 -999 -999 "" "" "" "" 0 0 0.0 0.0 -999 ""
FIBERMAP 1152 R-9C3 BOSS 1 1 0 1 0 0 -135.83383915225798 -194.64595080888515 143.1 -142.0325328492763 -190.14410046130317 15.462093 16.94904 189.68137647063793 25.294226634222568 -2.6235454 0.5863221 4.367828 189.68135295398048 25.294223845506867 189.6827873427427 25.149267833927635 61.88997939134554 262.3997011269638 5400.0 5400.0 2016.0 1 477 {-999.0 21.176344 20.428658 20.01736 19.737638} sdss_fiber2mag_from_lsdr10 20.181444 20.592813 19.079344 -999.0 63050395173373079 1059134889 dark_flexible_2x2 bhm_spiders_agn_lsdr10 bhm_spiders science 0 0 0.0 0.0 -999 ""
FIBERMAP 1152 R-9C3 METROLOGY 0 0 0 1 0 0 -135.85182597012837 -193.869350676443 143.1 -142.0254474119051 -189.36739234878755 15.462093 16.94904 -999.0 -999.0 -999.0 -999.0 -999.0 189.68138227804957 25.29773286219795 189.68278374852207 25.152764063239598 61.891340035331154 262.4065366640451 -999.0 6231.0 -999.0 -1 -999 {-999.0 -999.0 -999.0 -999.0 -999.0} "" -999.0 -999.0 -999.0 -999.0 -999 -999 "" "" "" "" 0 0 0.0 0.0 -999 ""
FIBERMAP 1153 R-6C11 APOGEE 0 0 0 1 0 0 -18.953555798517293 -122.05248773993183 143.1 -22.88072568837518 -121.36659236156792 244.40295 59.39836 -999.0 -999.0 -999.0 -999.0 -999.0 190.27795935887383 25.605116217881434 190.27829005249612 25.460237743121567 62.50672356494151 262.568005522798 -999.0 16600.0 -999.0 2 -999 {-999.0 -999.0 -999.0 -999.0 -999.0} "" -999.0 -999.0 -999.0 -999.0 -999 -999 "" "" "" "" 0 0 0.0 0.0 -999 ""
FIBERMAP 1153 R-6C11 BOSS 1 1 0 1 0 0 -19.37535272798662 -121.44486267026187 143.1 -23.28265761248355 -120.7457253376252 244.40295 59.39836 190.27609012422363 25.60803123430394 -91.36664 -64.95161 4.7858453 190.27580810516466 25.60783905593395 190.27624947249183 25.463000095459968 62.50608156316579 262.5750622415228 5400.0 5400.0 2016.0 1 386 {-999.0 19.17713 19.196733 19.26466 -999.0} sdss_psfmag 19.233541 19.12576 19.002079 -999.0 63050395173398014 1143500560 dark_1x3 mwm_wd_pwd_boss_1x3 mwm_wd science 0 0 0.0 0.0 -999 ""
FIBERMAP 1153 R-6C11 METROLOGY 0 0 0 1 0 0 -18.628546918150224 -121.38089916930667 143.1 -22.5342420036439 -120.70590058385142 244.40295 59.39836 -999.0 -999.0 -999.0 -999.0 -999.0 190.27961709840383 25.608041346618716 190.28002202058826 25.463192016106674 62.50930082382365 262.5726165434975 -999.0 6231.0 -999.0 -1 -999 {-999.0 -999.0 -999.0 -999.0 -999.0} "" -999.0 -999.0 -999.0 -999.0 -999 -999 "" "" "" "" 0 0 0.0 0.0 -999 ""
FIBERMAP 1156 R-11C14 APOGEE 0 0 0 1 0 0 133.86113364833867 -204.3442634879929 143.1 127.18539429314201 -208.53971771765669 49.458324 108.837875 -999.0 -999.0 -999.0 -999.0 -999.0 191.02993167511875 25.21119104093059 191.02936119676235 25.066650184213138 62.97815495571547 261.1973605819359 -999.0 16600.0 -999.0 2 239 {-999.0 -999.0 -999.0 -999.0 -999.0} "" -999.0 -999.0 -999.0 -999.0 -999 -999 "" "" "" "" 0 0 0.0 0.0 -999 ""
FIBERMAP 1156 R-11C14 BOSS 1 1 0 1 0 0 134.5543461371758 -204.61663438983027 143.1 127.86939549006776 -208.83429326321794 49.458324 108.837875 191.03325208264823 25.209802638038123 -1.7357972 1.0496202 0.22962266 191.03323650390323 25.209808121878982 191.0327674725761 25.06531020422682 62.98045210767272 261.19195153779356 5400.0 5400.0 2016.0 1 255 {-999.0 20.917349 20.675291 20.459799 20.286499} sdss_psfmag_from_gaiadr2 20.567163 20.703808 19.77695 -999.0 63050395173394295 1056684453 dark_flexible_2x2 bhm_gua_dark bhm_filler science 0 0 0.0 0.0 -999 ""
FIBERMAP 1156 R-11C14 METROLOGY 0 0 0 1 0 0 133.97124118821532 -205.08492439671485 143.1 127.27153331227093 -209.2834812572503 49.458324 108.837875 -999.0 -999.0 -999.0 -999.0 -999.0 191.0302559402609 25.207808587756993 191.02976222733582 25.06329827431987 62.977153933590635 261.19027443502966 -999.0 6231.0 -999.0 -1 -999 {-999.0 -999.0 -999.0 -999.0 -999.0} "" -999.0 -999.0 -999.0 -999.0 -999 -999 "" "" "" "" 0 0 0.0 0.0 -999 ""
FIBERMAP 1158 R-5C22 APOGEE 0 0 0 1 0 0 240.9804123509918 -104.06023644405388 143.1 237.4757248552009 -111.77349892335486 270.94214 150.57814 -999.0 -999.0 -999.0 -999.0 -999.0 191.58538831685252 25.646300252623647 191.58380473904208 25.501874960457833 63.61016490210675 261.649654142487 -999.0 16600.0 -999.0 2 211 {-999.0 -999.0 -999.0 -999.0 -999.0} "" -999.0 -999.0 -999.0 -999.0 -999 -999 "" "" "" "" 0 0 0.0 0.0 -999 ""
FIBERMAP 1158 R-5C22 BOSS 1 1 0 1 0 0 240.62550046436775 -104.70932414425104 143.1 237.10008247190393 -112.41073853319534 270.94214 150.57814 191.58288126254578 25.64338998249543 2.0374432 -2.2308319 1.1522609 191.58338468900536 25.6433872316586 191.58190901944636 25.49900108870251 63.60747334711379 261.64518722716457 5400.0 5400.0 2016.0 1 251 {-999.0 14.925327 14.445445 14.279658 14.162515} sdss_psfmag_from_lsdr10 14.827584 14.42561 13.852088 12.797 63050395173396452 1059137220 bright_flexible_2x1 bhm_spiders_agn_lsdr10 bhm_spiders science 0 0 1.6619778871536255 0.0 -999 ""
FIBERMAP 1158 R-5C22 METROLOGY 0 0 0 1 0 0 240.23720208540058 -104.07524654399833 143.1 236.732482356284 -111.76451608834869 270.94214 150.57814 -999.0 -999.0 -999.0 -999.0 -999.0 191.58163821524352 25.646320982071106 191.58013424563137 25.50192241283169 63.607129558937714 261.65264222638496 -999.0 6231.0 -999.0 -1 -999 {-999.0 -999.0 -999.0 -999.0 -999.0} "" -999.0 -999.0 -999.0 -999.0 -999 -999 "" "" "" "" 0 0 0.0 0.0 -999 ""
FIBERMAP 1162 R-2C6 APOGEE 0 0 0 1 0 0 -146.01780916571252 -24.735369059529955 143.1 -146.72719945895636 -20.008245827252136 86.8017 77.90561 -999.0 -999.0 -999.0 -999.0 -999.0 189.65088076792182 26.06468811897351 189.65193653091183 25.91952219044972 62.15633809585571 263.94153055082785 -999.0 16600.0 -999.0 2 -999 {-999.0 -999.0 -999.0 -999.0 -999.0} "" -999.0 -999.0 -999.0 -999.0 -999 -999 "" "" "" "" 0 0 0.0 0.0 -999 ""
FIBERMAP 1162 R-2C6 BOSS 1 1 0 1 0 0 -145.28720471048666 -24.924007759490134 143.1 -146.00312695988382 -20.22034677082511 86.8017 77.90561 189.65433396113863 26.06369809689063 12.3810425 -3.145014 3.0385017 189.65436219427312 26.063691531070244 189.655524729126 25.918566565930696 62.15898650176772 263.9370831328632 5400.0 5400.0 2016.0 1 472 {-999.0 19.27626 19.472628 19.63945 -999.0} sdss_psfmag 19.385958 19.353214 19.351751 -999.0 63050395173386554 1143500430 dark_1x3 mwm_wd_pwd_boss_1x3 mwm_wd science 0 0 0.0 0.0 -999 ""
FIBERMAP 1162 R-2C6 METROLOGY 0 0 0 1 0 0 -145.81216710147532 -25.45256730403984 143.1 -146.5448268832693 -20.73164392827565 86.8017 77.90561 -999.0 -999.0 -999.0 -999.0 -999.0 189.65169035009635 26.061367962124937 189.65282618116805 25.916231436417856 62.155869843545 263.9343492831259 -999.0 6231.0 -999.0 -1 -999 {-999.0 -999.0 -999.0 -999.0 -999.0} "" -999.0 -999.0 -999.0 -999.0 -999 -999 "" "" "" "" 0 0 0.0 0.0 -999 ""
FIBERMAP 1163 R-8C7 APOGEE 0 0 0 1 0 0 -65.4427989372707 -169.99470645969205 143.1 -70.8888076263034 -167.77941082384362 289.23035 104.00285 -999.0 -999.0 -999.0 -999.0 -999.0 190.03689757889802 25.39496810154414 190.0376675668183 25.25005656978296 62.224988836882254 262.3310078637142 -999.0 16600.0 -999.0 2 -999 {-999.0 -999.0 -999.0 -999.0 -999.0} "" -999.0 -999.0 -999.0 -999.0 -999 -999 "" "" "" "" 0 0 0.0 0.0 -999 ""
FIBERMAP 1163 R-8C7 BOSS 1 1 0 1 0 0 -66.05473541456529 -170.43082546098694 143.1 -71.51444561603479 -168.19551697509115 289.23035 104.00285 190.03363264636607 25.39299344729433 0.0223977 0.58043873 -0.6711959 190.03363186671194 25.39299714880177 190.0345170106964 25.248126828429175 62.22161330336997 262.32956896824146 5400.0 5400.0 2016.0 1 401 {-999.0 20.120516 20.17911 20.060373 19.925022} sdss_psfmag_from_lsdr10 20.341593 20.201391 19.660192 -999.0 63050395173372715 1059136057 dark_flexible_2x2 bhm_spiders_agn_lsdr10 bhm_spiders science 0 0 0.0 0.0 -999 ""
FIBERMAP 1163 R-8C7 METROLOGY 0 0 0 1 0 0 -66.11932753421172 -169.68010983219455 143.1 -71.55477243406008 -167.44317364006298 289.23035 104.00285 -999.0 -999.0 -999.0 -999.0 -999.0 190.0334469664522 25.39641619267613 190.03429986285084 25.25153324759626 62.22275614356492 262.3364674424024 -999.0 6231.0 -999.0 -1 -999 {-999.0 -999.0 -999.0 -999.0 -999.0} "" -999.0 -999.0 -999.0 -999.0 -999 -999 "" "" "" "" 0 0 0.0 0.0 -999 ""
FIBERMAP 1167 R-3C5 APOGEE 1 1 0 1 0 0 -177.9909967581039 -70.15169521358006 143.1 -180.146545122117 -64.36514949419433 246.46165 100.45818 189.48455603559196 25.862557198188927 -12.576406 -8.939372 11.626215 189.48451856811042 25.862534844719924 189.48590041420584 25.717362242837343 61.94255306631386 263.65926227261986 16000.0 16600.0 2016.0 2 264 {-999.0 15.801973 14.381078 13.352509 -999.0} sdss_psfmag_from_g3xp 15.228456 14.0227785 12.932301 10.893 63050395173386398 984775421 bright_1x1 mwm_snc_100pc_apogee mwm_snc science 0 0 0.0 0.0 -999 ""
FIBERMAP 1167 R-3C5 BOSS 0 0 0 1 0 0 -178.73203878546244 -69.98244691015981 143.1 -180.88167458209873 -64.17209032433986 246.46165 100.45818 -999.0 -999.0 -999.0 -999.0 -999.0 189.4806583146119 25.863338083758205 189.48215762886662 25.718204884342956 61.939739793389194 263.66360157941017 -999.0 5400.0 -999.0 1 466 {-999.0 -999.0 -999.0 -999.0 -999.0} "" -999.0 -999.0 -999.0 -999.0 -999 -999 "" "" "" "" 0 0 0.0 0.0 -999 ""
FIBERMAP 1167 R-3C5 METROLOGY 0 0 0 1 0 0 -178.2090537845753 -69.43889404160775 143.1 -180.3414670030248 -63.64574515299251 246.46165 100.45818 -999.0 -999.0 -999.0 -999.0 -999.0 189.4833845975432 25.865751039306677 189.4848471741209 25.720606589229064 61.942884496667546 263.66641428464504 -999.0 6231.0 -999.0 -1 -999 {-999.0 -999.0 -999.0 -999.0 -999.0} "" -999.0 -999.0 -999.0 -999.0 -999 -999 "" "" "" "" 0 0 0.0 0.0 -999 ""
FIBERMAP 1169 R-11C9 APOGEE 0 0 0 1 0 0 17.481511988537964 -221.76303781666448 143.1 10.314461723727293 -222.1922606277282 282.81644 139.60252 -999.0 -999.0 -999.0 -999.0 -999.0 190.44486608304916 25.149828688758205 190.44515823303357 25.005098991369493 62.468005047624345 261.53334426491085 -999.0 16600.0 -999.0 2 168 {-999.0 -999.0 -999.0 -999.0 -999.0} "" -999.0 -999.0 -999.0 -999.0 -999 -999 "" "" "" "" 0 0 0.0 0.0 -999 ""
FIBERMAP 1169 R-11C9 BOSS 1 1 0 1 0 0 17.16613665595867 -222.43868693595311 143.1 9.977474689836395 -222.85732136364467 282.81644 139.60252 190.44272702035923 25.1468258131007 -64.22814 -18.919495 1.3788548 190.44306792374573 25.14676342316313 190.4434718421261 25.00207607401696 62.46540166744778 261.5286562733181 5400.0 5400.0 2016.0 1 361 {-999.0 14.462452 14.107218 13.981833 -999.0} sdss_psfmag_from_g3xp 14.402176 14.110639 13.649226 12.819 63050395173369312 1135983050 dark_flexible_3x1 mwm_halo_local_high_boss_triple mwm_halo science 0 0 1.7739135026931763 0.0 -999 ""
FIBERMAP 1169 R-11C9 METROLOGY 0 0 0 1 0 0 16.734386232539066 -221.82398863163158 143.1 9.565823584402835 -222.2290642035196 282.81644 139.60252 -999.0 -999.0 -999.0 -999.0 -999.0 190.44104005715045 25.14960255741335 190.44141504546235 25.004901952687312 62.46481350240737 261.5358678058609 -999.0 6231.0 -999.0 -1 -999 {-999.0 -999.0 -999.0 -999.0 -999.0} "" -999.0 -999.0 -999.0 -999.0 -999 -999 "" "" "" "" 0 0 0.0 0.0 -999 ""
FIBERMAP 1170 R-5C6 APOGEE 0 0 0 1 0 0 -120.59811216645949 -78.03560221736535 143.1 -123.04299495524367 -74.09636000831694 127.270935 63.242447 -999.0 -999.0 -999.0 -999.0 -999.0 189.7718825047272 25.819241416531412 189.7728602142381 25.674161610485662 62.16612458479408 263.3670942885658 -999.0 16600.0 -999.0 2 -999 {-999.0 -999.0 -999.0 -999.0 -999.0} "" -999.0 -999.0 -999.0 -999.0 -999 -999 "" "" "" "" 0 0 0.0 0.0 -999 ""
FIBERMAP 1170 R-5C6 BOSS 1 1 0 1 0 0 -119.87396388555234 -77.8769857951483 143.1 -122.31416858933163 -73.96120874689558 127.270935 63.242447 189.77538947609594 25.819804435358414 -0.042880416 -1.0315781 1.5346066 189.77538458422228 25.819793824669237 189.7764678242454 25.674755464757624 62.16936094702517 263.3656568014433 5400.0 5400.0 2016.0 1 456 {-999.0 20.089298 20.203392 20.060648 19.893044} sdss_psfmag_from_lsdr10 20.384928 20.379623 19.785067 -999.0 63050395173374079 1059137195 dark_flexible_2x2 bhm_spiders_agn_lsdr10 bhm_spiders science 0 0 0.0 0.0 -999 ""
FIBERMAP 1170 R-5C6 METROLOGY 0 0 0 1 0 0 -120.10619818766259 -78.59656800774478 143.1 -122.56948291874393 -74.67285885499146 127.270935 63.242447 -999.0 -999.0 -999.0 -999.0 -999.0 189.77416205319696 25.816575007182784 189.775216985312 25.67152547146647 62.16710261395059 263.36015263141024 -999.0 6231.0 -999.0 -1 -999 {-999.0 -999.0 -999.0 -999.0 -999.0} "" -999.0 -999.0 -999.0 -999.0 -999 -999 "" "" "" "" 0 0 0.0 0.0 -999 ""
FIBERMAP 1172 R-3C6 APOGEE 0 0 0 1 0 0 -154.09565718926603 -55.72625207068315 143.1 -155.80022592238942 -50.71959815858279 116.5625 154.40292 -999.0 -999.0 -999.0 -999.0 -999.0 189.60620875043998 25.924935937613306 189.6073867929308 25.7797855997426 62.067360749586896 263.69574764947384 -999.0 16600.0 -999.0 2 -999 {-999.0 -999.0 -999.0 -999.0 -999.0} "" -999.0 -999.0 -999.0 -999.0 -999 -999 "" "" "" "" 0 0 0.0 0.0 -999 ""
FIBERMAP 1172 R-3C6 BOSS 1 1 0 1 0 0 -154.12255491255817 -54.985474938233835 143.1 -155.80320199713526 -49.97840369241966 116.5625 154.40292 189.60601233881206 25.92827244274349 -3.6439843 -6.391996 0.43466786 189.60599476306132 25.928244578299697 189.60728342991388 25.783133792591144 62.06852020161494 263.7024561155708 5400.0 5400.0 2016.0 1 467 {-999.0 17.0563 16.642445 16.526638 -999.0} sdss_psfmag 16.974678 16.661432 16.194654 15.435 63050395173386503 977060489 "" ops_std_boss ops_std standard_boss 0 0 0.0 0.0 -999 ""
FIBERMAP 1172 R-3C6 METROLOGY 0 0 0 1 0 0 -153.46205193891558 -55.33228967750311 143.1 -155.15429275923162 -50.3463222316063 116.5625 154.40292 -999.0 -999.0 -999.0 -999.0 -999.0 189.6093149904476 25.92660009179561 189.61056778340208 25.781479192501557 62.070649638123925 263.6968280455704 -999.0 6231.0 -999.0 -1 -999 {-999.0 -999.0 -999.0 -999.0 -999.0} "" -999.0 -999.0 -999.0 -999.0 -999 -999 "" "" "" "" 0 0 0.0 0.0 -999 ""
FIBERMAP 1174 R-1C1 APOGEE 0 0 0 1 0 0 -292.9755575301347 -12.81097374143867 143.1 -293.2107355638808 -3.348697821640044 162.86201 105.78445 -999.0 -999.0 -999.0 -999.0 -999.0 188.91863885117186 26.1351735863725 188.9207533842458 25.989791430312078 61.57031202235859 264.59078835524735 -999.0 16600.0 -999.0 2 293 {-999.0 -999.0 -999.0 -999.0 -999.0} "" -999.0 -999.0 -999.0 -999.0 -999 -999 "" "" "" "" 0 0 0.0 0.0 -999 ""
FIBERMAP 1174 R-1C1 BOSS 1 1 0 1 0 0 -293.01148852746985 -12.073489079834921 143.1 -293.22284566688927 -2.6105023145530373 162.86201 105.78445 188.91846137089107 26.138469462394653 1.0341429 0.3358173 0.277368 188.91844721509548 26.138466309433124 188.92067541239692 25.993123695710572 61.57146021632724 264.59736087379815 5400.0 5400.0 2016.0 1 425 {-999.0 19.977003 19.829824 19.70396 19.585297} sdss_psfmag_from_gdr3 19.802975 19.806795 19.194767 -999.0 63050395173387449 1128676970 dark_flexible_3x1 bhm_spiders_agn_gaiadr3_d3 bhm_spiders science 0 0 0.0 0.0 -999 ""
FIBERMAP 1174 R-1C1 METROLOGY 0 0 0 1 0 0 -292.33978001855263 -12.420592446797281 143.1 -292.562747025057 -2.9790709146121426 162.86201 105.78445 -999.0 -999.0 -999.0 -999.0 -999.0 188.92175396772424 26.136845006705812 188.92394535877895 25.991492169709062 61.57360352721412 264.5919206690383 -999.0 6231.0 -999.0 -1 -999 {-999.0 -999.0 -999.0 -999.0 -999.0} "" -999.0 -999.0 -999.0 -999.0 -999 -999 "" "" "" "" 0 0 0.0 0.0 -999 ""
FIBERMAP 1176 R+12C11 APOGEE 0 0 0 1 0 0 63.20364876089902 243.77955293215197 143.1 71.03209718564486 241.59162701643027 97.96843 128.36105 -999.0 -999.0 -999.0 -999.0 -999.0 190.75586973085476 27.25053384817577 190.75473965353206 27.105477355577296 63.49776639091894 265.6108809851205 -999.0 16600.0 -999.0 2 -999 {-999.0 -999.0 -999.0 -999.0 -999.0} "" -999.0 -999.0 -999.0 -999.0 -999 -999 "" "" "" "" 0 0 0.0 0.0 -999 ""
FIBERMAP 1176 R+12C11 BOSS 1 1 0 1 0 0 63.70336766113549 244.3217129338402 143.1 71.54900787001311 242.1173309781371 97.96843 128.36105 190.75839550405632 27.252853497575416 -999.0 -999.0 -999.0 190.7583959308843 27.252851517030543 190.75736864111047 27.107829634031397 63.50076087424493 265.61408419933815 5400.0 5400.0 2016.0 1 102 {-999.0 21.272667 20.020113 19.537546 19.186222} sdss_fiber2mag_from_lsdr10 20.046541 20.804068 18.333963 16.162 63050395173415326 1058179872 dark_flexible_2x2 bhm_spiders_clusters_lsdr10 bhm_spiders science 0 0 0.0 0.0 -999 ""
FIBERMAP 1176 R+12C11 METROLOGY 0 0 0 1 0 0 63.92942550123458 243.60660755435975 143.1 71.75185133900953 241.39536564060333 97.96843 128.36105 -999.0 -999.0 -999.0 -999.0 -999.0 190.75945889307656 27.249623604067523 190.75840093519332 27.104593054637846 63.500538913639986 265.6065600830387 -999.0 6231.0 -999.0 -1 -999 {-999.0 -999.0 -999.0 -999.0 -999.0} "" -999.0 -999.0 -999.0 -999.0 -999 -999 "" "" "" "" 0 0 0.0 0.0 -999 ""
FIBERMAP 1177 R+4C12 APOGEE 0 0 0 1 0 0 12.254517406998872 71.42243702221583 143.1 14.551903302446055 70.98352536648136 341.1587 110.80148 -999.0 -999.0 -999.0 -999.0 -999.0 190.4678344386817 26.48054664550711 190.46749595699714 26.335550256976262 62.989696416334496 264.2051093642582 -999.0 16600.0 -999.0 2 -999 {-999.0 -999.0 -999.0 -999.0 -999.0} "" -999.0 -999.0 -999.0 -999.0 -999 -999 "" "" "" "" 0 0 0.0 0.0 -999 ""
FIBERMAP 1177 R+4C12 BOSS 1 1 0 1 0 0 12.286653535428211 70.68019129107238 143.1 14.560067202926444 70.24069414887455 341.1587 110.80148 190.46777196155384 26.477152155860587 -999.0 -999.0 -999.0 190.46777304081644 26.477166699111248 190.467544631411 26.332208342068903 62.98853835460952 264.19820616716265 5400.0 5400.0 2016.0 1 115 {-999.0 22.636839 22.545835 21.953672 21.494959} sdss_fiber2mag_from_lsdr10 nan nan nan -999.0 63050398343557925 1059140659 dark_flexible_2x2 bhm_spiders_agn_lsdr10 bhm_spiders science 0 0 0.0 0.0 -999 ""
FIBERMAP 1177 R+4C12 METROLOGY 0 0 0 1 0 0 11.624634232857677 71.02255057902775 143.1 13.909498778732845 70.60420888010097 341.1587 110.80148 -999.0 -999.0 -999.0 -999.0 -999.0 190.46449337670867 26.478827713755607 190.46423840800412 26.33385734327894 62.98636398761889 264.20393557777777 -999.0 6231.0 -999.0 -1 -999 {-999.0 -999.0 -999.0 -999.0 -999.0} "" -999.0 -999.0 -999.0 -999.0 -999 -999 "" "" "" "" 0 0 0.0 0.0 -999 ""
FIBERMAP 1189 R-13C11 APOGEE 1 1 0 1 0 0 85.57448153469161 -272.352612369216 143.1 76.73345184627934 -274.9484552274511 354.23843 35.538982 190.7753833565794 24.914449759897074 -3.9525778 -9.98174 0.44304007 190.77535685477514 24.9144142651685 190.77528746337987 24.769845498622093 62.64792069815988 260.80502020028666 16000.0 16600.0 2016.0 2 189 {-999.0 13.343442 12.627646 12.348991 -999.0} sdss_psfmag_from_g3xp 13.14891 12.655599 12.000055 10.645 63050395173368963 1107444611 bright_flexible_2x1 mwm_tess_rgb_apogee mwm_tessrgb science 0 0 0.0 0.0 -999 ""
FIBERMAP 1189 R-13C11 BOSS 0 0 0 1 0 0 84.93748710319123 -272.7203189212303 143.1 76.08497885427076 -275.29538191593366 354.23843 35.538982 -999.0 -999.0 -999.0 -999.0 -999.0 190.77200657558174 24.91283896783461 190.77204904485063 24.76831220564585 62.6446110972706 260.8045634427253 -999.0 5400.0 -999.0 1 336 {-999.0 -999.0 -999.0 -999.0 -999.0} "" -999.0 -999.0 -999.0 -999.0 -999 -999 "" "" "" "" 0 0 0.0 0.0 -999 ""
FIBERMAP 1189 R-13C11 METROLOGY 0 0 0 1 0 0 84.94741975558529 -271.950025308022 143.1 76.11976326155076 -274.52587746254966 354.23843 35.538982 -999.0 -999.0 -999.0 -999.0 -999.0 190.77224033830205 24.916268052067636 190.7722507336864 24.771728507217656 62.646163081004026 260.81119882580845 -999.0 6231.0 -999.0 -1 -999 {-999.0 -999.0 -999.0 -999.0 -999.0} "" -999.0 -999.0 -999.0 -999.0 -999 -999 "" "" "" "" 0 0 0.0 0.0 -999 ""
FIBERMAP 1190 R+13C5 APOGEE 0 0 0 1 0 0 -67.92150053696922 263.4281609424156 143.1 -59.37920743346807 265.45976183181574 158.55821 90.67358 -999.0 -999.0 -999.0 -999.0 -999.0 190.09186714434423 27.357533019762574 190.09171484908995 27.212237240331753 62.97725796001329 266.27148209599704 -999.0 16600.0 -999.0 2 111 {-999.0 -999.0 -999.0 -999.0 -999.0} "" -999.0 -999.0 -999.0 -999.0 -999 -999 "" "" "" "" 0 0 0.0 0.0 -999 ""
FIBERMAP 1190 R+13C5 BOSS 1 1 0 1 0 0 -67.68253807260662 264.12773961766214 143.1 -59.117814560180804 266.151203450733 158.55821 90.67358 190.09308568501987 27.3606084853667 1.2665766 -4.9941564 0.2777738 190.09309152199208 27.360583088348566 190.09304654750156 27.215321575277304 62.97939702505682 266.2770242384918 5400.0 5400.0 2016.0 1 85 {-999.0 16.832462 16.448336 16.303604 -999.0} sdss_psfmag 16.75257 16.458073 15.968839 15.167 63050395173416027 977060636 "" ops_std_boss ops_std standard_boss 0 0 0.0 0.0 -999 ""
FIBERMAP 1190 R+13C5 METROLOGY 0 0 0 1 0 0 -67.1833144148833 263.57279372909636 143.1 -58.636803026247954 265.5804849561612 158.55821 90.67358 -999.0 -999.0 -999.0 -999.0 -999.0 190.0955658519252 27.35806316485067 190.0954867974508 27.212793161940272 62.98060716817173 266.2701906887887 -999.0 6231.0 -999.0 -1 -999 {-999.0 -999.0 -999.0 -999.0 -999.0} "" -999.0 -999.0 -999.0 -999.0 -999 -999 "" "" "" "" 0 0 0.0 0.0 -999 ""
FIBERMAP 1192 R-11C4 APOGEE 0 0 0 1 0 0 -89.82644747276173 -222.84164166260615 143.1 -96.96302135360612 -219.80732153076548 330.796 107.18743 -999.0 -999.0 -999.0 -999.0 -999.0 189.90789910839553 25.16089954775475 189.9089527865633 25.015996596192 62.02609973251626 261.967988032674 -999.0 16600.0 -999.0 2 164 {-999.0 -999.0 -999.0 -999.0 -999.0} "" -999.0 -999.0 -999.0 -999.0 -999 -999 "" "" "" "" 0 0 0.0 0.0 -999 ""
FIBERMAP 1192 R-11C4 BOSS 1 1 0 1 0 0 -89.97605687926811 -223.56820664607238 143.1 -97.13598639221635 -220.52861651231422 330.796 107.18743 189.90692138671878 25.157617597215122 -999.0 -999.0 -999.0 189.9069407742572 25.157598614180635 189.90810720842148 25.012738883701232 62.02410985826043 261.96225181486454 5400.0 5400.0 2015.5 1 349 {-999.0 -999.0 -999.0 -999.0 -999.0} "" -999.0 -999.0 -999.0 -999.0 27021603145535720 812565273 "" ops_sky_boss_good ops_sky sky_boss 0 0 0.0 0.0 -999 ""
FIBERMAP 1192 R-11C4 METROLOGY 0 0 0 1 0 0 -90.53545143712951 -223.07909132238206 143.1 -97.67925660825131 -220.0217467849503 330.796 107.18743 -999.0 -999.0 -999.0 -999.0 -999.0 189.904241386201 25.15989183705742 189.90537955239654 25.01501866479213 62.0227385834778 261.9687968034876 -999.0 6231.0 -999.0 -1 -999 {-999.0 -999.0 -999.0 -999.0 -999.0} "" -999.0 -999.0 -999.0 -999.0 -999 -999 "" "" "" "" 0 0 0.0 0.0 -999 ""
FIBERMAP 1194 R-7C9 APOGEE 0 0 0 1 0 0 -35.70395503907596 -156.95004476751663 143.1 -40.74709771670918 -155.70237399736058 326.35687 40.177284 -999.0 -999.0 -999.0 -999.0 -999.0 190.1882250969635 25.449550719729622 190.1887534563673 25.304675596918784 62.37209731730451 262.32521676980474 -999.0 16600.0 -999.0 2 171 {-999.0 -999.0 -999.0 -999.0 -999.0} "" -999.0 -999.0 -999.0 -999.0 -999 -999 "" "" "" "" 0 0 0.0 0.0 -999 ""
FIBERMAP 1194 R-7C9 BOSS 1 1 0 1 0 0 -36.44477645711197 -157.00778440553103 143.1 -41.489331727032145 -155.7361717942465 326.35687 40.177284 190.18437439749871 25.449302953647816 -0.08030297 0.6045775 0.26494357 190.18436512265794 25.44930123250001 190.18500819274732 25.304466385500916 62.36889509218224 262.3276313139254 5400.0 5400.0 2016.0 1 388 {-999.0 19.725805 19.734789 19.633762 19.524324} sdss_psfmag_from_lsdr10 20.122343 19.857437 19.585867 -999.0 63050395173372812 1059136061 dark_flexible_2x2 bhm_spiders_agn_lsdr10 bhm_spiders science 0 0 0.0 0.0 -999 ""
FIBERMAP 1194 R-7C9 METROLOGY 0 0 0 1 0 0 -36.12606563005046 -156.33358414840546 143.1 -41.14905798346899 -155.0726666772786 326.35687 40.177284 -999.0 -999.0 -999.0 -999.0 -999.0 190.18610338641474 25.45232485002783 190.18671173560756 25.30747817495177 62.371482193569484 262.33233066093595 -999.0 6231.0 -999.0 -1 -999 {-999.0 -999.0 -999.0 -999.0 -999.0} "" -999.0 -999.0 -999.0 -999.0 -999 -999 "" "" "" "" 0 0 0.0 0.0 -999 ""
FIBERMAP 1200 R+2C7 APOGEE 0 0 0 1 0 0 -118.9147593865451 27.919846102249544 143.1 -117.94142581573008 31.740304905637174 8.649428 64.96029 -999.0 -999.0 -999.0 -999.0 -999.0 189.7950885408132 26.300702318060356 189.7958336036089 26.155530811644947 62.36287844626406 264.3121384699538 -999.0 16600.0 -999.0 2 146 {-999.0 -999.0 -999.0 -999.0 -999.0} "" -999.0 -999.0 -999.0 -999.0 -999 -999 "" "" "" "" 0 0 0.0 0.0 -999 ""
FIBERMAP 1200 R+2C7 BOSS 1 1 0 1 0 0 -119.0955948579151 27.200329342525546 143.1 -118.1453704719859 31.027061542116066 8.649428 64.96029 189.79390949300245 26.297419110949498 -999.0 -999.0 -999.0 189.7938989830556 26.297428013418774 189.79475825724603 26.152295547298827 62.3608075170832 264.3063904278352 5400.0 5400.0 2016.0 1 47 {-999.0 22.949196 22.63067 22.045654 21.590899} sdss_fiber2mag_from_lsdr10 nan nan nan -999.0 63050398333694992 1059139549 dark_flexible_2x2 bhm_spiders_agn_lsdr10 bhm_spiders science 0 0 0.0 0.0 -999 ""
FIBERMAP 1200 R+2C7 METROLOGY 0 0 0 1 0 0 -119.63343869620347 27.72150799598632 143.1 -118.66606837812596 31.56527963916101 8.649428 64.96029 -999.0 -999.0 -999.0 -999.0 -999.0 189.79129604696777 26.299873222421933 189.79212672275548 26.154728498304927 62.35948634081511 264.3131223618821 -999.0 6231.0 -999.0 -1 -999 {-999.0 -999.0 -999.0 -999.0 -999.0} "" -999.0 -999.0 -999.0 -999.0 -999 -999 "" "" "" "" 0 0 0.0 0.0 -999 ""
FIBERMAP 1203 R-3C1 APOGEE 0 0 0 1 0 0 -251.45831556194977 -68.35823930330272 143.1 -253.51129241043262 -60.20195397865693 291.49606 127.34864 -999.0 -999.0 -999.0 -999.0 -999.0 189.11841283653231 25.879710909598987 189.1203263221788 25.734433505386882 61.64330584219393 263.95247387586744 -999.0 16600.0 -999.0 2 269 {-999.0 -999.0 -999.0 -999.0 -999.0} "" -999.0 -999.0 -999.0 -999.0 -999 -999 "" "" "" "" 0 0 0.0 0.0 -999 ""
FIBERMAP 1203 R-3C1 BOSS 1 1 0 1 0 0 -251.82978328360153 -68.98761533373394 143.1 -253.9028444501927 -60.81895964494344 291.49606 127.34864 189.11637539007535 25.876834349471764 -999.0 -999.0 -999.0 189.1163843252845 25.87686722777164 189.11841547670167 25.731630875876565 61.64066558670926 263.9483445911919 5400.0 5400.0 2016.0 1 496 {-999.0 20.638435 19.42183 18.94205 18.5873} sdss_fiber2mag_from_lsdr10 19.27944 20.47343 17.669224 15.44 63050395173386232 1058177476 dark_flexible_2x2 bhm_spiders_clusters_lsdr10 bhm_spiders science 0 0 0.0 0.0 -999 ""
FIBERMAP 1203 R-3C1 METROLOGY 0 0 0 1 0 0 -252.2007815012161 -68.35157700812825 143.1 -254.2530916557692 -60.17133595330273 291.49606 127.34864 -999.0 -999.0 -999.0 -999.0 -999.0 189.11464333393258 25.879798272695655 189.11664375732312 25.73454922529319 61.64026950192881 263.95529738161434 -999.0 6231.0 -999.0 -1 -999 {-999.0 -999.0 -999.0 -999.0 -999.0} "" -999.0 -999.0 -999.0 -999.0 -999 -999 "" "" "" "" 0 0 0.0 0.0 -999 ""
FIBERMAP 1207 R-4C13 APOGEE 0 0 0 1 0 0 35.74638331521585 -89.2478955680368 143.1 32.84455752228299 -90.34715475313284 353.93372 78.24061 -999.0 -999.0 -999.0 -999.0 -999.0 190.55947205602376 25.745878596934883 190.5593305007195 25.60106373720136 62.794888287896796 262.6403640126864 -999.0 16600.0 -999.0 2 -999 {-999.0 -999.0 -999.0 -999.0 -999.0} "" -999.0 -999.0 -999.0 -999.0 -999 -999 "" "" "" "" 0 0 0.0 0.0 -999 ""
FIBERMAP 1207 R-4C13 BOSS 1 1 0 1 0 0 35.54421058998175 -89.94295385187834 143.1 32.62007788166383 -91.03526595581343 353.93372 78.24061 190.55825670246156 25.742724342990616 -0.5186034 0.04056975 -0.42208636 190.55823995544299 25.74266706746079 190.55820933194138 25.597892435010227 62.79274616344487 262.63479152811726 5400.0 5400.0 2016.0 1 363 {-999.0 20.154352 19.863634 19.688036 19.539782} sdss_psfmag_from_lsdr10 19.993402 19.763165 19.211246 -999.0 63050395173398094 1059137207 dark_flexible_2x2 bhm_spiders_agn_lsdr10 bhm_spiders science 0 0 0.0 0.0 -999 ""
FIBERMAP 1207 R-4C13 METROLOGY 0 0 0 1 0 0 35.01870912409264 -89.41267497234746 143.1 32.11200850841724 -90.48835146418331 353.93372 78.24061 -999.0 -999.0 -999.0 -999.0 -999.0 190.5557056488137 25.74517542268478 190.55564707366568 25.600388088030954 62.79155932195241 262.6417626945822 -999.0 6231.0 -999.0 -1 -999 {-999.0 -999.0 -999.0 -999.0 -999.0} "" -999.0 -999.0 -999.0 -999.0 -999 -999 "" "" "" "" 0 0 0.0 0.0 -999 ""
FIBERMAP 1208 R-3C19 APOGEE 0 0 0 1 0 0 163.1737594938532 -48.1362482868178 143.1 161.52110544234014 -53.37267015320607 84.59733 48.55294 -999.0 -999.0 -999.0 -999.0 -999.0 191.2095312802321 25.912244628058108 191.20836169058498 25.7676234080311 63.3992523653595 262.4904994846474 -999.0 16600.0 -999.0 2 -999 {-999.0 -999.0 -999.0 -999.0 -999.0} "" -999.0 -999.0 -999.0 -999.0 -999 -999 "" "" "" "" 0 0 0.0 0.0 -999 ""
FIBERMAP 1208 R-3C19 BOSS 1 1 0 1 0 0 163.6909644073807 -48.64505656632598 143.1 162.0215761786901 -53.897859372700005 84.59733 48.55294 191.21197467030453 25.909799366469716 -0.5494707 0.13010916 -0.3361596 191.21197821483986 25.90979187533494 191.21091139122075 25.765210754564723 63.40046536129385 262.48357181656496 5400.0 5400.0 2016.0 1 289 {-999.0 19.780212 19.607855 19.451475 19.30267} sdss_psfmag_from_gdr3 19.858015 19.611609 19.17996 -999.0 63050395173398422 1128677081 dark_flexible_3x1 bhm_spiders_agn_gaiadr3_d3 bhm_spiders science 0 0 0.0 0.0 -999 ""
FIBERMAP 1208 R-3C19 METROLOGY 0 0 0 1 0 0 162.98030881649538 -48.85683056244051 143.1 161.30451887009454 -54.08657128477125 84.59733 48.55294 -999.0 -999.0 -999.0 -999.0 -999.0 191.208385232314 25.908965101549644 191.2072942852484 25.76437187568495 63.39713258683456 262.48458969235213 -999.0 6231.0 -999.0 -1 -999 {-999.0 -999.0 -999.0 -999.0 -999.0} "" -999.0 -999.0 -999.0 -999.0 -999 -999 "" "" "" "" 0 0 0.0 0.0 -999 ""
FIBERMAP 1213 R+9C2 APOGEE 0 0 0 1 0 0 -164.25853768647394 161.3407286182935 143.1 -158.95205297100063 166.5432860520672 291.9654 113.24192 -999.0 -999.0 -999.0 -999.0 -999.0 189.5860348114536 26.910190314795635 189.58684701856293 26.764833210380456 62.40277650321143 265.68443048453963 -999.0 16600.0 -999.0 2 -999 {-999.0 -999.0 -999.0 -999.0 -999.0} "" -999.0 -999.0 -999.0 -999.0 -999 -999 "" "" "" "" 0 0 0.0 0.0 -999 ""
FIBERMAP 1213 R+9C2 BOSS 1 1 0 1 0 0 -164.78547936205254 160.8107152404886 143.1 -159.49577789082508 166.03059981843788 291.9654 113.24192 189.5831187114174 26.907838857043682 -999.0 -999.0 -999.0 189.58314654675524 26.907840695570428 189.58407642776842 26.76251993565006 62.399658433342296 265.68157625559957 5400.0 5400.0 2016.0 1 19 {-999.0 21.665518 21.731335 21.606302 21.463448} sdss_psfmag_from_lsdr10 nan nan nan -999.0 63050397618794395 1059142785 dark_flexible_2x2 bhm_spiders_agn_lsdr10 bhm_spiders science 0 0 0.0 0.0 -999 ""
FIBERMAP 1213 R+9C2 METROLOGY 0 0 0 1 0 0 -164.9791527583058 161.53405709203847 143.1 -159.6659908224002 166.75975155339728 291.9654 113.24192 -999.0 -999.0 -999.0 -999.0 -999.0 189.582323527323 26.911121596373253 189.58322151996595 26.76578952414004 62.40006510673588 265.68876987124787 -999.0 6231.0 -999.0 -1 -999 {-999.0 -999.0 -999.0 -999.0 -999.0} "" -999.0 -999.0 -999.0 -999.0 -999 -999 "" "" "" "" 0 0 0.0 0.0 -999 ""
FIBERMAP 1215 R-1C15 APOGEE 0 0 0 1 0 0 27.122246933515108 -5.812019844289603 143.1 26.91818935561352 -6.683733748786219 129.36128 101.60522 -999.0 -999.0 -999.0 -999.0 -999.0 190.53023454340976 26.12676627566183 190.52996308164768 25.981863186121267 62.91317087854921 263.4358134080296 -999.0 16600.0 -999.0 2 -999 {-999.0 -999.0 -999.0 -999.0 -999.0} "" -999.0 -999.0 -999.0 -999.0 -999 -999 "" "" "" "" 0 0 0.0 0.0 -999 ""
FIBERMAP 1215 R-1C15 BOSS 1 1 0 1 0 0 27.576012760020184 -5.225379803831553 143.1 27.39061031823328 -6.112093877960377 129.36128 101.60522 190.53256203911008 26.12934632740265 -999.0 -999.0 -999.0 190.53254521476293 26.12932551315549 190.5323771696476 25.984461244919746 62.91614704763548 263.4393558577782 5400.0 5400.0 2016.0 1 272 {-999.0 23.047817 21.912842 21.276117 20.805916} sdss_fiber2mag_from_lsdr10 nan nan nan -999.0 63050399058517588 1059139563 dark_flexible_2x2 bhm_spiders_agn_lsdr10 bhm_spiders science 0 0 0.0 0.0 -999 ""
FIBERMAP 1215 R-1C15 METROLOGY 0 0 0 1 0 0 27.861482163226597 -5.912981498719448 143.1 27.6537167648009 -6.808489507215505 129.36128 101.60522 -999.0 -999.0 -999.0 -999.0 -999.0 190.53390239891155 26.126162406956936 190.533703171767 25.981288317581363 62.91608288527438 263.43191270064756 -999.0 6231.0 -999.0 -1 -999 {-999.0 -999.0 -999.0 -999.0 -999.0} "" -999.0 -999.0 -999.0 -999.0 -999 -999 "" "" "" "" 0 0 0.0 0.0 -999 ""
FIBERMAP 1222 R+1C10 APOGEE 0 0 0 1 0 0 -63.89650829443352 9.515598725712318 143.1 -63.55056163762689 11.571785061303165 359.84222 78.79715 -999.0 -999.0 -999.0 -999.0 -999.0 190.07104839737656 26.209775877120737 190.07142089948718 26.06470737835735 62.560366016041144 263.93449014490596 -999.0 16600.0 -999.0 2 -999 {-999.0 -999.0 -999.0 -999.0 -999.0} "" -999.0 -999.0 -999.0 -999.0 -999 -999 "" "" "" "" 0 0 0.0 0.0 -999 ""
FIBERMAP 1222 R+1C10 BOSS 1 1 0 1 0 0 -64.02501725395301 8.772014770711866 143.1 -63.70298827779509 10.832800539138628 359.84222 78.79715 190.07014929425742 26.206366420655787 -0.7222188 1.2161965 -1.1813301 190.07013404818684 26.206375732061204 190.070619272783 26.061346415979575 62.55846739329344 263.9282724631282 5400.0 5400.0 2016.0 1 30 {-999.0 21.854176 21.613289 20.989079 20.51472} sdss_fiber2mag_from_lsdr10 20.382072 20.52266 19.658495 -999.0 63050395173411979 1059139555 dark_flexible_2x2 bhm_spiders_agn_lsdr10 bhm_spiders science 0 0 0.0 0.0 -999 ""
FIBERMAP 1222 R+1C10 METROLOGY 0 0 0 1 0 0 -64.59653495266122 9.257481197670602 143.1 -64.25849201115646 11.336414810078736 359.84222 78.79715 -999.0 -999.0 -999.0 -999.0 -999.0 190.0673491942367 26.20867376795031 190.06780643375566 26.06363212002735 62.55695075924861 263.9348929326439 -999.0 6231.0 -999.0 -1 -999 {-999.0 -999.0 -999.0 -999.0 -999.0} "" -999.0 -999.0 -999.0 -999.0 -999 -999 "" "" "" "" 0 0 0.0 0.0 -999 ""
FIBERMAP 1226 R+8C2 APOGEE 0 0 0 1 0 0 -197.26965550219947 153.67657213928078 143.1 -192.1904141709209 159.94907914704893 217.81334 77.60286 -999.0 -999.0 -999.0 -999.0 -999.0 189.41834722873375 26.878573174341618 189.41942793905707 26.733174692256778 62.25150465350863 265.7311230159995 -999.0 16600.0 -999.0 2 -999 {-999.0 -999.0 -999.0 -999.0 -999.0} "" -999.0 -999.0 -999.0 -999.0 -999 -999 "" "" "" "" 0 0 0.0 0.0 -999 ""
FIBERMAP 1226 R+8C2 BOSS 1 1 0 1 0 0 -197.60095587207712 154.34307257214542 143.1 -192.50000465103412 160.62586534221782 217.81334 77.60286 189.4166564941406 26.8816092431598 -999.0 -999.0 -999.0 189.41665565567908 26.881577061341037 189.41785075297207 26.736214471812048 62.251228158442586 265.73829418653634 5400.0 5400.0 2015.5 1 69 {-999.0 -999.0 -999.0 -999.0 -999.0} "" -999.0 -999.0 -999.0 -999.0 27021603145583754 812571966 "" ops_sky_boss_good ops_sky sky_boss 0 0 0.0 0.0 -999 ""
FIBERMAP 1226 R+8C2 METROLOGY 0 0 0 1 0 0 -196.86306407288717 154.30214818591426 143.1 -191.7638824194625 160.5611536800308 217.81334 77.60286 -999.0 -999.0 -999.0 -999.0 -999.0 189.4203985078784 26.881339405953593 189.42155595711995 26.735967435511633 62.25425017447016 265.73535038206 -999.0 6231.0 -999.0 -1 -999 {-999.0 -999.0 -999.0 -999.0 -999.0} "" -999.0 -999.0 -999.0 -999.0 -999 -999 "" "" "" "" 0 0 0.0 0.0 -999 ""
FIBERMAP 1229 R-10C17 APOGEE 0 0 0 1 0 0 199.76037898555924 -187.69702158753012 143.1 193.5817637838759 -194.0292084048001 85.55562 30.22474 -999.0 -999.0 -999.0 -999.0 -999.0 191.36121845612223 25.276479427868825 191.3601433386873 25.13204618513982 63.27899456676419 261.0664529427839 -999.0 16600.0 -999.0 2 188 {-999.0 -999.0 -999.0 -999.0 -999.0} "" -999.0 -999.0 -999.0 -999.0 -999 -999 "" "" "" "" 0 0 0.0 0.0 -999 ""
FIBERMAP 1229 R-10C17 BOSS 1 1 0 1 0 0 200.07040369042514 -188.35604654198102 143.1 193.87033278035972 -194.69783709206544 85.55562 30.22474 191.36254283817937 25.27346422006583 -16.992365 -16.232592 0.3260212 191.36249000390546 25.27344343188828 191.36151879442502 25.129052197081407 63.278946464546124 261.05924223817084 5400.0 5400.0 2016.0 1 329 {-999.0 16.3106 16.033075 15.901165 -999.0} sdss_psfmag 16.287329 16.030355 15.602496 14.755 63050395173393929 980434689 "" ops_std_boss_tic ops_std standard_boss 0 0 0.0 0.0 -999 ""
FIBERMAP 1229 R-10C17 METROLOGY 0 0 0 1 0 0 199.33297287606214 -188.30685392932622 143.1 193.13493807336786 -194.6248771098737 85.55562 30.22474 -999.0 -999.0 -999.0 -999.0 -999.0 191.35887810222846 25.273780492480874 191.35788235981101 25.129376249238813 63.2760546731696 261.062815310818 -999.0 6231.0 -999.0 -1 -999 {-999.0 -999.0 -999.0 -999.0 -999.0} "" -999.0 -999.0 -999.0 -999.0 -999 -999 "" "" "" "" 0 0 0.0 0.0 -999 ""
FIBERMAP 1232 R-4C22 APOGEE 0 0 0 1 0 0 217.09162546003046 -67.08252148874209 143.1 214.7947624708715 -74.04737603580156 119.12676 120.98702 -999.0 -999.0 -999.0 -999.0 -999.0 191.47521578645433 25.817263868912892 191.47370545388844 25.67276114669552 63.58429438558865 262.09029448224436 -999.0 16600.0 -999.0 2 -999 {-999.0 -999.0 -999.0 -999.0 -999.0} "" -999.0 -999.0 -999.0 -999.0 -999 -999 "" "" "" "" 0 0 0.0 0.0 -999 ""
FIBERMAP 1232 R-4C22 BOSS 1 1 0 1 0 0 217.44702853393576 -66.4344759244171 143.1 215.17086211232686 -73.41119377870659 119.12676 120.98702 191.4770876644728 25.820105986700923 -6.493462 -5.4734817 0.016876055 191.4770645575147 25.820084194451685 191.47565414642065 25.675620352079346 63.587009915639214 262.09472549958 5400.0 5400.0 2016.0 1 322 {-999.0 18.030333 17.79026 17.708014 17.699991} sdss_psfmag_from_gaia 18.0162 17.7879 17.3997 -999.0 63050395173396550 970843685 "" ops_std_boss_gdr2 ops_std standard_boss 0 0 0.0 0.0 -999 ""
FIBERMAP 1232 R-4C22 METROLOGY 0 0 0 1 0 0 217.8376156116741 -67.06984575750081 143.1 215.54070783326725 -74.05878152778708 119.12676 120.98702 -999.0 -999.0 -999.0 -999.0 -999.0 191.47889014918076 25.81715728494813 191.4774490654297 25.67268376068347 63.58738278662614 262.0872353227929 -999.0 6231.0 -999.0 -1 -999 {-999.0 -999.0 -999.0 -999.0 -999.0} "" -999.0 -999.0 -999.0 -999.0 -999 -999 "" "" "" "" 0 0 0.0 0.0 -999 ""
FIBERMAP 1240 R+7C16 APOGEE 0 0 0 1 0 0 136.1704443470011 143.7474375586801 143.1 140.72641030390702 139.26569017974535 47.77634 100.15549 -999.0 -999.0 -999.0 -999.0 -999.0 191.10951087360274 26.787461372316915 191.10806232887455 26.642623781127536 63.63468195613921 264.3911508303179 -999.0 16600.0 -999.0 2 66 {-999.0 -999.0 -999.0 -999.0 -999.0} "" -999.0 -999.0 -999.0 -999.0 -999 -999 "" "" "" "" 0 0 0.0 0.0 -999 ""
FIBERMAP 1240 R+7C16 BOSS 1 1 0 1 0 0 136.7962608508213 143.35443015341778 143.1 141.33916351169896 138.8527264284656 47.77634 100.15549 191.11254942636262 26.785579123981464 -4.0425396 -4.683889 0.2756915 191.11254397248234 26.78556633603777 191.11119780969545 26.64076579772342 63.63665313993639 264.3850164263679 5400.0 5400.0 2016.0 1 201 {-999.0 17.714611 17.43964 17.38026 -999.0} sdss_psfmag 17.72068 17.454512 17.014673 16.367 63050395173402076 976171242 "" ops_std_boss ops_std standard_boss 0 0 0.0 0.0 -999 ""
FIBERMAP 1240 R+7C16 METROLOGY 0 0 0 1 0 0 136.14990662795432 142.99554021783422 143.1 140.68162093964165 138.51491303820563 47.77634 100.15549 -999.0 -999.0 -999.0 -999.0 -999.0 191.1092332189724 26.784071990626515 191.10786274841553 26.639260491161092 63.63333328345054 264.38420155063125 -999.0 6231.0 -999.0 -1 -999 {-999.0 -999.0 -999.0 -999.0 -999.0} "" -999.0 -999.0 -999.0 -999.0 -999 -999 "" "" "" "" 0 0 0.0 0.0 -999 ""
FIBERMAP 1241 R+7C13 APOGEE 0 0 0 1 0 0 71.77043059817946 131.6660424280907 143.1 75.97570268715403 129.26986886173913 10.449473 90.30087 -999.0 -999.0 -999.0 -999.0 -999.0 190.7807411995088 26.744434162189435 190.77981040798204 26.599489467534173 63.34478962840912 264.5317444488238 -999.0 16600.0 -999.0 2 48 {-999.0 -999.0 -999.0 -999.0 -999.0} "" -999.0 -999.0 -999.0 -999.0 -999 -999 "" "" "" "" 0 0 0.0 0.0 -999 ""
FIBERMAP 1241 R+7C13 BOSS 1 1 0 1 0 0 71.91240490560236 130.9337424776744 143.1 76.09395889958535 128.53343283577138 10.449473 90.30087 190.78096087715724 26.741153971562102 -34.249138 -9.815184 0.5260113 190.7812623526509 26.741106994057592 190.78043968405564 26.596199228265636 63.34415923377522 264.52443781994066 5400.0 5400.0 2016.0 1 150 {-999.0 15.577073 15.2706 15.189377 -999.0} sdss_psfmag 15.535231 15.275587 14.850957 14.029 63050395173401907 1072700857 bright_1x1 mwm_halo_local_high_boss_single mwm_halo science 0 0 1.352296233177185 0.0 -999 ""
FIBERMAP 1241 R+7C13 METROLOGY 0 0 0 1 0 0 71.20463321672685 131.17564149604254 143.1 75.39442401567645 128.79802486958346 10.449473 90.30087 -999.0 -999.0 -999.0 -999.0 -999.0 190.77773074536736 26.742323829570296 190.7768824337013 26.597404374866727 63.34160550981484 264.52944591538403 -999.0 6231.0 -999.0 -1 -999 {-999.0 -999.0 -999.0 -999.0 -999.0} "" -999.0 -999.0 -999.0 -999.0 -999 -999 "" "" "" "" 0 0 0.0 0.0 -999 ""
FIBERMAP 1251 R+6C7 APOGEE 0 0 0 1 0 0 -75.72913816190712 116.28674921201524 143.1 -71.93042919763025 118.65982406698056 8.500014 109.41393 -999.0 -999.0 -999.0 -999.0 -999.0 190.0276966359971 26.696661690181763 190.02792607936442 26.55148022225931 62.69833874291267 264.953406126416 -999.0 16600.0 -999.0 2 100 {-999.0 -999.0 -999.0 -999.0 -999.0} "" -999.0 -999.0 -999.0 -999.0 -999 -999 "" "" "" "" 0 0 0.0 0.0 -999 ""
FIBERMAP 1251 R+6C7 BOSS 1 1 0 1 0 0 -75.39678523199132 115.62187540197044 143.1 -71.61973430581935 117.98462953834411 8.500014 109.41393 190.02914428710938 26.693570803133888 -999.0 -999.0 -999.0 190.02913599830742 26.69361618319376 190.02947492947908 26.548472800484635 62.69858036904455 264.9462062292057 5400.0 5400.0 2015.5 1 66 {-999.0 -999.0 -999.0 -999.0 -999.0} "" -999.0 -999.0 -999.0 -999.0 27021603145579558 812571375 "" ops_sky_boss_good ops_sky sky_boss 0 0 0.0 0.0 -999 ""
FIBERMAP 1251 R+6C7 METROLOGY 0 0 0 1 0 0 -76.17320995645096 115.67474391658223 143.1 -72.39398057659882 118.06252154104486 8.500014 109.41393 -999.0 -999.0 -999.0 -999.0 -999.0 190.02523536026038 26.69395633321779 190.0255487813896 26.548801184160972 62.69540705626067 264.94956467882685 -999.0 6231.0 -999.0 -1 -999 {-999.0 -999.0 -999.0 -999.0 -999.0} "" -999.0 -999.0 -999.0 -999.0 -999 -999 "" "" "" "" 0 0 0.0 0.0 -999 ""
FIBERMAP 1252 R+13C7 APOGEE 0 0 0 1 0 0 -25.47283581988893 260.85302047479206 143.1 -17.0394686357202 261.51634630828323 172.9567 89.17455 -999.0 -999.0 -999.0 -999.0 -999.0 190.30738721670073 27.340624191158078 190.30690853837768 27.195400188728208 63.1522233943489 266.0962483925273 -999.0 16600.0 -999.0 2 46 {-999.0 -999.0 -999.0 -999.0 -999.0} "" -999.0 -999.0 -999.0 -999.0 -999 -999 "" "" "" "" 0 0 0.0 0.0 -999 ""
FIBERMAP 1252 R+13C7 BOSS 1 1 0 1 0 0 -25.40476953322203 261.58963445674345 143.1 -16.947672821425417 262.25031561598524 172.9567 89.17455 190.30777156505454 27.343912557652178 -999.0 -999.0 -999.0 190.30774679825 27.343871252115644 190.30737577315767 27.19868104781006 63.15370521071702 266.1027949941087 5400.0 5400.0 2016.0 1 167 {-999.0 nan nan nan nan} undefined nan nan nan -999.0 63050396913396776 1059143883 dark_flexible_2x2 bhm_spiders_agn_lsdr10 bhm_spiders science 0 0 0.0 0.0 -999 ""
FIBERMAP 1252 R+13C7 METROLOGY 0 0 0 1 0 0 -24.794343940851803 261.15963590561944 143.1 -16.351494886210894 261.8008798965063 172.9567 89.17455 -999.0 -999.0 -999.0 -999.0 -999.0 190.31081307750014 27.341878418189612 190.31040710685568 27.196679877342618 63.15558358212026 266.0966319760801 -999.0 6231.0 -999.0 -1 -999 {-999.0 -999.0 -999.0 -999.0 -999.0} "" -999.0 -999.0 -999.0 -999.0 -999 -999 "" "" "" "" 0 0 0.0 0.0 -999 ""
FIBERMAP 1254 R+2C6 APOGEE 0 0 0 1 0 0 -177.07999430368807 44.522428928593754 143.1 -175.53549997520471 50.20981118338647 225.65433 39.85599 -999.0 -999.0 -999.0 -999.0 -999.0 189.50376798151314 26.38292386111101 189.5049151970187 26.23765036497459 62.148970374172734 264.67875367995396 -999.0 16600.0 -999.0 2 -999 {-999.0 -999.0 -999.0 -999.0 -999.0} "" -999.0 -999.0 -999.0 -999.0 -999 -999 "" "" "" "" 0 0 0.0 0.0 -999 ""
FIBERMAP 1254 R+2C6 BOSS 1 1 0 1 0 0 -177.03882434257605 45.23981255126322 143.1 -175.47120469765062 50.92542979027138 225.65433 39.85599 189.50389726781953 26.386172881447777 -999.0 -999.0 -999.0 189.50390385655876 26.38615082787237 189.50516190943074 26.2409154220062 62.15034814729925 264.68510773735693 5400.0 5400.0 2016.0 1 48 {-999.0 22.054169 21.307127 21.030245 20.828726} sdss_psfmag_from_lsdr10 nan nan nan -999.0 63050399048651566 1059140647 dark_flexible_2x2 bhm_spiders_agn_lsdr10 bhm_spiders science 0 0 0.0 0.0 -999 ""
FIBERMAP 1254 R+2C6 METROLOGY 0 0 0 1 0 0 -176.40971551806888 44.85013051549969 143.1 -174.85505386063983 50.51568314042188 225.65433 39.85599 -999.0 -999.0 -999.0 -999.0 -999.0 189.5070611857992 26.384321996838903 189.50828339472957 26.239076898423345 62.15230218126362 264.67928406638924 -999.0 6231.0 -999.0 -1 -999 {-999.0 -999.0 -999.0 -999.0 -999.0} "" -999.0 -999.0 -999.0 -999.0 -999 -999 "" "" "" "" 0 0 0.0 0.0 -999 ""
FIBERMAP 1256 R-7C15 APOGEE 0 0 0 1 0 0 87.48474632482663 -128.08114110375763 143.1 83.29827403821153 -130.826400468297 165.41171 99.79417 -999.0 -999.0 -999.0 -999.0 -999.0 190.81315504808623 25.561841596690886 190.81272998886925 25.417151457477015 62.935495643068265 262.07556315424506 -999.0 16600.0 -999.0 2 -999 {-999.0 -999.0 -999.0 -999.0 -999.0} "" -999.0 -999.0 -999.0 -999.0 -999 -999 "" "" "" "" 0 0 0.0 0.0 -999 ""
FIBERMAP 1256 R-7C15 BOSS 1 1 0 1 0 0 87.6034048268996 -127.25033422960674 143.1 83.44367094518165 -129.99992821159165 165.41171 99.79417 190.81384482656566 25.565510610149875 -999.0 -999.0 -999.0 190.81383798899168 25.565496492856056 190.81351678909755 25.420846206294048 62.93758038675765 262.08244722291306 5400.0 5400.0 2016.0 1 317 {-999.0 23.465273 22.896906 22.160366 21.647356} sdss_fiber2mag_from_lsdr10 nan nan nan -999.0 63050396913384414 1059136079 dark_flexible_2x2 bhm_spiders_agn_lsdr10 bhm_spiders science 0 0 0.0 0.0 -999 ""
FIBERMAP 1256 R-7C15 METROLOGY 0 0 0 1 0 0 88.15443088757621 -127.75222687948829 143.1 83.97816542389066 -130.5192974357388 165.41171 99.79417 -999.0 -999.0 -999.0 -999.0 -999.0 190.8165367173528 25.56316042923291 190.8161825010318 25.418500128154697 62.938892910864624 262.0756446208887 -999.0 6231.0 -999.0 -1 -999 {-999.0 -999.0 -999.0 -999.0 -999.0} "" -999.0 -999.0 -999.0 -999.0 -999 -999 "" "" "" "" 0 0 0.0 0.0 -999 ""
FIBERMAP 1260 R+1C4 APOGEE 0 0 0 1 0 0 -215.67875404058393 1.1266836074675979 143.1 -215.5111816953528 8.086069927200361 298.26358 73.24855 -999.0 -999.0 -999.0 -999.0 -999.0 189.30429049568946 26.190259446594933 189.30581084731068 26.04496919271877 61.91269788902913 264.4333287179126 -999.0 16600.0 -999.0 2 -999 {-999.0 -999.0 -999.0 -999.0 -999.0} "" -999.0 -999.0 -999.0 -999.0 -999 -999 "" "" "" "" 0 0 0.0 0.0 -999 ""
FIBERMAP 1260 R+1C4 BOSS 1 1 0 1 0 0 -216.40183462387193 0.9526581145576216 143.1 -216.23943827237505 7.9354845143973565 298.26358 73.24855 189.30049942134988 26.189524159101232 0.3619738 -0.86928236 0.3376677 189.3004902400377 26.189510636518424 189.3021295726055 26.044259140897935 61.909358710065895 264.434478906708 5400.0 5400.0 2016.0 1 62 {-999.0 20.209772 19.789246 19.781546 19.849672} sdss_psfmag_from_lsdr10 19.971582 19.918776 19.551268 -999.0 63050395173387730 1059139539 dark_flexible_2x2 bhm_spiders_agn_lsdr10 bhm_spiders science 0 0 0.0 0.0 -999 ""
FIBERMAP 1260 R+1C4 METROLOGY 0 0 0 1 0 0 -216.1907484148117 1.669384023232034 143.1 -216.00535134452858 8.644962516845863 298.26358 73.24855 -999.0 -999.0 -999.0 -999.0 -999.0 189.30167624685907 26.19274815019167 189.30328053108974 26.04748507399505 61.9114951734618 264.4400623409181 -999.0 6231.0 -999.0 -1 -999 {-999.0 -999.0 -999.0 -999.0 -999.0} "" -999.0 -999.0 -999.0 -999.0 -999 -999 "" "" "" "" 0 0 0.0 0.0 -999 ""
FIBERMAP 1265 R+5C6 APOGEE 0 0 0 1 0 0 -134.6171173463349 84.28145047243551 143.1 -131.81541094071116 88.57434397205544 255.64262 82.45991 -999.0 -999.0 -999.0 -999.0 -999.0 189.7239553392533 26.558607533262045 189.72470100956878 26.41336223174265 62.395660973905436 264.88065223558317 -999.0 16600.0 -999.0 2 -999 {-999.0 -999.0 -999.0 -999.0 -999.0} "" -999.0 -999.0 -999.0 -999.0 -999 -999 "" "" "" "" 0 0 0.0 0.0 -999 ""
FIBERMAP 1265 R+5C6 BOSS 1 1 0 1 0 0 -135.31296246085856 84.49846302254133 143.1 -132.5038296060921 88.81367980081998 255.64262 82.45991 189.72078578047876 26.55970467071616 -142.12694 -22.37248 14.863643 189.7203008037982 26.55966532633386 189.72116308879856 26.41445656680318 62.3930855073413 264.8852829378218 5400.0 5400.0 2016.0 1 50 {-999.0 19.52415 18.93484 18.727182 -999.0} sdss_psfmag 19.381506 18.966125 18.46086 -999.0 63050395173413190 1143500092 dark_1x3 mwm_wd_pwd_boss_1x3 mwm_wd science 0 0 0.0 0.0 -999 ""
FIBERMAP 1265 R+5C6 METROLOGY 0 0 0 1 0 0 -134.78138358753878 85.0092406774483 143.1 -131.95609105701877 89.30699236917569 255.64262 82.45991 -999.0 -999.0 -999.0 -999.0 -999.0 189.72311042560625 26.56192670620573 189.72393593517802 26.41670758551118 62.39620513629893 264.8879277357348 -999.0 6231.0 -999.0 -1 -999 {-999.0 -999.0 -999.0 -999.0 -999.0} "" -999.0 -999.0 -999.0 -999.0 -999 -999 "" "" "" "" 0 0 0.0 0.0 -999 ""
FIBERMAP 1266 R-1C23 APOGEE 0 0 0 1 0 0 226.58481402307447 -29.504921738510657 143.1 225.4948253796703 -36.79898797778716 353.70798 84.50187 -999.0 -999.0 -999.0 -999.0 -999.0 191.53073458850344 25.98568348533345 191.52905782583935 25.841166959459702 63.69435964583741 262.3985311712878 -999.0 16600.0 -999.0 2 -999 {-999.0 -999.0 -999.0 -999.0 -999.0} "" -999.0 -999.0 -999.0 -999.0 -999 -999 "" "" "" "" 0 0 0.0 0.0 -999 ""
FIBERMAP 1266 R-1C23 BOSS 1 1 0 1 0 0 226.44933346862499 -30.244291264264753 143.1 225.3355673878637 -37.5335356574657 353.70798 84.50187 191.52985076996146 25.982303186904964 -0.5723151 -1.2006125 -0.82797664 191.52983591660956 25.982315960224156 191.5282660982566 25.83783790316228 63.692443579304765 262.3921813408982 5400.0 5400.0 2016.0 1 312 {-999.0 20.371914 20.373486 20.297998 20.21768} sdss_psfmag_from_lsdr10 20.475483 20.47248 19.817366 -999.0 63050395173396800 1059138415 dark_flexible_2x2 bhm_spiders_agn_lsdr10 bhm_spiders science 0 0 0.0 0.0 -999 ""
FIBERMAP 1266 R-1C23 METROLOGY 0 0 0 1 0 0 225.879144214873 -29.74718626811561 143.1 224.78176687428086 -37.01833276760214 353.70798 84.50187 -999.0 -999.0 -999.0 -999.0 -999.0 191.52712304053443 25.98468061610867 191.5255265577598 25.840190231910498 63.69104784536404 262.39919583272297 -999.0 6231.0 -999.0 -1 -999 {-999.0 -999.0 -999.0 -999.0 -999.0} "" -999.0 -999.0 -999.0 -999.0 -999 -999 "" "" "" "" 0 0 0.0 0.0 -999 ""
FIBERMAP 1270 R+5C12 APOGEE 0 0 0 1 0 0 29.072616573235273 102.02779933984364 143.1 32.34742259046447 101.0275388442043 57.438004 67.40863 -999.0 -999.0 -999.0 -999.0 -999.0 190.55854405333704 26.6170115898627 190.55800744027533 26.47201745197493 63.114116789053526 264.42260567626516 -999.0 16600.0 -999.0 2 8 {-999.0 -999.0 -999.0 -999.0 -999.0} "" -999.0 -999.0 -999.0 -999.0 -999 -999 "" "" "" "" 0 0 0.0 0.0 -999 ""
FIBERMAP 1270 R+5C12 BOSS 1 1 0 1 0 0 29.48456140994898 101.41010498137283 143.1 32.739183474111975 100.39692658980873 57.438004 67.40863 190.56045260252833 26.614161419834307 -0.54898214 -0.9278706 0.066155076 190.56044394908386 26.614153815956605 190.56001394337295 26.4691976589886 63.11479530899285 264.41536637687295 5400.0 5400.0 2016.0 1 116 {-999.0 17.748028 16.883593 16.491934 -999.0} sdss_psfmag 17.468136 16.878263 16.146458 14.504 63050395173401773 1061133189 dark_flexible_2x1 manual_mwm_halo_distant_kgiant_far_boss mwm_halo science 0 0 0.0 0.0 -999 ""
FIBERMAP 1270 R+5C12 METROLOGY 0 0 0 1 0 0 28.748688273000965 101.35993739809102 143.1 32.00213908882663 100.37053655725708 57.438004 67.40863 -999.0 -999.0 -999.0 -999.0 -999.0 190.55671920414906 26.614042899695455 190.55626421507793 26.469075104240915 63.11161369256171 264.4177474854566 -999.0 6231.0 -999.0 -1 -999 {-999.0 -999.0 -999.0 -999.0 -999.0} "" -999.0 -999.0 -999.0 -999.0 -999 -999 "" "" "" "" 0 0 0.0 0.0 -999 ""
FIBERMAP 1271 R-4C14 APOGEE 0 0 0 1 0 0 42.182248812574144 -63.668732614947594 143.1 40.10196122483657 -64.99124244523836 109.26398 108.21106 -999.0 -999.0 -999.0 -999.0 -999.0 190.5964658324275 25.861157951587703 190.59621775512107 25.716331761112965 62.869343030298964 262.8463826045893 -999.0 16600.0 -999.0 2 -999 {-999.0 -999.0 -999.0 -999.0 -999.0} "" -999.0 -999.0 -999.0 -999.0 -999 -999 "" "" "" "" 0 0 0.0 0.0 -999 ""
FIBERMAP 1271 R-4C14 BOSS 1 1 0 1 0 0 42.76587999527631 -63.214264620942004 143.1 40.69990327228574 -64.55588503696417 109.26398 108.21106 190.5994401915953 25.863084563094173 -2.4194279 -2.273796 -0.019292422 190.59941230689776 25.863061632284374 190.59926662426926 25.718275533725915 62.87262031033238 262.8480570068 5400.0 5400.0 2016.0 1 324 {-999.0 17.054052 16.73629 16.64356 -999.0} sdss_psfmag 16.887981 16.649267 16.248396 15.331 63050395173398193 981771367 "" ops_std_boss_tic ops_std standard_boss 0 0 0.0 0.0 -999 ""
FIBERMAP 1271 R-4C14 METROLOGY 0 0 0 1 0 0 42.87307018994364 -63.95056200497129 143.1 40.78326753438311 -65.29519356219508 109.26398 108.21106 -999.0 -999.0 -999.0 -999.0 -999.0 190.59985099555868 25.85971425169906 190.59967571049833 25.714917808625056 62.87169447629675 262.8409326704678 -999.0 6231.0 -999.0 -1 -999 {-999.0 -999.0 -999.0 -999.0 -999.0} "" -999.0 -999.0 -999.0 -999.0 -999 -999 "" "" "" "" 0 0 0.0 0.0 -999 ""
FIBERMAP 1272 R+1C9 APOGEE 0 0 0 1 0 0 -80.86091907459029 24.73239590570339 143.1 -80.01359729109434 27.32677556296923 75.39295 42.123272 -999.0 -999.0 -999.0 -999.0 -999.0 189.98736264422544 26.281315104611394 189.98782917603262 26.13620598633653 62.51649912106441 264.13817530272473 -999.0 16600.0 -999.0 2 147 {-999.0 -999.0 -999.0 -999.0 -999.0} "" -999.0 -999.0 -999.0 -999.0 -999 -999 "" "" "" "" 0 0 0.0 0.0 -999 ""
FIBERMAP 1272 R+1C9 BOSS 1 1 0 1 0 0 -80.51472661944872 24.06644821996344 143.1 -79.68910594824236 26.65006120288244 75.39295 42.123272 189.98888963069865 26.278223822731007 -1.6361624 -17.626 0.5478493 189.98886049356628 26.278213916123406 189.98943638827723 26.13314448631079 62.51673180353724 264.13085886118 5400.0 5400.0 2016.0 1 45 {-999.0 16.651745 16.2486 16.07525 -999.0} sdss_psfmag 16.58787 16.270359 15.792962 14.995 63050395173412065 1136214434 dark_flexible_3x1 mwm_halo_local_high_boss_triple mwm_halo science 0 0 0.0 0.0 -999 ""
FIBERMAP 1272 R+1C9 METROLOGY 0 0 0 1 0 0 -81.26829326993943 24.096069074466172 143.1 -80.44125826609363 26.70398204618606 75.39295 42.123272 -999.0 -999.0 -999.0 -999.0 -999.0 189.9850842676429 26.278456976600108 189.9856344432825 26.13337539829198 62.5136354268041 264.13401095528855 -999.0 6231.0 -999.0 -1 -999 {-999.0 -999.0 -999.0 -999.0 -999.0} "" -999.0 -999.0 -999.0 -999.0 -999 -999 "" "" "" "" 0 0 0.0 0.0 -999 ""
FIBERMAP 1276 R-2C3 APOGEE 0 0 0 1 0 0 -223.09365363628288 -29.787989578118108 143.1 -223.91920371954376 -22.570512652365817 45.589848 148.89848 -999.0 -999.0 -999.0 -999.0 -999.0 189.2635708694801 26.05096066806037 189.26520519309236 25.905687641219618 61.82779659848064 264.1866715973611 -999.0 16600.0 -999.0 2 257 {-999.0 -999.0 -999.0 -999.0 -999.0} "" -999.0 -999.0 -999.0 -999.0 -999 -999 "" "" "" "" 0 0 0.0 0.0 -999 ""
FIBERMAP 1276 R-2C3 BOSS 1 1 0 1 0 0 -222.38176852097746 -29.5747156200159 143.1 -223.20086922994392 -22.380341368274703 45.589848 148.89848 189.26697997266672 26.051803458046855 -999.0 -999.0 -999.0 189.26699197634068 26.051801565245633 189.26873400909824 25.906569508202413 61.83107276327739 264.1859377186502 5400.0 5400.0 2016.0 1 475 {-999.0 21.811056 22.027382 21.766918 -999.0} sdss_psfmag -999.0 -999.0 -999.0 -999.0 63050399048609339 1128081928 dark_flexible_3x1 bhm_csc_boss_d3 bhm_csc science 0 0 0.0 0.0 -999 ""
FIBERMAP 1276 R-2C3 METROLOGY 0 0 0 1 0 0 -222.55961864039105 -30.31021557477415 143.1 -223.402346136934 -23.10965454199361 45.589848 148.89848 -999.0 -999.0 -999.0 -999.0 -999.0 189.26606168091595 26.04850136671664 189.2677743069827 25.903258345173228 61.82905285264688 264.18008698175686 -999.0 6231.0 -999.0 -1 -999 {-999.0 -999.0 -999.0 -999.0 -999.0} "" -999.0 -999.0 -999.0 -999.0 -999 -999 "" "" "" "" 0 0 0.0 0.0 -999 ""
FIBERMAP 1281 R+5C7 APOGEE 0 0 0 1 0 0 -111.99849107908796 83.50020897891002 143.1 -109.2357563808925 87.06366228294873 261.19272 82.86836 -999.0 -999.0 -999.0 -999.0 -999.0 189.83842303990193 26.5524077796588 189.83899887663642 26.407197901869235 62.4891964947016 264.7897534839538 -999.0 16600.0 -999.0 2 108 {-999.0 -999.0 -999.0 -999.0 -999.0} "" -999.0 -999.0 -999.0 -999.0 -999 -999 "" "" "" "" 0 0 0.0 0.0 -999 ""
FIBERMAP 1281 R+5C7 BOSS 1 1 0 1 0 0 -112.70407381548168 83.71649475798078 143.1 -109.93393019731415 87.30258602122998 261.19272 82.86836 189.8347944005141 26.553442585612725 -10.750988 -2.1047068 1.0158643 189.834717767468 26.55347194348707 189.83540981236376 26.408298472825066 62.48658136746754 264.79444950980695 5400.0 5400.0 2016.0 1 54 {-999.0 21.69247 20.299686 19.568768 -999.0} sdss_psfmag 20.84403 20.119633 19.193014 -999.0 63050395173412426 1092614067 dark_flexible_2x1 mwm_cb_galex_vol_boss mwm_cb science 0 0 0.0 0.0 -999 ""
FIBERMAP 1281 R+5C7 METROLOGY 0 0 0 1 0 0 -112.1620641119379 84.22742987360307 143.1 -109.37576208253354 87.79571934588957 261.19272 82.86836 -999.0 -999.0 -999.0 -999.0 -999.0 189.83758507984857 26.555730251963748 189.83824038487 26.410546480799578 62.48974902845269 264.7970531981524 -999.0 6231.0 -999.0 -1 -999 {-999.0 -999.0 -999.0 -999.0 -999.0} "" -999.0 -999.0 -999.0 -999.0 -999 -999 "" "" "" "" 0 0 0.0 0.0 -999 ""
FIBERMAP 1285 R+9C4 APOGEE 0 0 0 1 0 0 -139.0868300004293 185.55386879652949 143.1 -133.01428780979816 189.9293907293171 188.63821 63.891796 -999.0 -999.0 -999.0 -999.0 -999.0 189.71734670756638 27.01674866241333 189.71791482751257 26.87140827601773 62.54915412239344 265.81451835427754 -999.0 16600.0 -999.0 2 -999 {-999.0 -999.0 -999.0 -999.0 -999.0} "" -999.0 -999.0 -999.0 -999.0 -999 -999 "" "" "" "" 0 0 0.0 0.0 -999 ""
FIBERMAP 1285 R+9C4 BOSS 1 1 0 1 0 0 -138.87652055149 186.2718411059943 143.1 -132.78093694747324 190.64013944075188 188.63821 63.891796 189.71841131594545 27.019976516290885 -0.23582578 -0.33688468 0.3285798 189.71839717067434 27.01994755501439 189.71907420929028 26.87464297560719 62.55122850274391 265.8203512990493 5400.0 5400.0 2016.0 1 15 {-999.0 20.18432 19.883707 19.872826 19.918427} sdss_psfmag_from_lsdr10 20.096111 19.897978 19.40775 -999.0 63050395173414100 1059142786 dark_flexible_2x2 bhm_spiders_agn_lsdr10 bhm_spiders science 0 0 0.0 0.0 -999 ""
FIBERMAP 1285 R+9C4 METROLOGY 0 0 0 1 0 0 -138.3629325200797 185.73451878533464 143.1 -132.28500105657608 190.08657024611847 188.63821 63.891796 -999.0 -999.0 -999.0 -999.0 -999.0 189.7209453114078 27.01748580816045 189.72158775162268 26.87217224102358 62.55249469384121 265.81365464330236 -999.0 6231.0 -999.0 -1 -999 {-999.0 -999.0 -999.0 -999.0 -999.0} "" -999.0 -999.0 -999.0 -999.0 -999 -999 "" "" "" "" 0 0 0.0 0.0 -999 ""
FIBERMAP 1287 R+12C7 APOGEE 0 0 0 1 0 0 -5.869300345801662 240.28318248336862 143.1 1.8883405681984662 240.3264056511606 62.3475 72.132 -999.0 -999.0 -999.0 -999.0 -999.0 190.4037588752209 27.246046078620036 190.40317352354407 27.100872542352214 63.20141853118555 265.83541461615675 -999.0 16600.0 -999.0 2 -999 {-999.0 -999.0 -999.0 -999.0 -999.0} "" -999.0 -999.0 -999.0 -999.0 -999 -999 "" "" "" "" 0 0 0.0 0.0 -999 ""
FIBERMAP 1287 R+12C7 BOSS 1 1 0 1 0 0 -5.334504048139024 239.7639562497261 143.1 2.4060557934206113 239.79023713193837 62.3475 72.132 190.4062878703625 27.243653964172072 0.16374482 -0.32219088 -0.13620825 190.40628683829976 27.243640891522748 190.40580785294173 27.098503276753295 63.202833235968455 265.8287193001967 5400.0 5400.0 2016.0 1 155 {-999.0 19.077177 19.116175 18.995459 19.002022} sdss_psfmag 18.883123 18.830448 18.439253 -999.0 63050395173415765 1128956202 dark_1x4 bhm_aqmes_wide1 bhm_aqmes science 0 0 0.0 0.0 -999 ""
FIBERMAP 1287 R+12C7 METROLOGY 0 0 0 1 0 0 -6.05136134528032 239.55963858492112 143.1 1.6830411714382616 239.60917714739278 62.3475 72.132 -999.0 -999.0 -999.0 -999.0 -999.0 190.4026332286073 27.24283584683451 190.40212930602354 27.097687399103307 63.19947454074111 265.82945082974095 -999.0 6231.0 -999.0 -1 -999 {-999.0 -999.0 -999.0 -999.0 -999.0} "" -999.0 -999.0 -999.0 -999.0 -999 -999 "" "" "" "" 0 0 0.0 0.0 -999 ""
FIBERMAP 1289 R-2C15 APOGEE 1 1 0 1 0 0 33.26943306988689 -50.1459076609699 143.1 31.630956803084327 -51.189022989473884 245.38531 94.7602 190.55366950327425 25.924096355260772 16.568333 -16.762053 0.79746264 190.55374119814982 25.92403203380082 190.55352710819363 25.779178521123487 62.85737287719257 263.00576814435914 16000.0 16600.0 2016.0 2 219 {-999.0 12.702894 12.050407 11.794651 -999.0} sdss_psfmag_from_g3xp 12.537003 12.077043 11.450046 10.152 63050395173398214 975021981 "" ops_std_apogee ops_std standard_apogee 0 0 0.0 0.0 -999 ""
FIBERMAP 1289 R-2C15 BOSS 0 0 0 1 0 0 32.57703359879169 -49.89747993059291 143.1 30.946995469996462 -50.918402285465376 245.38531 94.7602 -999.0 -999.0 -999.0 -999.0 -999.0 190.55019120314606 25.925200979779312 190.55008960077873 25.780385347977553 62.85495683096791 263.01076669305996 -999.0 5400.0 -999.0 1 273 {-999.0 -999.0 -999.0 -999.0 -999.0} "" -999.0 -999.0 -999.0 -999.0 -999 -999 "" "" "" "" 0 0 0.0 0.0 -999 ""
FIBERMAP 1289 R-2C15 METROLOGY 0 0 0 1 0 0 33.13585173947746 -49.40072306366914 143.1 31.52150425621238 -50.43998100129843 245.38531 94.7602 -999.0 -999.0 -999.0 -999.0 -999.0 190.5531323618797 25.92739223994606 190.55299488853314 25.782565994007463 62.85820010541167 263.0130449640786 -999.0 6231.0 -999.0 -1 -999 {-999.0 -999.0 -999.0 -999.0 -999.0} "" -999.0 -999.0 -999.0 -999.0 -999 -999 "" "" "" "" 0 0 0.0 0.0 -999 ""
FIBERMAP 1296 R-5C7 APOGEE 0 0 0 1 0 0 -104.89032212675123 -77.56479531628396 143.1 -107.32956795138477 -74.13273854023586 153.13231 54.40669 -999.0 -999.0 -999.0 -999.0 -999.0 189.8510797610164 25.819251271304648 189.85194143699005 25.674195271254234 62.23218622910393 263.30973035319613 -999.0 16600.0 -999.0 2 262 {-999.0 -999.0 -999.0 -999.0 -999.0} "" -999.0 -999.0 -999.0 -999.0 -999 -999 "" "" "" "" 0 0 0.0 0.0 -999 ""
FIBERMAP 1296 R-5C7 BOSS 1 1 0 1 0 0 -104.22801744645918 -77.22125323428293 143.1 -106.6565799094269 -73.81077839631737 153.13231 54.40669 189.85367622414512 25.820736594810185 -1.0334646 -29.242722 2.6270814 189.8543036148997 25.820649083417873 189.85527055596492 25.675634197388394 62.23550750278149 263.31017129110444 5400.0 5400.0 2016.0 1 464 {-999.0 14.447158 13.772838 13.550507 -999.0} sdss_psfmag_from_g3xp 14.270578 13.820812 13.209109 12.079 63050395173374085 1078090293 bright_flexible_2x1 mwm_snc_ext_main_boss mwm_snc science 0 0 1.9494200944900513 0.0 -999 ""
FIBERMAP 1296 R-5C7 METROLOGY 0 0 0 1 0 0 -104.26029048382053 -77.9597893001493 143.1 -106.71266627685111 -74.54782368638567 153.13231 54.40669 -999.0 -999.0 -999.0 -999.0 -999.0 189.85408121365734 25.81731640375627 189.85501853064045 25.67229068792281 62.23403997927923 263.30370394729505 -999.0 6231.0 -999.0 -1 -999 {-999.0 -999.0 -999.0 -999.0 -999.0} "" -999.0 -999.0 -999.0 -999.0 -999 -999 "" "" "" "" 0 0 0.0 0.0 -999 ""
FIBERMAP 1300 R+11C12 APOGEE 0 0 0 1 0 0 74.45026218837826 226.3853702303003 143.1 81.71054862781915 223.84509211941185 109.44774 113.15817 -999.0 -999.0 -999.0 -999.0 -999.0 190.8102209404409 27.170757952507262 190.80904477756576 27.025736425968436 63.516393208662286 265.40603496406465 -999.0 16600.0 -999.0 2 11 {-999.0 -999.0 -999.0 -999.0 -999.0} "" -999.0 -999.0 -999.0 -999.0 -999 -999 "" "" "" "" 0 0 0.0 0.0 -999 ""
FIBERMAP 1300 R+11C12 BOSS 1 1 0 1 0 0 74.97216028158616 226.92315833179495 143.1 82.24948392826484 224.3657111059516 109.44774 113.15817 190.81288430632145 27.173056450835144 -999.0 -999.0 -999.0 190.8128645499699 27.173066052775418 190.81179073290957 27.02807942185911 63.51948810232419 265.4091217029005 5400.0 5400.0 2016.0 1 142 {-999.0 21.830137 20.60696 20.13971 19.793997} sdss_fiber2mag_from_lsdr10 20.33785 21.672663 18.727856 -999.0 63050395173415038 1058179880 dark_flexible_2x2 bhm_spiders_clusters_lsdr10 bhm_spiders science 0 0 0.0 0.0 -999 ""
FIBERMAP 1300 R+11C12 METROLOGY 0 0 0 1 0 0 75.17240982524262 226.20136762644782 143.1 82.42631906281623 223.63789735762975 109.44774 113.15817 -999.0 -999.0 -999.0 -999.0 -999.0 190.81379302009503 27.16980205689855 190.81268885005477 27.024806656796073 63.51913274206558 265.4016079818572 -999.0 6231.0 -999.0 -1 -999 {-999.0 -999.0 -999.0 -999.0 -999.0} "" -999.0 -999.0 -999.0 -999.0 -999 -999 "" "" "" "" 0 0 0.0 0.0 -999 ""
FIBERMAP 1301 R+2C23 APOGEE 0 0 0 1 0 0 226.9173893061931 24.624914418663586 143.1 227.57399785365644 17.28718453210044 292.17618 107.05706 -999.0 -999.0 -999.0 -999.0 -999.0 191.5437527996005 26.230742580922232 191.54193214574013 26.086180371862877 63.79663093401413 262.90253266588786 -999.0 16600.0 -999.0 2 82 {-999.0 -999.0 -999.0 -999.0 -999.0} "" -999.0 -999.0 -999.0 -999.0 -999 -999 "" "" "" "" 0 0 0.0 0.0 -999 ""
FIBERMAP 1301 R+2C23 BOSS 1 1 0 1 0 0 226.3530088176479 24.144037639897668 143.1 226.99444256273713 16.824813175054725 292.17618 107.05706 191.54075948220947 26.22861311879384 -0.06219031 0.089061014 -0.4051059 191.54077393377483 26.228638301037396 191.53906276748 26.084112587287567 63.7934717382562 262.90034093242764 5400.0 5400.0 2016.0 1 225 {-999.0 19.69838 19.570333 19.446507 19.394846} sdss_psfmag_from_gaiadr2 19.546494 19.562214 19.12697 -999.0 63050395173400313 1130138930 dark_flexible_3x1 bhm_gua_dark_d3 bhm_filler science 0 0 0.0 0.0 -999 ""
FIBERMAP 1301 R+2C23 METROLOGY 0 0 0 1 0 0 226.2267299134979 24.89239386202997 143.1 226.89239034958223 17.576789205219953 292.17618 107.05706 -999.0 -999.0 -999.0 -999.0 -999.0 191.54031656545814 26.232061293778795 191.53857485960464 26.087524149750276 63.79432646748086 262.9078855183637 -999.0 6231.0 -999.0 -1 -999 {-999.0 -999.0 -999.0 -999.0 -999.0} "" -999.0 -999.0 -999.0 -999.0 -999 -999 "" "" "" "" 0 0 0.0 0.0 -999 ""
FIBERMAP 1302 R-9C18 APOGEE 0 0 0 1 0 0 188.80465806929112 -164.4494220194877 143.1 183.38292085593622 -170.44220497737058 73.8662 139.61111 -999.0 -999.0 -999.0 -999.0 -999.0 191.31235033304682 25.38239301197692 191.31129265724803 25.237919532490096 63.28032446694222 261.3216021060788 -999.0 16600.0 -999.0 2 187 {-999.0 -999.0 -999.0 -999.0 -999.0} "" -999.0 -999.0 -999.0 -999.0 -999 -999 "" "" "" "" 0 0 0.0 0.0 -999 ""
FIBERMAP 1302 R-9C18 BOSS 1 1 0 1 0 0 189.42604317458608 -164.0268642973325 143.1 184.01756409543438 -170.03995676732558 73.8662 139.61111 191.315491264715 25.384170281446718 -15.586368 -9.591576 0.5583074 191.3154484762464 25.384146155587853 191.3144899479497 25.23971399900381 63.28368978502779 261.3227336668276 5400.0 5400.0 2016.0 1 330 {-999.0 16.401995 16.113503 15.994263 -999.0} sdss_psfmag 16.362494 16.088654 15.64992 15.004 63050395173394740 976171262 "" ops_std_boss ops_std standard_boss 0 0 0.0 0.0 -999 ""
FIBERMAP 1302 R-9C18 METROLOGY 0 0 0 1 0 0 189.4871251353561 -164.7717484143081 143.1 184.05457107616442 -170.78635886353177 73.8662 139.61111 -999.0 -999.0 -999.0 -999.0 -999.0 191.3156042749075 25.38080404934471 191.3146175723199 25.236361166517717 63.28247375933578 261.3157790529327 -999.0 6231.0 -999.0 -1 -999 {-999.0 -999.0 -999.0 -999.0 -999.0} "" -999.0 -999.0 -999.0 -999.0 -999 -999 "" "" "" "" 0 0 0.0 0.0 -999 ""
FIBERMAP 1303 R-7C11 APOGEE 0 0 0 1 0 0 -8.28288632997834 -140.5590022043568 143.1 -12.813763371480514 -140.20619627822904 242.89275 57.353447 -999.0 -999.0 -999.0 -999.0 -999.0 190.32878836040382 25.51969108445308 190.32908298606947 25.37484671344803 62.51619800573024 262.3590014239215 -999.0 16600.0 -999.0 2 151 {-999.0 -999.0 -999.0 -999.0 -999.0} "" -999.0 -999.0 -999.0 -999.0 -999 -999 "" "" "" "" 0 0 0.0 0.0 -999 ""
FIBERMAP 1303 R-7C11 BOSS 1 1 0 1 0 0 -8.665555139780402 -139.91670282928408 143.1 -13.175472021640779 -139.55193872977452 242.89275 57.353447 190.32683830770418 25.522530811584808 -999.0 -999.0 -999.0 190.32684945169336 25.52255816363893 190.32725411167485 25.377753603016973 62.51579635694378 262.3661942807361 5400.0 5400.0 2016.0 1 377 {-999.0 24.173527 22.589598 21.733456 21.204405} sdss_fiber2mag_from_lsdr10 nan nan nan -999.0 63050396913315228 1059136070 dark_flexible_2x2 bhm_spiders_agn_lsdr10 bhm_spiders science 0 0 0.0 0.0 -999 ""
FIBERMAP 1303 R-7C11 METROLOGY 0 0 0 1 0 0 -7.928565502266586 -139.9050437448321 143.1 -12.438554505433398 -139.56406979851565 242.89275 57.353447 -999.0 -999.0 -999.0 -999.0 -999.0 190.33059551215737 25.522524782161 190.33096401134833 25.377709815297354 62.51887137684844 262.36330207427335 -999.0 6231.0 -999.0 -1 -999 {-999.0 -999.0 -999.0 -999.0 -999.0} "" -999.0 -999.0 -999.0 -999.0 -999 -999 "" "" "" "" 0 0 0.0 0.0 -999 ""
FIBERMAP 1304 R+7C15 APOGEE 0 0 0 1 0 0 109.9305785622129 143.99280555754729 143.1 114.51042636778118 140.3576837731591 38.114597 122.926476 -999.0 -999.0 -999.0 -999.0 -999.0 190.9766167948722 26.793473451261047 190.97536643144895 26.648587174362273 63.52571771588785 264.49726141829683 -999.0 16600.0 -999.0 2 -999 {-999.0 -999.0 -999.0 -999.0 -999.0} "" -999.0 -999.0 -999.0 -999.0 -999 -999 "" "" "" "" 0 0 0.0 0.0 -999 ""
FIBERMAP 1304 R+7C15 BOSS 1 1 0 1 0 0 110.61153103841768 143.75927855028976 143.1 115.18342852456185 140.10232412784447 38.114597 122.926476 190.97992445237205 26.792328764820926 0.9847373 -0.45013267 -1.7265149 190.97996234306734 26.79229985386099 190.97881406185138 26.647450681790772 63.52820479227405 264.4924494966648 5400.0 5400.0 2016.0 1 187 {-999.0 20.53565 20.5027 20.450119 20.401499} sdss_psfmag_from_lsdr10 20.56489 20.433725 20.020037 -999.0 63050395173401892 1059141690 dark_flexible_2x2 bhm_spiders_agn_lsdr10 bhm_spiders science 0 0 0.0 0.0 -999 ""
FIBERMAP 1304 R+7C15 METROLOGY 0 0 0 1 0 0 110.06384640101427 143.25870633833165 143.1 114.61992334500057 139.61973053554374 38.114597 122.926476 -999.0 -999.0 -999.0 -999.0 -999.0 190.97712127908153 26.790139408596275 190.97594813754222 26.645279568998713 63.52504443485493 264.4899042691645 -999.0 6231.0 -999.0 -1 -999 {-999.0 -999.0 -999.0 -999.0 -999.0} "" -999.0 -999.0 -999.0 -999.0 -999 -999 "" "" "" "" 0 0 0.0 0.0 -999 ""
FIBERMAP 1306 R-11C6 APOGEE 0 0 0 1 0 0 -58.48151191034431 -222.97855060431394 143.1 -65.64157340538426 -220.955665454439 224.17378 144.4454 -999.0 -999.0 -999.0 -999.0 -999.0 190.06451487504728 25.15558890156688 190.06534712484847 25.010735519161003 62.154219472548135 261.83804972731207 -999.0 16600.0 -999.0 2 177 {-999.0 -999.0 -999.0 -999.0 -999.0} "" -999.0 -999.0 -999.0 -999.0 -999 -999 "" "" "" "" 0 0 0.0 0.0 -999 ""
FIBERMAP 1306 R-11C6 BOSS 1 1 0 1 0 0 -59.2120558038056 -223.10977876746955 143.1 -66.37590765876541 -221.06323872921453 224.17378 144.4454 190.06072998046875 25.155041927047492 -999.0 -999.0 -999.0 190.0607234166046 25.155033325109326 190.06167069981893 25.010221548052872 62.15095609760871 261.83985954264006 5400.0 5400.0 2015.5 1 358 {-999.0 -999.0 -999.0 -999.0 -999.0} "" -999.0 -999.0 -999.0 -999.0 27021603145535902 820426450 "" ops_sky_boss_good ops_sky sky_boss 0 0 0.0 0.0 -999 ""
FIBERMAP 1306 R-11C6 METROLOGY 0 0 0 1 0 0 -58.95629512837003 -222.40705177632012 143.1 -66.09762519614134 -220.3691927972432 224.17378 144.4454 -999.0 -999.0 -999.0 -999.0 -999.0 190.06213083561926 25.15816394831435 190.06304377454148 25.01333985955189 62.15333197970551 261.84493784759087 -999.0 6231.0 -999.0 -1 -999 {-999.0 -999.0 -999.0 -999.0 -999.0} "" -999.0 -999.0 -999.0 -999.0 -999 -999 "" "" "" "" 0 0 0.0 0.0 -999 ""
FIBERMAP 1308 R-4C5 APOGEE 0 0 0 1 0 0 -158.44972566209753 -86.97202352252056 143.1 -161.15996368082392 -81.80585227260839 223.2291 149.29475 -999.0 -999.0 -999.0 -999.0 -999.0 189.5805077049898 25.7837398992059 189.5817801255415 25.638611061251588 61.993151143783535 263.4349982592978 -999.0 16600.0 -999.0 2 252 {-999.0 -999.0 -999.0 -999.0 -999.0} "" -999.0 -999.0 -999.0 -999.0 -999 -999 "" "" "" "" 0 0 0.0 0.0 -999 ""
FIBERMAP 1308 R-4C5 BOSS 1 1 0 1 0 0 -159.17759322344787 -87.10186668270357 143.1 -161.89157853550265 -81.91212775371913 223.2291 149.29475 189.57668368463777 25.78323894879283 -4.3706512 -20.6794 0.49111065 189.57667511457518 25.783181446239368 189.57806504887083 25.638092473906653 61.989852668360015 263.4366570733223 5400.0 5400.0 2016.0 1 459 {-999.0 16.658548 16.292368 16.160097 -999.0} sdss_psfmag 16.58654 16.286182 15.814138 15.013 63050395173386324 977060486 "" ops_std_boss ops_std standard_boss 0 0 0.0 0.0 -999 ""
FIBERMAP 1308 R-4C5 METROLOGY 0 0 0 1 0 0 -158.93929020124014 -86.39764816722138 143.1 -161.63069497299094 -81.21602783677056 223.2291 149.29475 -999.0 -999.0 -999.0 -999.0 -999.0 189.57799643692098 25.786359011595362 189.5793515133961 25.6412581806224 61.9921176828382 263.4419748911355 -999.0 6231.0 -999.0 -1 -999 {-999.0 -999.0 -999.0 -999.0 -999.0} "" -999.0 -999.0 -999.0 -999.0 -999 -999 "" "" "" "" 0 0 0.0 0.0 -999 ""
FIBERMAP 1312 R-11C11 APOGEE 0 0 0 1 0 0 38.53011534366442 -204.85426149411745 143.1 31.89591511867088 -205.97302117124366 199.37567 61.972034 -999.0 -999.0 -999.0 -999.0 -999.0 190.55319895191894 25.22266239414942 190.5533037170203 25.077953702270275 62.5868375931437 261.5941437507363 -999.0 16600.0 -999.0 2 156 {-999.0 -999.0 -999.0 -999.0 -999.0} "" -999.0 -999.0 -999.0 -999.0 -999 -999 "" "" "" "" 0 0 0.0 0.0 -999 ""
FIBERMAP 1312 R-11C11 BOSS 1 1 0 1 0 0 38.63379113024588 -204.11545421039713 143.1 32.02336954798855 -205.23800903422978 199.37567 61.972034 190.5537414550781 25.225892698753682 -999.0 -999.0 -999.0 190.55374929728208 25.225879455935978 190.55395924828622 25.081212179659605 62.58867177926138 261.60013408794475 5400.0 5400.0 2015.5 1 393 {-999.0 -999.0 -999.0 -999.0 -999.0} "" -999.0 -999.0 -999.0 -999.0 27021603145532608 820426258 "" ops_sky_boss_good ops_sky sky_boss 0 0 0.0 0.0 -999 ""
FIBERMAP 1312 R-11C11 METROLOGY 0 0 0 1 0 0 39.22156160028565 -204.5675790852939 143.1 32.596192115079596 -205.7088265231388 199.37567 61.972034 -999.0 -999.0 -999.0 -999.0 -999.0 190.55664353813677 25.22378291429192 190.55681984895284 25.07910517545969 62.59021798272189 261.5937044438152 -999.0 6231.0 -999.0 -1 -999 {-999.0 -999.0 -999.0 -999.0 -999.0} "" -999.0 -999.0 -999.0 -999.0 -999 -999 "" "" "" "" 0 0 0.0 0.0 -999 ""
FIBERMAP 1314 R-13C8 APOGEE 0 0 0 1 0 0 25.968696292728815 -266.73864680819463 143.1 17.345095047195613 -267.41439366105686 14.626121 44.892 -999.0 -999.0 -999.0 -999.0 -999.0 190.47963643189237 24.947708037961746 190.47996966920437 24.803031883030947 62.41609354633237 261.1057561718169 -999.0 16600.0 -999.0 2 273 {-999.0 -999.0 -999.0 -999.0 -999.0} "" -999.0 -999.0 -999.0 -999.0 -999 -999 "" "" "" "" 0 0 0.0 0.0 -999 ""
FIBERMAP 1314 R-13C8 BOSS 1 1 0 1 0 0 25.584069942096185 -267.36150549888777 143.1 16.940602701971084 -268.02446131641517 14.626121 44.892 190.47751496280347 24.944994298915695 5.47831 -12.573341 0.20000875 190.477505151829 24.944944808967396 190.47795024189975 24.80031154159147 62.41331943643617 261.101975448928 5400.0 5400.0 2016.0 1 417 {-999.0 16.87896 16.657612 16.59189 -999.0} sdss_psfmag 16.858679 16.63865 16.254509 15.506 63050395173369122 975748485 "" ops_std_eboss ops_std standard_boss 0 0 0.0 0.0 -999 ""
FIBERMAP 1314 R-13C8 METROLOGY 0 0 0 1 0 0 25.22944709784221 -266.7122926774928 143.1 16.607146055590793 -267.3641995863101 14.626121 44.892 -999.0 -999.0 -999.0 -999.0 -999.0 190.4758788596341 24.9478980247918 190.4762944394372 24.803251403400097 62.413128728703114 261.10909350371963 -999.0 6231.0 -999.0 -1 -999 {-999.0 -999.0 -999.0 -999.0 -999.0} "" -999.0 -999.0 -999.0 -999.0 -999 -999 "" "" "" "" 0 0 0.0 0.0 -999 ""
FIBERMAP 1316 R-8C11 APOGEE 0 0 0 1 0 0 6.541996313785598 -147.00206929958853 143.1 1.794178867087223 -147.12375066940507 185.60938 78.85781 -999.0 -999.0 -999.0 -999.0 -999.0 190.40238930219695 25.488338706085823 190.40259144896356 25.343524873083652 62.565336815825006 262.2406412765803 -999.0 16600.0 -999.0 2 -999 {-999.0 -999.0 -999.0 -999.0 -999.0} "" -999.0 -999.0 -999.0 -999.0 -999 -999 "" "" "" "" 0 0 0.0 0.0 -999 ""
FIBERMAP 1316 R-8C11 BOSS 1 1 0 1 0 0 6.597457768844766 -146.25001196408567 143.1 1.8738758837387162 -146.37394063867393 185.60938 78.85781 190.40267944335938 25.49162954787397 -999.0 -999.0 -999.0 190.4026851866 25.49163554826659 190.40299361106202 25.3468621996189 62.56696463758797 262.2470138325834 5400.0 5400.0 2015.5 1 373 {-999.0 -999.0 -999.0 -999.0 -999.0} "" -999.0 -999.0 -999.0 -999.0 27021603145563503 812569157 "" ops_sky_boss_good ops_sky sky_boss 0 0 0.0 0.0 -999 ""
FIBERMAP 1316 R-8C11 METROLOGY 0 0 0 1 0 0 7.213692844544569 -146.67728359935194 143.1 2.475947767007486 -146.82083857649909 185.60938 78.85781 -999.0 -999.0 -999.0 -999.0 -999.0 190.4057477335967 25.489633293121436 190.40602196150007 25.344849729637613 62.56870830029085 262.2406854525707 -999.0 6231.0 -999.0 -1 -999 {-999.0 -999.0 -999.0 -999.0 -999.0} "" -999.0 -999.0 -999.0 -999.0 -999 -999 "" "" "" "" 0 0 0.0 0.0 -999 ""
FIBERMAP 1317 R-12C9 APOGEE 0 0 0 1 0 0 6.15854608200193 -228.27621905522267 143.1 -1.2117995022420534 -228.33608108277156 190.34422 87.79105 -999.0 -999.0 -999.0 -999.0 -999.0 190.3871215631747 25.12229312293898 190.38750825623958 24.977550108249417 62.40910776153897 261.52359364849224 -999.0 16600.0 -999.0 2 -999 {-999.0 -999.0 -999.0 -999.0 -999.0} "" -999.0 -999.0 -999.0 -999.0 -999 -999 "" "" "" "" 0 0 0.0 0.0 -999 ""
FIBERMAP 1317 R-12C9 BOSS 1 1 0 1 0 0 6.057720882151308 -227.5234340255584 143.1 -1.2882705764552016 -227.58050034445967 190.34422 87.79105 190.3866196226988 25.125627523257442 1.6023293 -8.252564 0.25296217 190.38663132818985 25.12560068834962 190.38712530509918 24.980899270612092 62.410121120306286 261.53052663792863 5400.0 5400.0 2016.0 1 405 {-999.0 18.32658 17.90625 17.85489 -999.0} sdss_psfmag 18.267488 17.962257 17.50354 16.189 63050395173369307 977060408 "" ops_std_boss ops_std standard_boss 0 0 0.0 0.0 -999 ""
FIBERMAP 1317 R-12C9 METROLOGY 0 0 0 1 0 0 6.740000674199074 -227.80870163552086 143.1 -0.6156116089845242 -227.88761194798047 190.34422 87.79105 -999.0 -999.0 -999.0 -999.0 -999.0 190.39002948645825 25.12424292277761 190.39048859374452 24.9795308753169 62.41237424619448 261.525197910433 -999.0 6231.0 -999.0 -1 -999 {-999.0 -999.0 -999.0 -999.0 -999.0} "" -999.0 -999.0 -999.0 -999.0 -999 -999 "" "" "" "" 0 0 0.0 0.0 -999 ""
FIBERMAP 1318 R-11C7 APOGEE 0 0 0 1 0 0 -53.644642822544725 -207.58665850299772 143.1 -60.31094214390217 -205.72922582167305 224.51825 41.039364 -999.0 -999.0 -999.0 -999.0 -999.0 190.0908357588656 25.223940139588297 190.09160120446995 25.079080859369135 62.203040404842206 261.9525021423201 -999.0 16600.0 -999.0 2 169 {-999.0 -999.0 -999.0 -999.0 -999.0} "" -999.0 -999.0 -999.0 -999.0 -999 -999 "" "" "" "" 0 0 0.0 0.0 -999 ""
FIBERMAP 1318 R-11C7 BOSS 1 1 0 1 0 0 -53.61712052833876 -206.84397015035827 143.1 -60.25946963282498 -204.98787746189177 224.51825 41.039364 190.09094238281247 25.227181276335003 -999.0 -999.0 -999.0 190.09095385908344 25.227187923573535 190.0918270440402 25.082370385076707 62.20452316955356 261.95881423234414 5400.0 5400.0 2015.5 1 359 {-999.0 -999.0 -999.0 -999.0 -999.0} "" -999.0 -999.0 -999.0 -999.0 27021603145536189 812565360 "" ops_sky_boss_good ops_sky sky_boss 0 0 0.0 0.0 -999 ""
FIBERMAP 1318 R-11C7 METROLOGY 0 0 0 1 0 0 -52.97880427207902 -207.23911317753073 143.1 -59.63429319482649 -205.4033789096935 224.51825 41.039364 -999.0 -999.0 -999.0 -999.0 -999.0 190.09412947760399 25.225338726071033 190.09496792447908 25.080510562097345 62.20640630481677 261.9527466304563 -999.0 6231.0 -999.0 -1 -999 {-999.0 -999.0 -999.0 -999.0 -999.0} "" -999.0 -999.0 -999.0 -999.0 -999 -999 "" "" "" "" 0 0 0.0 0.0 -999 ""
FIBERMAP 1323 R+2C5 APOGEE 0 0 0 1 0 0 -199.82594709833697 39.0768150020861 143.1 -198.44334764205956 45.501534614997475 231.10938 52.286854 -999.0 -999.0 -999.0 -999.0 -999.0 189.38864012897992 26.360651976267427 189.38996849218722 26.215350447881296 62.04472372963048 264.71336132510015 -999.0 16600.0 -999.0 2 140 {-999.0 -999.0 -999.0 -999.0 -999.0} "" -999.0 -999.0 -999.0 -999.0 -999 -999 "" "" "" "" 0 0 0.0 0.0 -999 ""
FIBERMAP 1323 R+2C5 BOSS 1 1 0 1 0 0 -200.0167509433245 39.79517126835121 143.1 -198.6108536557068 46.225611195785255 231.10938 52.286854 189.3876060156044 26.36390339518667 -999.0 -999.0 -999.0 189.38761290115283 26.363900956499748 189.3890543180196 26.218637394957163 62.04513842213318 264.7205336622565 5400.0 5400.0 2016.0 1 34 {-999.0 21.937496 20.61865 20.127876 19.78072} sdss_fiber2mag_from_lsdr10 nan nan nan -999.0 63050399048639522 1058177988 dark_flexible_2x2 bhm_spiders_clusters_lsdr10 bhm_spiders science 0 0 0.0 0.0 -999 ""
FIBERMAP 1323 R+2C5 METROLOGY 0 0 0 1 0 0 -199.2831066288671 39.60712515580542 143.1 -197.8837240236572 46.014004381185266 231.10938 52.286854 -999.0 -999.0 -999.0 -999.0 -999.0 189.39131375693623 26.36298051672803 189.39271801946234 26.217707150956542 62.04787211612303 264.71616419834425 -999.0 6231.0 -999.0 -1 -999 {-999.0 -999.0 -999.0 -999.0 -999.0} "" -999.0 -999.0 -999.0 -999.0 -999 -999 "" "" "" "" 0 0 0.0 0.0 -999 ""
FIBERMAP 1324 R-4C11 APOGEE 0 0 0 1 0 0 -6.533277810107679 -66.47948084383513 143.1 -8.674632458170363 -66.22820390285521 82.43432 60.188507 -999.0 -999.0 -999.0 -999.0 -999.0 190.34961086546258 25.8557040466487 190.34972667738555 25.71079714454073 62.66156161397828 263.0181369411531 -999.0 16600.0 -999.0 2 -999 {-999.0 -999.0 -999.0 -999.0 -999.0} "" -999.0 -999.0 -999.0 -999.0 -999 -999 "" "" "" "" 0 0 0.0 0.0 -999 ""
FIBERMAP 1324 R-4C11 BOSS 1 1 0 1 0 0 -5.931692894776752 -66.94734725609717 143.1 -8.08851183820714 -66.71519915209704 82.43432 60.188507 190.35248374742378 25.85339418644452 0.220847 -0.27027288 0.07179782 190.35246375025432 25.853411898262202 190.35268496685626 25.708546178901777 62.663182835172705 263.01141012640574 5400.0 5400.0 2016.0 1 357 {-999.0 19.791784 19.562674 19.456608 19.374647} sdss_psfmag_from_lsdr10 19.708084 19.543913 19.110918 -999.0 63050395173399010 1059137204 dark_flexible_2x2 bhm_spiders_agn_lsdr10 bhm_spiders science 0 0 0.0 0.0 -999 ""
FIBERMAP 1324 R-4C11 METROLOGY 0 0 0 1 0 0 -6.615891403073553 -67.2209907728105 143.1 -8.781124723438484 -66.96659672944902 82.43432 60.188507 -999.0 -999.0 -999.0 -999.0 -999.0 190.3489898627294 25.85228618092214 190.3491859078265 25.707408293523393 62.65983373035493 263.01170115105293 -999.0 6231.0 -999.0 -1 -999 {-999.0 -999.0 -999.0 -999.0 -999.0} "" -999.0 -999.0 -999.0 -999.0 -999 -999 "" "" "" "" 0 0 0.0 0.0 -999 ""
FIBERMAP 1326 R-3C23 APOGEE 0 0 0 1 0 0 244.864126431743 -60.76200871041955 143.1 242.7543337526938 -68.62694235098239 319.36545 141.48248 -999.0 -999.0 -999.0 -999.0 -999.0 191.61468943044082 25.841087225159693 191.61296371647325 25.696632772819935 63.70939243095444 262.03197401893124 -999.0 16600.0 -999.0 2 -999 {-999.0 -999.0 -999.0 -999.0 -999.0} "" -999.0 -999.0 -999.0 -999.0 -999 -999 "" "" "" "" 0 0 0.0 0.0 -999 ""
FIBERMAP 1326 R-3C23 BOSS 1 1 0 1 0 0 245.0133891394315 -61.46831562224253 143.1 242.88071274092883 -69.33763635255865 319.36545 141.48248 191.61520624724898 25.837797559758165 -0.89560264 0.6656542 -1.4897003 191.61518613963005 25.837826104247434 191.6135648709111 25.693411082314782 63.7086621857034 262.02478494726614 5400.0 5400.0 2016.0 1 323 {-999.0 20.121447 19.856358 19.805374 19.793398} sdss_psfmag_from_lsdr10 20.36639 20.10801 19.778923 -999.0 63050395173396564 1059137221 dark_flexible_2x2 bhm_spiders_agn_lsdr10 bhm_spiders science 0 0 0.0 0.0 -999 ""
FIBERMAP 1326 R-3C23 METROLOGY 0 0 0 1 0 0 244.29953174910028 -61.24975334118795 143.1 242.17434276863395 -69.09617046963733 319.36545 141.48248 -999.0 -999.0 -999.0 -999.0 -999.0 191.6117195078303 25.838949105868327 191.61007339653145 25.69452158868812 63.70617894900242 262.0298156358044 -999.0 6231.0 -999.0 -1 -999 {-999.0 -999.0 -999.0 -999.0 -999.0} "" -999.0 -999.0 -999.0 -999.0 -999 -999 "" "" "" "" 0 0 0.0 0.0 -999 ""
FIBERMAP 1328 R-3C12 APOGEE 0 0 0 1 0 0 -19.953404104018063 -48.573763915851536 143.1 -21.508766964802074 -47.90030553142743 129.78519 118.01562 -999.0 -999.0 -999.0 -999.0 -999.0 190.28459803699542 25.939130224726473 190.28477242341228 25.794185078383823 62.638632107959694 263.2341667452005 -999.0 16600.0 -999.0 2 154 {-999.0 -999.0 -999.0 -999.0 -999.0} "" -999.0 -999.0 -999.0 -999.0 -999 -999 "" "" "" "" 0 0 0.0 0.0 -999 ""
FIBERMAP 1328 R-3C12 BOSS 1 1 0 1 0 0 -19.69764640982148 -47.884707314405944 143.1 -21.230928632581897 -47.21992157622498 129.78519 118.01562 190.28588154312533 25.942196274104838 1.3067772 -0.73150885 -1.264279 190.2858811151739 25.942162874616955 190.28616116877902 25.797257040871298 62.640940509390546 263.23934865616513 5400.0 5400.0 2016.0 1 356 {-999.0 20.753366 20.700129 20.492947 20.286587} sdss_psfmag_from_lsdr10 20.454716 20.424442 20.164309 -999.0 63050395173399086 1059138386 dark_flexible_2x2 bhm_spiders_agn_lsdr10 bhm_spiders science 0 0 0.0 0.0 -999 ""
FIBERMAP 1328 R-3C12 METROLOGY 0 0 0 1 0 0 -19.22001094622084 -48.457498548538325 143.1 -20.772068038141335 -47.807777896821435 129.78519 118.01562 -999.0 -999.0 -999.0 -999.0 -999.0 190.2882407273701 25.939502608558357 190.28848761771417 25.794586888524115 62.641884658085715 263.23225551031084 -999.0 6231.0 -999.0 -1 -999 {-999.0 -999.0 -999.0 -999.0 -999.0} "" -999.0 -999.0 -999.0 -999.0 -999 -999 "" "" "" "" 0 0 0.0 0.0 -999 ""
FIBERMAP 1329 R+3C16 APOGEE 0 0 0 1 0 0 72.31928088267013 53.122238818087595 143.1 73.98956741405217 50.75613766924781 147.43515 168.2567 -999.0 -999.0 -999.0 -999.0 -999.0 190.7698163361234 26.38780215953699 190.7690688587055 26.242926760986666 63.20850259367576 263.7987129215755 -999.0 16600.0 -999.0 2 63 {-999.0 -999.0 -999.0 -999.0 -999.0} "" -999.0 -999.0 -999.0 -999.0 -999 -999 "" "" "" "" 0 0 0.0 0.0 -999 ""
FIBERMAP 1329 R+3C16 BOSS 1 1 0 1 0 0 71.8024033567289 53.66805597205475 143.1 73.49061816280471 51.31830268293508 147.43515 168.2567 190.76723950037413 26.390333052817105 -999.0 -999.0 -999.0 190.7672244388115 26.390357793731088 190.76658683318897 26.245518350452187 63.20736674880249 263.8058612036643 5400.0 5400.0 2016.0 1 220 {-999.0 22.066422 22.020552 21.6122 21.32583} sdss_fiber2mag_from_lsdr10 nan nan nan -999.0 63050398343633164 1059140666 dark_flexible_2x2 bhm_spiders_agn_lsdr10 bhm_spiders science 0 0 0.0 0.0 -999 ""
FIBERMAP 1329 R+3C16 METROLOGY 0 0 0 1 0 0 72.52631909704976 53.84766273973182 143.1 74.2198894995708 51.47443902401912 147.43515 168.2567 -999.0 -999.0 -999.0 -999.0 -999.0 190.77095240350152 26.39106095770167 190.77027851710432 26.246212059580685 63.210704219978865 263.8046342903486 -999.0 6231.0 -999.0 -1 -999 {-999.0 -999.0 -999.0 -999.0 -999.0} "" -999.0 -999.0 -999.0 -999.0 -999 -999 "" "" "" "" 0 0 0.0 0.0 -999 ""
FIBERMAP 1330 R-3C11 APOGEE 0 0 0 1 0 0 -43.73691165867011 -52.856005097336514 143.1 -45.41599549188572 -51.41243466058694 137.21545 130.98677 -999.0 -999.0 -999.0 -999.0 -999.0 190.16355881396095 25.923071250630077 190.16391805010687 25.778090697482934 62.531690242335 263.2901449387764 -999.0 16600.0 -999.0 2 208 {-999.0 -999.0 -999.0 -999.0 -999.0} "" -999.0 -999.0 -999.0 -999.0 -999 -999 "" "" "" "" 0 0 0.0 0.0 -999 ""
FIBERMAP 1330 R-3C11 BOSS 1 1 0 1 0 0 -43.7151329122872 -52.12297970401162 143.1 -45.370574863398936 -50.680558033972964 137.21545 130.98677 190.1635901218242 25.926422582693366 11.820282 -28.196804 0.34362122 190.1636456180946 25.926336192979786 190.16411268532795 25.781394704657746 62.53308845447067 263.29664621956385 5400.0 5400.0 2016.0 1 347 {-999.0 17.21466 16.883505 16.78477 -999.0} sdss_psfmag 17.159433 16.900671 16.464457 15.63 63050395173399216 976171221 "" ops_std_boss ops_std standard_boss 0 0 0.0 0.0 -999 ""
FIBERMAP 1330 R-3C11 METROLOGY 0 0 0 1 0 0 -43.07813023936418 -52.49818333127064 143.1 -44.74606775420661 -51.076089822446285 137.21545 130.98677 -999.0 -999.0 -999.0 -999.0 -999.0 190.16684697257799 25.924554579865905 190.16727910239626 25.77960322213995 62.53506284995663 263.2907319473882 -999.0 6231.0 -999.0 -1 -999 {-999.0 -999.0 -999.0 -999.0 -999.0} "" -999.0 -999.0 -999.0 -999.0 -999 -999 "" "" "" "" 0 0 0.0 0.0 -999 ""
FIBERMAP 1331 R-10C3 APOGEE 0 0 0 1 0 0 -126.48785254612639 -189.60100655910892 143.1 -132.5294289916089 -185.40382554871394 347.15152 149.01015 -999.0 -999.0 -999.0 -999.0 -999.0 189.7286865081223 25.31558031636507 189.72993317949124 25.170591349898068 61.937588952014664 262.4060713981461 -999.0 16600.0 -999.0 2 242 {-999.0 -999.0 -999.0 -999.0 -999.0} "" -999.0 -999.0 -999.0 -999.0 -999 -999 "" "" "" "" 0 0 0.0 0.0 -999 ""
FIBERMAP 1331 R-10C3 BOSS 1 1 0 1 0 0 -125.92572235992255 -190.07625438840836 143.1 -131.9829772998654 -185.89692449855733 347.15152 149.01015 189.7308367568105 25.313282589375085 -22.24061 -4.2251925 0.66367906 189.73130632476094 25.31328763371448 189.7326609652938 25.168342359055934 61.938986122152286 262.3996233951899 5400.0 5400.0 2016.0 1 478 {-999.0 14.396699 14.122804 14.027234 -999.0} sdss_psfmag_from_g3xp 14.360976 14.111285 13.699144 12.889 63050395173373086 1135983057 dark_flexible_3x1 mwm_halo_local_high_boss_triple mwm_halo science 0 0 1.7564252614974976 0.0 -999 ""
FIBERMAP 1331 R-10C3 METROLOGY 0 0 0 1 0 0 -126.6240418488834 -190.33132257525187 143.1 -132.68910313881383 -186.12930235501693 347.15152 149.01015 -999.0 -999.0 -999.0 -999.0 -999.0 189.72782679385818 25.31226277441449 189.72915546526724 25.16730465534531 61.93565986318272 262.400220528161 -999.0 6231.0 -999.0 -1 -999 {-999.0 -999.0 -999.0 -999.0 -999.0} "" -999.0 -999.0 -999.0 -999.0 -999 -999 "" "" "" "" 0 0 0.0 0.0 -999 ""
FIBERMAP 1333 R-5C14 APOGEE 0 0 0 1 0 0 49.46737547167829 -102.18462132265779 143.1 46.139726924431656 -103.71879406967034 154.30188 165.15227 -999.0 -999.0 -999.0 -999.0 -999.0 190.62644408699288 25.685050820546504 190.62623277098794 25.540271107116496 62.82747180324633 262.4669831230354 -999.0 16600.0 -999.0 2 195 {-999.0 -999.0 -999.0 -999.0 -999.0} "" -999.0 -999.0 -999.0 -999.0 -999 -999 "" "" "" "" 0 0 0.0 0.0 -999 ""
FIBERMAP 1333 R-5C14 BOSS 1 1 0 1 0 0 48.91359979631208 -101.68458726475134 143.1 45.602424526047855 -103.20119357520153 154.30188 165.15227 190.62367028964917 25.687306524019448 0.15561236 0.34879354 0.60561424 190.62365547122448 25.687316761157156 190.62355455757154 25.542575750477006 62.82612087340759 262.47367007440585 5400.0 5400.0 2016.0 1 325 {-999.0 19.199478 19.099972 19.090803 19.106707} sdss_psfmag_from_lsdr10 19.463507 19.27697 18.921978 -999.0 63050395173398068 1059137209 dark_flexible_2x2 bhm_spiders_agn_lsdr10 bhm_spiders science 0 0 0.0 0.0 -999 ""
FIBERMAP 1333 R-5C14 METROLOGY 0 0 0 1 0 0 49.63219156981177 -101.45206335755961 143.1 46.32808280009844 -102.99200048075706 154.30188 165.15227 -999.0 -999.0 -999.0 -999.0 -999.0 190.62734834499824 25.68828320276948 190.6272111772463 25.543531870006056 62.82953491394423 262.4728408647664 -999.0 6231.0 -999.0 -1 -999 {-999.0 -999.0 -999.0 -999.0 -999.0} "" -999.0 -999.0 -999.0 -999.0 -999 -999 "" "" "" "" 0 0 0.0 0.0 -999 ""
FIBERMAP 1334 R-4C16 APOGEE 0 0 0 1 0 0 77.19245751300177 -76.93148496228171 143.1 74.66287427837558 -79.37572471020921 170.51271 122.552055 -999.0 -999.0 -999.0 -999.0 -999.0 190.7709230498642 25.79544756600458 190.7704503036448 25.65069448876284 62.989814420999764 262.58223982803077 -999.0 16600.0 -999.0 2 -999 {-999.0 -999.0 -999.0 -999.0 -999.0} "" -999.0 -999.0 -999.0 -999.0 -999 -999 "" "" "" "" 0 0 0.0 0.0 -999 ""
FIBERMAP 1334 R-4C16 BOSS 1 1 0 1 0 0 76.89112431900175 -76.23948005518376 143.1 74.38405578622898 -78.67441661431437 170.51271 122.552055 190.76946149388635 25.798575622261858 -999.0 -999.0 -999.0 190.76946231228627 25.79856166150474 190.76909710498057 25.653846991431386 62.9898837196281 262.58968136677163 5400.0 5400.0 2016.0 1 283 {-999.0 21.785252 21.478199 21.279116 21.109413} sdss_psfmag_from_lsdr10 nan nan nan -999.0 63050398343610166 1059137213 dark_flexible_2x2 bhm_spiders_agn_lsdr10 bhm_spiders science 0 0 0.0 0.0 -999 ""
FIBERMAP 1334 R-4C16 METROLOGY 0 0 0 1 0 0 77.62959722132976 -76.3268604044653 143.1 75.11925960798523 -78.78557472940413 170.51271 122.552055 -999.0 -999.0 -999.0 -999.0 -999.0 190.77319597088447 25.798067327902025 190.7727952513951 25.65334283902096 62.99277592225223 262.58586586392795 -999.0 6231.0 -999.0 -1 -999 {-999.0 -999.0 -999.0 -999.0 -999.0} "" -999.0 -999.0 -999.0 -999.0 -999 -999 "" "" "" "" 0 0 0.0 0.0 -999 ""
FIBERMAP 1335 R-7C1 APOGEE 0 0 0 1 0 0 -199.53104831619456 -147.46430455254597 143.1 -204.16841257859414 -140.93561445818392 353.14337 79.892006 -999.0 -999.0 -999.0 -999.0 -999.0 189.36887522492646 25.515843126173447 189.3705617369974 25.37070901060405 61.7151191130246 263.06288202072034 -999.0 16600.0 -999.0 2 260 {-999.0 -999.0 -999.0 -999.0 -999.0} "" -999.0 -999.0 -999.0 -999.0 -999 -999 "" "" "" "" 0 0 0.0 0.0 -999 ""
FIBERMAP 1335 R-7C1 BOSS 1 1 0 1 0 0 -199.75783915418745 -148.17599726285863 143.1 -204.41803215698997 -141.6395555273497 353.14337 79.892006 189.36754393573156 25.512594060552125 0.23076315 -0.41533113 0.13415292 189.36754926265112 25.512613487991494 189.36935133982513 25.367521756711945 61.712888502739986 263.0575521417289 5400.0 5400.0 2016.0 1 500 {-999.0 19.492523 19.105143 19.07992 19.118963} sdss_psfmag_from_lsdr10 19.223011 19.01625 18.80936 -999.0 63050395173385754 1059136045 dark_flexible_2x2 bhm_spiders_agn_lsdr10 bhm_spiders science 0 0 0.0 0.0 -999 ""
FIBERMAP 1335 R-7C1 METROLOGY 0 0 0 1 0 0 -200.2606766226194 -147.6212171522443 143.1 -204.9026606528234 -141.06888609021914 353.14337 79.892006 -999.0 -999.0 -999.0 -999.0 -999.0 189.36513779938832 25.515198903172223 189.3669105282495 25.37009403151506 61.711835924922255 263.06434824107265 -999.0 6231.0 -999.0 -1 -999 {-999.0 -999.0 -999.0 -999.0 -999.0} "" -999.0 -999.0 -999.0 -999.0 -999 -999 "" "" "" "" 0 0 0.0 0.0 -999 ""
FIBERMAP 1336 R-9C8 APOGEE 0 0 0 1 0 0 -35.99500808446707 -166.87511922151162 143.1 -41.35826129251131 -165.6120178387629 50.101208 159.82793 -999.0 -999.0 -999.0 -999.0 -999.0 190.18527343007827 25.404747266971526 190.18582545407287 25.259880463727345 62.35226358073622 262.23844414096544 -999.0 16600.0 -999.0 2 173 {-999.0 -999.0 -999.0 -999.0 -999.0} "" -999.0 -999.0 -999.0 -999.0 -999 -999 "" "" "" "" 0 0 0.0 0.0 -999 ""
FIBERMAP 1336 R-9C8 BOSS 1 1 0 1 0 0 -35.36124612384978 -166.49676427122958 143.1 -40.712675175173715 -165.25434491662654 50.101208 159.82793 190.1883932665668 25.406267692440586 0.33376473 -0.29645336 -0.7666662 190.18839125744378 25.40626670970903 190.18904712537085 25.261442195024816 62.35555518466347 262.23910285524903 5400.0 5400.0 2016.0 1 383 {-999.0 19.438017 19.286568 19.23794 19.212244} sdss_psfmag_from_lsdr10 19.648277 19.44493 19.015402 -999.0 63050395173372763 1059136062 dark_flexible_2x2 bhm_spiders_agn_lsdr10 bhm_spiders science 0 0 0.0 0.0 -999 ""
FIBERMAP 1336 R-9C8 METROLOGY 0 0 0 1 0 0 -35.34249403829777 -167.2432993268689 143.1 -40.718025593903945 -166.00103093880034 50.101208 159.82793 -999.0 -999.0 -999.0 -999.0 -999.0 190.18840753764812 25.402914849065226 190.18903394523466 25.258079249749343 62.35423620658446 262.23243570238594 -999.0 6231.0 -999.0 -1 -999 {-999.0 -999.0 -999.0 -999.0 -999.0} "" -999.0 -999.0 -999.0 -999.0 -999 -999 "" "" "" "" 0 0 0.0 0.0 -999 ""
FIBERMAP 1338 R-8C12 APOGEE 0 0 0 1 0 0 51.573815308714984 -172.18830930565275 143.1 45.9858278231714 -173.74786950108845 329.40863 74.44127 -999.0 -999.0 -999.0 -999.0 -999.0 190.6244712740524 25.36785107197889 190.62440787548587 25.223136324379123 62.703158130359014 261.8294443374025 -999.0 16600.0 -999.0 2 -999 {-999.0 -999.0 -999.0 -999.0 -999.0} "" -999.0 -999.0 -999.0 -999.0 -999 -999 "" "" "" "" 0 0 0.0 0.0 -999 ""
FIBERMAP 1338 R-8C12 BOSS 1 1 0 1 0 0 51.05434509565332 -172.6971034283097 143.1 45.45025457741958 -174.2395904970386 329.40863 74.44127 190.62167797146998 25.36553731847243 -999.0 -999.0 -999.0 190.62167872827828 25.365537852533652 190.62172762410364 25.220863947489583 62.70003696759084 261.8269569876575 5400.0 5400.0 2016.0 1 382 {-999.0 22.443384 21.494293 20.860512 20.387865} sdss_fiber2mag_from_lsdr10 nan nan nan -999.0 63050399058490515 1059134898 dark_flexible_2x2 bhm_spiders_agn_lsdr10 bhm_spiders science 0 0 0.0 0.0 -999 ""
FIBERMAP 1338 R-8C12 METROLOGY 0 0 0 1 0 0 50.854649716045564 -171.98965676770715 143.1 45.273510379580614 -173.5261299500755 329.40863 74.44127 -999.0 -999.0 -999.0 -999.0 -999.0 190.6208313860579 25.36878114768186 190.62084963451525 25.224094568409644 62.7005718000009 261.83411624737266 -999.0 6231.0 -999.0 -1 -999 {-999.0 -999.0 -999.0 -999.0 -999.0} "" -999.0 -999.0 -999.0 -999.0 -999 -999 "" "" "" "" 0 0 0.0 0.0 -999 ""
FIBERMAP 1339 R-4C7 APOGEE 0 0 0 1 0 0 -98.80612866746446 -94.59658696708637 143.1 -101.79870123001113 -91.35050873027996 14.301138 33.50301 -999.0 -999.0 -999.0 -999.0 -999.0 189.87942019890357 25.741087313150597 189.88027294492645 25.59605597311642 62.22637620762313 263.1337343218196 -999.0 16600.0 -999.0 2 259 {-999.0 -999.0 -999.0 -999.0 -999.0} "" -999.0 -999.0 -999.0 -999.0 -999 -999 "" "" "" "" 0 0 0.0 0.0 -999 ""
FIBERMAP 1339 R-4C7 BOSS 1 1 0 1 0 0 -99.29412078263354 -95.15182592217634 143.1 -102.30431432860401 -91.88966211826539 14.301138 33.50301 189.876708984375 25.738542602810597 -999.0 -999.0 -999.0 189.87672945619065 25.738556326523508 189.87769761911227 25.593565395665372 62.22328402143732 263.13067243890663 5400.0 5400.0 2015.5 1 460 {-999.0 -999.0 -999.0 -999.0 -999.0} "" -999.0 -999.0 -999.0 -999.0 27021603145537577 812565568 "" ops_sky_boss_good ops_sky sky_boss 0 0 0.0 0.0 -999 ""
FIBERMAP 1339 R-4C7 METROLOGY 0 0 0 1 0 0 -99.54771984761419 -94.44513345804677 143.1 -102.5349537564742 -91.17521580742914 14.301138 33.50301 -999.0 -999.0 -999.0 -999.0 -999.0 189.87558795373616 25.74181756171611 189.87652513407897 25.596814069932265 62.223534081025264 263.13798378786646 -999.0 6231.0 -999.0 -1 -999 {-999.0 -999.0 -999.0 -999.0 -999.0} "" -999.0 -999.0 -999.0 -999.0 -999 -999 "" "" "" "" 0 0 0.0 0.0 -999 ""
FIBERMAP 1340 R+9C17 APOGEE 0 0 0 1 0 0 157.10939673148602 179.31812987705737 143.1 162.80050970877872 174.13903067857729 144.98871 128.35588 -999.0 -999.0 -999.0 -999.0 -999.0 191.22141731797655 26.943647920797254 191.21972240137654 26.798818948640253 63.782662723624085 264.6430190663086 -999.0 16600.0 -999.0 2 -999 {-999.0 -999.0 -999.0 -999.0 -999.0} "" -999.0 -999.0 -999.0 -999.0 -999 -999 "" "" "" "" 0 0 0.0 0.0 -999 ""
FIBERMAP 1340 R+9C17 BOSS 1 1 0 1 0 0 157.04970602518554 180.05531136781664 143.1 162.7646445681377 174.87768993811014 144.98871 128.35588 191.22116088867185 26.946973477080334 -999.0 -999.0 -999.0 191.221155813201 26.946961393362194 191.21956536694654 26.80216651948619 63.783691922275736 264.65023666846184 5400.0 5400.0 2015.5 1 240 {-999.0 -999.0 -999.0 -999.0 -999.0} "" -999.0 -999.0 -999.0 -999.0 27021603145568015 812569805 "" ops_sky_boss_good ops_sky sky_boss 0 0 0.0 0.0 -999 ""
FIBERMAP 1340 R+9C17 METROLOGY 0 0 0 1 0 0 157.72737470731323 179.73617915872677 143.1 163.43160240177397 174.53688314089865 144.98871 128.35588 -999.0 -999.0 -999.0 -999.0 -999.0 191.22454927915462 26.94539325998568 191.22292447884342 26.800590065943616 63.7859576689358 264.6445361537292 -999.0 6231.0 -999.0 -1 -999 {-999.0 -999.0 -999.0 -999.0 -999.0} "" -999.0 -999.0 -999.0 -999.0 -999 -999 "" "" "" "" 0 0 0.0 0.0 -999 ""
FIBERMAP 1341 R-6C4 APOGEE 0 0 0 1 0 0 -160.60681976763533 -97.16677101745061 143.1 -163.64473556034727 -91.92478692333191 149.17128 58.660397 -999.0 -999.0 -999.0 -999.0 -999.0 189.56848760084466 25.737823340305397 189.56979597601674 25.59270044866302 61.9658473952893 263.3531343759458 -999.0 16600.0 -999.0 2 -999 {-999.0 -999.0 -999.0 -999.0 -999.0} "" -999.0 -999.0 -999.0 -999.0 -999 -999 "" "" "" "" 0 0 0.0 0.0 -999 ""
FIBERMAP 1341 R-6C4 BOSS 1 1 0 1 0 0 -159.9618897132064 -96.80325064977836 143.1 -162.98846686371414 -91.5822999593271 149.17128 58.660397 189.57163864932997 25.73932366061 0.14129874 0.15336391 0.042478234 189.57159920185399 25.73931681159143 189.57301410704054 25.59423554323941 61.96911444368689 263.3538293617686 5400.0 5400.0 2016.0 1 453 {-999.0 18.87053 18.751358 18.828447 18.722254} sdss_psfmag 18.871513 18.782484 18.465528 -999.0 63050395173386298 1128956114 dark_1x4 bhm_aqmes_wide1 bhm_aqmes science 0 0 0.0 0.0 -999 ""
FIBERMAP 1341 R-6C4 METROLOGY 0 0 0 1 0 0 -159.9697699663671 -97.55513879574318 143.1 -163.02060616586033 -92.33347637495078 149.17128 58.660397 -999.0 -999.0 -999.0 -999.0 -999.0 189.57151364122538 25.735928029000167 189.57289837782605 25.590835813504626 61.967735009542295 263.3472137627996 -999.0 6231.0 -999.0 -1 -999 {-999.0 -999.0 -999.0 -999.0 -999.0} "" -999.0 -999.0 -999.0 -999.0 -999 -999 "" "" "" "" 0 0 0.0 0.0 -999 ""
FIBERMAP 1342 R+2C4 APOGEE 0 0 0 1 0 0 -214.3634236087498 28.737045441770707 143.1 -213.30564994808546 35.63718786181625 239.17546 94.60764 -999.0 -999.0 -999.0 -999.0 -999.0 189.31436496000552 26.31528720138686 189.3158220425438 26.169974232658273 61.96632363732404 264.6741340949592 -999.0 16600.0 -999.0 2 -999 {-999.0 -999.0 -999.0 -999.0 -999.0} "" -999.0 -999.0 -999.0 -999.0 -999 -999 "" "" "" "" 0 0 0.0 0.0 -999 ""
FIBERMAP 1342 R+2C4 BOSS 1 1 0 1 0 0 -215.02660537324837 29.046354291014914 143.1 -213.9584466827905 35.967709774689574 239.17546 94.60764 189.31092436328018 26.316723531494926 -0.541875 -0.45164084 -1.4356794 189.31092270267453 26.316725229452747 189.31249744576598 26.17145018921649 61.964071679553484 264.67935004329416 5400.0 5400.0 2016.0 1 35 {-999.0 21.127474 20.669771 20.612005 20.617949} sdss_psfmag_from_lsdr10 20.552176 20.536339 19.99164 -999.0 63050395173387845 1059139540 dark_flexible_2x2 bhm_spiders_agn_lsdr10 bhm_spiders science 0 0 0.0 0.0 -999 ""
FIBERMAP 1342 R+2C4 METROLOGY 0 0 0 1 0 0 -214.42580455999195 29.48053088038663 143.1 -213.34400026513214 36.38223404971977 239.17546 94.60764 -999.0 -999.0 -999.0 -999.0 -999.0 189.31403009307934 26.31864100057908 189.3155673999279 26.173355320643452 61.967328084080314 264.6810205642264 -999.0 6231.0 -999.0 -1 -999 {-999.0 -999.0 -999.0 -999.0 -999.0} "" -999.0 -999.0 -999.0 -999.0 -999 -999 "" "" "" "" 0 0 0.0 0.0 -999 ""
FIBERMAP 1345 R-1C16 APOGEE 0 0 0 1 0 0 37.91929519276011 -28.514835917976548 143.1 36.97603662143285 -29.721164661004742 256.65866 55.7405 -999.0 -999.0 -999.0 -999.0 -999.0 190.58103407584616 26.021754352255826 190.5807353935154 25.876889884450744 62.916630185089254 263.18450958216647 -999.0 16600.0 -999.0 2 231 {-999.0 -999.0 -999.0 -999.0 -999.0} "" -999.0 -999.0 -999.0 -999.0 -999 -999 "" "" "" "" 0 0 0.0 0.0 -999 ""
FIBERMAP 1345 R-1C16 BOSS 1 1 0 1 0 0 37.41362481947668 -27.960547082739524 143.1 36.488561090491466 -29.150894780977254 256.65866 55.7405 190.57848015827457 26.024320919553606 -0.96852696 0.5509229 0.9478718 190.57848404078385 26.024300033382755 190.57829570331774 25.87947310021128 62.91555561912344 263.1915710503319 5400.0 5400.0 2016.0 1 281 {-999.0 20.646006 20.432749 20.409182 20.424469} sdss_psfmag_from_lsdr10 20.397371 20.364447 19.886482 -999.0 63050395173399490 1059138398 dark_flexible_2x2 bhm_spiders_agn_lsdr10 bhm_spiders science 0 0 0.0 0.0 -999 ""
FIBERMAP 1345 R-1C16 METROLOGY 0 0 0 1 0 0 38.14337225452216 -27.79523953789806 143.1 37.2231991303537 -29.009237155422934 256.65866 55.7405 -999.0 -999.0 -999.0 -999.0 -999.0 190.58223555292858 26.024954001352935 190.5820108461984 25.880117162468782 62.91889751238075 263.1901488372949 -999.0 6231.0 -999.0 -1 -999 {-999.0 -999.0 -999.0 -999.0 -999.0} "" -999.0 -999.0 -999.0 -999.0 -999 -999 "" "" "" "" 0 0 0.0 0.0 -999 ""
FIBERMAP 1346 R+3C6 APOGEE 0 0 0 1 0 0 -157.66040383461234 64.85523695936863 143.1 -155.4715730324816 69.90356839136375 157.56276 110.33587 -999.0 -999.0 -999.0 -999.0 -999.0 189.60458269084594 26.473056732445976 189.60554266582733 26.32779388968166 62.26546376119836 264.79010311924793 -999.0 16600.0 -999.0 2 -999 {-999.0 -999.0 -999.0 -999.0 -999.0} "" -999.0 -999.0 -999.0 -999.0 -999 -999 "" "" "" "" 0 0 0.0 0.0 -999 ""
FIBERMAP 1346 R+3C6 BOSS 1 1 0 1 0 0 -157.6361567490262 65.58549274415586 143.1 -155.42377494325598 70.6325974397409 157.56276 110.33587 189.60466505355512 26.47638586010189 -999.0 -999.0 -999.0 189.60464136112483 26.476352426012017 189.6057118850655 26.331127197139253 62.266793382405204 264.7966794571423 5400.0 5400.0 2016.0 1 39 {-999.0 21.14431 21.207762 20.995663 20.770363} sdss_psfmag_from_lsdr10 20.638096 20.70505 19.646666 -999.0 63050395173413050 1059140651 dark_flexible_2x2 bhm_spiders_agn_lsdr10 bhm_spiders science 0 0 0.0 0.0 -999 ""
FIBERMAP 1346 R+3C6 METROLOGY 0 0 0 1 0 0 -157.0068772532731 65.21518832829904 143.1 -154.8068282124018 70.2422111132762 157.56276 110.33587 -999.0 -999.0 -999.0 -999.0 -999.0 189.60780780939675 26.474608867719354 189.60884253875383 26.32937407072971 62.268790289551305 264.7910106442947 -999.0 6231.0 -999.0 -1 -999 {-999.0 -999.0 -999.0 -999.0 -999.0} "" -999.0 -999.0 -999.0 -999.0 -999 -999 "" "" "" "" 0 0 0.0 0.0 -999 ""
FIBERMAP 1349 R-5C10 APOGEE 0 0 0 1 0 0 -52.82898696059641 -99.29859830885592 143.1 -56.00126737147588 -97.53336708108823 231.85121 63.62398 -999.0 -999.0 -999.0 -999.0 -999.0 190.11057182417713 25.713270578839147 190.1110990510699 25.568316459823134 62.40852034167936 262.90860019882876 -999.0 16600.0 -999.0 2 289 {-999.0 -999.0 -999.0 -999.0 -999.0} "" -999.0 -999.0 -999.0 -999.0 -999 -999 "" "" "" "" 0 0 0.0 0.0 -999 ""
FIBERMAP 1349 R-5C10 BOSS 1 1 0 1 0 0 -53.14771002760833 -98.61138963186413 143.1 -56.29761993404142 -96.8362911166448 231.85121 63.62398 190.10892202116673 25.716393017588324 -0.813262 1.0619363 1.1973 190.10892733033666 25.7163507171687 190.10956511063534 25.5714359893214 62.40842522647998 262.9159654217898 5400.0 5400.0 2016.0 1 398 {-999.0 20.113901 20.141792 20.151665 20.170273} sdss_psfmag_from_lsdr10 20.03234 19.94515 19.609005 -999.0 63050395173398912 1059137201 dark_flexible_2x2 bhm_spiders_agn_lsdr10 bhm_spiders science 0 0 0.0 0.0 -999 ""
FIBERMAP 1349 R-5C10 METROLOGY 0 0 0 1 0 0 -52.40939925910919 -98.67759537632917 143.1 -55.56189483135689 -96.92628227687896 231.85121 63.62398 -999.0 -999.0 -999.0 -999.0 -999.0 190.11267973449895 25.71596439057565 190.1132811734152 25.571039432003584 62.411375519566604 262.9124245202033 -999.0 6231.0 -999.0 -1 -999 {-999.0 -999.0 -999.0 -999.0 -999.0} "" -999.0 -999.0 -999.0 -999.0 -999 -999 "" "" "" "" 0 0 0.0 0.0 -999 ""
FIBERMAP 1351 R-3C8 APOGEE 0 0 0 1 0 0 -94.02968109030078 -69.7104420394976 143.1 -96.22206997066195 -66.63364250573005 304.02637 115.27437 -999.0 -999.0 -999.0 -999.0 -999.0 189.9069364998799 25.853450258048277 189.90770204830164 25.70840419860218 62.291603674221896 263.33730444852904 -999.0 16600.0 -999.0 2 -999 {-999.0 -999.0 -999.0 -999.0 -999.0} "" -999.0 -999.0 -999.0 -999.0 -999 -999 "" "" "" "" 0 0 0.0 0.0 -999 ""
FIBERMAP 1351 R-3C8 BOSS 1 1 0 1 0 0 -94.40160067713815 -70.36197893718419 143.1 -96.6147887440531 -67.27278097520806 304.02637 115.27437 189.90480048310542 25.85045708281997 -999.0 -999.0 -999.0 189.90480960649646 25.850469615298767 189.9056899006406 25.705463781384786 62.28881988387934 263.33290575308297 5400.0 5400.0 2016.0 1 469 {-999.0 nan nan nan nan} undefined 20.555847 20.774433 20.065275 -999.0 63050395173374093 1059137196 dark_flexible_2x2 bhm_spiders_agn_lsdr10 bhm_spiders science 0 0 0.0 0.0 -999 ""
FIBERMAP 1351 R-3C8 METROLOGY 0 0 0 1 0 0 -94.77577738249359 -69.71195969820599 143.1 -96.96776133190892 -66.61108230429464 304.02637 115.27437 -999.0 -999.0 -999.0 -999.0 -999.0 189.90305295587638 25.8534919897623 189.9039032875762 25.708473582788436 62.28845695967654 263.34020419607737 -999.0 6231.0 -999.0 -1 -999 {-999.0 -999.0 -999.0 -999.0 -999.0} "" -999.0 -999.0 -999.0 -999.0 -999 -999 "" "" "" "" 0 0 0.0 0.0 -999 ""
FIBERMAP 1353 R-12C3 APOGEE 0 0 0 1 0 0 -120.5256258533467 -248.57380835172822 143.1 -128.4739142514013 -244.53315406753273 275.95844 78.19571 -999.0 -999.0 -999.0 -999.0 -999.0 189.75204410547707 25.050613486751672 189.75336562014115 24.905686266199385 61.85289973768914 261.87134826284813 -999.0 16600.0 -999.0 2 -999 {-999.0 -999.0 -999.0 -999.0 -999.0} "" -999.0 -999.0 -999.0 -999.0 -999 -999 "" "" "" "" 0 0 0.0 0.0 -999 ""
FIBERMAP 1353 R-12C3 BOSS 1 1 0 1 0 0 -121.28098292943996 -248.4945885842266 143.1 -129.22625532145983 -244.42960670797157 275.95844 78.19571 189.7481323809199 25.05109542015299 2.4871554 -4.037195 -0.8811719 189.74818859446756 25.051043380040262 189.74962602170478 24.906158316669238 61.849974190362 261.87512139128523 5400.0 5400.0 2016.0 1 350 {-999.0 20.82129 20.691769 20.567839 20.514559} sdss_psfmag_from_gaiadr2 20.893244 20.68331 20.466892 -999.0 63050395173372230 1130138317 dark_flexible_3x1 bhm_gua_dark_d3 bhm_filler science 0 0 0.0 0.0 -999 ""
FIBERMAP 1353 R-12C3 METROLOGY 0 0 0 1 0 0 -120.8343221468064 -247.89456717297358 143.1 -128.76050325599792 -243.84436432358223 275.95844 78.19571 -999.0 -999.0 -999.0 -999.0 -999.0 189.75050270234345 25.053661400755654 189.7519044160066 24.908764178909724 61.8529054007503 261.87845203083117 -999.0 6231.0 -999.0 -1 -999 {-999.0 -999.0 -999.0 -999.0 -999.0} "" -999.0 -999.0 -999.0 -999.0 -999 -999 "" "" "" "" 0 0 0.0 0.0 -999 ""
FIBERMAP 1354 R+3C8 APOGEE 0 0 0 1 0 0 -109.25759312455148 71.58503007130213 143.1 -106.8810352841193 75.06728199568562 141.64856 96.20298 -999.0 -999.0 -999.0 -999.0 -999.0 189.85050029590013 26.497970395793633 189.85108061348296 26.35277526119117 62.47996278195299 264.671319834567 -999.0 16600.0 -999.0 2 -999 {-999.0 -999.0 -999.0 -999.0 -999.0} "" -999.0 -999.0 -999.0 -999.0 -999 -999 "" "" "" "" 0 0 0.0 0.0 -999 ""
FIBERMAP 1354 R+3C8 BOSS 1 1 0 1 0 0 -108.83741866202519 72.2268305782708 143.1 -106.4404051907904 75.69513278650349 141.64856 96.20298 189.852232435601 26.50097690728437 4.178081 -47.102055 0.8488215 189.85256598299134 26.50082836197479 189.85325297394354 26.3556711822955 62.482813482670565 264.67567494749005 5400.0 5400.0 2016.0 1 52 {-999.0 16.59382 16.08516 15.8844 -999.0} sdss_psfmag 16.48161 16.113691 15.564697 14.46 63050395173412397 1136813061 dark_flexible_3x1 mwm_halo_local_high_boss_triple mwm_halo science 0 0 1.1212714910507202 0.0 -999 ""
FIBERMAP 1354 R+3C8 METROLOGY 0 0 0 1 0 0 -108.5119399315818 71.5592755313929 143.1 -106.13666684134229 75.01748048642229 141.64856 96.20298 -999.0 -999.0 -999.0 -999.0 -999.0 189.85415552634856 26.497760894442628 189.8548099534131 26.352594082690317 62.48302058833027 264.66837589641074 -999.0 6231.0 -999.0 -1 -999 {-999.0 -999.0 -999.0 -999.0 -999.0} "" -999.0 -999.0 -999.0 -999.0 -999 -999 "" "" "" "" 0 0 0.0 0.0 -999 ""
FIBERMAP 1355 R0C10 APOGEE 0 0 0 1 0 0 -75.78763207364736 -1.5717949931040591 143.1 -75.79224743025976 0.8748697306988488 3.5565267 109.049774 -999.0 -999.0 -999.0 -999.0 -999.0 190.00909539885927 26.160925167856902 190.00958068053683 26.01584741439171 62.49077500462248 263.8800169617364 -999.0 16600.0 -999.0 2 -999 {-999.0 -999.0 -999.0 -999.0 -999.0} "" -999.0 -999.0 -999.0 -999.0 -999 -999 "" "" "" "" 0 0 0.0 0.0 -999 ""
FIBERMAP 1355 R0C10 BOSS 1 1 0 1 0 0 -75.49091893115018 -2.256141009275792 143.1 -75.51779902227666 0.1813649578471218 3.5565267 109.049774 190.01034429096293 26.15772875983167 -0.013932078 -0.21607116 0.5659705 190.01034083578182 26.157731309721765 190.0109357503327 26.01269361038298 62.490751472132644 263.8726977814074 5400.0 5400.0 2016.0 1 491 {-999.0 21.209892 21.103477 20.701563 20.426435} sdss_fiber2mag_from_lsdr10 20.633831 20.729094 19.750557 -999.0 63050395173411969 1059139553 dark_flexible_2x2 bhm_spiders_agn_lsdr10 bhm_spiders science 0 0 0.0 0.0 -999 ""
FIBERMAP 1355 R0C10 METROLOGY 0 0 0 1 0 0 -76.24077622595998 -2.1645195140551294 143.1 -76.26424344642328 0.29712901926081015 3.5565267 109.049774 -999.0 -999.0 -999.0 -999.0 -999.0 190.00659533329608 26.158260741121612 190.00716438032612 26.01321071933165 62.48778794134358 263.87643016032297 -999.0 6231.0 -999.0 -1 -999 {-999.0 -999.0 -999.0 -999.0 -999.0} "" -999.0 -999.0 -999.0 -999.0 -999 -999 "" "" "" "" 0 0 0.0 0.0 -999 ""
FIBERMAP 1356 R+8C9 APOGEE 0 0 0 1 0 0 -43.42013586072061 150.33920302211556 143.1 -38.54219152458274 151.64893196531943 256.3726 37.353424 -999.0 -999.0 -999.0 -999.0 -999.0 190.1975838865464 26.84662558251704 190.19749098563454 26.70146685522892 62.89273303874096 265.14514928987927 -999.0 16600.0 -999.0 2 -999 {-999.0 -999.0 -999.0 -999.0 -999.0} "" -999.0 -999.0 -999.0 -999.0 -999 -999 "" "" "" "" 0 0 0.0 0.0 -999 ""
FIBERMAP 1356 R+8C9 BOSS 1 1 0 1 0 0 -43.72933223625272 151.05025443843155 143.1 -38.82825377318928 152.36952873218848 256.3726 37.353424 190.19599637826732 26.849913059706832 -999.0 -999.0 -999.0 190.1960009507984 26.84990275241528 190.1960188120662 26.70477912449489 62.89264859863554 265.15296833605214 5400.0 5400.0 2016.0 1 123 {-999.0 20.909819 20.288893 19.902887 19.670692} sdss_fiber2mag_from_lsdr10 19.604542 21.357721 18.4097 16.232 63050395173412938 1059141679 dark_flexible_2x2 bhm_spiders_agn_lsdr10 bhm_spiders science 0 0 0.0 0.0 -999 ""
FIBERMAP 1356 R+8C9 METROLOGY 0 0 0 1 0 0 -42.984648322994616 150.94501865826 143.1 -38.08741892368378 152.24032561628192 256.3726 37.353424 -999.0 -999.0 -999.0 -999.0 -999.0 190.1998088752996 26.849325603730886 190.19979007490224 26.70419302303546 62.89560513425418 265.14919708940073 -999.0 6231.0 -999.0 -1 -999 {-999.0 -999.0 -999.0 -999.0 -999.0} "" -999.0 -999.0 -999.0 -999.0 -999 -999 "" "" "" "" 0 0 0.0 0.0 -999 ""
FIBERMAP 1357 R+3C5 APOGEE 1 1 0 1 0 0 -179.90755255646457 61.17157859644556 143.1 -177.82406081359272 66.94007877495663 154.46294 126.853645 189.49183876492413 26.458770415273882 8.030051 -8.336805 5.876432 189.49186086222812 26.458753498992312 189.49299586777988 26.31346115104151 62.16610320962312 264.8385226851875 16000.0 16600.0 2016.0 2 148 {-999.0 10.560517 10.252411 10.158476 -999.0} sdss_psfmag_from_g3xp 10.522347 10.259382 9.833096 9.097 63050395173413094 1103713613 bright_1x1 mwm_tess_2min_apogee mwm_planet science 0 0 0.0 0.0 -999 ""
FIBERMAP 1357 R+3C5 BOSS 0 0 0 1 0 0 -180.0611393169273 61.90286496495933 143.1 -177.9539551231775 67.67587657589314 154.46294 126.853645 -999.0 -999.0 -999.0 -999.0 -999.0 189.49102306224617 26.462065864337738 189.49227043350015 26.31681104593588 62.166689883560146 264.84572245962113 -999.0 5400.0 -999.0 1 40 {-999.0 -999.0 -999.0 -999.0 -999.0} "" -999.0 -999.0 -999.0 -999.0 -999 -999 "" "" "" "" 0 0 0.0 0.0 -999 ""
FIBERMAP 1357 R+3C5 METROLOGY 0 0 0 1 0 0 -179.35428907886893 61.670894866920236 143.1 -177.2550207177893 67.4212371576229 154.46294 126.853645 -999.0 -999.0 -999.0 -999.0 -999.0 189.49459302214314 26.460946690317034 189.4958036049079 26.31568222323699 62.16924645468159 264.8410454949072 -999.0 6231.0 -999.0 -1 -999 {-999.0 -999.0 -999.0 -999.0 -999.0} "" -999.0 -999.0 -999.0 -999.0 -999 -999 "" "" "" "" 0 0 0.0 0.0 -999 ""
FIBERMAP 1358 R-3C14 APOGEE 0 0 0 1 0 0 25.123388652375752 -75.630186208614 143.1 22.667476582991522 -76.39492020489047 288.42752 64.94223 -999.0 -999.0 -999.0 -999.0 -999.0 190.50815429132481 25.809369533248244 190.50805888116145 25.664524414533826 62.77621044194809 262.80711201677946 -999.0 16600.0 -999.0 2 215 {-999.0 -999.0 -999.0 -999.0 -999.0} "" -999.0 -999.0 -999.0 -999.0 -999 -999 "" "" "" "" 0 0 0.0 0.0 -999 ""
FIBERMAP 1358 R-3C14 BOSS 1 1 0 1 0 0 24.380435039434097 -75.55815415402881 143.1 21.927299478682084 -76.29895645198151 288.42752 64.94223 190.50430297851562 25.809738201953564 -999.0 -999.0 -999.0 190.50431581854826 25.809729675657916 190.5043337860601 25.664922989604722 62.77325359636643 262.81069662525414 5400.0 5400.0 2015.5 1 264 {-999.0 -999.0 -999.0 -999.0 -999.0} "" -999.0 -999.0 -999.0 -999.0 27021603145563757 820428029 "" ops_sky_boss_good ops_sky sky_boss 0 0 0.0 0.0 -999 ""
FIBERMAP 1358 R-3C14 METROLOGY 0 0 0 1 0 0 24.811116220502946 -74.94788699084764 143.1 22.377412300213685 -75.70295887841459 288.42752 64.94223 -999.0 -999.0 -999.0 -999.0 -999.0 190.50662570175757 25.81245783863518 190.50660847007032 25.667640075713777 62.77617972331693 262.814497624918 -999.0 6231.0 -999.0 -1 -999 {-999.0 -999.0 -999.0 -999.0 -999.0} "" -999.0 -999.0 -999.0 -999.0 -999 -999 "" "" "" "" 0 0 0.0 0.0 -999 ""
FIBERMAP 1359 R-7C12 APOGEE 0 0 0 1 0 0 23.801828300949474 -156.02862669006916 143.1 18.75221843603601 -156.70180077561767 326.34177 9.960709 -999.0 -999.0 -999.0 -999.0 -999.0 190.48773066188576 25.44495430361363 190.4878290844672 25.300177660507952 62.61951520854009 262.08888167308777 -999.0 16600.0 -999.0 2 161 {-999.0 -999.0 -999.0 -999.0 -999.0} "" -999.0 -999.0 -999.0 -999.0 -999 -999 "" "" "" "" 0 0 0.0 0.0 -999 ""
FIBERMAP 1359 R-7C12 BOSS 1 1 0 1 0 0 23.13457767512845 -155.72748899723626 143.1 18.095091627701546 -156.37931374363714 326.34177 9.960709 190.48437017411334 25.446202111346885 -999.0 -999.0 -999.0 190.4843248062554 25.446316556634077 190.48453534585656 25.301579651121312 62.61731722446764 262.09420838621395 5400.0 5400.0 2016.0 1 381 {-999.0 22.398754 21.571692 20.961222 20.49777} sdss_fiber2mag_from_lsdr10 nan nan nan -999.0 63050398343550825 1059136076 dark_flexible_2x2 bhm_spiders_agn_lsdr10 bhm_spiders science 0 0 0.0 0.0 -999 ""
FIBERMAP 1359 R-7C12 METROLOGY 0 0 0 1 0 0 23.725419351289162 -155.28666760349998 143.1 18.69979939864195 -155.95782731995777 326.34177 9.960709 -999.0 -999.0 -999.0 -999.0 -999.0 190.48740178954415 25.44824448349449 190.4875764634321 25.303496532727333 62.620595642742785 262.0957232903813 -999.0 6231.0 -999.0 -1 -999 {-999.0 -999.0 -999.0 -999.0 -999.0} "" -999.0 -999.0 -999.0 -999.0 -999 -999 "" "" "" "" 0 0 0.0 0.0 -999 ""
FIBERMAP 1362 R-12C4 APOGEE 0 0 0 1 0 0 -103.04840114159532 -239.64260039101936 143.1 -110.71910727040166 -236.17137926765338 220.83041 102.884026 -999.0 -999.0 -999.0 -999.0 -999.0 189.8399795066597 25.087759073108995 189.84116050235912 24.942850599304744 61.9407282974443 261.87671131125944 -999.0 16600.0 -999.0 2 -999 {-999.0 -999.0 -999.0 -999.0 -999.0} "" -999.0 -999.0 -999.0 -999.0 -999 -999 "" "" "" "" 0 0 0.0 0.0 -999 ""
FIBERMAP 1362 R-12C4 BOSS 1 1 0 1 0 0 -103.65641790732342 -239.2014269615379 143.1 -111.31251722498708 -235.71085320249583 220.83041 102.884026 189.83643871448882 25.089867378015885 10.3319645 -21.608023 0.6714527 189.8368844146296 25.089767941394562 189.83817924889945 24.94490127293776 61.93905938391559 261.88299145868444 5400.0 5400.0 2016.0 1 351 {-999.0 15.92991 15.520876 15.365698 -999.0} sdss_psfmag 15.844321 15.537694 15.062638 14.194 63050395173372182 1136214630 dark_flexible_3x1 mwm_halo_local_high_boss_triple mwm_halo science 0 0 1.2950377464294434 0.0 -999 ""
FIBERMAP 1362 R-12C4 METROLOGY 0 0 0 1 0 0 -102.9705730713853 -238.900572917135 143.1 -110.61738091503685 -235.43231477956635 220.83041 102.884026 -999.0 -999.0 -999.0 -999.0 -999.0 189.84036813509334 25.09102226073394 189.84162622950078 24.94614415027962 61.94242143698174 261.88278397755096 -999.0 6231.0 -999.0 -1 -999 {-999.0 -999.0 -999.0 -999.0 -999.0} "" -999.0 -999.0 -999.0 -999.0 -999 -999 "" "" "" "" 0 0 0.0 0.0 -999 ""
FIBERMAP 1363 R-6C13 APOGEE 0 0 0 1 0 0 56.63495326222821 -133.7157938390848 143.1 52.2854158943057 -135.46208546577617 4.2893887 43.662205 -999.0 -999.0 -999.0 -999.0 -999.0 190.65689006847992 25.54100909649576 190.65670063686946 25.39626950385292 62.79745441778701 262.1529141836718 -999.0 16600.0 -999.0 2 -999 {-999.0 -999.0 -999.0 -999.0 -999.0} "" -999.0 -999.0 -999.0 -999.0 -999 -999 "" "" "" "" 0 0 0.0 0.0 -999 ""
FIBERMAP 1363 R-6C13 BOSS 1 1 0 1 0 0 56.14382944697462 -134.27115447945806 143.1 51.77666907402669 -136.00125940333407 4.2893887 43.662205 190.65421351538373 25.538465451685795 0.071769714 -0.050026603 0.23262754 190.65423227708686 25.538474251780954 190.65415503532392 25.393774914328407 62.79436866533524 262.14982893242586 5400.0 5400.0 2016.0 1 380 {-999.0 18.946213 18.842793 18.69839 18.709536} sdss_psfmag 19.150505 18.964685 18.599884 -999.0 63050395173397805 1128956153 dark_1x4 bhm_aqmes_wide1 bhm_aqmes science 0 0 0.0 0.0 -999 ""
FIBERMAP 1363 R-6C13 METROLOGY 0 0 0 1 0 0 55.90357967512689 -133.5682992405317 143.1 51.55924698854463 -135.29107877224368 4.2893887 43.662205 -999.0 -999.0 -999.0 -999.0 -999.0 190.65317655736834 25.54171484087598 190.65306898436995 25.39700295017963 62.794712971740424 262.1571700322228 -999.0 6231.0 -999.0 -1 -999 {-999.0 -999.0 -999.0 -999.0 -999.0} "" -999.0 -999.0 -999.0 -999.0 -999 -999 "" "" "" "" 0 0 0.0 0.0 -999 ""
FIBERMAP 1364 R+13C6 APOGEE 0 0 0 1 0 0 -41.04558331614948 235.791317533548 143.1 -33.411496964409366 236.97243139909915 279.06015 79.51303 -999.0 -999.0 -999.0 -999.0 -999.0 190.2238979615034 27.23086744404741 190.22359667451553 27.08563896716976 63.04569719877166 265.9222712665273 -999.0 16600.0 -999.0 2 105 {-999.0 -999.0 -999.0 -999.0 -999.0} "" -999.0 -999.0 -999.0 -999.0 -999 -999 "" "" "" "" 0 0 0.0 0.0 -999 ""
FIBERMAP 1364 R+13C6 BOSS 1 1 0 1 0 0 -41.7839413233511 235.82276179276738 143.1 -34.14839104926492 237.02768374653877 279.06015 79.51303 190.22003173828125 27.23109573525609 -999.0 -999.0 -999.0 190.22002975800612 27.23110007278845 190.21984426559789 27.085905162291787 63.04263913074817 265.925296397999 5400.0 5400.0 2015.5 1 84 {-999.0 -999.0 -999.0 -999.0 -999.0} "" -999.0 -999.0 -999.0 -999.0 27021603145582427 812571782 "" ops_sky_boss_good ops_sky sky_boss 0 0 0.0 0.0 -999 ""
FIBERMAP 1364 R+13C6 METROLOGY 0 0 0 1 0 0 -41.39894064982502 236.45256238903522 143.1 -33.74330058977288 237.64467700458206 279.06015 79.51303 -999.0 -999.0 -999.0 -999.0 -999.0 190.22212807011746 27.233868952094035 190.22190696950713 27.088664264018995 63.045294511411804 265.92967196026353 -999.0 6231.0 -999.0 -1 -999 {-999.0 -999.0 -999.0 -999.0 -999.0} "" -999.0 -999.0 -999.0 -999.0 -999 -999 "" "" "" "" 0 0 0.0 0.0 -999 ""
FIBERMAP 1365 R+12C3 APOGEE 0 0 0 1 0 0 -129.24806750665806 239.62307125923317 143.1 -121.4366681381427 243.64819655410517 195.39227 72.906654 -999.0 -999.0 -999.0 -999.0 -999.0 189.7764201295819 27.257983044215777 189.7767980800901 27.11261128010389 62.679887702256956 266.26972267769554 -999.0 16600.0 -999.0 2 -999 {-999.0 -999.0 -999.0 -999.0 -999.0} "" -999.0 -999.0 -999.0 -999.0 -999 -999 "" "" "" "" 0 0 0.0 0.0 -999 ""
FIBERMAP 1365 R+12C3 BOSS 1 1 0 1 0 0 -129.24235172471785 240.36558265995444 143.1 -121.40699458312129 244.39007177774062 195.39227 72.906654 189.77645874023438 27.26125246263325 -999.0 -999.0 -999.0 189.77646670826348 27.261259829032298 189.77695499198023 27.115922613822622 62.68112409628883 266.2764227772565 5400.0 5400.0 2015.5 1 94 {-999.0 -999.0 -999.0 -999.0 -999.0} "" -999.0 -999.0 -999.0 -999.0 27021603145584384 812572032 "" ops_sky_boss_good ops_sky sky_boss 0 0 0.0 0.0 -999 ""
FIBERMAP 1365 R+12C3 METROLOGY 0 0 0 1 0 0 -128.59855469515534 239.99021576512376 143.1 -120.77570251954302 243.99415756340582 195.39227 72.906654 -999.0 -999.0 -999.0 -999.0 -999.0 189.77969540207036 27.25953341369411 189.7801477271463 27.114187535788997 62.68322431033267 266.27079285258975 -999.0 6231.0 -999.0 -1 -999 {-999.0 -999.0 -999.0 -999.0 -999.0} "" -999.0 -999.0 -999.0 -999.0 -999 -999 "" "" "" "" 0 0 0.0 0.0 -999 ""
FIBERMAP 1369 R-1C18 APOGEE 0 0 0 1 0 0 112.72601922309079 -37.26090168056442 143.1 111.45500973923754 -40.875963573877996 10.482085 33.191963 -999.0 -999.0 -999.0 -999.0 -999.0 190.95771240529692 25.970042203161256 190.9568839916634 25.825318418048496 63.21127249253114 262.7994009642426 -999.0 16600.0 -999.0 2 217 {-999.0 -999.0 -999.0 -999.0 -999.0} "" -999.0 -999.0 -999.0 -999.0 -999 -999 "" "" "" "" 0 0 0.0 0.0 -999 ""
FIBERMAP 1369 R-1C18 BOSS 1 1 0 1 0 0 112.17627152278502 -37.753022751341504 143.1 110.88971547485487 -41.35004459029186 10.482085 33.191963 190.9547424316406 25.96781606156061 -999.0 -999.0 -999.0 190.95479372821504 25.967837863400657 190.954076855204 25.8231522412455 63.208117144007474 262.79705211758073 5400.0 5400.0 2015.5 1 295 {-999.0 -999.0 -999.0 -999.0 -999.0} "" -999.0 -999.0 -999.0 -999.0 27021603145564073 812569256 "" ops_sky_boss_good ops_sky sky_boss 0 0 0.0 0.0 -999 ""
FIBERMAP 1369 R-1C18 METROLOGY 0 0 0 1 0 0 112.0076605248015 -37.02579374056867 143.1 110.74467513496461 -40.61781683830897 10.482085 33.191963 -999.0 -999.0 -999.0 -999.0 -999.0 190.95410153451382 25.971185961307466 190.95335398823443 25.826488416250776 63.20876690088248 262.8044539662053 -999.0 6231.0 -999.0 -1 -999 {-999.0 -999.0 -999.0 -999.0 -999.0} "" -999.0 -999.0 -999.0 -999.0 -999 -999 "" "" "" "" 0 0 0.0 0.0 -999 ""
FIBERMAP 1370 R0C23 APOGEE 0 0 0 1 0 0 192.1168509248492 16.684530131333698 143.1 192.5383907045788 10.474663452727128 164.10953 64.375534 -999.0 -999.0 -999.0 -999.0 -999.0 191.36795358560892 26.201283674783824 191.36640783436974 26.056661281331525 63.63923371167348 262.972342004997 -999.0 16600.0 -999.0 2 89 {-999.0 -999.0 -999.0 -999.0 -999.0} "" -999.0 -999.0 -999.0 -999.0 -999 -999 "" "" "" "" 0 0 0.0 0.0 -999 ""
FIBERMAP 1370 R0C23 BOSS 1 1 0 1 0 0 192.68641445633 17.151392033298986 143.1 193.1226736174316 10.922861199638199 164.10953 64.375534 191.3708926228328 26.203269647442383 -11.5147505 -4.995071 0.35811564 191.37085743538648 26.20326154594428 191.3694110726094 26.058677284204677 63.64248621278616 262.97431132662024 5400.0 5400.0 2016.0 1 245 {-999.0 16.45031 16.061169 15.92674 -999.0} sdss_psfmag 16.348558 16.054352 15.589063 14.738 63050395173400296 979534800 "" ops_std_boss ops_std standard_boss 0 0 0.0 0.0 -999 ""
FIBERMAP 1370 R0C23 METROLOGY 0 0 0 1 0 0 192.81516305557284 16.409468094606826 143.1 193.22740159649456 10.177233841254024 164.10953 64.375534 -999.0 -999.0 -999.0 -999.0 -999.0 191.37137334663305 26.1998827687469 191.3698982447703 26.05528879006208 63.6416386502925 262.9668563434596 -999.0 6231.0 -999.0 -1 -999 {-999.0 -999.0 -999.0 -999.0 -999.0} "" -999.0 -999.0 -999.0 -999.0 -999 -999 "" "" "" "" 0 0 0.0 0.0 -999 ""
FIBERMAP 1372 R-11C10 APOGEE 0 0 0 1 0 0 46.10517351908748 -223.08317944396904 143.1 38.87810762806979 -224.4353003807917 343.22015 95.71807 -999.0 -999.0 -999.0 -999.0 -999.0 190.58787160685733 25.139751033881666 190.58796451883723 24.995071233660113 62.58277172655768 261.4018491668167 -999.0 16600.0 -999.0 2 157 {-999.0 -999.0 -999.0 -999.0 -999.0} "" -999.0 -999.0 -999.0 -999.0 -999 -999 "" "" "" "" 0 0 0.0 0.0 -999 ""
FIBERMAP 1372 R-11C10 BOSS 1 1 0 1 0 0 45.96353443149837 -223.8163440912589 143.1 38.71289508465718 -225.16344821765693 343.22015 95.71807 190.5865583314244 25.13647801224981 -5.391476 -24.221376 0.52827847 190.58693046714887 25.136407755762512 190.58713349078084 24.99177052870431 62.58076666031144 261.3959250622072 5400.0 5400.0 2016.0 1 362 {-999.0 15.836981 15.514472 15.416756 -999.0} sdss_psfmag 15.816923 15.535285 15.088549 14.26 63050395173369272 1136214534 dark_flexible_3x1 mwm_halo_local_high_boss_triple mwm_halo science 0 0 1.2784267663955688 0.0 -999 ""
FIBERMAP 1372 R-11C10 METROLOGY 0 0 0 1 0 0 45.39594147586359 -223.33457089562208 143.1 38.16119452405037 -224.6636515847807 343.22015 95.71807 -999.0 -999.0 -999.0 -999.0 -999.0 190.58420707018584 25.138668117145865 190.58438256009697 24.994017539278005 62.579374098126294 261.4025567275657 -999.0 6231.0 -999.0 -1 -999 {-999.0 -999.0 -999.0 -999.0 -999.0} "" -999.0 -999.0 -999.0 -999.0 -999 -999 "" "" "" "" 0 0 0.0 0.0 -999 ""
FIBERMAP 1373 R-9C2 APOGEE 0 0 0 1 0 0 -177.63054216092448 -191.996595805661 143.1 -183.7183116322754 -186.14755471462146 289.5348 59.517548 -999.0 -999.0 -999.0 -999.0 -999.0 189.47366630790927 25.312416890012976 189.47528105483445 25.167354293230673 61.724029654319374 262.58978589198375 -999.0 16600.0 -999.0 2 -999 {-999.0 -999.0 -999.0 -999.0 -999.0} "" -999.0 -999.0 -999.0 -999.0 -999 -999 "" "" "" "" 0 0 0.0 0.0 -999 ""
FIBERMAP 1373 R-9C2 BOSS 1 1 0 1 0 0 -178.35353938833987 -191.87356538810252 143.1 -184.43689874686933 -186.00126762840216 289.5348 59.517548 189.46996758690162 25.313073648253845 -3.478785 -14.728909 0.3845253 189.46996526927268 25.313026095761153 189.4716969662835 25.168005040029232 61.72129402091625 262.59371361905096 5400.0 5400.0 2016.0 1 490 {-999.0 16.837002 16.442968 16.318247 -999.0} sdss_psfmag 16.762123 16.463417 15.987211 14.942 63050395173373317 977060425 "" ops_std_boss ops_std standard_boss 0 0 0.0 0.0 -999 ""
FIBERMAP 1373 R-9C2 METROLOGY 0 0 0 1 0 0 -177.87624052518308 -191.2921142272557 143.1 -183.9411265125112 -185.43557290440955 289.5348 59.517548 -999.0 -999.0 -999.0 -999.0 -999.0 189.4724227201256 25.31557823335144 189.47411816771444 25.17054523643804 61.72430047035163 262.5968557339679 -999.0 6231.0 -999.0 -1 -999 {-999.0 -999.0 -999.0 -999.0 -999.0} "" -999.0 -999.0 -999.0 -999.0 -999 -999 "" "" "" "" 0 0 0.0 0.0 -999 ""
FIBERMAP 1374 R-5C8 APOGEE 0 0 0 1 0 0 -79.37554542891577 -119.37984788441005 143.1 -83.17970851206638 -116.74572770690835 347.98682 13.100504 -999.0 -999.0 -999.0 -999.0 -999.0 189.97387008762007 25.62594786415627 189.9746334933152 25.480969140469757 62.26138743985438 262.83567248963243 -999.0 16600.0 -999.0 2 -999 {-999.0 -999.0 -999.0 -999.0 -999.0} "" -999.0 -999.0 -999.0 -999.0 -999 -999 "" "" "" "" 0 0 0.0 0.0 -999 ""
FIBERMAP 1374 R-5C8 BOSS 1 1 0 1 0 0 -80.12344420640986 -119.40409873746063 143.1 -83.92793487468525 -116.74582870230913 347.98682 13.100504 189.96928121254604 25.625815386538182 -1.0040663 -1.1318314 0.03842331 189.96995428713424 25.62585663366425 189.9708334172892 25.480917746409517 62.2581973389649 262.8383847449803 5400.0 5400.0 2016.0 1 463 {-999.0 15.28313 14.664593 14.394881 -999.0} sdss_psfmag_from_g3xp 15.12105 14.67467 14.049339 12.771 63050395173373749 1150924424 dark_flexible_3x1 manual_mwm_halo_vmp_wise_boss_triple mwm_halo science 0 0 1.620431661605835 0.0 -999 ""
FIBERMAP 1374 R-5C8 METROLOGY 0 0 0 1 0 0 -79.76801976529582 -118.74531981111869 143.1 -83.55146750753724 -116.0989203026421 347.98682 13.100504 -999.0 -999.0 -999.0 -999.0 -999.0 189.9718734945403 25.628812891757565 189.97271741240957 25.483862351754368 62.260893507048706 262.8428365129217 -999.0 6231.0 -999.0 -1 -999 {-999.0 -999.0 -999.0 -999.0 -999.0} "" -999.0 -999.0 -999.0 -999.0 -999 -999 "" "" "" "" 0 0 0.0 0.0 -999 ""
FIBERMAP 1376 R+4C13 APOGEE 0 0 0 1 0 0 23.058127123949802 67.39819016018467 143.1 25.219075714173822 66.61308834218408 247.08472 140.96475 -999.0 -999.0 -999.0 -999.0 -999.0 190.52208028689526 26.4605925309117 190.5216695702212 26.315618231537858 63.02785759655344 264.12570866371107 -999.0 16600.0 -999.0 2 -999 {-999.0 -999.0 -999.0 -999.0 -999.0} "" -999.0 -999.0 -999.0 -999.0 -999 -999 "" "" "" "" 0 0 0.0 0.0 -999 ""
FIBERMAP 1376 R+4C13 BOSS 1 1 0 1 0 0 22.415728948947624 67.03676734692999 143.1 24.565405045866584 66.27261595135764 247.08472 140.96475 190.51865052158246 26.459033462155944 -0.04788751 -0.1377182 0.06827736 190.5186596747991 26.459046018445093 190.51836302173433 26.31410827074177 63.02454904313952 264.1249509065377 5400.0 5400.0 2016.0 1 107 {-999.0 18.003246 18.019625 18.015272 17.895775} sdss_psfmag 18.048914 17.91189 17.590477 -999.0 63050395173400058 1128956162 dark_1x4 bhm_aqmes_wide1 bhm_aqmes science 0 0 0.0 0.0 -999 ""
FIBERMAP 1376 R+4C13 METROLOGY 0 0 0 1 0 0 22.418134785264453 67.78168955644999 143.1 24.591848467077146 67.01700733087696 247.08472 140.96475 -999.0 -999.0 -999.0 -999.0 -999.0 190.51882621470247 26.462437430152008 190.51849710101055 26.31748844274719 63.02587605353416 264.13180965513754 -999.0 6231.0 -999.0 -1 -999 {-999.0 -999.0 -999.0 -999.0 -999.0} "" -999.0 -999.0 -999.0 -999.0 -999 -999 "" "" "" "" 0 0 0.0 0.0 -999 ""
FIBERMAP 1378 R-3C2 APOGEE 0 0 0 1 0 0 -221.50467088763926 -53.19110819578721 143.1 -223.08641915129724 -46.01067073393624 33.06047 103.775696 -999.0 -999.0 -999.0 -999.0 -999.0 189.26889376456722 25.944760147916682 189.2705609294361 25.799510299282698 61.79309271703214 263.97400522439614 -999.0 16600.0 -999.0 2 -999 {-999.0 -999.0 -999.0 -999.0 -999.0} "" -999.0 -999.0 -999.0 -999.0 -999 -999 "" "" "" "" 0 0 0.0 0.0 -999 ""
FIBERMAP 1378 R-3C2 BOSS 1 1 0 1 0 0 -220.94249552532466 -53.6902508418383 143.1 -222.5406934097781 -46.52765142137064 33.06047 103.775696 189.27151046867357 25.942374885788613 -0.5104864 -0.24100806 0.32282647 189.27148908565835 25.942384184729345 189.27326635038287 25.79717613810432 61.794490090950234 263.96750858640735 5400.0 5400.0 2016.0 1 436 {-999.0 19.353712 19.293854 19.063702 19.068117} sdss_psfmag 19.97622 19.80798 19.390173 -999.0 63050395173386659 1128956115 dark_1x4 bhm_aqmes_wide1 bhm_aqmes science 0 0 0.0 0.0 -999 ""
FIBERMAP 1378 R-3C2 METROLOGY 0 0 0 1 0 0 -221.6571522686818 -53.92145839188984 143.1 -223.26237656809425 -46.73565594509662 33.06047 103.775696 -999.0 -999.0 -999.0 -999.0 -999.0 189.26794167169112 25.941435612458044 189.269692512598 25.796215283159327 61.79114544439949 263.96814352028275 -999.0 6231.0 -999.0 -1 -999 {-999.0 -999.0 -999.0 -999.0 -999.0} "" -999.0 -999.0 -999.0 -999.0 -999 -999 "" "" "" "" 0 0 0.0 0.0 -999 ""
FIBERMAP 1381 R-7C10 APOGEE 0 0 0 1 0 0 -23.758588173220787 -148.11049502349766 143.1 -28.523740996370673 -147.25368556276788 254.1651 84.23492 -999.0 -999.0 -999.0 -999.0 -999.0 190.24967704200853 25.487782293708214 190.25010003433636 25.342918939074963 62.43803188380768 262.35497804942617 -999.0 16600.0 -999.0 2 170 {-999.0 -999.0 -999.0 -999.0 -999.0} "" -999.0 -999.0 -999.0 -999.0 -999 -999 "" "" "" "" 0 0 0.0 0.0 -999 ""
FIBERMAP 1381 R-7C10 BOSS 1 1 0 1 0 0 -24.448125316381045 -147.8310792874562 143.1 -29.203841742943183 -146.95218807432846 254.1651 84.23492 190.2461242675781 25.48904676283783 -999.0 -999.0 -999.0 190.2461282689671 25.489050096901646 190.24666463865526 25.344226581461843 62.43567457780327 262.3601793599313 5400.0 5400.0 2015.5 1 385 {-999.0 -999.0 -999.0 -999.0 -999.0} "" -999.0 -999.0 -999.0 -999.0 27021603145536345 812565382 "" ops_sky_boss_good ops_sky sky_boss 0 0 0.0 0.0 -999 ""
FIBERMAP 1381 R-7C10 METROLOGY 0 0 0 1 0 0 -23.86623081602199 -147.3664493794311 143.1 -28.607307390739635 -146.5066188906008 254.1651 84.23492 -999.0 -999.0 -999.0 -999.0 -999.0 190.24916260924996 25.49108965660241 190.2496628619475 25.34625499976107 62.43895784745485 262.36195716435293 -999.0 6231.0 -999.0 -1 -999 {-999.0 -999.0 -999.0 -999.0 -999.0} "" -999.0 -999.0 -999.0 -999.0 -999 -999 "" "" "" "" 0 0 0.0 0.0 -999 ""
FIBERMAP 1382 R+4C14 APOGEE 0 0 0 1 0 0 32.67700892232793 73.14547422886136 143.1 35.01757363279689 72.04646930978016 197.58102 120.05932 -999.0 -999.0 -999.0 -999.0 -999.0 190.5719548576334 26.485227816884134 190.57145822706377 26.340265145384134 63.078356156832484 264.1411043318101 -999.0 16600.0 -999.0 2 -999 {-999.0 -999.0 -999.0 -999.0 -999.0} "" -999.0 -999.0 -999.0 -999.0 -999 -999 "" "" "" "" 0 0 0.0 0.0 -999 ""
FIBERMAP 1382 R+4C14 BOSS 1 1 0 1 0 0 32.10428974033137 73.63350712467371 143.1 34.460951968458524 72.55268726072254 197.58102 120.05932 190.56904103661748 26.487520357223957 0.14345238 -0.3556756 0.21570894 190.56903874520913 26.487536704563897 190.56865348482881 26.34260979979183 63.076851267247335 264.1479296337123 5400.0 5400.0 2016.0 1 158 {-999.0 20.999388 20.478 19.917688 19.478502} sdss_fiber2mag_from_lsdr10 19.810492 19.90049 18.951674 -999.0 63050395173400085 1059140661 dark_flexible_2x2 bhm_spiders_agn_lsdr10 bhm_spiders science 0 0 0.0 0.0 -999 ""
FIBERMAP 1382 R+4C14 METROLOGY 0 0 0 1 0 0 32.82215330199639 73.87731785256965 143.1 35.186246705599395 72.77318380904279 197.58102 120.05932 -999.0 -999.0 -999.0 -999.0 -999.0 190.57275677937508 26.488536078299187 190.5723348593326 26.343599663428048 63.0802858475512 264.1473563280405 -999.0 6231.0 -999.0 -1 -999 {-999.0 -999.0 -999.0 -999.0 -999.0} "" -999.0 -999.0 -999.0 -999.0 -999 -999 "" "" "" "" 0 0 0.0 0.0 -999 ""
FIBERMAP 1383 R-9C6 APOGEE 0 0 0 1 0 0 -60.630684916665984 -177.12342598906707 143.1 -66.30966886920851 -175.05908297620243 29.577204 75.83041 -999.0 -999.0 -999.0 -999.0 -999.0 190.06006044644215 25.362102473174566 190.0608110704104 25.217204963597833 62.231490182060455 262.2485767398807 -999.0 16600.0 -999.0 2 165 {-999.0 -999.0 -999.0 -999.0 -999.0} "" -999.0 -999.0 -999.0 -999.0 -999 -999 "" "" "" "" 0 0 0.0 0.0 -999 ""
FIBERMAP 1383 R-9C6 BOSS 1 1 0 1 0 0 -60.41824927011811 -177.83344302530392 143.1 -66.12027510272678 -175.77552347045307 29.577204 75.83041 190.06088332076993 25.358743270966777 -999.0 -999.0 -999.0 190.0608970664482 25.358777451847125 190.0617573894417 25.2139228110302 62.23099962943073 262.2413728600777 5400.0 5400.0 2016.0 1 402 {-999.0 22.714949 21.24494 20.599821 20.136036} sdss_fiber2mag_from_lsdr10 nan nan nan -999.0 63050396913318993 1059134891 dark_flexible_2x2 bhm_spiders_agn_lsdr10 bhm_spiders science 0 0 0.0 0.0 -999 ""
FIBERMAP 1383 R-9C6 METROLOGY 0 0 0 1 0 0 -61.1452682718933 -177.6637319838674 143.1 -66.84137513557911 -175.58245437483276 29.577204 75.83041 -999.0 -999.0 -999.0 -999.0 -999.0 190.05730722382617 25.359670963136068 190.05814131452826 25.21480313582108 62.22832983580861 262.2458492864885 -999.0 6231.0 -999.0 -1 -999 {-999.0 -999.0 -999.0 -999.0 -999.0} "" -999.0 -999.0 -999.0 -999.0 -999 -999 "" "" "" "" 0 0 0.0 0.0 -999 ""
FIBERMAP 1384 R-12C6 APOGEE 0 0 0 1 0 0 -36.476361784813975 -214.75558522862826 143.1 -43.38445106594232 -213.44782100043702 117.49047 53.970787 -999.0 -999.0 -999.0 -999.0 -999.0 190.1757861907595 25.18920440846397 190.17644508416004 25.04437919367971 62.25998709645607 261.81900939054333 -999.0 16600.0 -999.0 2 -999 {-999.0 -999.0 -999.0 -999.0 -999.0} "" -999.0 -999.0 -999.0 -999.0 -999 -999 "" "" "" "" 0 0 0.0 0.0 -999 ""
FIBERMAP 1384 R-12C6 BOSS 1 1 0 1 0 0 -35.74361081299257 -214.8606678823858 143.1 -42.65553695669216 -213.57648600051846 117.49047 53.970787 190.17933043308258 25.188550396095273 -0.12536708 0.115143076 -0.040176164 190.1793217041872 25.188540304229594 190.1800847533999 25.04375878030306 62.26277142115785 261.8149865665407 5400.0 5400.0 2016.0 1 403 {-999.0 18.747526 18.642818 18.407166 18.289293} sdss_psfmag 18.275341 18.2283 17.681543 16.208 63050395173372419 1128956075 dark_1x4 bhm_aqmes_wide1 bhm_aqmes science 0 0 0.0 0.0 -999 ""
FIBERMAP 1384 R-12C6 METROLOGY 0 0 0 1 0 0 -36.19751768399951 -215.44761698220086 143.1 -43.12810885152085 -214.14843019109372 117.49047 53.970787 -999.0 -999.0 -999.0 -999.0 -999.0 190.1769960701798 25.18599381524541 190.17773268215547 25.041200063412365 62.25980302230266 261.81174478580397 -999.0 6231.0 -999.0 -1 -999 {-999.0 -999.0 -999.0 -999.0 -999.0} "" -999.0 -999.0 -999.0 -999.0 -999 -999 "" "" "" "" 0 0 0.0 0.0 -999 ""
FIBERMAP 1388 R-10C8 APOGEE 0 0 0 1 0 0 -27.854469388573122 -208.5050079753685 143.1 -34.566094458342114 -207.47927964425105 267.05994 99.15515 -999.0 -999.0 -999.0 -999.0 -999.0 190.21989663737503 25.216001214913426 190.22048085572158 25.071184534110206 62.30721928555264 261.8381141027601 -999.0 16600.0 -999.0 2 -999 {-999.0 -999.0 -999.0 -999.0 -999.0} "" -999.0 -999.0 -999.0 -999.0 -999 -999 "" "" "" "" 0 0 0.0 0.0 -999 ""
FIBERMAP 1388 R-10C8 BOSS 1 1 0 1 0 0 -28.62201992702258 -208.60582677939823 143.1 -35.33643151607032 -207.55526783546196 267.05994 99.15515 190.21591186523438 25.215584569513084 -999.0 -999.0 -999.0 190.21591826942526 25.215574111556766 190.2166171495046 25.070798533724403 62.303851034122246 261.84032063090126 5400.0 5400.0 2015.5 1 372 {-999.0 -999.0 -999.0 -999.0 -999.0} "" -999.0 -999.0 -999.0 -999.0 27021603145535940 812565294 "" ops_sky_boss_good ops_sky sky_boss 0 0 0.0 0.0 -999 ""
FIBERMAP 1388 R-10C8 METROLOGY 0 0 0 1 0 0 -28.310479209991804 -207.91448530579387 143.1 -35.002770363955825 -206.87440054692362 267.05994 99.15515 -999.0 -999.0 -999.0 -999.0 -999.0 190.21761527183932 25.218655287774638 190.21827955314086 25.07386762132925 62.30644503943232 261.84511146717256 -999.0 6231.0 -999.0 -1 -999 {-999.0 -999.0 -999.0 -999.0 -999.0} "" -999.0 -999.0 -999.0 -999.0 -999 -999 "" "" "" "" 0 0 0.0 0.0 -999 ""
FIBERMAP 1391 R-5C4 APOGEE 0 0 0 1 0 0 -180.4013297070346 -112.32644848156397 143.1 -183.91641411899937 -106.43646191291285 276.6617 62.17167 -999.0 -999.0 -999.0 -999.0 -999.0 189.46772836282207 25.671847536182703 189.46921004414526 25.526709277442556 61.8568914146558 263.29624068270954 -999.0 16600.0 -999.0 2 -999 {-999.0 -999.0 -999.0 -999.0 -999.0} "" -999.0 -999.0 -999.0 -999.0 -999 -999 "" "" "" "" 0 0 0.0 0.0 -999 ""
FIBERMAP 1391 R-5C4 BOSS 1 1 0 1 0 0 -181.10877303206993 -112.06566262628502 143.1 -184.61501135024358 -106.15300512895814 276.6617 62.17167 189.46404219987096 25.673062838995286 0.10169721 0.33760092 -0.7725484 189.46406677694833 25.67305814289246 189.46566540034985 25.527959984795682 61.85440490775114 263.30126323692554 5400.0 5400.0 2016.0 1 454 {-999.0 19.87975 19.843508 19.754467 19.664734} sdss_psfmag_from_lsdr10 19.982708 19.910273 19.296873 -999.0 63050395173386269 1059137191 dark_flexible_2x2 bhm_spiders_agn_lsdr10 bhm_spiders science 0 0 0.0 0.0 -999 ""
FIBERMAP 1391 R-5C4 METROLOGY 0 0 0 1 0 0 -180.53131971780107 -111.59176176083687 143.1 -184.0226163033376 -105.6980273085172 276.6617 62.17167 -999.0 -999.0 -999.0 -999.0 -999.0 189.46704290626565 25.675140149586902 189.4686045983633 25.530030673034243 61.85764381570307 263.3031965266364 -999.0 6231.0 -999.0 -1 -999 {-999.0 -999.0 -999.0 -999.0 -999.0} "" -999.0 -999.0 -999.0 -999.0 -999 -999 "" "" "" "" 0 0 0.0 0.0 -999 ""
FIBERMAP 1392 R-12C10 APOGEE 0 0 0 1 0 0 60.24942073037667 -217.5354497023821 143.1 53.19277811098149 -219.34738836192557 115.79632 25.556034 -999.0 -999.0 -999.0 -999.0 -999.0 190.659637291778 25.162577633679103 190.6596175298872 25.017917440755923 62.651436488498746 261.3912386235676 -999.0 16600.0 -999.0 2 -999 {-999.0 -999.0 -999.0 -999.0 -999.0} "" -999.0 -999.0 -999.0 -999.0 -999 -999 "" "" "" "" 0 0 0.0 0.0 -999 ""
FIBERMAP 1392 R-12C10 BOSS 1 1 0 1 0 0 60.85423703099585 -217.997932002595 143.1 53.78230189858852 -219.82910705325634 115.79632 25.556034 190.6618486012362 25.16035854471389 -11.381381 -7.4731975 11.102766 190.6624791213677 25.160337748282604 190.66256329611167 25.015721019400612 62.65301187558109 261.38454053919077 5400.0 5400.0 2016.0 1 406 {-999.0 15.346016 13.930216 13.037672 -999.0} sdss_psfmag_from_g3xp 14.771612 13.678233 12.638356 10.689 63050395173369276 1150956055 bright_1x1 mwm_snc_100pc_boss_single mwm_snc science 0 0 2.182663679122925 0.0 -999 ""
FIBERMAP 1392 R-12C10 METROLOGY 0 0 0 1 0 0 60.15395600925335 -218.27541488232816 143.1 53.07349238576507 -220.08382266631853 115.79632 25.556034 -999.0 -999.0 -999.0 -999.0 -999.0 190.65895309821326 25.159214324259924 190.65901251148762 25.014584721229813 62.64960771027785 261.38505780028703 -999.0 6231.0 -999.0 -1 -999 {-999.0 -999.0 -999.0 -999.0 -999.0} "" -999.0 -999.0 -999.0 -999.0 -999 -999 "" "" "" "" 0 0 0.0 0.0 -999 ""
FIBERMAP 1393 R-12C5 APOGEE 0 0 0 1 0 0 -71.88635545913594 -249.3456601962289 143.1 -79.88914287509986 -246.87415228722952 283.41412 85.70635 -999.0 -999.0 -999.0 -999.0 -999.0 189.9941239254936 25.03969491949724 189.99510561687634 24.89484362598933 62.04976766439479 261.66473063480083 -999.0 16600.0 -999.0 2 -999 {-999.0 -999.0 -999.0 -999.0 -999.0} "" -999.0 -999.0 -999.0 -999.0 -999 -999 "" "" "" "" 0 0 0.0 0.0 -999 ""
FIBERMAP 1393 R-12C5 BOSS 1 1 0 1 0 0 -72.62496204012497 -249.4632868334956 143.1 -80.63109598216252 -246.96787212359814 283.41412 85.70635 189.99029361218507 25.039241222927295 -999.0 -999.0 -999.0 189.99031229138342 25.039226473177216 189.99140921162927 24.89441727837466 62.04652240829921 261.6667459565972 5400.0 5400.0 2016.0 1 352 {-999.0 21.465988 21.202946 21.068241 20.959217} sdss_psfmag_from_lsdr10 21.20688 20.928339 20.70761 -999.0 63050395173371979 1059133702 dark_flexible_2x2 bhm_spiders_agn_lsdr10 bhm_spiders science 0 0 0.0 0.0 -999 ""
FIBERMAP 1393 R-12C5 METROLOGY 0 0 0 1 0 0 -72.35706458458812 -248.76678637601603 143.1 -80.34088505681446 -246.28044059778182 283.41412 85.70635 -999.0 -999.0 -999.0 -999.0 -999.0 189.99176821060348 25.042308921511285 189.99283069384228 24.897487291767852 62.04892795381694 261.67165780340935 -999.0 6231.0 -999.0 -1 -999 {-999.0 -999.0 -999.0 -999.0 -999.0} "" -999.0 -999.0 -999.0 -999.0 -999 -999 "" "" "" "" 0 0 0.0 0.0 -999 ""
FIBERMAP 1395 R+4C20 APOGEE 0 0 0 1 0 0 189.16905466995127 81.74804360737633 143.1 191.692023105808 75.59372089117788 5.342362 134.2169 -999.0 -999.0 -999.0 -999.0 -999.0 191.36574791389287 26.496753810970212 191.36405762538504 26.35206974024219 63.74527286213895 263.5944878012195 -999.0 16600.0 -999.0 2 -999 {-999.0 -999.0 -999.0 -999.0 -999.0} "" -999.0 -999.0 -999.0 -999.0 -999 -999 "" "" "" "" 0 0 0.0 0.0 -999 ""
FIBERMAP 1395 R+4C20 BOSS 1 1 0 1 0 0 189.7458647485642 81.26105473947666 143.1 192.25276686931562 75.08841431750824 5.342362 134.2169 191.36850158176102 26.494395135186462 -999.0 -999.0 -999.0 191.36850095008768 26.494416771477244 191.36691256344227 26.34977059447036 63.746828276646525 263.5875525040623 5400.0 5400.0 2016.0 1 205 {-999.0 20.093908 20.082916 20.089863 20.111658} sdss_psfmag_from_lsdr10 20.454615 20.499208 20.076262 -999.0 63050395173400654 1059140672 dark_flexible_2x2 bhm_spiders_agn_lsdr10 bhm_spiders science 0 0 0.0 0.0 -999 ""
FIBERMAP 1395 R+4C20 METROLOGY 0 0 0 1 0 0 189.03539293588085 81.01401600479106 143.1 191.53475521464748 74.86445319044167 5.342362 134.2169 -999.0 -999.0 -999.0 -999.0 -999.0 191.3649030882236 26.493444017713106 191.36329086457954 26.34878639388688 63.74344645380499 263.5881274761209 -999.0 6231.0 -999.0 -1 -999 {-999.0 -999.0 -999.0 -999.0 -999.0} "" -999.0 -999.0 -999.0 -999.0 -999 -999 "" "" "" "" 0 0 0.0 0.0 -999 ""
FIBERMAP 1396 R0C3 APOGEE 0 0 0 1 0 0 -231.21443647306666 -1.9021554840152968 143.1 -231.13515490075758 5.560418505613117 11.628014 99.262146 -999.0 -999.0 -999.0 -999.0 -999.0 189.22628995057434 26.178203160712066 189.22793096515 26.032893945451526 61.84312463596747 264.4634698597417 -999.0 16600.0 -999.0 2 297 {-999.0 -999.0 -999.0 -999.0 -999.0} "" -999.0 -999.0 -999.0 -999.0 -999 -999 "" "" "" "" 0 0 0.0 0.0 -999 ""
FIBERMAP 1396 R0C3 BOSS 1 1 0 1 0 0 -230.95077772353844 -2.596524248005429 143.1 -230.89406421583712 4.857963765938864 11.628014 99.262146 189.22738071581009 26.174990096983795 -999.0 -999.0 -999.0 189.22737044002363 26.174989974580424 189.22912440195296 26.029721498691185 61.84296908894597 264.4563809497658 5400.0 5400.0 2016.0 1 422 {-999.0 23.113451 21.99828 21.198462 -999.0} sdss_psfmag_ps1 -999.0 -999.0 -999.0 -999.0 63050399048638691 1055466319 dark_flexible_2x2 bhm_csc_boss bhm_csc science 0 0 0.0 0.0 -999 ""
FIBERMAP 1396 R0C3 METROLOGY 0 0 0 1 0 0 -231.6822411642448 -2.491659656201093 143.1 -231.62169861425343 4.986369287394906 11.628014 99.262146 -999.0 -999.0 -999.0 -999.0 -999.0 189.22377362431166 26.17555414664695 189.22550061533525 26.030273300027396 61.840136965508506 264.4599810989559 -999.0 6231.0 -999.0 -1 -999 {-999.0 -999.0 -999.0 -999.0 -999.0} "" -999.0 -999.0 -999.0 -999.0 -999 -999 "" "" "" "" 0 0 0.0 0.0 -999 ""
FIBERMAP 1400 R-5C13 APOGEE 0 0 0 1 0 0 28.118289571999057 -116.02797126403995 143.1 24.356896782874614 -116.86477533834075 301.79346 60.119755 -999.0 -999.0 -999.0 -999.0 -999.0 190.51633686584515 25.62546428211324 190.5163125763861 25.480659846870793 62.71299649287845 262.4297473425033 -999.0 16600.0 -999.0 2 155 {-999.0 -999.0 -999.0 -999.0 -999.0} "" -999.0 -999.0 -999.0 -999.0 -999 -999 "" "" "" "" 0 0 0.0 0.0 -999 ""
FIBERMAP 1400 R-5C13 BOSS 1 1 0 1 0 0 27.373550394912627 -116.07741505399957 143.1 23.611015108539263 -116.89015590592695 301.79346 60.119755 190.51203077128335 25.625266275495488 -26.710068 -4.3486147 0.69533736 190.5124764617178 25.625258571557488 190.51256566685493 25.48049335052252 62.70980931804968 262.4322443787181 5400.0 5400.0 2016.0 1 379 {-999.0 14.804887 14.271968 14.081888 -999.0} sdss_psfmag_from_g3xp 14.68445 14.300527 13.744048 12.711 63050395173397974 1074261702 dark_flexible_2x1 mwm_halo_local_high_boss mwm_halo science 0 0 1.7355061769485474 0.0 -999 ""
FIBERMAP 1400 R-5C13 METROLOGY 0 0 0 1 0 0 27.697083525611788 -115.408158388405 143.1 23.955948689557232 -116.23174699131567 301.79346 60.119755 -999.0 -999.0 -999.0 -999.0 -999.0 190.51425177269755 25.628267211106383 190.5143064899546 25.483490485635734 62.712410901106466 262.43696497004896 -999.0 6231.0 -999.0 -1 -999 {-999.0 -999.0 -999.0 -999.0 -999.0} "" -999.0 -999.0 -999.0 -999.0 -999 -999 "" "" "" "" 0 0 0.0 0.0 -999 ""
