#%yanny
#
# confSummary-25504.par
#
# Created by pydl.pydlutils.yanny.yanny
#
# 2026-03-16 22:16:24 UTC
#
configuration_id 25504
robostrategy_run NA
fps_calibrations_version 2025.12.04
jaeger_version 1.11.0
coordio_version 1.18.1
kaiju_version 1.4.1
design_id -999
field_id -999
focal_scale 1.0
instruments BOSS APOGEE
epoch 2461116.4280586294
obstime Mon Mar 16 22:16:24 2026
MJD 61116
observatory APO
temperature 7.6
raCen -999.0
decCen -999.0
pa -999.0
is_dithered 0
parent_configuration -999
dither_radius -999.0
cloned_from -999

typedef enum {
    BOSS,
    APOGEE,
    METROLOGY,
    NONE
} FIBERTYPE;

typedef struct {
    short positionerId;
    char holeId[28];
    FIBERTYPE fiberType;
    short assigned;
    short on_target;
    short disabled;
    short valid;
    short decollided;
    short too;
    double xwok;
    double ywok;
    double zwok;
    double xFocal;
    double yFocal;
    float alpha;
    float beta;
    double racat;
    double deccat;
    float pmra;
    float pmdec;
    float parallax;
    double ra;
    double dec;
    double ra_observed;
    double dec_observed;
    double alt_observed;
    double az_observed;
    float lambda_design;
    float lambda_eff;
    float coord_epoch;
    short spectrographId;
    short fiberId;
    float mag[5];
    char optical_prov[120];
    float bp_mag;
    float gaia_g_mag;
    float rp_mag;
    float h_mag;
    long catalogid;
    long carton_to_target_pk;
    char cadence[400];
    char firstcarton[400];
    char program[400];
    char category[400];
    long sdssv_boss_target0;
    long sdssv_apogee_target0;
    double delta_ra;
    double delta_dec;
    long too_id;
    char too_program[80];
} FIBERMAP;

FIBERMAP 3 R-1C14 APOGEE 0 0 0 1 0 0 12.013616044227959 -11.870116179009042 143.1 12.013616044227959 -11.870116179009042 10.005247 170.00084 -999.0 -999.0 -999.0 -999.0 -999.0 -999.0 -999.0 -999.0 -999.0 -999.0 -999.0 -999.0 16600.0 -999.0 2 214 {-999.0 -999.0 -999.0 -999.0 -999.0} "" -999.0 -999.0 -999.0 -999.0 -999 -999 "" "" "" "" 0 0 0.0 0.0 -999 ""
FIBERMAP 3 R-1C14 BOSS 0 0 0 1 0 0 12.750247243051223 -11.83988217991153 143.1 12.750247243051223 -11.83988217991153 10.005247 170.00084 -999.0 -999.0 -999.0 -999.0 -999.0 -999.0 -999.0 -999.0 -999.0 -999.0 -999.0 -999.0 5400.0 -999.0 1 263 {-999.0 -999.0 -999.0 -999.0 -999.0} "" -999.0 -999.0 -999.0 -999.0 -999 -999 "" "" "" "" 0 0 0.0 0.0 -999 ""
FIBERMAP 3 R-1C14 METROLOGY 1 0 0 1 0 0 12.4056647947581 -12.506420381145947 143.1 12.4056647947581 -12.506420381145947 10.005247 170.00084 -999.0 -999.0 -999.0 -999.0 -999.0 -999.0 -999.0 -999.0 -999.0 -999.0 -999.0 -999.0 6231.0 -999.0 -1 -999 {-999.0 -999.0 -999.0 -999.0 -999.0} "" -999.0 -999.0 -999.0 -999.0 -999 -999 "" "" "" "" 0 0 0.0 0.0 -999 ""
FIBERMAP 16 R+7C7 APOGEE 0 0 0 1 0 0 -77.7720955812218 143.30143258402896 143.1 -77.7720955812218 143.30143258402896 10.010222 169.99522 -999.0 -999.0 -999.0 -999.0 -999.0 -999.0 -999.0 -999.0 -999.0 -999.0 -999.0 -999.0 16600.0 -999.0 2 102 {-999.0 -999.0 -999.0 -999.0 -999.0} "" -999.0 -999.0 -999.0 -999.0 -999 -999 "" "" "" "" 0 0 0.0 0.0 -999 ""
FIBERMAP 16 R+7C7 BOSS 0 0 0 1 0 0 -77.03541711955175 143.30862861378537 143.1 -77.03541711955175 143.30862861378537 10.010222 169.99522 -999.0 -999.0 -999.0 -999.0 -999.0 -999.0 -999.0 -999.0 -999.0 -999.0 -999.0 -999.0 5400.0 -999.0 1 76 {-999.0 -999.0 -999.0 -999.0 -999.0} "" -999.0 -999.0 -999.0 -999.0 -999 -999 "" "" "" "" 0 0 0.0 0.0 -999 ""
FIBERMAP 16 R+7C7 METROLOGY 1 0 0 1 0 0 -77.38843965987081 142.65964701523123 143.1 -77.38843965987081 142.65964701523123 10.010222 169.99522 -999.0 -999.0 -999.0 -999.0 -999.0 -999.0 -999.0 -999.0 -999.0 -999.0 -999.0 -999.0 6231.0 -999.0 -1 -999 {-999.0 -999.0 -999.0 -999.0 -999.0} "" -999.0 -999.0 -999.0 -999.0 -999 -999 "" "" "" "" 0 0 0.0 0.0 -999 ""
FIBERMAP 37 R-9C9 APOGEE 0 0 0 1 0 0 -10.579451042777066 -167.14703182748607 143.1 -10.579451042777066 -167.14703182748607 10.014742 169.99944 -999.0 -999.0 -999.0 -999.0 -999.0 -999.0 -999.0 -999.0 -999.0 -999.0 -999.0 -999.0 16600.0 -999.0 2 167 {-999.0 -999.0 -999.0 -999.0 -999.0} "" -999.0 -999.0 -999.0 -999.0 -999 -999 "" "" "" "" 0 0 0.0 0.0 -999 ""
FIBERMAP 37 R-9C9 BOSS 0 0 0 1 0 0 -9.840005887595638 -167.146818125825 143.1 -9.840005887595638 -167.146818125825 10.014742 169.99944 -999.0 -999.0 -999.0 -999.0 -999.0 -999.0 -999.0 -999.0 -999.0 -999.0 -999.0 -999.0 5400.0 -999.0 1 376 {-999.0 -999.0 -999.0 -999.0 -999.0} "" -999.0 -999.0 -999.0 -999.0 -999 -999 "" "" "" "" 0 0 0.0 0.0 -999 ""
FIBERMAP 37 R-9C9 METROLOGY 1 0 0 1 0 0 -10.219878839624249 -167.80162827330327 143.1 -10.219878839624249 -167.80162827330327 10.014742 169.99944 -999.0 -999.0 -999.0 -999.0 -999.0 -999.0 -999.0 -999.0 -999.0 -999.0 -999.0 -999.0 6231.0 -999.0 -1 -999 {-999.0 -999.0 -999.0 -999.0 -999.0} "" -999.0 -999.0 -999.0 -999.0 -999 -999 "" "" "" "" 0 0 0.0 0.0 -999 ""
FIBERMAP 40 R+12C6 APOGEE 0 0 0 1 0 0 -44.37623542946219 240.3560764712614 143.1 -44.37623542946219 240.3560764712614 9.987918 170.03447 -999.0 -999.0 -999.0 -999.0 -999.0 -999.0 -999.0 -999.0 -999.0 -999.0 -999.0 -999.0 16600.0 -999.0 2 -999 {-999.0 -999.0 -999.0 -999.0 -999.0} "" -999.0 -999.0 -999.0 -999.0 -999 -999 "" "" "" "" 0 0 0.0 0.0 -999 ""
FIBERMAP 40 R+12C6 BOSS 0 0 0 1 0 0 -43.62111755996888 240.3792409309609 143.1 -43.62111755996888 240.3792409309609 9.987918 170.03447 -999.0 -999.0 -999.0 -999.0 -999.0 -999.0 -999.0 -999.0 -999.0 -999.0 -999.0 -999.0 5400.0 -999.0 1 156 {-999.0 -999.0 -999.0 -999.0 -999.0} "" -999.0 -999.0 -999.0 -999.0 -999 -999 "" "" "" "" 0 0 0.0 0.0 -999 ""
FIBERMAP 40 R+12C6 METROLOGY 1 0 0 1 0 0 -43.97934357823878 239.7243021136429 143.1 -43.97934357823878 239.7243021136429 9.987918 170.03447 -999.0 -999.0 -999.0 -999.0 -999.0 -999.0 -999.0 -999.0 -999.0 -999.0 -999.0 -999.0 6231.0 -999.0 -1 -999 {-999.0 -999.0 -999.0 -999.0 -999.0} "" -999.0 -999.0 -999.0 -999.0 -999 -999 "" "" "" "" 0 0 0.0 0.0 -999 ""
FIBERMAP 52 R+5C17 APOGEE 0 0 0 1 0 0 123.83768564270717 104.5247169596583 143.1 123.83768564270717 104.5247169596583 10.004281 169.99306 -999.0 -999.0 -999.0 -999.0 -999.0 -999.0 -999.0 -999.0 -999.0 -999.0 -999.0 -999.0 16600.0 -999.0 2 -999 {-999.0 -999.0 -999.0 -999.0 -999.0} "" -999.0 -999.0 -999.0 -999.0 -999 -999 "" "" "" "" 0 0 0.0 0.0 -999 ""
FIBERMAP 52 R+5C17 BOSS 0 0 0 1 0 0 124.56739789383836 104.5219359291537 143.1 124.56739789383836 104.5219359291537 10.004281 169.99306 -999.0 -999.0 -999.0 -999.0 -999.0 -999.0 -999.0 -999.0 -999.0 -999.0 -999.0 -999.0 5400.0 -999.0 1 206 {-999.0 -999.0 -999.0 -999.0 -999.0} "" -999.0 -999.0 -999.0 -999.0 -999 -999 "" "" "" "" 0 0 0.0 0.0 -999 ""
FIBERMAP 52 R+5C17 METROLOGY 1 0 0 1 0 0 124.21449637066245 103.88076381244213 143.1 124.21449637066245 103.88076381244213 10.004281 169.99306 -999.0 -999.0 -999.0 -999.0 -999.0 -999.0 -999.0 -999.0 -999.0 -999.0 -999.0 -999.0 6231.0 -999.0 -1 -999 {-999.0 -999.0 -999.0 -999.0 -999.0} "" -999.0 -999.0 -999.0 -999.0 -999 -999 "" "" "" "" 0 0 0.0 0.0 -999 ""
FIBERMAP 56 R-8C4 APOGEE 0 0 0 1 0 0 -133.64221030595596 -147.67698893734027 143.1 -133.64221030595596 -147.67698893734027 10.006491 170.01875 -999.0 -999.0 -999.0 -999.0 -999.0 -999.0 -999.0 -999.0 -999.0 -999.0 -999.0 -999.0 16600.0 -999.0 2 -999 {-999.0 -999.0 -999.0 -999.0 -999.0} "" -999.0 -999.0 -999.0 -999.0 -999 -999 "" "" "" "" 0 0 0.0 0.0 -999 ""
FIBERMAP 56 R-8C4 BOSS 0 0 0 1 0 0 -132.87985928320865 -147.69267636400136 143.1 -132.87985928320865 -147.69267636400136 10.006491 170.01875 -999.0 -999.0 -999.0 -999.0 -999.0 -999.0 -999.0 -999.0 -999.0 -999.0 -999.0 -999.0 5400.0 -999.0 1 452 {-999.0 -999.0 -999.0 -999.0 -999.0} "" -999.0 -999.0 -999.0 -999.0 -999 -999 "" "" "" "" 0 0 0.0 0.0 -999 ""
FIBERMAP 56 R-8C4 METROLOGY 1 0 0 1 0 0 -133.26059965091036 -148.31810927586298 143.1 -133.26059965091036 -148.31810927586298 10.006491 170.01875 -999.0 -999.0 -999.0 -999.0 -999.0 -999.0 -999.0 -999.0 -999.0 -999.0 -999.0 -999.0 6231.0 -999.0 -1 -999 {-999.0 -999.0 -999.0 -999.0 -999.0} "" -999.0 -999.0 -999.0 -999.0 -999 -999 "" "" "" "" 0 0 0.0 0.0 -999 ""
FIBERMAP 59 R+4C8 APOGEE 0 0 0 1 0 0 -90.21146274188783 85.11415421103115 143.1 -90.21146274188783 85.11415421103115 10.004008 169.99992 -999.0 -999.0 -999.0 -999.0 -999.0 -999.0 -999.0 -999.0 -999.0 -999.0 -999.0 -999.0 16600.0 -999.0 2 -999 {-999.0 -999.0 -999.0 -999.0 -999.0} "" -999.0 -999.0 -999.0 -999.0 -999 -999 "" "" "" "" 0 0 0.0 0.0 -999 ""
FIBERMAP 59 R+4C8 BOSS 0 0 0 1 0 0 -89.45851647602329 85.17999173617535 143.1 -89.45851647602329 85.17999173617535 10.004008 169.99992 -999.0 -999.0 -999.0 -999.0 -999.0 -999.0 -999.0 -999.0 -999.0 -999.0 -999.0 -999.0 5400.0 -999.0 1 33 {-999.0 -999.0 -999.0 -999.0 -999.0} "" -999.0 -999.0 -999.0 -999.0 -999 -999 "" "" "" "" 0 0 0.0 0.0 -999 ""
FIBERMAP 59 R+4C8 METROLOGY 1 0 0 1 0 0 -89.77641890151017 84.50801987158052 143.1 -89.77641890151017 84.50801987158052 10.004008 169.99992 -999.0 -999.0 -999.0 -999.0 -999.0 -999.0 -999.0 -999.0 -999.0 -999.0 -999.0 -999.0 6231.0 -999.0 -1 -999 {-999.0 -999.0 -999.0 -999.0 -999.0} "" -999.0 -999.0 -999.0 -999.0 -999 -999 "" "" "" "" 0 0 0.0 0.0 -999 ""
FIBERMAP 63 R+5C19 APOGEE 0 0 0 1 0 0 168.81480015276443 104.59470925122076 143.1 168.81480015276443 104.59470925122076 10.00664 170.00134 -999.0 -999.0 -999.0 -999.0 -999.0 -999.0 -999.0 -999.0 -999.0 -999.0 -999.0 -999.0 16600.0 -999.0 2 -999 {-999.0 -999.0 -999.0 -999.0 -999.0} "" -999.0 -999.0 -999.0 -999.0 -999 -999 "" "" "" "" 0 0 0.0 0.0 -999 ""
FIBERMAP 63 R+5C19 BOSS 0 0 0 1 0 0 169.5667766293166 104.60550189479902 143.1 169.5667766293166 104.60550189479902 10.00664 170.00134 -999.0 -999.0 -999.0 -999.0 -999.0 -999.0 -999.0 -999.0 -999.0 -999.0 -999.0 -999.0 5400.0 -999.0 1 204 {-999.0 -999.0 -999.0 -999.0 -999.0} "" -999.0 -999.0 -999.0 -999.0 -999 -999 "" "" "" "" 0 0 0.0 0.0 -999 ""
FIBERMAP 63 R+5C19 METROLOGY 1 0 0 1 0 0 169.18947296492848 103.9495098523239 143.1 169.18947296492848 103.9495098523239 10.00664 170.00134 -999.0 -999.0 -999.0 -999.0 -999.0 -999.0 -999.0 -999.0 -999.0 -999.0 -999.0 -999.0 6231.0 -999.0 -1 -999 {-999.0 -999.0 -999.0 -999.0 -999.0} "" -999.0 -999.0 -999.0 -999.0 -999 -999 "" "" "" "" 0 0 0.0 0.0 -999 ""
FIBERMAP 65 R+5C14 APOGEE 0 0 0 1 0 0 56.65006627658168 104.61387929171073 143.1 56.65006627658168 104.61387929171073 9.995764 170.03638 -999.0 -999.0 -999.0 -999.0 -999.0 -999.0 -999.0 -999.0 -999.0 -999.0 -999.0 -999.0 16600.0 -999.0 2 41 {-999.0 -999.0 -999.0 -999.0 -999.0} "" -999.0 -999.0 -999.0 -999.0 -999 -999 "" "" "" "" 0 0 0.0 0.0 -999 ""
FIBERMAP 65 R+5C14 BOSS 0 0 0 1 0 0 57.39275946944544 104.61163401962851 143.1 57.39275946944544 104.61163401962851 9.995764 170.03638 -999.0 -999.0 -999.0 -999.0 -999.0 -999.0 -999.0 -999.0 -999.0 -999.0 -999.0 -999.0 5400.0 -999.0 1 159 {-999.0 -999.0 -999.0 -999.0 -999.0} "" -999.0 -999.0 -999.0 -999.0 -999 -999 "" "" "" "" 0 0 0.0 0.0 -999 ""
FIBERMAP 65 R+5C14 METROLOGY 1 0 0 1 0 0 57.03210278251078 103.97339651366094 143.1 57.03210278251078 103.97339651366094 9.995764 170.03638 -999.0 -999.0 -999.0 -999.0 -999.0 -999.0 -999.0 -999.0 -999.0 -999.0 -999.0 -999.0 6231.0 -999.0 -1 -999 {-999.0 -999.0 -999.0 -999.0 -999.0} "" -999.0 -999.0 -999.0 -999.0 -999 -999 "" "" "" "" 0 0 0.0 0.0 -999 ""
FIBERMAP 71 R-4C9 APOGEE 0 0 0 1 0 0 -66.48384448215208 -70.11458305052139 143.1 -66.48384448215208 -70.11458305052139 10.009398 170.0035 -999.0 -999.0 -999.0 -999.0 -999.0 -999.0 -999.0 -999.0 -999.0 -999.0 -999.0 -999.0 16600.0 -999.0 2 270 {-999.0 -999.0 -999.0 -999.0 -999.0} "" -999.0 -999.0 -999.0 -999.0 -999 -999 "" "" "" "" 0 0 0.0 0.0 -999 ""
FIBERMAP 71 R-4C9 BOSS 0 0 0 1 0 0 -65.7359760026865 -70.12085381957286 143.1 -65.7359760026865 -70.12085381957286 10.009398 170.0035 -999.0 -999.0 -999.0 -999.0 -999.0 -999.0 -999.0 -999.0 -999.0 -999.0 -999.0 -999.0 5400.0 -999.0 1 462 {-999.0 -999.0 -999.0 -999.0 -999.0} "" -999.0 -999.0 -999.0 -999.0 -999 -999 "" "" "" "" 0 0 0.0 0.0 -999 ""
FIBERMAP 71 R-4C9 METROLOGY 1 0 0 1 0 0 -66.11587016681898 -70.76179518211325 143.1 -66.11587016681898 -70.76179518211325 10.009398 170.0035 -999.0 -999.0 -999.0 -999.0 -999.0 -999.0 -999.0 -999.0 -999.0 -999.0 -999.0 -999.0 6231.0 -999.0 -1 -999 {-999.0 -999.0 -999.0 -999.0 -999.0} "" -999.0 -999.0 -999.0 -999.0 -999 -999 "" "" "" "" 0 0 0.0 0.0 -999 ""
FIBERMAP 78 R-5C11 APOGEE 0 0 0 1 0 0 -10.35518282580862 -89.44000831874862 143.1 -10.35518282580862 -89.44000831874862 10.001433 169.99596 -999.0 -999.0 -999.0 -999.0 -999.0 -999.0 -999.0 -999.0 -999.0 -999.0 -999.0 -999.0 16600.0 -999.0 2 160 {-999.0 -999.0 -999.0 -999.0 -999.0} "" -999.0 -999.0 -999.0 -999.0 -999 -999 "" "" "" "" 0 0 0.0 0.0 -999 ""
FIBERMAP 78 R-5C11 BOSS 0 0 0 1 0 0 -9.61839894897705 -89.43430076026199 143.1 -9.61839894897705 -89.43430076026199 10.001433 169.99596 -999.0 -999.0 -999.0 -999.0 -999.0 -999.0 -999.0 -999.0 -999.0 -999.0 -999.0 -999.0 5400.0 -999.0 1 366 {-999.0 -999.0 -999.0 -999.0 -999.0} "" -999.0 -999.0 -999.0 -999.0 -999 -999 "" "" "" "" 0 0 0.0 0.0 -999 ""
FIBERMAP 78 R-5C11 METROLOGY 1 0 0 1 0 0 -9.98119544913704 -90.08392559222284 143.1 -9.98119544913704 -90.08392559222284 10.001433 169.99596 -999.0 -999.0 -999.0 -999.0 -999.0 -999.0 -999.0 -999.0 -999.0 -999.0 -999.0 -999.0 6231.0 -999.0 -1 -999 {-999.0 -999.0 -999.0 -999.0 -999.0} "" -999.0 -999.0 -999.0 -999.0 -999 -999 "" "" "" "" 0 0 0.0 0.0 -999 ""
FIBERMAP 86 R-12C11 APOGEE 0 0 0 1 0 0 68.08731703581863 -225.23046418775678 143.1 68.08731703581863 -225.23046418775678 10.009426 169.997 -999.0 -999.0 -999.0 -999.0 -999.0 -999.0 -999.0 -999.0 -999.0 -999.0 -999.0 -999.0 16600.0 -999.0 2 -999 {-999.0 -999.0 -999.0 -999.0 -999.0} "" -999.0 -999.0 -999.0 -999.0 -999 -999 "" "" "" "" 0 0 0.0 0.0 -999 ""
FIBERMAP 86 R-12C11 BOSS 0 0 0 1 0 0 68.83512145352276 -225.2402135436406 143.1 68.83512145352276 -225.2402135436406 10.009426 169.997 -999.0 -999.0 -999.0 -999.0 -999.0 -999.0 -999.0 -999.0 -999.0 -999.0 -999.0 -999.0 5400.0 -999.0 1 407 {-999.0 -999.0 -999.0 -999.0 -999.0} "" -999.0 -999.0 -999.0 -999.0 -999 -999 "" "" "" "" 0 0 0.0 0.0 -999 ""
FIBERMAP 86 R-12C11 METROLOGY 1 0 0 1 0 0 68.46081956699105 -225.87634176107824 143.1 68.46081956699105 -225.87634176107824 10.009426 169.997 -999.0 -999.0 -999.0 -999.0 -999.0 -999.0 -999.0 -999.0 -999.0 -999.0 -999.0 -999.0 6231.0 -999.0 -1 -999 {-999.0 -999.0 -999.0 -999.0 -999.0} "" -999.0 -999.0 -999.0 -999.0 -999 -999 "" "" "" "" 0 0 0.0 0.0 -999 ""
FIBERMAP 97 R-4C15 APOGEE 0 0 0 1 0 0 67.95725208955484 -70.10631435798852 143.1 67.95725208955484 -70.10631435798852 10.006457 170.00603 -999.0 -999.0 -999.0 -999.0 -999.0 -999.0 -999.0 -999.0 -999.0 -999.0 -999.0 -999.0 16600.0 -999.0 2 191 {-999.0 -999.0 -999.0 -999.0 -999.0} "" -999.0 -999.0 -999.0 -999.0 -999 -999 "" "" "" "" 0 0 0.0 0.0 -999 ""
FIBERMAP 97 R-4C15 BOSS 0 0 0 1 0 0 68.69632741773329 -70.09749103701914 143.1 68.69632741773329 -70.09749103701914 10.006457 170.00603 -999.0 -999.0 -999.0 -999.0 -999.0 -999.0 -999.0 -999.0 -999.0 -999.0 -999.0 -999.0 5400.0 -999.0 1 314 {-999.0 -999.0 -999.0 -999.0 -999.0} "" -999.0 -999.0 -999.0 -999.0 -999 -999 "" "" "" "" 0 0 0.0 0.0 -999 ""
FIBERMAP 97 R-4C15 METROLOGY 1 0 0 1 0 0 68.33481881463365 -70.75173781588167 143.1 68.33481881463365 -70.75173781588167 10.006457 170.00603 -999.0 -999.0 -999.0 -999.0 -999.0 -999.0 -999.0 -999.0 -999.0 -999.0 -999.0 -999.0 6231.0 -999.0 -1 -999 {-999.0 -999.0 -999.0 -999.0 -999.0} "" -999.0 -999.0 -999.0 -999.0 -999 -999 "" "" "" "" 0 0 0.0 0.0 -999 ""
FIBERMAP 103 R-8C3 APOGEE 0 0 0 1 0 0 -156.0759293945347 -147.61665642946411 143.1 -156.0759293945347 -147.61665642946411 10.008161 170.00024 -999.0 -999.0 -999.0 -999.0 -999.0 -999.0 -999.0 -999.0 -999.0 -999.0 -999.0 -999.0 16600.0 -999.0 2 267 {-999.0 -999.0 -999.0 -999.0 -999.0} "" -999.0 -999.0 -999.0 -999.0 -999 -999 "" "" "" "" 0 0 0.0 0.0 -999 ""
FIBERMAP 103 R-8C3 BOSS 0 0 0 1 0 0 -155.33759166215737 -147.59424996775002 143.1 -155.33759166215737 -147.59424996775002 10.008161 170.00024 -999.0 -999.0 -999.0 -999.0 -999.0 -999.0 -999.0 -999.0 -999.0 -999.0 -999.0 -999.0 5400.0 -999.0 1 476 {-999.0 -999.0 -999.0 -999.0 -999.0} "" -999.0 -999.0 -999.0 -999.0 -999 -999 "" "" "" "" 0 0 0.0 0.0 -999 ""
FIBERMAP 103 R-8C3 METROLOGY 1 0 0 1 0 0 -155.6830342222711 -148.2616460175702 143.1 -155.6830342222711 -148.2616460175702 10.008161 170.00024 -999.0 -999.0 -999.0 -999.0 -999.0 -999.0 -999.0 -999.0 -999.0 -999.0 -999.0 -999.0 6231.0 -999.0 -1 -999 {-999.0 -999.0 -999.0 -999.0 -999.0} "" -999.0 -999.0 -999.0 -999.0 -999 -999 "" "" "" "" 0 0 0.0 0.0 -999 ""
FIBERMAP 107 R-3C24 APOGEE 0 0 0 1 0 0 258.29735099464693 -50.62714687611445 143.1 258.29735099464693 -50.62714687611445 10.01965 170.0001 -999.0 -999.0 -999.0 -999.0 -999.0 -999.0 -999.0 -999.0 -999.0 -999.0 -999.0 -999.0 16600.0 -999.0 2 222 {-999.0 -999.0 -999.0 -999.0 -999.0} "" -999.0 -999.0 -999.0 -999.0 -999 -999 "" "" "" "" 0 0 0.0 0.0 -999 ""
FIBERMAP 107 R-3C24 BOSS 0 0 0 1 0 0 259.04063433982355 -50.6285035470612 143.1 259.04063433982355 -50.6285035470612 10.01965 170.0001 -999.0 -999.0 -999.0 -999.0 -999.0 -999.0 -999.0 -999.0 -999.0 -999.0 -999.0 -999.0 5400.0 -999.0 1 253 {-999.0 -999.0 -999.0 -999.0 -999.0} "" -999.0 -999.0 -999.0 -999.0 -999 -999 "" "" "" "" 0 0 0.0 0.0 -999 ""
FIBERMAP 107 R-3C24 METROLOGY 1 0 0 1 0 0 258.6627547160927 -51.27828118639957 143.1 258.6627547160927 -51.27828118639957 10.01965 170.0001 -999.0 -999.0 -999.0 -999.0 -999.0 -999.0 -999.0 -999.0 -999.0 -999.0 -999.0 -999.0 6231.0 -999.0 -1 -999 {-999.0 -999.0 -999.0 -999.0 -999.0} "" -999.0 -999.0 -999.0 -999.0 -999 -999 "" "" "" "" 0 0 0.0 0.0 -999 ""
FIBERMAP 110 R-1C13 APOGEE 0 0 0 1 0 0 -10.614553628679335 -11.823965588149626 143.1 -10.614553628679335 -11.823965588149626 10.00954 169.99904 -999.0 -999.0 -999.0 -999.0 -999.0 -999.0 -999.0 -999.0 -999.0 -999.0 -999.0 -999.0 16600.0 -999.0 2 162 {-999.0 -999.0 -999.0 -999.0 -999.0} "" -999.0 -999.0 -999.0 -999.0 -999 -999 "" "" "" "" 0 0 0.0 0.0 -999 ""
FIBERMAP 110 R-1C13 BOSS 0 0 0 1 0 0 -9.875342636664742 -11.816596103926035 143.1 -9.875342636664742 -11.816596103926035 10.00954 169.99904 -999.0 -999.0 -999.0 -999.0 -999.0 -999.0 -999.0 -999.0 -999.0 -999.0 -999.0 -999.0 5400.0 -999.0 1 346 {-999.0 -999.0 -999.0 -999.0 -999.0} "" -999.0 -999.0 -999.0 -999.0 -999 -999 "" "" "" "" 0 0 0.0 0.0 -999 ""
FIBERMAP 110 R-1C13 METROLOGY 1 0 0 1 0 0 -10.226192043583135 -12.469582673854188 143.1 -10.226192043583135 -12.469582673854188 10.00954 169.99904 -999.0 -999.0 -999.0 -999.0 -999.0 -999.0 -999.0 -999.0 -999.0 -999.0 -999.0 -999.0 6231.0 -999.0 -1 -999 {-999.0 -999.0 -999.0 -999.0 -999.0} "" -999.0 -999.0 -999.0 -999.0 -999 -999 "" "" "" "" 0 0 0.0 0.0 -999 ""
FIBERMAP 114 R-12C15 APOGEE 0 0 0 1 0 0 157.5795354218718 -225.03801740794373 143.1 157.5795354218718 -225.03801740794373 10.012517 170.04349 -999.0 -999.0 -999.0 -999.0 -999.0 -999.0 -999.0 -999.0 -999.0 -999.0 -999.0 -999.0 16600.0 -999.0 2 236 {-999.0 -999.0 -999.0 -999.0 -999.0} "" -999.0 -999.0 -999.0 -999.0 -999 -999 "" "" "" "" 0 0 0.0 0.0 -999 ""
FIBERMAP 114 R-12C15 BOSS 0 0 0 1 0 0 158.3231995709094 -225.04907613210736 143.1 158.3231995709094 -225.04907613210736 10.012517 170.04349 -999.0 -999.0 -999.0 -999.0 -999.0 -999.0 -999.0 -999.0 -999.0 -999.0 -999.0 -999.0 5400.0 -999.0 1 258 {-999.0 -999.0 -999.0 -999.0 -999.0} "" -999.0 -999.0 -999.0 -999.0 -999 -999 "" "" "" "" 0 0 0.0 0.0 -999 ""
FIBERMAP 114 R-12C15 METROLOGY 1 0 0 1 0 0 157.93745720978748 -225.69581988310338 143.1 157.93745720978748 -225.69581988310338 10.012517 170.04349 -999.0 -999.0 -999.0 -999.0 -999.0 -999.0 -999.0 -999.0 -999.0 -999.0 -999.0 -999.0 6231.0 -999.0 -1 -999 {-999.0 -999.0 -999.0 -999.0 -999.0} "" -999.0 -999.0 -999.0 -999.0 -999 -999 "" "" "" "" 0 0 0.0 0.0 -999 ""
FIBERMAP 115 R-11C13 APOGEE 0 0 0 1 0 0 101.58057876593666 -205.82125475857285 143.1 101.58057876593666 -205.82125475857285 9.993852 169.99902 -999.0 -999.0 -999.0 -999.0 -999.0 -999.0 -999.0 -999.0 -999.0 -999.0 -999.0 -999.0 16600.0 -999.0 2 166 {-999.0 -999.0 -999.0 -999.0 -999.0} "" -999.0 -999.0 -999.0 -999.0 -999 -999 "" "" "" "" 0 0 0.0 0.0 -999 ""
FIBERMAP 115 R-11C13 BOSS 0 0 0 1 0 0 102.3201341525568 -205.81517691844638 143.1 102.3201341525568 -205.81517691844638 9.993852 169.99902 -999.0 -999.0 -999.0 -999.0 -999.0 -999.0 -999.0 -999.0 -999.0 -999.0 -999.0 -999.0 5400.0 -999.0 1 395 {-999.0 -999.0 -999.0 -999.0 -999.0} "" -999.0 -999.0 -999.0 -999.0 -999 -999 "" "" "" "" 0 0 0.0 0.0 -999 ""
FIBERMAP 115 R-11C13 METROLOGY 1 0 0 1 0 0 101.95784313208138 -206.4647730605366 143.1 101.95784313208138 -206.4647730605366 9.993852 169.99902 -999.0 -999.0 -999.0 -999.0 -999.0 -999.0 -999.0 -999.0 -999.0 -999.0 -999.0 -999.0 6231.0 -999.0 -1 -999 {-999.0 -999.0 -999.0 -999.0 -999.0} "" -999.0 -999.0 -999.0 -999.0 -999 -999 "" "" "" "" 0 0 0.0 0.0 -999 ""
FIBERMAP 117 R-1C9 APOGEE 0 0 0 1 0 0 -100.09255631750783 -11.929696370025768 143.1 -100.09255631750783 -11.929696370025768 10.014582 169.98016 -999.0 -999.0 -999.0 -999.0 -999.0 -999.0 -999.0 -999.0 -999.0 -999.0 -999.0 -999.0 16600.0 -999.0 2 244 {-999.0 -999.0 -999.0 -999.0 -999.0} "" -999.0 -999.0 -999.0 -999.0 -999 -999 "" "" "" "" 0 0 0.0 0.0 -999 ""
FIBERMAP 117 R-1C9 BOSS 0 0 0 1 0 0 -99.35043256250921 -11.908436045208964 143.1 -99.35043256250921 -11.908436045208964 10.014582 169.98016 -999.0 -999.0 -999.0 -999.0 -999.0 -999.0 -999.0 -999.0 -999.0 -999.0 -999.0 -999.0 5400.0 -999.0 1 481 {-999.0 -999.0 -999.0 -999.0 -999.0} "" -999.0 -999.0 -999.0 -999.0 -999 -999 "" "" "" "" 0 0 0.0 0.0 -999 ""
FIBERMAP 117 R-1C9 METROLOGY 1 0 0 1 0 0 -99.7000384290184 -12.5694147428275 143.1 -99.7000384290184 -12.5694147428275 10.014582 169.98016 -999.0 -999.0 -999.0 -999.0 -999.0 -999.0 -999.0 -999.0 -999.0 -999.0 -999.0 -999.0 6231.0 -999.0 -1 -999 {-999.0 -999.0 -999.0 -999.0 -999.0} "" -999.0 -999.0 -999.0 -999.0 -999 -999 "" "" "" "" 0 0 0.0 0.0 -999 ""
FIBERMAP 119 R0C6 APOGEE 0 0 0 1 0 0 -178.76946296427835 7.5316701020254735 143.1 -178.76946296427835 7.5316701020254735 10.000328 169.99939 -999.0 -999.0 -999.0 -999.0 -999.0 -999.0 -999.0 -999.0 -999.0 -999.0 -999.0 -999.0 16600.0 -999.0 2 -999 {-999.0 -999.0 -999.0 -999.0 -999.0} "" -999.0 -999.0 -999.0 -999.0 -999 -999 "" "" "" "" 0 0 0.0 0.0 -999 ""
FIBERMAP 119 R0C6 BOSS 0 0 0 1 0 0 -178.0395170064113 7.565586743311587 143.1 -178.0395170064113 7.565586743311587 10.000328 169.99939 -999.0 -999.0 -999.0 -999.0 -999.0 -999.0 -999.0 -999.0 -999.0 -999.0 -999.0 -999.0 5400.0 -999.0 1 494 {-999.0 -999.0 -999.0 -999.0 -999.0} "" -999.0 -999.0 -999.0 -999.0 -999 -999 "" "" "" "" 0 0 0.0 0.0 -999 ""
FIBERMAP 119 R0C6 METROLOGY 1 0 0 1 0 0 -178.38490426680067 6.892313715722742 143.1 -178.38490426680067 6.892313715722742 10.000328 169.99939 -999.0 -999.0 -999.0 -999.0 -999.0 -999.0 -999.0 -999.0 -999.0 -999.0 -999.0 -999.0 6231.0 -999.0 -1 -999 {-999.0 -999.0 -999.0 -999.0 -999.0} "" -999.0 -999.0 -999.0 -999.0 -999 -999 "" "" "" "" 0 0 0.0 0.0 -999 ""
FIBERMAP 120 R-7C13 APOGEE 0 0 0 1 0 0 56.571333844146274 -128.29564547806632 143.1 56.571333844146274 -128.29564547806632 10.008187 170.00111 -999.0 -999.0 -999.0 -999.0 -999.0 -999.0 -999.0 -999.0 -999.0 -999.0 -999.0 -999.0 16600.0 -999.0 2 163 {-999.0 -999.0 -999.0 -999.0 -999.0} "" -999.0 -999.0 -999.0 -999.0 -999 -999 "" "" "" "" 0 0 0.0 0.0 -999 ""
FIBERMAP 120 R-7C13 BOSS 0 0 0 1 0 0 57.321340699362786 -128.29882843207366 143.1 57.321340699362786 -128.29882843207366 10.008187 170.00111 -999.0 -999.0 -999.0 -999.0 -999.0 -999.0 -999.0 -999.0 -999.0 -999.0 -999.0 -999.0 5400.0 -999.0 1 354 {-999.0 -999.0 -999.0 -999.0 -999.0} "" -999.0 -999.0 -999.0 -999.0 -999 -999 "" "" "" "" 0 0 0.0 0.0 -999 ""
FIBERMAP 120 R-7C13 METROLOGY 1 0 0 1 0 0 56.957408558386085 -128.93738853325388 143.1 56.957408558386085 -128.93738853325388 10.008187 170.00111 -999.0 -999.0 -999.0 -999.0 -999.0 -999.0 -999.0 -999.0 -999.0 -999.0 -999.0 -999.0 6231.0 -999.0 -1 -999 {-999.0 -999.0 -999.0 -999.0 -999.0} "" -999.0 -999.0 -999.0 -999.0 -999 -999 "" "" "" "" 0 0 0.0 0.0 -999 ""
FIBERMAP 124 R-6C12 APOGEE 0 0 0 1 0 0 23.126670008267215 -108.90475817878642 143.1 23.126670008267215 -108.90475817878642 9.998295 170.02356 -999.0 -999.0 -999.0 -999.0 -999.0 -999.0 -999.0 -999.0 -999.0 -999.0 -999.0 -999.0 16600.0 -999.0 2 -999 {-999.0 -999.0 -999.0 -999.0 -999.0} "" -999.0 -999.0 -999.0 -999.0 -999 -999 "" "" "" "" 0 0 0.0 0.0 -999 ""
FIBERMAP 124 R-6C12 BOSS 0 0 0 1 0 0 23.86627414307323 -108.9011524190706 143.1 23.86627414307323 -108.9011524190706 9.998295 170.02356 -999.0 -999.0 -999.0 -999.0 -999.0 -999.0 -999.0 -999.0 -999.0 -999.0 -999.0 -999.0 5400.0 -999.0 1 378 {-999.0 -999.0 -999.0 -999.0 -999.0} "" -999.0 -999.0 -999.0 -999.0 -999 -999 "" "" "" "" 0 0 0.0 0.0 -999 ""
FIBERMAP 124 R-6C12 METROLOGY 1 0 0 1 0 0 23.506596080497527 -109.54687822998514 143.1 23.506596080497527 -109.54687822998514 9.998295 170.02356 -999.0 -999.0 -999.0 -999.0 -999.0 -999.0 -999.0 -999.0 -999.0 -999.0 -999.0 -999.0 6231.0 -999.0 -1 -999 {-999.0 -999.0 -999.0 -999.0 -999.0} "" -999.0 -999.0 -999.0 -999.0 -999 -999 "" "" "" "" 0 0 0.0 0.0 -999 ""
FIBERMAP 126 R-7C19 APOGEE 0 0 0 1 0 0 191.12404111071436 -128.28025027569123 143.1 191.12404111071436 -128.28025027569123 9.9964485 169.99994 -999.0 -999.0 -999.0 -999.0 -999.0 -999.0 -999.0 -999.0 -999.0 -999.0 -999.0 -999.0 16600.0 -999.0 2 -999 {-999.0 -999.0 -999.0 -999.0 -999.0} "" -999.0 -999.0 -999.0 -999.0 -999 -999 "" "" "" "" 0 0 0.0 0.0 -999 ""
FIBERMAP 126 R-7C19 BOSS 0 0 0 1 0 0 191.86512791452932 -128.2567352915701 143.1 191.86512791452932 -128.2567352915701 9.9964485 169.99994 -999.0 -999.0 -999.0 -999.0 -999.0 -999.0 -999.0 -999.0 -999.0 -999.0 -999.0 -999.0 5400.0 -999.0 1 320 {-999.0 -999.0 -999.0 -999.0 -999.0} "" -999.0 -999.0 -999.0 -999.0 -999 -999 "" "" "" "" 0 0 0.0 0.0 -999 ""
FIBERMAP 126 R-7C19 METROLOGY 1 0 0 1 0 0 191.5074710197284 -128.92028424774685 143.1 191.5074710197284 -128.92028424774685 9.9964485 169.99994 -999.0 -999.0 -999.0 -999.0 -999.0 -999.0 -999.0 -999.0 -999.0 -999.0 -999.0 -999.0 6231.0 -999.0 -1 -999 {-999.0 -999.0 -999.0 -999.0 -999.0} "" -999.0 -999.0 -999.0 -999.0 -999 -999 "" "" "" "" 0 0 0.0 0.0 -999 ""
FIBERMAP 129 R-6C21 APOGEE 0 0 0 1 0 0 224.6428553706802 -108.8323001599067 143.1 224.6428553706802 -108.8323001599067 10.012225 170.00146 -999.0 -999.0 -999.0 -999.0 -999.0 -999.0 -999.0 -999.0 -999.0 -999.0 -999.0 -999.0 16600.0 -999.0 2 194 {-999.0 -999.0 -999.0 -999.0 -999.0} "" -999.0 -999.0 -999.0 -999.0 -999 -999 "" "" "" "" 0 0 0.0 0.0 -999 ""
FIBERMAP 129 R-6C21 BOSS 0 0 0 1 0 0 225.38296953905905 -108.80048518583003 143.1 225.38296953905905 -108.80048518583003 10.012225 170.00146 -999.0 -999.0 -999.0 -999.0 -999.0 -999.0 -999.0 -999.0 -999.0 -999.0 -999.0 -999.0 5400.0 -999.0 1 333 {-999.0 -999.0 -999.0 -999.0 -999.0} "" -999.0 -999.0 -999.0 -999.0 -999 -999 "" "" "" "" 0 0 0.0 0.0 -999 ""
FIBERMAP 129 R-6C21 METROLOGY 1 0 0 1 0 0 225.03570448874498 -109.4634047547741 143.1 225.03570448874498 -109.4634047547741 10.012225 170.00146 -999.0 -999.0 -999.0 -999.0 -999.0 -999.0 -999.0 -999.0 -999.0 -999.0 -999.0 -999.0 6231.0 -999.0 -1 -999 {-999.0 -999.0 -999.0 -999.0 -999.0} "" -999.0 -999.0 -999.0 -999.0 -999 -999 "" "" "" "" 0 0 0.0 0.0 -999 ""
FIBERMAP 130 R-9C15 APOGEE 0 0 0 1 0 0 123.88107042781196 -167.04742233739955 143.1 123.88107042781196 -167.04742233739955 9.991031 170.0004 -999.0 -999.0 -999.0 -999.0 -999.0 -999.0 -999.0 -999.0 -999.0 -999.0 -999.0 -999.0 16600.0 -999.0 2 -999 {-999.0 -999.0 -999.0 -999.0 -999.0} "" -999.0 -999.0 -999.0 -999.0 -999 -999 "" "" "" "" 0 0 0.0 0.0 -999 ""
FIBERMAP 130 R-9C15 BOSS 0 0 0 1 0 0 124.61290884540198 -167.0321472178431 143.1 124.61290884540198 -167.0321472178431 9.991031 170.0004 -999.0 -999.0 -999.0 -999.0 -999.0 -999.0 -999.0 -999.0 -999.0 -999.0 -999.0 -999.0 5400.0 -999.0 1 265 {-999.0 -999.0 -999.0 -999.0 -999.0} "" -999.0 -999.0 -999.0 -999.0 -999 -999 "" "" "" "" 0 0 0.0 0.0 -999 ""
FIBERMAP 130 R-9C15 METROLOGY 1 0 0 1 0 0 124.26745306201401 -167.68567811723935 143.1 124.26745306201401 -167.68567811723935 9.991031 170.0004 -999.0 -999.0 -999.0 -999.0 -999.0 -999.0 -999.0 -999.0 -999.0 -999.0 -999.0 -999.0 6231.0 -999.0 -1 -999 {-999.0 -999.0 -999.0 -999.0 -999.0} "" -999.0 -999.0 -999.0 -999.0 -999 -999 "" "" "" "" 0 0 0.0 0.0 -999 ""
FIBERMAP 136 R-10C12 APOGEE 0 0 0 1 0 0 68.10526721330517 -186.52967303235098 143.1 68.10526721330517 -186.52967303235098 9.9951315 169.99895 -999.0 -999.0 -999.0 -999.0 -999.0 -999.0 -999.0 -999.0 -999.0 -999.0 -999.0 -999.0 16600.0 -999.0 2 -999 {-999.0 -999.0 -999.0 -999.0 -999.0} "" -999.0 -999.0 -999.0 -999.0 -999 -999 "" "" "" "" 0 0 0.0 0.0 -999 ""
FIBERMAP 136 R-10C12 BOSS 0 0 0 1 0 0 68.81843415327928 -186.5158099527447 143.1 68.81843415327928 -186.5158099527447 9.9951315 169.99895 -999.0 -999.0 -999.0 -999.0 -999.0 -999.0 -999.0 -999.0 -999.0 -999.0 -999.0 -999.0 5400.0 -999.0 1 369 {-999.0 -999.0 -999.0 -999.0 -999.0} "" -999.0 -999.0 -999.0 -999.0 -999 -999 "" "" "" "" 0 0 0.0 0.0 -999 ""
FIBERMAP 136 R-10C12 METROLOGY 1 0 0 1 0 0 68.48222973206364 -187.17353733479604 143.1 68.48222973206364 -187.17353733479604 9.9951315 169.99895 -999.0 -999.0 -999.0 -999.0 -999.0 -999.0 -999.0 -999.0 -999.0 -999.0 -999.0 -999.0 6231.0 -999.0 -1 -999 {-999.0 -999.0 -999.0 -999.0 -999.0} "" -999.0 -999.0 -999.0 -999.0 -999 -999 "" "" "" "" 0 0 0.0 0.0 -999 ""
FIBERMAP 138 R-2C24 APOGEE 0 0 0 1 0 0 247.01341838629435 -31.201123063029698 143.1 247.01341838629435 -31.201123063029698 10.006099 169.99615 -999.0 -999.0 -999.0 -999.0 -999.0 -999.0 -999.0 -999.0 -999.0 -999.0 -999.0 -999.0 16600.0 -999.0 2 -999 {-999.0 -999.0 -999.0 -999.0 -999.0} "" -999.0 -999.0 -999.0 -999.0 -999 -999 "" "" "" "" 0 0 0.0 0.0 -999 ""
FIBERMAP 138 R-2C24 BOSS 0 0 0 1 0 0 247.75306332565725 -31.190439338107247 143.1 247.75306332565725 -31.190439338107247 10.006099 169.99615 -999.0 -999.0 -999.0 -999.0 -999.0 -999.0 -999.0 -999.0 -999.0 -999.0 -999.0 -999.0 5400.0 -999.0 1 260 {-999.0 -999.0 -999.0 -999.0 -999.0} "" -999.0 -999.0 -999.0 -999.0 -999 -999 "" "" "" "" 0 0 0.0 0.0 -999 ""
FIBERMAP 138 R-2C24 METROLOGY 1 0 0 1 0 0 247.3987849802011 -31.83999282191058 143.1 247.3987849802011 -31.83999282191058 10.006099 169.99615 -999.0 -999.0 -999.0 -999.0 -999.0 -999.0 -999.0 -999.0 -999.0 -999.0 -999.0 -999.0 6231.0 -999.0 -1 -999 {-999.0 -999.0 -999.0 -999.0 -999.0} "" -999.0 -999.0 -999.0 -999.0 -999 -999 "" "" "" "" 0 0 0.0 0.0 -999 ""
FIBERMAP 140 R-4C12 APOGEE 0 0 0 1 0 0 0.6087658592941039 -70.04934596561209 143.1 0.6087658592941039 -70.04934596561209 10.009774 169.99695 -999.0 -999.0 -999.0 -999.0 -999.0 -999.0 -999.0 -999.0 -999.0 -999.0 -999.0 -999.0 16600.0 -999.0 2 -999 {-999.0 -999.0 -999.0 -999.0 -999.0} "" -999.0 -999.0 -999.0 -999.0 -999 -999 "" "" "" "" 0 0 0.0 0.0 -999 ""
FIBERMAP 140 R-4C12 BOSS 0 0 0 1 0 0 1.3439855169464705 -70.02452769618594 143.1 1.3439855169464705 -70.02452769618594 10.009774 169.99695 -999.0 -999.0 -999.0 -999.0 -999.0 -999.0 -999.0 -999.0 -999.0 -999.0 -999.0 -999.0 5400.0 -999.0 1 365 {-999.0 -999.0 -999.0 -999.0 -999.0} "" -999.0 -999.0 -999.0 -999.0 -999 -999 "" "" "" "" 0 0 0.0 0.0 -999 ""
FIBERMAP 140 R-4C12 METROLOGY 1 0 0 1 0 0 0.9979180492843313 -70.68591689923821 143.1 0.9979180492843313 -70.68591689923821 10.009774 169.99695 -999.0 -999.0 -999.0 -999.0 -999.0 -999.0 -999.0 -999.0 -999.0 -999.0 -999.0 -999.0 6231.0 -999.0 -1 -999 {-999.0 -999.0 -999.0 -999.0 -999.0} "" -999.0 -999.0 -999.0 -999.0 -999 -999 "" "" "" "" 0 0 0.0 0.0 -999 ""
FIBERMAP 142 R0C2 APOGEE 0 0 0 1 0 0 -267.8852943232787 7.507313689778803 143.1 -267.8852943232787 7.507313689778803 10.011456 169.98721 -999.0 -999.0 -999.0 -999.0 -999.0 -999.0 -999.0 -999.0 -999.0 -999.0 -999.0 -999.0 16600.0 -999.0 2 295 {-999.0 -999.0 -999.0 -999.0 -999.0} "" -999.0 -999.0 -999.0 -999.0 -999 -999 "" "" "" "" 0 0 0.0 0.0 -999 ""
FIBERMAP 142 R0C2 BOSS 0 0 0 1 0 0 -267.1452152389294 7.453060977710937 143.1 -267.1452152389294 7.453060977710937 10.011456 169.98721 -999.0 -999.0 -999.0 -999.0 -999.0 -999.0 -999.0 -999.0 -999.0 -999.0 -999.0 -999.0 5400.0 -999.0 1 423 {-999.0 -999.0 -999.0 -999.0 -999.0} "" -999.0 -999.0 -999.0 -999.0 -999 -999 "" "" "" "" 0 0 0.0 0.0 -999 ""
FIBERMAP 142 R0C2 METROLOGY 1 0 0 1 0 0 -267.56409129669 6.835113517788903 143.1 -267.56409129669 6.835113517788903 10.011456 169.98721 -999.0 -999.0 -999.0 -999.0 -999.0 -999.0 -999.0 -999.0 -999.0 -999.0 -999.0 -999.0 6231.0 -999.0 -1 -999 {-999.0 -999.0 -999.0 -999.0 -999.0} "" -999.0 -999.0 -999.0 -999.0 -999 -999 "" "" "" "" 0 0 0.0 0.0 -999 ""
FIBERMAP 144 R-4C4 APOGEE 0 0 0 1 0 0 -178.48653661303854 -70.08601971489743 143.1 -178.48653661303854 -70.08601971489743 10.010665 169.99788 -999.0 -999.0 -999.0 -999.0 -999.0 -999.0 -999.0 -999.0 -999.0 -999.0 -999.0 -999.0 16600.0 -999.0 2 -999 {-999.0 -999.0 -999.0 -999.0 -999.0} "" -999.0 -999.0 -999.0 -999.0 -999 -999 "" "" "" "" 0 0 0.0 0.0 -999 ""
FIBERMAP 144 R-4C4 BOSS 0 0 0 1 0 0 -177.73292093071214 -70.08223635234694 143.1 -177.73292093071214 -70.08223635234694 10.010665 169.99788 -999.0 -999.0 -999.0 -999.0 -999.0 -999.0 -999.0 -999.0 -999.0 -999.0 -999.0 -999.0 5400.0 -999.0 1 455 {-999.0 -999.0 -999.0 -999.0 -999.0} "" -999.0 -999.0 -999.0 -999.0 -999 -999 "" "" "" "" 0 0 0.0 0.0 -999 ""
FIBERMAP 144 R-4C4 METROLOGY 1 0 0 1 0 0 -178.1081354071974 -70.72903954968464 143.1 -178.1081354071974 -70.72903954968464 10.010665 169.99788 -999.0 -999.0 -999.0 -999.0 -999.0 -999.0 -999.0 -999.0 -999.0 -999.0 -999.0 -999.0 6231.0 -999.0 -1 -999 {-999.0 -999.0 -999.0 -999.0 -999.0} "" -999.0 -999.0 -999.0 -999.0 -999 -999 "" "" "" "" 0 0 0.0 0.0 -999 ""
FIBERMAP 146 R-8C5 APOGEE 0 0 0 1 0 0 -111.26000083322532 -147.72688403284855 143.1 -111.26000083322532 -147.72688403284855 10.004676 170.00716 -999.0 -999.0 -999.0 -999.0 -999.0 -999.0 -999.0 -999.0 -999.0 -999.0 -999.0 -999.0 16600.0 -999.0 2 265 {-999.0 -999.0 -999.0 -999.0 -999.0} "" -999.0 -999.0 -999.0 -999.0 -999 -999 "" "" "" "" 0 0 0.0 0.0 -999 ""
FIBERMAP 146 R-8C5 BOSS 0 0 0 1 0 0 -110.51163106643683 -147.71779608786176 143.1 -110.51163106643683 -147.71779608786176 10.004676 170.00716 -999.0 -999.0 -999.0 -999.0 -999.0 -999.0 -999.0 -999.0 -999.0 -999.0 -999.0 -999.0 5400.0 -999.0 1 480 {-999.0 -999.0 -999.0 -999.0 -999.0} "" -999.0 -999.0 -999.0 -999.0 -999 -999 "" "" "" "" 0 0 0.0 0.0 -999 ""
FIBERMAP 146 R-8C5 METROLOGY 1 0 0 1 0 0 -110.8809530685867 -148.37051277815726 143.1 -110.8809530685867 -148.37051277815726 10.004676 170.00716 -999.0 -999.0 -999.0 -999.0 -999.0 -999.0 -999.0 -999.0 -999.0 -999.0 -999.0 -999.0 6231.0 -999.0 -1 -999 {-999.0 -999.0 -999.0 -999.0 -999.0} "" -999.0 -999.0 -999.0 -999.0 -999 -999 "" "" "" "" 0 0 0.0 0.0 -999 ""
FIBERMAP 147 R-3C3 APOGEE 0 0 0 1 0 0 -212.0612141348177 -50.69795507899276 143.1 -212.0612141348177 -50.69795507899276 9.984426 170.01987 -999.0 -999.0 -999.0 -999.0 -999.0 -999.0 -999.0 -999.0 -999.0 -999.0 -999.0 -999.0 16600.0 -999.0 2 278 {-999.0 -999.0 -999.0 -999.0 -999.0} "" -999.0 -999.0 -999.0 -999.0 -999 -999 "" "" "" "" 0 0 0.0 0.0 -999 ""
FIBERMAP 147 R-3C3 BOSS 0 0 0 1 0 0 -211.30993196505014 -50.69425555687542 143.1 -211.30993196505014 -50.69425555687542 9.984426 170.01987 -999.0 -999.0 -999.0 -999.0 -999.0 -999.0 -999.0 -999.0 -999.0 -999.0 -999.0 -999.0 5400.0 -999.0 1 442 {-999.0 -999.0 -999.0 -999.0 -999.0} "" -999.0 -999.0 -999.0 -999.0 -999 -999 "" "" "" "" 0 0 0.0 0.0 -999 ""
FIBERMAP 147 R-3C3 METROLOGY 1 0 0 1 0 0 -211.7055576124392 -51.35578683078164 143.1 -211.7055576124392 -51.35578683078164 9.984426 170.01987 -999.0 -999.0 -999.0 -999.0 -999.0 -999.0 -999.0 -999.0 -999.0 -999.0 -999.0 -999.0 6231.0 -999.0 -1 -999 {-999.0 -999.0 -999.0 -999.0 -999.0} "" -999.0 -999.0 -999.0 -999.0 -999 -999 "" "" "" "" 0 0 0.0 0.0 -999 ""
FIBERMAP 148 R-10C10 APOGEE 0 0 0 1 0 0 23.176723120224082 -186.52580383121997 143.1 23.176723120224082 -186.52580383121997 10.010753 170.0262 -999.0 -999.0 -999.0 -999.0 -999.0 -999.0 -999.0 -999.0 -999.0 -999.0 -999.0 -999.0 16600.0 -999.0 2 -999 {-999.0 -999.0 -999.0 -999.0 -999.0} "" -999.0 -999.0 -999.0 -999.0 -999 -999 "" "" "" "" 0 0 0.0 0.0 -999 ""
FIBERMAP 148 R-10C10 BOSS 0 0 0 1 0 0 23.929038084646326 -186.53172698032824 143.1 23.929038084646326 -186.53172698032824 10.010753 170.0262 -999.0 -999.0 -999.0 -999.0 -999.0 -999.0 -999.0 -999.0 -999.0 -999.0 -999.0 -999.0 5400.0 -999.0 1 370 {-999.0 -999.0 -999.0 -999.0 -999.0} "" -999.0 -999.0 -999.0 -999.0 -999 -999 "" "" "" "" 0 0 0.0 0.0 -999 ""
FIBERMAP 148 R-10C10 METROLOGY 1 0 0 1 0 0 23.553411611093797 -187.1698284901874 143.1 23.553411611093797 -187.1698284901874 10.010753 170.0262 -999.0 -999.0 -999.0 -999.0 -999.0 -999.0 -999.0 -999.0 -999.0 -999.0 -999.0 -999.0 6231.0 -999.0 -1 -999 {-999.0 -999.0 -999.0 -999.0 -999.0} "" -999.0 -999.0 -999.0 -999.0 -999 -999 "" "" "" "" 0 0 0.0 0.0 -999 ""
FIBERMAP 153 R-7C3 APOGEE 0 0 0 1 0 0 -167.31977852220638 -128.27208624940982 143.1 -167.31977852220638 -128.27208624940982 10.000381 169.99579 -999.0 -999.0 -999.0 -999.0 -999.0 -999.0 -999.0 -999.0 -999.0 -999.0 -999.0 -999.0 16600.0 -999.0 2 300 {-999.0 -999.0 -999.0 -999.0 -999.0} "" -999.0 -999.0 -999.0 -999.0 -999 -999 "" "" "" "" 0 0 0.0 0.0 -999 ""
FIBERMAP 153 R-7C3 BOSS 0 0 0 1 0 0 -166.5863569396633 -128.25758559545613 143.1 -166.5863569396633 -128.25758559545613 10.000381 169.99579 -999.0 -999.0 -999.0 -999.0 -999.0 -999.0 -999.0 -999.0 -999.0 -999.0 -999.0 -999.0 5400.0 -999.0 1 446 {-999.0 -999.0 -999.0 -999.0 -999.0} "" -999.0 -999.0 -999.0 -999.0 -999 -999 "" "" "" "" 0 0 0.0 0.0 -999 ""
FIBERMAP 153 R-7C3 METROLOGY 1 0 0 1 0 0 -166.92750277817123 -128.91014125839519 143.1 -166.92750277817123 -128.91014125839519 10.000381 169.99579 -999.0 -999.0 -999.0 -999.0 -999.0 -999.0 -999.0 -999.0 -999.0 -999.0 -999.0 -999.0 6231.0 -999.0 -1 -999 {-999.0 -999.0 -999.0 -999.0 -999.0} "" -999.0 -999.0 -999.0 -999.0 -999 -999 "" "" "" "" 0 0 0.0 0.0 -999 ""
FIBERMAP 155 R-11C15 APOGEE 0 0 0 1 0 0 146.29025897266067 -205.88656446686787 143.1 146.29025897266067 -205.88656446686787 10.023949 169.98593 -999.0 -999.0 -999.0 -999.0 -999.0 -999.0 -999.0 -999.0 -999.0 -999.0 -999.0 -999.0 16600.0 -999.0 2 -999 {-999.0 -999.0 -999.0 -999.0 -999.0} "" -999.0 -999.0 -999.0 -999.0 -999 -999 "" "" "" "" 0 0 0.0 0.0 -999 ""
FIBERMAP 155 R-11C15 BOSS 0 0 0 1 0 0 147.0327140270391 -205.8666703708034 143.1 147.0327140270391 -205.8666703708034 10.023949 169.98593 -999.0 -999.0 -999.0 -999.0 -999.0 -999.0 -999.0 -999.0 -999.0 -999.0 -999.0 -999.0 5400.0 -999.0 1 267 {-999.0 -999.0 -999.0 -999.0 -999.0} "" -999.0 -999.0 -999.0 -999.0 -999 -999 "" "" "" "" 0 0 0.0 0.0 -999 ""
FIBERMAP 155 R-11C15 METROLOGY 1 0 0 1 0 0 146.67587404242076 -206.52528427905918 143.1 146.67587404242076 -206.52528427905918 10.023949 169.98593 -999.0 -999.0 -999.0 -999.0 -999.0 -999.0 -999.0 -999.0 -999.0 -999.0 -999.0 -999.0 6231.0 -999.0 -1 -999 {-999.0 -999.0 -999.0 -999.0 -999.0} "" -999.0 -999.0 -999.0 -999.0 -999 -999 "" "" "" "" 0 0 0.0 0.0 -999 ""
FIBERMAP 159 R-8C14 APOGEE 0 0 0 1 0 0 90.31890948232552 -147.80900810332267 143.1 90.31890948232552 -147.80900810332267 9.994462 169.99254 -999.0 -999.0 -999.0 -999.0 -999.0 -999.0 -999.0 -999.0 -999.0 -999.0 -999.0 -999.0 16600.0 -999.0 2 -999 {-999.0 -999.0 -999.0 -999.0 -999.0} "" -999.0 -999.0 -999.0 -999.0 -999 -999 "" "" "" "" 0 0 0.0 0.0 -999 ""
FIBERMAP 159 R-8C14 BOSS 0 0 0 1 0 0 91.06376953368473 -147.79851709772487 143.1 91.06376953368473 -147.79851709772487 9.994462 169.99254 -999.0 -999.0 -999.0 -999.0 -999.0 -999.0 -999.0 -999.0 -999.0 -999.0 -999.0 -999.0 5400.0 -999.0 1 327 {-999.0 -999.0 -999.0 -999.0 -999.0} "" -999.0 -999.0 -999.0 -999.0 -999 -999 "" "" "" "" 0 0 0.0 0.0 -999 ""
FIBERMAP 159 R-8C14 METROLOGY 1 0 0 1 0 0 90.70563495133815 -148.44705621446224 143.1 90.70563495133815 -148.44705621446224 9.994462 169.99254 -999.0 -999.0 -999.0 -999.0 -999.0 -999.0 -999.0 -999.0 -999.0 -999.0 -999.0 -999.0 6231.0 -999.0 -1 -999 {-999.0 -999.0 -999.0 -999.0 -999.0} "" -999.0 -999.0 -999.0 -999.0 -999 -999 "" "" "" "" 0 0 0.0 0.0 -999 ""
FIBERMAP 160 R+8C5 APOGEE 0 0 0 1 0 0 -111.50644526560289 162.88633413013483 143.1 -111.50644526560289 162.88633413013483 10.008155 170.01501 -999.0 -999.0 -999.0 -999.0 -999.0 -999.0 -999.0 -999.0 -999.0 -999.0 -999.0 -999.0 16600.0 -999.0 2 92 {-999.0 -999.0 -999.0 -999.0 -999.0} "" -999.0 -999.0 -999.0 -999.0 -999 -999 "" "" "" "" 0 0 0.0 0.0 -999 ""
FIBERMAP 160 R+8C5 BOSS 0 0 0 1 0 0 -110.76112480274995 162.91128945168202 143.1 -110.76112480274995 162.91128945168202 10.008155 170.01501 -999.0 -999.0 -999.0 -999.0 -999.0 -999.0 -999.0 -999.0 -999.0 -999.0 -999.0 -999.0 5400.0 -999.0 1 68 {-999.0 -999.0 -999.0 -999.0 -999.0} "" -999.0 -999.0 -999.0 -999.0 -999 -999 "" "" "" "" 0 0 0.0 0.0 -999 ""
FIBERMAP 160 R+8C5 METROLOGY 1 0 0 1 0 0 -111.11575359471082 162.24979703322992 143.1 -111.11575359471082 162.24979703322992 10.008155 170.01501 -999.0 -999.0 -999.0 -999.0 -999.0 -999.0 -999.0 -999.0 -999.0 -999.0 -999.0 -999.0 6231.0 -999.0 -1 -999 {-999.0 -999.0 -999.0 -999.0 -999.0} "" -999.0 -999.0 -999.0 -999.0 -999 -999 "" "" "" "" 0 0 0.0 0.0 -999 ""
FIBERMAP 162 R-9C14 APOGEE 0 0 0 1 0 0 101.49161606803513 -167.1857293773312 143.1 101.49161606803513 -167.1857293773312 9.994783 170.00824 -999.0 -999.0 -999.0 -999.0 -999.0 -999.0 -999.0 -999.0 -999.0 -999.0 -999.0 -999.0 16600.0 -999.0 2 192 {-999.0 -999.0 -999.0 -999.0 -999.0} "" -999.0 -999.0 -999.0 -999.0 -999 -999 "" "" "" "" 0 0 0.0 0.0 -999 ""
FIBERMAP 162 R-9C14 BOSS 0 0 0 1 0 0 102.22380107294524 -167.16017909777378 143.1 102.22380107294524 -167.16017909777378 9.994783 170.00824 -999.0 -999.0 -999.0 -999.0 -999.0 -999.0 -999.0 -999.0 -999.0 -999.0 -999.0 -999.0 5400.0 -999.0 1 328 {-999.0 -999.0 -999.0 -999.0 -999.0} "" -999.0 -999.0 -999.0 -999.0 -999 -999 "" "" "" "" 0 0 0.0 0.0 -999 ""
FIBERMAP 162 R-9C14 METROLOGY 1 0 0 1 0 0 101.87703586391025 -167.8210394262458 143.1 101.87703586391025 -167.8210394262458 9.994783 170.00824 -999.0 -999.0 -999.0 -999.0 -999.0 -999.0 -999.0 -999.0 -999.0 -999.0 -999.0 -999.0 6231.0 -999.0 -1 -999 {-999.0 -999.0 -999.0 -999.0 -999.0} "" -999.0 -999.0 -999.0 -999.0 -999 -999 "" "" "" "" 0 0 0.0 0.0 -999 ""
FIBERMAP 167 R-6C5 APOGEE 0 0 0 1 0 0 -134.06555310414961 -109.03657208735856 143.1 -134.06555310414961 -109.03657208735856 10.008432 170.0045 -999.0 -999.0 -999.0 -999.0 -999.0 -999.0 -999.0 -999.0 -999.0 -999.0 -999.0 -999.0 16600.0 -999.0 2 251 {-999.0 -999.0 -999.0 -999.0 -999.0} "" -999.0 -999.0 -999.0 -999.0 -999 -999 "" "" "" "" 0 0 0.0 0.0 -999 ""
FIBERMAP 167 R-6C5 BOSS 0 0 0 1 0 0 -133.3270767418435 -109.00540733343597 143.1 -133.3270767418435 -109.00540733343597 10.008432 170.0045 -999.0 -999.0 -999.0 -999.0 -999.0 -999.0 -999.0 -999.0 -999.0 -999.0 -999.0 -999.0 5400.0 -999.0 1 457 {-999.0 -999.0 -999.0 -999.0 -999.0} "" -999.0 -999.0 -999.0 -999.0 -999 -999 "" "" "" "" 0 0 0.0 0.0 -999 ""
FIBERMAP 167 R-6C5 METROLOGY 1 0 0 1 0 0 -133.67201993498594 -109.66449879871816 143.1 -133.67201993498594 -109.66449879871816 10.008432 170.0045 -999.0 -999.0 -999.0 -999.0 -999.0 -999.0 -999.0 -999.0 -999.0 -999.0 -999.0 -999.0 6231.0 -999.0 -1 -999 {-999.0 -999.0 -999.0 -999.0 -999.0} "" -999.0 -999.0 -999.0 -999.0 -999 -999 "" "" "" "" 0 0 0.0 0.0 -999 ""
FIBERMAP 170 R-2C20 APOGEE 0 0 0 1 0 0 157.13070533365928 -31.20907590469468 143.1 157.13070533365928 -31.20907590469468 10.004862 170.01129 -999.0 -999.0 -999.0 -999.0 -999.0 -999.0 -999.0 -999.0 -999.0 -999.0 -999.0 -999.0 16600.0 -999.0 2 -999 {-999.0 -999.0 -999.0 -999.0 -999.0} "" -999.0 -999.0 -999.0 -999.0 -999 -999 "" "" "" "" 0 0 0.0 0.0 -999 ""
FIBERMAP 170 R-2C20 BOSS 0 0 0 1 0 0 157.88493419510334 -31.198683039432012 143.1 157.88493419510334 -31.198683039432012 10.004862 170.01129 -999.0 -999.0 -999.0 -999.0 -999.0 -999.0 -999.0 -999.0 -999.0 -999.0 -999.0 -999.0 5400.0 -999.0 1 298 {-999.0 -999.0 -999.0 -999.0 -999.0} "" -999.0 -999.0 -999.0 -999.0 -999 -999 "" "" "" "" 0 0 0.0 0.0 -999 ""
FIBERMAP 170 R-2C20 METROLOGY 1 0 0 1 0 0 157.51434727857836 -31.848982803087324 143.1 157.51434727857836 -31.848982803087324 10.004862 170.01129 -999.0 -999.0 -999.0 -999.0 -999.0 -999.0 -999.0 -999.0 -999.0 -999.0 -999.0 -999.0 6231.0 -999.0 -1 -999 {-999.0 -999.0 -999.0 -999.0 -999.0} "" -999.0 -999.0 -999.0 -999.0 -999 -999 "" "" "" "" 0 0 0.0 0.0 -999 ""
FIBERMAP 171 R-12C7 APOGEE 0 0 0 1 0 0 -21.67369561401259 -225.32913983110893 143.1 -21.67369561401259 -225.32913983110893 9.993837 170.00958 -999.0 -999.0 -999.0 -999.0 -999.0 -999.0 -999.0 -999.0 -999.0 -999.0 -999.0 -999.0 16600.0 -999.0 2 -999 {-999.0 -999.0 -999.0 -999.0 -999.0} "" -999.0 -999.0 -999.0 -999.0 -999 -999 "" "" "" "" 0 0 0.0 0.0 -999 ""
FIBERMAP 171 R-12C7 BOSS 0 0 0 1 0 0 -20.933945594192856 -225.32171387301813 143.1 -20.933945594192856 -225.32171387301813 9.993837 170.00958 -999.0 -999.0 -999.0 -999.0 -999.0 -999.0 -999.0 -999.0 -999.0 -999.0 -999.0 -999.0 5400.0 -999.0 1 404 {-999.0 -999.0 -999.0 -999.0 -999.0} "" -999.0 -999.0 -999.0 -999.0 -999 -999 "" "" "" "" 0 0 0.0 0.0 -999 ""
FIBERMAP 171 R-12C7 METROLOGY 1 0 0 1 0 0 -21.288049304776866 -225.96784078201213 143.1 -21.288049304776866 -225.96784078201213 9.993837 170.00958 -999.0 -999.0 -999.0 -999.0 -999.0 -999.0 -999.0 -999.0 -999.0 -999.0 -999.0 -999.0 6231.0 -999.0 -1 -999 {-999.0 -999.0 -999.0 -999.0 -999.0} "" -999.0 -999.0 -999.0 -999.0 -999 -999 "" "" "" "" 0 0 0.0 0.0 -999 ""
FIBERMAP 177 R-4C3 APOGEE 0 0 0 1 0 0 -200.81141988638427 -70.049316408359 143.1 -200.81141988638427 -70.049316408359 9.990269 170.00877 -999.0 -999.0 -999.0 -999.0 -999.0 -999.0 -999.0 -999.0 -999.0 -999.0 -999.0 -999.0 16600.0 -999.0 2 286 {-999.0 -999.0 -999.0 -999.0 -999.0} "" -999.0 -999.0 -999.0 -999.0 -999 -999 "" "" "" "" 0 0 0.0 0.0 -999 ""
FIBERMAP 177 R-4C3 BOSS 0 0 0 1 0 0 -200.07504439869467 -70.04469494201248 143.1 -200.07504439869467 -70.04469494201248 9.990269 170.00877 -999.0 -999.0 -999.0 -999.0 -999.0 -999.0 -999.0 -999.0 -999.0 -999.0 -999.0 -999.0 5400.0 -999.0 1 443 {-999.0 -999.0 -999.0 -999.0 -999.0} "" -999.0 -999.0 -999.0 -999.0 -999 -999 "" "" "" "" 0 0 0.0 0.0 -999 ""
FIBERMAP 177 R-4C3 METROLOGY 1 0 0 1 0 0 -200.43620603105265 -70.70215161049296 143.1 -200.43620603105265 -70.70215161049296 9.990269 170.00877 -999.0 -999.0 -999.0 -999.0 -999.0 -999.0 -999.0 -999.0 -999.0 -999.0 -999.0 -999.0 6231.0 -999.0 -1 -999 {-999.0 -999.0 -999.0 -999.0 -999.0} "" -999.0 -999.0 -999.0 -999.0 -999 -999 "" "" "" "" 0 0 0.0 0.0 -999 ""
FIBERMAP 179 R-4C8 APOGEE 0 0 0 1 0 0 -88.81015204966292 -70.12293897173944 143.1 -88.81015204966292 -70.12293897173944 9.991745 170.01004 -999.0 -999.0 -999.0 -999.0 -999.0 -999.0 -999.0 -999.0 -999.0 -999.0 -999.0 -999.0 16600.0 -999.0 2 -999 {-999.0 -999.0 -999.0 -999.0 -999.0} "" -999.0 -999.0 -999.0 -999.0 -999 -999 "" "" "" "" 0 0 0.0 0.0 -999 ""
FIBERMAP 179 R-4C8 BOSS 0 0 0 1 0 0 -88.06602958484825 -70.11904594697106 143.1 -88.06602958484825 -70.11904594697106 9.991745 170.01004 -999.0 -999.0 -999.0 -999.0 -999.0 -999.0 -999.0 -999.0 -999.0 -999.0 -999.0 -999.0 5400.0 -999.0 1 461 {-999.0 -999.0 -999.0 -999.0 -999.0} "" -999.0 -999.0 -999.0 -999.0 -999 -999 "" "" "" "" 0 0 0.0 0.0 -999 ""
FIBERMAP 179 R-4C8 METROLOGY 1 0 0 1 0 0 -88.43177040180782 -70.76597031551537 143.1 -88.43177040180782 -70.76597031551537 9.991745 170.01004 -999.0 -999.0 -999.0 -999.0 -999.0 -999.0 -999.0 -999.0 -999.0 -999.0 -999.0 -999.0 6231.0 -999.0 -1 -999 {-999.0 -999.0 -999.0 -999.0 -999.0} "" -999.0 -999.0 -999.0 -999.0 -999 -999 "" "" "" "" 0 0 0.0 0.0 -999 ""
FIBERMAP 187 R-7C8 APOGEE 0 0 0 1 0 0 -55.27320161753623 -128.27404380460743 143.1 -55.27320161753623 -128.27404380460743 9.992117 169.99736 -999.0 -999.0 -999.0 -999.0 -999.0 -999.0 -999.0 -999.0 -999.0 -999.0 -999.0 -999.0 16600.0 -999.0 2 288 {-999.0 -999.0 -999.0 -999.0 -999.0} "" -999.0 -999.0 -999.0 -999.0 -999 -999 "" "" "" "" 0 0 0.0 0.0 -999 ""
FIBERMAP 187 R-7C8 BOSS 0 0 0 1 0 0 -54.53144145455462 -128.26419932683729 143.1 -54.53144145455462 -128.26419932683729 9.992117 169.99736 -999.0 -999.0 -999.0 -999.0 -999.0 -999.0 -999.0 -999.0 -999.0 -999.0 -999.0 -999.0 5400.0 -999.0 1 400 {-999.0 -999.0 -999.0 -999.0 -999.0} "" -999.0 -999.0 -999.0 -999.0 -999 -999 "" "" "" "" 0 0 0.0 0.0 -999 ""
FIBERMAP 187 R-7C8 METROLOGY 1 0 0 1 0 0 -54.8908960618358 -128.91680688983251 143.1 -54.8908960618358 -128.91680688983251 9.992117 169.99736 -999.0 -999.0 -999.0 -999.0 -999.0 -999.0 -999.0 -999.0 -999.0 -999.0 -999.0 -999.0 6231.0 -999.0 -1 -999 {-999.0 -999.0 -999.0 -999.0 -999.0} "" -999.0 -999.0 -999.0 -999.0 -999 -999 "" "" "" "" 0 0 0.0 0.0 -999 ""
FIBERMAP 188 R-1C2 APOGEE 0 0 0 1 0 0 -256.9295158137903 -11.911696185458638 143.1 -256.9295158137903 -11.911696185458638 9.98717 169.99432 -999.0 -999.0 -999.0 -999.0 -999.0 -999.0 -999.0 -999.0 -999.0 -999.0 -999.0 -999.0 16600.0 -999.0 2 -999 {-999.0 -999.0 -999.0 -999.0 -999.0} "" -999.0 -999.0 -999.0 -999.0 -999 -999 "" "" "" "" 0 0 0.0 0.0 -999 ""
FIBERMAP 188 R-1C2 BOSS 0 0 0 1 0 0 -256.1745995742333 -11.908759759793988 143.1 -256.1745995742333 -11.908759759793988 9.98717 169.99432 -999.0 -999.0 -999.0 -999.0 -999.0 -999.0 -999.0 -999.0 -999.0 -999.0 -999.0 -999.0 5400.0 -999.0 1 434 {-999.0 -999.0 -999.0 -999.0 -999.0} "" -999.0 -999.0 -999.0 -999.0 -999 -999 "" "" "" "" 0 0 0.0 0.0 -999 ""
FIBERMAP 188 R-1C2 METROLOGY 1 0 0 1 0 0 -256.5542466583652 -12.556548913993065 143.1 -256.5542466583652 -12.556548913993065 9.98717 169.99432 -999.0 -999.0 -999.0 -999.0 -999.0 -999.0 -999.0 -999.0 -999.0 -999.0 -999.0 -999.0 6231.0 -999.0 -1 -999 {-999.0 -999.0 -999.0 -999.0 -999.0} "" -999.0 -999.0 -999.0 -999.0 -999 -999 "" "" "" "" 0 0 0.0 0.0 -999 ""
FIBERMAP 189 R-5C5 APOGEE 0 0 0 1 0 0 -144.98622468661912 -89.55401014756043 143.1 -144.98622468661912 -89.55401014756043 9.990511 170.00375 -999.0 -999.0 -999.0 -999.0 -999.0 -999.0 -999.0 -999.0 -999.0 -999.0 -999.0 -999.0 16600.0 -999.0 2 263 {-999.0 -999.0 -999.0 -999.0 -999.0} "" -999.0 -999.0 -999.0 -999.0 -999 -999 "" "" "" "" 0 0 0.0 0.0 -999 ""
FIBERMAP 189 R-5C5 BOSS 0 0 0 1 0 0 -144.24347707250314 -89.55848574620177 143.1 -144.24347707250314 -89.55848574620177 9.990511 170.00375 -999.0 -999.0 -999.0 -999.0 -999.0 -999.0 -999.0 -999.0 -999.0 -999.0 -999.0 -999.0 5400.0 -999.0 1 458 {-999.0 -999.0 -999.0 -999.0 -999.0} "" -999.0 -999.0 -999.0 -999.0 -999 -999 "" "" "" "" 0 0 0.0 0.0 -999 ""
FIBERMAP 189 R-5C5 METROLOGY 1 0 0 1 0 0 -144.62188388533494 -90.20887058248637 143.1 -144.62188388533494 -90.20887058248637 9.990511 170.00375 -999.0 -999.0 -999.0 -999.0 -999.0 -999.0 -999.0 -999.0 -999.0 -999.0 -999.0 -999.0 6231.0 -999.0 -1 -999 {-999.0 -999.0 -999.0 -999.0 -999.0} "" -999.0 -999.0 -999.0 -999.0 -999 -999 "" "" "" "" 0 0 0.0 0.0 -999 ""
FIBERMAP 192 R+4C10 APOGEE 0 0 0 1 0 0 -44.19964217940148 85.20660559452058 143.1 -44.19964217940148 85.20660559452058 10.013864 170.01328 -999.0 -999.0 -999.0 -999.0 -999.0 -999.0 -999.0 -999.0 -999.0 -999.0 -999.0 -999.0 16600.0 -999.0 2 -999 {-999.0 -999.0 -999.0 -999.0 -999.0} "" -999.0 -999.0 -999.0 -999.0 -999 -999 "" "" "" "" 0 0 0.0 0.0 -999 ""
FIBERMAP 192 R+4C10 BOSS 0 0 0 1 0 0 -43.43190944002386 85.2070192887291 143.1 -43.43190944002386 85.2070192887291 10.013864 170.01328 -999.0 -999.0 -999.0 -999.0 -999.0 -999.0 -999.0 -999.0 -999.0 -999.0 -999.0 -999.0 5400.0 -999.0 1 74 {-999.0 -999.0 -999.0 -999.0 -999.0} "" -999.0 -999.0 -999.0 -999.0 -999 -999 "" "" "" "" 0 0 0.0 0.0 -999 ""
FIBERMAP 192 R+4C10 METROLOGY 1 0 0 1 0 0 -43.81529647020574 84.56712114878742 143.1 -43.81529647020574 84.56712114878742 10.013864 170.01328 -999.0 -999.0 -999.0 -999.0 -999.0 -999.0 -999.0 -999.0 -999.0 -999.0 -999.0 -999.0 6231.0 -999.0 -1 -999 {-999.0 -999.0 -999.0 -999.0 -999.0} "" -999.0 -999.0 -999.0 -999.0 -999 -999 "" "" "" "" 0 0 0.0 0.0 -999 ""
FIBERMAP 194 R-10C1 APOGEE 0 0 0 1 0 0 -178.4245608959764 -186.4347533684798 143.1 -178.4245608959764 -186.4347533684798 10.02163 170.02765 -999.0 -999.0 -999.0 -999.0 -999.0 -999.0 -999.0 -999.0 -999.0 -999.0 -999.0 -999.0 16600.0 -999.0 2 291 {-999.0 -999.0 -999.0 -999.0 -999.0} "" -999.0 -999.0 -999.0 -999.0 -999 -999 "" "" "" "" 0 0 0.0 0.0 -999 ""
FIBERMAP 194 R-10C1 BOSS 0 0 0 1 0 0 -177.67898050127226 -186.42030584047134 143.1 -177.67898050127226 -186.42030584047134 10.02163 170.02765 -999.0 -999.0 -999.0 -999.0 -999.0 -999.0 -999.0 -999.0 -999.0 -999.0 -999.0 -999.0 5400.0 -999.0 1 420 {-999.0 -999.0 -999.0 -999.0 -999.0} "" -999.0 -999.0 -999.0 -999.0 -999 -999 "" "" "" "" 0 0 0.0 0.0 -999 ""
FIBERMAP 194 R-10C1 METROLOGY 1 0 0 1 0 0 -178.0362721717615 -187.07611424297997 143.1 -178.0362721717615 -187.07611424297997 10.02163 170.02765 -999.0 -999.0 -999.0 -999.0 -999.0 -999.0 -999.0 -999.0 -999.0 -999.0 -999.0 -999.0 6231.0 -999.0 -1 -999 {-999.0 -999.0 -999.0 -999.0 -999.0} "" -999.0 -999.0 -999.0 -999.0 -999 -999 "" "" "" "" 0 0 0.0 0.0 -999 ""
FIBERMAP 199 R+10C9 APOGEE 0 0 0 1 0 0 0.5809153115744174 201.70263270435336 143.1 0.5809153115744174 201.70263270435336 10.009452 169.99925 -999.0 -999.0 -999.0 -999.0 -999.0 -999.0 -999.0 -999.0 -999.0 -999.0 -999.0 -999.0 16600.0 -999.0 2 -999 {-999.0 -999.0 -999.0 -999.0 -999.0} "" -999.0 -999.0 -999.0 -999.0 -999 -999 "" "" "" "" 0 0 0.0 0.0 -999 ""
FIBERMAP 199 R+10C9 BOSS 0 0 0 1 0 0 1.3311073886270401 201.71245205287826 143.1 1.3311073886270401 201.71245205287826 10.009452 169.99925 -999.0 -999.0 -999.0 -999.0 -999.0 -999.0 -999.0 -999.0 -999.0 -999.0 -999.0 -999.0 5400.0 -999.0 1 121 {-999.0 -999.0 -999.0 -999.0 -999.0} "" -999.0 -999.0 -999.0 -999.0 -999 -999 "" "" "" "" 0 0 0.0 0.0 -999 ""
FIBERMAP 199 R+10C9 METROLOGY 1 0 0 1 0 0 0.9632755854316009 201.06195915137363 143.1 0.9632755854316009 201.06195915137363 10.009452 169.99925 -999.0 -999.0 -999.0 -999.0 -999.0 -999.0 -999.0 -999.0 -999.0 -999.0 -999.0 -999.0 6231.0 -999.0 -1 -999 {-999.0 -999.0 -999.0 -999.0 -999.0} "" -999.0 -999.0 -999.0 -999.0 -999 -999 "" "" "" "" 0 0 0.0 0.0 -999 ""
FIBERMAP 200 R+7C19 APOGEE 0 0 0 1 0 0 191.18674354680797 143.34943227307613 143.1 191.18674354680797 143.34943227307613 9.995597 169.99576 -999.0 -999.0 -999.0 -999.0 -999.0 -999.0 -999.0 -999.0 -999.0 -999.0 -999.0 -999.0 16600.0 -999.0 2 -999 {-999.0 -999.0 -999.0 -999.0 -999.0} "" -999.0 -999.0 -999.0 -999.0 -999 -999 "" "" "" "" 0 0 0.0 0.0 -999 ""
FIBERMAP 200 R+7C19 BOSS 0 0 0 1 0 0 191.93536616862013 143.34353429881824 143.1 191.93536616862013 143.34353429881824 9.995597 169.99576 -999.0 -999.0 -999.0 -999.0 -999.0 -999.0 -999.0 -999.0 -999.0 -999.0 -999.0 -999.0 5400.0 -999.0 1 238 {-999.0 -999.0 -999.0 -999.0 -999.0} "" -999.0 -999.0 -999.0 -999.0 -999 -999 "" "" "" "" 0 0 0.0 0.0 -999 ""
FIBERMAP 200 R+7C19 METROLOGY 1 0 0 1 0 0 191.55908571095142 142.70288506419442 143.1 191.55908571095142 142.70288506419442 9.995597 169.99576 -999.0 -999.0 -999.0 -999.0 -999.0 -999.0 -999.0 -999.0 -999.0 -999.0 -999.0 -999.0 6231.0 -999.0 -1 -999 {-999.0 -999.0 -999.0 -999.0 -999.0} "" -999.0 -999.0 -999.0 -999.0 -999 -999 "" "" "" "" 0 0 0.0 0.0 -999 ""
FIBERMAP 202 R-10C6 APOGEE 0 0 0 1 0 0 -66.34005859674505 -186.34861417565304 143.1 -66.34005859674505 -186.34861417565304 10.013212 169.99084 -999.0 -999.0 -999.0 -999.0 -999.0 -999.0 -999.0 -999.0 -999.0 -999.0 -999.0 -999.0 16600.0 -999.0 2 -999 {-999.0 -999.0 -999.0 -999.0 -999.0} "" -999.0 -999.0 -999.0 -999.0 -999 -999 "" "" "" "" 0 0 0.0 0.0 -999 ""
FIBERMAP 202 R-10C6 BOSS 0 0 0 1 0 0 -65.59283188487753 -186.3476794086027 143.1 -65.59283188487753 -186.3476794086027 10.013212 169.99084 -999.0 -999.0 -999.0 -999.0 -999.0 -999.0 -999.0 -999.0 -999.0 -999.0 -999.0 -999.0 5400.0 -999.0 1 391 {-999.0 -999.0 -999.0 -999.0 -999.0} "" -999.0 -999.0 -999.0 -999.0 -999 -999 "" "" "" "" 0 0 0.0 0.0 -999 ""
FIBERMAP 202 R-10C6 METROLOGY 1 0 0 1 0 0 -65.96153113484509 -186.99155969519526 143.1 -65.96153113484509 -186.99155969519526 10.013212 169.99084 -999.0 -999.0 -999.0 -999.0 -999.0 -999.0 -999.0 -999.0 -999.0 -999.0 -999.0 -999.0 6231.0 -999.0 -1 -999 {-999.0 -999.0 -999.0 -999.0 -999.0} "" -999.0 -999.0 -999.0 -999.0 -999 -999 "" "" "" "" 0 0 0.0 0.0 -999 ""
FIBERMAP 204 R-3C18 APOGEE 0 0 0 1 0 0 122.8004751950369 -50.81378471733438 143.1 122.8004751950369 -50.81378471733438 10.015263 169.99799 -999.0 -999.0 -999.0 -999.0 -999.0 -999.0 -999.0 -999.0 -999.0 -999.0 -999.0 -999.0 16600.0 -999.0 2 224 {-999.0 -999.0 -999.0 -999.0 -999.0} "" -999.0 -999.0 -999.0 -999.0 -999 -999 "" "" "" "" 0 0 0.0 0.0 -999 ""
FIBERMAP 204 R-3C18 BOSS 0 0 0 1 0 0 123.5294934422957 -50.73708760732474 143.1 123.5294934422957 -50.73708760732474 10.015263 169.99799 -999.0 -999.0 -999.0 -999.0 -999.0 -999.0 -999.0 -999.0 -999.0 -999.0 -999.0 -999.0 5400.0 -999.0 1 293 {-999.0 -999.0 -999.0 -999.0 -999.0} "" -999.0 -999.0 -999.0 -999.0 -999 -999 "" "" "" "" 0 0 0.0 0.0 -999 ""
FIBERMAP 204 R-3C18 METROLOGY 1 0 0 1 0 0 123.22823284561913 -51.42417421694715 143.1 123.22823284561913 -51.42417421694715 10.015263 169.99799 -999.0 -999.0 -999.0 -999.0 -999.0 -999.0 -999.0 -999.0 -999.0 -999.0 -999.0 -999.0 6231.0 -999.0 -1 -999 {-999.0 -999.0 -999.0 -999.0 -999.0} "" -999.0 -999.0 -999.0 -999.0 -999 -999 "" "" "" "" 0 0 0.0 0.0 -999 ""
FIBERMAP 208 R-7C5 APOGEE 0 0 0 1 0 0 -122.74265016119902 -128.32674856994646 143.1 -122.74265016119902 -128.32674856994646 9.999101 170.00307 -999.0 -999.0 -999.0 -999.0 -999.0 -999.0 -999.0 -999.0 -999.0 -999.0 -999.0 -999.0 16600.0 -999.0 2 253 {-999.0 -999.0 -999.0 -999.0 -999.0} "" -999.0 -999.0 -999.0 -999.0 -999 -999 "" "" "" "" 0 0 0.0 0.0 -999 ""
FIBERMAP 208 R-7C5 BOSS 0 0 0 1 0 0 -121.99899052307521 -128.29387950878723 143.1 -121.99899052307521 -128.29387950878723 9.999101 170.00307 -999.0 -999.0 -999.0 -999.0 -999.0 -999.0 -999.0 -999.0 -999.0 -999.0 -999.0 -999.0 5400.0 -999.0 1 451 {-999.0 -999.0 -999.0 -999.0 -999.0} "" -999.0 -999.0 -999.0 -999.0 -999 -999 "" "" "" "" 0 0 0.0 0.0 -999 ""
FIBERMAP 208 R-7C5 METROLOGY 1 0 0 1 0 0 -122.35061753029676 -128.96071645898593 143.1 -122.35061753029676 -128.96071645898593 9.999101 170.00307 -999.0 -999.0 -999.0 -999.0 -999.0 -999.0 -999.0 -999.0 -999.0 -999.0 -999.0 -999.0 6231.0 -999.0 -1 -999 {-999.0 -999.0 -999.0 -999.0 -999.0} "" -999.0 -999.0 -999.0 -999.0 -999 -999 "" "" "" "" 0 0 0.0 0.0 -999 ""
FIBERMAP 214 R-11C5 APOGEE 0 0 0 1 0 0 -77.79300206077586 -205.90589110863647 143.1 -77.79300206077586 -205.90589110863647 10.01885 170.00479 -999.0 -999.0 -999.0 -999.0 -999.0 -999.0 -999.0 -999.0 -999.0 -999.0 -999.0 -999.0 16600.0 -999.0 2 153 {-999.0 -999.0 -999.0 -999.0 -999.0} "" -999.0 -999.0 -999.0 -999.0 -999 -999 "" "" "" "" 0 0 0.0 0.0 -999 ""
FIBERMAP 214 R-11C5 BOSS 0 0 0 1 0 0 -77.05557179126585 -205.88116108055374 143.1 -77.05557179126585 -205.88116108055374 10.01885 170.00479 -999.0 -999.0 -999.0 -999.0 -999.0 -999.0 -999.0 -999.0 -999.0 -999.0 -999.0 -999.0 5400.0 -999.0 1 392 {-999.0 -999.0 -999.0 -999.0 -999.0} "" -999.0 -999.0 -999.0 -999.0 -999 -999 "" "" "" "" 0 0 0.0 0.0 -999 ""
FIBERMAP 214 R-11C5 METROLOGY 1 0 0 1 0 0 -77.39061583303875 -206.53838142787018 143.1 -77.39061583303875 -206.53838142787018 10.01885 170.00479 -999.0 -999.0 -999.0 -999.0 -999.0 -999.0 -999.0 -999.0 -999.0 -999.0 -999.0 -999.0 6231.0 -999.0 -1 -999 {-999.0 -999.0 -999.0 -999.0 -999.0} "" -999.0 -999.0 -999.0 -999.0 -999 -999 "" "" "" "" 0 0 0.0 0.0 -999 ""
FIBERMAP 215 R-10C15 APOGEE 0 0 0 1 0 0 134.9210816636005 -186.51657003001247 143.1 134.9210816636005 -186.51657003001247 10.028837 170.00204 -999.0 -999.0 -999.0 -999.0 -999.0 -999.0 -999.0 -999.0 -999.0 -999.0 -999.0 -999.0 16600.0 -999.0 2 237 {-999.0 -999.0 -999.0 -999.0 -999.0} "" -999.0 -999.0 -999.0 -999.0 -999 -999 "" "" "" "" 0 0 0.0 0.0 -999 ""
FIBERMAP 215 R-10C15 BOSS 0 0 0 1 0 0 135.66211341780144 -186.4829415209548 143.1 135.66211341780144 -186.4829415209548 10.028837 170.00204 -999.0 -999.0 -999.0 -999.0 -999.0 -999.0 -999.0 -999.0 -999.0 -999.0 -999.0 -999.0 5400.0 -999.0 1 266 {-999.0 -999.0 -999.0 -999.0 -999.0} "" -999.0 -999.0 -999.0 -999.0 -999 -999 "" "" "" "" 0 0 0.0 0.0 -999 ""
FIBERMAP 215 R-10C15 METROLOGY 1 0 0 1 0 0 135.31982687201298 -187.14529108319348 143.1 135.31982687201298 -187.14529108319348 10.028837 170.00204 -999.0 -999.0 -999.0 -999.0 -999.0 -999.0 -999.0 -999.0 -999.0 -999.0 -999.0 -999.0 6231.0 -999.0 -1 -999 {-999.0 -999.0 -999.0 -999.0 -999.0} "" -999.0 -999.0 -999.0 -999.0 -999 -999 "" "" "" "" 0 0 0.0 0.0 -999 ""
FIBERMAP 222 R-12C12 APOGEE 0 0 0 1 0 0 90.38070850510282 -225.28166760703203 143.1 90.38070850510282 -225.28166760703203 10.015719 169.99228 -999.0 -999.0 -999.0 -999.0 -999.0 -999.0 -999.0 -999.0 -999.0 -999.0 -999.0 -999.0 16600.0 -999.0 2 -999 {-999.0 -999.0 -999.0 -999.0 -999.0} "" -999.0 -999.0 -999.0 -999.0 -999 -999 "" "" "" "" 0 0 0.0 0.0 -999 ""
FIBERMAP 222 R-12C12 BOSS 0 0 0 1 0 0 91.13937495885816 -225.2743794456296 143.1 91.13937495885816 -225.2743794456296 10.015719 169.99228 -999.0 -999.0 -999.0 -999.0 -999.0 -999.0 -999.0 -999.0 -999.0 -999.0 -999.0 -999.0 5400.0 -999.0 1 343 {-999.0 -999.0 -999.0 -999.0 -999.0} "" -999.0 -999.0 -999.0 -999.0 -999 -999 "" "" "" "" 0 0 0.0 0.0 -999 ""
FIBERMAP 222 R-12C12 METROLOGY 1 0 0 1 0 0 90.76058303206912 -225.92381815345703 143.1 90.76058303206912 -225.92381815345703 10.015719 169.99228 -999.0 -999.0 -999.0 -999.0 -999.0 -999.0 -999.0 -999.0 -999.0 -999.0 -999.0 -999.0 6231.0 -999.0 -1 -999 {-999.0 -999.0 -999.0 -999.0 -999.0} "" -999.0 -999.0 -999.0 -999.0 -999 -999 "" "" "" "" 0 0 0.0 0.0 -999 ""
FIBERMAP 228 R+13C11 APOGEE 0 0 0 1 0 0 78.9100666107155 259.7271473693066 143.1 78.9100666107155 259.7271473693066 10.006433 169.99936 -999.0 -999.0 -999.0 -999.0 -999.0 -999.0 -999.0 -999.0 -999.0 -999.0 -999.0 -999.0 16600.0 -999.0 2 53 {-999.0 -999.0 -999.0 -999.0 -999.0} "" -999.0 -999.0 -999.0 -999.0 -999 -999 "" "" "" "" 0 0 0.0 0.0 -999 ""
FIBERMAP 228 R+13C11 BOSS 0 0 0 1 0 0 79.65207299284647 259.75994958320547 143.1 79.65207299284647 259.75994958320547 10.006433 169.99936 -999.0 -999.0 -999.0 -999.0 -999.0 -999.0 -999.0 -999.0 -999.0 -999.0 -999.0 -999.0 5400.0 -999.0 1 163 {-999.0 -999.0 -999.0 -999.0 -999.0} "" -999.0 -999.0 -999.0 -999.0 -999 -999 "" "" "" "" 0 0 0.0 0.0 -999 ""
FIBERMAP 228 R+13C11 METROLOGY 1 0 0 1 0 0 79.31260318029108 259.09682416337984 143.1 79.31260318029108 259.09682416337984 10.006433 169.99936 -999.0 -999.0 -999.0 -999.0 -999.0 -999.0 -999.0 -999.0 -999.0 -999.0 -999.0 -999.0 6231.0 -999.0 -1 -999 {-999.0 -999.0 -999.0 -999.0 -999.0} "" -999.0 -999.0 -999.0 -999.0 -999 -999 "" "" "" "" 0 0 0.0 0.0 -999 ""
FIBERMAP 233 R+4C4 APOGEE 0 0 0 1 0 0 -178.64834123496206 85.06188951036124 143.1 -178.64834123496206 85.06188951036124 10.002146 170.01106 -999.0 -999.0 -999.0 -999.0 -999.0 -999.0 -999.0 -999.0 -999.0 -999.0 -999.0 -999.0 16600.0 -999.0 2 -999 {-999.0 -999.0 -999.0 -999.0 -999.0} "" -999.0 -999.0 -999.0 -999.0 -999 -999 "" "" "" "" 0 0 0.0 0.0 -999 ""
FIBERMAP 233 R+4C4 BOSS 0 0 0 1 0 0 -177.91552108216464 85.07726430231567 143.1 -177.91552108216464 85.07726430231567 10.002146 170.01106 -999.0 -999.0 -999.0 -999.0 -999.0 -999.0 -999.0 -999.0 -999.0 -999.0 -999.0 -999.0 5400.0 -999.0 1 36 {-999.0 -999.0 -999.0 -999.0 -999.0} "" -999.0 -999.0 -999.0 -999.0 -999 -999 "" "" "" "" 0 0 0.0 0.0 -999 ""
FIBERMAP 233 R+4C4 METROLOGY 1 0 0 1 0 0 -178.26341356090887 84.42275520032945 143.1 -178.26341356090887 84.42275520032945 10.002146 170.01106 -999.0 -999.0 -999.0 -999.0 -999.0 -999.0 -999.0 -999.0 -999.0 -999.0 -999.0 -999.0 6231.0 -999.0 -1 -999 {-999.0 -999.0 -999.0 -999.0 -999.0} "" -999.0 -999.0 -999.0 -999.0 -999 -999 "" "" "" "" 0 0 0.0 0.0 -999 ""
FIBERMAP 238 R-5C3 APOGEE 0 0 0 1 0 0 -189.77962836931928 -89.55625531739956 143.1 -189.77962836931928 -89.55625531739956 10.008355 169.99323 -999.0 -999.0 -999.0 -999.0 -999.0 -999.0 -999.0 -999.0 -999.0 -999.0 -999.0 -999.0 16600.0 -999.0 2 290 {-999.0 -999.0 -999.0 -999.0 -999.0} "" -999.0 -999.0 -999.0 -999.0 -999 -999 "" "" "" "" 0 0 0.0 0.0 -999 ""
FIBERMAP 238 R-5C3 BOSS 0 0 0 1 0 0 -189.04401306674052 -89.54454909420998 143.1 -189.04401306674052 -89.54454909420998 10.008355 169.99323 -999.0 -999.0 -999.0 -999.0 -999.0 -999.0 -999.0 -999.0 -999.0 -999.0 -999.0 -999.0 5400.0 -999.0 1 444 {-999.0 -999.0 -999.0 -999.0 -999.0} "" -999.0 -999.0 -999.0 -999.0 -999 -999 "" "" "" "" 0 0 0.0 0.0 -999 ""
FIBERMAP 238 R-5C3 METROLOGY 1 0 0 1 0 0 -189.3971489480116 -90.19938941329009 143.1 -189.3971489480116 -90.19938941329009 10.008355 169.99323 -999.0 -999.0 -999.0 -999.0 -999.0 -999.0 -999.0 -999.0 -999.0 -999.0 -999.0 -999.0 6231.0 -999.0 -1 -999 {-999.0 -999.0 -999.0 -999.0 -999.0} "" -999.0 -999.0 -999.0 -999.0 -999 -999 "" "" "" "" 0 0 0.0 0.0 -999 ""
FIBERMAP 240 R-13C13 APOGEE 0 0 0 1 0 0 123.95611891116164 -244.50152152832504 143.1 123.95611891116164 -244.50152152832504 10.010986 170.02328 -999.0 -999.0 -999.0 -999.0 -999.0 -999.0 -999.0 -999.0 -999.0 -999.0 -999.0 -999.0 16600.0 -999.0 2 176 {-999.0 -999.0 -999.0 -999.0 -999.0} "" -999.0 -999.0 -999.0 -999.0 -999 -999 "" "" "" "" 0 0 0.0 0.0 -999 ""
FIBERMAP 240 R-13C13 BOSS 0 0 0 1 0 0 124.70233396643646 -244.50859039455835 143.1 124.70233396643646 -244.50859039455835 10.010986 170.02328 -999.0 -999.0 -999.0 -999.0 -999.0 -999.0 -999.0 -999.0 -999.0 -999.0 -999.0 -999.0 5400.0 -999.0 1 345 {-999.0 -999.0 -999.0 -999.0 -999.0} "" -999.0 -999.0 -999.0 -999.0 -999 -999 "" "" "" "" 0 0 0.0 0.0 -999 ""
FIBERMAP 240 R-13C13 METROLOGY 1 0 0 1 0 0 124.32415449836147 -245.14739832412252 143.1 124.32415449836147 -245.14739832412252 10.010986 170.02328 -999.0 -999.0 -999.0 -999.0 -999.0 -999.0 -999.0 -999.0 -999.0 -999.0 -999.0 -999.0 6231.0 -999.0 -1 -999 {-999.0 -999.0 -999.0 -999.0 -999.0} "" -999.0 -999.0 -999.0 -999.0 -999 -999 "" "" "" "" 0 0 0.0 0.0 -999 ""
FIBERMAP 245 R-9C16 APOGEE 0 0 0 1 0 0 146.23014318501902 -167.0978045551925 143.1 146.23014318501902 -167.0978045551925 10.016542 170.00667 -999.0 -999.0 -999.0 -999.0 -999.0 -999.0 -999.0 -999.0 -999.0 -999.0 -999.0 -999.0 16600.0 -999.0 2 193 {-999.0 -999.0 -999.0 -999.0 -999.0} "" -999.0 -999.0 -999.0 -999.0 -999 -999 "" "" "" "" 0 0 0.0 0.0 -999 ""
FIBERMAP 245 R-9C16 BOSS 0 0 0 1 0 0 146.9720870769184 -167.09836691041275 143.1 146.9720870769184 -167.09836691041275 10.016542 170.00667 -999.0 -999.0 -999.0 -999.0 -999.0 -999.0 -999.0 -999.0 -999.0 -999.0 -999.0 -999.0 5400.0 -999.0 1 308 {-999.0 -999.0 -999.0 -999.0 -999.0} "" -999.0 -999.0 -999.0 -999.0 -999 -999 "" "" "" "" 0 0 0.0 0.0 -999 ""
FIBERMAP 245 R-9C16 METROLOGY 1 0 0 1 0 0 146.60282360719052 -167.74255077831498 143.1 146.60282360719052 -167.74255077831498 10.016542 170.00667 -999.0 -999.0 -999.0 -999.0 -999.0 -999.0 -999.0 -999.0 -999.0 -999.0 -999.0 -999.0 6231.0 -999.0 -1 -999 {-999.0 -999.0 -999.0 -999.0 -999.0} "" -999.0 -999.0 -999.0 -999.0 -999 -999 "" "" "" "" 0 0 0.0 0.0 -999 ""
FIBERMAP 251 R-9C13 APOGEE 0 0 0 1 0 0 79.16039962455515 -167.24516007245217 143.1 79.16039962455515 -167.24516007245217 10.0184555 169.99966 -999.0 -999.0 -999.0 -999.0 -999.0 -999.0 -999.0 -999.0 -999.0 -999.0 -999.0 -999.0 16600.0 -999.0 2 172 {-999.0 -999.0 -999.0 -999.0 -999.0} "" -999.0 -999.0 -999.0 -999.0 -999 -999 "" "" "" "" 0 0 0.0 0.0 -999 ""
FIBERMAP 251 R-9C13 BOSS 0 0 0 1 0 0 79.89822411462404 -167.2467632880583 143.1 79.89822411462404 -167.2467632880583 10.0184555 169.99966 -999.0 -999.0 -999.0 -999.0 -999.0 -999.0 -999.0 -999.0 -999.0 -999.0 -999.0 -999.0 5400.0 -999.0 1 397 {-999.0 -999.0 -999.0 -999.0 -999.0} "" -999.0 -999.0 -999.0 -999.0 -999 -999 "" "" "" "" 0 0 0.0 0.0 -999 ""
FIBERMAP 251 R-9C13 METROLOGY 1 0 0 1 0 0 79.52360620428384 -167.89593923557757 143.1 79.52360620428384 -167.89593923557757 10.0184555 169.99966 -999.0 -999.0 -999.0 -999.0 -999.0 -999.0 -999.0 -999.0 -999.0 -999.0 -999.0 -999.0 6231.0 -999.0 -1 -999 {-999.0 -999.0 -999.0 -999.0 -999.0} "" -999.0 -999.0 -999.0 -999.0 -999 -999 "" "" "" "" 0 0 0.0 0.0 -999 ""
FIBERMAP 256 R-3C17 APOGEE 0 0 0 1 0 0 101.2867556241645 -50.72252974612171 143.1 101.2867556241645 -50.72252974612171 10.0098715 170.01193 -999.0 -999.0 -999.0 -999.0 -999.0 -999.0 -999.0 -999.0 -999.0 -999.0 -999.0 -999.0 16600.0 -999.0 2 -999 {-999.0 -999.0 -999.0 -999.0 -999.0} "" -999.0 -999.0 -999.0 -999.0 -999 -999 "" "" "" "" 0 0 0.0 0.0 -999 ""
FIBERMAP 256 R-3C17 BOSS 0 0 0 1 0 0 102.03524100294182 -50.70019188423022 143.1 102.03524100294182 -50.70019188423022 10.0098715 170.01193 -999.0 -999.0 -999.0 -999.0 -999.0 -999.0 -999.0 -999.0 -999.0 -999.0 -999.0 -999.0 5400.0 -999.0 1 302 {-999.0 -999.0 -999.0 -999.0 -999.0} "" -999.0 -999.0 -999.0 -999.0 -999 -999 "" "" "" "" 0 0 0.0 0.0 -999 ""
FIBERMAP 256 R-3C17 METROLOGY 1 0 0 1 0 0 101.68661993050064 -51.35242697347718 143.1 101.68661993050064 -51.35242697347718 10.0098715 170.01193 -999.0 -999.0 -999.0 -999.0 -999.0 -999.0 -999.0 -999.0 -999.0 -999.0 -999.0 -999.0 6231.0 -999.0 -1 -999 {-999.0 -999.0 -999.0 -999.0 -999.0} "" -999.0 -999.0 -999.0 -999.0 -999 -999 "" "" "" "" 0 0 0.0 0.0 -999 ""
FIBERMAP 260 R+3C9 APOGEE 0 0 0 1 0 0 -77.9988515665123 65.70987850707722 143.1 -77.9988515665123 65.70987850707722 10.009379 170.0084 -999.0 -999.0 -999.0 -999.0 -999.0 -999.0 -999.0 -999.0 -999.0 -999.0 -999.0 -999.0 16600.0 -999.0 2 121 {-999.0 -999.0 -999.0 -999.0 -999.0} "" -999.0 -999.0 -999.0 -999.0 -999 -999 "" "" "" "" 0 0 0.0 0.0 -999 ""
FIBERMAP 260 R+3C9 BOSS 0 0 0 1 0 0 -77.26962721680471 65.71738017179278 143.1 -77.26962721680471 65.71738017179278 10.009379 170.0084 -999.0 -999.0 -999.0 -999.0 -999.0 -999.0 -999.0 -999.0 -999.0 -999.0 -999.0 -999.0 5400.0 -999.0 1 32 {-999.0 -999.0 -999.0 -999.0 -999.0} "" -999.0 -999.0 -999.0 -999.0 -999 -999 "" "" "" "" 0 0 0.0 0.0 -999 ""
FIBERMAP 260 R+3C9 METROLOGY 1 0 0 1 0 0 -77.61681977386205 65.06155229522321 143.1 -77.61681977386205 65.06155229522321 10.009379 170.0084 -999.0 -999.0 -999.0 -999.0 -999.0 -999.0 -999.0 -999.0 -999.0 -999.0 -999.0 -999.0 6231.0 -999.0 -1 -999 {-999.0 -999.0 -999.0 -999.0 -999.0} "" -999.0 -999.0 -999.0 -999.0 -999 -999 "" "" "" "" 0 0 0.0 0.0 -999 ""
FIBERMAP 261 R+4C15 APOGEE 0 0 0 1 0 0 67.76923401831905 85.22179357575418 143.1 67.76923401831905 85.22179357575418 10.007456 169.99815 -999.0 -999.0 -999.0 -999.0 -999.0 -999.0 -999.0 -999.0 -999.0 -999.0 -999.0 -999.0 16600.0 -999.0 2 65 {-999.0 -999.0 -999.0 -999.0 -999.0} "" -999.0 -999.0 -999.0 -999.0 -999 -999 "" "" "" "" 0 0 0.0 0.0 -999 ""
FIBERMAP 261 R+4C15 BOSS 0 0 0 1 0 0 68.50817793838752 85.24837917458999 143.1 68.50817793838752 85.24837917458999 10.007456 169.99815 -999.0 -999.0 -999.0 -999.0 -999.0 -999.0 -999.0 -999.0 -999.0 -999.0 -999.0 -999.0 5400.0 -999.0 1 212 {-999.0 -999.0 -999.0 -999.0 -999.0} "" -999.0 -999.0 -999.0 -999.0 -999 -999 "" "" "" "" 0 0 0.0 0.0 -999 ""
FIBERMAP 261 R+4C15 METROLOGY 1 0 0 1 0 0 68.17096730872957 84.58621905890635 143.1 68.17096730872957 84.58621905890635 10.007456 169.99815 -999.0 -999.0 -999.0 -999.0 -999.0 -999.0 -999.0 -999.0 -999.0 -999.0 -999.0 -999.0 6231.0 -999.0 -1 -999 {-999.0 -999.0 -999.0 -999.0 -999.0} "" -999.0 -999.0 -999.0 -999.0 -999 -999 "" "" "" "" 0 0 0.0 0.0 -999 ""
FIBERMAP 264 R+10C3 APOGEE 0 0 0 1 0 0 -133.8888790765916 201.5035118230357 143.1 -133.8888790765916 201.5035118230357 10.012361 170.00008 -999.0 -999.0 -999.0 -999.0 -999.0 -999.0 -999.0 -999.0 -999.0 -999.0 -999.0 -999.0 16600.0 -999.0 2 136 {-999.0 -999.0 -999.0 -999.0 -999.0} "" -999.0 -999.0 -999.0 -999.0 -999 -999 "" "" "" "" 0 0 0.0 0.0 -999 ""
FIBERMAP 264 R+10C3 BOSS 0 0 0 1 0 0 -133.14601531466022 201.5167731105835 143.1 -133.14601531466022 201.5167731105835 10.012361 170.00008 -999.0 -999.0 -999.0 -999.0 -999.0 -999.0 -999.0 -999.0 -999.0 -999.0 -999.0 -999.0 5400.0 -999.0 1 16 {-999.0 -999.0 -999.0 -999.0 -999.0} "" -999.0 -999.0 -999.0 -999.0 -999 -999 "" "" "" "" 0 0 0.0 0.0 -999 ""
FIBERMAP 264 R+10C3 METROLOGY 1 0 0 1 0 0 -133.50268620731472 200.86089152910586 143.1 -133.50268620731472 200.86089152910586 10.012361 170.00008 -999.0 -999.0 -999.0 -999.0 -999.0 -999.0 -999.0 -999.0 -999.0 -999.0 -999.0 -999.0 6231.0 -999.0 -1 -999 {-999.0 -999.0 -999.0 -999.0 -999.0} "" -999.0 -999.0 -999.0 -999.0 -999 -999 "" "" "" "" 0 0 0.0 0.0 -999 ""
FIBERMAP 285 R-8C18 APOGEE 0 0 0 1 0 0 180.0161830183689 -147.56184398478797 143.1 180.0161830183689 -147.56184398478797 10.019421 169.9997 -999.0 -999.0 -999.0 -999.0 -999.0 -999.0 -999.0 -999.0 -999.0 -999.0 -999.0 -999.0 16600.0 -999.0 2 -999 {-999.0 -999.0 -999.0 -999.0 -999.0} "" -999.0 -999.0 -999.0 -999.0 -999 -999 "" "" "" "" 0 0 0.0 0.0 -999 ""
FIBERMAP 285 R-8C18 BOSS 0 0 0 1 0 0 180.7483961016399 -147.55143090892858 143.1 180.7483961016399 -147.55143090892858 10.019421 169.9997 -999.0 -999.0 -999.0 -999.0 -999.0 -999.0 -999.0 -999.0 -999.0 -999.0 -999.0 -999.0 5400.0 -999.0 1 319 {-999.0 -999.0 -999.0 -999.0 -999.0} "" -999.0 -999.0 -999.0 -999.0 -999 -999 "" "" "" "" 0 0 0.0 0.0 -999 ""
FIBERMAP 285 R-8C18 METROLOGY 1 0 0 1 0 0 180.39415106672044 -148.20511852566236 143.1 180.39415106672044 -148.20511852566236 10.019421 169.9997 -999.0 -999.0 -999.0 -999.0 -999.0 -999.0 -999.0 -999.0 -999.0 -999.0 -999.0 -999.0 6231.0 -999.0 -1 -999 {-999.0 -999.0 -999.0 -999.0 -999.0} "" -999.0 -999.0 -999.0 -999.0 -999 -999 "" "" "" "" 0 0 0.0 0.0 -999 ""
FIBERMAP 288 R-1C7 APOGEE 0 0 0 1 0 0 -145.03404747932797 -11.922533592738924 143.1 -145.03404747932797 -11.922533592738924 10.003519 169.99757 -999.0 -999.0 -999.0 -999.0 -999.0 -999.0 -999.0 -999.0 -999.0 -999.0 -999.0 -999.0 16600.0 -999.0 2 247 {-999.0 -999.0 -999.0 -999.0 -999.0} "" -999.0 -999.0 -999.0 -999.0 -999 -999 "" "" "" "" 0 0 0.0 0.0 -999 ""
FIBERMAP 288 R-1C7 BOSS 0 0 0 1 0 0 -144.29136399177253 -11.880526991758101 143.1 -144.29136399177253 -11.880526991758101 10.003519 169.99757 -999.0 -999.0 -999.0 -999.0 -999.0 -999.0 -999.0 -999.0 -999.0 -999.0 -999.0 -999.0 5400.0 -999.0 1 483 {-999.0 -999.0 -999.0 -999.0 -999.0} "" -999.0 -999.0 -999.0 -999.0 -999 -999 "" "" "" "" 0 0 0.0 0.0 -999 ""
FIBERMAP 288 R-1C7 METROLOGY 1 0 0 1 0 0 -144.63015986808938 -12.549488743272518 143.1 -144.63015986808938 -12.549488743272518 10.003519 169.99757 -999.0 -999.0 -999.0 -999.0 -999.0 -999.0 -999.0 -999.0 -999.0 -999.0 -999.0 -999.0 6231.0 -999.0 -1 -999 {-999.0 -999.0 -999.0 -999.0 -999.0} "" -999.0 -999.0 -999.0 -999.0 -999 -999 "" "" "" "" 0 0 0.0 0.0 -999 ""
FIBERMAP 289 R-11C12 APOGEE 0 0 0 1 0 0 78.98044725438204 -205.81247117788695 143.1 78.98044725438204 -205.81247117788695 9.999055 170.02136 -999.0 -999.0 -999.0 -999.0 -999.0 -999.0 -999.0 -999.0 -999.0 -999.0 -999.0 -999.0 16600.0 -999.0 2 175 {-999.0 -999.0 -999.0 -999.0 -999.0} "" -999.0 -999.0 -999.0 -999.0 -999 -999 "" "" "" "" 0 0 0.0 0.0 -999 ""
FIBERMAP 289 R-11C12 BOSS 0 0 0 1 0 0 79.71603150187329 -205.81169376343706 143.1 79.71603150187329 -205.81169376343706 9.999055 170.02136 -999.0 -999.0 -999.0 -999.0 -999.0 -999.0 -999.0 -999.0 -999.0 -999.0 -999.0 -999.0 5400.0 -999.0 1 394 {-999.0 -999.0 -999.0 -999.0 -999.0} "" -999.0 -999.0 -999.0 -999.0 -999 -999 "" "" "" "" 0 0 0.0 0.0 -999 ""
FIBERMAP 289 R-11C12 METROLOGY 1 0 0 1 0 0 79.35455400603801 -206.45595551696937 143.1 79.35455400603801 -206.45595551696937 9.999055 170.02136 -999.0 -999.0 -999.0 -999.0 -999.0 -999.0 -999.0 -999.0 -999.0 -999.0 -999.0 -999.0 6231.0 -999.0 -1 -999 {-999.0 -999.0 -999.0 -999.0 -999.0} "" -999.0 -999.0 -999.0 -999.0 -999 -999 "" "" "" "" 0 0 0.0 0.0 -999 ""
FIBERMAP 293 R-11C16 APOGEE 0 0 0 1 0 0 168.63636375517797 -205.74177588772355 143.1 168.63636375517797 -205.74177588772355 9.987696 170.00006 -999.0 -999.0 -999.0 -999.0 -999.0 -999.0 -999.0 -999.0 -999.0 -999.0 -999.0 -999.0 16600.0 -999.0 2 218 {-999.0 -999.0 -999.0 -999.0 -999.0} "" -999.0 -999.0 -999.0 -999.0 -999 -999 "" "" "" "" 0 0 0.0 0.0 -999 ""
FIBERMAP 293 R-11C16 BOSS 0 0 0 1 0 0 169.37204085823242 -205.7319418829014 143.1 169.37204085823242 -205.7319418829014 9.987696 170.00006 -999.0 -999.0 -999.0 -999.0 -999.0 -999.0 -999.0 -999.0 -999.0 -999.0 -999.0 -999.0 5400.0 -999.0 1 259 {-999.0 -999.0 -999.0 -999.0 -999.0} "" -999.0 -999.0 -999.0 -999.0 -999 -999 "" "" "" "" 0 0 0.0 0.0 -999 ""
FIBERMAP 293 R-11C16 METROLOGY 1 0 0 1 0 0 169.00814837633536 -206.38540904394614 143.1 169.00814837633536 -206.38540904394614 9.987696 170.00006 -999.0 -999.0 -999.0 -999.0 -999.0 -999.0 -999.0 -999.0 -999.0 -999.0 -999.0 -999.0 6231.0 -999.0 -1 -999 {-999.0 -999.0 -999.0 -999.0 -999.0} "" -999.0 -999.0 -999.0 -999.0 -999 -999 "" "" "" "" 0 0 0.0 0.0 -999 ""
FIBERMAP 296 R+3C13 APOGEE 0 0 0 1 0 0 11.855165257943257 65.6882473431816 143.1 11.855165257943257 65.6882473431816 10.002577 170.00305 -999.0 -999.0 -999.0 -999.0 -999.0 -999.0 -999.0 -999.0 -999.0 -999.0 -999.0 -999.0 16600.0 -999.0 2 5 {-999.0 -999.0 -999.0 -999.0 -999.0} "" -999.0 -999.0 -999.0 -999.0 -999 -999 "" "" "" "" 0 0 0.0 0.0 -999 ""
FIBERMAP 296 R+3C13 BOSS 0 0 0 1 0 0 12.583655022162656 65.68281167588384 143.1 12.583655022162656 65.68281167588384 10.002577 170.00305 -999.0 -999.0 -999.0 -999.0 -999.0 -999.0 -999.0 -999.0 -999.0 -999.0 -999.0 -999.0 5400.0 -999.0 1 106 {-999.0 -999.0 -999.0 -999.0 -999.0} "" -999.0 -999.0 -999.0 -999.0 -999 -999 "" "" "" "" 0 0 0.0 0.0 -999 ""
FIBERMAP 296 R+3C13 METROLOGY 1 0 0 1 0 0 12.250010507534194 65.02466657704858 143.1 12.250010507534194 65.02466657704858 10.002577 170.00305 -999.0 -999.0 -999.0 -999.0 -999.0 -999.0 -999.0 -999.0 -999.0 -999.0 -999.0 -999.0 6231.0 -999.0 -1 -999 {-999.0 -999.0 -999.0 -999.0 -999.0} "" -999.0 -999.0 -999.0 -999.0 -999 -999 "" "" "" "" 0 0 0.0 0.0 -999 ""
FIBERMAP 298 R-12C13 APOGEE 0 0 0 1 0 0 112.69533560034617 -225.23463142086092 143.1 112.69533560034617 -225.23463142086092 10.005481 170.04414 -999.0 -999.0 -999.0 -999.0 -999.0 -999.0 -999.0 -999.0 -999.0 -999.0 -999.0 -999.0 16600.0 -999.0 2 -999 {-999.0 -999.0 -999.0 -999.0 -999.0} "" -999.0 -999.0 -999.0 -999.0 -999 -999 "" "" "" "" 0 0 0.0 0.0 -999 ""
FIBERMAP 298 R-12C13 BOSS 0 0 0 1 0 0 113.43309815335564 -225.2253633070962 143.1 113.43309815335564 -225.2253633070962 10.005481 170.04414 -999.0 -999.0 -999.0 -999.0 -999.0 -999.0 -999.0 -999.0 -999.0 -999.0 -999.0 -999.0 5400.0 -999.0 1 344 {-999.0 -999.0 -999.0 -999.0 -999.0} "" -999.0 -999.0 -999.0 -999.0 -999 -999 "" "" "" "" 0 0 0.0 0.0 -999 ""
FIBERMAP 298 R-12C13 METROLOGY 1 0 0 1 0 0 113.07690150638898 -225.87577839298004 143.1 113.07690150638898 -225.87577839298004 10.005481 170.04414 -999.0 -999.0 -999.0 -999.0 -999.0 -999.0 -999.0 -999.0 -999.0 -999.0 -999.0 -999.0 6231.0 -999.0 -1 -999 {-999.0 -999.0 -999.0 -999.0 -999.0} "" -999.0 -999.0 -999.0 -999.0 -999 -999 "" "" "" "" 0 0 0.0 0.0 -999 ""
FIBERMAP 302 R-2C21 APOGEE 0 0 0 1 0 0 179.83454063400248 -31.2922100474456 143.1 179.83454063400248 -31.2922100474456 10.0197735 169.99496 -999.0 -999.0 -999.0 -999.0 -999.0 -999.0 -999.0 -999.0 -999.0 -999.0 -999.0 -999.0 16600.0 -999.0 2 228 {-999.0 -999.0 -999.0 -999.0 -999.0} "" -999.0 -999.0 -999.0 -999.0 -999 -999 "" "" "" "" 0 0 0.0 0.0 -999 ""
FIBERMAP 302 R-2C21 BOSS 0 0 0 1 0 0 180.57547556738675 -31.28504568945077 143.1 180.57547556738675 -31.28504568945077 10.0197735 169.99496 -999.0 -999.0 -999.0 -999.0 -999.0 -999.0 -999.0 -999.0 -999.0 -999.0 -999.0 -999.0 5400.0 -999.0 1 284 {-999.0 -999.0 -999.0 -999.0 -999.0} "" -999.0 -999.0 -999.0 -999.0 -999 -999 "" "" "" "" 0 0 0.0 0.0 -999 ""
FIBERMAP 302 R-2C21 METROLOGY 1 0 0 1 0 0 180.2125327080152 -31.937204504568122 143.1 180.2125327080152 -31.937204504568122 10.0197735 169.99496 -999.0 -999.0 -999.0 -999.0 -999.0 -999.0 -999.0 -999.0 -999.0 -999.0 -999.0 -999.0 6231.0 -999.0 -1 -999 {-999.0 -999.0 -999.0 -999.0 -999.0} "" -999.0 -999.0 -999.0 -999.0 -999 -999 "" "" "" "" 0 0 0.0 0.0 -999 ""
FIBERMAP 307 R0C7 APOGEE 0 0 0 1 0 0 -155.89882968338017 7.528783044916734 143.1 -155.89882968338017 7.528783044916734 10.0161085 170.0123 -999.0 -999.0 -999.0 -999.0 -999.0 -999.0 -999.0 -999.0 -999.0 -999.0 -999.0 -999.0 16600.0 -999.0 2 250 {-999.0 -999.0 -999.0 -999.0 -999.0} "" -999.0 -999.0 -999.0 -999.0 -999 -999 "" "" "" "" 0 0 0.0 0.0 -999 ""
FIBERMAP 307 R0C7 BOSS 0 0 0 1 0 0 -155.16167360490206 7.527108192862137 143.1 -155.16167360490206 7.527108192862137 10.0161085 170.0123 -999.0 -999.0 -999.0 -999.0 -999.0 -999.0 -999.0 -999.0 -999.0 -999.0 -999.0 -999.0 5400.0 -999.0 1 493 {-999.0 -999.0 -999.0 -999.0 -999.0} "" -999.0 -999.0 -999.0 -999.0 -999 -999 "" "" "" "" 0 0 0.0 0.0 -999 ""
FIBERMAP 307 R0C7 METROLOGY 1 0 0 1 0 0 -155.53206601799573 6.878202243364571 143.1 -155.53206601799573 6.878202243364571 10.0161085 170.0123 -999.0 -999.0 -999.0 -999.0 -999.0 -999.0 -999.0 -999.0 -999.0 -999.0 -999.0 -999.0 6231.0 -999.0 -1 -999 {-999.0 -999.0 -999.0 -999.0 -999.0} "" -999.0 -999.0 -999.0 -999.0 -999 -999 "" "" "" "" 0 0 0.0 0.0 -999 ""
FIBERMAP 310 R+1C8 APOGEE 0 0 0 1 0 0 -122.52074123231601 26.907516615479707 143.1 -122.52074123231601 26.907516615479707 10.006654 169.99939 -999.0 -999.0 -999.0 -999.0 -999.0 -999.0 -999.0 -999.0 -999.0 -999.0 -999.0 -999.0 16600.0 -999.0 2 -999 {-999.0 -999.0 -999.0 -999.0 -999.0} "" -999.0 -999.0 -999.0 -999.0 -999 -999 "" "" "" "" 0 0 0.0 0.0 -999 ""
FIBERMAP 310 R+1C8 BOSS 0 0 0 1 0 0 -121.77533869147103 26.916359264211422 143.1 -121.77533869147103 26.916359264211422 10.006654 169.99939 -999.0 -999.0 -999.0 -999.0 -999.0 -999.0 -999.0 -999.0 -999.0 -999.0 -999.0 -999.0 5400.0 -999.0 1 46 {-999.0 -999.0 -999.0 -999.0 -999.0} "" -999.0 -999.0 -999.0 -999.0 -999 -999 "" "" "" "" 0 0 0.0 0.0 -999 ""
FIBERMAP 310 R+1C8 METROLOGY 1 0 0 1 0 0 -122.14578578978724 26.262481425253732 143.1 -122.14578578978724 26.262481425253732 10.006654 169.99939 -999.0 -999.0 -999.0 -999.0 -999.0 -999.0 -999.0 -999.0 -999.0 -999.0 -999.0 -999.0 6231.0 -999.0 -1 -999 {-999.0 -999.0 -999.0 -999.0 -999.0} "" -999.0 -999.0 -999.0 -999.0 -999 -999 "" "" "" "" 0 0 0.0 0.0 -999 ""
FIBERMAP 322 R+11C6 APOGEE 0 0 0 1 0 0 -55.459858334938254 221.00920191174768 143.1 -55.459858334938254 221.00920191174768 10.010214 170.00992 -999.0 -999.0 -999.0 -999.0 -999.0 -999.0 -999.0 -999.0 -999.0 -999.0 -999.0 -999.0 16600.0 -999.0 2 4 {-999.0 -999.0 -999.0 -999.0 -999.0} "" -999.0 -999.0 -999.0 -999.0 -999 -999 "" "" "" "" 0 0 0.0 0.0 -999 ""
FIBERMAP 322 R+11C6 BOSS 0 0 0 1 0 0 -54.720940532642274 221.0131139635873 143.1 -54.720940532642274 221.0131139635873 10.010214 170.00992 -999.0 -999.0 -999.0 -999.0 -999.0 -999.0 -999.0 -999.0 -999.0 -999.0 -999.0 -999.0 5400.0 -999.0 1 143 {-999.0 -999.0 -999.0 -999.0 -999.0} "" -999.0 -999.0 -999.0 -999.0 -999 -999 "" "" "" "" 0 0 0.0 0.0 -999 ""
FIBERMAP 322 R+11C6 METROLOGY 1 0 0 1 0 0 -55.07991991770466 220.35345389613795 143.1 -55.07991991770466 220.35345389613795 10.010214 170.00992 -999.0 -999.0 -999.0 -999.0 -999.0 -999.0 -999.0 -999.0 -999.0 -999.0 -999.0 -999.0 6231.0 -999.0 -1 -999 {-999.0 -999.0 -999.0 -999.0 -999.0} "" -999.0 -999.0 -999.0 -999.0 -999 -999 "" "" "" "" 0 0 0.0 0.0 -999 ""
FIBERMAP 325 R+6C4 APOGEE 0 0 0 1 0 0 -156.11034114803948 123.95329416052954 143.1 -156.11034114803948 123.95329416052954 9.997534 170.02429 -999.0 -999.0 -999.0 -999.0 -999.0 -999.0 -999.0 -999.0 -999.0 -999.0 -999.0 -999.0 16600.0 -999.0 2 -999 {-999.0 -999.0 -999.0 -999.0 -999.0} "" -999.0 -999.0 -999.0 -999.0 -999 -999 "" "" "" "" 0 0 0.0 0.0 -999 ""
FIBERMAP 325 R+6C4 BOSS 0 0 0 1 0 0 -155.35504391696958 123.95967393922591 143.1 -155.35504391696958 123.95967393922591 9.997534 170.02429 -999.0 -999.0 -999.0 -999.0 -999.0 -999.0 -999.0 -999.0 -999.0 -999.0 -999.0 -999.0 5400.0 -999.0 1 38 {-999.0 -999.0 -999.0 -999.0 -999.0} "" -999.0 -999.0 -999.0 -999.0 -999 -999 "" "" "" "" 0 0 0.0 0.0 -999 ""
FIBERMAP 325 R+6C4 METROLOGY 1 0 0 1 0 0 -155.73111730930623 123.31075913374251 143.1 -155.73111730930623 123.31075913374251 9.997534 170.02429 -999.0 -999.0 -999.0 -999.0 -999.0 -999.0 -999.0 -999.0 -999.0 -999.0 -999.0 -999.0 6231.0 -999.0 -1 -999 {-999.0 -999.0 -999.0 -999.0 -999.0} "" -999.0 -999.0 -999.0 -999.0 -999 -999 "" "" "" "" 0 0 0.0 0.0 -999 ""
FIBERMAP 333 R+12C2 APOGEE 0 0 0 1 0 0 -133.73187678250855 240.18203751909343 143.1 -133.73187678250855 240.18203751909343 9.994303 169.99454 -999.0 -999.0 -999.0 -999.0 -999.0 -999.0 -999.0 -999.0 -999.0 -999.0 -999.0 -999.0 16600.0 -999.0 2 132 {-999.0 -999.0 -999.0 -999.0 -999.0} "" -999.0 -999.0 -999.0 -999.0 -999 -999 "" "" "" "" 0 0 0.0 0.0 -999 ""
FIBERMAP 333 R+12C2 BOSS 0 0 0 1 0 0 -132.99493096371464 240.1822444204555 143.1 -132.99493096371464 240.1822444204555 9.994303 169.99454 -999.0 -999.0 -999.0 -999.0 -999.0 -999.0 -999.0 -999.0 -999.0 -999.0 -999.0 -999.0 5400.0 -999.0 1 6 {-999.0 -999.0 -999.0 -999.0 -999.0} "" -999.0 -999.0 -999.0 -999.0 -999 -999 "" "" "" "" 0 0 0.0 0.0 -999 ""
FIBERMAP 333 R+12C2 METROLOGY 1 0 0 1 0 0 -133.35588266093626 239.53156502670237 143.1 -133.35588266093626 239.53156502670237 9.994303 169.99454 -999.0 -999.0 -999.0 -999.0 -999.0 -999.0 -999.0 -999.0 -999.0 -999.0 -999.0 -999.0 6231.0 -999.0 -1 -999 {-999.0 -999.0 -999.0 -999.0 -999.0} "" -999.0 -999.0 -999.0 -999.0 -999 -999 "" "" "" "" 0 0 0.0 0.0 -999 ""
FIBERMAP 343 R+11C1 APOGEE 0 0 0 1 0 0 -167.09901264415183 220.81922710075042 143.1 -167.09901264415183 220.81922710075042 10.014139 170.03381 -999.0 -999.0 -999.0 -999.0 -999.0 -999.0 -999.0 -999.0 -999.0 -999.0 -999.0 -999.0 16600.0 -999.0 2 139 {-999.0 -999.0 -999.0 -999.0 -999.0} "" -999.0 -999.0 -999.0 -999.0 -999 -999 "" "" "" "" 0 0 0.0 0.0 -999 ""
FIBERMAP 343 R+11C1 BOSS 0 0 0 1 0 0 -166.36998399526038 220.81642419940897 143.1 -166.36998399526038 220.81642419940897 10.014139 170.03381 -999.0 -999.0 -999.0 -999.0 -999.0 -999.0 -999.0 -999.0 -999.0 -999.0 -999.0 -999.0 5400.0 -999.0 1 9 {-999.0 -999.0 -999.0 -999.0 -999.0} "" -999.0 -999.0 -999.0 -999.0 -999 -999 "" "" "" "" 0 0 0.0 0.0 -999 ""
FIBERMAP 343 R+11C1 METROLOGY 1 0 0 1 0 0 -166.73873683582926 220.1718372171821 143.1 -166.73873683582926 220.1718372171821 10.014139 170.03381 -999.0 -999.0 -999.0 -999.0 -999.0 -999.0 -999.0 -999.0 -999.0 -999.0 -999.0 -999.0 6231.0 -999.0 -1 -999 {-999.0 -999.0 -999.0 -999.0 -999.0} "" -999.0 -999.0 -999.0 -999.0 -999 -999 "" "" "" "" 0 0 0.0 0.0 -999 ""
FIBERMAP 361 R+13C14 APOGEE 0 0 0 1 0 0 146.20107722420755 259.8104275300231 143.1 146.20107722420755 259.8104275300231 10.008751 170.00476 -999.0 -999.0 -999.0 -999.0 -999.0 -999.0 -999.0 -999.0 -999.0 -999.0 -999.0 -999.0 16600.0 -999.0 2 98 {-999.0 -999.0 -999.0 -999.0 -999.0} "" -999.0 -999.0 -999.0 -999.0 -999 -999 "" "" "" "" 0 0 0.0 0.0 -999 ""
FIBERMAP 361 R+13C14 BOSS 0 0 0 1 0 0 146.9369058094099 259.8095389905214 143.1 146.9369058094099 259.8095389905214 10.008751 170.00476 -999.0 -999.0 -999.0 -999.0 -999.0 -999.0 -999.0 -999.0 -999.0 -999.0 -999.0 -999.0 5400.0 -999.0 1 90 {-999.0 -999.0 -999.0 -999.0 -999.0} "" -999.0 -999.0 -999.0 -999.0 -999 -999 "" "" "" "" 0 0 0.0 0.0 -999 ""
FIBERMAP 361 R+13C14 METROLOGY 1 0 0 1 0 0 146.5743926732993 259.1612388596104 143.1 146.5743926732993 259.1612388596104 10.008751 170.00476 -999.0 -999.0 -999.0 -999.0 -999.0 -999.0 -999.0 -999.0 -999.0 -999.0 -999.0 -999.0 6231.0 -999.0 -1 -999 {-999.0 -999.0 -999.0 -999.0 -999.0} "" -999.0 -999.0 -999.0 -999.0 -999 -999 "" "" "" "" 0 0 0.0 0.0 -999 ""
FIBERMAP 368 R-8C2 APOGEE 0 0 0 1 0 0 -178.26056648520523 -147.71353944042485 143.1 -178.26056648520523 -147.71353944042485 9.999823 169.99016 -999.0 -999.0 -999.0 -999.0 -999.0 -999.0 -999.0 -999.0 -999.0 -999.0 -999.0 -999.0 16600.0 -999.0 2 -999 {-999.0 -999.0 -999.0 -999.0 -999.0} "" -999.0 -999.0 -999.0 -999.0 -999 -999 "" "" "" "" 0 0 0.0 0.0 -999 ""
FIBERMAP 368 R-8C2 BOSS 0 0 0 1 0 0 -177.42244064814238 -147.77403874652805 143.1 -177.42244064814238 -147.77403874652805 9.999823 169.99016 -999.0 -999.0 -999.0 -999.0 -999.0 -999.0 -999.0 -999.0 -999.0 -999.0 -999.0 -999.0 5400.0 -999.0 1 489 {-999.0 -999.0 -999.0 -999.0 -999.0} "" -999.0 -999.0 -999.0 -999.0 -999 -999 "" "" "" "" 0 0 0.0 0.0 -999 ""
FIBERMAP 368 R-8C2 METROLOGY 1 0 0 1 0 0 -177.89066250683905 -148.36148467522534 143.1 -177.89066250683905 -148.36148467522534 9.999823 169.99016 -999.0 -999.0 -999.0 -999.0 -999.0 -999.0 -999.0 -999.0 -999.0 -999.0 -999.0 -999.0 6231.0 -999.0 -1 -999 {-999.0 -999.0 -999.0 -999.0 -999.0} "" -999.0 -999.0 -999.0 -999.0 -999 -999 "" "" "" "" 0 0 0.0 0.0 -999 ""
FIBERMAP 372 R+12C4 APOGEE 0 0 0 1 0 0 -89.00790170013774 240.33959918928304 143.1 -89.00790170013774 240.33959918928304 9.987912 170.00356 -999.0 -999.0 -999.0 -999.0 -999.0 -999.0 -999.0 -999.0 -999.0 -999.0 -999.0 -999.0 16600.0 -999.0 2 -999 {-999.0 -999.0 -999.0 -999.0 -999.0} "" -999.0 -999.0 -999.0 -999.0 -999 -999 "" "" "" "" 0 0 0.0 0.0 -999 ""
FIBERMAP 372 R+12C4 BOSS 0 0 0 1 0 0 -88.2726184917816 240.36181626085786 143.1 -88.2726184917816 240.36181626085786 9.987912 170.00356 -999.0 -999.0 -999.0 -999.0 -999.0 -999.0 -999.0 -999.0 -999.0 -999.0 -999.0 -999.0 5400.0 -999.0 1 93 {-999.0 -999.0 -999.0 -999.0 -999.0} "" -999.0 -999.0 -999.0 -999.0 -999 -999 "" "" "" "" 0 0 0.0 0.0 -999 ""
FIBERMAP 372 R+12C4 METROLOGY 1 0 0 1 0 0 -88.62150850725868 239.70134980149757 143.1 -88.62150850725868 239.70134980149757 9.987912 170.00356 -999.0 -999.0 -999.0 -999.0 -999.0 -999.0 -999.0 -999.0 -999.0 -999.0 -999.0 -999.0 6231.0 -999.0 -1 -999 {-999.0 -999.0 -999.0 -999.0 -999.0} "" -999.0 -999.0 -999.0 -999.0 -999 -999 "" "" "" "" 0 0 0.0 0.0 -999 ""
FIBERMAP 373 R-8C13 APOGEE 0 0 0 1 0 0 67.85935959067442 -147.64867121585718 143.1 67.85935959067442 -147.64867121585718 10.014481 170.01598 -999.0 -999.0 -999.0 -999.0 -999.0 -999.0 -999.0 -999.0 -999.0 -999.0 -999.0 -999.0 16600.0 -999.0 2 -999 {-999.0 -999.0 -999.0 -999.0 -999.0} "" -999.0 -999.0 -999.0 -999.0 -999 -999 "" "" "" "" 0 0 0.0 0.0 -999 ""
FIBERMAP 373 R-8C13 BOSS 0 0 0 1 0 0 68.60003550265357 -147.6416342623384 143.1 68.60003550265357 -147.6416342623384 10.014481 170.01598 -999.0 -999.0 -999.0 -999.0 -999.0 -999.0 -999.0 -999.0 -999.0 -999.0 -999.0 -999.0 5400.0 -999.0 1 353 {-999.0 -999.0 -999.0 -999.0 -999.0} "" -999.0 -999.0 -999.0 -999.0 -999 -999 "" "" "" "" 0 0 0.0 0.0 -999 ""
FIBERMAP 373 R-8C13 METROLOGY 1 0 0 1 0 0 68.24832018116167 -148.28535923958594 143.1 68.24832018116167 -148.28535923958594 10.014481 170.01598 -999.0 -999.0 -999.0 -999.0 -999.0 -999.0 -999.0 -999.0 -999.0 -999.0 -999.0 -999.0 6231.0 -999.0 -1 -999 {-999.0 -999.0 -999.0 -999.0 -999.0} "" -999.0 -999.0 -999.0 -999.0 -999 -999 "" "" "" "" 0 0 0.0 0.0 -999 ""
FIBERMAP 375 R+2C25 APOGEE 0 0 0 1 0 0 269.0331579724228 46.31888091867063 143.1 269.0331579724228 46.31888091867063 9.990867 170.00757 -999.0 -999.0 -999.0 -999.0 -999.0 -999.0 -999.0 -999.0 -999.0 -999.0 -999.0 -999.0 16600.0 -999.0 2 57 {-999.0 -999.0 -999.0 -999.0 -999.0} "" -999.0 -999.0 -999.0 -999.0 -999 -999 "" "" "" "" 0 0 0.0 0.0 -999 ""
FIBERMAP 375 R+2C25 BOSS 0 0 0 1 0 0 269.7693311420127 46.33152428502532 143.1 269.7693311420127 46.33152428502532 9.990867 170.00757 -999.0 -999.0 -999.0 -999.0 -999.0 -999.0 -999.0 -999.0 -999.0 -999.0 -999.0 -999.0 5400.0 -999.0 1 176 {-999.0 -999.0 -999.0 -999.0 -999.0} "" -999.0 -999.0 -999.0 -999.0 -999 -999 "" "" "" "" 0 0 0.0 0.0 -999 ""
FIBERMAP 375 R+2C25 METROLOGY 1 0 0 1 0 0 269.41676724923735 45.67992489411206 143.1 269.41676724923735 45.67992489411206 9.990867 170.00757 -999.0 -999.0 -999.0 -999.0 -999.0 -999.0 -999.0 -999.0 -999.0 -999.0 -999.0 -999.0 6231.0 -999.0 -1 -999 {-999.0 -999.0 -999.0 -999.0 -999.0} "" -999.0 -999.0 -999.0 -999.0 -999 -999 "" "" "" "" 0 0 0.0 0.0 -999 ""
FIBERMAP 380 R-1C10 APOGEE 0 0 0 1 0 0 -77.88742747582083 -11.917802210745133 143.1 -77.88742747582083 -11.917802210745133 9.992618 170.01474 -999.0 -999.0 -999.0 -999.0 -999.0 -999.0 -999.0 -999.0 -999.0 -999.0 -999.0 -999.0 16600.0 -999.0 2 -999 {-999.0 -999.0 -999.0 -999.0 -999.0} "" -999.0 -999.0 -999.0 -999.0 -999 -999 "" "" "" "" 0 0 0.0 0.0 -999 ""
FIBERMAP 380 R-1C10 BOSS 0 0 0 1 0 0 -77.12703365330513 -11.88255711193608 143.1 -77.12703365330513 -11.88255711193608 9.992618 170.01474 -999.0 -999.0 -999.0 -999.0 -999.0 -999.0 -999.0 -999.0 -999.0 -999.0 -999.0 -999.0 5400.0 -999.0 1 441 {-999.0 -999.0 -999.0 -999.0 -999.0} "" -999.0 -999.0 -999.0 -999.0 -999 -999 "" "" "" "" 0 0 0.0 0.0 -999 ""
FIBERMAP 380 R-1C10 METROLOGY 1 0 0 1 0 0 -77.48907688707224 -12.548657811461698 143.1 -77.48907688707224 -12.548657811461698 9.992618 170.01474 -999.0 -999.0 -999.0 -999.0 -999.0 -999.0 -999.0 -999.0 -999.0 -999.0 -999.0 -999.0 6231.0 -999.0 -1 -999 {-999.0 -999.0 -999.0 -999.0 -999.0} "" -999.0 -999.0 -999.0 -999.0 -999 -999 "" "" "" "" 0 0 0.0 0.0 -999 ""
FIBERMAP 382 R+9C5 APOGEE 0 0 0 1 0 0 -100.023659679428 182.15831047234835 143.1 -100.023659679428 182.15831047234835 10.00998 170.0201 -999.0 -999.0 -999.0 -999.0 -999.0 -999.0 -999.0 -999.0 -999.0 -999.0 -999.0 -999.0 16600.0 -999.0 2 112 {-999.0 -999.0 -999.0 -999.0 -999.0} "" -999.0 -999.0 -999.0 -999.0 -999 -999 "" "" "" "" 0 0 0.0 0.0 -999 ""
FIBERMAP 382 R+9C5 BOSS 0 0 0 1 0 0 -99.2820821826574 182.0847050964517 143.1 -99.2820821826574 182.0847050964517 10.00998 170.0201 -999.0 -999.0 -999.0 -999.0 -999.0 -999.0 -999.0 -999.0 -999.0 -999.0 -999.0 -999.0 5400.0 -999.0 1 80 {-999.0 -999.0 -999.0 -999.0 -999.0} "" -999.0 -999.0 -999.0 -999.0 -999 -999 "" "" "" "" 0 0 0.0 0.0 -999 ""
FIBERMAP 382 R+9C5 METROLOGY 1 0 0 1 0 0 -99.72172509479647 181.46609350416264 143.1 -99.72172509479647 181.46609350416264 10.00998 170.0201 -999.0 -999.0 -999.0 -999.0 -999.0 -999.0 -999.0 -999.0 -999.0 -999.0 -999.0 -999.0 6231.0 -999.0 -1 -999 {-999.0 -999.0 -999.0 -999.0 -999.0} "" -999.0 -999.0 -999.0 -999.0 -999 -999 "" "" "" "" 0 0 0.0 0.0 -999 ""
FIBERMAP 383 R+6C1 APOGEE 0 0 0 1 0 0 -223.30086695067519 123.88681503608295 143.1 -223.30086695067519 123.88681503608295 10.008478 169.99808 -999.0 -999.0 -999.0 -999.0 -999.0 -999.0 -999.0 -999.0 -999.0 -999.0 -999.0 -999.0 16600.0 -999.0 2 119 {-999.0 -999.0 -999.0 -999.0 -999.0} "" -999.0 -999.0 -999.0 -999.0 -999 -999 "" "" "" "" 0 0 0.0 0.0 -999 ""
FIBERMAP 383 R+6C1 BOSS 0 0 0 1 0 0 -222.57642000022312 123.9075254482311 143.1 -222.57642000022312 123.9075254482311 10.008478 169.99808 -999.0 -999.0 -999.0 -999.0 -999.0 -999.0 -999.0 -999.0 -999.0 -999.0 -999.0 -999.0 5400.0 -999.0 1 83 {-999.0 -999.0 -999.0 -999.0 -999.0} "" -999.0 -999.0 -999.0 -999.0 -999 -999 "" "" "" "" 0 0 0.0 0.0 -999 ""
FIBERMAP 383 R+6C1 METROLOGY 1 0 0 1 0 0 -222.91273849379553 123.24529409687776 143.1 -222.91273849379553 123.24529409687776 10.008478 169.99808 -999.0 -999.0 -999.0 -999.0 -999.0 -999.0 -999.0 -999.0 -999.0 -999.0 -999.0 -999.0 6231.0 -999.0 -1 -999 {-999.0 -999.0 -999.0 -999.0 -999.0} "" -999.0 -999.0 -999.0 -999.0 -999 -999 "" "" "" "" 0 0 0.0 0.0 -999 ""
FIBERMAP 386 R-4C2 APOGEE 0 0 0 1 0 0 -223.2091542779127 -70.16771112659809 143.1 -223.2091542779127 -70.16771112659809 9.991839 170.00189 -999.0 -999.0 -999.0 -999.0 -999.0 -999.0 -999.0 -999.0 -999.0 -999.0 -999.0 -999.0 16600.0 -999.0 2 -999 {-999.0 -999.0 -999.0 -999.0 -999.0} "" -999.0 -999.0 -999.0 -999.0 -999 -999 "" "" "" "" 0 0 0.0 0.0 -999 ""
FIBERMAP 386 R-4C2 BOSS 0 0 0 1 0 0 -222.45944193218946 -70.15675243793723 143.1 -222.45944193218946 -70.15675243793723 9.991839 170.00189 -999.0 -999.0 -999.0 -999.0 -999.0 -999.0 -999.0 -999.0 -999.0 -999.0 -999.0 -999.0 5400.0 -999.0 1 486 {-999.0 -999.0 -999.0 -999.0 -999.0} "" -999.0 -999.0 -999.0 -999.0 -999 -999 "" "" "" "" 0 0 0.0 0.0 -999 ""
FIBERMAP 386 R-4C2 METROLOGY 1 0 0 1 0 0 -222.83356756498705 -70.81237894926767 143.1 -222.83356756498705 -70.81237894926767 9.991839 170.00189 -999.0 -999.0 -999.0 -999.0 -999.0 -999.0 -999.0 -999.0 -999.0 -999.0 -999.0 -999.0 6231.0 -999.0 -1 -999 {-999.0 -999.0 -999.0 -999.0 -999.0} "" -999.0 -999.0 -999.0 -999.0 -999 -999 "" "" "" "" 0 0 0.0 0.0 -999 ""
FIBERMAP 388 R+2C3 APOGEE 0 0 0 1 0 0 -223.8816812499436 46.29874008421991 143.1 -223.8816812499436 46.29874008421991 10.013356 169.99992 -999.0 -999.0 -999.0 -999.0 -999.0 -999.0 -999.0 -999.0 -999.0 -999.0 -999.0 -999.0 16600.0 -999.0 2 116 {-999.0 -999.0 -999.0 -999.0 -999.0} "" -999.0 -999.0 -999.0 -999.0 -999 -999 "" "" "" "" 0 0 0.0 0.0 -999 ""
FIBERMAP 388 R+2C3 BOSS 0 0 0 1 0 0 -223.13341975468535 46.32304257041409 143.1 -223.13341975468535 46.32304257041409 10.013356 169.99992 -999.0 -999.0 -999.0 -999.0 -999.0 -999.0 -999.0 -999.0 -999.0 -999.0 -999.0 -999.0 5400.0 -999.0 1 60 {-999.0 -999.0 -999.0 -999.0 -999.0} "" -999.0 -999.0 -999.0 -999.0 -999 -999 "" "" "" "" 0 0 0.0 0.0 -999 ""
FIBERMAP 388 R+2C3 METROLOGY 1 0 0 1 0 0 -223.47410741524 45.6668946193431 143.1 -223.47410741524 45.6668946193431 10.013356 169.99992 -999.0 -999.0 -999.0 -999.0 -999.0 -999.0 -999.0 -999.0 -999.0 -999.0 -999.0 -999.0 6231.0 -999.0 -1 -999 {-999.0 -999.0 -999.0 -999.0 -999.0} "" -999.0 -999.0 -999.0 -999.0 -999 -999 "" "" "" "" 0 0 0.0 0.0 -999 ""
FIBERMAP 394 R-1C26 APOGEE 0 0 0 1 0 0 280.4922089947118 -11.791835636780302 143.1 280.4922089947118 -11.791835636780302 10.002665 170.00908 -999.0 -999.0 -999.0 -999.0 -999.0 -999.0 -999.0 -999.0 -999.0 -999.0 -999.0 -999.0 16600.0 -999.0 2 240 {-999.0 -999.0 -999.0 -999.0 -999.0} "" -999.0 -999.0 -999.0 -999.0 -999 -999 "" "" "" "" 0 0 0.0 0.0 -999 ""
FIBERMAP 394 R-1C26 BOSS 0 0 0 1 0 0 281.23504639690697 -11.78494237998551 143.1 281.23504639690697 -11.78494237998551 10.002665 170.00908 -999.0 -999.0 -999.0 -999.0 -999.0 -999.0 -999.0 -999.0 -999.0 -999.0 -999.0 -999.0 5400.0 -999.0 1 262 {-999.0 -999.0 -999.0 -999.0 -999.0} "" -999.0 -999.0 -999.0 -999.0 -999 -999 "" "" "" "" 0 0 0.0 0.0 -999 ""
FIBERMAP 394 R-1C26 METROLOGY 1 0 0 1 0 0 280.87414287838743 -12.444549164960186 143.1 280.87414287838743 -12.444549164960186 10.002665 170.00908 -999.0 -999.0 -999.0 -999.0 -999.0 -999.0 -999.0 -999.0 -999.0 -999.0 -999.0 -999.0 6231.0 -999.0 -1 -999 {-999.0 -999.0 -999.0 -999.0 -999.0} "" -999.0 -999.0 -999.0 -999.0 -999 -999 "" "" "" "" 0 0 0.0 0.0 -999 ""
FIBERMAP 396 R+11C2 APOGEE 0 0 0 1 0 0 -145.07583823148406 220.8640555190908 143.1 -145.07583823148406 220.8640555190908 9.999608 170.01318 -999.0 -999.0 -999.0 -999.0 -999.0 -999.0 -999.0 -999.0 -999.0 -999.0 -999.0 -999.0 16600.0 -999.0 2 -999 {-999.0 -999.0 -999.0 -999.0 -999.0} "" -999.0 -999.0 -999.0 -999.0 -999 -999 "" "" "" "" 0 0 0.0 0.0 -999 ""
FIBERMAP 396 R+11C2 BOSS 0 0 0 1 0 0 -144.32984247608496 220.88060500067667 143.1 -144.32984247608496 220.88060500067667 9.999608 170.01318 -999.0 -999.0 -999.0 -999.0 -999.0 -999.0 -999.0 -999.0 -999.0 -999.0 -999.0 -999.0 5400.0 -999.0 1 17 {-999.0 -999.0 -999.0 -999.0 -999.0} "" -999.0 -999.0 -999.0 -999.0 -999 -999 "" "" "" "" 0 0 0.0 0.0 -999 ""
FIBERMAP 396 R+11C2 METROLOGY 1 0 0 1 0 0 -144.68587043198775 220.22798390687421 143.1 -144.68587043198775 220.22798390687421 9.999608 170.01318 -999.0 -999.0 -999.0 -999.0 -999.0 -999.0 -999.0 -999.0 -999.0 -999.0 -999.0 -999.0 6231.0 -999.0 -1 -999 {-999.0 -999.0 -999.0 -999.0 -999.0} "" -999.0 -999.0 -999.0 -999.0 -999 -999 "" "" "" "" 0 0 0.0 0.0 -999 ""
FIBERMAP 402 R+12C13 APOGEE 0 0 0 1 0 0 112.67169022053801 240.37996921678152 143.1 112.67169022053801 240.37996921678152 10.031744 170.00438 -999.0 -999.0 -999.0 -999.0 -999.0 -999.0 -999.0 -999.0 -999.0 -999.0 -999.0 -999.0 16600.0 -999.0 2 -999 {-999.0 -999.0 -999.0 -999.0 -999.0} "" -999.0 -999.0 -999.0 -999.0 -999 -999 "" "" "" "" 0 0 0.0 0.0 -999 ""
FIBERMAP 402 R+12C13 BOSS 0 0 0 1 0 0 113.42740561531066 240.38075235482805 143.1 113.42740561531066 240.38075235482805 10.031744 170.00438 -999.0 -999.0 -999.0 -999.0 -999.0 -999.0 -999.0 -999.0 -999.0 -999.0 -999.0 -999.0 5400.0 -999.0 1 100 {-999.0 -999.0 -999.0 -999.0 -999.0} "" -999.0 -999.0 -999.0 -999.0 -999 -999 "" "" "" "" 0 0 0.0 0.0 -999 ""
FIBERMAP 402 R+12C13 METROLOGY 1 0 0 1 0 0 113.0514293236754 239.737738577478 143.1 113.0514293236754 239.737738577478 10.031744 170.00438 -999.0 -999.0 -999.0 -999.0 -999.0 -999.0 -999.0 -999.0 -999.0 -999.0 -999.0 -999.0 6231.0 -999.0 -1 -999 {-999.0 -999.0 -999.0 -999.0 -999.0} "" -999.0 -999.0 -999.0 -999.0 -999 -999 "" "" "" "" 0 0 0.0 0.0 -999 ""
FIBERMAP 404 R+1C23 APOGEE 0 0 0 1 0 0 213.4517360995845 27.00162183153725 143.1 213.4517360995845 27.00162183153725 10.009898 170.0077 -999.0 -999.0 -999.0 -999.0 -999.0 -999.0 -999.0 -999.0 -999.0 -999.0 -999.0 -999.0 16600.0 -999.0 2 -999 {-999.0 -999.0 -999.0 -999.0 -999.0} "" -999.0 -999.0 -999.0 -999.0 -999 -999 "" "" "" "" 0 0 0.0 0.0 -999 ""
FIBERMAP 404 R+1C23 BOSS 0 0 0 1 0 0 214.20189879723878 27.015733476441984 143.1 214.20189879723878 27.015733476441984 10.009898 170.0077 -999.0 -999.0 -999.0 -999.0 -999.0 -999.0 -999.0 -999.0 -999.0 -999.0 -999.0 -999.0 5400.0 -999.0 1 182 {-999.0 -999.0 -999.0 -999.0 -999.0} "" -999.0 -999.0 -999.0 -999.0 -999 -999 "" "" "" "" 0 0 0.0 0.0 -999 ""
FIBERMAP 404 R+1C23 METROLOGY 1 0 0 1 0 0 213.83250661482302 26.360002165974556 143.1 213.83250661482302 26.360002165974556 10.009898 170.0077 -999.0 -999.0 -999.0 -999.0 -999.0 -999.0 -999.0 -999.0 -999.0 -999.0 -999.0 -999.0 6231.0 -999.0 -1 -999 {-999.0 -999.0 -999.0 -999.0 -999.0} "" -999.0 -999.0 -999.0 -999.0 -999 -999 "" "" "" "" 0 0 0.0 0.0 -999 ""
FIBERMAP 409 R+9C6 APOGEE 0 0 0 1 0 0 -77.77971431564784 182.19421759837564 143.1 -77.77971431564784 182.19421759837564 9.998962 169.99934 -999.0 -999.0 -999.0 -999.0 -999.0 -999.0 -999.0 -999.0 -999.0 -999.0 -999.0 -999.0 16600.0 -999.0 2 17 {-999.0 -999.0 -999.0 -999.0 -999.0} "" -999.0 -999.0 -999.0 -999.0 -999 -999 "" "" "" "" 0 0 0.0 0.0 -999 ""
FIBERMAP 409 R+9C6 BOSS 0 0 0 1 0 0 -77.03499259304232 182.19659926839134 143.1 -77.03499259304232 182.19659926839134 9.998962 169.99934 -999.0 -999.0 -999.0 -999.0 -999.0 -999.0 -999.0 -999.0 -999.0 -999.0 -999.0 -999.0 5400.0 -999.0 1 147 {-999.0 -999.0 -999.0 -999.0 -999.0} "" -999.0 -999.0 -999.0 -999.0 -999 -999 "" "" "" "" 0 0 0.0 0.0 -999 ""
FIBERMAP 409 R+9C6 METROLOGY 1 0 0 1 0 0 -77.39752048136457 181.53647316123127 143.1 -77.39752048136457 181.53647316123127 9.998962 169.99934 -999.0 -999.0 -999.0 -999.0 -999.0 -999.0 -999.0 -999.0 -999.0 -999.0 -999.0 -999.0 6231.0 -999.0 -1 -999 {-999.0 -999.0 -999.0 -999.0 -999.0} "" -999.0 -999.0 -999.0 -999.0 -999 -999 "" "" "" "" 0 0 0.0 0.0 -999 ""
FIBERMAP 410 R-2C2 APOGEE 0 0 0 1 0 0 -245.8127528981891 -31.303483816136705 143.1 -245.8127528981891 -31.303483816136705 9.99227 169.9996 -999.0 -999.0 -999.0 -999.0 -999.0 -999.0 -999.0 -999.0 -999.0 -999.0 -999.0 -999.0 16600.0 -999.0 2 -999 {-999.0 -999.0 -999.0 -999.0 -999.0} "" -999.0 -999.0 -999.0 -999.0 -999 -999 "" "" "" "" 0 0 0.0 0.0 -999 ""
FIBERMAP 410 R-2C2 BOSS 0 0 0 1 0 0 -245.058937120448 -31.280072197765683 143.1 -245.058937120448 -31.280072197765683 9.99227 169.9996 -999.0 -999.0 -999.0 -999.0 -999.0 -999.0 -999.0 -999.0 -999.0 -999.0 -999.0 -999.0 5400.0 -999.0 1 435 {-999.0 -999.0 -999.0 -999.0 -999.0} "" -999.0 -999.0 -999.0 -999.0 -999 -999 "" "" "" "" 0 0 0.0 0.0 -999 ""
FIBERMAP 410 R-2C2 METROLOGY 1 0 0 1 0 0 -245.42230006829118 -31.93925780753343 143.1 -245.42230006829118 -31.93925780753343 9.99227 169.9996 -999.0 -999.0 -999.0 -999.0 -999.0 -999.0 -999.0 -999.0 -999.0 -999.0 -999.0 -999.0 6231.0 -999.0 -1 -999 {-999.0 -999.0 -999.0 -999.0 -999.0} "" -999.0 -999.0 -999.0 -999.0 -999 -999 "" "" "" "" 0 0 0.0 0.0 -999 ""
FIBERMAP 415 R-2C4 APOGEE 0 0 0 1 0 0 -200.8114540629255 -31.30047852327217 143.1 -200.8114540629255 -31.30047852327217 10.005194 169.99094 -999.0 -999.0 -999.0 -999.0 -999.0 -999.0 -999.0 -999.0 -999.0 -999.0 -999.0 -999.0 16600.0 -999.0 2 -999 {-999.0 -999.0 -999.0 -999.0 -999.0} "" -999.0 -999.0 -999.0 -999.0 -999 -999 "" "" "" "" 0 0 0.0 0.0 -999 ""
FIBERMAP 415 R-2C4 BOSS 0 0 0 1 0 0 -200.0739743493402 -31.286777482053026 143.1 -200.0739743493402 -31.286777482053026 10.005194 169.99094 -999.0 -999.0 -999.0 -999.0 -999.0 -999.0 -999.0 -999.0 -999.0 -999.0 -999.0 -999.0 5400.0 -999.0 1 474 {-999.0 -999.0 -999.0 -999.0 -999.0} "" -999.0 -999.0 -999.0 -999.0 -999 -999 "" "" "" "" 0 0 0.0 0.0 -999 ""
FIBERMAP 415 R-2C4 METROLOGY 1 0 0 1 0 0 -200.44011804555615 -31.94760412368997 143.1 -200.44011804555615 -31.94760412368997 10.005194 169.99094 -999.0 -999.0 -999.0 -999.0 -999.0 -999.0 -999.0 -999.0 -999.0 -999.0 -999.0 -999.0 6231.0 -999.0 -1 -999 {-999.0 -999.0 -999.0 -999.0 -999.0} "" -999.0 -999.0 -999.0 -999.0 -999 -999 "" "" "" "" 0 0 0.0 0.0 -999 ""
FIBERMAP 417 R+13C12 APOGEE 0 0 0 1 0 0 101.33615959369116 259.6199743078434 143.1 101.33615959369116 259.6199743078434 10.000217 169.99803 -999.0 -999.0 -999.0 -999.0 -999.0 -999.0 -999.0 -999.0 -999.0 -999.0 -999.0 -999.0 16600.0 -999.0 2 93 {-999.0 -999.0 -999.0 -999.0 -999.0} "" -999.0 -999.0 -999.0 -999.0 -999 -999 "" "" "" "" 0 0 0.0 0.0 -999 ""
FIBERMAP 417 R+13C12 BOSS 0 0 0 1 0 0 102.08305965164517 259.6329364663524 143.1 102.08305965164517 259.6329364663524 10.000217 169.99803 -999.0 -999.0 -999.0 -999.0 -999.0 -999.0 -999.0 -999.0 -999.0 -999.0 -999.0 -999.0 5400.0 -999.0 1 92 {-999.0 -999.0 -999.0 -999.0 -999.0} "" -999.0 -999.0 -999.0 -999.0 -999 -999 "" "" "" "" 0 0 0.0 0.0 -999 ""
FIBERMAP 417 R+13C12 METROLOGY 1 0 0 1 0 0 101.72994322977243 258.98229665160204 143.1 101.72994322977243 258.98229665160204 10.000217 169.99803 -999.0 -999.0 -999.0 -999.0 -999.0 -999.0 -999.0 -999.0 -999.0 -999.0 -999.0 -999.0 6231.0 -999.0 -1 -999 {-999.0 -999.0 -999.0 -999.0 -999.0} "" -999.0 -999.0 -999.0 -999.0 -999 -999 "" "" "" "" 0 0 0.0 0.0 -999 ""
FIBERMAP 422 R+8C8 APOGEE 0 0 0 1 0 0 -44.35667630050631 162.6878108932654 143.1 -44.35667630050631 162.6878108932654 9.990059 170.0006 -999.0 -999.0 -999.0 -999.0 -999.0 -999.0 -999.0 -999.0 -999.0 -999.0 -999.0 -999.0 16600.0 -999.0 2 -999 {-999.0 -999.0 -999.0 -999.0 -999.0} "" -999.0 -999.0 -999.0 -999.0 -999 -999 "" "" "" "" 0 0 0.0 0.0 -999 ""
FIBERMAP 422 R+8C8 BOSS 0 0 0 1 0 0 -43.60020805659947 162.7038736131466 143.1 -43.60020805659947 162.7038736131466 9.990059 170.0006 -999.0 -999.0 -999.0 -999.0 -999.0 -999.0 -999.0 -999.0 -999.0 -999.0 -999.0 -999.0 5400.0 -999.0 1 132 {-999.0 -999.0 -999.0 -999.0 -999.0} "" -999.0 -999.0 -999.0 -999.0 -999 -999 "" "" "" "" 0 0 0.0 0.0 -999 ""
FIBERMAP 422 R+8C8 METROLOGY 1 0 0 1 0 0 -43.96482237199784 162.0528994984832 143.1 -43.96482237199784 162.0528994984832 9.990059 170.0006 -999.0 -999.0 -999.0 -999.0 -999.0 -999.0 -999.0 -999.0 -999.0 -999.0 -999.0 -999.0 6231.0 -999.0 -1 -999 {-999.0 -999.0 -999.0 -999.0 -999.0} "" -999.0 -999.0 -999.0 -999.0 -999 -999 "" "" "" "" 0 0 0.0 0.0 -999 ""
FIBERMAP 423 R-11C2 APOGEE 0 0 0 1 0 0 -144.90314135185895 -205.8853647332821 143.1 -144.90314135185895 -205.8853647332821 10.014375 169.99387 -999.0 -999.0 -999.0 -999.0 -999.0 -999.0 -999.0 -999.0 -999.0 -999.0 -999.0 -999.0 16600.0 -999.0 2 -999 {-999.0 -999.0 -999.0 -999.0 -999.0} "" -999.0 -999.0 -999.0 -999.0 -999 -999 "" "" "" "" 0 0 0.0 0.0 -999 ""
FIBERMAP 423 R-11C2 BOSS 0 0 0 1 0 0 -144.06132735516042 -205.93603590442552 143.1 -144.06132735516042 -205.93603590442552 10.014375 169.99387 -999.0 -999.0 -999.0 -999.0 -999.0 -999.0 -999.0 -999.0 -999.0 -999.0 -999.0 -999.0 5400.0 -999.0 1 428 {-999.0 -999.0 -999.0 -999.0 -999.0} "" -999.0 -999.0 -999.0 -999.0 -999 -999 "" "" "" "" 0 0 0.0 0.0 -999 ""
FIBERMAP 423 R-11C2 METROLOGY 1 0 0 1 0 0 -144.52074955414233 -206.5260194714608 143.1 -144.52074955414233 -206.5260194714608 10.014375 169.99387 -999.0 -999.0 -999.0 -999.0 -999.0 -999.0 -999.0 -999.0 -999.0 -999.0 -999.0 -999.0 6231.0 -999.0 -1 -999 {-999.0 -999.0 -999.0 -999.0 -999.0} "" -999.0 -999.0 -999.0 -999.0 -999 -999 "" "" "" "" 0 0 0.0 0.0 -999 ""
FIBERMAP 425 R-10C2 APOGEE 0 0 0 1 0 0 -155.92820581179035 -186.51787766310505 143.1 -155.92820581179035 -186.51787766310505 9.986694 169.9992 -999.0 -999.0 -999.0 -999.0 -999.0 -999.0 -999.0 -999.0 -999.0 -999.0 -999.0 -999.0 16600.0 -999.0 2 -999 {-999.0 -999.0 -999.0 -999.0 -999.0} "" -999.0 -999.0 -999.0 -999.0 -999 -999 "" "" "" "" 0 0 0.0 0.0 -999 ""
FIBERMAP 425 R-10C2 BOSS 0 0 0 1 0 0 -155.20351010314414 -186.50931191771048 143.1 -155.20351010314414 -186.50931191771048 9.986694 169.9992 -999.0 -999.0 -999.0 -999.0 -999.0 -999.0 -999.0 -999.0 -999.0 -999.0 -999.0 -999.0 5400.0 -999.0 1 427 {-999.0 -999.0 -999.0 -999.0 -999.0} "" -999.0 -999.0 -999.0 -999.0 -999 -999 "" "" "" "" 0 0 0.0 0.0 -999 ""
FIBERMAP 425 R-10C2 METROLOGY 1 0 0 1 0 0 -155.5523461819849 -187.16238640563247 143.1 -155.5523461819849 -187.16238640563247 9.986694 169.9992 -999.0 -999.0 -999.0 -999.0 -999.0 -999.0 -999.0 -999.0 -999.0 -999.0 -999.0 -999.0 6231.0 -999.0 -1 -999 {-999.0 -999.0 -999.0 -999.0 -999.0} "" -999.0 -999.0 -999.0 -999.0 -999 -999 "" "" "" "" 0 0 0.0 0.0 -999 ""
FIBERMAP 428 R+3C23 APOGEE 0 0 0 1 0 0 236.11575196342318 65.74804707865506 143.1 236.11575196342318 65.74804707865506 10.012837 169.99301 -999.0 -999.0 -999.0 -999.0 -999.0 -999.0 -999.0 -999.0 -999.0 -999.0 -999.0 -999.0 16600.0 -999.0 2 -999 {-999.0 -999.0 -999.0 -999.0 -999.0} "" -999.0 -999.0 -999.0 -999.0 -999 -999 "" "" "" "" 0 0 0.0 0.0 -999 ""
FIBERMAP 428 R+3C23 BOSS 0 0 0 1 0 0 236.8392134367764 65.74518632368557 143.1 236.8392134367764 65.74518632368557 10.012837 169.99301 -999.0 -999.0 -999.0 -999.0 -999.0 -999.0 -999.0 -999.0 -999.0 -999.0 -999.0 -999.0 5400.0 -999.0 1 186 {-999.0 -999.0 -999.0 -999.0 -999.0} "" -999.0 -999.0 -999.0 -999.0 -999 -999 "" "" "" "" 0 0 0.0 0.0 -999 ""
FIBERMAP 428 R+3C23 METROLOGY 1 0 0 1 0 0 236.4803460896473 65.0970992284899 143.1 236.4803460896473 65.0970992284899 10.012837 169.99301 -999.0 -999.0 -999.0 -999.0 -999.0 -999.0 -999.0 -999.0 -999.0 -999.0 -999.0 -999.0 6231.0 -999.0 -1 -999 {-999.0 -999.0 -999.0 -999.0 -999.0} "" -999.0 -999.0 -999.0 -999.0 -999 -999 "" "" "" "" 0 0 0.0 0.0 -999 ""
FIBERMAP 432 R+11C15 APOGEE 0 0 0 1 0 0 146.18150549637463 220.99040859282195 143.1 146.18150549637463 220.99040859282195 9.991455 170.00204 -999.0 -999.0 -999.0 -999.0 -999.0 -999.0 -999.0 -999.0 -999.0 -999.0 -999.0 -999.0 16600.0 -999.0 2 -999 {-999.0 -999.0 -999.0 -999.0 -999.0} "" -999.0 -999.0 -999.0 -999.0 -999 -999 "" "" "" "" 0 0 0.0 0.0 -999 ""
FIBERMAP 432 R+11C15 BOSS 0 0 0 1 0 0 146.90463547860557 221.0086124645015 143.1 146.90463547860557 221.0086124645015 9.991455 170.00204 -999.0 -999.0 -999.0 -999.0 -999.0 -999.0 -999.0 -999.0 -999.0 -999.0 -999.0 -999.0 5400.0 -999.0 1 178 {-999.0 -999.0 -999.0 -999.0 -999.0} "" -999.0 -999.0 -999.0 -999.0 -999 -999 "" "" "" "" 0 0 0.0 0.0 -999 ""
FIBERMAP 432 R+11C15 METROLOGY 1 0 0 1 0 0 146.558739121735 220.34670309151775 143.1 146.558739121735 220.34670309151775 9.991455 170.00204 -999.0 -999.0 -999.0 -999.0 -999.0 -999.0 -999.0 -999.0 -999.0 -999.0 -999.0 -999.0 6231.0 -999.0 -1 -999 {-999.0 -999.0 -999.0 -999.0 -999.0} "" -999.0 -999.0 -999.0 -999.0 -999 -999 "" "" "" "" 0 0 0.0 0.0 -999 ""
FIBERMAP 436 R+4C3 APOGEE 0 0 0 1 0 0 -200.94795810798462 85.0462723741481 143.1 -200.94795810798462 85.0462723741481 10.0106 169.99825 -999.0 -999.0 -999.0 -999.0 -999.0 -999.0 -999.0 -999.0 -999.0 -999.0 -999.0 -999.0 16600.0 -999.0 2 149 {-999.0 -999.0 -999.0 -999.0 -999.0} "" -999.0 -999.0 -999.0 -999.0 -999 -999 "" "" "" "" 0 0 0.0 0.0 -999 ""
FIBERMAP 436 R+4C3 BOSS 0 0 0 1 0 0 -200.21168316862094 85.04396370000342 143.1 -200.21168316862094 85.04396370000342 10.0106 169.99825 -999.0 -999.0 -999.0 -999.0 -999.0 -999.0 -999.0 -999.0 -999.0 -999.0 -999.0 -999.0 5400.0 -999.0 1 29 {-999.0 -999.0 -999.0 -999.0 -999.0} "" -999.0 -999.0 -999.0 -999.0 -999 -999 "" "" "" "" 0 0 0.0 0.0 -999 ""
FIBERMAP 436 R+4C3 METROLOGY 1 0 0 1 0 0 -200.58503222027127 84.40069050183222 143.1 -200.58503222027127 84.40069050183222 10.0106 169.99825 -999.0 -999.0 -999.0 -999.0 -999.0 -999.0 -999.0 -999.0 -999.0 -999.0 -999.0 -999.0 6231.0 -999.0 -1 -999 {-999.0 -999.0 -999.0 -999.0 -999.0} "" -999.0 -999.0 -999.0 -999.0 -999 -999 "" "" "" "" 0 0 0.0 0.0 -999 ""
FIBERMAP 440 R+8C4 APOGEE 0 0 0 1 0 0 -133.73403921139698 162.72661195431962 143.1 -133.73403921139698 162.72661195431962 10.01416 169.99242 -999.0 -999.0 -999.0 -999.0 -999.0 -999.0 -999.0 -999.0 -999.0 -999.0 -999.0 -999.0 16600.0 -999.0 2 -999 {-999.0 -999.0 -999.0 -999.0 -999.0} "" -999.0 -999.0 -999.0 -999.0 -999 -999 "" "" "" "" 0 0 0.0 0.0 -999 ""
FIBERMAP 440 R+8C4 BOSS 0 0 0 1 0 0 -132.95936072124547 162.725029991284 143.1 -132.95936072124547 162.725029991284 10.01416 169.99242 -999.0 -999.0 -999.0 -999.0 -999.0 -999.0 -999.0 -999.0 -999.0 -999.0 -999.0 -999.0 5400.0 -999.0 1 57 {-999.0 -999.0 -999.0 -999.0 -999.0} "" -999.0 -999.0 -999.0 -999.0 -999 -999 "" "" "" "" 0 0 0.0 0.0 -999 ""
FIBERMAP 440 R+8C4 METROLOGY 1 0 0 1 0 0 -133.34945022158803 162.08727378916012 143.1 -133.34945022158803 162.08727378916012 10.01416 169.99242 -999.0 -999.0 -999.0 -999.0 -999.0 -999.0 -999.0 -999.0 -999.0 -999.0 -999.0 -999.0 6231.0 -999.0 -1 -999 {-999.0 -999.0 -999.0 -999.0 -999.0} "" -999.0 -999.0 -999.0 -999.0 -999 -999 "" "" "" "" 0 0 0.0 0.0 -999 ""
FIBERMAP 448 R+7C8 APOGEE 0 0 0 1 0 0 -55.47458650256981 143.27473994149088 143.1 -55.47458650256981 143.27473994149088 9.999447 170.00014 -999.0 -999.0 -999.0 -999.0 -999.0 -999.0 -999.0 -999.0 -999.0 -999.0 -999.0 -999.0 16600.0 -999.0 2 27 {-999.0 -999.0 -999.0 -999.0 -999.0} "" -999.0 -999.0 -999.0 -999.0 -999 -999 "" "" "" "" 0 0 0.0 0.0 -999 ""
FIBERMAP 448 R+7C8 BOSS 0 0 0 1 0 0 -54.735343954090084 143.25541274316697 143.1 -54.735343954090084 143.25541274316697 9.999447 170.00014 -999.0 -999.0 -999.0 -999.0 -999.0 -999.0 -999.0 -999.0 -999.0 -999.0 -999.0 -999.0 5400.0 -999.0 1 104 {-999.0 -999.0 -999.0 -999.0 -999.0} "" -999.0 -999.0 -999.0 -999.0 -999 -999 "" "" "" "" 0 0 0.0 0.0 -999 ""
FIBERMAP 448 R+7C8 METROLOGY 1 0 0 1 0 0 -55.12566046357824 142.61165541372324 143.1 -55.12566046357824 142.61165541372324 9.999447 170.00014 -999.0 -999.0 -999.0 -999.0 -999.0 -999.0 -999.0 -999.0 -999.0 -999.0 -999.0 -999.0 6231.0 -999.0 -1 -999 {-999.0 -999.0 -999.0 -999.0 -999.0} "" -999.0 -999.0 -999.0 -999.0 -999 -999 "" "" "" "" 0 0 0.0 0.0 -999 ""
FIBERMAP 450 R+2C17 APOGEE 0 0 0 1 0 0 90.25775524765947 46.41969583824597 143.1 90.25775524765947 46.41969583824597 9.993172 169.98647 -999.0 -999.0 -999.0 -999.0 -999.0 -999.0 -999.0 -999.0 -999.0 -999.0 -999.0 -999.0 16600.0 -999.0 2 61 {-999.0 -999.0 -999.0 -999.0 -999.0} "" -999.0 -999.0 -999.0 -999.0 -999 -999 "" "" "" "" 0 0 0.0 0.0 -999 ""
FIBERMAP 450 R+2C17 BOSS 0 0 0 1 0 0 91.00589722921166 46.44104946552408 143.1 91.00589722921166 46.44104946552408 9.993172 169.98647 -999.0 -999.0 -999.0 -999.0 -999.0 -999.0 -999.0 -999.0 -999.0 -999.0 -999.0 -999.0 5400.0 -999.0 1 199 {-999.0 -999.0 -999.0 -999.0 -999.0} "" -999.0 -999.0 -999.0 -999.0 -999 -999 "" "" "" "" 0 0 0.0 0.0 -999 ""
FIBERMAP 450 R+2C17 METROLOGY 1 0 0 1 0 0 90.65518656803941 45.77931751356145 143.1 90.65518656803941 45.77931751356145 9.993172 169.98647 -999.0 -999.0 -999.0 -999.0 -999.0 -999.0 -999.0 -999.0 -999.0 -999.0 -999.0 -999.0 6231.0 -999.0 -1 -999 {-999.0 -999.0 -999.0 -999.0 -999.0} "" -999.0 -999.0 -999.0 -999.0 -999 -999 "" "" "" "" 0 0 0.0 0.0 -999 ""
FIBERMAP 452 R+12C9 APOGEE 0 0 0 1 0 0 22.951069331345877 240.28913139956364 143.1 22.951069331345877 240.28913139956364 9.994143 170.0118 -999.0 -999.0 -999.0 -999.0 -999.0 -999.0 -999.0 -999.0 -999.0 -999.0 -999.0 -999.0 16600.0 -999.0 2 -999 {-999.0 -999.0 -999.0 -999.0 -999.0} "" -999.0 -999.0 -999.0 -999.0 -999 -999 "" "" "" "" 0 0 0.0 0.0 -999 ""
FIBERMAP 452 R+12C9 BOSS 0 0 0 1 0 0 23.686695102880364 240.31752453510703 143.1 23.686695102880364 240.31752453510703 9.994143 170.0118 -999.0 -999.0 -999.0 -999.0 -999.0 -999.0 -999.0 -999.0 -999.0 -999.0 -999.0 -999.0 5400.0 -999.0 1 154 {-999.0 -999.0 -999.0 -999.0 -999.0} "" -999.0 -999.0 -999.0 -999.0 -999 -999 "" "" "" "" 0 0 0.0 0.0 -999 ""
FIBERMAP 452 R+12C9 METROLOGY 1 0 0 1 0 0 23.342118257856367 239.65372387868686 143.1 23.342118257856367 239.65372387868686 9.994143 170.0118 -999.0 -999.0 -999.0 -999.0 -999.0 -999.0 -999.0 -999.0 -999.0 -999.0 -999.0 -999.0 6231.0 -999.0 -1 -999 {-999.0 -999.0 -999.0 -999.0 -999.0} "" -999.0 -999.0 -999.0 -999.0 -999 -999 "" "" "" "" 0 0 0.0 0.0 -999 ""
FIBERMAP 455 R-2C17 APOGEE 0 0 0 1 0 0 89.4028137349371 -31.341025020768612 143.1 89.4028137349371 -31.341025020768612 10.012997 169.99738 -999.0 -999.0 -999.0 -999.0 -999.0 -999.0 -999.0 -999.0 -999.0 -999.0 -999.0 -999.0 16600.0 -999.0 2 238 {-999.0 -999.0 -999.0 -999.0 -999.0} "" -999.0 -999.0 -999.0 -999.0 -999 -999 "" "" "" "" 0 0 0.0 0.0 -999 ""
FIBERMAP 455 R-2C17 BOSS 0 0 0 1 0 0 90.13621047761127 -31.26682321868401 143.1 90.13621047761127 -31.26682321868401 10.012997 169.99738 -999.0 -999.0 -999.0 -999.0 -999.0 -999.0 -999.0 -999.0 -999.0 -999.0 -999.0 -999.0 5400.0 -999.0 1 303 {-999.0 -999.0 -999.0 -999.0 -999.0} "" -999.0 -999.0 -999.0 -999.0 -999 -999 "" "" "" "" 0 0 0.0 0.0 -999 ""
FIBERMAP 455 R-2C17 METROLOGY 1 0 0 1 0 0 89.82456047218655 -31.954748161655154 143.1 89.82456047218655 -31.954748161655154 10.012997 169.99738 -999.0 -999.0 -999.0 -999.0 -999.0 -999.0 -999.0 -999.0 -999.0 -999.0 -999.0 -999.0 6231.0 -999.0 -1 -999 {-999.0 -999.0 -999.0 -999.0 -999.0} "" -999.0 -999.0 -999.0 -999.0 -999 -999 "" "" "" "" 0 0 0.0 0.0 -999 ""
FIBERMAP 463 R+8C11 APOGEE 0 0 0 1 0 0 22.92823056607432 162.67587093178867 143.1 22.92823056607432 162.67587093178867 10.012355 170.00627 -999.0 -999.0 -999.0 -999.0 -999.0 -999.0 -999.0 -999.0 -999.0 -999.0 -999.0 -999.0 16600.0 -999.0 2 -999 {-999.0 -999.0 -999.0 -999.0 -999.0} "" -999.0 -999.0 -999.0 -999.0 -999 -999 "" "" "" "" 0 0 0.0 0.0 -999 ""
FIBERMAP 463 R+8C11 BOSS 0 0 0 1 0 0 23.682784751244952 162.67931998338003 143.1 23.682784751244952 162.67931998338003 10.012355 170.00627 -999.0 -999.0 -999.0 -999.0 -999.0 -999.0 -999.0 -999.0 -999.0 -999.0 -999.0 -999.0 5400.0 -999.0 1 134 {-999.0 -999.0 -999.0 -999.0 -999.0} "" -999.0 -999.0 -999.0 -999.0 -999 -999 "" "" "" "" 0 0 0.0 0.0 -999 ""
FIBERMAP 463 R+8C11 METROLOGY 1 0 0 1 0 0 23.307575899270944 162.03340762646008 143.1 23.307575899270944 162.03340762646008 10.012355 170.00627 -999.0 -999.0 -999.0 -999.0 -999.0 -999.0 -999.0 -999.0 -999.0 -999.0 -999.0 -999.0 6231.0 -999.0 -1 -999 {-999.0 -999.0 -999.0 -999.0 -999.0} "" -999.0 -999.0 -999.0 -999.0 -999 -999 "" "" "" "" 0 0 0.0 0.0 -999 ""
FIBERMAP 466 R+5C5 APOGEE 0 0 0 1 0 0 -145.02259342157313 104.47221302600698 143.1 -145.02259342157313 104.47221302600698 10.0051985 170.00287 -999.0 -999.0 -999.0 -999.0 -999.0 -999.0 -999.0 -999.0 -999.0 -999.0 -999.0 -999.0 16600.0 -999.0 2 128 {-999.0 -999.0 -999.0 -999.0 -999.0} "" -999.0 -999.0 -999.0 -999.0 -999 -999 "" "" "" "" 0 0 0.0 0.0 -999 ""
FIBERMAP 466 R+5C5 BOSS 0 0 0 1 0 0 -144.2777074939247 104.46130969674175 143.1 -144.2777074939247 104.46130969674175 10.0051985 170.00287 -999.0 -999.0 -999.0 -999.0 -999.0 -999.0 -999.0 -999.0 -999.0 -999.0 -999.0 -999.0 5400.0 -999.0 1 42 {-999.0 -999.0 -999.0 -999.0 -999.0} "" -999.0 -999.0 -999.0 -999.0 -999 -999 "" "" "" "" 0 0 0.0 0.0 -999 ""
FIBERMAP 466 R+5C5 METROLOGY 1 0 0 1 0 0 -144.65750494680475 103.81580824736311 143.1 -144.65750494680475 103.81580824736311 10.0051985 170.00287 -999.0 -999.0 -999.0 -999.0 -999.0 -999.0 -999.0 -999.0 -999.0 -999.0 -999.0 -999.0 6231.0 -999.0 -1 -999 {-999.0 -999.0 -999.0 -999.0 -999.0} "" -999.0 -999.0 -999.0 -999.0 -999 -999 "" "" "" "" 0 0 0.0 0.0 -999 ""
FIBERMAP 469 R+1C6 APOGEE 0 0 0 1 0 0 -167.6686197341319 26.973686364876613 143.1 -167.6686197341319 26.973686364876613 9.988312 170.00433 -999.0 -999.0 -999.0 -999.0 -999.0 -999.0 -999.0 -999.0 -999.0 -999.0 -999.0 -999.0 16600.0 -999.0 2 -999 {-999.0 -999.0 -999.0 -999.0 -999.0} "" -999.0 -999.0 -999.0 -999.0 -999 -999 "" "" "" "" 0 0 0.0 0.0 -999 ""
FIBERMAP 469 R+1C6 BOSS 0 0 0 1 0 0 -166.9169096375153 26.99248310838671 143.1 -166.9169096375153 26.99248310838671 9.988312 170.00433 -999.0 -999.0 -999.0 -999.0 -999.0 -999.0 -999.0 -999.0 -999.0 -999.0 -999.0 -999.0 5400.0 -999.0 1 20 {-999.0 -999.0 -999.0 -999.0 -999.0} "" -999.0 -999.0 -999.0 -999.0 -999 -999 "" "" "" "" 0 0 0.0 0.0 -999 ""
FIBERMAP 469 R+1C6 METROLOGY 1 0 0 1 0 0 -167.2746600758141 26.34007941405464 143.1 -167.2746600758141 26.34007941405464 9.988312 170.00433 -999.0 -999.0 -999.0 -999.0 -999.0 -999.0 -999.0 -999.0 -999.0 -999.0 -999.0 -999.0 6231.0 -999.0 -1 -999 {-999.0 -999.0 -999.0 -999.0 -999.0} "" -999.0 -999.0 -999.0 -999.0 -999 -999 "" "" "" "" 0 0 0.0 0.0 -999 ""
FIBERMAP 481 R+7C10 APOGEE 0 0 0 1 0 0 -10.868214513324821 143.34461879193677 143.1 -10.868214513324821 143.34461879193677 10.007749 170.0007 -999.0 -999.0 -999.0 -999.0 -999.0 -999.0 -999.0 -999.0 -999.0 -999.0 -999.0 -999.0 16600.0 -999.0 2 30 {-999.0 -999.0 -999.0 -999.0 -999.0} "" -999.0 -999.0 -999.0 -999.0 -999 -999 "" "" "" "" 0 0 0.0 0.0 -999 ""
FIBERMAP 481 R+7C10 BOSS 0 0 0 1 0 0 -10.127718810713137 143.38004868218457 143.1 -10.127718810713137 143.38004868218457 10.007749 170.0007 -999.0 -999.0 -999.0 -999.0 -999.0 -999.0 -999.0 -999.0 -999.0 -999.0 -999.0 -999.0 5400.0 -999.0 1 127 {-999.0 -999.0 -999.0 -999.0 -999.0} "" -999.0 -999.0 -999.0 -999.0 -999 -999 "" "" "" "" 0 0 0.0 0.0 -999 ""
FIBERMAP 481 R+7C10 METROLOGY 1 0 0 1 0 0 -10.451964002195421 142.71072489576568 143.1 -10.451964002195421 142.71072489576568 10.007749 170.0007 -999.0 -999.0 -999.0 -999.0 -999.0 -999.0 -999.0 -999.0 -999.0 -999.0 -999.0 -999.0 6231.0 -999.0 -1 -999 {-999.0 -999.0 -999.0 -999.0 -999.0} "" -999.0 -999.0 -999.0 -999.0 -999 -999 "" "" "" "" 0 0 0.0 0.0 -999 ""
FIBERMAP 483 R+13C1 APOGEE 0 0 0 1 0 0 -145.17150751548573 259.6635938381131 143.1 -145.17150751548573 259.6635938381131 10.011772 170.01118 -999.0 -999.0 -999.0 -999.0 -999.0 -999.0 -999.0 -999.0 -999.0 -999.0 -999.0 -999.0 16600.0 -999.0 2 135 {-999.0 -999.0 -999.0 -999.0 -999.0} "" -999.0 -999.0 -999.0 -999.0 -999 -999 "" "" "" "" 0 0 0.0 0.0 -999 ""
FIBERMAP 483 R+13C1 BOSS 0 0 0 1 0 0 -144.42723871699886 259.62058908664096 143.1 -144.42723871699886 259.62058908664096 10.011772 170.01118 -999.0 -999.0 -999.0 -999.0 -999.0 -999.0 -999.0 -999.0 -999.0 -999.0 -999.0 -999.0 5400.0 -999.0 1 7 {-999.0 -999.0 -999.0 -999.0 -999.0} "" -999.0 -999.0 -999.0 -999.0 -999 -999 "" "" "" "" 0 0 0.0 0.0 -999 ""
FIBERMAP 483 R+13C1 METROLOGY 1 0 0 1 0 0 -144.81526891811603 258.99397681414484 143.1 -144.81526891811603 258.99397681414484 10.011772 170.01118 -999.0 -999.0 -999.0 -999.0 -999.0 -999.0 -999.0 -999.0 -999.0 -999.0 -999.0 -999.0 6231.0 -999.0 -1 -999 {-999.0 -999.0 -999.0 -999.0 -999.0} "" -999.0 -999.0 -999.0 -999.0 -999 -999 "" "" "" "" 0 0 0.0 0.0 -999 ""
FIBERMAP 488 R+13C8 APOGEE 0 0 0 1 0 0 11.643142815844092 259.76020290188643 143.1 11.643142815844092 259.76020290188643 9.995525 170.01654 -999.0 -999.0 -999.0 -999.0 -999.0 -999.0 -999.0 -999.0 -999.0 -999.0 -999.0 -999.0 16600.0 -999.0 2 37 {-999.0 -999.0 -999.0 -999.0 -999.0} "" -999.0 -999.0 -999.0 -999.0 -999 -999 "" "" "" "" 0 0 0.0 0.0 -999 ""
FIBERMAP 488 R+13C8 BOSS 0 0 0 1 0 0 12.38038744979779 259.7679927217887 143.1 12.38038744979779 259.7679927217887 9.995525 170.01654 -999.0 -999.0 -999.0 -999.0 -999.0 -999.0 -999.0 -999.0 -999.0 -999.0 -999.0 -999.0 5400.0 -999.0 1 166 {-999.0 -999.0 -999.0 -999.0 -999.0} "" -999.0 -999.0 -999.0 -999.0 -999 -999 "" "" "" "" 0 0 0.0 0.0 -999 ""
FIBERMAP 488 R+13C8 METROLOGY 1 0 0 1 0 0 12.020882920811635 259.108437673943 143.1 12.020882920811635 259.108437673943 9.995525 170.01654 -999.0 -999.0 -999.0 -999.0 -999.0 -999.0 -999.0 -999.0 -999.0 -999.0 -999.0 -999.0 6231.0 -999.0 -1 -999 {-999.0 -999.0 -999.0 -999.0 -999.0} "" -999.0 -999.0 -999.0 -999.0 -999 -999 "" "" "" "" 0 0 0.0 0.0 -999 ""
FIBERMAP 489 R-5C2 APOGEE 0 0 0 1 0 0 -212.06393998556567 -89.50890672603978 143.1 -212.06393998556567 -89.50890672603978 10.004321 169.99818 -999.0 -999.0 -999.0 -999.0 -999.0 -999.0 -999.0 -999.0 -999.0 -999.0 -999.0 -999.0 16600.0 -999.0 2 -999 {-999.0 -999.0 -999.0 -999.0 -999.0} "" -999.0 -999.0 -999.0 -999.0 -999 -999 "" "" "" "" 0 0 0.0 0.0 -999 ""
FIBERMAP 489 R-5C2 BOSS 0 0 0 1 0 0 -211.32860340216646 -89.50314939059002 143.1 -211.32860340216646 -89.50314939059002 10.004321 169.99818 -999.0 -999.0 -999.0 -999.0 -999.0 -999.0 -999.0 -999.0 -999.0 -999.0 -999.0 -999.0 5400.0 -999.0 1 487 {-999.0 -999.0 -999.0 -999.0 -999.0} "" -999.0 -999.0 -999.0 -999.0 -999 -999 "" "" "" "" 0 0 0.0 0.0 -999 ""
FIBERMAP 489 R-5C2 METROLOGY 1 0 0 1 0 0 -211.6898016383292 -90.15441619741799 143.1 -211.6898016383292 -90.15441619741799 10.004321 169.99818 -999.0 -999.0 -999.0 -999.0 -999.0 -999.0 -999.0 -999.0 -999.0 -999.0 -999.0 -999.0 6231.0 -999.0 -1 -999 {-999.0 -999.0 -999.0 -999.0 -999.0} "" -999.0 -999.0 -999.0 -999.0 -999 -999 "" "" "" "" 0 0 0.0 0.0 -999 ""
FIBERMAP 493 R+8C15 APOGEE 0 0 0 1 0 0 112.80360387763452 162.90078770055607 143.1 112.80360387763452 162.90078770055607 10.007697 170.00018 -999.0 -999.0 -999.0 -999.0 -999.0 -999.0 -999.0 -999.0 -999.0 -999.0 -999.0 -999.0 16600.0 -999.0 2 78 {-999.0 -999.0 -999.0 -999.0 -999.0} "" -999.0 -999.0 -999.0 -999.0 -999 -999 "" "" "" "" 0 0 0.0 0.0 -999 ""
FIBERMAP 493 R+8C15 BOSS 0 0 0 1 0 0 113.54804549568314 162.8973010151519 143.1 113.54804549568314 162.8973010151519 10.007697 170.00018 -999.0 -999.0 -999.0 -999.0 -999.0 -999.0 -999.0 -999.0 -999.0 -999.0 -999.0 -999.0 5400.0 -999.0 1 230 {-999.0 -999.0 -999.0 -999.0 -999.0} "" -999.0 -999.0 -999.0 -999.0 -999 -999 "" "" "" "" 0 0 0.0 0.0 -999 ""
FIBERMAP 493 R+8C15 METROLOGY 1 0 0 1 0 0 113.17584790619374 162.2516987948346 143.1 113.17584790619374 162.2516987948346 10.007697 170.00018 -999.0 -999.0 -999.0 -999.0 -999.0 -999.0 -999.0 -999.0 -999.0 -999.0 -999.0 -999.0 6231.0 -999.0 -1 -999 {-999.0 -999.0 -999.0 -999.0 -999.0} "" -999.0 -999.0 -999.0 -999.0 -999 -999 "" "" "" "" 0 0 0.0 0.0 -999 ""
FIBERMAP 495 R+5C10 APOGEE 0 0 0 1 0 0 -32.884841642385005 104.48211368347089 143.1 -32.884841642385005 104.48211368347089 10.00988 170.00175 -999.0 -999.0 -999.0 -999.0 -999.0 -999.0 -999.0 -999.0 -999.0 -999.0 -999.0 -999.0 16600.0 -999.0 2 7 {-999.0 -999.0 -999.0 -999.0 -999.0} "" -999.0 -999.0 -999.0 -999.0 -999 -999 "" "" "" "" 0 0 0.0 0.0 -999 ""
FIBERMAP 495 R+5C10 BOSS 0 0 0 1 0 0 -32.132647256853474 104.47085625666828 143.1 -32.132647256853474 104.47085625666828 10.00988 170.00175 -999.0 -999.0 -999.0 -999.0 -999.0 -999.0 -999.0 -999.0 -999.0 -999.0 -999.0 -999.0 5400.0 -999.0 1 129 {-999.0 -999.0 -999.0 -999.0 -999.0} "" -999.0 -999.0 -999.0 -999.0 -999 -999 "" "" "" "" 0 0 0.0 0.0 -999 ""
FIBERMAP 495 R+5C10 METROLOGY 1 0 0 1 0 0 -32.518491191815876 103.83164049293661 143.1 -32.518491191815876 103.83164049293661 10.00988 170.00175 -999.0 -999.0 -999.0 -999.0 -999.0 -999.0 -999.0 -999.0 -999.0 -999.0 -999.0 -999.0 6231.0 -999.0 -1 -999 {-999.0 -999.0 -999.0 -999.0 -999.0} "" -999.0 -999.0 -999.0 -999.0 -999 -999 "" "" "" "" 0 0 0.0 0.0 -999 ""
FIBERMAP 501 R+6C19 APOGEE 0 0 0 1 0 0 180.00214662219557 123.9908978116831 143.1 180.00214662219557 123.9908978116831 10.01895 170.00963 -999.0 -999.0 -999.0 -999.0 -999.0 -999.0 -999.0 -999.0 -999.0 -999.0 -999.0 -999.0 16600.0 -999.0 2 34 {-999.0 -999.0 -999.0 -999.0 -999.0} "" -999.0 -999.0 -999.0 -999.0 -999 -999 "" "" "" "" 0 0 0.0 0.0 -999 ""
FIBERMAP 501 R+6C19 BOSS 0 0 0 1 0 0 180.7424756528669 123.97886229517664 143.1 180.7424756528669 123.97886229517664 10.01895 170.00963 -999.0 -999.0 -999.0 -999.0 -999.0 -999.0 -999.0 -999.0 -999.0 -999.0 -999.0 -999.0 5400.0 -999.0 1 195 {-999.0 -999.0 -999.0 -999.0 -999.0} "" -999.0 -999.0 -999.0 -999.0 -999 -999 "" "" "" "" 0 0 0.0 0.0 -999 ""
FIBERMAP 501 R+6C19 METROLOGY 1 0 0 1 0 0 180.35752919689855 123.33536123348087 143.1 180.35752919689855 123.33536123348087 10.01895 170.00963 -999.0 -999.0 -999.0 -999.0 -999.0 -999.0 -999.0 -999.0 -999.0 -999.0 -999.0 -999.0 6231.0 -999.0 -1 -999 {-999.0 -999.0 -999.0 -999.0 -999.0} "" -999.0 -999.0 -999.0 -999.0 -999 -999 "" "" "" "" 0 0 0.0 0.0 -999 ""
FIBERMAP 506 R+6C10 APOGEE 0 0 0 1 0 0 -22.05570521592335 123.9725316793568 143.1 -22.05570521592335 123.9725316793568 9.99389 169.9953 -999.0 -999.0 -999.0 -999.0 -999.0 -999.0 -999.0 -999.0 -999.0 -999.0 -999.0 -999.0 16600.0 -999.0 2 -999 {-999.0 -999.0 -999.0 -999.0 -999.0} "" -999.0 -999.0 -999.0 -999.0 -999 -999 "" "" "" "" 0 0 0.0 0.0 -999 ""
FIBERMAP 506 R+6C10 BOSS 0 0 0 1 0 0 -21.299763566921328 124.0009287436671 143.1 -21.299763566921328 124.0009287436671 9.99389 169.9953 -999.0 -999.0 -999.0 -999.0 -999.0 -999.0 -999.0 -999.0 -999.0 -999.0 -999.0 -999.0 5400.0 -999.0 1 128 {-999.0 -999.0 -999.0 -999.0 -999.0} "" -999.0 -999.0 -999.0 -999.0 -999 -999 "" "" "" "" 0 0 0.0 0.0 -999 ""
FIBERMAP 506 R+6C10 METROLOGY 1 0 0 1 0 0 -21.655979576180073 123.34254644663811 143.1 -21.655979576180073 123.34254644663811 9.99389 169.9953 -999.0 -999.0 -999.0 -999.0 -999.0 -999.0 -999.0 -999.0 -999.0 -999.0 -999.0 -999.0 6231.0 -999.0 -1 -999 {-999.0 -999.0 -999.0 -999.0 -999.0} "" -999.0 -999.0 -999.0 -999.0 -999 -999 "" "" "" "" 0 0 0.0 0.0 -999 ""
FIBERMAP 507 R+1C26 APOGEE 0 0 0 1 0 0 280.4924939544085 27.00884935532753 143.1 280.4924939544085 27.00884935532753 10.0102 170.0197 -999.0 -999.0 -999.0 -999.0 -999.0 -999.0 -999.0 -999.0 -999.0 -999.0 -999.0 -999.0 16600.0 -999.0 2 42 {-999.0 -999.0 -999.0 -999.0 -999.0} "" -999.0 -999.0 -999.0 -999.0 -999 -999 "" "" "" "" 0 0 0.0 0.0 -999 ""
FIBERMAP 507 R+1C26 BOSS 0 0 0 1 0 0 281.2185072734292 26.9799163735859 143.1 281.2185072734292 26.9799163735859 10.0102 170.0197 -999.0 -999.0 -999.0 -999.0 -999.0 -999.0 -999.0 -999.0 -999.0 -999.0 -999.0 -999.0 5400.0 -999.0 1 175 {-999.0 -999.0 -999.0 -999.0 -999.0} "" -999.0 -999.0 -999.0 -999.0 -999 -999 "" "" "" "" 0 0 0.0 0.0 -999 ""
FIBERMAP 507 R+1C26 METROLOGY 1 0 0 1 0 0 280.8471951412975 26.337255865129006 143.1 280.8471951412975 26.337255865129006 10.0102 170.0197 -999.0 -999.0 -999.0 -999.0 -999.0 -999.0 -999.0 -999.0 -999.0 -999.0 -999.0 -999.0 6231.0 -999.0 -1 -999 {-999.0 -999.0 -999.0 -999.0 -999.0} "" -999.0 -999.0 -999.0 -999.0 -999 -999 "" "" "" "" 0 0 0.0 0.0 -999 ""
FIBERMAP 514 R+11C3 APOGEE 0 0 0 1 0 0 -122.866657539841 220.97232138476159 143.1 -122.866657539841 220.97232138476159 9.98934 169.99979 -999.0 -999.0 -999.0 -999.0 -999.0 -999.0 -999.0 -999.0 -999.0 -999.0 -999.0 -999.0 16600.0 -999.0 2 133 {-999.0 -999.0 -999.0 -999.0 -999.0} "" -999.0 -999.0 -999.0 -999.0 -999 -999 "" "" "" "" 0 0 0.0 0.0 -999 ""
FIBERMAP 514 R+11C3 BOSS 0 0 0 1 0 0 -122.12681229186992 221.00750437078486 143.1 -122.12681229186992 221.00750437078486 9.98934 169.99979 -999.0 -999.0 -999.0 -999.0 -999.0 -999.0 -999.0 -999.0 -999.0 -999.0 -999.0 -999.0 5400.0 -999.0 1 5 {-999.0 -999.0 -999.0 -999.0 -999.0} "" -999.0 -999.0 -999.0 -999.0 -999 -999 "" "" "" "" 0 0 0.0 0.0 -999 ""
FIBERMAP 514 R+11C3 METROLOGY 1 0 0 1 0 0 -122.46204712174955 220.34288638574594 143.1 -122.46204712174955 220.34288638574594 9.98934 169.99979 -999.0 -999.0 -999.0 -999.0 -999.0 -999.0 -999.0 -999.0 -999.0 -999.0 -999.0 -999.0 6231.0 -999.0 -1 -999 {-999.0 -999.0 -999.0 -999.0 -999.0} "" -999.0 -999.0 -999.0 -999.0 -999 -999 "" "" "" "" 0 0 0.0 0.0 -999 ""
FIBERMAP 515 R+3C19 APOGEE 0 0 0 1 0 0 146.06160723944313 65.77368692085847 143.1 146.06160723944313 65.77368692085847 9.989867 169.9992 -999.0 -999.0 -999.0 -999.0 -999.0 -999.0 -999.0 -999.0 -999.0 -999.0 -999.0 -999.0 16600.0 -999.0 2 -999 {-999.0 -999.0 -999.0 -999.0 -999.0} "" -999.0 -999.0 -999.0 -999.0 -999 -999 "" "" "" "" 0 0 0.0 0.0 -999 ""
FIBERMAP 515 R+3C19 BOSS 0 0 0 1 0 0 146.79689389024318 65.79408058894347 143.1 146.79689389024318 65.79408058894347 9.989867 169.9992 -999.0 -999.0 -999.0 -999.0 -999.0 -999.0 -999.0 -999.0 -999.0 -999.0 -999.0 -999.0 5400.0 -999.0 1 217 {-999.0 -999.0 -999.0 -999.0 -999.0} "" -999.0 -999.0 -999.0 -999.0 -999 -999 "" "" "" "" 0 0 0.0 0.0 -999 ""
FIBERMAP 515 R+3C19 METROLOGY 1 0 0 1 0 0 146.449195578436 65.13616259976274 143.1 146.449195578436 65.13616259976274 9.989867 169.9992 -999.0 -999.0 -999.0 -999.0 -999.0 -999.0 -999.0 -999.0 -999.0 -999.0 -999.0 -999.0 6231.0 -999.0 -1 -999 {-999.0 -999.0 -999.0 -999.0 -999.0} "" -999.0 -999.0 -999.0 -999.0 -999 -999 "" "" "" "" 0 0 0.0 0.0 -999 ""
FIBERMAP 533 R+1C3 APOGEE 0 0 0 1 0 0 -234.41813124535628 26.93531763731255 143.1 -234.41813124535628 26.93531763731255 9.991873 169.99506 -999.0 -999.0 -999.0 -999.0 -999.0 -999.0 -999.0 -999.0 -999.0 -999.0 -999.0 -999.0 16600.0 -999.0 2 104 {-999.0 -999.0 -999.0 -999.0 -999.0} "" -999.0 -999.0 -999.0 -999.0 -999 -999 "" "" "" "" 0 0 0.0 0.0 -999 ""
FIBERMAP 533 R+1C3 BOSS 0 0 0 1 0 0 -233.68084676992163 26.955081655884925 143.1 -233.68084676992163 26.955081655884925 9.991873 169.99506 -999.0 -999.0 -999.0 -999.0 -999.0 -999.0 -999.0 -999.0 -999.0 -999.0 -999.0 -999.0 5400.0 -999.0 1 61 {-999.0 -999.0 -999.0 -999.0 -999.0} "" -999.0 -999.0 -999.0 -999.0 -999 -999 "" "" "" "" 0 0 0.0 0.0 -999 ""
FIBERMAP 533 R+1C3 METROLOGY 1 0 0 1 0 0 -234.0364905131602 26.293220974427513 143.1 -234.0364905131602 26.293220974427513 9.991873 169.99506 -999.0 -999.0 -999.0 -999.0 -999.0 -999.0 -999.0 -999.0 -999.0 -999.0 -999.0 -999.0 6231.0 -999.0 -1 -999 {-999.0 -999.0 -999.0 -999.0 -999.0} "" -999.0 -999.0 -999.0 -999.0 -999 -999 "" "" "" "" 0 0 0.0 0.0 -999 ""
FIBERMAP 544 R-6C19 APOGEE 0 0 0 1 0 0 179.76634398057112 -108.8251748991739 143.1 179.76634398057112 -108.8251748991739 9.993768 169.99916 -999.0 -999.0 -999.0 -999.0 -999.0 -999.0 -999.0 -999.0 -999.0 -999.0 -999.0 -999.0 16600.0 -999.0 2 229 {-999.0 -999.0 -999.0 -999.0 -999.0} "" -999.0 -999.0 -999.0 -999.0 -999 -999 "" "" "" "" 0 0 0.0 0.0 -999 ""
FIBERMAP 544 R-6C19 BOSS 0 0 0 1 0 0 180.50280811951703 -108.80274209226383 143.1 180.50280811951703 -108.80274209226383 9.993768 169.99916 -999.0 -999.0 -999.0 -999.0 -999.0 -999.0 -999.0 -999.0 -999.0 -999.0 -999.0 -999.0 5400.0 -999.0 1 277 {-999.0 -999.0 -999.0 -999.0 -999.0} "" -999.0 -999.0 -999.0 -999.0 -999 -999 "" "" "" "" 0 0 0.0 0.0 -999 ""
FIBERMAP 544 R-6C19 METROLOGY 1 0 0 1 0 0 180.15106629916423 -109.45949784921429 143.1 180.15106629916423 -109.45949784921429 9.993768 169.99916 -999.0 -999.0 -999.0 -999.0 -999.0 -999.0 -999.0 -999.0 -999.0 -999.0 -999.0 -999.0 6231.0 -999.0 -1 -999 {-999.0 -999.0 -999.0 -999.0 -999.0} "" -999.0 -999.0 -999.0 -999.0 -999 -999 "" "" "" "" 0 0 0.0 0.0 -999 ""
FIBERMAP 546 R-12C1 APOGEE 0 0 0 1 0 0 -156.0555847380201 -225.163872398047 143.1 -156.0555847380201 -225.163872398047 10.023052 169.99574 -999.0 -999.0 -999.0 -999.0 -999.0 -999.0 -999.0 -999.0 -999.0 -999.0 -999.0 -999.0 16600.0 -999.0 2 296 {-999.0 -999.0 -999.0 -999.0 -999.0} "" -999.0 -999.0 -999.0 -999.0 -999 -999 "" "" "" "" 0 0 0.0 0.0 -999 ""
FIBERMAP 546 R-12C1 BOSS 0 0 0 1 0 0 -155.32309046279266 -225.14160625382996 143.1 -155.32309046279266 -225.14160625382996 10.023052 169.99574 -999.0 -999.0 -999.0 -999.0 -999.0 -999.0 -999.0 -999.0 -999.0 -999.0 -999.0 -999.0 5400.0 -999.0 1 429 {-999.0 -999.0 -999.0 -999.0 -999.0} "" -999.0 -999.0 -999.0 -999.0 -999 -999 "" "" "" "" 0 0 0.0 0.0 -999 ""
FIBERMAP 546 R-12C1 METROLOGY 1 0 0 1 0 0 -155.66318634504097 -225.80079223761754 143.1 -155.66318634504097 -225.80079223761754 10.023052 169.99574 -999.0 -999.0 -999.0 -999.0 -999.0 -999.0 -999.0 -999.0 -999.0 -999.0 -999.0 -999.0 6231.0 -999.0 -1 -999 {-999.0 -999.0 -999.0 -999.0 -999.0} "" -999.0 -999.0 -999.0 -999.0 -999 -999 "" "" "" "" 0 0 0.0 0.0 -999 ""
FIBERMAP 548 R+1C14 APOGEE 0 0 0 1 0 0 11.524567726893709 27.040179610109558 143.1 11.524567726893709 27.040179610109558 9.991741 170.02905 -999.0 -999.0 -999.0 -999.0 -999.0 -999.0 -999.0 -999.0 -999.0 -999.0 -999.0 -999.0 16600.0 -999.0 2 13 {-999.0 -999.0 -999.0 -999.0 -999.0} "" -999.0 -999.0 -999.0 -999.0 -999 -999 "" "" "" "" 0 0 0.0 0.0 -999 ""
FIBERMAP 548 R+1C14 BOSS 0 0 0 1 0 0 12.261321911657253 27.030488902879583 143.1 12.261321911657253 27.030488902879583 9.991741 170.02905 -999.0 -999.0 -999.0 -999.0 -999.0 -999.0 -999.0 -999.0 -999.0 -999.0 -999.0 -999.0 5400.0 -999.0 1 96 {-999.0 -999.0 -999.0 -999.0 -999.0} "" -999.0 -999.0 -999.0 -999.0 -999 -999 "" "" "" "" 0 0 0.0 0.0 -999 ""
FIBERMAP 548 R+1C14 METROLOGY 1 0 0 1 0 0 11.895299911743228 26.392271812155293 143.1 11.895299911743228 26.392271812155293 9.991741 170.02905 -999.0 -999.0 -999.0 -999.0 -999.0 -999.0 -999.0 -999.0 -999.0 -999.0 -999.0 -999.0 6231.0 -999.0 -1 -999 {-999.0 -999.0 -999.0 -999.0 -999.0} "" -999.0 -999.0 -999.0 -999.0 -999 -999 "" "" "" "" 0 0 0.0 0.0 -999 ""
FIBERMAP 550 R+1C1 APOGEE 0 0 0 1 0 0 -279.2182652172244 26.918613037196398 143.1 -279.2182652172244 26.918613037196398 10.0137615 169.99599 -999.0 -999.0 -999.0 -999.0 -999.0 -999.0 -999.0 -999.0 -999.0 -999.0 -999.0 -999.0 16600.0 -999.0 2 141 {-999.0 -999.0 -999.0 -999.0 -999.0} "" -999.0 -999.0 -999.0 -999.0 -999 -999 "" "" "" "" 0 0 0.0 0.0 -999 ""
FIBERMAP 550 R+1C1 BOSS 0 0 0 1 0 0 -278.4906457896346 26.933587714886347 143.1 -278.4906457896346 26.933587714886347 10.0137615 169.99599 -999.0 -999.0 -999.0 -999.0 -999.0 -999.0 -999.0 -999.0 -999.0 -999.0 -999.0 -999.0 5400.0 -999.0 1 12 {-999.0 -999.0 -999.0 -999.0 -999.0} "" -999.0 -999.0 -999.0 -999.0 -999 -999 "" "" "" "" 0 0 0.0 0.0 -999 ""
FIBERMAP 550 R+1C1 METROLOGY 1 0 0 1 0 0 -278.8487406834581 26.26966708176785 143.1 -278.8487406834581 26.26966708176785 10.0137615 169.99599 -999.0 -999.0 -999.0 -999.0 -999.0 -999.0 -999.0 -999.0 -999.0 -999.0 -999.0 -999.0 6231.0 -999.0 -1 -999 {-999.0 -999.0 -999.0 -999.0 -999.0} "" -999.0 -999.0 -999.0 -999.0 -999 -999 "" "" "" "" 0 0 0.0 0.0 -999 ""
FIBERMAP 554 R-2C23 APOGEE 0 0 0 1 0 0 224.77615973079006 -31.253201994023623 143.1 224.77615973079006 -31.253201994023623 10.004234 170.00462 -999.0 -999.0 -999.0 -999.0 -999.0 -999.0 -999.0 -999.0 -999.0 -999.0 -999.0 -999.0 16600.0 -999.0 2 197 {-999.0 -999.0 -999.0 -999.0 -999.0} "" -999.0 -999.0 -999.0 -999.0 -999 -999 "" "" "" "" 0 0 0.0 0.0 -999 ""
FIBERMAP 554 R-2C23 BOSS 0 0 0 1 0 0 225.51747337553326 -31.282828794013156 143.1 225.51747337553326 -31.282828794013156 10.004234 170.00462 -999.0 -999.0 -999.0 -999.0 -999.0 -999.0 -999.0 -999.0 -999.0 -999.0 -999.0 -999.0 5400.0 -999.0 1 310 {-999.0 -999.0 -999.0 -999.0 -999.0} "" -999.0 -999.0 -999.0 -999.0 -999 -999 "" "" "" "" 0 0 0.0 0.0 -999 ""
FIBERMAP 554 R-2C23 METROLOGY 1 0 0 1 0 0 225.14738601711156 -31.929761522534044 143.1 225.14738601711156 -31.929761522534044 10.004234 170.00462 -999.0 -999.0 -999.0 -999.0 -999.0 -999.0 -999.0 -999.0 -999.0 -999.0 -999.0 -999.0 6231.0 -999.0 -1 -999 {-999.0 -999.0 -999.0 -999.0 -999.0} "" -999.0 -999.0 -999.0 -999.0 -999 -999 "" "" "" "" 0 0 0.0 0.0 -999 ""
FIBERMAP 565 R+8C3 APOGEE 0 0 0 1 0 0 -156.17362088357868 162.7820117688625 143.1 -156.17362088357868 162.7820117688625 10.006456 169.99823 -999.0 -999.0 -999.0 -999.0 -999.0 -999.0 -999.0 -999.0 -999.0 -999.0 -999.0 -999.0 16600.0 -999.0 2 137 {-999.0 -999.0 -999.0 -999.0 -999.0} "" -999.0 -999.0 -999.0 -999.0 -999 -999 "" "" "" "" 0 0 0.0 0.0 -999 ""
FIBERMAP 565 R+8C3 BOSS 0 0 0 1 0 0 -155.43192440964103 162.80771161257215 143.1 -155.43192440964103 162.80771161257215 10.006456 169.99823 -999.0 -999.0 -999.0 -999.0 -999.0 -999.0 -999.0 -999.0 -999.0 -999.0 -999.0 -999.0 5400.0 -999.0 1 25 {-999.0 -999.0 -999.0 -999.0 -999.0} "" -999.0 -999.0 -999.0 -999.0 -999 -999 "" "" "" "" 0 0 0.0 0.0 -999 ""
FIBERMAP 565 R+8C3 METROLOGY 1 0 0 1 0 0 -155.7768105450289 162.14047046771142 143.1 -155.7768105450289 162.14047046771142 10.006456 169.99823 -999.0 -999.0 -999.0 -999.0 -999.0 -999.0 -999.0 -999.0 -999.0 -999.0 -999.0 -999.0 6231.0 -999.0 -1 -999 {-999.0 -999.0 -999.0 -999.0 -999.0} "" -999.0 -999.0 -999.0 -999.0 -999 -999 "" "" "" "" 0 0 0.0 0.0 -999 ""
FIBERMAP 566 R+8C7 APOGEE 0 0 0 1 0 0 -66.5759201805023 162.67666122373694 143.1 -66.5759201805023 162.67666122373694 9.99719 170.00209 -999.0 -999.0 -999.0 -999.0 -999.0 -999.0 -999.0 -999.0 -999.0 -999.0 -999.0 -999.0 16600.0 -999.0 2 -999 {-999.0 -999.0 -999.0 -999.0 -999.0} "" -999.0 -999.0 -999.0 -999.0 -999 -999 "" "" "" "" 0 0 0.0 0.0 -999 ""
FIBERMAP 566 R+8C7 BOSS 0 0 0 1 0 0 -65.85818351574203 162.67664213148865 143.1 -65.85818351574203 162.67664213148865 9.99719 170.00209 -999.0 -999.0 -999.0 -999.0 -999.0 -999.0 -999.0 -999.0 -999.0 -999.0 -999.0 -999.0 5400.0 -999.0 1 103 {-999.0 -999.0 -999.0 -999.0 -999.0} "" -999.0 -999.0 -999.0 -999.0 -999 -999 "" "" "" "" 0 0 0.0 0.0 -999 ""
FIBERMAP 566 R+8C7 METROLOGY 1 0 0 1 0 0 -66.19626654678152 162.03438005562253 143.1 -66.19626654678152 162.03438005562253 9.99719 170.00209 -999.0 -999.0 -999.0 -999.0 -999.0 -999.0 -999.0 -999.0 -999.0 -999.0 -999.0 -999.0 6231.0 -999.0 -1 -999 {-999.0 -999.0 -999.0 -999.0 -999.0} "" -999.0 -999.0 -999.0 -999.0 -999 -999 "" "" "" "" 0 0 0.0 0.0 -999 ""
FIBERMAP 572 R+10C5 APOGEE 0 0 0 1 0 0 -88.98408764997292 201.63020988885856 143.1 -88.98408764997292 201.63020988885856 9.982404 170.12582 -999.0 -999.0 -999.0 -999.0 -999.0 -999.0 -999.0 -999.0 -999.0 -999.0 -999.0 -999.0 16600.0 -999.0 2 -999 {-999.0 -999.0 -999.0 -999.0 -999.0} "" -999.0 -999.0 -999.0 -999.0 -999 -999 "" "" "" "" 0 0 0.0 0.0 -999 ""
FIBERMAP 572 R+10C5 BOSS 0 0 0 1 0 0 -88.23408729099032 201.64009091874763 143.1 -88.23408729099032 201.64009091874763 9.982404 170.12582 -999.0 -999.0 -999.0 -999.0 -999.0 -999.0 -999.0 -999.0 -999.0 -999.0 -999.0 -999.0 5400.0 -999.0 1 146 {-999.0 -999.0 -999.0 -999.0 -999.0} "" -999.0 -999.0 -999.0 -999.0 -999 -999 "" "" "" "" 0 0 0.0 0.0 -999 ""
FIBERMAP 572 R+10C5 METROLOGY 1 0 0 1 0 0 -88.59892674384619 200.99121610414429 143.1 -88.59892674384619 200.99121610414429 9.982404 170.12582 -999.0 -999.0 -999.0 -999.0 -999.0 -999.0 -999.0 -999.0 -999.0 -999.0 -999.0 -999.0 6231.0 -999.0 -1 -999 {-999.0 -999.0 -999.0 -999.0 -999.0} "" -999.0 -999.0 -999.0 -999.0 -999 -999 "" "" "" "" 0 0 0.0 0.0 -999 ""
FIBERMAP 575 R+3C14 APOGEE 0 0 0 1 0 0 34.24409372997942 65.81658878320954 143.1 34.24409372997942 65.81658878320954 10.012367 170.01642 -999.0 -999.0 -999.0 -999.0 -999.0 -999.0 -999.0 -999.0 -999.0 -999.0 -999.0 -999.0 16600.0 -999.0 2 24 {-999.0 -999.0 -999.0 -999.0 -999.0} "" -999.0 -999.0 -999.0 -999.0 -999 -999 "" "" "" "" 0 0 0.0 0.0 -999 ""
FIBERMAP 575 R+3C14 BOSS 0 0 0 1 0 0 34.97833134864102 65.82315354106618 143.1 34.97833134864102 65.82315354106618 10.012367 170.01642 -999.0 -999.0 -999.0 -999.0 -999.0 -999.0 -999.0 -999.0 -999.0 -999.0 -999.0 -999.0 5400.0 -999.0 1 97 {-999.0 -999.0 -999.0 -999.0 -999.0} "" -999.0 -999.0 -999.0 -999.0 -999 -999 "" "" "" "" 0 0 0.0 0.0 -999 ""
FIBERMAP 575 R+3C14 METROLOGY 1 0 0 1 0 0 34.623126473882344 65.16657871704041 143.1 34.623126473882344 65.16657871704041 10.012367 170.01642 -999.0 -999.0 -999.0 -999.0 -999.0 -999.0 -999.0 -999.0 -999.0 -999.0 -999.0 -999.0 6231.0 -999.0 -1 -999 {-999.0 -999.0 -999.0 -999.0 -999.0} "" -999.0 -999.0 -999.0 -999.0 -999 -999 "" "" "" "" 0 0 0.0 0.0 -999 ""
FIBERMAP 577 R+6C15 APOGEE 0 0 0 1 0 0 90.03414384837595 124.12032215920419 143.1 90.03414384837595 124.12032215920419 10.020801 170.00095 -999.0 -999.0 -999.0 -999.0 -999.0 -999.0 -999.0 -999.0 -999.0 -999.0 -999.0 -999.0 16600.0 -999.0 2 36 {-999.0 -999.0 -999.0 -999.0 -999.0} "" -999.0 -999.0 -999.0 -999.0 -999 -999 "" "" "" "" 0 0 0.0 0.0 -999 ""
FIBERMAP 577 R+6C15 BOSS 0 0 0 1 0 0 90.77782566072983 124.1393533674147 143.1 90.77782566072983 124.1393533674147 10.020801 170.00095 -999.0 -999.0 -999.0 -999.0 -999.0 -999.0 -999.0 -999.0 -999.0 -999.0 -999.0 -999.0 5400.0 -999.0 1 188 {-999.0 -999.0 -999.0 -999.0 -999.0} "" -999.0 -999.0 -999.0 -999.0 -999 -999 "" "" "" "" 0 0 0.0 0.0 -999 ""
FIBERMAP 577 R+6C15 METROLOGY 1 0 0 1 0 0 90.42551130843923 123.47364468663247 143.1 90.42551130843923 123.47364468663247 10.020801 170.00095 -999.0 -999.0 -999.0 -999.0 -999.0 -999.0 -999.0 -999.0 -999.0 -999.0 -999.0 -999.0 6231.0 -999.0 -1 -999 {-999.0 -999.0 -999.0 -999.0 -999.0} "" -999.0 -999.0 -999.0 -999.0 -999 -999 "" "" "" "" 0 0 0.0 0.0 -999 ""
FIBERMAP 580 R+9C7 APOGEE 0 0 0 1 0 0 -55.39671933006107 182.2727370614554 143.1 -55.39671933006107 182.2727370614554 10.005267 170.0004 -999.0 -999.0 -999.0 -999.0 -999.0 -999.0 -999.0 -999.0 -999.0 -999.0 -999.0 -999.0 16600.0 -999.0 2 29 {-999.0 -999.0 -999.0 -999.0 -999.0} "" -999.0 -999.0 -999.0 -999.0 -999 -999 "" "" "" "" 0 0 0.0 0.0 -999 ""
FIBERMAP 580 R+9C7 BOSS 0 0 0 1 0 0 -54.65805591712803 182.2808399584173 143.1 -54.65805591712803 182.2808399584173 10.005267 170.0004 -999.0 -999.0 -999.0 -999.0 -999.0 -999.0 -999.0 -999.0 -999.0 -999.0 -999.0 -999.0 5400.0 -999.0 1 118 {-999.0 -999.0 -999.0 -999.0 -999.0} "" -999.0 -999.0 -999.0 -999.0 -999 -999 "" "" "" "" 0 0 0.0 0.0 -999 ""
FIBERMAP 580 R+9C7 METROLOGY 1 0 0 1 0 0 -55.02437332712027 181.62946928147582 143.1 -55.02437332712027 181.62946928147582 10.005267 170.0004 -999.0 -999.0 -999.0 -999.0 -999.0 -999.0 -999.0 -999.0 -999.0 -999.0 -999.0 -999.0 6231.0 -999.0 -1 -999 {-999.0 -999.0 -999.0 -999.0 -999.0} "" -999.0 -999.0 -999.0 -999.0 -999 -999 "" "" "" "" 0 0 0.0 0.0 -999 ""
FIBERMAP 581 R-1C19 APOGEE 0 0 0 1 0 0 123.66534170967742 -11.76847558621013 143.1 123.66534170967742 -11.76847558621013 9.988908 170.0082 -999.0 -999.0 -999.0 -999.0 -999.0 -999.0 -999.0 -999.0 -999.0 -999.0 -999.0 -999.0 16600.0 -999.0 2 -999 {-999.0 -999.0 -999.0 -999.0 -999.0} "" -999.0 -999.0 -999.0 -999.0 -999 -999 "" "" "" "" 0 0 0.0 0.0 -999 ""
FIBERMAP 581 R-1C19 BOSS 0 0 0 1 0 0 124.42085389862724 -11.759007222521827 143.1 124.42085389862724 -11.759007222521827 9.988908 170.0082 -999.0 -999.0 -999.0 -999.0 -999.0 -999.0 -999.0 -999.0 -999.0 -999.0 -999.0 -999.0 5400.0 -999.0 1 296 {-999.0 -999.0 -999.0 -999.0 -999.0} "" -999.0 -999.0 -999.0 -999.0 -999 -999 "" "" "" "" 0 0 0.0 0.0 -999 ""
FIBERMAP 581 R-1C19 METROLOGY 1 0 0 1 0 0 124.05583983424819 -12.404221758214735 143.1 124.05583983424819 -12.404221758214735 9.988908 170.0082 -999.0 -999.0 -999.0 -999.0 -999.0 -999.0 -999.0 -999.0 -999.0 -999.0 -999.0 -999.0 6231.0 -999.0 -1 -999 {-999.0 -999.0 -999.0 -999.0 -999.0} "" -999.0 -999.0 -999.0 -999.0 -999 -999 "" "" "" "" 0 0 0.0 0.0 -999 ""
FIBERMAP 587 R-10C13 APOGEE 0 0 0 1 0 0 89.94712147073541 -186.47373083523286 143.1 89.94712147073541 -186.47373083523286 9.989901 169.99966 -999.0 -999.0 -999.0 -999.0 -999.0 -999.0 -999.0 -999.0 -999.0 -999.0 -999.0 -999.0 16600.0 -999.0 2 -999 {-999.0 -999.0 -999.0 -999.0 -999.0} "" -999.0 -999.0 -999.0 -999.0 -999 -999 "" "" "" "" 0 0 0.0 0.0 -999 ""
FIBERMAP 587 R-10C13 BOSS 0 0 0 1 0 0 90.69343647392712 -186.4523019669973 143.1 90.69343647392712 -186.4523019669973 9.989901 169.99966 -999.0 -999.0 -999.0 -999.0 -999.0 -999.0 -999.0 -999.0 -999.0 -999.0 -999.0 -999.0 5400.0 -999.0 1 396 {-999.0 -999.0 -999.0 -999.0 -999.0} "" -999.0 -999.0 -999.0 -999.0 -999 -999 "" "" "" "" 0 0 0.0 0.0 -999 ""
FIBERMAP 587 R-10C13 METROLOGY 1 0 0 1 0 0 90.33844624707447 -187.10896850723836 143.1 90.33844624707447 -187.10896850723836 9.989901 169.99966 -999.0 -999.0 -999.0 -999.0 -999.0 -999.0 -999.0 -999.0 -999.0 -999.0 -999.0 -999.0 6231.0 -999.0 -1 -999 {-999.0 -999.0 -999.0 -999.0 -999.0} "" -999.0 -999.0 -999.0 -999.0 -999 -999 "" "" "" "" 0 0 0.0 0.0 -999 ""
FIBERMAP 588 R+8C1 APOGEE 0 0 0 1 0 0 -200.8935803818282 162.71614774655222 143.1 -200.8935803818282 162.71614774655222 10.005797 170.0086 -999.0 -999.0 -999.0 -999.0 -999.0 -999.0 -999.0 -999.0 -999.0 -999.0 -999.0 -999.0 16600.0 -999.0 2 94 {-999.0 -999.0 -999.0 -999.0 -999.0} "" -999.0 -999.0 -999.0 -999.0 -999 -999 "" "" "" "" 0 0 0.0 0.0 -999 ""
FIBERMAP 588 R+8C1 BOSS 0 0 0 1 0 0 -200.16203658050765 162.68789816189846 143.1 -200.16203658050765 162.68789816189846 10.005797 170.0086 -999.0 -999.0 -999.0 -999.0 -999.0 -999.0 -999.0 -999.0 -999.0 -999.0 -999.0 -999.0 5400.0 -999.0 1 81 {-999.0 -999.0 -999.0 -999.0 -999.0} "" -999.0 -999.0 -999.0 -999.0 -999 -999 "" "" "" "" 0 0 0.0 0.0 -999 ""
FIBERMAP 588 R+8C1 METROLOGY 1 0 0 1 0 0 -200.55897768990667 162.04940220342326 143.1 -200.55897768990667 162.04940220342326 10.005797 170.0086 -999.0 -999.0 -999.0 -999.0 -999.0 -999.0 -999.0 -999.0 -999.0 -999.0 -999.0 -999.0 6231.0 -999.0 -1 -999 {-999.0 -999.0 -999.0 -999.0 -999.0} "" -999.0 -999.0 -999.0 -999.0 -999 -999 "" "" "" "" 0 0 0.0 0.0 -999 ""
FIBERMAP 589 R-2C25 APOGEE 0 0 0 1 0 0 269.2821090142894 -31.17614766605646 143.1 269.2821090142894 -31.17614766605646 10.018123 170.0152 -999.0 -999.0 -999.0 -999.0 -999.0 -999.0 -999.0 -999.0 -999.0 -999.0 -999.0 -999.0 16600.0 -999.0 2 216 {-999.0 -999.0 -999.0 -999.0 -999.0} "" -999.0 -999.0 -999.0 -999.0 -999 -999 "" "" "" "" 0 0 0.0 0.0 -999 ""
FIBERMAP 589 R-2C25 BOSS 0 0 0 1 0 0 270.01858227791433 -31.15143651742863 143.1 270.01858227791433 -31.15143651742863 10.018123 170.0152 -999.0 -999.0 -999.0 -999.0 -999.0 -999.0 -999.0 -999.0 -999.0 -999.0 -999.0 -999.0 5400.0 -999.0 1 254 {-999.0 -999.0 -999.0 -999.0 -999.0} "" -999.0 -999.0 -999.0 -999.0 -999 -999 "" "" "" "" 0 0 0.0 0.0 -999 ""
FIBERMAP 589 R-2C25 METROLOGY 1 0 0 1 0 0 269.659984427314 -31.81011783936307 143.1 269.659984427314 -31.81011783936307 10.018123 170.0152 -999.0 -999.0 -999.0 -999.0 -999.0 -999.0 -999.0 -999.0 -999.0 -999.0 -999.0 -999.0 6231.0 -999.0 -1 -999 {-999.0 -999.0 -999.0 -999.0 -999.0} "" -999.0 -999.0 -999.0 -999.0 -999 -999 "" "" "" "" 0 0 0.0 0.0 -999 ""
FIBERMAP 592 R0C5 APOGEE 0 0 0 1 0 0 -201.11406725170062 7.491062759115591 143.1 -201.11406725170062 7.491062759115591 10.006536 169.99371 -999.0 -999.0 -999.0 -999.0 -999.0 -999.0 -999.0 -999.0 -999.0 -999.0 -999.0 -999.0 16600.0 -999.0 2 243 {-999.0 -999.0 -999.0 -999.0 -999.0} "" -999.0 -999.0 -999.0 -999.0 -999 -999 "" "" "" "" 0 0 0.0 0.0 -999 ""
FIBERMAP 592 R0C5 BOSS 0 0 0 1 0 0 -200.37415955193336 7.511996103382073 143.1 -200.37415955193336 7.511996103382073 10.006536 169.99371 -999.0 -999.0 -999.0 -999.0 -999.0 -999.0 -999.0 -999.0 -999.0 -999.0 -999.0 -999.0 5400.0 -999.0 1 495 {-999.0 -999.0 -999.0 -999.0 -999.0} "" -999.0 -999.0 -999.0 -999.0 -999 -999 "" "" "" "" 0 0 0.0 0.0 -999 ""
FIBERMAP 592 R0C5 METROLOGY 1 0 0 1 0 0 -200.69801254614276 6.845827908425104 143.1 -200.69801254614276 6.845827908425104 10.006536 169.99371 -999.0 -999.0 -999.0 -999.0 -999.0 -999.0 -999.0 -999.0 -999.0 -999.0 -999.0 -999.0 6231.0 -999.0 -1 -999 {-999.0 -999.0 -999.0 -999.0 -999.0} "" -999.0 -999.0 -999.0 -999.0 -999 -999 "" "" "" "" 0 0 0.0 0.0 -999 ""
FIBERMAP 594 R+1C22 APOGEE 0 0 0 1 0 0 191.2511175405955 26.995434132000764 143.1 191.2511175405955 26.995434132000764 10.010634 170.00734 -999.0 -999.0 -999.0 -999.0 -999.0 -999.0 -999.0 -999.0 -999.0 -999.0 -999.0 -999.0 16600.0 -999.0 2 86 {-999.0 -999.0 -999.0 -999.0 -999.0} "" -999.0 -999.0 -999.0 -999.0 -999 -999 "" "" "" "" 0 0 0.0 0.0 -999 ""
FIBERMAP 594 R+1C22 BOSS 0 0 0 1 0 0 191.9866410814206 26.97148248700876 143.1 191.9866410814206 26.97148248700876 10.010634 170.00734 -999.0 -999.0 -999.0 -999.0 -999.0 -999.0 -999.0 -999.0 -999.0 -999.0 -999.0 -999.0 5400.0 -999.0 1 235 {-999.0 -999.0 -999.0 -999.0 -999.0} "" -999.0 -999.0 -999.0 -999.0 -999 -999 "" "" "" "" 0 0 0.0 0.0 -999 ""
FIBERMAP 594 R+1C22 METROLOGY 1 0 0 1 0 0 191.6107408765659 26.333935967467138 143.1 191.6107408765659 26.333935967467138 10.010634 170.00734 -999.0 -999.0 -999.0 -999.0 -999.0 -999.0 -999.0 -999.0 -999.0 -999.0 -999.0 -999.0 6231.0 -999.0 -1 -999 {-999.0 -999.0 -999.0 -999.0 -999.0} "" -999.0 -999.0 -999.0 -999.0 -999 -999 "" "" "" "" 0 0 0.0 0.0 -999 ""
FIBERMAP 597 R+1C2 APOGEE 0 0 0 1 0 0 -256.84867152589766 26.885417956882236 143.1 -256.84867152589766 26.885417956882236 10.010379 169.99297 -999.0 -999.0 -999.0 -999.0 -999.0 -999.0 -999.0 -999.0 -999.0 -999.0 -999.0 -999.0 16600.0 -999.0 2 -999 {-999.0 -999.0 -999.0 -999.0 -999.0} "" -999.0 -999.0 -999.0 -999.0 -999 -999 "" "" "" "" 0 0 0.0 0.0 -999 ""
FIBERMAP 597 R+1C2 BOSS 0 0 0 1 0 0 -256.0806325799533 26.89087639517372 143.1 -256.0806325799533 26.89087639517372 10.010379 169.99297 -999.0 -999.0 -999.0 -999.0 -999.0 -999.0 -999.0 -999.0 -999.0 -999.0 -999.0 -999.0 5400.0 -999.0 1 11 {-999.0 -999.0 -999.0 -999.0 -999.0} "" -999.0 -999.0 -999.0 -999.0 -999 -999 "" "" "" "" 0 0 0.0 0.0 -999 ""
FIBERMAP 597 R+1C2 METROLOGY 1 0 0 1 0 0 -256.46962394978544 26.242778932580705 143.1 -256.46962394978544 26.242778932580705 10.010379 169.99297 -999.0 -999.0 -999.0 -999.0 -999.0 -999.0 -999.0 -999.0 -999.0 -999.0 -999.0 -999.0 6231.0 -999.0 -1 -999 {-999.0 -999.0 -999.0 -999.0 -999.0} "" -999.0 -999.0 -999.0 -999.0 -999 -999 "" "" "" "" 0 0 0.0 0.0 -999 ""
FIBERMAP 598 R+11C9 APOGEE 0 0 0 1 0 0 11.78758224258334 221.00804265478058 143.1 11.78758224258334 221.00804265478058 9.995108 170.02164 -999.0 -999.0 -999.0 -999.0 -999.0 -999.0 -999.0 -999.0 -999.0 -999.0 -999.0 -999.0 16600.0 -999.0 2 21 {-999.0 -999.0 -999.0 -999.0 -999.0} "" -999.0 -999.0 -999.0 -999.0 -999 -999 "" "" "" "" 0 0 0.0 0.0 -999 ""
FIBERMAP 598 R+11C9 BOSS 0 0 0 1 0 0 12.521506835584137 221.00926959732942 143.1 12.521506835584137 221.00926959732942 9.995108 170.02164 -999.0 -999.0 -999.0 -999.0 -999.0 -999.0 -999.0 -999.0 -999.0 -999.0 -999.0 -999.0 5400.0 -999.0 1 110 {-999.0 -999.0 -999.0 -999.0 -999.0} "" -999.0 -999.0 -999.0 -999.0 -999 -999 "" "" "" "" 0 0 0.0 0.0 -999 ""
FIBERMAP 598 R+11C9 METROLOGY 1 0 0 1 0 0 12.160428839312544 220.35973085092553 143.1 12.160428839312544 220.35973085092553 9.995108 170.02164 -999.0 -999.0 -999.0 -999.0 -999.0 -999.0 -999.0 -999.0 -999.0 -999.0 -999.0 -999.0 6231.0 -999.0 -1 -999 {-999.0 -999.0 -999.0 -999.0 -999.0} "" -999.0 -999.0 -999.0 -999.0 -999 -999 "" "" "" "" 0 0 0.0 0.0 -999 ""
FIBERMAP 599 R+2C11 APOGEE 0 0 0 1 0 0 -44.31997025253155 46.388323717939016 143.1 -44.31997025253155 46.388323717939016 10.010162 170.01501 -999.0 -999.0 -999.0 -999.0 -999.0 -999.0 -999.0 -999.0 -999.0 -999.0 -999.0 -999.0 16600.0 -999.0 2 142 {-999.0 -999.0 -999.0 -999.0 -999.0} "" -999.0 -999.0 -999.0 -999.0 -999 -999 "" "" "" "" 0 0 0.0 0.0 -999 ""
FIBERMAP 599 R+2C11 BOSS 0 0 0 1 0 0 -43.577953711354965 46.392889060156236 143.1 -43.577953711354965 46.392889060156236 10.010162 170.01501 -999.0 -999.0 -999.0 -999.0 -999.0 -999.0 -999.0 -999.0 -999.0 -999.0 -999.0 -999.0 5400.0 -999.0 1 23 {-999.0 -999.0 -999.0 -999.0 -999.0} "" -999.0 -999.0 -999.0 -999.0 -999 -999 "" "" "" "" 0 0 0.0 0.0 -999 ""
FIBERMAP 599 R+2C11 METROLOGY 1 0 0 1 0 0 -43.941890452492856 45.74041465365685 143.1 -43.941890452492856 45.74041465365685 10.010162 170.01501 -999.0 -999.0 -999.0 -999.0 -999.0 -999.0 -999.0 -999.0 -999.0 -999.0 -999.0 -999.0 6231.0 -999.0 -1 -999 {-999.0 -999.0 -999.0 -999.0 -999.0} "" -999.0 -999.0 -999.0 -999.0 -999 -999 "" "" "" "" 0 0 0.0 0.0 -999 ""
FIBERMAP 600 R+1C17 APOGEE 0 0 0 1 0 0 79.04766465684402 27.01617952651177 143.1 79.04766465684402 27.01617952651177 10.00574 170.0178 -999.0 -999.0 -999.0 -999.0 -999.0 -999.0 -999.0 -999.0 -999.0 -999.0 -999.0 -999.0 16600.0 -999.0 2 -999 {-999.0 -999.0 -999.0 -999.0 -999.0} "" -999.0 -999.0 -999.0 -999.0 -999 -999 "" "" "" "" 0 0 0.0 0.0 -999 ""
FIBERMAP 600 R+1C17 BOSS 0 0 0 1 0 0 79.82255336484963 27.046864954019696 143.1 79.82255336484963 27.046864954019696 10.00574 170.0178 -999.0 -999.0 -999.0 -999.0 -999.0 -999.0 -999.0 -999.0 -999.0 -999.0 -999.0 -999.0 5400.0 -999.0 1 191 {-999.0 -999.0 -999.0 -999.0 -999.0} "" -999.0 -999.0 -999.0 -999.0 -999 -999 "" "" "" "" 0 0 0.0 0.0 -999 ""
FIBERMAP 600 R+1C17 METROLOGY 1 0 0 1 0 0 79.43845407569378 26.3806123698502 143.1 79.43845407569378 26.3806123698502 10.00574 170.0178 -999.0 -999.0 -999.0 -999.0 -999.0 -999.0 -999.0 -999.0 -999.0 -999.0 -999.0 -999.0 6231.0 -999.0 -1 -999 {-999.0 -999.0 -999.0 -999.0 -999.0} "" -999.0 -999.0 -999.0 -999.0 -999 -999 "" "" "" "" 0 0 0.0 0.0 -999 ""
FIBERMAP 604 R+7C14 APOGEE 0 0 0 1 0 0 78.91668952827632 143.44929017551877 143.1 78.91668952827632 143.44929017551877 10.010813 169.99733 -999.0 -999.0 -999.0 -999.0 -999.0 -999.0 -999.0 -999.0 -999.0 -999.0 -999.0 -999.0 16600.0 -999.0 2 43 {-999.0 -999.0 -999.0 -999.0 -999.0} "" -999.0 -999.0 -999.0 -999.0 -999 -999 "" "" "" "" 0 0 0.0 0.0 -999 ""
FIBERMAP 604 R+7C14 BOSS 0 0 0 1 0 0 79.64700201703117 143.42591367779616 143.1 79.64700201703117 143.42591367779616 10.010813 169.99733 -999.0 -999.0 -999.0 -999.0 -999.0 -999.0 -999.0 -999.0 -999.0 -999.0 -999.0 -999.0 5400.0 -999.0 1 160 {-999.0 -999.0 -999.0 -999.0 -999.0} "" -999.0 -999.0 -999.0 -999.0 -999 -999 "" "" "" "" 0 0 0.0 0.0 -999 ""
FIBERMAP 604 R+7C14 METROLOGY 1 0 0 1 0 0 79.2683784041721 142.78350828323485 143.1 79.2683784041721 142.78350828323485 10.010813 169.99733 -999.0 -999.0 -999.0 -999.0 -999.0 -999.0 -999.0 -999.0 -999.0 -999.0 -999.0 -999.0 6231.0 -999.0 -1 -999 {-999.0 -999.0 -999.0 -999.0 -999.0} "" -999.0 -999.0 -999.0 -999.0 -999 -999 "" "" "" "" 0 0 0.0 0.0 -999 ""
FIBERMAP 605 R+13C13 APOGEE 0 0 0 1 0 0 123.71822774281611 259.670442176719 143.1 123.71822774281611 259.670442176719 10.008499 170.02261 -999.0 -999.0 -999.0 -999.0 -999.0 -999.0 -999.0 -999.0 -999.0 -999.0 -999.0 -999.0 16600.0 -999.0 2 103 {-999.0 -999.0 -999.0 -999.0 -999.0} "" -999.0 -999.0 -999.0 -999.0 -999 -999 "" "" "" "" 0 0 0.0 0.0 -999 ""
FIBERMAP 605 R+13C13 BOSS 0 0 0 1 0 0 124.45636945155228 259.6384643710137 143.1 124.45636945155228 259.6384643710137 10.008499 170.02261 -999.0 -999.0 -999.0 -999.0 -999.0 -999.0 -999.0 -999.0 -999.0 -999.0 -999.0 -999.0 5400.0 -999.0 1 91 {-999.0 -999.0 -999.0 -999.0 -999.0} "" -999.0 -999.0 -999.0 -999.0 -999 -999 "" "" "" "" 0 0 0.0 0.0 -999 ""
FIBERMAP 605 R+13C13 METROLOGY 1 0 0 1 0 0 124.06704153837174 259.00614377925376 143.1 124.06704153837174 259.00614377925376 10.008499 170.02261 -999.0 -999.0 -999.0 -999.0 -999.0 -999.0 -999.0 -999.0 -999.0 -999.0 -999.0 -999.0 6231.0 -999.0 -1 -999 {-999.0 -999.0 -999.0 -999.0 -999.0} "" -999.0 -999.0 -999.0 -999.0 -999 -999 "" "" "" "" 0 0 0.0 0.0 -999 ""
FIBERMAP 610 R-4C21 APOGEE 0 0 0 1 0 0 202.387069446307 -69.98709859496215 143.1 202.387069446307 -69.98709859496215 9.995259 169.99887 -999.0 -999.0 -999.0 -999.0 -999.0 -999.0 -999.0 -999.0 -999.0 -999.0 -999.0 -999.0 16600.0 -999.0 2 232 {-999.0 -999.0 -999.0 -999.0 -999.0} "" -999.0 -999.0 -999.0 -999.0 -999 -999 "" "" "" "" 0 0 0.0 0.0 -999 ""
FIBERMAP 610 R-4C21 BOSS 0 0 0 1 0 0 203.13385348117444 -69.98746249752975 143.1 203.13385348117444 -69.98746249752975 9.995259 169.99887 -999.0 -999.0 -999.0 -999.0 -999.0 -999.0 -999.0 -999.0 -999.0 -999.0 -999.0 -999.0 5400.0 -999.0 1 279 {-999.0 -999.0 -999.0 -999.0 -999.0} "" -999.0 -999.0 -999.0 -999.0 -999 -999 "" "" "" "" 0 0 0.0 0.0 -999 ""
FIBERMAP 610 R-4C21 METROLOGY 1 0 0 1 0 0 202.73800205412994 -70.6436871367518 143.1 202.73800205412994 -70.6436871367518 9.995259 169.99887 -999.0 -999.0 -999.0 -999.0 -999.0 -999.0 -999.0 -999.0 -999.0 -999.0 -999.0 -999.0 6231.0 -999.0 -1 -999 {-999.0 -999.0 -999.0 -999.0 -999.0} "" -999.0 -999.0 -999.0 -999.0 -999 -999 "" "" "" "" 0 0 0.0 0.0 -999 ""
FIBERMAP 613 R0C25 APOGEE 0 0 0 1 0 0 247.100004766744 7.602188976325001 143.1 247.100004766744 7.602188976325001 10.010969 170.00926 -999.0 -999.0 -999.0 -999.0 -999.0 -999.0 -999.0 -999.0 -999.0 -999.0 -999.0 -999.0 16600.0 -999.0 2 35 {-999.0 -999.0 -999.0 -999.0 -999.0} "" -999.0 -999.0 -999.0 -999.0 -999 -999 "" "" "" "" 0 0 0.0 0.0 -999 ""
FIBERMAP 613 R0C25 BOSS 0 0 0 1 0 0 247.84497171908524 7.602521645057454 143.1 247.84497171908524 7.602521645057454 10.010969 170.00926 -999.0 -999.0 -999.0 -999.0 -999.0 -999.0 -999.0 -999.0 -999.0 -999.0 -999.0 -999.0 5400.0 -999.0 1 172 {-999.0 -999.0 -999.0 -999.0 -999.0} "" -999.0 -999.0 -999.0 -999.0 -999 -999 "" "" "" "" 0 0 0.0 0.0 -999 ""
FIBERMAP 613 R0C25 METROLOGY 1 0 0 1 0 0 247.4746814621768 6.949912172881188 143.1 247.4746814621768 6.949912172881188 10.010969 170.00926 -999.0 -999.0 -999.0 -999.0 -999.0 -999.0 -999.0 -999.0 -999.0 -999.0 -999.0 -999.0 6231.0 -999.0 -1 -999 {-999.0 -999.0 -999.0 -999.0 -999.0} "" -999.0 -999.0 -999.0 -999.0 -999 -999 "" "" "" "" 0 0 0.0 0.0 -999 ""
FIBERMAP 614 R+1C11 APOGEE 0 0 0 1 0 0 -55.39585301893331 26.91070975997267 143.1 -55.39585301893331 26.91070975997267 10.015951 170.02458 -999.0 -999.0 -999.0 -999.0 -999.0 -999.0 -999.0 -999.0 -999.0 -999.0 -999.0 -999.0 16600.0 -999.0 2 134 {-999.0 -999.0 -999.0 -999.0 -999.0} "" -999.0 -999.0 -999.0 -999.0 -999 -999 "" "" "" "" 0 0 0.0 0.0 -999 ""
FIBERMAP 614 R+1C11 BOSS 0 0 0 1 0 0 -54.650433767119175 26.913880362439386 143.1 -54.650433767119175 26.913880362439386 10.015951 170.02458 -999.0 -999.0 -999.0 -999.0 -999.0 -999.0 -999.0 -999.0 -999.0 -999.0 -999.0 -999.0 5400.0 -999.0 1 31 {-999.0 -999.0 -999.0 -999.0 -999.0} "" -999.0 -999.0 -999.0 -999.0 -999 -999 "" "" "" "" 0 0 0.0 0.0 -999 ""
FIBERMAP 614 R+1C11 METROLOGY 1 0 0 1 0 0 -55.02176512252188 26.254344061396388 143.1 -55.02176512252188 26.254344061396388 10.015951 170.02458 -999.0 -999.0 -999.0 -999.0 -999.0 -999.0 -999.0 -999.0 -999.0 -999.0 -999.0 -999.0 6231.0 -999.0 -1 -999 {-999.0 -999.0 -999.0 -999.0 -999.0} "" -999.0 -999.0 -999.0 -999.0 -999 -999 "" "" "" "" 0 0 0.0 0.0 -999 ""
FIBERMAP 615 R-10C5 APOGEE 0 0 0 1 0 0 -89.14821715648615 -186.43901622257357 143.1 -89.14821715648615 -186.43901622257357 10.011609 170.00156 -999.0 -999.0 -999.0 -999.0 -999.0 -999.0 -999.0 -999.0 -999.0 -999.0 -999.0 -999.0 16600.0 -999.0 2 -999 {-999.0 -999.0 -999.0 -999.0 -999.0} "" -999.0 -999.0 -999.0 -999.0 -999 -999 "" "" "" "" 0 0 0.0 0.0 -999 ""
FIBERMAP 615 R-10C5 BOSS 0 0 0 1 0 0 -88.4062465894398 -186.41278854386928 143.1 -88.4062465894398 -186.41278854386928 10.011609 170.00156 -999.0 -999.0 -999.0 -999.0 -999.0 -999.0 -999.0 -999.0 -999.0 -999.0 -999.0 -999.0 5400.0 -999.0 1 348 {-999.0 -999.0 -999.0 -999.0 -999.0} "" -999.0 -999.0 -999.0 -999.0 -999 -999 "" "" "" "" 0 0 0.0 0.0 -999 ""
FIBERMAP 615 R-10C5 METROLOGY 1 0 0 1 0 0 -88.75950681191043 -187.07585705710886 143.1 -88.75950681191043 -187.07585705710886 10.011609 170.00156 -999.0 -999.0 -999.0 -999.0 -999.0 -999.0 -999.0 -999.0 -999.0 -999.0 -999.0 -999.0 6231.0 -999.0 -1 -999 {-999.0 -999.0 -999.0 -999.0 -999.0} "" -999.0 -999.0 -999.0 -999.0 -999 -999 "" "" "" "" 0 0 0.0 0.0 -999 ""
FIBERMAP 619 R+7C12 APOGEE 0 0 0 1 0 0 33.96735586208364 143.34633280601645 143.1 33.96735586208364 143.34633280601645 9.992265 170.00563 -999.0 -999.0 -999.0 -999.0 -999.0 -999.0 -999.0 -999.0 -999.0 -999.0 -999.0 -999.0 16600.0 -999.0 2 6 {-999.0 -999.0 -999.0 -999.0 -999.0} "" -999.0 -999.0 -999.0 -999.0 -999 -999 "" "" "" "" 0 0 0.0 0.0 -999 ""
FIBERMAP 619 R+7C12 BOSS 0 0 0 1 0 0 34.70416714444895 143.33545398387142 143.1 34.70416714444895 143.33545398387142 9.992265 170.00563 -999.0 -999.0 -999.0 -999.0 -999.0 -999.0 -999.0 -999.0 -999.0 -999.0 -999.0 -999.0 5400.0 -999.0 1 138 {-999.0 -999.0 -999.0 -999.0 -999.0} "" -999.0 -999.0 -999.0 -999.0 -999 -999 "" "" "" "" 0 0 0.0 0.0 -999 ""
FIBERMAP 619 R+7C12 METROLOGY 1 0 0 1 0 0 34.32695230892254 142.68597106906756 143.1 34.32695230892254 142.68597106906756 9.992265 170.00563 -999.0 -999.0 -999.0 -999.0 -999.0 -999.0 -999.0 -999.0 -999.0 -999.0 -999.0 -999.0 6231.0 -999.0 -1 -999 {-999.0 -999.0 -999.0 -999.0 -999.0} "" -999.0 -999.0 -999.0 -999.0 -999 -999 "" "" "" "" 0 0 0.0 0.0 -999 ""
FIBERMAP 623 R+6C11 APOGEE 0 0 0 1 0 0 0.4127667211825668 123.90538523936026 143.1 0.4127667211825668 123.90538523936026 10.005833 170.0271 -999.0 -999.0 -999.0 -999.0 -999.0 -999.0 -999.0 -999.0 -999.0 -999.0 -999.0 -999.0 16600.0 -999.0 2 -999 {-999.0 -999.0 -999.0 -999.0 -999.0} "" -999.0 -999.0 -999.0 -999.0 -999 -999 "" "" "" "" 0 0 0.0 0.0 -999 ""
FIBERMAP 623 R+6C11 BOSS 0 0 0 1 0 0 1.1798407526725696 123.91966140405576 143.1 1.1798407526725696 123.91966140405576 10.005833 170.0271 -999.0 -999.0 -999.0 -999.0 -999.0 -999.0 -999.0 -999.0 -999.0 -999.0 -999.0 -999.0 5400.0 -999.0 1 136 {-999.0 -999.0 -999.0 -999.0 -999.0} "" -999.0 -999.0 -999.0 -999.0 -999 -999 "" "" "" "" 0 0 0.0 0.0 -999 ""
FIBERMAP 623 R+6C11 METROLOGY 1 0 0 1 0 0 0.8088332769063238 123.273093167649 143.1 0.8088332769063238 123.273093167649 10.005833 170.0271 -999.0 -999.0 -999.0 -999.0 -999.0 -999.0 -999.0 -999.0 -999.0 -999.0 -999.0 -999.0 6231.0 -999.0 -1 -999 {-999.0 -999.0 -999.0 -999.0 -999.0} "" -999.0 -999.0 -999.0 -999.0 -999 -999 "" "" "" "" 0 0 0.0 0.0 -999 ""
FIBERMAP 624 R-5C1 APOGEE 0 0 0 1 0 0 -234.54333466389062 -89.49443071752214 143.1 -234.54333466389062 -89.49443071752214 10.00554 170.02179 -999.0 -999.0 -999.0 -999.0 -999.0 -999.0 -999.0 -999.0 -999.0 -999.0 -999.0 -999.0 16600.0 -999.0 2 241 {-999.0 -999.0 -999.0 -999.0 -999.0} "" -999.0 -999.0 -999.0 -999.0 -999 -999 "" "" "" "" 0 0 0.0 0.0 -999 ""
FIBERMAP 624 R-5C1 BOSS 0 0 0 1 0 0 -233.80118754745135 -89.46605488763741 143.1 -233.80118754745135 -89.46605488763741 10.00554 170.02179 -999.0 -999.0 -999.0 -999.0 -999.0 -999.0 -999.0 -999.0 -999.0 -999.0 -999.0 -999.0 5400.0 -999.0 1 498 {-999.0 -999.0 -999.0 -999.0 -999.0} "" -999.0 -999.0 -999.0 -999.0 -999 -999 "" "" "" "" 0 0 0.0 0.0 -999 ""
FIBERMAP 624 R-5C1 METROLOGY 1 0 0 1 0 0 -234.13287072461583 -90.12550085197377 143.1 -234.13287072461583 -90.12550085197377 10.00554 170.02179 -999.0 -999.0 -999.0 -999.0 -999.0 -999.0 -999.0 -999.0 -999.0 -999.0 -999.0 -999.0 6231.0 -999.0 -1 -999 {-999.0 -999.0 -999.0 -999.0 -999.0} "" -999.0 -999.0 -999.0 -999.0 -999 -999 "" "" "" "" 0 0 0.0 0.0 -999 ""
FIBERMAP 627 R+5C4 APOGEE 0 0 0 1 0 0 -167.63598945052 104.50504507906975 143.1 -167.63598945052 104.50504507906975 10.004954 170.01901 -999.0 -999.0 -999.0 -999.0 -999.0 -999.0 -999.0 -999.0 -999.0 -999.0 -999.0 -999.0 16600.0 -999.0 2 -999 {-999.0 -999.0 -999.0 -999.0 -999.0} "" -999.0 -999.0 -999.0 -999.0 -999 -999 "" "" "" "" 0 0 0.0 0.0 -999 ""
FIBERMAP 627 R+5C4 BOSS 0 0 0 1 0 0 -166.88025220998986 104.52160117831149 143.1 -166.88025220998986 104.52160117831149 10.004954 170.01901 -999.0 -999.0 -999.0 -999.0 -999.0 -999.0 -999.0 -999.0 -999.0 -999.0 -999.0 -999.0 5400.0 -999.0 1 37 {-999.0 -999.0 -999.0 -999.0 -999.0} "" -999.0 -999.0 -999.0 -999.0 -999 -999 "" "" "" "" 0 0 0.0 0.0 -999 ""
FIBERMAP 627 R+5C4 METROLOGY 1 0 0 1 0 0 -167.24921976088214 103.86702377245904 143.1 -167.24921976088214 103.86702377245904 10.004954 170.01901 -999.0 -999.0 -999.0 -999.0 -999.0 -999.0 -999.0 -999.0 -999.0 -999.0 -999.0 -999.0 6231.0 -999.0 -1 -999 {-999.0 -999.0 -999.0 -999.0 -999.0} "" -999.0 -999.0 -999.0 -999.0 -999 -999 "" "" "" "" 0 0 0.0 0.0 -999 ""
FIBERMAP 630 R+11C4 APOGEE 0 0 0 1 0 0 -100.28473987853977 220.97464195733605 143.1 -100.28473987853977 220.97464195733605 9.993753 169.9924 -999.0 -999.0 -999.0 -999.0 -999.0 -999.0 -999.0 -999.0 -999.0 -999.0 -999.0 -999.0 16600.0 -999.0 2 26 {-999.0 -999.0 -999.0 -999.0 -999.0} "" -999.0 -999.0 -999.0 -999.0 -999 -999 "" "" "" "" 0 0 0.0 0.0 -999 ""
FIBERMAP 630 R+11C4 BOSS 0 0 0 1 0 0 -99.54149051520616 220.9606010422762 143.1 -99.54149051520616 220.9606010422762 9.993753 169.9924 -999.0 -999.0 -999.0 -999.0 -999.0 -999.0 -999.0 -999.0 -999.0 -999.0 -999.0 -999.0 5400.0 -999.0 1 145 {-999.0 -999.0 -999.0 -999.0 -999.0} "" -999.0 -999.0 -999.0 -999.0 -999 -999 "" "" "" "" 0 0 0.0 0.0 -999 ""
FIBERMAP 630 R+11C4 METROLOGY 1 0 0 1 0 0 -99.90882414271881 220.3229200143101 143.1 -99.90882414271881 220.3229200143101 9.993753 169.9924 -999.0 -999.0 -999.0 -999.0 -999.0 -999.0 -999.0 -999.0 -999.0 -999.0 -999.0 -999.0 6231.0 -999.0 -1 -999 {-999.0 -999.0 -999.0 -999.0 -999.0} "" -999.0 -999.0 -999.0 -999.0 -999 -999 "" "" "" "" 0 0 0.0 0.0 -999 ""
FIBERMAP 631 R-5C16 APOGEE 0 0 0 1 0 0 101.65057777085944 -89.60809099550721 143.1 101.65057777085944 -89.60809099550721 10.005257 169.99742 -999.0 -999.0 -999.0 -999.0 -999.0 -999.0 -999.0 -999.0 -999.0 -999.0 -999.0 -999.0 16600.0 -999.0 2 202 {-999.0 -999.0 -999.0 -999.0 -999.0} "" -999.0 -999.0 -999.0 -999.0 -999 -999 "" "" "" "" 0 0 0.0 0.0 -999 ""
FIBERMAP 631 R-5C16 BOSS 0 0 0 1 0 0 102.39627143487124 -89.5981985509013 143.1 102.39627143487124 -89.5981985509013 10.005257 169.99742 -999.0 -999.0 -999.0 -999.0 -999.0 -999.0 -999.0 -999.0 -999.0 -999.0 -999.0 -999.0 5400.0 -999.0 1 304 {-999.0 -999.0 -999.0 -999.0 -999.0} "" -999.0 -999.0 -999.0 -999.0 -999 -999 "" "" "" "" 0 0 0.0 0.0 -999 ""
FIBERMAP 631 R-5C16 METROLOGY 1 0 0 1 0 0 102.03984467279716 -90.24705897051192 143.1 102.03984467279716 -90.24705897051192 10.005257 169.99742 -999.0 -999.0 -999.0 -999.0 -999.0 -999.0 -999.0 -999.0 -999.0 -999.0 -999.0 -999.0 6231.0 -999.0 -1 -999 {-999.0 -999.0 -999.0 -999.0 -999.0} "" -999.0 -999.0 -999.0 -999.0 -999 -999 "" "" "" "" 0 0 0.0 0.0 -999 ""
FIBERMAP 635 R+9C12 APOGEE 0 0 0 1 0 0 56.40139462512274 182.36111503151184 143.1 56.40139462512274 182.36111503151184 9.990641 169.99428 -999.0 -999.0 -999.0 -999.0 -999.0 -999.0 -999.0 -999.0 -999.0 -999.0 -999.0 -999.0 16600.0 -999.0 2 25 {-999.0 -999.0 -999.0 -999.0 -999.0} "" -999.0 -999.0 -999.0 -999.0 -999 -999 "" "" "" "" 0 0 0.0 0.0 -999 ""
FIBERMAP 635 R+9C12 BOSS 0 0 0 1 0 0 57.14698621394699 182.36559859539855 143.1 57.14698621394699 182.36559859539855 9.990641 169.99428 -999.0 -999.0 -999.0 -999.0 -999.0 -999.0 -999.0 -999.0 -999.0 -999.0 -999.0 -999.0 5400.0 -999.0 1 140 {-999.0 -999.0 -999.0 -999.0 -999.0} "" -999.0 -999.0 -999.0 -999.0 -999 -999 "" "" "" "" 0 0 0.0 0.0 -999 ""
FIBERMAP 635 R+9C12 METROLOGY 1 0 0 1 0 0 56.78379800214316 181.71644915017367 143.1 56.78379800214316 181.71644915017367 9.990641 169.99428 -999.0 -999.0 -999.0 -999.0 -999.0 -999.0 -999.0 -999.0 -999.0 -999.0 -999.0 -999.0 6231.0 -999.0 -1 -999 {-999.0 -999.0 -999.0 -999.0 -999.0} "" -999.0 -999.0 -999.0 -999.0 -999 -999 "" "" "" "" 0 0 0.0 0.0 -999 ""
FIBERMAP 637 R-13C10 APOGEE 0 0 0 1 0 0 56.91722952343478 -244.60444885024842 143.1 56.91722952343478 -244.60444885024842 10.009197 170.00565 -999.0 -999.0 -999.0 -999.0 -999.0 -999.0 -999.0 -999.0 -999.0 -999.0 -999.0 -999.0 16600.0 -999.0 2 181 {-999.0 -999.0 -999.0 -999.0 -999.0} "" -999.0 -999.0 -999.0 -999.0 -999 -999 "" "" "" "" 0 0 0.0 0.0 -999 ""
FIBERMAP 637 R-13C10 BOSS 0 0 0 1 0 0 57.66292062340296 -244.63102731327268 143.1 57.66292062340296 -244.63102731327268 10.009197 170.00565 -999.0 -999.0 -999.0 -999.0 -999.0 -999.0 -999.0 -999.0 -999.0 -999.0 -999.0 -999.0 5400.0 -999.0 1 335 {-999.0 -999.0 -999.0 -999.0 -999.0} "" -999.0 -999.0 -999.0 -999.0 -999 -999 "" "" "" "" 0 0 0.0 0.0 -999 ""
FIBERMAP 637 R-13C10 METROLOGY 1 0 0 1 0 0 57.272905185493386 -245.2608567164999 143.1 57.272905185493386 -245.2608567164999 10.009197 170.00565 -999.0 -999.0 -999.0 -999.0 -999.0 -999.0 -999.0 -999.0 -999.0 -999.0 -999.0 -999.0 6231.0 -999.0 -1 -999 {-999.0 -999.0 -999.0 -999.0 -999.0} "" -999.0 -999.0 -999.0 -999.0 -999 -999 "" "" "" "" 0 0 0.0 0.0 -999 ""
FIBERMAP 640 R-5C17 APOGEE 0 0 0 1 0 0 123.76725227878619 -89.41600243397164 143.1 123.76725227878619 -89.41600243397164 10.017175 170.00487 -999.0 -999.0 -999.0 -999.0 -999.0 -999.0 -999.0 -999.0 -999.0 -999.0 -999.0 -999.0 16600.0 -999.0 2 -999 {-999.0 -999.0 -999.0 -999.0 -999.0} "" -999.0 -999.0 -999.0 -999.0 -999 -999 "" "" "" "" 0 0 0.0 0.0 -999 ""
FIBERMAP 640 R-5C17 BOSS 0 0 0 1 0 0 124.53111644218663 -89.40940549685078 143.1 124.53111644218663 -89.40940549685078 10.017175 170.00487 -999.0 -999.0 -999.0 -999.0 -999.0 -999.0 -999.0 -999.0 -999.0 -999.0 -999.0 -999.0 5400.0 -999.0 1 300 {-999.0 -999.0 -999.0 -999.0 -999.0} "" -999.0 -999.0 -999.0 -999.0 -999 -999 "" "" "" "" 0 0 0.0 0.0 -999 ""
FIBERMAP 640 R-5C17 METROLOGY 1 0 0 1 0 0 124.15805844151221 -90.0515592950684 143.1 124.15805844151221 -90.0515592950684 10.017175 170.00487 -999.0 -999.0 -999.0 -999.0 -999.0 -999.0 -999.0 -999.0 -999.0 -999.0 -999.0 -999.0 6231.0 -999.0 -1 -999 {-999.0 -999.0 -999.0 -999.0 -999.0} "" -999.0 -999.0 -999.0 -999.0 -999 -999 "" "" "" "" 0 0 0.0 0.0 -999 ""
FIBERMAP 641 R-8C16 APOGEE 0 0 0 1 0 0 135.00635822267418 -147.74131022036954 143.1 135.00635822267418 -147.74131022036954 10.015281 170.00406 -999.0 -999.0 -999.0 -999.0 -999.0 -999.0 -999.0 -999.0 -999.0 -999.0 -999.0 -999.0 16600.0 -999.0 2 -999 {-999.0 -999.0 -999.0 -999.0 -999.0} "" -999.0 -999.0 -999.0 -999.0 -999 -999 "" "" "" "" 0 0 0.0 0.0 -999 ""
FIBERMAP 641 R-8C16 BOSS 0 0 0 1 0 0 135.76433571646268 -147.73336091470347 143.1 135.76433571646268 -147.73336091470347 10.015281 170.00406 -999.0 -999.0 -999.0 -999.0 -999.0 -999.0 -999.0 -999.0 -999.0 -999.0 -999.0 -999.0 5400.0 -999.0 1 307 {-999.0 -999.0 -999.0 -999.0 -999.0} "" -999.0 -999.0 -999.0 -999.0 -999 -999 "" "" "" "" 0 0 0.0 0.0 -999 ""
FIBERMAP 641 R-8C16 METROLOGY 1 0 0 1 0 0 135.38911385886766 -148.38174765171934 143.1 135.38911385886766 -148.38174765171934 10.015281 170.00406 -999.0 -999.0 -999.0 -999.0 -999.0 -999.0 -999.0 -999.0 -999.0 -999.0 -999.0 -999.0 6231.0 -999.0 -1 -999 {-999.0 -999.0 -999.0 -999.0 -999.0} "" -999.0 -999.0 -999.0 -999.0 -999 -999 "" "" "" "" 0 0 0.0 0.0 -999 ""
FIBERMAP 647 R-6C1 APOGEE 0 0 0 1 0 0 -223.54004671754248 -108.75843013751704 143.1 -223.54004671754248 -108.75843013751704 10.002448 170.05609 -999.0 -999.0 -999.0 -999.0 -999.0 -999.0 -999.0 -999.0 -999.0 -999.0 -999.0 -999.0 16600.0 -999.0 2 261 {-999.0 -999.0 -999.0 -999.0 -999.0} "" -999.0 -999.0 -999.0 -999.0 -999 -999 "" "" "" "" 0 0 0.0 0.0 -999 ""
FIBERMAP 647 R-6C1 BOSS 0 0 0 1 0 0 -222.80251950840847 -108.71582649365531 143.1 -222.80251950840847 -108.71582649365531 10.002448 170.05609 -999.0 -999.0 -999.0 -999.0 -999.0 -999.0 -999.0 -999.0 -999.0 -999.0 -999.0 -999.0 5400.0 -999.0 1 499 {-999.0 -999.0 -999.0 -999.0 -999.0} "" -999.0 -999.0 -999.0 -999.0 -999 -999 "" "" "" "" 0 0 0.0 0.0 -999 ""
FIBERMAP 647 R-6C1 METROLOGY 1 0 0 1 0 0 -223.10104712795197 -109.39460450012568 143.1 -223.10104712795197 -109.39460450012568 10.002448 170.05609 -999.0 -999.0 -999.0 -999.0 -999.0 -999.0 -999.0 -999.0 -999.0 -999.0 -999.0 -999.0 6231.0 -999.0 -1 -999 {-999.0 -999.0 -999.0 -999.0 -999.0} "" -999.0 -999.0 -999.0 -999.0 -999 -999 "" "" "" "" 0 0 0.0 0.0 -999 ""
FIBERMAP 648 R+10C6 APOGEE 0 0 0 1 0 0 -66.58704811865772 201.614178683674 143.1 -66.58704811865772 201.614178683674 10.009645 170.00687 -999.0 -999.0 -999.0 -999.0 -999.0 -999.0 -999.0 -999.0 -999.0 -999.0 -999.0 -999.0 16600.0 -999.0 2 -999 {-999.0 -999.0 -999.0 -999.0 -999.0} "" -999.0 -999.0 -999.0 -999.0 -999 -999 "" "" "" "" 0 0 0.0 0.0 -999 ""
FIBERMAP 648 R+10C6 BOSS 0 0 0 1 0 0 -65.81202701765984 201.60568062307752 143.1 -65.81202701765984 201.60568062307752 10.009645 170.00687 -999.0 -999.0 -999.0 -999.0 -999.0 -999.0 -999.0 -999.0 -999.0 -999.0 -999.0 -999.0 5400.0 -999.0 1 119 {-999.0 -999.0 -999.0 -999.0 -999.0} "" -999.0 -999.0 -999.0 -999.0 -999 -999 "" "" "" "" 0 0 0.0 0.0 -999 ""
FIBERMAP 648 R+10C6 METROLOGY 1 0 0 1 0 0 -66.2093576539632 200.9707411238513 143.1 -66.2093576539632 200.9707411238513 10.009645 170.00687 -999.0 -999.0 -999.0 -999.0 -999.0 -999.0 -999.0 -999.0 -999.0 -999.0 -999.0 -999.0 6231.0 -999.0 -1 -999 {-999.0 -999.0 -999.0 -999.0 -999.0} "" -999.0 -999.0 -999.0 -999.0 -999 -999 "" "" "" "" 0 0 0.0 0.0 -999 ""
FIBERMAP 650 R-2C1 APOGEE 0 0 0 1 0 0 -267.8502434086219 -31.31998945390328 143.1 -267.8502434086219 -31.31998945390328 10.005614 170.04613 -999.0 -999.0 -999.0 -999.0 -999.0 -999.0 -999.0 -999.0 -999.0 -999.0 -999.0 -999.0 16600.0 -999.0 2 275 {-999.0 -999.0 -999.0 -999.0 -999.0} "" -999.0 -999.0 -999.0 -999.0 -999 -999 "" "" "" "" 0 0 0.0 0.0 -999 ""
FIBERMAP 650 R-2C1 BOSS 0 0 0 1 0 0 -267.10217603306387 -31.30906531071034 143.1 -267.10217603306387 -31.30906531071034 10.005614 170.04613 -999.0 -999.0 -999.0 -999.0 -999.0 -999.0 -999.0 -999.0 -999.0 -999.0 -999.0 -999.0 5400.0 -999.0 1 426 {-999.0 -999.0 -999.0 -999.0 -999.0} "" -999.0 -999.0 -999.0 -999.0 -999 -999 "" "" "" "" 0 0 0.0 0.0 -999 ""
FIBERMAP 650 R-2C1 METROLOGY 1 0 0 1 0 0 -267.46289691918736 -31.958086440167868 143.1 -267.46289691918736 -31.958086440167868 10.005614 170.04613 -999.0 -999.0 -999.0 -999.0 -999.0 -999.0 -999.0 -999.0 -999.0 -999.0 -999.0 -999.0 6231.0 -999.0 -1 -999 {-999.0 -999.0 -999.0 -999.0 -999.0} "" -999.0 -999.0 -999.0 -999.0 -999 -999 "" "" "" "" 0 0 0.0 0.0 -999 ""
FIBERMAP 654 R+12C14 APOGEE 0 0 0 1 0 0 134.7581333378379 240.33096259489207 143.1 134.7581333378379 240.33096259489207 9.998287 170.00822 -999.0 -999.0 -999.0 -999.0 -999.0 -999.0 -999.0 -999.0 -999.0 -999.0 -999.0 -999.0 16600.0 -999.0 2 91 {-999.0 -999.0 -999.0 -999.0 -999.0} "" -999.0 -999.0 -999.0 -999.0 -999 -999 "" "" "" "" 0 0 0.0 0.0 -999 ""
FIBERMAP 654 R+12C14 BOSS 0 0 0 1 0 0 135.49974788059455 240.319501935176 143.1 135.49974788059455 240.319501935176 9.998287 170.00822 -999.0 -999.0 -999.0 -999.0 -999.0 -999.0 -999.0 -999.0 -999.0 -999.0 -999.0 -999.0 5400.0 -999.0 1 89 {-999.0 -999.0 -999.0 -999.0 -999.0} "" -999.0 -999.0 -999.0 -999.0 -999 -999 "" "" "" "" 0 0 0.0 0.0 -999 ""
FIBERMAP 654 R+12C14 METROLOGY 1 0 0 1 0 0 135.1225040746089 239.67094654271904 143.1 135.1225040746089 239.67094654271904 9.998287 170.00822 -999.0 -999.0 -999.0 -999.0 -999.0 -999.0 -999.0 -999.0 -999.0 -999.0 -999.0 -999.0 6231.0 -999.0 -1 -999 {-999.0 -999.0 -999.0 -999.0 -999.0} "" -999.0 -999.0 -999.0 -999.0 -999 -999 "" "" "" "" 0 0 0.0 0.0 -999 ""
FIBERMAP 660 R+8C18 APOGEE 0 0 0 1 0 0 179.91687123780864 162.77759506318205 143.1 179.91687123780864 162.77759506318205 10.005617 170.01848 -999.0 -999.0 -999.0 -999.0 -999.0 -999.0 -999.0 -999.0 -999.0 -999.0 -999.0 -999.0 16600.0 -999.0 2 -999 {-999.0 -999.0 -999.0 -999.0 -999.0} "" -999.0 -999.0 -999.0 -999.0 -999 -999 "" "" "" "" 0 0 0.0 0.0 -999 ""
FIBERMAP 660 R+8C18 BOSS 0 0 0 1 0 0 180.67364238780144 162.785035688272 143.1 180.67364238780144 162.785035688272 10.005617 170.01848 -999.0 -999.0 -999.0 -999.0 -999.0 -999.0 -999.0 -999.0 -999.0 -999.0 -999.0 -999.0 5400.0 -999.0 1 239 {-999.0 -999.0 -999.0 -999.0 -999.0} "" -999.0 -999.0 -999.0 -999.0 -999 -999 "" "" "" "" 0 0 0.0 0.0 -999 ""
FIBERMAP 660 R+8C18 METROLOGY 1 0 0 1 0 0 180.29452731934472 162.134137322075 143.1 180.29452731934472 162.134137322075 10.005617 170.01848 -999.0 -999.0 -999.0 -999.0 -999.0 -999.0 -999.0 -999.0 -999.0 -999.0 -999.0 -999.0 6231.0 -999.0 -1 -999 {-999.0 -999.0 -999.0 -999.0 -999.0} "" -999.0 -999.0 -999.0 -999.0 -999 -999 "" "" "" "" 0 0 0.0 0.0 -999 ""
FIBERMAP 661 R-11C8 APOGEE 0 0 0 1 0 0 -10.437698019910236 -205.8294862997472 143.1 -10.437698019910236 -205.8294862997472 10.003587 170.0277 -999.0 -999.0 -999.0 -999.0 -999.0 -999.0 -999.0 -999.0 -999.0 -999.0 -999.0 -999.0 16600.0 -999.0 2 158 {-999.0 -999.0 -999.0 -999.0 -999.0} "" -999.0 -999.0 -999.0 -999.0 -999 -999 "" "" "" "" 0 0 0.0 0.0 -999 ""
FIBERMAP 661 R-11C8 BOSS 0 0 0 1 0 0 -9.692544820930998 -205.7962289104185 143.1 -9.692544820930998 -205.7962289104185 10.003587 170.0277 -999.0 -999.0 -999.0 -999.0 -999.0 -999.0 -999.0 -999.0 -999.0 -999.0 -999.0 -999.0 5400.0 -999.0 1 360 {-999.0 -999.0 -999.0 -999.0 -999.0} "" -999.0 -999.0 -999.0 -999.0 -999 -999 "" "" "" "" 0 0 0.0 0.0 -999 ""
FIBERMAP 661 R-11C8 METROLOGY 1 0 0 1 0 0 -10.040334180498535 -206.46175333801136 143.1 -10.040334180498535 -206.46175333801136 10.003587 170.0277 -999.0 -999.0 -999.0 -999.0 -999.0 -999.0 -999.0 -999.0 -999.0 -999.0 -999.0 -999.0 6231.0 -999.0 -1 -999 {-999.0 -999.0 -999.0 -999.0 -999.0} "" -999.0 -999.0 -999.0 -999.0 -999 -999 "" "" "" "" 0 0 0.0 0.0 -999 ""
FIBERMAP 663 R0C1 APOGEE 0 0 0 1 0 0 -290.4748854286258 7.519912450834208 143.1 -290.4748854286258 7.519912450834208 10.019614 169.99228 -999.0 -999.0 -999.0 -999.0 -999.0 -999.0 -999.0 -999.0 -999.0 -999.0 -999.0 -999.0 16600.0 -999.0 2 277 {-999.0 -999.0 -999.0 -999.0 -999.0} "" -999.0 -999.0 -999.0 -999.0 -999 -999 "" "" "" "" 0 0 0.0 0.0 -999 ""
FIBERMAP 663 R0C1 BOSS 0 0 0 1 0 0 -289.7322275567653 7.536981735030397 143.1 -289.7322275567653 7.536981735030397 10.019614 169.99228 -999.0 -999.0 -999.0 -999.0 -999.0 -999.0 -999.0 -999.0 -999.0 -999.0 -999.0 -999.0 5400.0 -999.0 1 424 {-999.0 -999.0 -999.0 -999.0 -999.0} "" -999.0 -999.0 -999.0 -999.0 -999 -999 "" "" "" "" 0 0 0.0 0.0 -999 ""
FIBERMAP 663 R0C1 METROLOGY 1 0 0 1 0 0 -290.0766680382081 6.876469248813245 143.1 -290.0766680382081 6.876469248813245 10.019614 169.99228 -999.0 -999.0 -999.0 -999.0 -999.0 -999.0 -999.0 -999.0 -999.0 -999.0 -999.0 -999.0 6231.0 -999.0 -1 -999 {-999.0 -999.0 -999.0 -999.0 -999.0} "" -999.0 -999.0 -999.0 -999.0 -999 -999 "" "" "" "" 0 0 0.0 0.0 -999 ""
FIBERMAP 664 R+7C5 APOGEE 0 0 0 1 0 0 -122.63769177376568 143.49159473069196 143.1 -122.63769177376568 143.49159473069196 10.009444 169.98825 -999.0 -999.0 -999.0 -999.0 -999.0 -999.0 -999.0 -999.0 -999.0 -999.0 -999.0 -999.0 16600.0 -999.0 2 117 {-999.0 -999.0 -999.0 -999.0 -999.0} "" -999.0 -999.0 -999.0 -999.0 -999 -999 "" "" "" "" 0 0 0.0 0.0 -999 ""
FIBERMAP 664 R+7C5 BOSS 0 0 0 1 0 0 -121.8974843525887 143.48396457579756 143.1 -121.8974843525887 143.48396457579756 10.009444 169.98825 -999.0 -999.0 -999.0 -999.0 -999.0 -999.0 -999.0 -999.0 -999.0 -999.0 -999.0 -999.0 5400.0 -999.0 1 56 {-999.0 -999.0 -999.0 -999.0 -999.0} "" -999.0 -999.0 -999.0 -999.0 -999 -999 "" "" "" "" 0 0 0.0 0.0 -999 ""
FIBERMAP 664 R+7C5 METROLOGY 1 0 0 1 0 0 -122.2736758323172 142.84284766457148 143.1 -122.2736758323172 142.84284766457148 10.009444 169.98825 -999.0 -999.0 -999.0 -999.0 -999.0 -999.0 -999.0 -999.0 -999.0 -999.0 -999.0 -999.0 6231.0 -999.0 -1 -999 {-999.0 -999.0 -999.0 -999.0 -999.0} "" -999.0 -999.0 -999.0 -999.0 -999 -999 "" "" "" "" 0 0 0.0 0.0 -999 ""
FIBERMAP 665 R-5C18 APOGEE 0 0 0 1 0 0 146.27049614829576 -89.52248789026171 143.1 146.27049614829576 -89.52248789026171 10.015744 170.00284 -999.0 -999.0 -999.0 -999.0 -999.0 -999.0 -999.0 -999.0 -999.0 -999.0 -999.0 -999.0 16600.0 -999.0 2 220 {-999.0 -999.0 -999.0 -999.0 -999.0} "" -999.0 -999.0 -999.0 -999.0 -999 -999 "" "" "" "" 0 0 0.0 0.0 -999 ""
FIBERMAP 665 R-5C18 BOSS 0 0 0 1 0 0 147.00954972224696 -89.50050445855612 143.1 147.00954972224696 -89.50050445855612 10.015744 170.00284 -999.0 -999.0 -999.0 -999.0 -999.0 -999.0 -999.0 -999.0 -999.0 -999.0 -999.0 -999.0 5400.0 -999.0 1 292 {-999.0 -999.0 -999.0 -999.0 -999.0} "" -999.0 -999.0 -999.0 -999.0 -999 -999 "" "" "" "" 0 0 0.0 0.0 -999 ""
FIBERMAP 665 R-5C18 METROLOGY 1 0 0 1 0 0 146.64800916049896 -90.15809403803115 143.1 146.64800916049896 -90.15809403803115 10.015744 170.00284 -999.0 -999.0 -999.0 -999.0 -999.0 -999.0 -999.0 -999.0 -999.0 -999.0 -999.0 -999.0 6231.0 -999.0 -1 -999 {-999.0 -999.0 -999.0 -999.0 -999.0} "" -999.0 -999.0 -999.0 -999.0 -999 -999 "" "" "" "" 0 0 0.0 0.0 -999 ""
FIBERMAP 667 R0C9 APOGEE 0 0 0 1 0 0 -111.27746550544093 7.473091948193641 143.1 -111.27746550544093 7.473091948193641 9.994011 170.00177 -999.0 -999.0 -999.0 -999.0 -999.0 -999.0 -999.0 -999.0 -999.0 -999.0 -999.0 -999.0 16600.0 -999.0 2 246 {-999.0 -999.0 -999.0 -999.0 -999.0} "" -999.0 -999.0 -999.0 -999.0 -999 -999 "" "" "" "" 0 0 0.0 0.0 -999 ""
FIBERMAP 667 R0C9 BOSS 0 0 0 1 0 0 -110.53552356213581 7.492043807163309 143.1 -110.53552356213581 7.492043807163309 9.994011 170.00177 -999.0 -999.0 -999.0 -999.0 -999.0 -999.0 -999.0 -999.0 -999.0 -999.0 -999.0 -999.0 5400.0 -999.0 1 492 {-999.0 -999.0 -999.0 -999.0 -999.0} "" -999.0 -999.0 -999.0 -999.0 -999 -999 "" "" "" "" 0 0 0.0 0.0 -999 ""
FIBERMAP 667 R0C9 METROLOGY 1 0 0 1 0 0 -110.88843486962874 6.835309228569837 143.1 -110.88843486962874 6.835309228569837 9.994011 170.00177 -999.0 -999.0 -999.0 -999.0 -999.0 -999.0 -999.0 -999.0 -999.0 -999.0 -999.0 -999.0 6231.0 -999.0 -1 -999 {-999.0 -999.0 -999.0 -999.0 -999.0} "" -999.0 -999.0 -999.0 -999.0 -999 -999 "" "" "" "" 0 0 0.0 0.0 -999 ""
FIBERMAP 669 R+3C3 APOGEE 0 0 0 1 0 0 -212.082136531058 65.67500791588728 143.1 -212.082136531058 65.67500791588728 9.996317 170.00594 -999.0 -999.0 -999.0 -999.0 -999.0 -999.0 -999.0 -999.0 -999.0 -999.0 -999.0 -999.0 16600.0 -999.0 2 107 {-999.0 -999.0 -999.0 -999.0 -999.0} "" -999.0 -999.0 -999.0 -999.0 -999 -999 "" "" "" "" 0 0 0.0 0.0 -999 ""
FIBERMAP 669 R+3C3 BOSS 0 0 0 1 0 0 -211.3427493159845 65.65503365889526 143.1 -211.3427493159845 65.65503365889526 9.996317 170.00594 -999.0 -999.0 -999.0 -999.0 -999.0 -999.0 -999.0 -999.0 -999.0 -999.0 -999.0 -999.0 5400.0 -999.0 1 59 {-999.0 -999.0 -999.0 -999.0 -999.0} "" -999.0 -999.0 -999.0 -999.0 -999 -999 "" "" "" "" 0 0 0.0 0.0 -999 ""
FIBERMAP 669 R+3C3 METROLOGY 1 0 0 1 0 0 -211.71980093876974 65.01492536938544 143.1 -211.71980093876974 65.01492536938544 9.996317 170.00594 -999.0 -999.0 -999.0 -999.0 -999.0 -999.0 -999.0 -999.0 -999.0 -999.0 -999.0 -999.0 6231.0 -999.0 -1 -999 {-999.0 -999.0 -999.0 -999.0 -999.0} "" -999.0 -999.0 -999.0 -999.0 -999 -999 "" "" "" "" 0 0 0.0 0.0 -999 ""
FIBERMAP 671 R+1C15 APOGEE 0 0 0 1 0 0 34.05329803578005 26.981979434362774 143.1 34.05329803578005 26.981979434362774 9.990831 170.01901 -999.0 -999.0 -999.0 -999.0 -999.0 -999.0 -999.0 -999.0 -999.0 -999.0 -999.0 -999.0 16600.0 -999.0 2 -999 {-999.0 -999.0 -999.0 -999.0 -999.0} "" -999.0 -999.0 -999.0 -999.0 -999 -999 "" "" "" "" 0 0 0.0 0.0 -999 ""
FIBERMAP 671 R+1C15 BOSS 0 0 0 1 0 0 34.82017344480604 26.99917809460522 143.1 34.82017344480604 26.99917809460522 9.990831 170.01901 -999.0 -999.0 -999.0 -999.0 -999.0 -999.0 -999.0 -999.0 -999.0 -999.0 -999.0 -999.0 5400.0 -999.0 1 189 {-999.0 -999.0 -999.0 -999.0 -999.0} "" -999.0 -999.0 -999.0 -999.0 -999 -999 "" "" "" "" 0 0 0.0 0.0 -999 ""
FIBERMAP 671 R+1C15 METROLOGY 1 0 0 1 0 0 34.44738379474563 26.34845090691328 143.1 34.44738379474563 26.34845090691328 9.990831 170.01901 -999.0 -999.0 -999.0 -999.0 -999.0 -999.0 -999.0 -999.0 -999.0 -999.0 -999.0 -999.0 6231.0 -999.0 -1 -999 {-999.0 -999.0 -999.0 -999.0 -999.0} "" -999.0 -999.0 -999.0 -999.0 -999 -999 "" "" "" "" 0 0 0.0 0.0 -999 ""
FIBERMAP 673 R-11C1 APOGEE 0 0 0 1 0 0 -167.2547287145894 -205.78736749969713 143.1 -167.2547287145894 -205.78736749969713 10.004287 169.98969 -999.0 -999.0 -999.0 -999.0 -999.0 -999.0 -999.0 -999.0 -999.0 -999.0 -999.0 -999.0 16600.0 -999.0 2 271 {-999.0 -999.0 -999.0 -999.0 -999.0} "" -999.0 -999.0 -999.0 -999.0 -999 -999 "" "" "" "" 0 0 0.0 0.0 -999 ""
FIBERMAP 673 R-11C1 BOSS 0 0 0 1 0 0 -166.50701547166412 -205.77781928025013 143.1 -166.50701547166412 -205.77781928025013 10.004287 169.98969 -999.0 -999.0 -999.0 -999.0 -999.0 -999.0 -999.0 -999.0 -999.0 -999.0 -999.0 -999.0 5400.0 -999.0 1 421 {-999.0 -999.0 -999.0 -999.0 -999.0} "" -999.0 -999.0 -999.0 -999.0 -999 -999 "" "" "" "" 0 0 0.0 0.0 -999 ""
FIBERMAP 673 R-11C1 METROLOGY 1 0 0 1 0 0 -166.87147681342077 -206.43309209884305 143.1 -166.87147681342077 -206.43309209884305 10.004287 169.98969 -999.0 -999.0 -999.0 -999.0 -999.0 -999.0 -999.0 -999.0 -999.0 -999.0 -999.0 -999.0 6231.0 -999.0 -1 -999 {-999.0 -999.0 -999.0 -999.0 -999.0} "" -999.0 -999.0 -999.0 -999.0 -999 -999 "" "" "" "" 0 0 0.0 0.0 -999 ""
FIBERMAP 674 R+4C1 APOGEE 0 0 0 1 0 0 -245.8192388365069 85.12110415438241 143.1 -245.8192388365069 85.12110415438241 10.008262 170.01022 -999.0 -999.0 -999.0 -999.0 -999.0 -999.0 -999.0 -999.0 -999.0 -999.0 -999.0 -999.0 16600.0 -999.0 2 144 {-999.0 -999.0 -999.0 -999.0 -999.0} "" -999.0 -999.0 -999.0 -999.0 -999 -999 "" "" "" "" 0 0 0.0 0.0 -999 ""
FIBERMAP 674 R+4C1 BOSS 0 0 0 1 0 0 -245.08503825374262 85.116061358887 143.1 -245.08503825374262 85.116061358887 10.008262 170.01022 -999.0 -999.0 -999.0 -999.0 -999.0 -999.0 -999.0 -999.0 -999.0 -999.0 -999.0 -999.0 5400.0 -999.0 1 2 {-999.0 -999.0 -999.0 -999.0 -999.0} "" -999.0 -999.0 -999.0 -999.0 -999 -999 "" "" "" "" 0 0 0.0 0.0 -999 ""
FIBERMAP 674 R+4C1 METROLOGY 1 0 0 1 0 0 -245.46080753072246 84.46645649161346 143.1 -245.46080753072246 84.46645649161346 10.008262 170.01022 -999.0 -999.0 -999.0 -999.0 -999.0 -999.0 -999.0 -999.0 -999.0 -999.0 -999.0 -999.0 6231.0 -999.0 -1 -999 {-999.0 -999.0 -999.0 -999.0 -999.0} "" -999.0 -999.0 -999.0 -999.0 -999 -999 "" "" "" "" 0 0 0.0 0.0 -999 ""
FIBERMAP 675 R-1C20 APOGEE 0 0 0 1 0 0 146.13305164830857 -11.798333102302095 143.1 146.13305164830857 -11.798333102302095 9.989375 170.01338 -999.0 -999.0 -999.0 -999.0 -999.0 -999.0 -999.0 -999.0 -999.0 -999.0 -999.0 -999.0 16600.0 -999.0 2 227 {-999.0 -999.0 -999.0 -999.0 -999.0} "" -999.0 -999.0 -999.0 -999.0 -999 -999 "" "" "" "" 0 0 0.0 0.0 -999 ""
FIBERMAP 675 R-1C20 BOSS 0 0 0 1 0 0 146.8800217100826 -11.76542883071002 143.1 146.8800217100826 -11.76542883071002 9.989375 170.01338 -999.0 -999.0 -999.0 -999.0 -999.0 -999.0 -999.0 -999.0 -999.0 -999.0 -999.0 -999.0 5400.0 -999.0 1 271 {-999.0 -999.0 -999.0 -999.0 -999.0} "" -999.0 -999.0 -999.0 -999.0 -999 -999 "" "" "" "" 0 0 0.0 0.0 -999 ""
FIBERMAP 675 R-1C20 METROLOGY 1 0 0 1 0 0 146.52434781988137 -12.438404585251575 143.1 146.52434781988137 -12.438404585251575 9.989375 170.01338 -999.0 -999.0 -999.0 -999.0 -999.0 -999.0 -999.0 -999.0 -999.0 -999.0 -999.0 -999.0 6231.0 -999.0 -1 -999 {-999.0 -999.0 -999.0 -999.0 -999.0} "" -999.0 -999.0 -999.0 -999.0 -999 -999 "" "" "" "" 0 0 0.0 0.0 -999 ""
FIBERMAP 676 R-9C12 APOGEE 0 0 0 1 0 0 56.818024982738145 -167.302998018141 143.1 56.818024982738145 -167.302998018141 10.000477 169.9888 -999.0 -999.0 -999.0 -999.0 -999.0 -999.0 -999.0 -999.0 -999.0 -999.0 -999.0 -999.0 16600.0 -999.0 2 152 {-999.0 -999.0 -999.0 -999.0 -999.0} "" -999.0 -999.0 -999.0 -999.0 -999 -999 "" "" "" "" 0 0 0.0 0.0 -999 ""
FIBERMAP 676 R-9C12 BOSS 0 0 0 1 0 0 57.57040349179514 -167.3025476888401 143.1 57.57040349179514 -167.3025476888401 10.000477 169.9888 -999.0 -999.0 -999.0 -999.0 -999.0 -999.0 -999.0 -999.0 -999.0 -999.0 -999.0 -999.0 5400.0 -999.0 1 368 {-999.0 -999.0 -999.0 -999.0 -999.0} "" -999.0 -999.0 -999.0 -999.0 -999 -999 "" "" "" "" 0 0 0.0 0.0 -999 ""
FIBERMAP 676 R-9C12 METROLOGY 1 0 0 1 0 0 57.19786048852416 -167.95358176272262 143.1 57.19786048852416 -167.95358176272262 10.000477 169.9888 -999.0 -999.0 -999.0 -999.0 -999.0 -999.0 -999.0 -999.0 -999.0 -999.0 -999.0 -999.0 6231.0 -999.0 -1 -999 {-999.0 -999.0 -999.0 -999.0 -999.0} "" -999.0 -999.0 -999.0 -999.0 -999 -999 "" "" "" "" 0 0 0.0 0.0 -999 ""
FIBERMAP 677 R-11C3 APOGEE 0 0 0 1 0 0 -122.48484071152504 -205.9418948991203 143.1 -122.48484071152504 -205.9418948991203 10.010002 170.01006 -999.0 -999.0 -999.0 -999.0 -999.0 -999.0 -999.0 -999.0 -999.0 -999.0 -999.0 -999.0 16600.0 -999.0 2 206 {-999.0 -999.0 -999.0 -999.0 -999.0} "" -999.0 -999.0 -999.0 -999.0 -999 -999 "" "" "" "" 0 0 0.0 0.0 -999 ""
FIBERMAP 677 R-11C3 BOSS 0 0 0 1 0 0 -121.74543428031028 -205.90760378288402 143.1 -121.74543428031028 -205.90760378288402 10.010002 170.01006 -999.0 -999.0 -999.0 -999.0 -999.0 -999.0 -999.0 -999.0 -999.0 -999.0 -999.0 -999.0 5400.0 -999.0 1 338 {-999.0 -999.0 -999.0 -999.0 -999.0} "" -999.0 -999.0 -999.0 -999.0 -999 -999 "" "" "" "" 0 0 0.0 0.0 -999 ""
FIBERMAP 677 R-11C3 METROLOGY 1 0 0 1 0 0 -122.08056292318584 -206.56506983910026 143.1 -122.08056292318584 -206.56506983910026 10.010002 170.01006 -999.0 -999.0 -999.0 -999.0 -999.0 -999.0 -999.0 -999.0 -999.0 -999.0 -999.0 -999.0 6231.0 -999.0 -1 -999 {-999.0 -999.0 -999.0 -999.0 -999.0} "" -999.0 -999.0 -999.0 -999.0 -999 -999 "" "" "" "" 0 0 0.0 0.0 -999 ""
FIBERMAP 678 R+11C16 APOGEE 0 0 0 1 0 0 168.4905967019288 220.92459430732737 143.1 168.4905967019288 220.92459430732737 10.011369 170.02243 -999.0 -999.0 -999.0 -999.0 -999.0 -999.0 -999.0 -999.0 -999.0 -999.0 -999.0 -999.0 16600.0 -999.0 2 58 {-999.0 -999.0 -999.0 -999.0 -999.0} "" -999.0 -999.0 -999.0 -999.0 -999 -999 "" "" "" "" 0 0 0.0 0.0 -999 ""
FIBERMAP 678 R+11C16 BOSS 0 0 0 1 0 0 169.2409679308392 220.9284410769381 143.1 169.2409679308392 220.9284410769381 10.011369 170.02243 -999.0 -999.0 -999.0 -999.0 -999.0 -999.0 -999.0 -999.0 -999.0 -999.0 -999.0 -999.0 5400.0 -999.0 1 171 {-999.0 -999.0 -999.0 -999.0 -999.0} "" -999.0 -999.0 -999.0 -999.0 -999 -999 "" "" "" "" 0 0 0.0 0.0 -999 ""
FIBERMAP 678 R+11C16 METROLOGY 1 0 0 1 0 0 168.87087754559826 220.28145800638148 143.1 168.87087754559826 220.28145800638148 10.011369 170.02243 -999.0 -999.0 -999.0 -999.0 -999.0 -999.0 -999.0 -999.0 -999.0 -999.0 -999.0 -999.0 6231.0 -999.0 -1 -999 {-999.0 -999.0 -999.0 -999.0 -999.0} "" -999.0 -999.0 -999.0 -999.0 -999 -999 "" "" "" "" 0 0 0.0 0.0 -999 ""
FIBERMAP 681 R+6C17 APOGEE 0 0 0 1 0 0 135.2398655847641 124.10351516959484 143.1 135.2398655847641 124.10351516959484 10.0024605 169.99751 -999.0 -999.0 -999.0 -999.0 -999.0 -999.0 -999.0 -999.0 -999.0 -999.0 -999.0 -999.0 16600.0 -999.0 2 71 {-999.0 -999.0 -999.0 -999.0 -999.0} "" -999.0 -999.0 -999.0 -999.0 -999 -999 "" "" "" "" 0 0 0.0 0.0 -999 ""
FIBERMAP 681 R+6C17 BOSS 0 0 0 1 0 0 135.97601902818394 124.08991175306225 143.1 135.97601902818394 124.08991175306225 10.0024605 169.99751 -999.0 -999.0 -999.0 -999.0 -999.0 -999.0 -999.0 -999.0 -999.0 -999.0 -999.0 -999.0 5400.0 -999.0 1 207 {-999.0 -999.0 -999.0 -999.0 -999.0} "" -999.0 -999.0 -999.0 -999.0 -999 -999 "" "" "" "" 0 0 0.0 0.0 -999 ""
FIBERMAP 681 R+6C17 METROLOGY 1 0 0 1 0 0 135.60897989744157 123.44678555494964 143.1 135.60897989744157 123.44678555494964 10.0024605 169.99751 -999.0 -999.0 -999.0 -999.0 -999.0 -999.0 -999.0 -999.0 -999.0 -999.0 -999.0 -999.0 6231.0 -999.0 -1 -999 {-999.0 -999.0 -999.0 -999.0 -999.0} "" -999.0 -999.0 -999.0 -999.0 -999 -999 "" "" "" "" 0 0 0.0 0.0 -999 ""
FIBERMAP 683 R-1C25 APOGEE 0 0 0 1 0 0 258.4955861437708 -11.784387005227146 143.1 258.4955861437708 -11.784387005227146 9.991086 170.01422 -999.0 -999.0 -999.0 -999.0 -999.0 -999.0 -999.0 -999.0 -999.0 -999.0 -999.0 -999.0 16600.0 -999.0 2 -999 {-999.0 -999.0 -999.0 -999.0 -999.0} "" -999.0 -999.0 -999.0 -999.0 -999 -999 "" "" "" "" 0 0 0.0 0.0 -999 ""
FIBERMAP 683 R-1C25 BOSS 0 0 0 1 0 0 259.25337488545625 -11.788182537094649 143.1 259.25337488545625 -11.788182537094649 9.991086 170.01422 -999.0 -999.0 -999.0 -999.0 -999.0 -999.0 -999.0 -999.0 -999.0 -999.0 -999.0 -999.0 5400.0 -999.0 1 261 {-999.0 -999.0 -999.0 -999.0 -999.0} "" -999.0 -999.0 -999.0 -999.0 -999 -999 "" "" "" "" 0 0 0.0 0.0 -999 ""
FIBERMAP 683 R-1C25 METROLOGY 1 0 0 1 0 0 258.87010170644805 -12.42967769462562 143.1 258.87010170644805 -12.42967769462562 9.991086 170.01422 -999.0 -999.0 -999.0 -999.0 -999.0 -999.0 -999.0 -999.0 -999.0 -999.0 -999.0 -999.0 6231.0 -999.0 -1 -999 {-999.0 -999.0 -999.0 -999.0 -999.0} "" -999.0 -999.0 -999.0 -999.0 -999 -999 "" "" "" "" 0 0 0.0 0.0 -999 ""
FIBERMAP 685 R+6C6 APOGEE 0 0 0 1 0 0 -111.64617799190637 123.74550116115299 143.1 -111.64617799190637 123.74550116115299 10.010164 170.00589 -999.0 -999.0 -999.0 -999.0 -999.0 -999.0 -999.0 -999.0 -999.0 -999.0 -999.0 -999.0 16600.0 -999.0 2 -999 {-999.0 -999.0 -999.0 -999.0 -999.0} "" -999.0 -999.0 -999.0 -999.0 -999 -999 "" "" "" "" 0 0 0.0 0.0 -999 ""
FIBERMAP 685 R+6C6 BOSS 0 0 0 1 0 0 -110.80301817193684 123.69990947724695 143.1 -110.80301817193684 123.69990947724695 10.010164 170.00589 -999.0 -999.0 -999.0 -999.0 -999.0 -999.0 -999.0 -999.0 -999.0 -999.0 -999.0 -999.0 5400.0 -999.0 1 55 {-999.0 -999.0 -999.0 -999.0 -999.0} "" -999.0 -999.0 -999.0 -999.0 -999 -999 "" "" "" "" 0 0 0.0 0.0 -999 ""
FIBERMAP 685 R+6C6 METROLOGY 1 0 0 1 0 0 -111.25394094084376 123.11082638121802 143.1 -111.25394094084376 123.11082638121802 10.010164 170.00589 -999.0 -999.0 -999.0 -999.0 -999.0 -999.0 -999.0 -999.0 -999.0 -999.0 -999.0 -999.0 6231.0 -999.0 -1 -999 {-999.0 -999.0 -999.0 -999.0 -999.0} "" -999.0 -999.0 -999.0 -999.0 -999 -999 "" "" "" "" 0 0 0.0 0.0 -999 ""
FIBERMAP 687 R-7C16 APOGEE 0 0 0 1 0 0 124.14792929038286 -128.45093171192343 143.1 124.14792929038286 -128.45093171192343 10.010593 170.0245 -999.0 -999.0 -999.0 -999.0 -999.0 -999.0 -999.0 -999.0 -999.0 -999.0 -999.0 -999.0 16600.0 -999.0 2 186 {-999.0 -999.0 -999.0 -999.0 -999.0} "" -999.0 -999.0 -999.0 -999.0 -999 -999 "" "" "" "" 0 0 0.0 0.0 -999 ""
FIBERMAP 687 R-7C16 BOSS 0 0 0 1 0 0 124.87552340158689 -128.4821396094675 143.1 124.87552340158689 -128.4821396094675 10.010593 170.0245 -999.0 -999.0 -999.0 -999.0 -999.0 -999.0 -999.0 -999.0 -999.0 -999.0 -999.0 -999.0 5400.0 -999.0 1 306 {-999.0 -999.0 -999.0 -999.0 -999.0} "" -999.0 -999.0 -999.0 -999.0 -999 -999 "" "" "" "" 0 0 0.0 0.0 -999 ""
FIBERMAP 687 R-7C16 METROLOGY 1 0 0 1 0 0 124.49296905777815 -129.11245510823943 143.1 124.49296905777815 -129.11245510823943 10.010593 170.0245 -999.0 -999.0 -999.0 -999.0 -999.0 -999.0 -999.0 -999.0 -999.0 -999.0 -999.0 -999.0 6231.0 -999.0 -1 -999 {-999.0 -999.0 -999.0 -999.0 -999.0} "" -999.0 -999.0 -999.0 -999.0 -999 -999 "" "" "" "" 0 0 0.0 0.0 -999 ""
FIBERMAP 688 R-7C2 APOGEE 0 0 0 1 0 0 -190.48991210253578 -128.41290667576 143.1 -190.48991210253578 -128.41290667576 9.993915 169.99937 -999.0 -999.0 -999.0 -999.0 -999.0 -999.0 -999.0 -999.0 -999.0 -999.0 -999.0 -999.0 16600.0 -999.0 2 -999 {-999.0 -999.0 -999.0 -999.0 -999.0} "" -999.0 -999.0 -999.0 -999.0 -999 -999 "" "" "" "" 0 0 0.0 0.0 -999 ""
FIBERMAP 688 R-7C2 BOSS 0 0 0 1 0 0 -189.7224443036697 -128.3718053100515 143.1 -189.7224443036697 -128.3718053100515 9.993915 169.99937 -999.0 -999.0 -999.0 -999.0 -999.0 -999.0 -999.0 -999.0 -999.0 -999.0 -999.0 -999.0 5400.0 -999.0 1 488 {-999.0 -999.0 -999.0 -999.0 -999.0} "" -999.0 -999.0 -999.0 -999.0 -999 -999 "" "" "" "" 0 0 0.0 0.0 -999 ""
FIBERMAP 688 R-7C2 METROLOGY 1 0 0 1 0 0 -190.07276491846903 -129.03149394311765 143.1 -190.07276491846903 -129.03149394311765 9.993915 169.99937 -999.0 -999.0 -999.0 -999.0 -999.0 -999.0 -999.0 -999.0 -999.0 -999.0 -999.0 -999.0 6231.0 -999.0 -1 -999 {-999.0 -999.0 -999.0 -999.0 -999.0} "" -999.0 -999.0 -999.0 -999.0 -999 -999 "" "" "" "" 0 0 0.0 0.0 -999 ""
FIBERMAP 689 R+5C20 APOGEE 0 0 0 1 0 0 191.2788490589336 104.55363629259261 143.1 191.2788490589336 104.55363629259261 10.016274 170.00354 -999.0 -999.0 -999.0 -999.0 -999.0 -999.0 -999.0 -999.0 -999.0 -999.0 -999.0 -999.0 16600.0 -999.0 2 45 {-999.0 -999.0 -999.0 -999.0 -999.0} "" -999.0 -999.0 -999.0 -999.0 -999 -999 "" "" "" "" 0 0 0.0 0.0 -999 ""
FIBERMAP 689 R+5C20 BOSS 0 0 0 1 0 0 192.02394009279948 104.54111432011186 143.1 192.02394009279948 104.54111432011186 10.016274 170.00354 -999.0 -999.0 -999.0 -999.0 -999.0 -999.0 -999.0 -999.0 -999.0 -999.0 -999.0 -999.0 5400.0 -999.0 1 194 {-999.0 -999.0 -999.0 -999.0 -999.0} "" -999.0 -999.0 -999.0 -999.0 -999 -999 "" "" "" "" 0 0 0.0 0.0 -999 ""
FIBERMAP 689 R+5C20 METROLOGY 1 0 0 1 0 0 191.6311124918796 103.89960563181572 143.1 191.6311124918796 103.89960563181572 10.016274 170.00354 -999.0 -999.0 -999.0 -999.0 -999.0 -999.0 -999.0 -999.0 -999.0 -999.0 -999.0 -999.0 6231.0 -999.0 -1 -999 {-999.0 -999.0 -999.0 -999.0 -999.0} "" -999.0 -999.0 -999.0 -999.0 -999 -999 "" "" "" "" 0 0 0.0 0.0 -999 ""
FIBERMAP 690 R-4C17 APOGEE 0 0 0 1 0 0 112.90772417827081 -70.03663610236086 143.1 112.90772417827081 -70.03663610236086 10.003803 169.99687 -999.0 -999.0 -999.0 -999.0 -999.0 -999.0 -999.0 -999.0 -999.0 -999.0 -999.0 -999.0 16600.0 -999.0 2 201 {-999.0 -999.0 -999.0 -999.0 -999.0} "" -999.0 -999.0 -999.0 -999.0 -999 -999 "" "" "" "" 0 0 0.0 0.0 -999 ""
FIBERMAP 690 R-4C17 BOSS 0 0 0 1 0 0 113.64620968984816 -70.03593072560614 143.1 113.64620968984816 -70.03593072560614 10.003803 169.99687 -999.0 -999.0 -999.0 -999.0 -999.0 -999.0 -999.0 -999.0 -999.0 -999.0 -999.0 -999.0 5400.0 -999.0 1 301 {-999.0 -999.0 -999.0 -999.0 -999.0} "" -999.0 -999.0 -999.0 -999.0 -999 -999 "" "" "" "" 0 0 0.0 0.0 -999 ""
FIBERMAP 690 R-4C17 METROLOGY 1 0 0 1 0 0 113.27302945913229 -70.68530030270021 143.1 113.27302945913229 -70.68530030270021 10.003803 169.99687 -999.0 -999.0 -999.0 -999.0 -999.0 -999.0 -999.0 -999.0 -999.0 -999.0 -999.0 -999.0 6231.0 -999.0 -1 -999 {-999.0 -999.0 -999.0 -999.0 -999.0} "" -999.0 -999.0 -999.0 -999.0 -999 -999 "" "" "" "" 0 0 0.0 0.0 -999 ""
FIBERMAP 691 R+10C2 APOGEE 0 0 0 1 0 0 -156.21107110444004 201.50618256688261 143.1 -156.21107110444004 201.50618256688261 10.010738 169.99803 -999.0 -999.0 -999.0 -999.0 -999.0 -999.0 -999.0 -999.0 -999.0 -999.0 -999.0 -999.0 16600.0 -999.0 2 -999 {-999.0 -999.0 -999.0 -999.0 -999.0} "" -999.0 -999.0 -999.0 -999.0 -999 -999 "" "" "" "" 0 0 0.0 0.0 -999 ""
FIBERMAP 691 R+10C2 BOSS 0 0 0 1 0 0 -155.44681975270186 201.493942165581 143.1 -155.44681975270186 201.493942165581 10.010738 169.99803 -999.0 -999.0 -999.0 -999.0 -999.0 -999.0 -999.0 -999.0 -999.0 -999.0 -999.0 -999.0 5400.0 -999.0 1 18 {-999.0 -999.0 -999.0 -999.0 -999.0} "" -999.0 -999.0 -999.0 -999.0 -999 -999 "" "" "" "" 0 0 0.0 0.0 -999 ""
FIBERMAP 691 R+10C2 METROLOGY 1 0 0 1 0 0 -155.83269003055253 200.86315088536486 143.1 -155.83269003055253 200.86315088536486 10.010738 169.99803 -999.0 -999.0 -999.0 -999.0 -999.0 -999.0 -999.0 -999.0 -999.0 -999.0 -999.0 -999.0 6231.0 -999.0 -1 -999 {-999.0 -999.0 -999.0 -999.0 -999.0} "" -999.0 -999.0 -999.0 -999.0 -999 -999 "" "" "" "" 0 0 0.0 0.0 -999 ""
FIBERMAP 692 R+8C17 APOGEE 0 0 0 1 0 0 157.41602183613085 162.7283284414679 143.1 157.41602183613085 162.7283284414679 9.9882765 170.01381 -999.0 -999.0 -999.0 -999.0 -999.0 -999.0 -999.0 -999.0 -999.0 -999.0 -999.0 -999.0 16600.0 -999.0 2 81 {-999.0 -999.0 -999.0 -999.0 -999.0} "" -999.0 -999.0 -999.0 -999.0 -999 -999 "" "" "" "" 0 0 0.0 0.0 -999 ""
FIBERMAP 692 R+8C17 BOSS 0 0 0 1 0 0 158.14759253735033 162.68362206876375 143.1 158.14759253735033 162.68362206876375 9.9882765 170.01381 -999.0 -999.0 -999.0 -999.0 -999.0 -999.0 -999.0 -999.0 -999.0 -999.0 -999.0 -999.0 5400.0 -999.0 1 226 {-999.0 -999.0 -999.0 -999.0 -999.0} "" -999.0 -999.0 -999.0 -999.0 -999 -999 "" "" "" "" 0 0 0.0 0.0 -999 ""
FIBERMAP 692 R+8C17 METROLOGY 1 0 0 1 0 0 157.76629733245701 162.0508705168427 143.1 157.76629733245701 162.0508705168427 9.9882765 170.01381 -999.0 -999.0 -999.0 -999.0 -999.0 -999.0 -999.0 -999.0 -999.0 -999.0 -999.0 -999.0 6231.0 -999.0 -1 -999 {-999.0 -999.0 -999.0 -999.0 -999.0} "" -999.0 -999.0 -999.0 -999.0 -999 -999 "" "" "" "" 0 0 0.0 0.0 -999 ""
FIBERMAP 693 R+2C15 APOGEE 0 0 0 1 0 0 45.18121052287779 46.47888012818271 143.1 45.18121052287779 46.47888012818271 10.014155 170.01361 -999.0 -999.0 -999.0 -999.0 -999.0 -999.0 -999.0 -999.0 -999.0 -999.0 -999.0 -999.0 16600.0 -999.0 2 54 {-999.0 -999.0 -999.0 -999.0 -999.0} "" -999.0 -999.0 -999.0 -999.0 -999 -999 "" "" "" "" 0 0 0.0 0.0 -999 ""
FIBERMAP 693 R+2C15 BOSS 0 0 0 1 0 0 45.9208203598399 46.48791528658985 143.1 45.9208203598399 46.48791528658985 10.014155 170.01361 -999.0 -999.0 -999.0 -999.0 -999.0 -999.0 -999.0 -999.0 -999.0 -999.0 -999.0 -999.0 5400.0 -999.0 1 198 {-999.0 -999.0 -999.0 -999.0 -999.0} "" -999.0 -999.0 -999.0 -999.0 -999 -999 "" "" "" "" 0 0 0.0 0.0 -999 ""
FIBERMAP 693 R+2C15 METROLOGY 1 0 0 1 0 0 45.56556826853186 45.831066140359994 143.1 45.56556826853186 45.831066140359994 10.014155 170.01361 -999.0 -999.0 -999.0 -999.0 -999.0 -999.0 -999.0 -999.0 -999.0 -999.0 -999.0 -999.0 6231.0 -999.0 -1 -999 {-999.0 -999.0 -999.0 -999.0 -999.0} "" -999.0 -999.0 -999.0 -999.0 -999 -999 "" "" "" "" 0 0 0.0 0.0 -999 ""
FIBERMAP 694 R+3C15 APOGEE 0 0 0 1 0 0 57.1137379177804 65.72438892396244 143.1 57.1137379177804 65.72438892396244 9.989678 169.99713 -999.0 -999.0 -999.0 -999.0 -999.0 -999.0 -999.0 -999.0 -999.0 -999.0 -999.0 -999.0 16600.0 -999.0 2 -999 {-999.0 -999.0 -999.0 -999.0 -999.0} "" -999.0 -999.0 -999.0 -999.0 -999 -999 "" "" "" "" 0 0 0.0 0.0 -999 ""
FIBERMAP 694 R+3C15 BOSS 0 0 0 1 0 0 57.89890997329197 65.71181074804352 143.1 57.89890997329197 65.71181074804352 9.989678 169.99713 -999.0 -999.0 -999.0 -999.0 -999.0 -999.0 -999.0 -999.0 -999.0 -999.0 -999.0 -999.0 5400.0 -999.0 1 197 {-999.0 -999.0 -999.0 -999.0 -999.0} "" -999.0 -999.0 -999.0 -999.0 -999 -999 "" "" "" "" 0 0 0.0 0.0 -999 ""
FIBERMAP 694 R+3C15 METROLOGY 1 0 0 1 0 0 57.49247717544278 65.08156814394896 143.1 57.49247717544278 65.08156814394896 9.989678 169.99713 -999.0 -999.0 -999.0 -999.0 -999.0 -999.0 -999.0 -999.0 -999.0 -999.0 -999.0 -999.0 6231.0 -999.0 -1 -999 {-999.0 -999.0 -999.0 -999.0 -999.0} "" -999.0 -999.0 -999.0 -999.0 -999 -999 "" "" "" "" 0 0 0.0 0.0 -999 ""
FIBERMAP 695 R-4C1 APOGEE 0 0 0 1 0 0 -245.69331311066554 -70.07232187696411 143.1 -245.69331311066554 -70.07232187696411 10.015865 170.0128 -999.0 -999.0 -999.0 -999.0 -999.0 -999.0 -999.0 -999.0 -999.0 -999.0 -999.0 -999.0 16600.0 -999.0 2 248 {-999.0 -999.0 -999.0 -999.0 -999.0} "" -999.0 -999.0 -999.0 -999.0 -999 -999 "" "" "" "" 0 0 0.0 0.0 -999 ""
FIBERMAP 695 R-4C1 BOSS 0 0 0 1 0 0 -244.95301367821284 -70.05342023350272 143.1 -244.95301367821284 -70.05342023350272 10.015865 170.0128 -999.0 -999.0 -999.0 -999.0 -999.0 -999.0 -999.0 -999.0 -999.0 -999.0 -999.0 -999.0 5400.0 -999.0 1 497 {-999.0 -999.0 -999.0 -999.0 -999.0} "" -999.0 -999.0 -999.0 -999.0 -999 -999 "" "" "" "" 0 0 0.0 0.0 -999 ""
FIBERMAP 695 R-4C1 METROLOGY 1 0 0 1 0 0 -245.30906892428825 -70.71552638676741 143.1 -245.30906892428825 -70.71552638676741 10.015865 170.0128 -999.0 -999.0 -999.0 -999.0 -999.0 -999.0 -999.0 -999.0 -999.0 -999.0 -999.0 -999.0 6231.0 -999.0 -1 -999 {-999.0 -999.0 -999.0 -999.0 -999.0} "" -999.0 -999.0 -999.0 -999.0 -999 -999 "" "" "" "" 0 0 0.0 0.0 -999 ""
FIBERMAP 698 R+7C18 APOGEE 0 0 0 1 0 0 168.71054367628992 143.37462104211434 143.1 168.71054367628992 143.37462104211434 9.991593 169.99963 -999.0 -999.0 -999.0 -999.0 -999.0 -999.0 -999.0 -999.0 -999.0 -999.0 -999.0 -999.0 16600.0 -999.0 2 40 {-999.0 -999.0 -999.0 -999.0 -999.0} "" -999.0 -999.0 -999.0 -999.0 -999 -999 "" "" "" "" 0 0 0.0 0.0 -999 ""
FIBERMAP 698 R+7C18 BOSS 0 0 0 1 0 0 169.45632647435022 143.3832499440028 143.1 169.45632647435022 143.3832499440028 9.991593 169.99963 -999.0 -999.0 -999.0 -999.0 -999.0 -999.0 -999.0 -999.0 -999.0 -999.0 -999.0 -999.0 5400.0 -999.0 1 196 {-999.0 -999.0 -999.0 -999.0 -999.0} "" -999.0 -999.0 -999.0 -999.0 -999 -999 "" "" "" "" 0 0 0.0 0.0 -999 ""
FIBERMAP 698 R+7C18 METROLOGY 1 0 0 1 0 0 169.09508014559202 142.7355450669228 143.1 169.09508014559202 142.7355450669228 9.991593 169.99963 -999.0 -999.0 -999.0 -999.0 -999.0 -999.0 -999.0 -999.0 -999.0 -999.0 -999.0 -999.0 6231.0 -999.0 -1 -999 {-999.0 -999.0 -999.0 -999.0 -999.0} "" -999.0 -999.0 -999.0 -999.0 -999 -999 "" "" "" "" 0 0 0.0 0.0 -999 ""
FIBERMAP 704 R+5C16 APOGEE 0 0 0 1 0 0 101.59640694625976 104.68020367959956 143.1 101.59640694625976 104.68020367959956 10.0051985 170.01201 -999.0 -999.0 -999.0 -999.0 -999.0 -999.0 -999.0 -999.0 -999.0 -999.0 -999.0 -999.0 16600.0 -999.0 2 79 {-999.0 -999.0 -999.0 -999.0 -999.0} "" -999.0 -999.0 -999.0 -999.0 -999 -999 "" "" "" "" 0 0 0.0 0.0 -999 ""
FIBERMAP 704 R+5C16 BOSS 0 0 0 1 0 0 102.3360877897383 104.69380590916369 143.1 102.3360877897383 104.69380590916369 10.0051985 170.01201 -999.0 -999.0 -999.0 -999.0 -999.0 -999.0 -999.0 -999.0 -999.0 -999.0 -999.0 -999.0 5400.0 -999.0 1 214 {-999.0 -999.0 -999.0 -999.0 -999.0} "" -999.0 -999.0 -999.0 -999.0 -999 -999 "" "" "" "" 0 0 0.0 0.0 -999 ""
FIBERMAP 704 R+5C16 METROLOGY 1 0 0 1 0 0 101.98295992947232 104.04423338097452 143.1 101.98295992947232 104.04423338097452 10.0051985 170.01201 -999.0 -999.0 -999.0 -999.0 -999.0 -999.0 -999.0 -999.0 -999.0 -999.0 -999.0 -999.0 6231.0 -999.0 -1 -999 {-999.0 -999.0 -999.0 -999.0 -999.0} "" -999.0 -999.0 -999.0 -999.0 -999 -999 "" "" "" "" 0 0 0.0 0.0 -999 ""
FIBERMAP 706 R+6C21 APOGEE 0 0 0 1 0 0 224.66954040092577 123.97212786108176 143.1 224.66954040092577 123.97212786108176 9.999833 170.02144 -999.0 -999.0 -999.0 -999.0 -999.0 -999.0 -999.0 -999.0 -999.0 -999.0 -999.0 -999.0 16600.0 -999.0 2 67 {-999.0 -999.0 -999.0 -999.0 -999.0} "" -999.0 -999.0 -999.0 -999.0 -999 -999 "" "" "" "" 0 0 0.0 0.0 -999 ""
FIBERMAP 706 R+6C21 BOSS 0 0 0 1 0 0 225.41247714896926 123.98346954200288 143.1 225.41247714896926 123.98346954200288 9.999833 170.02144 -999.0 -999.0 -999.0 -999.0 -999.0 -999.0 -999.0 -999.0 -999.0 -999.0 -999.0 -999.0 5400.0 -999.0 1 249 {-999.0 -999.0 -999.0 -999.0 -999.0} "" -999.0 -999.0 -999.0 -999.0 -999 -999 "" "" "" "" 0 0 0.0 0.0 -999 ""
FIBERMAP 706 R+6C21 METROLOGY 1 0 0 1 0 0 225.05644645765668 123.3320784521692 143.1 225.05644645765668 123.3320784521692 9.999833 170.02144 -999.0 -999.0 -999.0 -999.0 -999.0 -999.0 -999.0 -999.0 -999.0 -999.0 -999.0 -999.0 6231.0 -999.0 -1 -999 {-999.0 -999.0 -999.0 -999.0 -999.0} "" -999.0 -999.0 -999.0 -999.0 -999 -999 "" "" "" "" 0 0 0.0 0.0 -999 ""
FIBERMAP 709 R+2C18 APOGEE 0 0 0 1 0 0 112.50353830936879 46.42199409203337 143.1 112.50353830936879 46.42199409203337 10.007079 170.00034 -999.0 -999.0 -999.0 -999.0 -999.0 -999.0 -999.0 -999.0 -999.0 -999.0 -999.0 -999.0 16600.0 -999.0 2 -999 {-999.0 -999.0 -999.0 -999.0 -999.0} "" -999.0 -999.0 -999.0 -999.0 -999 -999 "" "" "" "" 0 0 0.0 0.0 -999 ""
FIBERMAP 709 R+2C18 BOSS 0 0 0 1 0 0 113.23249270401593 46.44745246245867 143.1 113.23249270401593 46.44745246245867 10.007079 170.00034 -999.0 -999.0 -999.0 -999.0 -999.0 -999.0 -999.0 -999.0 -999.0 -999.0 -999.0 -999.0 5400.0 -999.0 1 200 {-999.0 -999.0 -999.0 -999.0 -999.0} "" -999.0 -999.0 -999.0 -999.0 -999 -999 "" "" "" "" 0 0 0.0 0.0 -999 ""
FIBERMAP 709 R+2C18 METROLOGY 1 0 0 1 0 0 112.89279791632848 45.78548883761564 143.1 112.89279791632848 45.78548883761564 10.007079 170.00034 -999.0 -999.0 -999.0 -999.0 -999.0 -999.0 -999.0 -999.0 -999.0 -999.0 -999.0 -999.0 6231.0 -999.0 -1 -999 {-999.0 -999.0 -999.0 -999.0 -999.0} "" -999.0 -999.0 -999.0 -999.0 -999 -999 "" "" "" "" 0 0 0.0 0.0 -999 ""
FIBERMAP 710 R+8C6 APOGEE 0 0 0 1 0 0 -88.95098166920545 162.89174060500855 143.1 -88.95098166920545 162.89174060500855 9.996119 170.03238 -999.0 -999.0 -999.0 -999.0 -999.0 -999.0 -999.0 -999.0 -999.0 -999.0 -999.0 -999.0 16600.0 -999.0 2 -999 {-999.0 -999.0 -999.0 -999.0 -999.0} "" -999.0 -999.0 -999.0 -999.0 -999 -999 "" "" "" "" 0 0 0.0 0.0 -999 ""
FIBERMAP 710 R+8C6 BOSS 0 0 0 1 0 0 -88.19760571686338 162.89101208061936 143.1 -88.19760571686338 162.89101208061936 9.996119 170.03238 -999.0 -999.0 -999.0 -999.0 -999.0 -999.0 -999.0 -999.0 -999.0 -999.0 -999.0 -999.0 5400.0 -999.0 1 77 {-999.0 -999.0 -999.0 -999.0 -999.0} "" -999.0 -999.0 -999.0 -999.0 -999 -999 "" "" "" "" 0 0 0.0 0.0 -999 ""
FIBERMAP 710 R+8C6 METROLOGY 1 0 0 1 0 0 -88.57889488646124 162.24504639085563 143.1 -88.57889488646124 162.24504639085563 9.996119 170.03238 -999.0 -999.0 -999.0 -999.0 -999.0 -999.0 -999.0 -999.0 -999.0 -999.0 -999.0 -999.0 6231.0 -999.0 -1 -999 {-999.0 -999.0 -999.0 -999.0 -999.0} "" -999.0 -999.0 -999.0 -999.0 -999 -999 "" "" "" "" 0 0 0.0 0.0 -999 ""
FIBERMAP 714 R-3C22 APOGEE 0 0 0 1 0 0 213.477951742615 -50.70130759719496 143.1 213.477951742615 -50.70130759719496 10.00943 169.98663 -999.0 -999.0 -999.0 -999.0 -999.0 -999.0 -999.0 -999.0 -999.0 -999.0 -999.0 -999.0 16600.0 -999.0 2 209 {-999.0 -999.0 -999.0 -999.0 -999.0} "" -999.0 -999.0 -999.0 -999.0 -999 -999 "" "" "" "" 0 0 0.0 0.0 -999 ""
FIBERMAP 714 R-3C22 BOSS 0 0 0 1 0 0 214.21145584099673 -50.67708511348108 143.1 214.21145584099673 -50.67708511348108 10.00943 169.98663 -999.0 -999.0 -999.0 -999.0 -999.0 -999.0 -999.0 -999.0 -999.0 -999.0 -999.0 -999.0 5400.0 -999.0 1 309 {-999.0 -999.0 -999.0 -999.0 -999.0} "" -999.0 -999.0 -999.0 -999.0 -999 -999 "" "" "" "" 0 0 0.0 0.0 -999 ""
FIBERMAP 714 R-3C22 METROLOGY 1 0 0 1 0 0 213.85624048415085 -51.34207542272732 143.1 213.85624048415085 -51.34207542272732 10.00943 169.98663 -999.0 -999.0 -999.0 -999.0 -999.0 -999.0 -999.0 -999.0 -999.0 -999.0 -999.0 -999.0 6231.0 -999.0 -1 -999 {-999.0 -999.0 -999.0 -999.0 -999.0} "" -999.0 -999.0 -999.0 -999.0 -999 -999 "" "" "" "" 0 0 0.0 0.0 -999 ""
FIBERMAP 715 R-6C17 APOGEE 0 0 0 1 0 0 135.18662301630562 -108.95897651349425 143.1 135.18662301630562 -108.95897651349425 9.991607 170.00462 -999.0 -999.0 -999.0 -999.0 -999.0 -999.0 -999.0 -999.0 -999.0 -999.0 -999.0 -999.0 16600.0 -999.0 2 205 {-999.0 -999.0 -999.0 -999.0 -999.0} "" -999.0 -999.0 -999.0 -999.0 -999 -999 "" "" "" "" 0 0 0.0 0.0 -999 ""
FIBERMAP 715 R-6C17 BOSS 0 0 0 1 0 0 135.92879072316234 -108.98773706182203 143.1 135.92879072316234 -108.98773706182203 9.991607 170.00462 -999.0 -999.0 -999.0 -999.0 -999.0 -999.0 -999.0 -999.0 -999.0 -999.0 -999.0 -999.0 5400.0 -999.0 1 299 {-999.0 -999.0 -999.0 -999.0 -999.0} "" -999.0 -999.0 -999.0 -999.0 -999 -999 "" "" "" "" 0 0 0.0 0.0 -999 ""
FIBERMAP 715 R-6C17 METROLOGY 1 0 0 1 0 0 135.55597966754678 -109.6325601075991 143.1 135.55597966754678 -109.6325601075991 9.991607 170.00462 -999.0 -999.0 -999.0 -999.0 -999.0 -999.0 -999.0 -999.0 -999.0 -999.0 -999.0 -999.0 6231.0 -999.0 -1 -999 {-999.0 -999.0 -999.0 -999.0 -999.0} "" -999.0 -999.0 -999.0 -999.0 -999 -999 "" "" "" "" 0 0 0.0 0.0 -999 ""
FIBERMAP 717 R+6C9 APOGEE 0 0 0 1 0 0 -44.37292236825747 124.00987801873283 143.1 -44.37292236825747 124.00987801873283 10.008741 170.0168 -999.0 -999.0 -999.0 -999.0 -999.0 -999.0 -999.0 -999.0 -999.0 -999.0 -999.0 -999.0 16600.0 -999.0 2 -999 {-999.0 -999.0 -999.0 -999.0 -999.0} "" -999.0 -999.0 -999.0 -999.0 -999 -999 "" "" "" "" 0 0 0.0 0.0 -999 ""
FIBERMAP 717 R+6C9 BOSS 0 0 0 1 0 0 -43.6162325308867 124.02540226888425 143.1 -43.6162325308867 124.02540226888425 10.008741 170.0168 -999.0 -999.0 -999.0 -999.0 -999.0 -999.0 -999.0 -999.0 -999.0 -999.0 -999.0 -999.0 5400.0 -999.0 1 130 {-999.0 -999.0 -999.0 -999.0 -999.0} "" -999.0 -999.0 -999.0 -999.0 -999 -999 "" "" "" "" 0 0 0.0 0.0 -999 ""
FIBERMAP 717 R+6C9 METROLOGY 1 0 0 1 0 0 -43.98519264106034 123.37243967727585 143.1 -43.98519264106034 123.37243967727585 10.008741 170.0168 -999.0 -999.0 -999.0 -999.0 -999.0 -999.0 -999.0 -999.0 -999.0 -999.0 -999.0 -999.0 6231.0 -999.0 -1 -999 {-999.0 -999.0 -999.0 -999.0 -999.0} "" -999.0 -999.0 -999.0 -999.0 -999 -999 "" "" "" "" 0 0 0.0 0.0 -999 ""
FIBERMAP 719 R+3C18 APOGEE 0 0 0 1 0 0 123.70228401795457 65.9070511061425 143.1 123.70228401795457 65.9070511061425 10.007634 170.00717 -999.0 -999.0 -999.0 -999.0 -999.0 -999.0 -999.0 -999.0 -999.0 -999.0 -999.0 -999.0 16600.0 -999.0 2 87 {-999.0 -999.0 -999.0 -999.0 -999.0} "" -999.0 -999.0 -999.0 -999.0 -999 -999 "" "" "" "" 0 0 0.0 0.0 -999 ""
FIBERMAP 719 R+3C18 BOSS 0 0 0 1 0 0 124.45714518921471 65.88678783546331 143.1 124.45714518921471 65.88678783546331 10.007634 170.00717 -999.0 -999.0 -999.0 -999.0 -999.0 -999.0 -999.0 -999.0 -999.0 -999.0 -999.0 -999.0 5400.0 -999.0 1 218 {-999.0 -999.0 -999.0 -999.0 -999.0} "" -999.0 -999.0 -999.0 -999.0 -999 -999 "" "" "" "" 0 0 0.0 0.0 -999 ""
FIBERMAP 719 R+3C18 METROLOGY 1 0 0 1 0 0 124.06161185052791 65.24994442955962 143.1 124.06161185052791 65.24994442955962 10.007634 170.00717 -999.0 -999.0 -999.0 -999.0 -999.0 -999.0 -999.0 -999.0 -999.0 -999.0 -999.0 -999.0 6231.0 -999.0 -1 -999 {-999.0 -999.0 -999.0 -999.0 -999.0} "" -999.0 -999.0 -999.0 -999.0 -999 -999 "" "" "" "" 0 0 0.0 0.0 -999 ""
FIBERMAP 721 R+9C9 APOGEE 0 0 0 1 0 0 -10.675322284462162 182.29630793910155 143.1 -10.675322284462162 182.29630793910155 9.9995575 170.00082 -999.0 -999.0 -999.0 -999.0 -999.0 -999.0 -999.0 -999.0 -999.0 -999.0 -999.0 -999.0 16600.0 -999.0 2 9 {-999.0 -999.0 -999.0 -999.0 -999.0} "" -999.0 -999.0 -999.0 -999.0 -999 -999 "" "" "" "" 0 0 0.0 0.0 -999 ""
FIBERMAP 721 R+9C9 BOSS 0 0 0 1 0 0 -9.933485241047094 182.3068109840517 143.1 -9.933485241047094 182.3068109840517 9.9995575 170.00082 -999.0 -999.0 -999.0 -999.0 -999.0 -999.0 -999.0 -999.0 -999.0 -999.0 -999.0 -999.0 5400.0 -999.0 1 125 {-999.0 -999.0 -999.0 -999.0 -999.0} "" -999.0 -999.0 -999.0 -999.0 -999 -999 "" "" "" "" 0 0 0.0 0.0 -999 ""
FIBERMAP 721 R+9C9 METROLOGY 1 0 0 1 0 0 -10.285402063919921 181.6567594090258 143.1 -10.285402063919921 181.6567594090258 9.9995575 170.00082 -999.0 -999.0 -999.0 -999.0 -999.0 -999.0 -999.0 -999.0 -999.0 -999.0 -999.0 -999.0 6231.0 -999.0 -1 -999 {-999.0 -999.0 -999.0 -999.0 -999.0} "" -999.0 -999.0 -999.0 -999.0 -999 -999 "" "" "" "" 0 0 0.0 0.0 -999 ""
FIBERMAP 723 R-2C19 APOGEE 0 0 0 1 0 0 135.18499821298073 -31.307797946774095 143.1 135.18499821298073 -31.307797946774095 9.988841 169.99448 -999.0 -999.0 -999.0 -999.0 -999.0 -999.0 -999.0 -999.0 -999.0 -999.0 -999.0 -999.0 16600.0 -999.0 2 212 {-999.0 -999.0 -999.0 -999.0 -999.0} "" -999.0 -999.0 -999.0 -999.0 -999 -999 "" "" "" "" 0 0 0.0 0.0 -999 ""
FIBERMAP 723 R-2C19 BOSS 0 0 0 1 0 0 135.9262243179945 -31.317830549909637 143.1 135.9262243179945 -31.317830549909637 9.988841 169.99448 -999.0 -999.0 -999.0 -999.0 -999.0 -999.0 -999.0 -999.0 -999.0 -999.0 -999.0 -999.0 5400.0 -999.0 1 297 {-999.0 -999.0 -999.0 -999.0 -999.0} "" -999.0 -999.0 -999.0 -999.0 -999 -999 "" "" "" "" 0 0 0.0 0.0 -999 ""
FIBERMAP 723 R-2C19 METROLOGY 1 0 0 1 0 0 135.55456068451875 -31.953861622084652 143.1 135.55456068451875 -31.953861622084652 9.988841 169.99448 -999.0 -999.0 -999.0 -999.0 -999.0 -999.0 -999.0 -999.0 -999.0 -999.0 -999.0 -999.0 6231.0 -999.0 -1 -999 {-999.0 -999.0 -999.0 -999.0 -999.0} "" -999.0 -999.0 -999.0 -999.0 -999 -999 "" "" "" "" 0 0 0.0 0.0 -999 ""
FIBERMAP 724 R+1C21 APOGEE 0 0 0 1 0 0 168.46377741379052 26.98279808968166 143.1 168.46377741379052 26.98279808968166 10.014012 170.00615 -999.0 -999.0 -999.0 -999.0 -999.0 -999.0 -999.0 -999.0 -999.0 -999.0 -999.0 -999.0 16600.0 -999.0 2 -999 {-999.0 -999.0 -999.0 -999.0 -999.0} "" -999.0 -999.0 -999.0 -999.0 -999 -999 "" "" "" "" 0 0 0.0 0.0 -999 ""
FIBERMAP 724 R+1C21 BOSS 0 0 0 1 0 0 169.2041543054258 27.010663028609365 143.1 169.2041543054258 27.010663028609365 10.014012 170.00615 -999.0 -999.0 -999.0 -999.0 -999.0 -999.0 -999.0 -999.0 -999.0 -999.0 -999.0 -999.0 5400.0 -999.0 1 234 {-999.0 -999.0 -999.0 -999.0 -999.0} "" -999.0 -999.0 -999.0 -999.0 -999 -999 "" "" "" "" 0 0 0.0 0.0 -999 ""
FIBERMAP 724 R+1C21 METROLOGY 1 0 0 1 0 0 168.85628778104174 26.348292303961692 143.1 168.85628778104174 26.348292303961692 10.014012 170.00615 -999.0 -999.0 -999.0 -999.0 -999.0 -999.0 -999.0 -999.0 -999.0 -999.0 -999.0 -999.0 6231.0 -999.0 -1 -999 {-999.0 -999.0 -999.0 -999.0 -999.0} "" -999.0 -999.0 -999.0 -999.0 -999 -999 "" "" "" "" 0 0 0.0 0.0 -999 ""
FIBERMAP 730 R+6C13 APOGEE 0 0 0 1 0 0 45.46862441044137 123.98917492346818 143.1 45.46862441044137 123.98917492346818 10.008997 169.99995 -999.0 -999.0 -999.0 -999.0 -999.0 -999.0 -999.0 -999.0 -999.0 -999.0 -999.0 -999.0 16600.0 -999.0 2 -999 {-999.0 -999.0 -999.0 -999.0 -999.0} "" -999.0 -999.0 -999.0 -999.0 -999 -999 "" "" "" "" 0 0 0.0 0.0 -999 ""
FIBERMAP 730 R+6C13 BOSS 0 0 0 1 0 0 46.22212003322162 123.9820115195831 143.1 46.22212003322162 123.9820115195831 10.008997 169.99995 -999.0 -999.0 -999.0 -999.0 -999.0 -999.0 -999.0 -999.0 -999.0 -999.0 -999.0 -999.0 5400.0 -999.0 1 149 {-999.0 -999.0 -999.0 -999.0 -999.0} "" -999.0 -999.0 -999.0 -999.0 -999 -999 "" "" "" "" 0 0 0.0 0.0 -999 ""
FIBERMAP 730 R+6C13 METROLOGY 1 0 0 1 0 0 45.84670224996721 123.34596490506729 143.1 45.84670224996721 123.34596490506729 10.008997 169.99995 -999.0 -999.0 -999.0 -999.0 -999.0 -999.0 -999.0 -999.0 -999.0 -999.0 -999.0 -999.0 6231.0 -999.0 -1 -999 {-999.0 -999.0 -999.0 -999.0 -999.0} "" -999.0 -999.0 -999.0 -999.0 -999 -999 "" "" "" "" 0 0 0.0 0.0 -999 ""
FIBERMAP 733 R+2C2 APOGEE 0 0 0 1 0 0 -245.67847690549547 46.25454314486389 143.1 -245.67847690549547 46.25454314486389 9.990582 169.99472 -999.0 -999.0 -999.0 -999.0 -999.0 -999.0 -999.0 -999.0 -999.0 -999.0 -999.0 -999.0 16600.0 -999.0 2 -999 {-999.0 -999.0 -999.0 -999.0 -999.0} "" -999.0 -999.0 -999.0 -999.0 -999 -999 "" "" "" "" 0 0 0.0 0.0 -999 ""
FIBERMAP 733 R+2C2 BOSS 0 0 0 1 0 0 -244.96468367187154 46.27482135703241 143.1 -244.96468367187154 46.27482135703241 9.990582 169.99472 -999.0 -999.0 -999.0 -999.0 -999.0 -999.0 -999.0 -999.0 -999.0 -999.0 -999.0 -999.0 5400.0 -999.0 1 10 {-999.0 -999.0 -999.0 -999.0 -999.0} "" -999.0 -999.0 -999.0 -999.0 -999 -999 "" "" "" "" 0 0 0.0 0.0 -999 ""
FIBERMAP 733 R+2C2 METROLOGY 1 0 0 1 0 0 -245.29936790677485 45.61194035339713 143.1 -245.29936790677485 45.61194035339713 9.990582 169.99472 -999.0 -999.0 -999.0 -999.0 -999.0 -999.0 -999.0 -999.0 -999.0 -999.0 -999.0 -999.0 6231.0 -999.0 -1 -999 {-999.0 -999.0 -999.0 -999.0 -999.0} "" -999.0 -999.0 -999.0 -999.0 -999 -999 "" "" "" "" 0 0 0.0 0.0 -999 ""
FIBERMAP 741 R+5C9 APOGEE 0 0 0 1 0 0 -55.42453115186744 104.59413624375358 143.1 -55.42453115186744 104.59413624375358 10.0178 170.00076 -999.0 -999.0 -999.0 -999.0 -999.0 -999.0 -999.0 -999.0 -999.0 -999.0 -999.0 -999.0 16600.0 -999.0 2 101 {-999.0 -999.0 -999.0 -999.0 -999.0} "" -999.0 -999.0 -999.0 -999.0 -999 -999 "" "" "" "" 0 0 0.0 0.0 -999 ""
FIBERMAP 741 R+5C9 BOSS 0 0 0 1 0 0 -54.685285619659325 104.6161744358781 143.1 -54.685285619659325 104.6161744358781 10.0178 170.00076 -999.0 -999.0 -999.0 -999.0 -999.0 -999.0 -999.0 -999.0 -999.0 -999.0 -999.0 -999.0 5400.0 -999.0 1 75 {-999.0 -999.0 -999.0 -999.0 -999.0} "" -999.0 -999.0 -999.0 -999.0 -999 -999 "" "" "" "" 0 0 0.0 0.0 -999 ""
FIBERMAP 741 R+5C9 METROLOGY 1 0 0 1 0 0 -55.02264188746175 103.95840912963263 143.1 -55.02264188746175 103.95840912963263 10.0178 170.00076 -999.0 -999.0 -999.0 -999.0 -999.0 -999.0 -999.0 -999.0 -999.0 -999.0 -999.0 -999.0 6231.0 -999.0 -1 -999 {-999.0 -999.0 -999.0 -999.0 -999.0} "" -999.0 -999.0 -999.0 -999.0 -999 -999 "" "" "" "" 0 0 0.0 0.0 -999 ""
FIBERMAP 742 R-5C19 APOGEE 0 0 0 1 0 0 168.72527045165154 -89.47935423148242 143.1 168.72527045165154 -89.47935423148242 9.99205 169.9855 -999.0 -999.0 -999.0 -999.0 -999.0 -999.0 -999.0 -999.0 -999.0 -999.0 -999.0 -999.0 16600.0 -999.0 2 -999 {-999.0 -999.0 -999.0 -999.0 -999.0} "" -999.0 -999.0 -999.0 -999.0 -999 -999 "" "" "" "" 0 0 0.0 0.0 -999 ""
FIBERMAP 742 R-5C19 BOSS 0 0 0 1 0 0 169.46689340678446 -89.46424596007897 143.1 169.46689340678446 -89.46424596007897 9.99205 169.9855 -999.0 -999.0 -999.0 -999.0 -999.0 -999.0 -999.0 -999.0 -999.0 -999.0 -999.0 -999.0 5400.0 -999.0 1 287 {-999.0 -999.0 -999.0 -999.0 -999.0} "" -999.0 -999.0 -999.0 -999.0 -999 -999 "" "" "" "" 0 0 0.0 0.0 -999 ""
FIBERMAP 742 R-5C19 METROLOGY 1 0 0 1 0 0 169.1053414832443 -90.12138849182668 143.1 169.1053414832443 -90.12138849182668 9.99205 169.9855 -999.0 -999.0 -999.0 -999.0 -999.0 -999.0 -999.0 -999.0 -999.0 -999.0 -999.0 -999.0 6231.0 -999.0 -1 -999 {-999.0 -999.0 -999.0 -999.0 -999.0} "" -999.0 -999.0 -999.0 -999.0 -999 -999 "" "" "" "" 0 0 0.0 0.0 -999 ""
FIBERMAP 743 R-1C3 APOGEE 0 0 0 1 0 0 -234.7550211860746 -11.868591516802457 143.1 -234.7550211860746 -11.868591516802457 10.003251 169.99977 -999.0 -999.0 -999.0 -999.0 -999.0 -999.0 -999.0 -999.0 -999.0 -999.0 -999.0 -999.0 16600.0 -999.0 2 281 {-999.0 -999.0 -999.0 -999.0 -999.0} "" -999.0 -999.0 -999.0 -999.0 -999 -999 "" "" "" "" 0 0 0.0 0.0 -999 ""
FIBERMAP 743 R-1C3 BOSS 0 0 0 1 0 0 -234.00841546854716 -11.857177879516334 143.1 -234.00841546854716 -11.857177879516334 10.003251 169.99977 -999.0 -999.0 -999.0 -999.0 -999.0 -999.0 -999.0 -999.0 -999.0 -999.0 -999.0 -999.0 5400.0 -999.0 1 433 {-999.0 -999.0 -999.0 -999.0 -999.0} "" -999.0 -999.0 -999.0 -999.0 -999 -999 "" "" "" "" 0 0 0.0 0.0 -999 ""
FIBERMAP 743 R-1C3 METROLOGY 1 0 0 1 0 0 -234.3659379614468 -12.511305949614217 143.1 -234.3659379614468 -12.511305949614217 10.003251 169.99977 -999.0 -999.0 -999.0 -999.0 -999.0 -999.0 -999.0 -999.0 -999.0 -999.0 -999.0 -999.0 6231.0 -999.0 -1 -999 {-999.0 -999.0 -999.0 -999.0 -999.0} "" -999.0 -999.0 -999.0 -999.0 -999 -999 "" "" "" "" 0 0 0.0 0.0 -999 ""
FIBERMAP 748 R-1C24 APOGEE 0 0 0 1 0 0 235.73736371221707 -11.734543148379911 143.1 235.73736371221707 -11.734543148379911 10.005835 169.99039 -999.0 -999.0 -999.0 -999.0 -999.0 -999.0 -999.0 -999.0 -999.0 -999.0 -999.0 -999.0 16600.0 -999.0 2 210 {-999.0 -999.0 -999.0 -999.0 -999.0} "" -999.0 -999.0 -999.0 -999.0 -999 -999 "" "" "" "" 0 0 0.0 0.0 -999 ""
FIBERMAP 748 R-1C24 BOSS 0 0 0 1 0 0 236.48314574044502 -11.725912642320075 143.1 236.48314574044502 -11.725912642320075 10.005835 169.99039 -999.0 -999.0 -999.0 -999.0 -999.0 -999.0 -999.0 -999.0 -999.0 -999.0 -999.0 -999.0 5400.0 -999.0 1 311 {-999.0 -999.0 -999.0 -999.0 -999.0} "" -999.0 -999.0 -999.0 -999.0 -999 -999 "" "" "" "" 0 0 0.0 0.0 -999 ""
FIBERMAP 748 R-1C24 METROLOGY 1 0 0 1 0 0 236.12501778121143 -12.375942365466592 143.1 236.12501778121143 -12.375942365466592 10.005835 169.99039 -999.0 -999.0 -999.0 -999.0 -999.0 -999.0 -999.0 -999.0 -999.0 -999.0 -999.0 -999.0 6231.0 -999.0 -1 -999 {-999.0 -999.0 -999.0 -999.0 -999.0} "" -999.0 -999.0 -999.0 -999.0 -999 -999 "" "" "" "" 0 0 0.0 0.0 -999 ""
FIBERMAP 751 R-10C16 APOGEE 0 0 0 1 0 0 157.43675214531368 -186.37137767751895 143.1 157.43675214531368 -186.37137767751895 10.009199 169.99768 -999.0 -999.0 -999.0 -999.0 -999.0 -999.0 -999.0 -999.0 -999.0 -999.0 -999.0 -999.0 16600.0 -999.0 2 -999 {-999.0 -999.0 -999.0 -999.0 -999.0} "" -999.0 -999.0 -999.0 -999.0 -999 -999 "" "" "" "" 0 0 0.0 0.0 -999 ""
FIBERMAP 751 R-10C16 BOSS 0 0 0 1 0 0 158.18835586846123 -186.36105115282314 143.1 158.18835586846123 -186.36105115282314 10.009199 169.99768 -999.0 -999.0 -999.0 -999.0 -999.0 -999.0 -999.0 -999.0 -999.0 -999.0 -999.0 -999.0 5400.0 -999.0 1 268 {-999.0 -999.0 -999.0 -999.0 -999.0} "" -999.0 -999.0 -999.0 -999.0 -999 -999 "" "" "" "" 0 0 0.0 0.0 -999 ""
FIBERMAP 751 R-10C16 METROLOGY 1 0 0 1 0 0 157.8207254039452 -187.01108582751212 143.1 157.8207254039452 -187.01108582751212 10.009199 169.99768 -999.0 -999.0 -999.0 -999.0 -999.0 -999.0 -999.0 -999.0 -999.0 -999.0 -999.0 -999.0 6231.0 -999.0 -1 -999 {-999.0 -999.0 -999.0 -999.0 -999.0} "" -999.0 -999.0 -999.0 -999.0 -999 -999 "" "" "" "" 0 0 0.0 0.0 -999 ""
FIBERMAP 753 R-2C22 APOGEE 0 0 0 1 0 0 202.35987024061194 -31.22918621952789 143.1 202.35987024061194 -31.22918621952789 9.999609 169.99985 -999.0 -999.0 -999.0 -999.0 -999.0 -999.0 -999.0 -999.0 -999.0 -999.0 -999.0 -999.0 16600.0 -999.0 2 -999 {-999.0 -999.0 -999.0 -999.0 -999.0} "" -999.0 -999.0 -999.0 -999.0 -999 -999 "" "" "" "" 0 0 0.0 0.0 -999 ""
FIBERMAP 753 R-2C22 BOSS 0 0 0 1 0 0 203.11407036505247 -31.222820893804847 143.1 203.11407036505247 -31.222820893804847 9.999609 169.99985 -999.0 -999.0 -999.0 -999.0 -999.0 -999.0 -999.0 -999.0 -999.0 -999.0 -999.0 -999.0 5400.0 -999.0 1 285 {-999.0 -999.0 -999.0 -999.0 -999.0} "" -999.0 -999.0 -999.0 -999.0 -999 -999 "" "" "" "" 0 0 0.0 0.0 -999 ""
FIBERMAP 753 R-2C22 METROLOGY 1 0 0 1 0 0 202.74753298303867 -31.866665300475656 143.1 202.74753298303867 -31.866665300475656 9.999609 169.99985 -999.0 -999.0 -999.0 -999.0 -999.0 -999.0 -999.0 -999.0 -999.0 -999.0 -999.0 -999.0 6231.0 -999.0 -1 -999 {-999.0 -999.0 -999.0 -999.0 -999.0} "" -999.0 -999.0 -999.0 -999.0 -999 -999 "" "" "" "" 0 0 0.0 0.0 -999 ""
FIBERMAP 756 R-13C9 APOGEE 0 0 0 1 0 0 34.18400250514772 -244.66669672325207 143.1 34.18400250514772 -244.66669672325207 10.004535 170.0194 -999.0 -999.0 -999.0 -999.0 -999.0 -999.0 -999.0 -999.0 -999.0 -999.0 -999.0 -999.0 16600.0 -999.0 2 207 {-999.0 -999.0 -999.0 -999.0 -999.0} "" -999.0 -999.0 -999.0 -999.0 -999 -999 "" "" "" "" 0 0 0.0 0.0 -999 ""
FIBERMAP 756 R-13C9 BOSS 0 0 0 1 0 0 34.924255011563055 -244.63823319319255 143.1 34.924255011563055 -244.63823319319255 10.004535 170.0194 -999.0 -999.0 -999.0 -999.0 -999.0 -999.0 -999.0 -999.0 -999.0 -999.0 -999.0 -999.0 5400.0 -999.0 1 334 {-999.0 -999.0 -999.0 -999.0 -999.0} "" -999.0 -999.0 -999.0 -999.0 -999 -999 "" "" "" "" 0 0 0.0 0.0 -999 ""
FIBERMAP 756 R-13C9 METROLOGY 1 0 0 1 0 0 34.57831638322392 -245.29830553543079 143.1 34.57831638322392 -245.29830553543079 10.004535 170.0194 -999.0 -999.0 -999.0 -999.0 -999.0 -999.0 -999.0 -999.0 -999.0 -999.0 -999.0 -999.0 6231.0 -999.0 -1 -999 {-999.0 -999.0 -999.0 -999.0 -999.0} "" -999.0 -999.0 -999.0 -999.0 -999 -999 "" "" "" "" 0 0 0.0 0.0 -999 ""
FIBERMAP 758 R+4C17 APOGEE 0 0 0 1 0 0 112.67760648887607 85.26436506788447 143.1 112.67760648887607 85.26436506788447 10.010969 170.0241 -999.0 -999.0 -999.0 -999.0 -999.0 -999.0 -999.0 -999.0 -999.0 -999.0 -999.0 -999.0 16600.0 -999.0 2 83 {-999.0 -999.0 -999.0 -999.0 -999.0} "" -999.0 -999.0 -999.0 -999.0 -999 -999 "" "" "" "" 0 0 0.0 0.0 -999 ""
FIBERMAP 758 R+4C17 BOSS 0 0 0 1 0 0 113.41910790345928 85.26561854959218 143.1 113.41910790345928 85.26561854959218 10.010969 170.0241 -999.0 -999.0 -999.0 -999.0 -999.0 -999.0 -999.0 -999.0 -999.0 -999.0 -999.0 -999.0 5400.0 -999.0 1 210 {-999.0 -999.0 -999.0 -999.0 -999.0} "" -999.0 -999.0 -999.0 -999.0 -999 -999 "" "" "" "" 0 0 0.0 0.0 -999 ""
FIBERMAP 758 R+4C17 METROLOGY 1 0 0 1 0 0 113.061412333534 84.61949935075798 143.1 113.061412333534 84.61949935075798 10.010969 170.0241 -999.0 -999.0 -999.0 -999.0 -999.0 -999.0 -999.0 -999.0 -999.0 -999.0 -999.0 -999.0 6231.0 -999.0 -1 -999 {-999.0 -999.0 -999.0 -999.0 -999.0} "" -999.0 -999.0 -999.0 -999.0 -999 -999 "" "" "" "" 0 0 0.0 0.0 -999 ""
FIBERMAP 760 R+10C10 APOGEE 0 0 0 1 0 0 23.084613914758165 201.72498513412552 143.1 23.084613914758165 201.72498513412552 10.0044365 170.01205 -999.0 -999.0 -999.0 -999.0 -999.0 -999.0 -999.0 -999.0 -999.0 -999.0 -999.0 -999.0 16600.0 -999.0 2 -999 {-999.0 -999.0 -999.0 -999.0 -999.0} "" -999.0 -999.0 -999.0 -999.0 -999 -999 "" "" "" "" 0 0 0.0 0.0 -999 ""
FIBERMAP 760 R+10C10 BOSS 0 0 0 1 0 0 23.847745409699534 201.72791093708733 143.1 23.847745409699534 201.72791093708733 10.0044365 170.01205 -999.0 -999.0 -999.0 -999.0 -999.0 -999.0 -999.0 -999.0 -999.0 -999.0 -999.0 -999.0 5400.0 -999.0 1 122 {-999.0 -999.0 -999.0 -999.0 -999.0} "" -999.0 -999.0 -999.0 -999.0 -999 -999 "" "" "" "" 0 0 0.0 0.0 -999 ""
FIBERMAP 760 R+10C10 METROLOGY 1 0 0 1 0 0 23.46257977293035 201.08170930637513 143.1 23.46257977293035 201.08170930637513 10.0044365 170.01205 -999.0 -999.0 -999.0 -999.0 -999.0 -999.0 -999.0 -999.0 -999.0 -999.0 -999.0 -999.0 6231.0 -999.0 -1 -999 {-999.0 -999.0 -999.0 -999.0 -999.0} "" -999.0 -999.0 -999.0 -999.0 -999 -999 "" "" "" "" 0 0 0.0 0.0 -999 ""
FIBERMAP 761 R+4C9 APOGEE 0 0 0 1 0 0 -66.54680914602761 85.08085559648696 143.1 -66.54680914602761 85.08085559648696 10.010772 170.01398 -999.0 -999.0 -999.0 -999.0 -999.0 -999.0 -999.0 -999.0 -999.0 -999.0 -999.0 -999.0 16600.0 -999.0 2 118 {-999.0 -999.0 -999.0 -999.0 -999.0} "" -999.0 -999.0 -999.0 -999.0 -999 -999 "" "" "" "" 0 0 0.0 0.0 -999 ""
FIBERMAP 761 R+4C9 BOSS 0 0 0 1 0 0 -65.7992059528906 85.08912109988293 143.1 -65.7992059528906 85.08912109988293 10.010772 170.01398 -999.0 -999.0 -999.0 -999.0 -999.0 -999.0 -999.0 -999.0 -999.0 -999.0 -999.0 -999.0 5400.0 -999.0 1 64 {-999.0 -999.0 -999.0 -999.0 -999.0} "" -999.0 -999.0 -999.0 -999.0 -999 -999 "" "" "" "" 0 0 0.0 0.0 -999 ""
FIBERMAP 761 R+4C9 METROLOGY 1 0 0 1 0 0 -66.12943282393411 84.42129136117823 143.1 -66.12943282393411 84.42129136117823 10.010772 170.01398 -999.0 -999.0 -999.0 -999.0 -999.0 -999.0 -999.0 -999.0 -999.0 -999.0 -999.0 -999.0 6231.0 -999.0 -1 -999 {-999.0 -999.0 -999.0 -999.0 -999.0} "" -999.0 -999.0 -999.0 -999.0 -999 -999 "" "" "" "" 0 0 0.0 0.0 -999 ""
FIBERMAP 762 R+2C22 APOGEE 0 0 0 1 0 0 202.39936113840471 46.345795511078265 143.1 202.39936113840471 46.345795511078265 10.00873 170.01018 -999.0 -999.0 -999.0 -999.0 -999.0 -999.0 -999.0 -999.0 -999.0 -999.0 -999.0 -999.0 16600.0 -999.0 2 -999 {-999.0 -999.0 -999.0 -999.0 -999.0} "" -999.0 -999.0 -999.0 -999.0 -999 -999 "" "" "" "" 0 0 0.0 0.0 -999 ""
FIBERMAP 762 R+2C22 BOSS 0 0 0 1 0 0 203.12834208178484 46.35741397994804 143.1 203.12834208178484 46.35741397994804 10.00873 170.01018 -999.0 -999.0 -999.0 -999.0 -999.0 -999.0 -999.0 -999.0 -999.0 -999.0 -999.0 -999.0 5400.0 -999.0 1 224 {-999.0 -999.0 -999.0 -999.0 -999.0} "" -999.0 -999.0 -999.0 -999.0 -999 -999 "" "" "" "" 0 0 0.0 0.0 -999 ""
FIBERMAP 762 R+2C22 METROLOGY 1 0 0 1 0 0 202.77296950157998 45.69997915058767 143.1 202.77296950157998 45.69997915058767 10.00873 170.01018 -999.0 -999.0 -999.0 -999.0 -999.0 -999.0 -999.0 -999.0 -999.0 -999.0 -999.0 -999.0 6231.0 -999.0 -1 -999 {-999.0 -999.0 -999.0 -999.0 -999.0} "" -999.0 -999.0 -999.0 -999.0 -999 -999 "" "" "" "" 0 0 0.0 0.0 -999 ""
FIBERMAP 765 R+2C19 APOGEE 0 0 0 1 0 0 135.17234618536352 46.2936980878624 143.1 135.17234618536352 46.2936980878624 9.996561 170.01685 -999.0 -999.0 -999.0 -999.0 -999.0 -999.0 -999.0 -999.0 -999.0 -999.0 -999.0 -999.0 16600.0 -999.0 2 72 {-999.0 -999.0 -999.0 -999.0 -999.0} "" -999.0 -999.0 -999.0 -999.0 -999 -999 "" "" "" "" 0 0 0.0 0.0 -999 ""
FIBERMAP 765 R+2C19 BOSS 0 0 0 1 0 0 135.91833557546988 46.29788798491296 143.1 135.91833557546988 46.29788798491296 9.996561 170.01685 -999.0 -999.0 -999.0 -999.0 -999.0 -999.0 -999.0 -999.0 -999.0 -999.0 -999.0 -999.0 5400.0 -999.0 1 221 {-999.0 -999.0 -999.0 -999.0 -999.0} "" -999.0 -999.0 -999.0 -999.0 -999 -999 "" "" "" "" 0 0 0.0 0.0 -999 ""
FIBERMAP 765 R+2C19 METROLOGY 1 0 0 1 0 0 135.54875527480326 45.645689601713 143.1 135.54875527480326 45.645689601713 9.996561 170.01685 -999.0 -999.0 -999.0 -999.0 -999.0 -999.0 -999.0 -999.0 -999.0 -999.0 -999.0 -999.0 6231.0 -999.0 -1 -999 {-999.0 -999.0 -999.0 -999.0 -999.0} "" -999.0 -999.0 -999.0 -999.0 -999 -999 "" "" "" "" 0 0 0.0 0.0 -999 ""
FIBERMAP 766 R+7C3 APOGEE 0 0 0 1 0 0 -167.6288671639262 143.27287462942394 143.1 -167.6288671639262 143.27287462942394 10.01246 170.01047 -999.0 -999.0 -999.0 -999.0 -999.0 -999.0 -999.0 -999.0 -999.0 -999.0 -999.0 -999.0 16600.0 -999.0 2 123 {-999.0 -999.0 -999.0 -999.0 -999.0} "" -999.0 -999.0 -999.0 -999.0 -999 -999 "" "" "" "" 0 0 0.0 0.0 -999 ""
FIBERMAP 766 R+7C3 BOSS 0 0 0 1 0 0 -166.87666290913705 143.2861380503543 143.1 -166.87666290913705 143.2861380503543 10.01246 170.01047 -999.0 -999.0 -999.0 -999.0 -999.0 -999.0 -999.0 -999.0 -999.0 -999.0 -999.0 -999.0 5400.0 -999.0 1 26 {-999.0 -999.0 -999.0 -999.0 -999.0} "" -999.0 -999.0 -999.0 -999.0 -999 -999 "" "" "" "" 0 0 0.0 0.0 -999 ""
FIBERMAP 766 R+7C3 METROLOGY 1 0 0 1 0 0 -167.24239372504638 142.63364807395806 143.1 -167.24239372504638 142.63364807395806 10.01246 170.01047 -999.0 -999.0 -999.0 -999.0 -999.0 -999.0 -999.0 -999.0 -999.0 -999.0 -999.0 -999.0 6231.0 -999.0 -1 -999 {-999.0 -999.0 -999.0 -999.0 -999.0} "" -999.0 -999.0 -999.0 -999.0 -999 -999 "" "" "" "" 0 0 0.0 0.0 -999 ""
FIBERMAP 776 R+1C5 APOGEE 0 0 0 1 0 0 -189.86786443489908 26.953888529482295 143.1 -189.86786443489908 26.953888529482295 10.012347 170.01265 -999.0 -999.0 -999.0 -999.0 -999.0 -999.0 -999.0 -999.0 -999.0 -999.0 -999.0 -999.0 16600.0 -999.0 2 110 {-999.0 -999.0 -999.0 -999.0 -999.0} "" -999.0 -999.0 -999.0 -999.0 -999 -999 "" "" "" "" 0 0 0.0 0.0 -999 ""
FIBERMAP 776 R+1C5 BOSS 0 0 0 1 0 0 -189.11577474986433 26.919197986910675 143.1 -189.11577474986433 26.919197986910675 10.012347 170.01265 -999.0 -999.0 -999.0 -999.0 -999.0 -999.0 -999.0 -999.0 -999.0 -999.0 -999.0 -999.0 5400.0 -999.0 1 63 {-999.0 -999.0 -999.0 -999.0 -999.0} "" -999.0 -999.0 -999.0 -999.0 -999 -999 "" "" "" "" 0 0 0.0 0.0 -999 ""
FIBERMAP 776 R+1C5 METROLOGY 1 0 0 1 0 0 -189.52315715520794 26.286918220139547 143.1 -189.52315715520794 26.286918220139547 10.012347 170.01265 -999.0 -999.0 -999.0 -999.0 -999.0 -999.0 -999.0 -999.0 -999.0 -999.0 -999.0 -999.0 6231.0 -999.0 -1 -999 {-999.0 -999.0 -999.0 -999.0 -999.0} "" -999.0 -999.0 -999.0 -999.0 -999 -999 "" "" "" "" 0 0 0.0 0.0 -999 ""
FIBERMAP 779 R+1C20 APOGEE 0 0 0 1 0 0 146.2127498056813 26.963831965442697 143.1 146.2127498056813 26.963831965442697 9.989367 170.00246 -999.0 -999.0 -999.0 -999.0 -999.0 -999.0 -999.0 -999.0 -999.0 -999.0 -999.0 -999.0 16600.0 -999.0 2 85 {-999.0 -999.0 -999.0 -999.0 -999.0} "" -999.0 -999.0 -999.0 -999.0 -999 -999 "" "" "" "" 0 0 0.0 0.0 -999 ""
FIBERMAP 779 R+1C20 BOSS 0 0 0 1 0 0 146.94984815529708 26.97958892610261 143.1 146.94984815529708 26.97958892610261 9.989367 170.00246 -999.0 -999.0 -999.0 -999.0 -999.0 -999.0 -999.0 -999.0 -999.0 -999.0 -999.0 -999.0 5400.0 -999.0 1 233 {-999.0 -999.0 -999.0 -999.0 -999.0} "" -999.0 -999.0 -999.0 -999.0 -999 -999 "" "" "" "" 0 0 0.0 0.0 -999 ""
FIBERMAP 779 R+1C20 METROLOGY 1 0 0 1 0 0 146.59498229170327 26.32068083832126 143.1 146.59498229170327 26.32068083832126 9.989367 170.00246 -999.0 -999.0 -999.0 -999.0 -999.0 -999.0 -999.0 -999.0 -999.0 -999.0 -999.0 -999.0 6231.0 -999.0 -1 -999 {-999.0 -999.0 -999.0 -999.0 -999.0} "" -999.0 -999.0 -999.0 -999.0 -999 -999 "" "" "" "" 0 0 0.0 0.0 -999 ""
FIBERMAP 781 R+8C12 APOGEE 0 0 0 1 0 0 45.43712098841256 162.6551698679137 143.1 45.43712098841256 162.6551698679137 10.012607 170.03304 -999.0 -999.0 -999.0 -999.0 -999.0 -999.0 -999.0 -999.0 -999.0 -999.0 -999.0 -999.0 16600.0 -999.0 2 -999 {-999.0 -999.0 -999.0 -999.0 -999.0} "" -999.0 -999.0 -999.0 -999.0 -999 -999 "" "" "" "" 0 0 0.0 0.0 -999 ""
FIBERMAP 781 R+8C12 BOSS 0 0 0 1 0 0 46.18831273799933 162.65587083047336 143.1 46.18831273799933 162.65587083047336 10.012607 170.03304 -999.0 -999.0 -999.0 -999.0 -999.0 -999.0 -999.0 -999.0 -999.0 -999.0 -999.0 -999.0 5400.0 -999.0 1 139 {-999.0 -999.0 -999.0 -999.0 -999.0} "" -999.0 -999.0 -999.0 -999.0 -999 -999 "" "" "" "" 0 0 0.0 0.0 -999 ""
FIBERMAP 781 R+8C12 METROLOGY 1 0 0 1 0 0 45.82034063269903 162.0150099779294 143.1 45.82034063269903 162.0150099779294 10.012607 170.03304 -999.0 -999.0 -999.0 -999.0 -999.0 -999.0 -999.0 -999.0 -999.0 -999.0 -999.0 -999.0 6231.0 -999.0 -1 -999 {-999.0 -999.0 -999.0 -999.0 -999.0} "" -999.0 -999.0 -999.0 -999.0 -999 -999 "" "" "" "" 0 0 0.0 0.0 -999 ""
FIBERMAP 784 R0C21 APOGEE 0 0 0 1 0 0 157.3249169698678 7.439124024575459 143.1 157.3249169698678 7.439124024575459 10.004954 170.00656 -999.0 -999.0 -999.0 -999.0 -999.0 -999.0 -999.0 -999.0 -999.0 -999.0 -999.0 -999.0 16600.0 -999.0 2 73 {-999.0 -999.0 -999.0 -999.0 -999.0} "" -999.0 -999.0 -999.0 -999.0 -999 -999 "" "" "" "" 0 0 0.0 0.0 -999 ""
FIBERMAP 784 R0C21 BOSS 0 0 0 1 0 0 158.06382025190342 7.446401118623842 143.1 158.06382025190342 7.446401118623842 10.004954 170.00656 -999.0 -999.0 -999.0 -999.0 -999.0 -999.0 -999.0 -999.0 -999.0 -999.0 -999.0 -999.0 5400.0 -999.0 1 243 {-999.0 -999.0 -999.0 -999.0 -999.0} "" -999.0 -999.0 -999.0 -999.0 -999 -999 "" "" "" "" 0 0 0.0 0.0 -999 ""
FIBERMAP 784 R0C21 METROLOGY 1 0 0 1 0 0 157.70578238442272 6.79393896424087 143.1 157.70578238442272 6.79393896424087 10.004954 170.00656 -999.0 -999.0 -999.0 -999.0 -999.0 -999.0 -999.0 -999.0 -999.0 -999.0 -999.0 -999.0 6231.0 -999.0 -1 -999 {-999.0 -999.0 -999.0 -999.0 -999.0} "" -999.0 -999.0 -999.0 -999.0 -999 -999 "" "" "" "" 0 0 0.0 0.0 -999 ""
FIBERMAP 786 R+11C5 APOGEE 0 0 0 1 0 0 -77.75106358599288 220.97214309216196 143.1 -77.75106358599288 220.97214309216196 10.003577 169.99724 -999.0 -999.0 -999.0 -999.0 -999.0 -999.0 -999.0 -999.0 -999.0 -999.0 -999.0 -999.0 16600.0 -999.0 2 22 {-999.0 -999.0 -999.0 -999.0 -999.0} "" -999.0 -999.0 -999.0 -999.0 -999 -999 "" "" "" "" 0 0 0.0 0.0 -999 ""
FIBERMAP 786 R+11C5 BOSS 0 0 0 1 0 0 -77.00867423171562 220.97399241522297 143.1 -77.00867423171562 220.97399241522297 10.003577 169.99724 -999.0 -999.0 -999.0 -999.0 -999.0 -999.0 -999.0 -999.0 -999.0 -999.0 -999.0 -999.0 5400.0 -999.0 1 144 {-999.0 -999.0 -999.0 -999.0 -999.0} "" -999.0 -999.0 -999.0 -999.0 -999 -999 "" "" "" "" 0 0 0.0 0.0 -999 ""
FIBERMAP 786 R+11C5 METROLOGY 1 0 0 1 0 0 -77.37158385642455 220.31896409202488 143.1 -77.37158385642455 220.31896409202488 10.003577 169.99724 -999.0 -999.0 -999.0 -999.0 -999.0 -999.0 -999.0 -999.0 -999.0 -999.0 -999.0 -999.0 6231.0 -999.0 -1 -999 {-999.0 -999.0 -999.0 -999.0 -999.0} "" -999.0 -999.0 -999.0 -999.0 -999 -999 "" "" "" "" 0 0 0.0 0.0 -999 ""
FIBERMAP 787 R+9C16 APOGEE 0 0 0 1 0 0 145.9535900820142 182.23815769386295 143.1 145.9535900820142 182.23815769386295 10.005804 170.00533 -999.0 -999.0 -999.0 -999.0 -999.0 -999.0 -999.0 -999.0 -999.0 -999.0 -999.0 -999.0 16600.0 -999.0 2 88 {-999.0 -999.0 -999.0 -999.0 -999.0} "" -999.0 -999.0 -999.0 -999.0 -999 -999 "" "" "" "" 0 0 0.0 0.0 -999 ""
FIBERMAP 787 R+9C16 BOSS 0 0 0 1 0 0 146.70056900087548 182.25939189743374 143.1 146.70056900087548 182.25939189743374 10.005804 170.00533 -999.0 -999.0 -999.0 -999.0 -999.0 -999.0 -999.0 -999.0 -999.0 -999.0 -999.0 -999.0 5400.0 -999.0 1 227 {-999.0 -999.0 -999.0 -999.0 -999.0} "" -999.0 -999.0 -999.0 -999.0 -999 -999 "" "" "" "" 0 0 0.0 0.0 -999 ""
FIBERMAP 787 R+9C16 METROLOGY 1 0 0 1 0 0 146.35684354976078 181.60322342402904 143.1 146.35684354976078 181.60322342402904 10.005804 170.00533 -999.0 -999.0 -999.0 -999.0 -999.0 -999.0 -999.0 -999.0 -999.0 -999.0 -999.0 -999.0 6231.0 -999.0 -1 -999 {-999.0 -999.0 -999.0 -999.0 -999.0} "" -999.0 -999.0 -999.0 -999.0 -999 -999 "" "" "" "" 0 0 0.0 0.0 -999 ""
FIBERMAP 789 R+2C9 APOGEE 0 0 0 1 0 0 -89.08484473893398 46.371989210329374 143.1 -89.08484473893398 46.371989210329374 10.003337 170.0015 -999.0 -999.0 -999.0 -999.0 -999.0 -999.0 -999.0 -999.0 -999.0 -999.0 -999.0 -999.0 16600.0 -999.0 2 109 {-999.0 -999.0 -999.0 -999.0 -999.0} "" -999.0 -999.0 -999.0 -999.0 -999 -999 "" "" "" "" 0 0 0.0 0.0 -999 ""
FIBERMAP 789 R+2C9 BOSS 0 0 0 1 0 0 -88.33361223088328 46.39902310850614 143.1 -88.33361223088328 46.39902310850614 10.003337 170.0015 -999.0 -999.0 -999.0 -999.0 -999.0 -999.0 -999.0 -999.0 -999.0 -999.0 -999.0 -999.0 5400.0 -999.0 1 53 {-999.0 -999.0 -999.0 -999.0 -999.0} "" -999.0 -999.0 -999.0 -999.0 -999 -999 "" "" "" "" 0 0 0.0 0.0 -999 ""
FIBERMAP 789 R+2C9 METROLOGY 1 0 0 1 0 0 -88.68396885668251 45.7392798385514 143.1 -88.68396885668251 45.7392798385514 10.003337 170.0015 -999.0 -999.0 -999.0 -999.0 -999.0 -999.0 -999.0 -999.0 -999.0 -999.0 -999.0 -999.0 6231.0 -999.0 -1 -999 {-999.0 -999.0 -999.0 -999.0 -999.0} "" -999.0 -999.0 -999.0 -999.0 -999 -999 "" "" "" "" 0 0 0.0 0.0 -999 ""
FIBERMAP 790 R+6C16 APOGEE 0 0 0 1 0 0 112.65608278481419 123.91216563205992 143.1 112.65608278481419 123.91216563205992 9.996319 170.00494 -999.0 -999.0 -999.0 -999.0 -999.0 -999.0 -999.0 -999.0 -999.0 -999.0 -999.0 -999.0 16600.0 -999.0 2 -999 {-999.0 -999.0 -999.0 -999.0 -999.0} "" -999.0 -999.0 -999.0 -999.0 -999 -999 "" "" "" "" 0 0 0.0 0.0 -999 ""
FIBERMAP 790 R+6C16 BOSS 0 0 0 1 0 0 113.42593112583094 123.91950203203565 143.1 113.42593112583094 123.91950203203565 9.996319 170.00494 -999.0 -999.0 -999.0 -999.0 -999.0 -999.0 -999.0 -999.0 -999.0 -999.0 -999.0 -999.0 5400.0 -999.0 1 215 {-999.0 -999.0 -999.0 -999.0 -999.0} "" -999.0 -999.0 -999.0 -999.0 -999 -999 "" "" "" "" 0 0 0.0 0.0 -999 ""
FIBERMAP 790 R+6C16 METROLOGY 1 0 0 1 0 0 113.03581882099556 123.26993317933189 143.1 113.03581882099556 123.26993317933189 9.996319 170.00494 -999.0 -999.0 -999.0 -999.0 -999.0 -999.0 -999.0 -999.0 -999.0 -999.0 -999.0 -999.0 6231.0 -999.0 -1 -999 {-999.0 -999.0 -999.0 -999.0 -999.0} "" -999.0 -999.0 -999.0 -999.0 -999 -999 "" "" "" "" 0 0 0.0 0.0 -999 ""
FIBERMAP 791 R+7C20 APOGEE 0 0 0 1 0 0 213.2587732111414 143.24259882156974 143.1 213.2587732111414 143.24259882156974 10.009619 170.01451 -999.0 -999.0 -999.0 -999.0 -999.0 -999.0 -999.0 -999.0 -999.0 -999.0 -999.0 -999.0 16600.0 -999.0 2 76 {-999.0 -999.0 -999.0 -999.0 -999.0} "" -999.0 -999.0 -999.0 -999.0 -999 -999 "" "" "" "" 0 0 0.0 0.0 -999 ""
FIBERMAP 791 R+7C20 BOSS 0 0 0 1 0 0 213.9985302371408 143.3141409457851 143.1 213.9985302371408 143.3141409457851 10.009619 170.01451 -999.0 -999.0 -999.0 -999.0 -999.0 -999.0 -999.0 -999.0 -999.0 -999.0 -999.0 -999.0 5400.0 -999.0 1 250 {-999.0 -999.0 -999.0 -999.0 -999.0} "" -999.0 -999.0 -999.0 -999.0 -999 -999 "" "" "" "" 0 0 0.0 0.0 -999 ""
FIBERMAP 791 R+7C20 METROLOGY 1 0 0 1 0 0 213.69630615671883 142.63448862460478 143.1 213.69630615671883 142.63448862460478 10.009619 170.01451 -999.0 -999.0 -999.0 -999.0 -999.0 -999.0 -999.0 -999.0 -999.0 -999.0 -999.0 -999.0 6231.0 -999.0 -1 -999 {-999.0 -999.0 -999.0 -999.0 -999.0} "" -999.0 -999.0 -999.0 -999.0 -999 -999 "" "" "" "" 0 0 0.0 0.0 -999 ""
FIBERMAP 792 R-7C14 APOGEE 0 0 0 1 0 0 79.10615627448878 -128.24012688623216 143.1 79.10615627448878 -128.24012688623216 10.00445 169.99968 -999.0 -999.0 -999.0 -999.0 -999.0 -999.0 -999.0 -999.0 -999.0 -999.0 -999.0 -999.0 16600.0 -999.0 2 184 {-999.0 -999.0 -999.0 -999.0 -999.0} "" -999.0 -999.0 -999.0 -999.0 -999 -999 "" "" "" "" 0 0 0.0 0.0 -999 ""
FIBERMAP 792 R-7C14 BOSS 0 0 0 1 0 0 79.84662276943664 -128.2157816290608 143.1 79.84662276943664 -128.2157816290608 10.00445 169.99968 -999.0 -999.0 -999.0 -999.0 -999.0 -999.0 -999.0 -999.0 -999.0 -999.0 -999.0 -999.0 5400.0 -999.0 1 326 {-999.0 -999.0 -999.0 -999.0 -999.0} "" -999.0 -999.0 -999.0 -999.0 -999 -999 "" "" "" "" 0 0 0.0 0.0 -999 ""
FIBERMAP 792 R-7C14 METROLOGY 1 0 0 1 0 0 79.48606513556 -128.87923747630992 143.1 79.48606513556 -128.87923747630992 10.00445 169.99968 -999.0 -999.0 -999.0 -999.0 -999.0 -999.0 -999.0 -999.0 -999.0 -999.0 -999.0 -999.0 6231.0 -999.0 -1 -999 {-999.0 -999.0 -999.0 -999.0 -999.0} "" -999.0 -999.0 -999.0 -999.0 -999 -999 "" "" "" "" 0 0 0.0 0.0 -999 ""
FIBERMAP 793 R+7C1 APOGEE 0 0 0 1 0 0 -212.2682182365631 143.25924035416946 143.1 -212.2682182365631 143.25924035416946 9.998521 170.00519 -999.0 -999.0 -999.0 -999.0 -999.0 -999.0 -999.0 -999.0 -999.0 -999.0 -999.0 -999.0 16600.0 -999.0 2 97 {-999.0 -999.0 -999.0 -999.0 -999.0} "" -999.0 -999.0 -999.0 -999.0 -999 -999 "" "" "" "" 0 0 0.0 0.0 -999 ""
FIBERMAP 793 R+7C1 BOSS 0 0 0 1 0 0 -211.5277611793422 143.26414788699196 143.1 -211.5277611793422 143.26414788699196 9.998521 170.00519 -999.0 -999.0 -999.0 -999.0 -999.0 -999.0 -999.0 -999.0 -999.0 -999.0 -999.0 -999.0 5400.0 -999.0 1 82 {-999.0 -999.0 -999.0 -999.0 -999.0} "" -999.0 -999.0 -999.0 -999.0 -999 -999 "" "" "" "" 0 0 0.0 0.0 -999 ""
FIBERMAP 793 R+7C1 METROLOGY 1 0 0 1 0 0 -211.89025595230365 142.60944048686977 143.1 -211.89025595230365 142.60944048686977 9.998521 170.00519 -999.0 -999.0 -999.0 -999.0 -999.0 -999.0 -999.0 -999.0 -999.0 -999.0 -999.0 -999.0 6231.0 -999.0 -1 -999 {-999.0 -999.0 -999.0 -999.0 -999.0} "" -999.0 -999.0 -999.0 -999.0 -999 -999 "" "" "" "" 0 0 0.0 0.0 -999 ""
FIBERMAP 795 R+5C3 APOGEE 0 0 0 1 0 0 -189.59468347670793 104.48215558269068 143.1 -189.59468347670793 104.48215558269068 10.019817 170.00624 -999.0 -999.0 -999.0 -999.0 -999.0 -999.0 -999.0 -999.0 -999.0 -999.0 -999.0 -999.0 16600.0 -999.0 2 130 {-999.0 -999.0 -999.0 -999.0 -999.0} "" -999.0 -999.0 -999.0 -999.0 -999 -999 "" "" "" "" 0 0 0.0 0.0 -999 ""
FIBERMAP 795 R+5C3 BOSS 0 0 0 1 0 0 -188.86536038943947 104.49855857382776 143.1 -188.86536038943947 104.49855857382776 10.019817 170.00624 -999.0 -999.0 -999.0 -999.0 -999.0 -999.0 -999.0 -999.0 -999.0 -999.0 -999.0 -999.0 5400.0 -999.0 1 28 {-999.0 -999.0 -999.0 -999.0 -999.0} "" -999.0 -999.0 -999.0 -999.0 -999 -999 "" "" "" "" 0 0 0.0 0.0 -999 ""
FIBERMAP 795 R+5C3 METROLOGY 1 0 0 1 0 0 -189.21531226586694 103.84054818612759 143.1 -189.21531226586694 103.84054818612759 10.019817 170.00624 -999.0 -999.0 -999.0 -999.0 -999.0 -999.0 -999.0 -999.0 -999.0 -999.0 -999.0 -999.0 6231.0 -999.0 -1 -999 {-999.0 -999.0 -999.0 -999.0 -999.0} "" -999.0 -999.0 -999.0 -999.0 -999 -999 "" "" "" "" 0 0 0.0 0.0 -999 ""
FIBERMAP 796 R-1C17 APOGEE 0 0 0 1 0 0 79.0719366010204 -11.99763222948679 143.1 79.0719366010204 -11.99763222948679 9.989943 170.00821 -999.0 -999.0 -999.0 -999.0 -999.0 -999.0 -999.0 -999.0 -999.0 -999.0 -999.0 -999.0 16600.0 -999.0 2 -999 {-999.0 -999.0 -999.0 -999.0 -999.0} "" -999.0 -999.0 -999.0 -999.0 -999 -999 "" "" "" "" 0 0 0.0 0.0 -999 ""
FIBERMAP 796 R-1C17 BOSS 0 0 0 1 0 0 79.81345648946407 -11.980018626417994 143.1 79.81345648946407 -11.980018626417994 9.989943 170.00821 -999.0 -999.0 -999.0 -999.0 -999.0 -999.0 -999.0 -999.0 -999.0 -999.0 -999.0 -999.0 5400.0 -999.0 1 280 {-999.0 -999.0 -999.0 -999.0 -999.0} "" -999.0 -999.0 -999.0 -999.0 -999 -999 "" "" "" "" 0 0 0.0 0.0 -999 ""
FIBERMAP 796 R-1C17 METROLOGY 1 0 0 1 0 0 79.46111336854084 -12.634188137584529 143.1 79.46111336854084 -12.634188137584529 9.989943 170.00821 -999.0 -999.0 -999.0 -999.0 -999.0 -999.0 -999.0 -999.0 -999.0 -999.0 -999.0 -999.0 6231.0 -999.0 -1 -999 {-999.0 -999.0 -999.0 -999.0 -999.0} "" -999.0 -999.0 -999.0 -999.0 -999 -999 "" "" "" "" 0 0 0.0 0.0 -999 ""
FIBERMAP 800 R+11C7 APOGEE 0 0 0 1 0 0 -32.892897672163016 220.91308720594714 143.1 -32.892897672163016 220.91308720594714 10.009035 169.99748 -999.0 -999.0 -999.0 -999.0 -999.0 -999.0 -999.0 -999.0 -999.0 -999.0 -999.0 -999.0 16600.0 -999.0 2 16 {-999.0 -999.0 -999.0 -999.0 -999.0} "" -999.0 -999.0 -999.0 -999.0 -999 -999 "" "" "" "" 0 0 0.0 0.0 -999 ""
FIBERMAP 800 R+11C7 BOSS 0 0 0 1 0 0 -32.14681070632848 220.90731682601987 143.1 -32.14681070632848 220.90731682601987 10.009035 169.99748 -999.0 -999.0 -999.0 -999.0 -999.0 -999.0 -999.0 -999.0 -999.0 -999.0 -999.0 -999.0 5400.0 -999.0 1 112 {-999.0 -999.0 -999.0 -999.0 -999.0} "" -999.0 -999.0 -999.0 -999.0 -999 -999 "" "" "" "" 0 0 0.0 0.0 -999 ""
FIBERMAP 800 R+11C7 METROLOGY 1 0 0 1 0 0 -32.51874706230129 220.2633288177637 143.1 -32.51874706230129 220.2633288177637 10.009035 169.99748 -999.0 -999.0 -999.0 -999.0 -999.0 -999.0 -999.0 -999.0 -999.0 -999.0 -999.0 -999.0 6231.0 -999.0 -1 -999 {-999.0 -999.0 -999.0 -999.0 -999.0} "" -999.0 -999.0 -999.0 -999.0 -999 -999 "" "" "" "" 0 0 0.0 0.0 -999 ""
FIBERMAP 804 R-6C16 APOGEE 0 0 0 1 0 0 112.47667814696008 -108.82787312104735 143.1 112.47667814696008 -108.82787312104735 9.995177 170.00923 -999.0 -999.0 -999.0 -999.0 -999.0 -999.0 -999.0 -999.0 -999.0 -999.0 -999.0 -999.0 16600.0 -999.0 2 -999 {-999.0 -999.0 -999.0 -999.0 -999.0} "" -999.0 -999.0 -999.0 -999.0 -999 -999 "" "" "" "" 0 0 0.0 0.0 -999 ""
FIBERMAP 804 R-6C16 BOSS 0 0 0 1 0 0 113.23997443618495 -108.82978723732364 143.1 113.23997443618495 -108.82978723732364 9.995177 170.00923 -999.0 -999.0 -999.0 -999.0 -999.0 -999.0 -999.0 -999.0 -999.0 -999.0 -999.0 -999.0 5400.0 -999.0 1 305 {-999.0 -999.0 -999.0 -999.0 -999.0} "" -999.0 -999.0 -999.0 -999.0 -999 -999 "" "" "" "" 0 0 0.0 0.0 -999 ""
FIBERMAP 804 R-6C16 METROLOGY 1 0 0 1 0 0 112.86033056732316 -109.46777373900403 143.1 112.86033056732316 -109.46777373900403 9.995177 170.00923 -999.0 -999.0 -999.0 -999.0 -999.0 -999.0 -999.0 -999.0 -999.0 -999.0 -999.0 -999.0 6231.0 -999.0 -1 -999 {-999.0 -999.0 -999.0 -999.0 -999.0} "" -999.0 -999.0 -999.0 -999.0 -999 -999 "" "" "" "" 0 0 0.0 0.0 -999 ""
FIBERMAP 805 R0C18 APOGEE 0 0 0 1 0 0 90.41626569025344 7.466844972554179 143.1 90.41626569025344 7.466844972554179 9.995418 170.00754 -999.0 -999.0 -999.0 -999.0 -999.0 -999.0 -999.0 -999.0 -999.0 -999.0 -999.0 -999.0 16600.0 -999.0 2 -999 {-999.0 -999.0 -999.0 -999.0 -999.0} "" -999.0 -999.0 -999.0 -999.0 -999 -999 "" "" "" "" 0 0 0.0 0.0 -999 ""
FIBERMAP 805 R0C18 BOSS 0 0 0 1 0 0 91.1702624622719 7.478710654910668 143.1 91.1702624622719 7.478710654910668 9.995418 170.00754 -999.0 -999.0 -999.0 -999.0 -999.0 -999.0 -999.0 -999.0 -999.0 -999.0 -999.0 -999.0 5400.0 -999.0 1 241 {-999.0 -999.0 -999.0 -999.0 -999.0} "" -999.0 -999.0 -999.0 -999.0 -999 -999 "" "" "" "" 0 0 0.0 0.0 -999 ""
FIBERMAP 805 R0C18 METROLOGY 1 0 0 1 0 0 90.80280938875121 6.828686724418611 143.1 90.80280938875121 6.828686724418611 9.995418 170.00754 -999.0 -999.0 -999.0 -999.0 -999.0 -999.0 -999.0 -999.0 -999.0 -999.0 -999.0 -999.0 6231.0 -999.0 -1 -999 {-999.0 -999.0 -999.0 -999.0 -999.0} "" -999.0 -999.0 -999.0 -999.0 -999 -999 "" "" "" "" 0 0 0.0 0.0 -999 ""
FIBERMAP 806 R+4C22 APOGEE 0 0 0 1 0 0 224.54045738707842 85.18724420985554 143.1 224.54045738707842 85.18724420985554 9.989208 170.01881 -999.0 -999.0 -999.0 -999.0 -999.0 -999.0 -999.0 -999.0 -999.0 -999.0 -999.0 -999.0 16600.0 -999.0 2 -999 {-999.0 -999.0 -999.0 -999.0 -999.0} "" -999.0 -999.0 -999.0 -999.0 -999 -999 "" "" "" "" 0 0 0.0 0.0 -999 ""
FIBERMAP 806 R+4C22 BOSS 0 0 0 1 0 0 225.2695673888528 85.21355339096274 143.1 225.2695673888528 85.21355339096274 9.989208 170.01881 -999.0 -999.0 -999.0 -999.0 -999.0 -999.0 -999.0 -999.0 -999.0 -999.0 -999.0 -999.0 5400.0 -999.0 1 236 {-999.0 -999.0 -999.0 -999.0 -999.0} "" -999.0 -999.0 -999.0 -999.0 -999 -999 "" "" "" "" 0 0 0.0 0.0 -999 ""
FIBERMAP 806 R+4C22 METROLOGY 1 0 0 1 0 0 224.92374679133258 84.54712608552354 143.1 224.92374679133258 84.54712608552354 9.989208 170.01881 -999.0 -999.0 -999.0 -999.0 -999.0 -999.0 -999.0 -999.0 -999.0 -999.0 -999.0 -999.0 6231.0 -999.0 -1 -999 {-999.0 -999.0 -999.0 -999.0 -999.0} "" -999.0 -999.0 -999.0 -999.0 -999 -999 "" "" "" "" 0 0 0.0 0.0 -999 ""
FIBERMAP 808 R-9C5 APOGEE 0 0 0 1 0 0 -100.14938087808808 -167.09816618265108 143.1 -100.14938087808808 -167.09816618265108 10.011944 169.98822 -999.0 -999.0 -999.0 -999.0 -999.0 -999.0 -999.0 -999.0 -999.0 -999.0 -999.0 -999.0 16600.0 -999.0 2 287 {-999.0 -999.0 -999.0 -999.0 -999.0} "" -999.0 -999.0 -999.0 -999.0 -999 -999 "" "" "" "" 0 0 0.0 0.0 -999 ""
FIBERMAP 808 R-9C5 BOSS 0 0 0 1 0 0 -99.39358684582639 -167.09818086065846 143.1 -99.39358684582639 -167.09818086065846 10.011944 169.98822 -999.0 -999.0 -999.0 -999.0 -999.0 -999.0 -999.0 -999.0 -999.0 -999.0 -999.0 -999.0 5400.0 -999.0 1 412 {-999.0 -999.0 -999.0 -999.0 -999.0} "" -999.0 -999.0 -999.0 -999.0 -999 -999 "" "" "" "" 0 0 0.0 0.0 -999 ""
FIBERMAP 808 R-9C5 METROLOGY 1 0 0 1 0 0 -99.78091943567047 -167.75182579607628 143.1 -99.78091943567047 -167.75182579607628 10.011944 169.98822 -999.0 -999.0 -999.0 -999.0 -999.0 -999.0 -999.0 -999.0 -999.0 -999.0 -999.0 -999.0 6231.0 -999.0 -1 -999 {-999.0 -999.0 -999.0 -999.0 -999.0} "" -999.0 -999.0 -999.0 -999.0 -999 -999 "" "" "" "" 0 0 0.0 0.0 -999 ""
FIBERMAP 809 R+9C1 APOGEE 0 0 0 1 0 0 -190.06563038987508 182.0874826679735 143.1 -190.06563038987508 182.0874826679735 10.004524 169.9979 -999.0 -999.0 -999.0 -999.0 -999.0 -999.0 -999.0 -999.0 -999.0 -999.0 -999.0 -999.0 16600.0 -999.0 2 120 {-999.0 -999.0 -999.0 -999.0 -999.0} "" -999.0 -999.0 -999.0 -999.0 -999 -999 "" "" "" "" 0 0 0.0 0.0 -999 ""
FIBERMAP 809 R+9C1 BOSS 0 0 0 1 0 0 -189.31613380474434 182.11461953048698 143.1 -189.31613380474434 182.11461953048698 10.004524 169.9979 -999.0 -999.0 -999.0 -999.0 -999.0 -999.0 -999.0 -999.0 -999.0 -999.0 -999.0 -999.0 5400.0 -999.0 1 78 {-999.0 -999.0 -999.0 -999.0 -999.0} "" -999.0 -999.0 -999.0 -999.0 -999 -999 "" "" "" "" 0 0 0.0 0.0 -999 ""
FIBERMAP 809 R+9C1 METROLOGY 1 0 0 1 0 0 -189.66694649060227 181.44650378158178 143.1 -189.66694649060227 181.44650378158178 10.004524 169.9979 -999.0 -999.0 -999.0 -999.0 -999.0 -999.0 -999.0 -999.0 -999.0 -999.0 -999.0 -999.0 6231.0 -999.0 -1 -999 {-999.0 -999.0 -999.0 -999.0 -999.0} "" -999.0 -999.0 -999.0 -999.0 -999 -999 "" "" "" "" 0 0 0.0 0.0 -999 ""
FIBERMAP 816 R+4C16 APOGEE 0 0 0 1 0 0 90.5232105846771 85.1942896679839 143.1 90.5232105846771 85.1942896679839 9.993517 170.02246 -999.0 -999.0 -999.0 -999.0 -999.0 -999.0 -999.0 -999.0 -999.0 -999.0 -999.0 -999.0 16600.0 -999.0 2 -999 {-999.0 -999.0 -999.0 -999.0 -999.0} "" -999.0 -999.0 -999.0 -999.0 -999 -999 "" "" "" "" 0 0 0.0 0.0 -999 ""
FIBERMAP 816 R+4C16 BOSS 0 0 0 1 0 0 91.25086545286305 85.20402145042034 143.1 91.25086545286305 85.20402145042034 9.993517 170.02246 -999.0 -999.0 -999.0 -999.0 -999.0 -999.0 -999.0 -999.0 -999.0 -999.0 -999.0 -999.0 5400.0 -999.0 1 211 {-999.0 -999.0 -999.0 -999.0 -999.0} "" -999.0 -999.0 -999.0 -999.0 -999 -999 "" "" "" "" 0 0 0.0 0.0 -999 ""
FIBERMAP 816 R+4C16 METROLOGY 1 0 0 1 0 0 90.90055113311384 84.55064683922149 143.1 90.90055113311384 84.55064683922149 9.993517 170.02246 -999.0 -999.0 -999.0 -999.0 -999.0 -999.0 -999.0 -999.0 -999.0 -999.0 -999.0 -999.0 6231.0 -999.0 -1 -999 {-999.0 -999.0 -999.0 -999.0 -999.0} "" -999.0 -999.0 -999.0 -999.0 -999 -999 "" "" "" "" 0 0 0.0 0.0 -999 ""
FIBERMAP 818 R+7C11 APOGEE 0 0 0 1 0 0 11.931392320909806 143.40669749514825 143.1 11.931392320909806 143.40669749514825 10.012486 170.00484 -999.0 -999.0 -999.0 -999.0 -999.0 -999.0 -999.0 -999.0 -999.0 -999.0 -999.0 -999.0 16600.0 -999.0 2 19 {-999.0 -999.0 -999.0 -999.0 -999.0} "" -999.0 -999.0 -999.0 -999.0 -999 -999 "" "" "" "" 0 0 0.0 0.0 -999 ""
FIBERMAP 818 R+7C11 BOSS 0 0 0 1 0 0 12.685648845428604 143.4346711124502 143.1 12.685648845428604 143.4346711124502 10.012486 170.00484 -999.0 -999.0 -999.0 -999.0 -999.0 -999.0 -999.0 -999.0 -999.0 -999.0 -999.0 -999.0 5400.0 -999.0 1 135 {-999.0 -999.0 -999.0 -999.0 -999.0} "" -999.0 -999.0 -999.0 -999.0 -999 -999 "" "" "" "" 0 0 0.0 0.0 -999 ""
FIBERMAP 818 R+7C11 METROLOGY 1 0 0 1 0 0 12.346733053149652 142.78315876373597 143.1 12.346733053149652 142.78315876373597 10.012486 170.00484 -999.0 -999.0 -999.0 -999.0 -999.0 -999.0 -999.0 -999.0 -999.0 -999.0 -999.0 -999.0 6231.0 -999.0 -1 -999 {-999.0 -999.0 -999.0 -999.0 -999.0} "" -999.0 -999.0 -999.0 -999.0 -999 -999 "" "" "" "" 0 0 0.0 0.0 -999 ""
FIBERMAP 819 R+10C16 APOGEE 0 0 0 1 0 0 157.36512901198455 201.59153023767757 143.1 157.36512901198455 201.59153023767757 10.012327 169.99788 -999.0 -999.0 -999.0 -999.0 -999.0 -999.0 -999.0 -999.0 -999.0 -999.0 -999.0 -999.0 16600.0 -999.0 2 -999 {-999.0 -999.0 -999.0 -999.0 -999.0} "" -999.0 -999.0 -999.0 -999.0 -999 -999 "" "" "" "" 0 0 0.0 0.0 -999 ""
FIBERMAP 819 R+10C16 BOSS 0 0 0 1 0 0 158.11780304158458 201.5885177005678 143.1 158.11780304158458 201.5885177005678 10.012327 169.99788 -999.0 -999.0 -999.0 -999.0 -999.0 -999.0 -999.0 -999.0 -999.0 -999.0 -999.0 -999.0 5400.0 -999.0 1 177 {-999.0 -999.0 -999.0 -999.0 -999.0} "" -999.0 -999.0 -999.0 -999.0 -999 -999 "" "" "" "" 0 0 0.0 0.0 -999 ""
FIBERMAP 819 R+10C16 METROLOGY 1 0 0 1 0 0 157.747594630678 200.95091956727845 143.1 157.747594630678 200.95091956727845 10.012327 169.99788 -999.0 -999.0 -999.0 -999.0 -999.0 -999.0 -999.0 -999.0 -999.0 -999.0 -999.0 -999.0 6231.0 -999.0 -1 -999 {-999.0 -999.0 -999.0 -999.0 -999.0} "" -999.0 -999.0 -999.0 -999.0 -999 -999 "" "" "" "" 0 0 0.0 0.0 -999 ""
FIBERMAP 820 R+4C5 APOGEE 0 0 0 1 0 0 -156.06644856145132 85.16709808558001 143.1 -156.06644856145132 85.16709808558001 9.994324 170.00035 -999.0 -999.0 -999.0 -999.0 -999.0 -999.0 -999.0 -999.0 -999.0 -999.0 -999.0 -999.0 16600.0 -999.0 2 127 {-999.0 -999.0 -999.0 -999.0 -999.0} "" -999.0 -999.0 -999.0 -999.0 -999 -999 "" "" "" "" 0 0 0.0 0.0 -999 ""
FIBERMAP 820 R+4C5 BOSS 0 0 0 1 0 0 -155.32774645540482 85.1911191750725 143.1 -155.32774645540482 85.1911191750725 9.994324 170.00035 -999.0 -999.0 -999.0 -999.0 -999.0 -999.0 -999.0 -999.0 -999.0 -999.0 -999.0 -999.0 5400.0 -999.0 1 41 {-999.0 -999.0 -999.0 -999.0 -999.0} "" -999.0 -999.0 -999.0 -999.0 -999 -999 "" "" "" "" 0 0 0.0 0.0 -999 ""
FIBERMAP 820 R+4C5 METROLOGY 1 0 0 1 0 0 -155.6722232175949 84.53095304623379 143.1 -155.6722232175949 84.53095304623379 9.994324 170.00035 -999.0 -999.0 -999.0 -999.0 -999.0 -999.0 -999.0 -999.0 -999.0 -999.0 -999.0 -999.0 6231.0 -999.0 -1 -999 {-999.0 -999.0 -999.0 -999.0 -999.0} "" -999.0 -999.0 -999.0 -999.0 -999 -999 "" "" "" "" 0 0 0.0 0.0 -999 ""
FIBERMAP 824 R-6C7 APOGEE 0 0 0 1 0 0 -89.26425337403238 -108.93359428854549 143.1 -89.26425337403238 -108.93359428854549 10.000528 170.00671 -999.0 -999.0 -999.0 -999.0 -999.0 -999.0 -999.0 -999.0 -999.0 -999.0 -999.0 -999.0 16600.0 -999.0 2 280 {-999.0 -999.0 -999.0 -999.0 -999.0} "" -999.0 -999.0 -999.0 -999.0 -999 -999 "" "" "" "" 0 0 0.0 0.0 -999 ""
FIBERMAP 824 R-6C7 BOSS 0 0 0 1 0 0 -88.50871487806926 -108.91151652233823 143.1 -88.50871487806926 -108.91151652233823 10.000528 170.00671 -999.0 -999.0 -999.0 -999.0 -999.0 -999.0 -999.0 -999.0 -999.0 -999.0 -999.0 -999.0 5400.0 -999.0 1 438 {-999.0 -999.0 -999.0 -999.0 -999.0} "" -999.0 -999.0 -999.0 -999.0 -999 -999 "" "" "" "" 0 0 0.0 0.0 -999 ""
FIBERMAP 824 R-6C7 METROLOGY 1 0 0 1 0 0 -88.86367679167334 -109.5640084383852 143.1 -88.86367679167334 -109.5640084383852 10.000528 170.00671 -999.0 -999.0 -999.0 -999.0 -999.0 -999.0 -999.0 -999.0 -999.0 -999.0 -999.0 -999.0 6231.0 -999.0 -1 -999 {-999.0 -999.0 -999.0 -999.0 -999.0} "" -999.0 -999.0 -999.0 -999.0 -999 -999 "" "" "" "" 0 0 0.0 0.0 -999 ""
FIBERMAP 825 R+3C17 APOGEE 0 0 0 1 0 0 101.33361153033292 65.82094446497727 143.1 101.33361153033292 65.82094446497727 10.002134 170.01894 -999.0 -999.0 -999.0 -999.0 -999.0 -999.0 -999.0 -999.0 -999.0 -999.0 -999.0 -999.0 16600.0 -999.0 2 -999 {-999.0 -999.0 -999.0 -999.0 -999.0} "" -999.0 -999.0 -999.0 -999.0 -999 -999 "" "" "" "" 0 0 0.0 0.0 -999 ""
FIBERMAP 825 R+3C17 BOSS 0 0 0 1 0 0 102.06710798600201 65.85086265995153 143.1 102.06710798600201 65.85086265995153 10.002134 170.01894 -999.0 -999.0 -999.0 -999.0 -999.0 -999.0 -999.0 -999.0 -999.0 -999.0 -999.0 -999.0 5400.0 -999.0 1 219 {-999.0 -999.0 -999.0 -999.0 -999.0} "" -999.0 -999.0 -999.0 -999.0 -999 -999 "" "" "" "" 0 0 0.0 0.0 -999 ""
FIBERMAP 825 R+3C17 METROLOGY 1 0 0 1 0 0 101.72978030827704 65.18871643657766 143.1 101.72978030827704 65.18871643657766 10.002134 170.01894 -999.0 -999.0 -999.0 -999.0 -999.0 -999.0 -999.0 -999.0 -999.0 -999.0 -999.0 -999.0 6231.0 -999.0 -1 -999 {-999.0 -999.0 -999.0 -999.0 -999.0} "" -999.0 -999.0 -999.0 -999.0 -999 -999 "" "" "" "" 0 0 0.0 0.0 -999 ""
FIBERMAP 827 R+5C13 APOGEE 0 0 0 1 0 0 34.214503709306975 104.64095470888425 143.1 34.214503709306975 104.64095470888425 10.007492 169.98495 -999.0 -999.0 -999.0 -999.0 -999.0 -999.0 -999.0 -999.0 -999.0 -999.0 -999.0 -999.0 16600.0 -999.0 2 3 {-999.0 -999.0 -999.0 -999.0 -999.0} "" -999.0 -999.0 -999.0 -999.0 -999 -999 "" "" "" "" 0 0 0.0 0.0 -999 ""
FIBERMAP 827 R+5C13 BOSS 0 0 0 1 0 0 34.95547003788267 104.62858692290368 143.1 34.95547003788267 104.62858692290368 10.007492 169.98495 -999.0 -999.0 -999.0 -999.0 -999.0 -999.0 -999.0 -999.0 -999.0 -999.0 -999.0 -999.0 5400.0 -999.0 1 148 {-999.0 -999.0 -999.0 -999.0 -999.0} "" -999.0 -999.0 -999.0 -999.0 -999 -999 "" "" "" "" 0 0 0.0 0.0 -999 ""
FIBERMAP 827 R+5C13 METROLOGY 1 0 0 1 0 0 34.58365872644769 103.98352112974449 143.1 34.58365872644769 103.98352112974449 10.007492 169.98495 -999.0 -999.0 -999.0 -999.0 -999.0 -999.0 -999.0 -999.0 -999.0 -999.0 -999.0 -999.0 6231.0 -999.0 -1 -999 {-999.0 -999.0 -999.0 -999.0 -999.0} "" -999.0 -999.0 -999.0 -999.0 -999 -999 "" "" "" "" 0 0 0.0 0.0 -999 ""
FIBERMAP 828 R-2C18 APOGEE 0 0 0 1 0 0 112.77001269525519 -31.274544850100924 143.1 112.77001269525519 -31.274544850100924 10.005822 169.98862 -999.0 -999.0 -999.0 -999.0 -999.0 -999.0 -999.0 -999.0 -999.0 -999.0 -999.0 -999.0 16600.0 -999.0 2 -999 {-999.0 -999.0 -999.0 -999.0 -999.0} "" -999.0 -999.0 -999.0 -999.0 -999 -999 "" "" "" "" 0 0 0.0 0.0 -999 ""
FIBERMAP 828 R-2C18 BOSS 0 0 0 1 0 0 113.50973272770557 -31.25484244142953 143.1 113.50973272770557 -31.25484244142953 10.005822 169.98862 -999.0 -999.0 -999.0 -999.0 -999.0 -999.0 -999.0 -999.0 -999.0 -999.0 -999.0 -999.0 5400.0 -999.0 1 294 {-999.0 -999.0 -999.0 -999.0 -999.0} "" -999.0 -999.0 -999.0 -999.0 -999 -999 "" "" "" "" 0 0 0.0 0.0 -999 ""
FIBERMAP 828 R-2C18 METROLOGY 1 0 0 1 0 0 113.14843250674132 -31.917553735565658 143.1 113.14843250674132 -31.917553735565658 10.005822 169.98862 -999.0 -999.0 -999.0 -999.0 -999.0 -999.0 -999.0 -999.0 -999.0 -999.0 -999.0 -999.0 6231.0 -999.0 -1 -999 {-999.0 -999.0 -999.0 -999.0 -999.0} "" -999.0 -999.0 -999.0 -999.0 -999 -999 "" "" "" "" 0 0 0.0 0.0 -999 ""
FIBERMAP 830 R+9C18 APOGEE 0 0 0 1 0 0 190.85521914122825 182.2060322426515 143.1 190.85521914122825 182.2060322426515 10.0146885 170.01242 -999.0 -999.0 -999.0 -999.0 -999.0 -999.0 -999.0 -999.0 -999.0 -999.0 -999.0 -999.0 16600.0 -999.0 2 52 {-999.0 -999.0 -999.0 -999.0 -999.0} "" -999.0 -999.0 -999.0 -999.0 -999 -999 "" "" "" "" 0 0 0.0 0.0 -999 ""
FIBERMAP 830 R+9C18 BOSS 0 0 0 1 0 0 191.59286033449155 182.21413982190654 143.1 191.59286033449155 182.21413982190654 10.0146885 170.01242 -999.0 -999.0 -999.0 -999.0 -999.0 -999.0 -999.0 -999.0 -999.0 -999.0 -999.0 -999.0 5400.0 -999.0 1 169 {-999.0 -999.0 -999.0 -999.0 -999.0} "" -999.0 -999.0 -999.0 -999.0 -999 -999 "" "" "" "" 0 0 0.0 0.0 -999 ""
FIBERMAP 830 R+9C18 METROLOGY 1 0 0 1 0 0 191.23451686013993 181.56086768422122 143.1 191.23451686013993 181.56086768422122 10.0146885 170.01242 -999.0 -999.0 -999.0 -999.0 -999.0 -999.0 -999.0 -999.0 -999.0 -999.0 -999.0 -999.0 6231.0 -999.0 -1 -999 {-999.0 -999.0 -999.0 -999.0 -999.0} "" -999.0 -999.0 -999.0 -999.0 -999 -999 "" "" "" "" 0 0 0.0 0.0 -999 ""
FIBERMAP 831 R-6C18 APOGEE 0 0 0 1 0 0 157.21882764936214 -108.8961604055268 143.1 157.21882764936214 -108.8961604055268 10.012559 170.00082 -999.0 -999.0 -999.0 -999.0 -999.0 -999.0 -999.0 -999.0 -999.0 -999.0 -999.0 -999.0 16600.0 -999.0 2 -999 {-999.0 -999.0 -999.0 -999.0 -999.0} "" -999.0 -999.0 -999.0 -999.0 -999 -999 "" "" "" "" 0 0 0.0 0.0 -999 ""
FIBERMAP 831 R-6C18 BOSS 0 0 0 1 0 0 157.97335411392578 -108.87673809983865 143.1 157.97335411392578 -108.87673809983865 10.012559 170.00082 -999.0 -999.0 -999.0 -999.0 -999.0 -999.0 -999.0 -999.0 -999.0 -999.0 -999.0 -999.0 5400.0 -999.0 1 288 {-999.0 -999.0 -999.0 -999.0 -999.0} "" -999.0 -999.0 -999.0 -999.0 -999 -999 "" "" "" "" 0 0 0.0 0.0 -999 ""
FIBERMAP 831 R-6C18 METROLOGY 1 0 0 1 0 0 157.61564874067494 -109.52797921024943 143.1 157.61564874067494 -109.52797921024943 10.012559 170.00082 -999.0 -999.0 -999.0 -999.0 -999.0 -999.0 -999.0 -999.0 -999.0 -999.0 -999.0 -999.0 6231.0 -999.0 -1 -999 {-999.0 -999.0 -999.0 -999.0 -999.0} "" -999.0 -999.0 -999.0 -999.0 -999 -999 "" "" "" "" 0 0 0.0 0.0 -999 ""
FIBERMAP 835 R+3C22 APOGEE 0 0 0 1 0 0 213.35970188107572 65.80269994191647 143.1 213.35970188107572 65.80269994191647 9.998789 169.99957 -999.0 -999.0 -999.0 -999.0 -999.0 -999.0 -999.0 -999.0 -999.0 -999.0 -999.0 -999.0 16600.0 -999.0 2 31 {-999.0 -999.0 -999.0 -999.0 -999.0} "" -999.0 -999.0 -999.0 -999.0 -999 -999 "" "" "" "" 0 0 0.0 0.0 -999 ""
FIBERMAP 835 R+3C22 BOSS 0 0 0 1 0 0 214.11416314064937 65.82149180761519 143.1 214.11416314064937 65.82149180761519 9.998789 169.99957 -999.0 -999.0 -999.0 -999.0 -999.0 -999.0 -999.0 -999.0 -999.0 -999.0 -999.0 -999.0 5400.0 -999.0 1 192 {-999.0 -999.0 -999.0 -999.0 -999.0} "" -999.0 -999.0 -999.0 -999.0 -999 -999 "" "" "" "" 0 0 0.0 0.0 -999 ""
FIBERMAP 835 R+3C22 METROLOGY 1 0 0 1 0 0 213.75585433914839 65.16508428691606 143.1 213.75585433914839 65.16508428691606 9.998789 169.99957 -999.0 -999.0 -999.0 -999.0 -999.0 -999.0 -999.0 -999.0 -999.0 -999.0 -999.0 -999.0 6231.0 -999.0 -1 -999 {-999.0 -999.0 -999.0 -999.0 -999.0} "" -999.0 -999.0 -999.0 -999.0 -999 -999 "" "" "" "" 0 0 0.0 0.0 -999 ""
FIBERMAP 837 R+1C18 APOGEE 0 0 0 1 0 0 101.38305825238712 26.976075904803086 143.1 101.38305825238712 26.976075904803086 10.016182 169.99722 -999.0 -999.0 -999.0 -999.0 -999.0 -999.0 -999.0 -999.0 -999.0 -999.0 -999.0 -999.0 16600.0 -999.0 2 69 {-999.0 -999.0 -999.0 -999.0 -999.0} "" -999.0 -999.0 -999.0 -999.0 -999 -999 "" "" "" "" 0 0 0.0 0.0 -999 ""
FIBERMAP 837 R+1C18 BOSS 0 0 0 1 0 0 102.1133734790919 26.975304608315618 143.1 102.1133734790919 26.975304608315618 10.016182 169.99722 -999.0 -999.0 -999.0 -999.0 -999.0 -999.0 -999.0 -999.0 -999.0 -999.0 -999.0 -999.0 5400.0 -999.0 1 231 {-999.0 -999.0 -999.0 -999.0 -999.0} "" -999.0 -999.0 -999.0 -999.0 -999 -999 "" "" "" "" 0 0 0.0 0.0 -999 ""
FIBERMAP 837 R+1C18 METROLOGY 1 0 0 1 0 0 101.75544146663114 26.32900257161041 143.1 101.75544146663114 26.32900257161041 10.016182 169.99722 -999.0 -999.0 -999.0 -999.0 -999.0 -999.0 -999.0 -999.0 -999.0 -999.0 -999.0 -999.0 6231.0 -999.0 -1 -999 {-999.0 -999.0 -999.0 -999.0 -999.0} "" -999.0 -999.0 -999.0 -999.0 -999 -999 "" "" "" "" 0 0 0.0 0.0 -999 ""
FIBERMAP 838 R-8C6 APOGEE 0 0 0 1 0 0 -89.20013356505363 -147.78233292890536 143.1 -89.20013356505363 -147.78233292890536 10.011999 170.00865 -999.0 -999.0 -999.0 -999.0 -999.0 -999.0 -999.0 -999.0 -999.0 -999.0 -999.0 -999.0 16600.0 -999.0 2 -999 {-999.0 -999.0 -999.0 -999.0 -999.0} "" -999.0 -999.0 -999.0 -999.0 -999 -999 "" "" "" "" 0 0 0.0 0.0 -999 ""
FIBERMAP 838 R-8C6 BOSS 0 0 0 1 0 0 -88.47226193201352 -147.76296318175758 143.1 -88.47226193201352 -147.76296318175758 10.011999 170.00865 -999.0 -999.0 -999.0 -999.0 -999.0 -999.0 -999.0 -999.0 -999.0 -999.0 -999.0 -999.0 5400.0 -999.0 1 411 {-999.0 -999.0 -999.0 -999.0 -999.0} "" -999.0 -999.0 -999.0 -999.0 -999 -999 "" "" "" "" 0 0 0.0 0.0 -999 ""
FIBERMAP 838 R-8C6 METROLOGY 1 0 0 1 0 0 -88.813192906059 -148.42025056224733 143.1 -88.813192906059 -148.42025056224733 10.011999 170.00865 -999.0 -999.0 -999.0 -999.0 -999.0 -999.0 -999.0 -999.0 -999.0 -999.0 -999.0 -999.0 6231.0 -999.0 -1 -999 {-999.0 -999.0 -999.0 -999.0 -999.0} "" -999.0 -999.0 -999.0 -999.0 -999 -999 "" "" "" "" 0 0 0.0 0.0 -999 ""
FIBERMAP 839 R+3C1 APOGEE 0 0 0 1 0 0 -256.86722128283526 65.74778330021985 143.1 -256.86722128283526 65.74778330021985 10.005764 169.99677 -999.0 -999.0 -999.0 -999.0 -999.0 -999.0 -999.0 -999.0 -999.0 -999.0 -999.0 -999.0 16600.0 -999.0 2 143 {-999.0 -999.0 -999.0 -999.0 -999.0} "" -999.0 -999.0 -999.0 -999.0 -999 -999 "" "" "" "" 0 0 0.0 0.0 -999 ""
FIBERMAP 839 R+3C1 BOSS 0 0 0 1 0 0 -256.1353929326004 65.76746371148165 143.1 -256.1353929326004 65.76746371148165 10.005764 169.99677 -999.0 -999.0 -999.0 -999.0 -999.0 -999.0 -999.0 -999.0 -999.0 -999.0 -999.0 -999.0 5400.0 -999.0 1 3 {-999.0 -999.0 -999.0 -999.0 -999.0} "" -999.0 -999.0 -999.0 -999.0 -999 -999 "" "" "" "" 0 0 0.0 0.0 -999 ""
FIBERMAP 839 R+3C1 METROLOGY 1 0 0 1 0 0 -256.4932783164374 65.09965784085664 143.1 -256.4932783164374 65.09965784085664 10.005764 169.99677 -999.0 -999.0 -999.0 -999.0 -999.0 -999.0 -999.0 -999.0 -999.0 -999.0 -999.0 -999.0 6231.0 -999.0 -1 -999 {-999.0 -999.0 -999.0 -999.0 -999.0} "" -999.0 -999.0 -999.0 -999.0 -999 -999 "" "" "" "" 0 0 0.0 0.0 -999 ""
FIBERMAP 840 R+10C12 APOGEE 0 0 0 1 0 0 67.66731139931618 201.58307337330493 143.1 67.66731139931618 201.58307337330493 9.991774 170.01694 -999.0 -999.0 -999.0 -999.0 -999.0 -999.0 -999.0 -999.0 -999.0 -999.0 -999.0 -999.0 16600.0 -999.0 2 -999 {-999.0 -999.0 -999.0 -999.0 -999.0} "" -999.0 -999.0 -999.0 -999.0 -999 -999 "" "" "" "" 0 0 0.0 0.0 -999 ""
FIBERMAP 840 R+10C12 BOSS 0 0 0 1 0 0 68.41287932684857 201.6079013520343 143.1 68.41287932684857 201.6079013520343 9.991774 170.01694 -999.0 -999.0 -999.0 -999.0 -999.0 -999.0 -999.0 -999.0 -999.0 -999.0 -999.0 -999.0 5400.0 -999.0 1 141 {-999.0 -999.0 -999.0 -999.0 -999.0} "" -999.0 -999.0 -999.0 -999.0 -999 -999 "" "" "" "" 0 0 0.0 0.0 -999 ""
FIBERMAP 840 R+10C12 METROLOGY 1 0 0 1 0 0 68.05601259020185 200.94622695169616 143.1 68.05601259020185 200.94622695169616 9.991774 170.01694 -999.0 -999.0 -999.0 -999.0 -999.0 -999.0 -999.0 -999.0 -999.0 -999.0 -999.0 -999.0 6231.0 -999.0 -1 -999 {-999.0 -999.0 -999.0 -999.0 -999.0} "" -999.0 -999.0 -999.0 -999.0 -999 -999 "" "" "" "" 0 0 0.0 0.0 -999 ""
FIBERMAP 842 R-4C20 APOGEE 0 0 0 1 0 0 179.88572418594623 -70.1849282438374 143.1 179.88572418594623 -70.1849282438374 10.0141535 170.02551 -999.0 -999.0 -999.0 -999.0 -999.0 -999.0 -999.0 -999.0 -999.0 -999.0 -999.0 -999.0 16600.0 -999.0 2 -999 {-999.0 -999.0 -999.0 -999.0 -999.0} "" -999.0 -999.0 -999.0 -999.0 -999 -999 "" "" "" "" 0 0 0.0 0.0 -999 ""
FIBERMAP 842 R-4C20 BOSS 0 0 0 1 0 0 180.6067480607642 -70.16900227937161 143.1 180.6067480607642 -70.16900227937161 10.0141535 170.02551 -999.0 -999.0 -999.0 -999.0 -999.0 -999.0 -999.0 -999.0 -999.0 -999.0 -999.0 -999.0 5400.0 -999.0 1 286 {-999.0 -999.0 -999.0 -999.0 -999.0} "" -999.0 -999.0 -999.0 -999.0 -999 -999 "" "" "" "" 0 0 0.0 0.0 -999 ""
FIBERMAP 842 R-4C20 METROLOGY 1 0 0 1 0 0 180.26892384887503 -70.82510009486106 143.1 180.26892384887503 -70.82510009486106 10.0141535 170.02551 -999.0 -999.0 -999.0 -999.0 -999.0 -999.0 -999.0 -999.0 -999.0 -999.0 -999.0 -999.0 6231.0 -999.0 -1 -999 {-999.0 -999.0 -999.0 -999.0 -999.0} "" -999.0 -999.0 -999.0 -999.0 -999 -999 "" "" "" "" 0 0 0.0 0.0 -999 ""
FIBERMAP 846 R+1C13 APOGEE 0 0 0 1 0 0 -10.655744221042124 26.852130631102177 143.1 -10.655744221042124 26.852130631102177 10.013926 170.01462 -999.0 -999.0 -999.0 -999.0 -999.0 -999.0 -999.0 -999.0 -999.0 -999.0 -999.0 -999.0 16600.0 -999.0 2 131 {-999.0 -999.0 -999.0 -999.0 -999.0} "" -999.0 -999.0 -999.0 -999.0 -999 -999 "" "" "" "" 0 0 0.0 0.0 -999 ""
FIBERMAP 846 R+1C13 BOSS 0 0 0 1 0 0 -9.914176170758907 26.891307372443045 143.1 -9.914176170758907 26.891307372443045 10.013926 170.01462 -999.0 -999.0 -999.0 -999.0 -999.0 -999.0 -999.0 -999.0 -999.0 -999.0 -999.0 -999.0 5400.0 -999.0 1 13 {-999.0 -999.0 -999.0 -999.0 -999.0} "" -999.0 -999.0 -999.0 -999.0 -999 -999 "" "" "" "" 0 0 0.0 0.0 -999 ""
FIBERMAP 846 R+1C13 METROLOGY 1 0 0 1 0 0 -10.246967554783724 26.224767033943763 143.1 -10.246967554783724 26.224767033943763 10.013926 170.01462 -999.0 -999.0 -999.0 -999.0 -999.0 -999.0 -999.0 -999.0 -999.0 -999.0 -999.0 -999.0 6231.0 -999.0 -1 -999 {-999.0 -999.0 -999.0 -999.0 -999.0} "" -999.0 -999.0 -999.0 -999.0 -999 -999 "" "" "" "" 0 0 0.0 0.0 -999 ""
FIBERMAP 847 R+5C22 APOGEE 0 0 0 1 0 0 235.6684547411168 104.52676249119358 143.1 235.6684547411168 104.52676249119358 10.001763 170.00574 -999.0 -999.0 -999.0 -999.0 -999.0 -999.0 -999.0 -999.0 -999.0 -999.0 -999.0 -999.0 16600.0 -999.0 2 74 {-999.0 -999.0 -999.0 -999.0 -999.0} "" -999.0 -999.0 -999.0 -999.0 -999 -999 "" "" "" "" 0 0 0.0 0.0 -999 ""
FIBERMAP 847 R+5C22 BOSS 0 0 0 1 0 0 236.42608130856033 104.54266626364803 143.1 236.42608130856033 104.54266626364803 10.001763 170.00574 -999.0 -999.0 -999.0 -999.0 -999.0 -999.0 -999.0 -999.0 -999.0 -999.0 -999.0 -999.0 5400.0 -999.0 1 248 {-999.0 -999.0 -999.0 -999.0 -999.0} "" -999.0 -999.0 -999.0 -999.0 -999 -999 "" "" "" "" 0 0 0.0 0.0 -999 ""
FIBERMAP 847 R+5C22 METROLOGY 1 0 0 1 0 0 236.06975200068695 103.89287138571481 143.1 236.06975200068695 103.89287138571481 10.001763 170.00574 -999.0 -999.0 -999.0 -999.0 -999.0 -999.0 -999.0 -999.0 -999.0 -999.0 -999.0 -999.0 6231.0 -999.0 -1 -999 {-999.0 -999.0 -999.0 -999.0 -999.0} "" -999.0 -999.0 -999.0 -999.0 -999 -999 "" "" "" "" 0 0 0.0 0.0 -999 ""
FIBERMAP 849 R+6C12 APOGEE 0 0 0 1 0 0 22.955458363201707 124.02692417306999 143.1 22.955458363201707 124.02692417306999 10.008309 170.01033 -999.0 -999.0 -999.0 -999.0 -999.0 -999.0 -999.0 -999.0 -999.0 -999.0 -999.0 -999.0 16600.0 -999.0 2 -999 {-999.0 -999.0 -999.0 -999.0 -999.0} "" -999.0 -999.0 -999.0 -999.0 -999 -999 "" "" "" "" 0 0 0.0 0.0 -999 ""
FIBERMAP 849 R+6C12 BOSS 0 0 0 1 0 0 23.697253162197278 124.0416113904705 143.1 23.697253162197278 124.0416113904705 10.008309 170.01033 -999.0 -999.0 -999.0 -999.0 -999.0 -999.0 -999.0 -999.0 -999.0 -999.0 -999.0 -999.0 5400.0 -999.0 1 117 {-999.0 -999.0 -999.0 -999.0 -999.0} "" -999.0 -999.0 -999.0 -999.0 -999 -999 "" "" "" "" 0 0 0.0 0.0 -999 ""
FIBERMAP 849 R+6C12 METROLOGY 1 0 0 1 0 0 23.34456626112137 123.39032616467823 143.1 23.34456626112137 123.39032616467823 10.008309 170.01033 -999.0 -999.0 -999.0 -999.0 -999.0 -999.0 -999.0 -999.0 -999.0 -999.0 -999.0 -999.0 6231.0 -999.0 -1 -999 {-999.0 -999.0 -999.0 -999.0 -999.0} "" -999.0 -999.0 -999.0 -999.0 -999 -999 "" "" "" "" 0 0 0.0 0.0 -999 ""
FIBERMAP 852 R0C15 APOGEE 0 0 0 1 0 0 22.890268884137882 7.521437180654925 143.1 22.890268884137882 7.521437180654925 10.016992 170.02736 -999.0 -999.0 -999.0 -999.0 -999.0 -999.0 -999.0 -999.0 -999.0 -999.0 -999.0 -999.0 16600.0 -999.0 2 32 {-999.0 -999.0 -999.0 -999.0 -999.0} "" -999.0 -999.0 -999.0 -999.0 -999 -999 "" "" "" "" 0 0 0.0 0.0 -999 ""
FIBERMAP 852 R0C15 BOSS 0 0 0 1 0 0 23.63084987228843 7.514697171890673 143.1 23.63084987228843 7.514697171890673 10.016992 170.02736 -999.0 -999.0 -999.0 -999.0 -999.0 -999.0 -999.0 -999.0 -999.0 -999.0 -999.0 -999.0 5400.0 -999.0 1 180 {-999.0 -999.0 -999.0 -999.0 -999.0} "" -999.0 -999.0 -999.0 -999.0 -999 -999 "" "" "" "" 0 0 0.0 0.0 -999 ""
FIBERMAP 852 R0C15 METROLOGY 1 0 0 1 0 0 23.264930908669935 6.872187940452858 143.1 23.264930908669935 6.872187940452858 10.016992 170.02736 -999.0 -999.0 -999.0 -999.0 -999.0 -999.0 -999.0 -999.0 -999.0 -999.0 -999.0 -999.0 6231.0 -999.0 -1 -999 {-999.0 -999.0 -999.0 -999.0 -999.0} "" -999.0 -999.0 -999.0 -999.0 -999 -999 "" "" "" "" 0 0 0.0 0.0 -999 ""
FIBERMAP 857 R+13C3 APOGEE 0 0 0 1 0 0 -100.26997976631748 259.51660246919784 143.1 -100.26997976631748 259.51660246919784 9.988063 170.00021 -999.0 -999.0 -999.0 -999.0 -999.0 -999.0 -999.0 -999.0 -999.0 -999.0 -999.0 -999.0 16600.0 -999.0 2 106 {-999.0 -999.0 -999.0 -999.0 -999.0} "" -999.0 -999.0 -999.0 -999.0 -999 -999 "" "" "" "" 0 0 0.0 0.0 -999 ""
FIBERMAP 857 R+13C3 BOSS 0 0 0 1 0 0 -99.52418287490202 259.5172233141154 143.1 -99.52418287490202 259.5172233141154 9.988063 170.00021 -999.0 -999.0 -999.0 -999.0 -999.0 -999.0 -999.0 -999.0 -999.0 -999.0 -999.0 -999.0 5400.0 -999.0 1 87 {-999.0 -999.0 -999.0 -999.0 -999.0} "" -999.0 -999.0 -999.0 -999.0 -999 -999 "" "" "" "" 0 0 0.0 0.0 -999 ""
FIBERMAP 857 R+13C3 METROLOGY 1 0 0 1 0 0 -99.88711140259171 258.8651728444805 143.1 -99.88711140259171 258.8651728444805 9.988063 170.00021 -999.0 -999.0 -999.0 -999.0 -999.0 -999.0 -999.0 -999.0 -999.0 -999.0 -999.0 -999.0 6231.0 -999.0 -1 -999 {-999.0 -999.0 -999.0 -999.0 -999.0} "" -999.0 -999.0 -999.0 -999.0 -999 -999 "" "" "" "" 0 0 0.0 0.0 -999 ""
FIBERMAP 859 R-9C1 APOGEE 0 0 0 1 0 0 -189.66775418152383 -167.1011667504416 143.1 -189.66775418152383 -167.1011667504416 10.016451 169.99973 -999.0 -999.0 -999.0 -999.0 -999.0 -999.0 -999.0 -999.0 -999.0 -999.0 -999.0 -999.0 16600.0 -999.0 2 272 {-999.0 -999.0 -999.0 -999.0 -999.0} "" -999.0 -999.0 -999.0 -999.0 -999 -999 "" "" "" "" 0 0 0.0 0.0 -999 ""
FIBERMAP 859 R-9C1 BOSS 0 0 0 1 0 0 -188.91325361487372 -167.08740540544042 143.1 -188.91325361487372 -167.08740540544042 10.016451 169.99973 -999.0 -999.0 -999.0 -999.0 -999.0 -999.0 -999.0 -999.0 -999.0 -999.0 -999.0 -999.0 5400.0 -999.0 1 419 {-999.0 -999.0 -999.0 -999.0 -999.0} "" -999.0 -999.0 -999.0 -999.0 -999 -999 "" "" "" "" 0 0 0.0 0.0 -999 ""
FIBERMAP 859 R-9C1 METROLOGY 1 0 0 1 0 0 -189.27412755071032 -167.7426992550115 143.1 -189.27412755071032 -167.7426992550115 10.016451 169.99973 -999.0 -999.0 -999.0 -999.0 -999.0 -999.0 -999.0 -999.0 -999.0 -999.0 -999.0 -999.0 6231.0 -999.0 -1 -999 {-999.0 -999.0 -999.0 -999.0 -999.0} "" -999.0 -999.0 -999.0 -999.0 -999 -999 "" "" "" "" 0 0 0.0 0.0 -999 ""
FIBERMAP 865 R-9C11 APOGEE 0 0 0 1 0 0 34.50710584687329 -167.27829722235109 143.1 34.50710584687329 -167.27829722235109 9.991018 170.02052 -999.0 -999.0 -999.0 -999.0 -999.0 -999.0 -999.0 -999.0 -999.0 -999.0 -999.0 -999.0 16600.0 -999.0 2 179 {-999.0 -999.0 -999.0 -999.0 -999.0} "" -999.0 -999.0 -999.0 -999.0 -999 -999 "" "" "" "" 0 0 0.0 0.0 -999 ""
FIBERMAP 865 R-9C11 BOSS 0 0 0 1 0 0 35.24779845045865 -167.2704683149234 143.1 35.24779845045865 -167.2704683149234 9.991018 170.02052 -999.0 -999.0 -999.0 -999.0 -999.0 -999.0 -999.0 -999.0 -999.0 -999.0 -999.0 -999.0 5400.0 -999.0 1 374 {-999.0 -999.0 -999.0 -999.0 -999.0} "" -999.0 -999.0 -999.0 -999.0 -999 -999 "" "" "" "" 0 0 0.0 0.0 -999 ""
FIBERMAP 865 R-9C11 METROLOGY 1 0 0 1 0 0 34.881436721007404 -167.9217460137615 143.1 34.881436721007404 -167.9217460137615 9.991018 170.02052 -999.0 -999.0 -999.0 -999.0 -999.0 -999.0 -999.0 -999.0 -999.0 -999.0 -999.0 -999.0 6231.0 -999.0 -1 -999 {-999.0 -999.0 -999.0 -999.0 -999.0} "" -999.0 -999.0 -999.0 -999.0 -999 -999 "" "" "" "" 0 0 0.0 0.0 -999 ""
FIBERMAP 866 R+11C13 APOGEE 0 0 0 1 0 0 101.40584060751257 221.01035106741935 143.1 101.40584060751257 221.01035106741935 9.987234 169.98978 -999.0 -999.0 -999.0 -999.0 -999.0 -999.0 -999.0 -999.0 -999.0 -999.0 -999.0 -999.0 16600.0 -999.0 2 12 {-999.0 -999.0 -999.0 -999.0 -999.0} "" -999.0 -999.0 -999.0 -999.0 -999 -999 "" "" "" "" 0 0 0.0 0.0 -999 ""
FIBERMAP 866 R+11C13 BOSS 0 0 0 1 0 0 102.1581459731109 221.01550982526882 143.1 102.1581459731109 221.01550982526882 9.987234 169.98978 -999.0 -999.0 -999.0 -999.0 -999.0 -999.0 -999.0 -999.0 -999.0 -999.0 -999.0 -999.0 5400.0 -999.0 1 99 {-999.0 -999.0 -999.0 -999.0 -999.0} "" -999.0 -999.0 -999.0 -999.0 -999 -999 "" "" "" "" 0 0 0.0 0.0 -999 ""
FIBERMAP 866 R+11C13 METROLOGY 1 0 0 1 0 0 101.78823800909976 220.36325772338898 143.1 101.78823800909976 220.36325772338898 9.987234 169.98978 -999.0 -999.0 -999.0 -999.0 -999.0 -999.0 -999.0 -999.0 -999.0 -999.0 -999.0 -999.0 6231.0 -999.0 -1 -999 {-999.0 -999.0 -999.0 -999.0 -999.0} "" -999.0 -999.0 -999.0 -999.0 -999 -999 "" "" "" "" 0 0 0.0 0.0 -999 ""
FIBERMAP 868 R+9C15 APOGEE 0 0 0 1 0 0 123.86563925476773 182.18772451418246 143.1 123.86563925476773 182.18772451418246 10.002897 169.99866 -999.0 -999.0 -999.0 -999.0 -999.0 -999.0 -999.0 -999.0 -999.0 -999.0 -999.0 -999.0 16600.0 -999.0 2 -999 {-999.0 -999.0 -999.0 -999.0 -999.0} "" -999.0 -999.0 -999.0 -999.0 -999 -999 "" "" "" "" 0 0 0.0 0.0 -999 ""
FIBERMAP 868 R+9C15 BOSS 0 0 0 1 0 0 124.61608727601252 182.19931128846156 143.1 124.61608727601252 182.19931128846156 10.002897 169.99866 -999.0 -999.0 -999.0 -999.0 -999.0 -999.0 -999.0 -999.0 -999.0 -999.0 -999.0 -999.0 5400.0 -999.0 1 229 {-999.0 -999.0 -999.0 -999.0 -999.0} "" -999.0 -999.0 -999.0 -999.0 -999 -999 "" "" "" "" 0 0 0.0 0.0 -999 ""
FIBERMAP 868 R+9C15 METROLOGY 1 0 0 1 0 0 124.24758011234651 181.54680083555624 143.1 124.24758011234651 181.54680083555624 10.002897 169.99866 -999.0 -999.0 -999.0 -999.0 -999.0 -999.0 -999.0 -999.0 -999.0 -999.0 -999.0 -999.0 6231.0 -999.0 -1 -999 {-999.0 -999.0 -999.0 -999.0 -999.0} "" -999.0 -999.0 -999.0 -999.0 -999 -999 "" "" "" "" 0 0 0.0 0.0 -999 ""
FIBERMAP 869 R+10C1 APOGEE 0 0 0 1 0 0 -178.3053664506455 201.5577376456619 143.1 -178.3053664506455 201.5577376456619 10.003832 170.00354 -999.0 -999.0 -999.0 -999.0 -999.0 -999.0 -999.0 -999.0 -999.0 -999.0 -999.0 -999.0 16600.0 -999.0 2 115 {-999.0 -999.0 -999.0 -999.0 -999.0} "" -999.0 -999.0 -999.0 -999.0 -999 -999 "" "" "" "" 0 0 0.0 0.0 -999 ""
FIBERMAP 869 R+10C1 BOSS 0 0 0 1 0 0 -177.5701801996001 201.5129783700481 143.1 -177.5701801996001 201.5129783700481 10.003832 170.00354 -999.0 -999.0 -999.0 -999.0 -999.0 -999.0 -999.0 -999.0 -999.0 -999.0 -999.0 -999.0 5400.0 -999.0 1 79 {-999.0 -999.0 -999.0 -999.0 -999.0} "" -999.0 -999.0 -999.0 -999.0 -999 -999 "" "" "" "" 0 0 0.0 0.0 -999 ""
FIBERMAP 869 R+10C1 METROLOGY 1 0 0 1 0 0 -177.98077467907873 200.88318629815416 143.1 -177.98077467907873 200.88318629815416 10.003832 170.00354 -999.0 -999.0 -999.0 -999.0 -999.0 -999.0 -999.0 -999.0 -999.0 -999.0 -999.0 -999.0 6231.0 -999.0 -1 -999 {-999.0 -999.0 -999.0 -999.0 -999.0} "" -999.0 -999.0 -999.0 -999.0 -999 -999 "" "" "" "" 0 0 0.0 0.0 -999 ""
FIBERMAP 870 R0C26 APOGEE 0 0 0 1 0 0 269.32713272293125 7.522829893699178 143.1 269.32713272293125 7.522829893699178 10.002314 170.0079 -999.0 -999.0 -999.0 -999.0 -999.0 -999.0 -999.0 -999.0 -999.0 -999.0 -999.0 -999.0 16600.0 -999.0 2 38 {-999.0 -999.0 -999.0 -999.0 -999.0} "" -999.0 -999.0 -999.0 -999.0 -999 -999 "" "" "" "" 0 0 0.0 0.0 -999 ""
FIBERMAP 870 R0C26 BOSS 0 0 0 1 0 0 270.0665250160274 7.554523659100969 143.1 270.0665250160274 7.554523659100969 10.002314 170.0079 -999.0 -999.0 -999.0 -999.0 -999.0 -999.0 -999.0 -999.0 -999.0 -999.0 -999.0 -999.0 5400.0 -999.0 1 173 {-999.0 -999.0 -999.0 -999.0 -999.0} "" -999.0 -999.0 -999.0 -999.0 -999 -999 "" "" "" "" 0 0 0.0 0.0 -999 ""
FIBERMAP 870 R0C26 METROLOGY 1 0 0 1 0 0 269.70537885523 6.879709110741128 143.1 269.70537885523 6.879709110741128 10.002314 170.0079 -999.0 -999.0 -999.0 -999.0 -999.0 -999.0 -999.0 -999.0 -999.0 -999.0 -999.0 -999.0 6231.0 -999.0 -1 -999 {-999.0 -999.0 -999.0 -999.0 -999.0} "" -999.0 -999.0 -999.0 -999.0 -999 -999 "" "" "" "" 0 0 0.0 0.0 -999 ""
FIBERMAP 871 R-7C18 APOGEE 0 0 0 1 0 0 168.72485562428918 -128.29759314618076 143.1 168.72485562428918 -128.29759314618076 10.003557 170.00108 -999.0 -999.0 -999.0 -999.0 -999.0 -999.0 -999.0 -999.0 -999.0 -999.0 -999.0 -999.0 16600.0 -999.0 2 234 {-999.0 -999.0 -999.0 -999.0 -999.0} "" -999.0 -999.0 -999.0 -999.0 -999 -999 "" "" "" "" 0 0 0.0 0.0 -999 ""
FIBERMAP 871 R-7C18 BOSS 0 0 0 1 0 0 169.47772318668711 -128.3360754162889 143.1 169.47772318668711 -128.3360754162889 10.003557 170.00108 -999.0 -999.0 -999.0 -999.0 -999.0 -999.0 -999.0 -999.0 -999.0 -999.0 -999.0 -999.0 5400.0 -999.0 1 276 {-999.0 -999.0 -999.0 -999.0 -999.0} "" -999.0 -999.0 -999.0 -999.0 -999 -999 "" "" "" "" 0 0 0.0 0.0 -999 ""
FIBERMAP 871 R-7C18 METROLOGY 1 0 0 1 0 0 169.08640823394578 -128.97070798278466 143.1 169.08640823394578 -128.97070798278466 10.003557 170.00108 -999.0 -999.0 -999.0 -999.0 -999.0 -999.0 -999.0 -999.0 -999.0 -999.0 -999.0 -999.0 6231.0 -999.0 -1 -999 {-999.0 -999.0 -999.0 -999.0 -999.0} "" -999.0 -999.0 -999.0 -999.0 -999 -999 "" "" "" "" 0 0 0.0 0.0 -999 ""
FIBERMAP 872 R+4C23 APOGEE 0 0 0 1 0 0 246.9141692357637 85.15102728968823 143.1 246.9141692357637 85.15102728968823 10.013452 170.0126 -999.0 -999.0 -999.0 -999.0 -999.0 -999.0 -999.0 -999.0 -999.0 -999.0 -999.0 -999.0 16600.0 -999.0 2 77 {-999.0 -999.0 -999.0 -999.0 -999.0} "" -999.0 -999.0 -999.0 -999.0 -999 -999 "" "" "" "" 0 0 0.0 0.0 -999 ""
FIBERMAP 872 R+4C23 BOSS 0 0 0 1 0 0 247.65495747004107 85.11779684634841 143.1 247.65495747004107 85.11779684634841 10.013452 170.0126 -999.0 -999.0 -999.0 -999.0 -999.0 -999.0 -999.0 -999.0 -999.0 -999.0 -999.0 -999.0 5400.0 -999.0 1 247 {-999.0 -999.0 -999.0 -999.0 -999.0} "" -999.0 -999.0 -999.0 -999.0 -999 -999 "" "" "" "" 0 0 0.0 0.0 -999 ""
FIBERMAP 872 R+4C23 METROLOGY 1 0 0 1 0 0 247.25523890627755 84.48286293206826 143.1 247.25523890627755 84.48286293206826 10.013452 170.0126 -999.0 -999.0 -999.0 -999.0 -999.0 -999.0 -999.0 -999.0 -999.0 -999.0 -999.0 -999.0 6231.0 -999.0 -1 -999 {-999.0 -999.0 -999.0 -999.0 -999.0} "" -999.0 -999.0 -999.0 -999.0 -999 -999 "" "" "" "" 0 0 0.0 0.0 -999 ""
FIBERMAP 875 R+1C7 APOGEE 0 0 0 1 0 0 -144.89893012195552 26.8885132808557 143.1 -144.89893012195552 26.8885132808557 10.004156 170.00826 -999.0 -999.0 -999.0 -999.0 -999.0 -999.0 -999.0 -999.0 -999.0 -999.0 -999.0 -999.0 16600.0 -999.0 2 138 {-999.0 -999.0 -999.0 -999.0 -999.0} "" -999.0 -999.0 -999.0 -999.0 -999 -999 "" "" "" "" 0 0 0.0 0.0 -999 ""
FIBERMAP 875 R+1C7 BOSS 0 0 0 1 0 0 -144.15128204674465 26.874219749468644 143.1 -144.15128204674465 26.874219749468644 10.004156 170.00826 -999.0 -999.0 -999.0 -999.0 -999.0 -999.0 -999.0 -999.0 -999.0 -999.0 -999.0 -999.0 5400.0 -999.0 1 21 {-999.0 -999.0 -999.0 -999.0 -999.0} "" -999.0 -999.0 -999.0 -999.0 -999 -999 "" "" "" "" 0 0 0.0 0.0 -999 ""
FIBERMAP 875 R+1C7 METROLOGY 1 0 0 1 0 0 -144.53540335259464 26.226929126472317 143.1 -144.53540335259464 26.226929126472317 10.004156 170.00826 -999.0 -999.0 -999.0 -999.0 -999.0 -999.0 -999.0 -999.0 -999.0 -999.0 -999.0 -999.0 6231.0 -999.0 -1 -999 {-999.0 -999.0 -999.0 -999.0 -999.0} "" -999.0 -999.0 -999.0 -999.0 -999 -999 "" "" "" "" 0 0 0.0 0.0 -999 ""
FIBERMAP 877 R+13C4 APOGEE 0 0 0 1 0 0 -77.77464097644169 259.6267497290484 143.1 -77.77464097644169 259.6267497290484 9.991621 170.00261 -999.0 -999.0 -999.0 -999.0 -999.0 -999.0 -999.0 -999.0 -999.0 -999.0 -999.0 -999.0 16600.0 -999.0 2 114 {-999.0 -999.0 -999.0 -999.0 -999.0} "" -999.0 -999.0 -999.0 -999.0 -999 -999 "" "" "" "" 0 0 0.0 0.0 -999 ""
FIBERMAP 877 R+13C4 BOSS 0 0 0 1 0 0 -77.03787464586817 259.64714075025466 143.1 -77.03787464586817 259.64714075025466 9.991621 170.00261 -999.0 -999.0 -999.0 -999.0 -999.0 -999.0 -999.0 -999.0 -999.0 -999.0 -999.0 -999.0 5400.0 -999.0 1 86 {-999.0 -999.0 -999.0 -999.0 -999.0} "" -999.0 -999.0 -999.0 -999.0 -999 -999 "" "" "" "" 0 0 0.0 0.0 -999 ""
FIBERMAP 877 R+13C4 METROLOGY 1 0 0 1 0 0 -77.37218824687382 258.9972149039727 143.1 -77.37218824687382 258.9972149039727 9.991621 170.00261 -999.0 -999.0 -999.0 -999.0 -999.0 -999.0 -999.0 -999.0 -999.0 -999.0 -999.0 -999.0 6231.0 -999.0 -1 -999 {-999.0 -999.0 -999.0 -999.0 -999.0} "" -999.0 -999.0 -999.0 -999.0 -999 -999 "" "" "" "" 0 0 0.0 0.0 -999 ""
FIBERMAP 880 R-8C1 APOGEE 0 0 0 1 0 0 -200.7901776381956 -147.72048944745825 143.1 -200.7901776381956 -147.72048944745825 10.01107 169.99654 -999.0 -999.0 -999.0 -999.0 -999.0 -999.0 -999.0 -999.0 -999.0 -999.0 -999.0 -999.0 16600.0 -999.0 2 276 {-999.0 -999.0 -999.0 -999.0 -999.0} "" -999.0 -999.0 -999.0 -999.0 -999 -999 "" "" "" "" 0 0 0.0 0.0 -999 ""
FIBERMAP 880 R-8C1 BOSS 0 0 0 1 0 0 -200.0352406199974 -147.69704508077317 143.1 -200.0352406199974 -147.69704508077317 10.01107 169.99654 -999.0 -999.0 -999.0 -999.0 -999.0 -999.0 -999.0 -999.0 -999.0 -999.0 -999.0 -999.0 5400.0 -999.0 1 418 {-999.0 -999.0 -999.0 -999.0 -999.0} "" -999.0 -999.0 -999.0 -999.0 -999 -999 "" "" "" "" 0 0 0.0 0.0 -999 ""
FIBERMAP 880 R-8C1 METROLOGY 1 0 0 1 0 0 -200.39323031544444 -148.3552489372987 143.1 -200.39323031544444 -148.3552489372987 10.01107 169.99654 -999.0 -999.0 -999.0 -999.0 -999.0 -999.0 -999.0 -999.0 -999.0 -999.0 -999.0 -999.0 6231.0 -999.0 -1 -999 {-999.0 -999.0 -999.0 -999.0 -999.0} "" -999.0 -999.0 -999.0 -999.0 -999 -999 "" "" "" "" 0 0 0.0 0.0 -999 ""
FIBERMAP 885 R+12C10 APOGEE 0 0 0 1 0 0 45.27862127102705 240.40376233036775 143.1 45.27862127102705 240.40376233036775 9.980862 170.00668 -999.0 -999.0 -999.0 -999.0 -999.0 -999.0 -999.0 -999.0 -999.0 -999.0 -999.0 -999.0 16600.0 -999.0 2 -999 {-999.0 -999.0 -999.0 -999.0 -999.0} "" -999.0 -999.0 -999.0 -999.0 -999 -999 "" "" "" "" 0 0 0.0 0.0 -999 ""
FIBERMAP 885 R+12C10 BOSS 0 0 0 1 0 0 46.02965413757644 240.42275495376305 143.1 46.02965413757644 240.42275495376305 9.980862 170.00668 -999.0 -999.0 -999.0 -999.0 -999.0 -999.0 -999.0 -999.0 -999.0 -999.0 -999.0 -999.0 5400.0 -999.0 1 153 {-999.0 -999.0 -999.0 -999.0 -999.0} "" -999.0 -999.0 -999.0 -999.0 -999 -999 "" "" "" "" 0 0 0.0 0.0 -999 ""
FIBERMAP 885 R+12C10 METROLOGY 1 0 0 1 0 0 45.66917771665526 239.76805198493514 143.1 45.66917771665526 239.76805198493514 9.980862 170.00668 -999.0 -999.0 -999.0 -999.0 -999.0 -999.0 -999.0 -999.0 -999.0 -999.0 -999.0 -999.0 6231.0 -999.0 -1 -999 {-999.0 -999.0 -999.0 -999.0 -999.0} "" -999.0 -999.0 -999.0 -999.0 -999 -999 "" "" "" "" 0 0 0.0 0.0 -999 ""
FIBERMAP 886 R+3C2 APOGEE 0 0 0 1 0 0 -234.53599199467826 65.67097080859115 143.1 -234.53599199467826 65.67097080859115 9.988306 170.00327 -999.0 -999.0 -999.0 -999.0 -999.0 -999.0 -999.0 -999.0 -999.0 -999.0 -999.0 -999.0 16600.0 -999.0 2 -999 {-999.0 -999.0 -999.0 -999.0 -999.0} "" -999.0 -999.0 -999.0 -999.0 -999 -999 "" "" "" "" 0 0 0.0 0.0 -999 ""
FIBERMAP 886 R+3C2 BOSS 0 0 0 1 0 0 -233.8225271561661 65.69369192037566 143.1 -233.8225271561661 65.69369192037566 9.988306 170.00327 -999.0 -999.0 -999.0 -999.0 -999.0 -999.0 -999.0 -999.0 -999.0 -999.0 -999.0 -999.0 5400.0 -999.0 1 73 {-999.0 -999.0 -999.0 -999.0 -999.0} "" -999.0 -999.0 -999.0 -999.0 -999 -999 "" "" "" "" 0 0 0.0 0.0 -999 ""
FIBERMAP 886 R+3C2 METROLOGY 1 0 0 1 0 0 -234.15480831071434 65.02959651881059 143.1 -234.15480831071434 65.02959651881059 9.988306 170.00327 -999.0 -999.0 -999.0 -999.0 -999.0 -999.0 -999.0 -999.0 -999.0 -999.0 -999.0 -999.0 6231.0 -999.0 -1 -999 {-999.0 -999.0 -999.0 -999.0 -999.0} "" -999.0 -999.0 -999.0 -999.0 -999 -999 "" "" "" "" 0 0 0.0 0.0 -999 ""
FIBERMAP 891 R+9C3 APOGEE 0 0 0 1 0 0 -145.12366594709866 182.03094346778713 143.1 -145.12366594709866 182.03094346778713 10.022079 169.99596 -999.0 -999.0 -999.0 -999.0 -999.0 -999.0 -999.0 -999.0 -999.0 -999.0 -999.0 -999.0 16600.0 -999.0 2 99 {-999.0 -999.0 -999.0 -999.0 -999.0} "" -999.0 -999.0 -999.0 -999.0 -999 -999 "" "" "" "" 0 0 0.0 0.0 -999 ""
FIBERMAP 891 R+9C3 BOSS 0 0 0 1 0 0 -144.36692570469023 182.03905605408332 143.1 -144.36692570469023 182.03905605408332 10.022079 169.99596 -999.0 -999.0 -999.0 -999.0 -999.0 -999.0 -999.0 -999.0 -999.0 -999.0 -999.0 -999.0 5400.0 -999.0 1 58 {-999.0 -999.0 -999.0 -999.0 -999.0} "" -999.0 -999.0 -999.0 -999.0 -999 -999 "" "" "" "" 0 0 0.0 0.0 -999 ""
FIBERMAP 891 R+9C3 METROLOGY 1 0 0 1 0 0 -144.73116087877747 181.3877892330982 143.1 -144.73116087877747 181.3877892330982 10.022079 169.99596 -999.0 -999.0 -999.0 -999.0 -999.0 -999.0 -999.0 -999.0 -999.0 -999.0 -999.0 -999.0 6231.0 -999.0 -1 -999 {-999.0 -999.0 -999.0 -999.0 -999.0} "" -999.0 -999.0 -999.0 -999.0 -999 -999 "" "" "" "" 0 0 0.0 0.0 -999 ""
FIBERMAP 894 R+13C9 APOGEE 0 0 0 1 0 0 34.10872721518901 259.7110731997714 143.1 34.10872721518901 259.7110731997714 9.988222 170.03049 -999.0 -999.0 -999.0 -999.0 -999.0 -999.0 -999.0 -999.0 -999.0 -999.0 -999.0 -999.0 16600.0 -999.0 2 56 {-999.0 -999.0 -999.0 -999.0 -999.0} "" -999.0 -999.0 -999.0 -999.0 -999 -999 "" "" "" "" 0 0 0.0 0.0 -999 ""
FIBERMAP 894 R+13C9 BOSS 0 0 0 1 0 0 34.85458657774528 259.72506781875836 143.1 34.85458657774528 259.72506781875836 9.988222 170.03049 -999.0 -999.0 -999.0 -999.0 -999.0 -999.0 -999.0 -999.0 -999.0 -999.0 -999.0 -999.0 5400.0 -999.0 1 165 {-999.0 -999.0 -999.0 -999.0 -999.0} "" -999.0 -999.0 -999.0 -999.0 -999 -999 "" "" "" "" 0 0 0.0 0.0 -999 ""
FIBERMAP 894 R+13C9 METROLOGY 1 0 0 1 0 0 34.50228074621958 259.06273277592277 143.1 34.50228074621958 259.06273277592277 9.988222 170.03049 -999.0 -999.0 -999.0 -999.0 -999.0 -999.0 -999.0 -999.0 -999.0 -999.0 -999.0 -999.0 6231.0 -999.0 -1 -999 {-999.0 -999.0 -999.0 -999.0 -999.0} "" -999.0 -999.0 -999.0 -999.0 -999 -999 "" "" "" "" 0 0 0.0 0.0 -999 ""
FIBERMAP 895 R+11C14 APOGEE 0 0 0 1 0 0 123.82314703529669 220.89568498145118 143.1 123.82314703529669 220.89568498145118 10.004303 170.00523 -999.0 -999.0 -999.0 -999.0 -999.0 -999.0 -999.0 -999.0 -999.0 -999.0 -999.0 -999.0 16600.0 -999.0 2 96 {-999.0 -999.0 -999.0 -999.0 -999.0} "" -999.0 -999.0 -999.0 -999.0 -999 -999 "" "" "" "" 0 0 0.0 0.0 -999 ""
FIBERMAP 895 R+11C14 BOSS 0 0 0 1 0 0 124.57293879055248 220.8964847734758 143.1 124.57293879055248 220.8964847734758 10.004303 170.00523 -999.0 -999.0 -999.0 -999.0 -999.0 -999.0 -999.0 -999.0 -999.0 -999.0 -999.0 -999.0 5400.0 -999.0 1 88 {-999.0 -999.0 -999.0 -999.0 -999.0} "" -999.0 -999.0 -999.0 -999.0 -999 -999 "" "" "" "" 0 0 0.0 0.0 -999 ""
FIBERMAP 895 R+11C14 METROLOGY 1 0 0 1 0 0 124.2044435169979 220.2470809943098 143.1 124.2044435169979 220.2470809943098 10.004303 170.00523 -999.0 -999.0 -999.0 -999.0 -999.0 -999.0 -999.0 -999.0 -999.0 -999.0 -999.0 -999.0 6231.0 -999.0 -1 -999 {-999.0 -999.0 -999.0 -999.0 -999.0} "" -999.0 -999.0 -999.0 -999.0 -999 -999 "" "" "" "" 0 0 0.0 0.0 -999 ""
FIBERMAP 896 R-8C17 APOGEE 0 0 0 1 0 0 157.3535500340988 -147.67959476725312 143.1 157.3535500340988 -147.67959476725312 10.0087805 170.00708 -999.0 -999.0 -999.0 -999.0 -999.0 -999.0 -999.0 -999.0 -999.0 -999.0 -999.0 -999.0 16600.0 -999.0 2 230 {-999.0 -999.0 -999.0 -999.0 -999.0} "" -999.0 -999.0 -999.0 -999.0 -999 -999 "" "" "" "" 0 0 0.0 0.0 -999 ""
FIBERMAP 896 R-8C17 BOSS 0 0 0 1 0 0 158.08592568789032 -147.64626251907998 143.1 158.08592568789032 -147.64626251907998 10.0087805 170.00708 -999.0 -999.0 -999.0 -999.0 -999.0 -999.0 -999.0 -999.0 -999.0 -999.0 -999.0 -999.0 5400.0 -999.0 1 275 {-999.0 -999.0 -999.0 -999.0 -999.0} "" -999.0 -999.0 -999.0 -999.0 -999 -999 "" "" "" "" 0 0 0.0 0.0 -999 ""
FIBERMAP 896 R-8C17 METROLOGY 1 0 0 1 0 0 157.7546997101742 -148.31462419845616 143.1 157.7546997101742 -148.31462419845616 10.0087805 170.00708 -999.0 -999.0 -999.0 -999.0 -999.0 -999.0 -999.0 -999.0 -999.0 -999.0 -999.0 -999.0 6231.0 -999.0 -1 -999 {-999.0 -999.0 -999.0 -999.0 -999.0} "" -999.0 -999.0 -999.0 -999.0 -999 -999 "" "" "" "" 0 0 0.0 0.0 -999 ""
FIBERMAP 897 R-6C3 APOGEE 0 0 0 1 0 0 -178.52912224808955 -108.89893005310786 143.1 -178.52912224808955 -108.89893005310786 9.992699 169.99304 -999.0 -999.0 -999.0 -999.0 -999.0 -999.0 -999.0 -999.0 -999.0 -999.0 -999.0 -999.0 16600.0 -999.0 2 298 {-999.0 -999.0 -999.0 -999.0 -999.0} "" -999.0 -999.0 -999.0 -999.0 -999 -999 "" "" "" "" 0 0 0.0 0.0 -999 ""
FIBERMAP 897 R-6C3 BOSS 0 0 0 1 0 0 -177.78777256123698 -108.89326692008052 143.1 -177.78777256123698 -108.89326692008052 9.992699 169.99304 -999.0 -999.0 -999.0 -999.0 -999.0 -999.0 -999.0 -999.0 -999.0 -999.0 -999.0 -999.0 5400.0 -999.0 1 445 {-999.0 -999.0 -999.0 -999.0 -999.0} "" -999.0 -999.0 -999.0 -999.0 -999 -999 "" "" "" "" 0 0 0.0 0.0 -999 ""
FIBERMAP 897 R-6C3 METROLOGY 1 0 0 1 0 0 -178.1524410426875 -109.54123955840234 143.1 -178.1524410426875 -109.54123955840234 9.992699 169.99304 -999.0 -999.0 -999.0 -999.0 -999.0 -999.0 -999.0 -999.0 -999.0 -999.0 -999.0 -999.0 6231.0 -999.0 -1 -999 {-999.0 -999.0 -999.0 -999.0 -999.0} "" -999.0 -999.0 -999.0 -999.0 -999 -999 "" "" "" "" 0 0 0.0 0.0 -999 ""
FIBERMAP 898 R+4C19 APOGEE 0 0 0 1 0 0 157.7138785557752 85.24629003887394 143.1 157.7138785557752 85.24629003887394 10.00704 169.99608 -999.0 -999.0 -999.0 -999.0 -999.0 -999.0 -999.0 -999.0 -999.0 -999.0 -999.0 -999.0 16600.0 -999.0 2 90 {-999.0 -999.0 -999.0 -999.0 -999.0} "" -999.0 -999.0 -999.0 -999.0 -999 -999 "" "" "" "" 0 0 0.0 0.0 -999 ""
FIBERMAP 898 R+4C19 BOSS 0 0 0 1 0 0 158.44282942036486 85.220961328011 143.1 158.44282942036486 85.220961328011 10.00704 169.99608 -999.0 -999.0 -999.0 -999.0 -999.0 -999.0 -999.0 -999.0 -999.0 -999.0 -999.0 -999.0 5400.0 -999.0 1 208 {-999.0 -999.0 -999.0 -999.0 -999.0} "" -999.0 -999.0 -999.0 -999.0 -999 -999 "" "" "" "" 0 0 0.0 0.0 -999 ""
FIBERMAP 898 R+4C19 METROLOGY 1 0 0 1 0 0 158.06205443456284 84.58281109054087 143.1 158.06205443456284 84.58281109054087 10.00704 169.99608 -999.0 -999.0 -999.0 -999.0 -999.0 -999.0 -999.0 -999.0 -999.0 -999.0 -999.0 -999.0 6231.0 -999.0 -1 -999 {-999.0 -999.0 -999.0 -999.0 -999.0} "" -999.0 -999.0 -999.0 -999.0 -999 -999 "" "" "" "" 0 0 0.0 0.0 -999 ""
FIBERMAP 899 R+4C21 APOGEE 0 0 0 1 0 0 202.40693817465973 85.1516964018725 143.1 202.40693817465973 85.1516964018725 10.009598 169.998 -999.0 -999.0 -999.0 -999.0 -999.0 -999.0 -999.0 -999.0 -999.0 -999.0 -999.0 -999.0 16600.0 -999.0 2 33 {-999.0 -999.0 -999.0 -999.0 -999.0} "" -999.0 -999.0 -999.0 -999.0 -999 -999 "" "" "" "" 0 0 0.0 0.0 -999 ""
FIBERMAP 899 R+4C21 BOSS 0 0 0 1 0 0 203.15151504719032 85.15025398130938 143.1 203.15151504719032 85.15025398130938 10.009598 169.998 -999.0 -999.0 -999.0 -999.0 -999.0 -999.0 -999.0 -999.0 -999.0 -999.0 -999.0 -999.0 5400.0 -999.0 1 193 {-999.0 -999.0 -999.0 -999.0 -999.0} "" -999.0 -999.0 -999.0 -999.0 -999 -999 "" "" "" "" 0 0 0.0 0.0 -999 ""
FIBERMAP 899 R+4C21 METROLOGY 1 0 0 1 0 0 202.77022184433832 84.5034998292904 143.1 202.77022184433832 84.5034998292904 10.009598 169.998 -999.0 -999.0 -999.0 -999.0 -999.0 -999.0 -999.0 -999.0 -999.0 -999.0 -999.0 -999.0 6231.0 -999.0 -1 -999 {-999.0 -999.0 -999.0 -999.0 -999.0} "" -999.0 -999.0 -999.0 -999.0 -999 -999 "" "" "" "" 0 0 0.0 0.0 -999 ""
FIBERMAP 901 R+8C13 APOGEE 0 0 0 1 0 0 67.76594230286167 162.7566959809217 143.1 67.76594230286167 162.7566959809217 10.0082035 170.00844 -999.0 -999.0 -999.0 -999.0 -999.0 -999.0 -999.0 -999.0 -999.0 -999.0 -999.0 -999.0 16600.0 -999.0 2 -999 {-999.0 -999.0 -999.0 -999.0 -999.0} "" -999.0 -999.0 -999.0 -999.0 -999 -999 "" "" "" "" 0 0 0.0 0.0 -999 ""
FIBERMAP 901 R+8C13 BOSS 0 0 0 1 0 0 68.51375542826891 162.7568988544311 143.1 68.51375542826891 162.7568988544311 10.0082035 170.00844 -999.0 -999.0 -999.0 -999.0 -999.0 -999.0 -999.0 -999.0 -999.0 -999.0 -999.0 -999.0 5400.0 -999.0 1 151 {-999.0 -999.0 -999.0 -999.0 -999.0} "" -999.0 -999.0 -999.0 -999.0 -999 -999 "" "" "" "" 0 0 0.0 0.0 -999 ""
FIBERMAP 901 R+8C13 METROLOGY 1 0 0 1 0 0 68.14542117811226 162.11431154481636 143.1 68.14542117811226 162.11431154481636 10.0082035 170.00844 -999.0 -999.0 -999.0 -999.0 -999.0 -999.0 -999.0 -999.0 -999.0 -999.0 -999.0 -999.0 6231.0 -999.0 -1 -999 {-999.0 -999.0 -999.0 -999.0 -999.0} "" -999.0 -999.0 -999.0 -999.0 -999 -999 "" "" "" "" 0 0 0.0 0.0 -999 ""
FIBERMAP 903 R+10C13 APOGEE 0 0 0 1 0 0 90.16500145921458 201.5927617201277 143.1 90.16500145921458 201.5927617201277 10.006698 170.00769 -999.0 -999.0 -999.0 -999.0 -999.0 -999.0 -999.0 -999.0 -999.0 -999.0 -999.0 -999.0 16600.0 -999.0 2 -999 {-999.0 -999.0 -999.0 -999.0 -999.0} "" -999.0 -999.0 -999.0 -999.0 -999 -999 "" "" "" "" 0 0 0.0 0.0 -999 ""
FIBERMAP 903 R+10C13 BOSS 0 0 0 1 0 0 90.89928927865914 201.60819750525212 143.1 90.89928927865914 201.60819750525212 10.006698 170.00769 -999.0 -999.0 -999.0 -999.0 -999.0 -999.0 -999.0 -999.0 -999.0 -999.0 -999.0 -999.0 5400.0 -999.0 1 98 {-999.0 -999.0 -999.0 -999.0 -999.0} "" -999.0 -999.0 -999.0 -999.0 -999 -999 "" "" "" "" 0 0 0.0 0.0 -999 ""
FIBERMAP 903 R+10C13 METROLOGY 1 0 0 1 0 0 90.54764937666711 200.95225992326758 143.1 90.54764937666711 200.95225992326758 10.006698 170.00769 -999.0 -999.0 -999.0 -999.0 -999.0 -999.0 -999.0 -999.0 -999.0 -999.0 -999.0 -999.0 6231.0 -999.0 -1 -999 {-999.0 -999.0 -999.0 -999.0 -999.0} "" -999.0 -999.0 -999.0 -999.0 -999 -999 "" "" "" "" 0 0 0.0 0.0 -999 ""
FIBERMAP 904 R+7C9 APOGEE 0 0 0 1 0 0 -33.02755884420402 143.3230996602849 143.1 -33.02755884420402 143.3230996602849 9.994161 169.99261 -999.0 -999.0 -999.0 -999.0 -999.0 -999.0 -999.0 -999.0 -999.0 -999.0 -999.0 -999.0 16600.0 -999.0 2 23 {-999.0 -999.0 -999.0 -999.0 -999.0} "" -999.0 -999.0 -999.0 -999.0 -999 -999 "" "" "" "" 0 0 0.0 0.0 -999 ""
FIBERMAP 904 R+7C9 BOSS 0 0 0 1 0 0 -32.29239172242324 143.33814343579027 143.1 -32.29239172242324 143.33814343579027 9.994161 169.99261 -999.0 -999.0 -999.0 -999.0 -999.0 -999.0 -999.0 -999.0 -999.0 -999.0 -999.0 -999.0 5400.0 -999.0 1 131 {-999.0 -999.0 -999.0 -999.0 -999.0} "" -999.0 -999.0 -999.0 -999.0 -999 -999 "" "" "" "" 0 0 0.0 0.0 -999 ""
FIBERMAP 904 R+7C9 METROLOGY 1 0 0 1 0 0 -32.639432359767945 142.6773164233247 143.1 -32.639432359767945 142.6773164233247 9.994161 169.99261 -999.0 -999.0 -999.0 -999.0 -999.0 -999.0 -999.0 -999.0 -999.0 -999.0 -999.0 -999.0 6231.0 -999.0 -1 -999 {-999.0 -999.0 -999.0 -999.0 -999.0} "" -999.0 -999.0 -999.0 -999.0 -999 -999 "" "" "" "" 0 0 0.0 0.0 -999 ""
FIBERMAP 905 R-1C5 APOGEE 0 0 0 1 0 0 -189.91490056333382 -11.934837714191044 143.1 -189.91490056333382 -11.934837714191044 10.010204 170.0059 -999.0 -999.0 -999.0 -999.0 -999.0 -999.0 -999.0 -999.0 -999.0 -999.0 -999.0 -999.0 16600.0 -999.0 2 266 {-999.0 -999.0 -999.0 -999.0 -999.0} "" -999.0 -999.0 -999.0 -999.0 -999 -999 "" "" "" "" 0 0 0.0 0.0 -999 ""
FIBERMAP 905 R-1C5 BOSS 0 0 0 1 0 0 -189.1751230667753 -11.918271136006162 143.1 -189.1751230667753 -11.918271136006162 10.010204 170.0059 -999.0 -999.0 -999.0 -999.0 -999.0 -999.0 -999.0 -999.0 -999.0 -999.0 -999.0 -999.0 5400.0 -999.0 1 485 {-999.0 -999.0 -999.0 -999.0 -999.0} "" -999.0 -999.0 -999.0 -999.0 -999 -999 "" "" "" "" 0 0 0.0 0.0 -999 ""
FIBERMAP 905 R-1C5 METROLOGY 1 0 0 1 0 0 -189.52106126355963 -12.573218897621427 143.1 -189.52106126355963 -12.573218897621427 10.010204 170.0059 -999.0 -999.0 -999.0 -999.0 -999.0 -999.0 -999.0 -999.0 -999.0 -999.0 -999.0 -999.0 6231.0 -999.0 -1 -999 {-999.0 -999.0 -999.0 -999.0 -999.0} "" -999.0 -999.0 -999.0 -999.0 -999 -999 "" "" "" "" 0 0 0.0 0.0 -999 ""
FIBERMAP 906 R+11C11 APOGEE 0 0 0 1 0 0 56.38179022949905 221.0144290919851 143.1 56.38179022949905 221.0144290919851 10.009017 170.02591 -999.0 -999.0 -999.0 -999.0 -999.0 -999.0 -999.0 -999.0 -999.0 -999.0 -999.0 -999.0 16600.0 -999.0 2 1 {-999.0 -999.0 -999.0 -999.0 -999.0} "" -999.0 -999.0 -999.0 -999.0 -999 -999 "" "" "" "" 0 0 0.0 0.0 -999 ""
FIBERMAP 906 R+11C11 BOSS 0 0 0 1 0 0 57.122901806753674 221.02606052277116 143.1 57.122901806753674 221.02606052277116 10.009017 170.02591 -999.0 -999.0 -999.0 -999.0 -999.0 -999.0 -999.0 -999.0 -999.0 -999.0 -999.0 -999.0 5400.0 -999.0 1 108 {-999.0 -999.0 -999.0 -999.0 -999.0} "" -999.0 -999.0 -999.0 -999.0 -999 -999 "" "" "" "" 0 0 0.0 0.0 -999 ""
FIBERMAP 906 R+11C11 METROLOGY 1 0 0 1 0 0 56.77065275526994 220.37342159704374 143.1 56.77065275526994 220.37342159704374 10.009017 170.02591 -999.0 -999.0 -999.0 -999.0 -999.0 -999.0 -999.0 -999.0 -999.0 -999.0 -999.0 -999.0 6231.0 -999.0 -1 -999 {-999.0 -999.0 -999.0 -999.0 -999.0} "" -999.0 -999.0 -999.0 -999.0 -999 -999 "" "" "" "" 0 0 0.0 0.0 -999 ""
FIBERMAP 907 R-6C6 APOGEE 0 0 0 1 0 0 -111.03474743963123 -108.80901753700465 143.1 -111.03474743963123 -108.80901753700465 10.00395 169.98936 -999.0 -999.0 -999.0 -999.0 -999.0 -999.0 -999.0 -999.0 -999.0 -999.0 -999.0 -999.0 16600.0 -999.0 2 -999 {-999.0 -999.0 -999.0 -999.0 -999.0} "" -999.0 -999.0 -999.0 -999.0 -999 -999 "" "" "" "" 0 0 0.0 0.0 -999 ""
FIBERMAP 907 R-6C6 BOSS 0 0 0 1 0 0 -110.27715260347192 -108.8123615983363 143.1 -110.27715260347192 -108.8123615983363 10.00395 169.98936 -999.0 -999.0 -999.0 -999.0 -999.0 -999.0 -999.0 -999.0 -999.0 -999.0 -999.0 -999.0 5400.0 -999.0 1 465 {-999.0 -999.0 -999.0 -999.0 -999.0} "" -999.0 -999.0 -999.0 -999.0 -999 -999 "" "" "" "" 0 0 0.0 0.0 -999 ""
FIBERMAP 907 R-6C6 METROLOGY 1 0 0 1 0 0 -110.65207354361321 -109.44950381306231 143.1 -110.65207354361321 -109.44950381306231 10.00395 169.98936 -999.0 -999.0 -999.0 -999.0 -999.0 -999.0 -999.0 -999.0 -999.0 -999.0 -999.0 -999.0 6231.0 -999.0 -1 -999 {-999.0 -999.0 -999.0 -999.0 -999.0} "" -999.0 -999.0 -999.0 -999.0 -999 -999 "" "" "" "" 0 0 0.0 0.0 -999 ""
FIBERMAP 908 R+6C18 APOGEE 0 0 0 1 0 0 157.46741678711103 124.05250380712718 143.1 157.46741678711103 124.05250380712718 10.00429 170.01437 -999.0 -999.0 -999.0 -999.0 -999.0 -999.0 -999.0 -999.0 -999.0 -999.0 -999.0 -999.0 16600.0 -999.0 2 -999 {-999.0 -999.0 -999.0 -999.0 -999.0} "" -999.0 -999.0 -999.0 -999.0 -999 -999 "" "" "" "" 0 0 0.0 0.0 -999 ""
FIBERMAP 908 R+6C18 BOSS 0 0 0 1 0 0 158.21524939414525 124.07010670300409 143.1 158.21524939414525 124.07010670300409 10.00429 170.01437 -999.0 -999.0 -999.0 -999.0 -999.0 -999.0 -999.0 -999.0 -999.0 -999.0 -999.0 -999.0 5400.0 -999.0 1 203 {-999.0 -999.0 -999.0 -999.0 -999.0} "" -999.0 -999.0 -999.0 -999.0 -999 -999 "" "" "" "" 0 0 0.0 0.0 -999 ""
FIBERMAP 908 R+6C18 METROLOGY 1 0 0 1 0 0 157.85447334068155 123.41465648617184 143.1 157.85447334068155 123.41465648617184 10.00429 170.01437 -999.0 -999.0 -999.0 -999.0 -999.0 -999.0 -999.0 -999.0 -999.0 -999.0 -999.0 -999.0 6231.0 -999.0 -1 -999 {-999.0 -999.0 -999.0 -999.0 -999.0} "" -999.0 -999.0 -999.0 -999.0 -999 -999 "" "" "" "" 0 0 0.0 0.0 -999 ""
FIBERMAP 910 R+11C8 APOGEE 0 0 0 1 0 0 -11.042036819572399 220.92076120731662 143.1 -11.042036819572399 220.92076120731662 9.988588 170.01077 -999.0 -999.0 -999.0 -999.0 -999.0 -999.0 -999.0 -999.0 -999.0 -999.0 -999.0 -999.0 16600.0 -999.0 2 15 {-999.0 -999.0 -999.0 -999.0 -999.0} "" -999.0 -999.0 -999.0 -999.0 -999 -999 "" "" "" "" 0 0 0.0 0.0 -999 ""
FIBERMAP 910 R+11C8 BOSS 0 0 0 1 0 0 -10.292628359232605 220.93723706381695 143.1 -10.292628359232605 220.93723706381695 9.988588 170.01077 -999.0 -999.0 -999.0 -999.0 -999.0 -999.0 -999.0 -999.0 -999.0 -999.0 -999.0 -999.0 5400.0 -999.0 1 111 {-999.0 -999.0 -999.0 -999.0 -999.0} "" -999.0 -999.0 -999.0 -999.0 -999 -999 "" "" "" "" 0 0 0.0 0.0 -999 ""
FIBERMAP 910 R+11C8 METROLOGY 1 0 0 1 0 0 -10.645403182106527 220.2831322342415 143.1 -10.645403182106527 220.2831322342415 9.988588 170.01077 -999.0 -999.0 -999.0 -999.0 -999.0 -999.0 -999.0 -999.0 -999.0 -999.0 -999.0 -999.0 6231.0 -999.0 -1 -999 {-999.0 -999.0 -999.0 -999.0 -999.0} "" -999.0 -999.0 -999.0 -999.0 -999 -999 "" "" "" "" 0 0 0.0 0.0 -999 ""
FIBERMAP 912 R+3C20 APOGEE 0 0 0 1 0 0 168.8261228577841 65.84008950115458 143.1 168.8261228577841 65.84008950115458 10.009742 169.99986 -999.0 -999.0 -999.0 -999.0 -999.0 -999.0 -999.0 -999.0 -999.0 -999.0 -999.0 -999.0 16600.0 -999.0 2 62 {-999.0 -999.0 -999.0 -999.0 -999.0} "" -999.0 -999.0 -999.0 -999.0 -999 -999 "" "" "" "" 0 0 0.0 0.0 -999 ""
FIBERMAP 912 R+3C20 BOSS 0 0 0 1 0 0 169.57182610431687 65.84783575182028 143.1 169.57182610431687 65.84783575182028 10.009742 169.99986 -999.0 -999.0 -999.0 -999.0 -999.0 -999.0 -999.0 -999.0 -999.0 -999.0 -999.0 -999.0 5400.0 -999.0 1 216 {-999.0 -999.0 -999.0 -999.0 -999.0} "" -999.0 -999.0 -999.0 -999.0 -999 -999 "" "" "" "" 0 0 0.0 0.0 -999 ""
FIBERMAP 912 R+3C20 METROLOGY 1 0 0 1 0 0 169.20123283752588 65.19638702353218 143.1 169.20123283752588 65.19638702353218 10.009742 169.99986 -999.0 -999.0 -999.0 -999.0 -999.0 -999.0 -999.0 -999.0 -999.0 -999.0 -999.0 -999.0 6231.0 -999.0 -1 -999 {-999.0 -999.0 -999.0 -999.0 -999.0} "" -999.0 -999.0 -999.0 -999.0 -999 -999 "" "" "" "" 0 0 0.0 0.0 -999 ""
FIBERMAP 914 R+3C11 APOGEE 0 0 0 1 0 0 -33.25570707154136 65.7860694926571 143.1 -33.25570707154136 65.7860694926571 10.009194 170.01881 -999.0 -999.0 -999.0 -999.0 -999.0 -999.0 -999.0 -999.0 -999.0 -999.0 -999.0 -999.0 16600.0 -999.0 2 124 {-999.0 -999.0 -999.0 -999.0 -999.0} "" -999.0 -999.0 -999.0 -999.0 -999 -999 "" "" "" "" 0 0 0.0 0.0 -999 ""
FIBERMAP 914 R+3C11 BOSS 0 0 0 1 0 0 -32.51385908305834 65.80964562825667 143.1 -32.51385908305834 65.80964562825667 10.009194 170.01881 -999.0 -999.0 -999.0 -999.0 -999.0 -999.0 -999.0 -999.0 -999.0 -999.0 -999.0 -999.0 5400.0 -999.0 1 14 {-999.0 -999.0 -999.0 -999.0 -999.0} "" -999.0 -999.0 -999.0 -999.0 -999 -999 "" "" "" "" 0 0 0.0 0.0 -999 ""
FIBERMAP 914 R+3C11 METROLOGY 1 0 0 1 0 0 -32.86265029728685 65.15527737480161 143.1 -32.86265029728685 65.15527737480161 10.009194 170.01881 -999.0 -999.0 -999.0 -999.0 -999.0 -999.0 -999.0 -999.0 -999.0 -999.0 -999.0 -999.0 6231.0 -999.0 -1 -999 {-999.0 -999.0 -999.0 -999.0 -999.0} "" -999.0 -999.0 -999.0 -999.0 -999 -999 "" "" "" "" 0 0 0.0 0.0 -999 ""
FIBERMAP 916 R-13C3 APOGEE 0 0 0 1 0 0 -100.00877367937248 -244.55036843869328 143.1 -100.00877367937248 -244.55036843869328 10.012699 169.99925 -999.0 -999.0 -999.0 -999.0 -999.0 -999.0 -999.0 -999.0 -999.0 -999.0 -999.0 -999.0 16600.0 -999.0 2 198 {-999.0 -999.0 -999.0 -999.0 -999.0} "" -999.0 -999.0 -999.0 -999.0 -999 -999 "" "" "" "" 0 0 0.0 0.0 -999 ""
FIBERMAP 916 R-13C3 BOSS 0 0 0 1 0 0 -99.26623766576299 -244.57433597391127 143.1 -99.26623766576299 -244.57433597391127 10.012699 169.99925 -999.0 -999.0 -999.0 -999.0 -999.0 -999.0 -999.0 -999.0 -999.0 -999.0 -999.0 -999.0 5400.0 -999.0 1 342 {-999.0 -999.0 -999.0 -999.0 -999.0} "" -999.0 -999.0 -999.0 -999.0 -999 -999 "" "" "" "" 0 0 0.0 0.0 -999 ""
FIBERMAP 916 R-13C3 METROLOGY 1 0 0 1 0 0 -99.66069509046812 -245.21483752143135 143.1 -99.66069509046812 -245.21483752143135 10.012699 169.99925 -999.0 -999.0 -999.0 -999.0 -999.0 -999.0 -999.0 -999.0 -999.0 -999.0 -999.0 -999.0 6231.0 -999.0 -1 -999 {-999.0 -999.0 -999.0 -999.0 -999.0} "" -999.0 -999.0 -999.0 -999.0 -999 -999 "" "" "" "" 0 0 0.0 0.0 -999 ""
FIBERMAP 918 R-4C10 APOGEE 0 0 0 1 0 0 -44.13035139922673 -70.03927591892815 143.1 -44.13035139922673 -70.03927591892815 9.989333 170.00342 -999.0 -999.0 -999.0 -999.0 -999.0 -999.0 -999.0 -999.0 -999.0 -999.0 -999.0 -999.0 16600.0 -999.0 2 -999 {-999.0 -999.0 -999.0 -999.0 -999.0} "" -999.0 -999.0 -999.0 -999.0 -999 -999 "" "" "" "" 0 0 0.0 0.0 -999 ""
FIBERMAP 918 R-4C10 BOSS 0 0 0 1 0 0 -43.40804932060177 -70.02393555405632 143.1 -43.40804932060177 -70.02393555405632 9.989333 170.00342 -999.0 -999.0 -999.0 -999.0 -999.0 -999.0 -999.0 -999.0 -999.0 -999.0 -999.0 -999.0 5400.0 -999.0 1 408 {-999.0 -999.0 -999.0 -999.0 -999.0} "" -999.0 -999.0 -999.0 -999.0 -999 -999 "" "" "" "" 0 0 0.0 0.0 -999 ""
FIBERMAP 918 R-4C10 METROLOGY 1 0 0 1 0 0 -43.74720626512737 -70.67948040714093 143.1 -43.74720626512737 -70.67948040714093 9.989333 170.00342 -999.0 -999.0 -999.0 -999.0 -999.0 -999.0 -999.0 -999.0 -999.0 -999.0 -999.0 -999.0 6231.0 -999.0 -1 -999 {-999.0 -999.0 -999.0 -999.0 -999.0} "" -999.0 -999.0 -999.0 -999.0 -999 -999 "" "" "" "" 0 0 0.0 0.0 -999 ""
FIBERMAP 919 R-12C2 APOGEE 0 0 0 1 0 0 -133.6245684403985 -225.1519795410172 143.1 -133.6245684403985 -225.1519795410172 10.003247 170.0059 -999.0 -999.0 -999.0 -999.0 -999.0 -999.0 -999.0 -999.0 -999.0 -999.0 -999.0 -999.0 16600.0 -999.0 2 204 {-999.0 -999.0 -999.0 -999.0 -999.0} "" -999.0 -999.0 -999.0 -999.0 -999 -999 "" "" "" "" 0 0 0.0 0.0 -999 ""
FIBERMAP 919 R-12C2 BOSS 0 0 0 1 0 0 -132.88110943529693 -225.14440024475206 143.1 -132.88110943529693 -225.14440024475206 10.003247 170.0059 -999.0 -999.0 -999.0 -999.0 -999.0 -999.0 -999.0 -999.0 -999.0 -999.0 -999.0 -999.0 5400.0 -999.0 1 339 {-999.0 -999.0 -999.0 -999.0 -999.0} "" -999.0 -999.0 -999.0 -999.0 -999 -999 "" "" "" "" 0 0 0.0 0.0 -999 ""
FIBERMAP 919 R-12C2 METROLOGY 1 0 0 1 0 0 -133.239906652988 -225.8026136821966 143.1 -133.239906652988 -225.8026136821966 10.003247 170.0059 -999.0 -999.0 -999.0 -999.0 -999.0 -999.0 -999.0 -999.0 -999.0 -999.0 -999.0 -999.0 6231.0 -999.0 -1 -999 {-999.0 -999.0 -999.0 -999.0 -999.0} "" -999.0 -999.0 -999.0 -999.0 -999 -999 "" "" "" "" 0 0 0.0 0.0 -999 ""
FIBERMAP 920 R+5C2 APOGEE 0 0 0 1 0 0 -212.29681843403722 104.50517839630928 143.1 -212.29681843403722 104.50517839630928 10.0080185 170.00403 -999.0 -999.0 -999.0 -999.0 -999.0 -999.0 -999.0 -999.0 -999.0 -999.0 -999.0 -999.0 16600.0 -999.0 2 -999 {-999.0 -999.0 -999.0 -999.0 -999.0} "" -999.0 -999.0 -999.0 -999.0 -999 -999 "" "" "" "" 0 0 0.0 0.0 -999 ""
FIBERMAP 920 R+5C2 BOSS 0 0 0 1 0 0 -211.599198998164 104.54409140444048 143.1 -211.599198998164 104.54409140444048 10.0080185 170.00403 -999.0 -999.0 -999.0 -999.0 -999.0 -999.0 -999.0 -999.0 -999.0 -999.0 -999.0 -999.0 5400.0 -999.0 1 71 {-999.0 -999.0 -999.0 -999.0 -999.0} "" -999.0 -999.0 -999.0 -999.0 -999 -999 "" "" "" "" 0 0 0.0 0.0 -999 ""
FIBERMAP 920 R+5C2 METROLOGY 1 0 0 1 0 0 -211.91487560330313 103.86425589353485 143.1 -211.91487560330313 103.86425589353485 10.0080185 170.00403 -999.0 -999.0 -999.0 -999.0 -999.0 -999.0 -999.0 -999.0 -999.0 -999.0 -999.0 -999.0 6231.0 -999.0 -1 -999 {-999.0 -999.0 -999.0 -999.0 -999.0} "" -999.0 -999.0 -999.0 -999.0 -999 -999 "" "" "" "" 0 0 0.0 0.0 -999 ""
FIBERMAP 921 R+2C21 APOGEE 0 0 0 1 0 0 179.94046201768012 46.44911093519849 143.1 179.94046201768012 46.44911093519849 10.015185 169.99858 -999.0 -999.0 -999.0 -999.0 -999.0 -999.0 -999.0 -999.0 -999.0 -999.0 -999.0 -999.0 16600.0 -999.0 2 80 {-999.0 -999.0 -999.0 -999.0 -999.0} "" -999.0 -999.0 -999.0 -999.0 -999 -999 "" "" "" "" 0 0 0.0 0.0 -999 ""
FIBERMAP 921 R+2C21 BOSS 0 0 0 1 0 0 180.6822594005221 46.49101119777996 143.1 180.6822594005221 46.49101119777996 10.015185 169.99858 -999.0 -999.0 -999.0 -999.0 -999.0 -999.0 -999.0 -999.0 -999.0 -999.0 -999.0 -999.0 5400.0 -999.0 1 223 {-999.0 -999.0 -999.0 -999.0 -999.0} "" -999.0 -999.0 -999.0 -999.0 -999 -999 "" "" "" "" 0 0 0.0 0.0 -999 ""
FIBERMAP 921 R+2C21 METROLOGY 1 0 0 1 0 0 180.36014143522465 45.81978035504223 143.1 180.36014143522465 45.81978035504223 10.015185 169.99858 -999.0 -999.0 -999.0 -999.0 -999.0 -999.0 -999.0 -999.0 -999.0 -999.0 -999.0 -999.0 6231.0 -999.0 -1 -999 {-999.0 -999.0 -999.0 -999.0 -999.0} "" -999.0 -999.0 -999.0 -999.0 -999 -999 "" "" "" "" 0 0 0.0 0.0 -999 ""
FIBERMAP 925 R-13C12 APOGEE 0 0 0 1 0 0 101.52010266435283 -244.56404233853078 143.1 101.52010266435283 -244.56404233853078 10.006458 170.01099 -999.0 -999.0 -999.0 -999.0 -999.0 -999.0 -999.0 -999.0 -999.0 -999.0 -999.0 -999.0 16600.0 -999.0 2 182 {-999.0 -999.0 -999.0 -999.0 -999.0} "" -999.0 -999.0 -999.0 -999.0 -999 -999 "" "" "" "" 0 0 0.0 0.0 -999 ""
FIBERMAP 925 R-13C12 BOSS 0 0 0 1 0 0 102.26340832022423 -244.5443822550488 143.1 102.26340832022423 -244.5443822550488 10.006458 170.01099 -999.0 -999.0 -999.0 -999.0 -999.0 -999.0 -999.0 -999.0 -999.0 -999.0 -999.0 -999.0 5400.0 -999.0 1 337 {-999.0 -999.0 -999.0 -999.0 -999.0} "" -999.0 -999.0 -999.0 -999.0 -999 -999 "" "" "" "" 0 0 0.0 0.0 -999 ""
FIBERMAP 925 R-13C12 METROLOGY 1 0 0 1 0 0 101.91907563182068 -245.19666812712487 143.1 101.91907563182068 -245.19666812712487 10.006458 170.01099 -999.0 -999.0 -999.0 -999.0 -999.0 -999.0 -999.0 -999.0 -999.0 -999.0 -999.0 -999.0 6231.0 -999.0 -1 -999 {-999.0 -999.0 -999.0 -999.0 -999.0} "" -999.0 -999.0 -999.0 -999.0 -999 -999 "" "" "" "" 0 0 0.0 0.0 -999 ""
FIBERMAP 932 R0C19 APOGEE 0 0 0 1 0 0 112.26658118161379 7.549341378108139 143.1 112.26658118161379 7.549341378108139 10.001973 169.9987 -999.0 -999.0 -999.0 -999.0 -999.0 -999.0 -999.0 -999.0 -999.0 -999.0 -999.0 -999.0 16600.0 -999.0 2 64 {-999.0 -999.0 -999.0 -999.0 -999.0} "" -999.0 -999.0 -999.0 -999.0 -999 -999 "" "" "" "" 0 0 0.0 0.0 -999 ""
FIBERMAP 932 R0C19 BOSS 0 0 0 1 0 0 113.01338149183991 7.610922820334826 143.1 113.01338149183991 7.610922820334826 10.001973 169.9987 -999.0 -999.0 -999.0 -999.0 -999.0 -999.0 -999.0 -999.0 -999.0 -999.0 -999.0 -999.0 5400.0 -999.0 1 242 {-999.0 -999.0 -999.0 -999.0 -999.0} "" -999.0 -999.0 -999.0 -999.0 -999 -999 "" "" "" "" 0 0 0.0 0.0 -999 ""
FIBERMAP 932 R0C19 METROLOGY 1 0 0 1 0 0 112.72390555910926 6.922242858386399 143.1 112.72390555910926 6.922242858386399 10.001973 169.9987 -999.0 -999.0 -999.0 -999.0 -999.0 -999.0 -999.0 -999.0 -999.0 -999.0 -999.0 -999.0 6231.0 -999.0 -1 -999 {-999.0 -999.0 -999.0 -999.0 -999.0} "" -999.0 -999.0 -999.0 -999.0 -999 -999 "" "" "" "" 0 0 0.0 0.0 -999 ""
FIBERMAP 934 R+3C10 APOGEE 0 0 0 1 0 0 -55.63801745188417 65.68651538277433 143.1 -55.63801745188417 65.68651538277433 10.001629 169.99548 -999.0 -999.0 -999.0 -999.0 -999.0 -999.0 -999.0 -999.0 -999.0 -999.0 -999.0 -999.0 16600.0 -999.0 2 -999 {-999.0 -999.0 -999.0 -999.0 -999.0} "" -999.0 -999.0 -999.0 -999.0 -999 -999 "" "" "" "" 0 0 0.0 0.0 -999 ""
FIBERMAP 934 R+3C10 BOSS 0 0 0 1 0 0 -54.81227033527943 65.65443547190954 143.1 -54.81227033527943 65.65443547190954 10.001629 169.99548 -999.0 -999.0 -999.0 -999.0 -999.0 -999.0 -999.0 -999.0 -999.0 -999.0 -999.0 -999.0 5400.0 -999.0 1 24 {-999.0 -999.0 -999.0 -999.0 -999.0} "" -999.0 -999.0 -999.0 -999.0 -999 -999 "" "" "" "" 0 0 0.0 0.0 -999 ""
FIBERMAP 934 R+3C10 METROLOGY 1 0 0 1 0 0 -55.250699770348 65.04882659184159 143.1 -55.250699770348 65.04882659184159 10.001629 169.99548 -999.0 -999.0 -999.0 -999.0 -999.0 -999.0 -999.0 -999.0 -999.0 -999.0 -999.0 -999.0 6231.0 -999.0 -1 -999 {-999.0 -999.0 -999.0 -999.0 -999.0} "" -999.0 -999.0 -999.0 -999.0 -999 -999 "" "" "" "" 0 0 0.0 0.0 -999 ""
FIBERMAP 936 R+2C20 APOGEE 0 0 0 1 0 0 157.16647481125338 46.34412927391648 143.1 157.16647481125338 46.34412927391648 10.004081 169.9949 -999.0 -999.0 -999.0 -999.0 -999.0 -999.0 -999.0 -999.0 -999.0 -999.0 -999.0 -999.0 16600.0 -999.0 2 -999 {-999.0 -999.0 -999.0 -999.0 -999.0} "" -999.0 -999.0 -999.0 -999.0 -999 -999 "" "" "" "" 0 0 0.0 0.0 -999 ""
FIBERMAP 936 R+2C20 BOSS 0 0 0 1 0 0 157.9119681128256 46.37006584821927 143.1 157.9119681128256 46.37006584821927 10.004081 169.9949 -999.0 -999.0 -999.0 -999.0 -999.0 -999.0 -999.0 -999.0 -999.0 -999.0 -999.0 -999.0 5400.0 -999.0 1 222 {-999.0 -999.0 -999.0 -999.0 -999.0} "" -999.0 -999.0 -999.0 -999.0 -999 -999 "" "" "" "" 0 0 0.0 0.0 -999 ""
FIBERMAP 936 R+2C20 METROLOGY 1 0 0 1 0 0 157.5615504769244 45.711217590577945 143.1 157.5615504769244 45.711217590577945 10.004081 169.9949 -999.0 -999.0 -999.0 -999.0 -999.0 -999.0 -999.0 -999.0 -999.0 -999.0 -999.0 -999.0 6231.0 -999.0 -1 -999 {-999.0 -999.0 -999.0 -999.0 -999.0} "" -999.0 -999.0 -999.0 -999.0 -999 -999 "" "" "" "" 0 0 0.0 0.0 -999 ""
FIBERMAP 938 R+12C15 APOGEE 0 0 0 1 0 0 157.33409061522846 240.2599426766243 143.1 157.33409061522846 240.2599426766243 9.984726 170.01456 -999.0 -999.0 -999.0 -999.0 -999.0 -999.0 -999.0 -999.0 -999.0 -999.0 -999.0 -999.0 16600.0 -999.0 2 44 {-999.0 -999.0 -999.0 -999.0 -999.0} "" -999.0 -999.0 -999.0 -999.0 -999 -999 "" "" "" "" 0 0 0.0 0.0 -999 ""
FIBERMAP 938 R+12C15 BOSS 0 0 0 1 0 0 158.07618618494405 240.26350985551628 143.1 158.07618618494405 240.26350985551628 9.984726 170.01456 -999.0 -999.0 -999.0 -999.0 -999.0 -999.0 -999.0 -999.0 -999.0 -999.0 -999.0 -999.0 5400.0 -999.0 1 179 {-999.0 -999.0 -999.0 -999.0 -999.0} "" -999.0 -999.0 -999.0 -999.0 -999 -999 "" "" "" "" 0 0 0.0 0.0 -999 ""
FIBERMAP 938 R+12C15 METROLOGY 1 0 0 1 0 0 157.71212928254627 239.61464920453844 143.1 157.71212928254627 239.61464920453844 9.984726 170.01456 -999.0 -999.0 -999.0 -999.0 -999.0 -999.0 -999.0 -999.0 -999.0 -999.0 -999.0 -999.0 6231.0 -999.0 -1 -999 {-999.0 -999.0 -999.0 -999.0 -999.0} "" -999.0 -999.0 -999.0 -999.0 -999 -999 "" "" "" "" 0 0 0.0 0.0 -999 ""
FIBERMAP 940 R+12C5 APOGEE 0 0 0 1 0 0 -66.58516295435142 240.28850412762839 143.1 -66.58516295435142 240.28850412762839 9.989404 170.01065 -999.0 -999.0 -999.0 -999.0 -999.0 -999.0 -999.0 -999.0 -999.0 -999.0 -999.0 -999.0 16600.0 -999.0 2 -999 {-999.0 -999.0 -999.0 -999.0 -999.0} "" -999.0 -999.0 -999.0 -999.0 -999 -999 "" "" "" "" 0 0 0.0 0.0 -999 ""
FIBERMAP 940 R+12C5 BOSS 0 0 0 1 0 0 -65.84990049199172 240.2831938246872 143.1 -65.84990049199172 240.2831938246872 9.989404 170.01065 -999.0 -999.0 -999.0 -999.0 -999.0 -999.0 -999.0 -999.0 -999.0 -999.0 -999.0 -999.0 5400.0 -999.0 1 157 {-999.0 -999.0 -999.0 -999.0 -999.0} "" -999.0 -999.0 -999.0 -999.0 -999 -999 "" "" "" "" 0 0 0.0 0.0 -999 ""
FIBERMAP 940 R+12C5 METROLOGY 1 0 0 1 0 0 -66.2111556266416 239.64291873487917 143.1 -66.2111556266416 239.64291873487917 9.989404 170.01065 -999.0 -999.0 -999.0 -999.0 -999.0 -999.0 -999.0 -999.0 -999.0 -999.0 -999.0 -999.0 6231.0 -999.0 -1 -999 {-999.0 -999.0 -999.0 -999.0 -999.0} "" -999.0 -999.0 -999.0 -999.0 -999 -999 "" "" "" "" 0 0 0.0 0.0 -999 ""
FIBERMAP 941 R-13C14 APOGEE 0 0 0 1 0 0 146.5138936674516 -244.57142031242728 143.1 146.5138936674516 -244.57142031242728 10.005887 169.98688 -999.0 -999.0 -999.0 -999.0 -999.0 -999.0 -999.0 -999.0 -999.0 -999.0 -999.0 -999.0 16600.0 -999.0 2 -999 {-999.0 -999.0 -999.0 -999.0 -999.0} "" -999.0 -999.0 -999.0 -999.0 -999 -999 "" "" "" "" 0 0 0.0 0.0 -999 ""
FIBERMAP 941 R-13C14 BOSS 0 0 0 1 0 0 147.25441918615104 -244.56839297153357 143.1 147.25441918615104 -244.56839297153357 10.005887 169.98688 -999.0 -999.0 -999.0 -999.0 -999.0 -999.0 -999.0 -999.0 -999.0 -999.0 -999.0 -999.0 5400.0 -999.0 1 257 {-999.0 -999.0 -999.0 -999.0 -999.0} "" -999.0 -999.0 -999.0 -999.0 -999 -999 "" "" "" "" 0 0 0.0 0.0 -999 ""
FIBERMAP 941 R-13C14 METROLOGY 1 0 0 1 0 0 146.88611668923988 -245.21803611996882 143.1 146.88611668923988 -245.21803611996882 10.005887 169.98688 -999.0 -999.0 -999.0 -999.0 -999.0 -999.0 -999.0 -999.0 -999.0 -999.0 -999.0 -999.0 6231.0 -999.0 -1 -999 {-999.0 -999.0 -999.0 -999.0 -999.0} "" -999.0 -999.0 -999.0 -999.0 -999 -999 "" "" "" "" 0 0 0.0 0.0 -999 ""
FIBERMAP 942 R+1C24 APOGEE 0 0 0 1 0 0 235.90357014022942 27.00630859043375 143.1 235.90357014022942 27.00630859043375 9.997244 170.00055 -999.0 -999.0 -999.0 -999.0 -999.0 -999.0 -999.0 -999.0 -999.0 -999.0 -999.0 -999.0 16600.0 -999.0 2 59 {-999.0 -999.0 -999.0 -999.0 -999.0} "" -999.0 -999.0 -999.0 -999.0 -999 -999 "" "" "" "" 0 0 0.0 0.0 -999 ""
FIBERMAP 942 R+1C24 BOSS 0 0 0 1 0 0 236.64193658521194 27.02529745808753 143.1 236.64193658521194 27.02529745808753 9.997244 170.00055 -999.0 -999.0 -999.0 -999.0 -999.0 -999.0 -999.0 -999.0 -999.0 -999.0 -999.0 -999.0 5400.0 -999.0 1 183 {-999.0 -999.0 -999.0 -999.0 -999.0} "" -999.0 -999.0 -999.0 -999.0 -999 -999 "" "" "" "" 0 0 0.0 0.0 -999 ""
FIBERMAP 942 R+1C24 METROLOGY 1 0 0 1 0 0 236.2848770727584 26.364091330306657 143.1 236.2848770727584 26.364091330306657 9.997244 170.00055 -999.0 -999.0 -999.0 -999.0 -999.0 -999.0 -999.0 -999.0 -999.0 -999.0 -999.0 -999.0 6231.0 -999.0 -1 -999 {-999.0 -999.0 -999.0 -999.0 -999.0} "" -999.0 -999.0 -999.0 -999.0 -999 -999 "" "" "" "" 0 0 0.0 0.0 -999 ""
FIBERMAP 943 R-4C19 APOGEE 0 0 0 1 0 0 157.73847292325965 -70.15123808365324 143.1 157.73847292325965 -70.15123808365324 10.006846 169.99597 -999.0 -999.0 -999.0 -999.0 -999.0 -999.0 -999.0 -999.0 -999.0 -999.0 -999.0 -999.0 16600.0 -999.0 2 223 {-999.0 -999.0 -999.0 -999.0 -999.0} "" -999.0 -999.0 -999.0 -999.0 -999 -999 "" "" "" "" 0 0 0.0 0.0 -999 ""
FIBERMAP 943 R-4C19 BOSS 0 0 0 1 0 0 158.48595174171533 -70.14718763588333 143.1 158.48595174171533 -70.14718763588333 10.006846 169.99597 -999.0 -999.0 -999.0 -999.0 -999.0 -999.0 -999.0 -999.0 -999.0 -999.0 -999.0 -999.0 5400.0 -999.0 1 291 {-999.0 -999.0 -999.0 -999.0 -999.0} "" -999.0 -999.0 -999.0 -999.0 -999 -999 "" "" "" "" 0 0 0.0 0.0 -999 ""
FIBERMAP 943 R-4C19 METROLOGY 1 0 0 1 0 0 158.1162332506635 -70.7928757349447 143.1 158.1162332506635 -70.7928757349447 10.006846 169.99597 -999.0 -999.0 -999.0 -999.0 -999.0 -999.0 -999.0 -999.0 -999.0 -999.0 -999.0 -999.0 6231.0 -999.0 -1 -999 {-999.0 -999.0 -999.0 -999.0 -999.0} "" -999.0 -999.0 -999.0 -999.0 -999 -999 "" "" "" "" 0 0 0.0 0.0 -999 ""
FIBERMAP 944 R-1C11 APOGEE 0 0 0 1 0 0 -55.09882343971959 -11.836583326387803 143.1 -55.09882343971959 -11.836583326387803 9.998727 170.02246 -999.0 -999.0 -999.0 -999.0 -999.0 -999.0 -999.0 -999.0 -999.0 -999.0 -999.0 -999.0 16600.0 -999.0 2 282 {-999.0 -999.0 -999.0 -999.0 -999.0} "" -999.0 -999.0 -999.0 -999.0 -999 -999 "" "" "" "" 0 0 0.0 0.0 -999 ""
FIBERMAP 944 R-1C11 BOSS 0 0 0 1 0 0 -54.364109537751474 -11.86872489734384 143.1 -54.364109537751474 -11.86872489734384 9.998727 170.02246 -999.0 -999.0 -999.0 -999.0 -999.0 -999.0 -999.0 -999.0 -999.0 -999.0 -999.0 -999.0 5400.0 -999.0 1 440 {-999.0 -999.0 -999.0 -999.0 -999.0} "" -999.0 -999.0 -999.0 -999.0 -999 -999 "" "" "" "" 0 0 0.0 0.0 -999 ""
FIBERMAP 944 R-1C11 METROLOGY 1 0 0 1 0 0 -54.74592631364035 -12.499265859515157 143.1 -54.74592631364035 -12.499265859515157 9.998727 170.02246 -999.0 -999.0 -999.0 -999.0 -999.0 -999.0 -999.0 -999.0 -999.0 -999.0 -999.0 -999.0 6231.0 -999.0 -1 -999 {-999.0 -999.0 -999.0 -999.0 -999.0} "" -999.0 -999.0 -999.0 -999.0 -999 -999 "" "" "" "" 0 0 0.0 0.0 -999 ""
FIBERMAP 948 R-8C9 APOGEE 0 0 0 1 0 0 -21.516615097021816 -147.48162176933485 143.1 -21.516615097021816 -147.48162176933485 9.99193 170.01617 -999.0 -999.0 -999.0 -999.0 -999.0 -999.0 -999.0 -999.0 -999.0 -999.0 -999.0 -999.0 16600.0 -999.0 2 -999 {-999.0 -999.0 -999.0 -999.0 -999.0} "" -999.0 -999.0 -999.0 -999.0 -999 -999 "" "" "" "" 0 0 0.0 0.0 -999 ""
FIBERMAP 948 R-8C9 BOSS 0 0 0 1 0 0 -20.768534962390476 -147.4766951533227 143.1 -20.768534962390476 -147.4766951533227 9.99193 170.01617 -999.0 -999.0 -999.0 -999.0 -999.0 -999.0 -999.0 -999.0 -999.0 -999.0 -999.0 -999.0 5400.0 -999.0 1 384 {-999.0 -999.0 -999.0 -999.0 -999.0} "" -999.0 -999.0 -999.0 -999.0 -999 -999 "" "" "" "" 0 0 0.0 0.0 -999 ""
FIBERMAP 948 R-8C9 METROLOGY 1 0 0 1 0 0 -21.139100778401293 -148.12516269246893 143.1 -21.139100778401293 -148.12516269246893 9.99193 170.01617 -999.0 -999.0 -999.0 -999.0 -999.0 -999.0 -999.0 -999.0 -999.0 -999.0 -999.0 -999.0 6231.0 -999.0 -1 -999 {-999.0 -999.0 -999.0 -999.0 -999.0} "" -999.0 -999.0 -999.0 -999.0 -999 -999 "" "" "" "" 0 0 0.0 0.0 -999 ""
FIBERMAP 950 R-5C15 APOGEE 0 0 0 1 0 0 79.17154503496198 -89.53212986763944 143.1 79.17154503496198 -89.53212986763944 10.008488 169.99788 -999.0 -999.0 -999.0 -999.0 -999.0 -999.0 -999.0 -999.0 -999.0 -999.0 -999.0 -999.0 16600.0 -999.0 2 -999 {-999.0 -999.0 -999.0 -999.0 -999.0} "" -999.0 -999.0 -999.0 -999.0 -999 -999 "" "" "" "" 0 0 0.0 0.0 -999 ""
FIBERMAP 950 R-5C15 BOSS 0 0 0 1 0 0 79.90863028949592 -89.5205156790025 143.1 79.90863028949592 -89.5205156790025 10.008488 169.99788 -999.0 -999.0 -999.0 -999.0 -999.0 -999.0 -999.0 -999.0 -999.0 -999.0 -999.0 -999.0 5400.0 -999.0 1 315 {-999.0 -999.0 -999.0 -999.0 -999.0} "" -999.0 -999.0 -999.0 -999.0 -999 -999 "" "" "" "" 0 0 0.0 0.0 -999 ""
FIBERMAP 950 R-5C15 METROLOGY 1 0 0 1 0 0 79.56054563292882 -90.16879344857777 143.1 79.56054563292882 -90.16879344857777 10.008488 169.99788 -999.0 -999.0 -999.0 -999.0 -999.0 -999.0 -999.0 -999.0 -999.0 -999.0 -999.0 -999.0 6231.0 -999.0 -1 -999 {-999.0 -999.0 -999.0 -999.0 -999.0} "" -999.0 -999.0 -999.0 -999.0 -999 -999 "" "" "" "" 0 0 0.0 0.0 -999 ""
FIBERMAP 951 R+2C24 APOGEE 0 0 0 1 0 0 247.0414353320093 46.3428877988618 143.1 247.0414353320093 46.3428877988618 9.984499 170.00697 -999.0 -999.0 -999.0 -999.0 -999.0 -999.0 -999.0 -999.0 -999.0 -999.0 -999.0 -999.0 16600.0 -999.0 2 -999 {-999.0 -999.0 -999.0 -999.0 -999.0} "" -999.0 -999.0 -999.0 -999.0 -999 -999 "" "" "" "" 0 0 0.0 0.0 -999 ""
FIBERMAP 951 R+2C24 BOSS 0 0 0 1 0 0 247.78454657022996 46.35249828413345 143.1 247.78454657022996 46.35249828413345 9.984499 170.00697 -999.0 -999.0 -999.0 -999.0 -999.0 -999.0 -999.0 -999.0 -999.0 -999.0 -999.0 -999.0 5400.0 -999.0 1 185 {-999.0 -999.0 -999.0 -999.0 -999.0} "" -999.0 -999.0 -999.0 -999.0 -999 -999 "" "" "" "" 0 0 0.0 0.0 -999 ""
FIBERMAP 951 R+2C24 METROLOGY 1 0 0 1 0 0 247.4235037322585 45.70204014298496 143.1 247.4235037322585 45.70204014298496 9.984499 170.00697 -999.0 -999.0 -999.0 -999.0 -999.0 -999.0 -999.0 -999.0 -999.0 -999.0 -999.0 -999.0 6231.0 -999.0 -1 -999 {-999.0 -999.0 -999.0 -999.0 -999.0} "" -999.0 -999.0 -999.0 -999.0 -999 -999 "" "" "" "" 0 0 0.0 0.0 -999 ""
FIBERMAP 954 R+12C12 APOGEE 0 0 0 1 0 0 90.26648213087728 240.32004553278563 143.1 90.26648213087728 240.32004553278563 10.002663 170.00424 -999.0 -999.0 -999.0 -999.0 -999.0 -999.0 -999.0 -999.0 -999.0 -999.0 -999.0 -999.0 16600.0 -999.0 2 -999 {-999.0 -999.0 -999.0 -999.0 -999.0} "" -999.0 -999.0 -999.0 -999.0 -999 -999 "" "" "" "" 0 0 0.0 0.0 -999 ""
FIBERMAP 954 R+12C12 BOSS 0 0 0 1 0 0 91.00662643242808 240.32439261972016 143.1 91.00662643242808 240.32439261972016 10.002663 170.00424 -999.0 -999.0 -999.0 -999.0 -999.0 -999.0 -999.0 -999.0 -999.0 -999.0 -999.0 -999.0 5400.0 -999.0 1 101 {-999.0 -999.0 -999.0 -999.0 -999.0} "" -999.0 -999.0 -999.0 -999.0 -999 -999 "" "" "" "" 0 0 0.0 0.0 -999 ""
FIBERMAP 954 R+12C12 METROLOGY 1 0 0 1 0 0 90.64760215668252 239.67863341375292 143.1 90.64760215668252 239.67863341375292 10.002663 170.00424 -999.0 -999.0 -999.0 -999.0 -999.0 -999.0 -999.0 -999.0 -999.0 -999.0 -999.0 -999.0 6231.0 -999.0 -1 -999 {-999.0 -999.0 -999.0 -999.0 -999.0} "" -999.0 -999.0 -999.0 -999.0 -999 -999 "" "" "" "" 0 0 0.0 0.0 -999 ""
FIBERMAP 956 R+10C8 APOGEE 0 0 0 1 0 0 -21.820471849450353 201.60183166975384 143.1 -21.820471849450353 201.60183166975384 10.005578 170.0102 -999.0 -999.0 -999.0 -999.0 -999.0 -999.0 -999.0 -999.0 -999.0 -999.0 -999.0 -999.0 16600.0 -999.0 2 -999 {-999.0 -999.0 -999.0 -999.0 -999.0} "" -999.0 -999.0 -999.0 -999.0 -999 -999 "" "" "" "" 0 0 0.0 0.0 -999 ""
FIBERMAP 956 R+10C8 BOSS 0 0 0 1 0 0 -21.075910860459167 201.61744905853251 143.1 -21.075910860459167 201.61744905853251 10.005578 170.0102 -999.0 -999.0 -999.0 -999.0 -999.0 -999.0 -999.0 -999.0 -999.0 -999.0 -999.0 -999.0 5400.0 -999.0 1 120 {-999.0 -999.0 -999.0 -999.0 -999.0} "" -999.0 -999.0 -999.0 -999.0 -999 -999 "" "" "" "" 0 0 0.0 0.0 -999 ""
FIBERMAP 956 R+10C8 METROLOGY 1 0 0 1 0 0 -21.435900653635287 200.96248280109043 143.1 -21.435900653635287 200.96248280109043 10.005578 170.0102 -999.0 -999.0 -999.0 -999.0 -999.0 -999.0 -999.0 -999.0 -999.0 -999.0 -999.0 -999.0 6231.0 -999.0 -1 -999 {-999.0 -999.0 -999.0 -999.0 -999.0} "" -999.0 -999.0 -999.0 -999.0 -999 -999 "" "" "" "" 0 0 0.0 0.0 -999 ""
FIBERMAP 962 R-1C12 APOGEE 0 0 0 1 0 0 -33.11198218682697 -11.86339817922702 143.1 -33.11198218682697 -11.86339817922702 10.009966 169.99905 -999.0 -999.0 -999.0 -999.0 -999.0 -999.0 -999.0 -999.0 -999.0 -999.0 -999.0 -999.0 16600.0 -999.0 2 -999 {-999.0 -999.0 -999.0 -999.0 -999.0} "" -999.0 -999.0 -999.0 -999.0 -999 -999 "" "" "" "" 0 0 0.0 0.0 -999 ""
FIBERMAP 962 R-1C12 BOSS 0 0 0 1 0 0 -32.37282475772624 -11.845743213308786 143.1 -32.37282475772624 -11.845743213308786 10.009966 169.99905 -999.0 -999.0 -999.0 -999.0 -999.0 -999.0 -999.0 -999.0 -999.0 -999.0 -999.0 -999.0 5400.0 -999.0 1 439 {-999.0 -999.0 -999.0 -999.0 -999.0} "" -999.0 -999.0 -999.0 -999.0 -999 -999 "" "" "" "" 0 0 0.0 0.0 -999 ""
FIBERMAP 962 R-1C12 METROLOGY 1 0 0 1 0 0 -32.72682747268931 -12.5023956961935 143.1 -32.72682747268931 -12.5023956961935 10.009966 169.99905 -999.0 -999.0 -999.0 -999.0 -999.0 -999.0 -999.0 -999.0 -999.0 -999.0 -999.0 -999.0 6231.0 -999.0 -1 -999 {-999.0 -999.0 -999.0 -999.0 -999.0} "" -999.0 -999.0 -999.0 -999.0 -999 -999 "" "" "" "" 0 0 0.0 0.0 -999 ""
FIBERMAP 963 R+9C11 APOGEE 0 0 0 1 0 0 34.11695619275279 182.20820004228747 143.1 34.11695619275279 182.20820004228747 9.990782 170.00662 -999.0 -999.0 -999.0 -999.0 -999.0 -999.0 -999.0 -999.0 -999.0 -999.0 -999.0 -999.0 16600.0 -999.0 2 28 {-999.0 -999.0 -999.0 -999.0 -999.0} "" -999.0 -999.0 -999.0 -999.0 -999 -999 "" "" "" "" 0 0 0.0 0.0 -999 ""
FIBERMAP 963 R+9C11 BOSS 0 0 0 1 0 0 34.85860865189146 182.22976167354727 143.1 34.85860865189146 182.22976167354727 9.990782 170.00662 -999.0 -999.0 -999.0 -999.0 -999.0 -999.0 -999.0 -999.0 -999.0 -999.0 -999.0 -999.0 5400.0 -999.0 1 133 {-999.0 -999.0 -999.0 -999.0 -999.0} "" -999.0 -999.0 -999.0 -999.0 -999 -999 "" "" "" "" 0 0 0.0 0.0 -999 ""
FIBERMAP 963 R+9C11 METROLOGY 1 0 0 1 0 0 34.48554741318648 181.55451008055377 143.1 34.48554741318648 181.55451008055377 9.990782 170.00662 -999.0 -999.0 -999.0 -999.0 -999.0 -999.0 -999.0 -999.0 -999.0 -999.0 -999.0 -999.0 6231.0 -999.0 -1 -999 {-999.0 -999.0 -999.0 -999.0 -999.0} "" -999.0 -999.0 -999.0 -999.0 -999 -999 "" "" "" "" 0 0 0.0 0.0 -999 ""
FIBERMAP 964 R+8C14 APOGEE 0 0 0 1 0 0 90.18858221596511 162.88723277316865 143.1 90.18858221596511 162.88723277316865 10.002192 170.00455 -999.0 -999.0 -999.0 -999.0 -999.0 -999.0 -999.0 -999.0 -999.0 -999.0 -999.0 -999.0 16600.0 -999.0 2 -999 {-999.0 -999.0 -999.0 -999.0 -999.0} "" -999.0 -999.0 -999.0 -999.0 -999 -999 "" "" "" "" 0 0 0.0 0.0 -999 ""
FIBERMAP 964 R+8C14 BOSS 0 0 0 1 0 0 90.9615438561863 162.9010216642975 143.1 90.9615438561863 162.9010216642975 10.002192 170.00455 -999.0 -999.0 -999.0 -999.0 -999.0 -999.0 -999.0 -999.0 -999.0 -999.0 -999.0 -999.0 5400.0 -999.0 1 161 {-999.0 -999.0 -999.0 -999.0 -999.0} "" -999.0 -999.0 -999.0 -999.0 -999 -999 "" "" "" "" 0 0 0.0 0.0 -999 ""
FIBERMAP 964 R+8C14 METROLOGY 1 0 0 1 0 0 90.57826544280135 162.25098678046277 143.1 90.57826544280135 162.25098678046277 10.002192 170.00455 -999.0 -999.0 -999.0 -999.0 -999.0 -999.0 -999.0 -999.0 -999.0 -999.0 -999.0 -999.0 6231.0 -999.0 -1 -999 {-999.0 -999.0 -999.0 -999.0 -999.0} "" -999.0 -999.0 -999.0 -999.0 -999 -999 "" "" "" "" 0 0 0.0 0.0 -999 ""
FIBERMAP 965 R+5C15 APOGEE 0 0 0 1 0 0 79.00424976722724 104.57471171814417 143.1 79.00424976722724 104.57471171814417 9.998803 169.99944 -999.0 -999.0 -999.0 -999.0 -999.0 -999.0 -999.0 -999.0 -999.0 -999.0 -999.0 -999.0 16600.0 -999.0 2 -999 {-999.0 -999.0 -999.0 -999.0 -999.0} "" -999.0 -999.0 -999.0 -999.0 -999 -999 "" "" "" "" 0 0 0.0 0.0 -999 ""
FIBERMAP 965 R+5C15 BOSS 0 0 0 1 0 0 79.75112195519095 104.59531339361514 143.1 79.75112195519095 104.59531339361514 9.998803 169.99944 -999.0 -999.0 -999.0 -999.0 -999.0 -999.0 -999.0 -999.0 -999.0 -999.0 -999.0 -999.0 5400.0 -999.0 1 213 {-999.0 -999.0 -999.0 -999.0 -999.0} "" -999.0 -999.0 -999.0 -999.0 -999 -999 "" "" "" "" 0 0 0.0 0.0 -999 ""
FIBERMAP 965 R+5C15 METROLOGY 1 0 0 1 0 0 79.39965691153385 103.94200707082197 143.1 79.39965691153385 103.94200707082197 9.998803 169.99944 -999.0 -999.0 -999.0 -999.0 -999.0 -999.0 -999.0 -999.0 -999.0 -999.0 -999.0 -999.0 6231.0 -999.0 -1 -999 {-999.0 -999.0 -999.0 -999.0 -999.0} "" -999.0 -999.0 -999.0 -999.0 -999 -999 "" "" "" "" 0 0 0.0 0.0 -999 ""
FIBERMAP 971 R+4C2 APOGEE 0 0 0 1 0 0 -223.40150519447155 85.14631435958336 143.1 -223.40150519447155 85.14631435958336 10.003326 170.00322 -999.0 -999.0 -999.0 -999.0 -999.0 -999.0 -999.0 -999.0 -999.0 -999.0 -999.0 -999.0 16600.0 -999.0 2 -999 {-999.0 -999.0 -999.0 -999.0 -999.0} "" -999.0 -999.0 -999.0 -999.0 -999 -999 "" "" "" "" 0 0 0.0 0.0 -999 ""
FIBERMAP 971 R+4C2 BOSS 0 0 0 1 0 0 -222.65301135440464 85.14841466569699 143.1 -222.65301135440464 85.14841466569699 10.003326 170.00322 -999.0 -999.0 -999.0 -999.0 -999.0 -999.0 -999.0 -999.0 -999.0 -999.0 -999.0 -999.0 5400.0 -999.0 1 72 {-999.0 -999.0 -999.0 -999.0 -999.0} "" -999.0 -999.0 -999.0 -999.0 -999 -999 "" "" "" "" 0 0 0.0 0.0 -999 ""
FIBERMAP 971 R+4C2 METROLOGY 1 0 0 1 0 0 -223.01870612262655 84.5059028894281 143.1 -223.01870612262655 84.5059028894281 10.003326 170.00322 -999.0 -999.0 -999.0 -999.0 -999.0 -999.0 -999.0 -999.0 -999.0 -999.0 -999.0 -999.0 6231.0 -999.0 -1 -999 {-999.0 -999.0 -999.0 -999.0 -999.0} "" -999.0 -999.0 -999.0 -999.0 -999 -999 "" "" "" "" 0 0 0.0 0.0 -999 ""
FIBERMAP 973 R+9C14 APOGEE 0 0 0 1 0 0 101.36330975005416 182.1486712398379 143.1 101.36330975005416 182.1486712398379 9.986703 170.08414 -999.0 -999.0 -999.0 -999.0 -999.0 -999.0 -999.0 -999.0 -999.0 -999.0 -999.0 -999.0 16600.0 -999.0 2 39 {-999.0 -999.0 -999.0 -999.0 -999.0} "" -999.0 -999.0 -999.0 -999.0 -999 -999 "" "" "" "" 0 0 0.0 0.0 -999 ""
FIBERMAP 973 R+9C14 BOSS 0 0 0 1 0 0 102.11271289006346 182.1803127960783 143.1 102.11271289006346 182.1803127960783 9.986703 170.08414 -999.0 -999.0 -999.0 -999.0 -999.0 -999.0 -999.0 -999.0 -999.0 -999.0 -999.0 -999.0 5400.0 -999.0 1 162 {-999.0 -999.0 -999.0 -999.0 -999.0} "" -999.0 -999.0 -999.0 -999.0 -999 -999 "" "" "" "" 0 0 0.0 0.0 -999 ""
FIBERMAP 973 R+9C14 METROLOGY 1 0 0 1 0 0 101.75499342328116 181.51778192402355 143.1 101.75499342328116 181.51778192402355 9.986703 170.08414 -999.0 -999.0 -999.0 -999.0 -999.0 -999.0 -999.0 -999.0 -999.0 -999.0 -999.0 -999.0 6231.0 -999.0 -1 -999 {-999.0 -999.0 -999.0 -999.0 -999.0} "" -999.0 -999.0 -999.0 -999.0 -999 -999 "" "" "" "" 0 0 0.0 0.0 -999 ""
FIBERMAP 975 R-1C21 APOGEE 0 0 0 1 0 0 168.68182643327503 -11.891489196505045 143.1 168.68182643327503 -11.891489196505045 10.00295 170.02211 -999.0 -999.0 -999.0 -999.0 -999.0 -999.0 -999.0 -999.0 -999.0 -999.0 -999.0 -999.0 16600.0 -999.0 2 -999 {-999.0 -999.0 -999.0 -999.0 -999.0} "" -999.0 -999.0 -999.0 -999.0 -999 -999 "" "" "" "" 0 0 0.0 0.0 -999 ""
FIBERMAP 975 R-1C21 BOSS 0 0 0 1 0 0 169.40064895349224 -11.862137400523405 143.1 169.40064895349224 -11.862137400523405 10.00295 170.02211 -999.0 -999.0 -999.0 -999.0 -999.0 -999.0 -999.0 -999.0 -999.0 -999.0 -999.0 -999.0 5400.0 -999.0 1 270 {-999.0 -999.0 -999.0 -999.0 -999.0} "" -999.0 -999.0 -999.0 -999.0 -999 -999 "" "" "" "" 0 0 0.0 0.0 -999 ""
FIBERMAP 975 R-1C21 METROLOGY 1 0 0 1 0 0 169.0613831212352 -12.533827659573017 143.1 169.0613831212352 -12.533827659573017 10.00295 170.02211 -999.0 -999.0 -999.0 -999.0 -999.0 -999.0 -999.0 -999.0 -999.0 -999.0 -999.0 -999.0 6231.0 -999.0 -1 -999 {-999.0 -999.0 -999.0 -999.0 -999.0} "" -999.0 -999.0 -999.0 -999.0 -999 -999 "" "" "" "" 0 0 0.0 0.0 -999 ""
FIBERMAP 979 R+3C7 APOGEE 0 0 0 1 0 0 -122.63567169901896 65.73603189175786 143.1 -122.63567169901896 65.73603189175786 9.992371 170.01346 -999.0 -999.0 -999.0 -999.0 -999.0 -999.0 -999.0 -999.0 -999.0 -999.0 -999.0 -999.0 16600.0 -999.0 2 125 {-999.0 -999.0 -999.0 -999.0 -999.0} "" -999.0 -999.0 -999.0 -999.0 -999 -999 "" "" "" "" 0 0 0.0 0.0 -999 ""
FIBERMAP 979 R+3C7 BOSS 0 0 0 1 0 0 -121.8956382341794 65.73432997592715 143.1 -121.8956382341794 65.73432997592715 9.992371 170.01346 -999.0 -999.0 -999.0 -999.0 -999.0 -999.0 -999.0 -999.0 -999.0 -999.0 -999.0 -999.0 5400.0 -999.0 1 43 {-999.0 -999.0 -999.0 -999.0 -999.0} "" -999.0 -999.0 -999.0 -999.0 -999 -999 "" "" "" "" 0 0 0.0 0.0 -999 ""
FIBERMAP 979 R+3C7 METROLOGY 1 0 0 1 0 0 -122.2601158652283 65.09004180348336 143.1 -122.2601158652283 65.09004180348336 9.992371 170.01346 -999.0 -999.0 -999.0 -999.0 -999.0 -999.0 -999.0 -999.0 -999.0 -999.0 -999.0 -999.0 6231.0 -999.0 -1 -999 {-999.0 -999.0 -999.0 -999.0 -999.0} "" -999.0 -999.0 -999.0 -999.0 -999 -999 "" "" "" "" 0 0 0.0 0.0 -999 ""
FIBERMAP 983 R+6C5 APOGEE 0 0 0 1 0 0 -134.01141100928476 123.97830335262825 143.1 -134.01141100928476 123.97830335262825 10.00864 170.00403 -999.0 -999.0 -999.0 -999.0 -999.0 -999.0 -999.0 -999.0 -999.0 -999.0 -999.0 -999.0 16600.0 -999.0 2 150 {-999.0 -999.0 -999.0 -999.0 -999.0} "" -999.0 -999.0 -999.0 -999.0 -999 -999 "" "" "" "" 0 0 0.0 0.0 -999 ""
FIBERMAP 983 R+6C5 BOSS 0 0 0 1 0 0 -133.26110322017507 123.99975287075317 143.1 -133.26110322017507 123.99975287075317 10.00864 170.00403 -999.0 -999.0 -999.0 -999.0 -999.0 -999.0 -999.0 -999.0 -999.0 -999.0 -999.0 -999.0 5400.0 -999.0 1 49 {-999.0 -999.0 -999.0 -999.0 -999.0} "" -999.0 -999.0 -999.0 -999.0 -999 -999 "" "" "" "" 0 0 0.0 0.0 -999 ""
FIBERMAP 983 R+6C5 METROLOGY 1 0 0 1 0 0 -133.6185278316964 123.33958064308614 143.1 -133.6185278316964 123.33958064308614 10.00864 170.00403 -999.0 -999.0 -999.0 -999.0 -999.0 -999.0 -999.0 -999.0 -999.0 -999.0 -999.0 -999.0 6231.0 -999.0 -1 -999 {-999.0 -999.0 -999.0 -999.0 -999.0} "" -999.0 -999.0 -999.0 -999.0 -999 -999 "" "" "" "" 0 0 0.0 0.0 -999 ""
FIBERMAP 985 R+9C10 APOGEE 0 0 0 1 0 0 11.8849875582559 182.25231325865167 143.1 11.8849875582559 182.25231325865167 10.007458 170.00276 -999.0 -999.0 -999.0 -999.0 -999.0 -999.0 -999.0 -999.0 -999.0 -999.0 -999.0 -999.0 16600.0 -999.0 2 10 {-999.0 -999.0 -999.0 -999.0 -999.0} "" -999.0 -999.0 -999.0 -999.0 -999 -999 "" "" "" "" 0 0 0.0 0.0 -999 ""
FIBERMAP 985 R+9C10 BOSS 0 0 0 1 0 0 12.621590375643473 182.2559486818073 143.1 12.621590375643473 182.2559486818073 10.007458 170.00276 -999.0 -999.0 -999.0 -999.0 -999.0 -999.0 -999.0 -999.0 -999.0 -999.0 -999.0 -999.0 5400.0 -999.0 1 126 {-999.0 -999.0 -999.0 -999.0 -999.0} "" -999.0 -999.0 -999.0 -999.0 -999 -999 "" "" "" "" 0 0 0.0 0.0 -999 ""
FIBERMAP 985 R+9C10 METROLOGY 1 0 0 1 0 0 12.25119583682281 181.60198230925857 143.1 12.25119583682281 181.60198230925857 10.007458 170.00276 -999.0 -999.0 -999.0 -999.0 -999.0 -999.0 -999.0 -999.0 -999.0 -999.0 -999.0 -999.0 6231.0 -999.0 -1 -999 {-999.0 -999.0 -999.0 -999.0 -999.0} "" -999.0 -999.0 -999.0 -999.0 -999 -999 "" "" "" "" 0 0 0.0 0.0 -999 ""
FIBERMAP 986 R+2C13 APOGEE 0 0 0 1 0 0 0.591099074254496 46.38990130868221 143.1 0.591099074254496 46.38990130868221 9.999181 169.95836 -999.0 -999.0 -999.0 -999.0 -999.0 -999.0 -999.0 -999.0 -999.0 -999.0 -999.0 -999.0 16600.0 -999.0 2 -999 {-999.0 -999.0 -999.0 -999.0 -999.0} "" -999.0 -999.0 -999.0 -999.0 -999 -999 "" "" "" "" 0 0 0.0 0.0 -999 ""
FIBERMAP 986 R+2C13 BOSS 0 0 0 1 0 0 1.3442213512479828 46.3897415341008 143.1 1.3442213512479828 46.3897415341008 9.999181 169.95836 -999.0 -999.0 -999.0 -999.0 -999.0 -999.0 -999.0 -999.0 -999.0 -999.0 -999.0 -999.0 5400.0 -999.0 1 105 {-999.0 -999.0 -999.0 -999.0 -999.0} "" -999.0 -999.0 -999.0 -999.0 -999 -999 "" "" "" "" 0 0 0.0 0.0 -999 ""
FIBERMAP 986 R+2C13 METROLOGY 1 0 0 1 0 0 0.9743953867419316 45.74978732090712 143.1 0.9743953867419316 45.74978732090712 9.999181 169.95836 -999.0 -999.0 -999.0 -999.0 -999.0 -999.0 -999.0 -999.0 -999.0 -999.0 -999.0 -999.0 6231.0 -999.0 -1 -999 {-999.0 -999.0 -999.0 -999.0 -999.0} "" -999.0 -999.0 -999.0 -999.0 -999 -999 "" "" "" "" 0 0 0.0 0.0 -999 ""
FIBERMAP 988 R+7C6 APOGEE 0 0 0 1 0 0 -100.30581354142242 143.3461211132352 143.1 -100.30581354142242 143.3461211132352 9.991212 169.98932 -999.0 -999.0 -999.0 -999.0 -999.0 -999.0 -999.0 -999.0 -999.0 -999.0 -999.0 -999.0 16600.0 -999.0 2 -999 {-999.0 -999.0 -999.0 -999.0 -999.0} "" -999.0 -999.0 -999.0 -999.0 -999 -999 "" "" "" "" 0 0 0.0 0.0 -999 ""
FIBERMAP 988 R+7C6 BOSS 0 0 0 1 0 0 -99.452066296259 143.29220756667124 143.1 -99.452066296259 143.29220756667124 9.991212 169.98932 -999.0 -999.0 -999.0 -999.0 -999.0 -999.0 -999.0 -999.0 -999.0 -999.0 -999.0 -999.0 5400.0 -999.0 1 67 {-999.0 -999.0 -999.0 -999.0 -999.0} "" -999.0 -999.0 -999.0 -999.0 -999 -999 "" "" "" "" 0 0 0.0 0.0 -999 ""
FIBERMAP 988 R+7C6 METROLOGY 1 0 0 1 0 0 -99.9232255146119 142.70558354036922 143.1 -99.9232255146119 142.70558354036922 9.991212 169.98932 -999.0 -999.0 -999.0 -999.0 -999.0 -999.0 -999.0 -999.0 -999.0 -999.0 -999.0 -999.0 6231.0 -999.0 -1 -999 {-999.0 -999.0 -999.0 -999.0 -999.0} "" -999.0 -999.0 -999.0 -999.0 -999 -999 "" "" "" "" 0 0 0.0 0.0 -999 ""
FIBERMAP 990 R+4C7 APOGEE 0 0 0 1 0 0 -111.70567648355933 85.10920140742111 143.1 -111.70567648355933 85.10920140742111 10.012848 170.01187 -999.0 -999.0 -999.0 -999.0 -999.0 -999.0 -999.0 -999.0 -999.0 -999.0 -999.0 -999.0 16600.0 -999.0 2 95 {-999.0 -999.0 -999.0 -999.0 -999.0} "" -999.0 -999.0 -999.0 -999.0 -999 -999 "" "" "" "" 0 0 0.0 0.0 -999 ""
FIBERMAP 990 R+4C7 BOSS 0 0 0 1 0 0 -110.96238230689451 85.13730012358032 143.1 -110.96238230689451 85.13730012358032 10.012848 170.01187 -999.0 -999.0 -999.0 -999.0 -999.0 -999.0 -999.0 -999.0 -999.0 -999.0 -999.0 -999.0 5400.0 -999.0 1 51 {-999.0 -999.0 -999.0 -999.0 -999.0} "" -999.0 -999.0 -999.0 -999.0 -999 -999 "" "" "" "" 0 0 0.0 0.0 -999 ""
FIBERMAP 990 R+4C7 METROLOGY 1 0 0 1 0 0 -111.30163093764826 84.47724829299068 143.1 -111.30163093764826 84.47724829299068 10.012848 170.01187 -999.0 -999.0 -999.0 -999.0 -999.0 -999.0 -999.0 -999.0 -999.0 -999.0 -999.0 -999.0 6231.0 -999.0 -1 -999 {-999.0 -999.0 -999.0 -999.0 -999.0} "" -999.0 -999.0 -999.0 -999.0 -999 -999 "" "" "" "" 0 0 0.0 0.0 -999 ""
FIBERMAP 991 R-3C20 APOGEE 0 0 0 1 0 0 168.65212676354022 -50.814244658448956 143.1 168.65212676354022 -50.814244658448956 10.017869 170.00125 -999.0 -999.0 -999.0 -999.0 -999.0 -999.0 -999.0 -999.0 -999.0 -999.0 -999.0 -999.0 16600.0 -999.0 2 226 {-999.0 -999.0 -999.0 -999.0 -999.0} "" -999.0 -999.0 -999.0 -999.0 -999 -999 "" "" "" "" 0 0 0.0 0.0 -999 ""
FIBERMAP 991 R-3C20 BOSS 0 0 0 1 0 0 169.39048488285937 -50.80272630285963 143.1 169.39048488285937 -50.80272630285963 10.017869 170.00125 -999.0 -999.0 -999.0 -999.0 -999.0 -999.0 -999.0 -999.0 -999.0 -999.0 -999.0 -999.0 5400.0 -999.0 1 290 {-999.0 -999.0 -999.0 -999.0 -999.0} "" -999.0 -999.0 -999.0 -999.0 -999 -999 "" "" "" "" 0 0 0.0 0.0 -999 ""
FIBERMAP 991 R-3C20 METROLOGY 1 0 0 1 0 0 169.0372984944677 -51.45391899933361 143.1 169.0372984944677 -51.45391899933361 10.017869 170.00125 -999.0 -999.0 -999.0 -999.0 -999.0 -999.0 -999.0 -999.0 -999.0 -999.0 -999.0 -999.0 6231.0 -999.0 -1 -999 {-999.0 -999.0 -999.0 -999.0 -999.0} "" -999.0 -999.0 -999.0 -999.0 -999 -999 "" "" "" "" 0 0 0.0 0.0 -999 ""
FIBERMAP 994 R+7C2 APOGEE 0 0 0 1 0 0 -189.8078082367916 143.28807048327172 143.1 -189.8078082367916 143.28807048327172 10.000981 169.98741 -999.0 -999.0 -999.0 -999.0 -999.0 -999.0 -999.0 -999.0 -999.0 -999.0 -999.0 -999.0 16600.0 -999.0 2 -999 {-999.0 -999.0 -999.0 -999.0 -999.0} "" -999.0 -999.0 -999.0 -999.0 -999 -999 "" "" "" "" 0 0 0.0 0.0 -999 ""
FIBERMAP 994 R+7C2 BOSS 0 0 0 1 0 0 -189.05336991849373 143.31776424734002 143.1 -189.05336991849373 143.31776424734002 10.000981 169.98741 -999.0 -999.0 -999.0 -999.0 -999.0 -999.0 -999.0 -999.0 -999.0 -999.0 -999.0 -999.0 5400.0 -999.0 1 70 {-999.0 -999.0 -999.0 -999.0 -999.0} "" -999.0 -999.0 -999.0 -999.0 -999 -999 "" "" "" "" 0 0 0.0 0.0 -999 ""
FIBERMAP 994 R+7C2 METROLOGY 1 0 0 1 0 0 -189.42096301313708 142.6500949716355 143.1 -189.42096301313708 142.6500949716355 10.000981 169.98741 -999.0 -999.0 -999.0 -999.0 -999.0 -999.0 -999.0 -999.0 -999.0 -999.0 -999.0 -999.0 6231.0 -999.0 -1 -999 {-999.0 -999.0 -999.0 -999.0 -999.0} "" -999.0 -999.0 -999.0 -999.0 -999 -999 "" "" "" "" 0 0 0.0 0.0 -999 ""
FIBERMAP 996 R-6C15 APOGEE 0 0 0 1 0 0 90.32561631231482 -108.97755986688729 143.1 90.32561631231482 -108.97755986688729 10.006377 169.99931 -999.0 -999.0 -999.0 -999.0 -999.0 -999.0 -999.0 -999.0 -999.0 -999.0 -999.0 -999.0 16600.0 -999.0 2 183 {-999.0 -999.0 -999.0 -999.0 -999.0} "" -999.0 -999.0 -999.0 -999.0 -999 -999 "" "" "" "" 0 0 0.0 0.0 -999 ""
FIBERMAP 996 R-6C15 BOSS 0 0 0 1 0 0 91.07137244264236 -108.99564287640683 143.1 91.07137244264236 -108.99564287640683 10.006377 169.99931 -999.0 -999.0 -999.0 -999.0 -999.0 -999.0 -999.0 -999.0 -999.0 -999.0 -999.0 -999.0 5400.0 -999.0 1 316 {-999.0 -999.0 -999.0 -999.0 -999.0} "" -999.0 -999.0 -999.0 -999.0 -999 -999 "" "" "" "" 0 0 0.0 0.0 -999 ""
FIBERMAP 996 R-6C15 METROLOGY 1 0 0 1 0 0 90.68011542310091 -109.6427460746137 143.1 90.68011542310091 -109.6427460746137 10.006377 169.99931 -999.0 -999.0 -999.0 -999.0 -999.0 -999.0 -999.0 -999.0 -999.0 -999.0 -999.0 -999.0 6231.0 -999.0 -1 -999 {-999.0 -999.0 -999.0 -999.0 -999.0} "" -999.0 -999.0 -999.0 -999.0 -999 -999 "" "" "" "" 0 0 0.0 0.0 -999 ""
FIBERMAP 999 R0C27 APOGEE 0 0 0 1 0 0 291.8112154119593 7.590711647080339 143.1 291.8112154119593 7.590711647080339 10.009164 169.99147 -999.0 -999.0 -999.0 -999.0 -999.0 -999.0 -999.0 -999.0 -999.0 -999.0 -999.0 -999.0 16600.0 -999.0 2 -999 {-999.0 -999.0 -999.0 -999.0 -999.0} "" -999.0 -999.0 -999.0 -999.0 -999 -999 "" "" "" "" 0 0 0.0 0.0 -999 ""
FIBERMAP 999 R0C27 BOSS 0 0 0 1 0 0 292.5448519018204 7.610908178098955 143.1 292.5448519018204 7.610908178098955 10.009164 169.99147 -999.0 -999.0 -999.0 -999.0 -999.0 -999.0 -999.0 -999.0 -999.0 -999.0 -999.0 -999.0 5400.0 -999.0 1 174 {-999.0 -999.0 -999.0 -999.0 -999.0} "" -999.0 -999.0 -999.0 -999.0 -999 -999 "" "" "" "" 0 0 0.0 0.0 -999 ""
FIBERMAP 999 R0C27 METROLOGY 1 0 0 1 0 0 292.1954634278464 6.951168495448939 143.1 292.1954634278464 6.951168495448939 10.009164 169.99147 -999.0 -999.0 -999.0 -999.0 -999.0 -999.0 -999.0 -999.0 -999.0 -999.0 -999.0 -999.0 6231.0 -999.0 -1 -999 {-999.0 -999.0 -999.0 -999.0 -999.0} "" -999.0 -999.0 -999.0 -999.0 -999 -999 "" "" "" "" 0 0 0.0 0.0 -999 ""
FIBERMAP 1004 R-13C1 APOGEE 0 0 0 1 0 0 -144.9795223295755 -244.64333051598854 143.1 -144.9795223295755 -244.64333051598854 10.019668 169.99646 -999.0 -999.0 -999.0 -999.0 -999.0 -999.0 -999.0 -999.0 -999.0 -999.0 -999.0 -999.0 16600.0 -999.0 2 199 {-999.0 -999.0 -999.0 -999.0 -999.0} "" -999.0 -999.0 -999.0 -999.0 -999 -999 "" "" "" "" 0 0 0.0 0.0 -999 ""
FIBERMAP 1004 R-13C1 BOSS 0 0 0 1 0 0 -144.24325592641472 -244.62776283195953 143.1 -144.24325592641472 -244.62776283195953 10.019668 169.99646 -999.0 -999.0 -999.0 -999.0 -999.0 -999.0 -999.0 -999.0 -999.0 -999.0 -999.0 -999.0 5400.0 -999.0 1 340 {-999.0 -999.0 -999.0 -999.0 -999.0} "" -999.0 -999.0 -999.0 -999.0 -999 -999 "" "" "" "" 0 0 0.0 0.0 -999 ""
FIBERMAP 1004 R-13C1 METROLOGY 1 0 0 1 0 0 -144.58912262113157 -245.28614067414443 143.1 -144.58912262113157 -245.28614067414443 10.019668 169.99646 -999.0 -999.0 -999.0 -999.0 -999.0 -999.0 -999.0 -999.0 -999.0 -999.0 -999.0 -999.0 6231.0 -999.0 -1 -999 {-999.0 -999.0 -999.0 -999.0 -999.0} "" -999.0 -999.0 -999.0 -999.0 -999 -999 "" "" "" "" 0 0 0.0 0.0 -999 ""
FIBERMAP 1009 R-13C2 APOGEE 0 0 0 1 0 0 -122.24586624259433 -244.5075118192537 143.1 -122.24586624259433 -244.5075118192537 10.00998 169.99869 -999.0 -999.0 -999.0 -999.0 -999.0 -999.0 -999.0 -999.0 -999.0 -999.0 -999.0 -999.0 16600.0 -999.0 2 190 {-999.0 -999.0 -999.0 -999.0 -999.0} "" -999.0 -999.0 -999.0 -999.0 -999 -999 "" "" "" "" 0 0 0.0 0.0 -999 ""
FIBERMAP 1009 R-13C2 BOSS 0 0 0 1 0 0 -121.5058628570479 -244.51215346783187 143.1 -121.5058628570479 -244.51215346783187 10.00998 169.99869 -999.0 -999.0 -999.0 -999.0 -999.0 -999.0 -999.0 -999.0 -999.0 -999.0 -999.0 -999.0 5400.0 -999.0 1 341 {-999.0 -999.0 -999.0 -999.0 -999.0} "" -999.0 -999.0 -999.0 -999.0 -999 -999 "" "" "" "" 0 0 0.0 0.0 -999 ""
FIBERMAP 1009 R-13C2 METROLOGY 1 0 0 1 0 0 -121.88461344917962 -245.1601435275357 143.1 -121.88461344917962 -245.1601435275357 10.00998 169.99869 -999.0 -999.0 -999.0 -999.0 -999.0 -999.0 -999.0 -999.0 -999.0 -999.0 -999.0 -999.0 6231.0 -999.0 -1 -999 {-999.0 -999.0 -999.0 -999.0 -999.0} "" -999.0 -999.0 -999.0 -999.0 -999 -999 "" "" "" "" 0 0 0.0 0.0 -999 ""
FIBERMAP 1011 R+6C3 APOGEE 0 0 0 1 0 0 -178.74363337885347 124.00598508904909 143.1 -178.74363337885347 124.00598508904909 9.994512 170.00317 -999.0 -999.0 -999.0 -999.0 -999.0 -999.0 -999.0 -999.0 -999.0 -999.0 -999.0 -999.0 16600.0 -999.0 2 126 {-999.0 -999.0 -999.0 -999.0 -999.0} "" -999.0 -999.0 -999.0 -999.0 -999 -999 "" "" "" "" 0 0 0.0 0.0 -999 ""
FIBERMAP 1011 R+6C3 BOSS 0 0 0 1 0 0 -178.00608470605619 124.00720410970767 143.1 -178.00608470605619 124.00720410970767 9.994512 170.00317 -999.0 -999.0 -999.0 -999.0 -999.0 -999.0 -999.0 -999.0 -999.0 -999.0 -999.0 -999.0 5400.0 -999.0 1 27 {-999.0 -999.0 -999.0 -999.0 -999.0} "" -999.0 -999.0 -999.0 -999.0 -999 -999 "" "" "" "" 0 0 0.0 0.0 -999 ""
FIBERMAP 1011 R+6C3 METROLOGY 1 0 0 1 0 0 -178.36615692663202 123.35330545188732 143.1 -178.36615692663202 123.35330545188732 9.994512 170.00317 -999.0 -999.0 -999.0 -999.0 -999.0 -999.0 -999.0 -999.0 -999.0 -999.0 -999.0 -999.0 6231.0 -999.0 -1 -999 {-999.0 -999.0 -999.0 -999.0 -999.0} "" -999.0 -999.0 -999.0 -999.0 -999 -999 "" "" "" "" 0 0 0.0 0.0 -999 ""
FIBERMAP 1012 R+1C12 APOGEE 0 0 0 1 0 0 -32.98300725597285 26.984242818731776 143.1 -32.98300725597285 26.984242818731776 10.010998 170.01805 -999.0 -999.0 -999.0 -999.0 -999.0 -999.0 -999.0 -999.0 -999.0 -999.0 -999.0 -999.0 16600.0 -999.0 2 -999 {-999.0 -999.0 -999.0 -999.0 -999.0} "" -999.0 -999.0 -999.0 -999.0 -999 -999 "" "" "" "" 0 0 0.0 0.0 -999 ""
FIBERMAP 1012 R+1C12 BOSS 0 0 0 1 0 0 -32.220609585920016 26.996152684770195 143.1 -32.220609585920016 26.996152684770195 10.010998 170.01805 -999.0 -999.0 -999.0 -999.0 -999.0 -999.0 -999.0 -999.0 -999.0 -999.0 -999.0 -999.0 5400.0 -999.0 1 22 {-999.0 -999.0 -999.0 -999.0 -999.0} "" -999.0 -999.0 -999.0 -999.0 -999 -999 "" "" "" "" 0 0 0.0 0.0 -999 ""
FIBERMAP 1012 R+1C12 METROLOGY 1 0 0 1 0 0 -32.596722858551914 26.34592757935476 143.1 -32.596722858551914 26.34592757935476 10.010998 170.01805 -999.0 -999.0 -999.0 -999.0 -999.0 -999.0 -999.0 -999.0 -999.0 -999.0 -999.0 -999.0 6231.0 -999.0 -1 -999 {-999.0 -999.0 -999.0 -999.0 -999.0} "" -999.0 -999.0 -999.0 -999.0 -999 -999 "" "" "" "" 0 0 0.0 0.0 -999 ""
FIBERMAP 1013 R+10C15 APOGEE 0 0 0 1 0 0 134.79426114874389 201.56343052720038 143.1 134.79426114874389 201.56343052720038 9.993846 170.00505 -999.0 -999.0 -999.0 -999.0 -999.0 -999.0 -999.0 -999.0 -999.0 -999.0 -999.0 -999.0 16600.0 -999.0 2 68 {-999.0 -999.0 -999.0 -999.0 -999.0} "" -999.0 -999.0 -999.0 -999.0 -999 -999 "" "" "" "" 0 0 0.0 0.0 -999 ""
FIBERMAP 1013 R+10C15 BOSS 0 0 0 1 0 0 135.5347398918585 201.59167657692103 143.1 135.5347398918585 201.59167657692103 9.993846 170.00505 -999.0 -999.0 -999.0 -999.0 -999.0 -999.0 -999.0 -999.0 -999.0 -999.0 -999.0 -999.0 5400.0 -999.0 1 228 {-999.0 -999.0 -999.0 -999.0 -999.0} "" -999.0 -999.0 -999.0 -999.0 -999 -999 "" "" "" "" 0 0 0.0 0.0 -999 ""
FIBERMAP 1013 R+10C15 METROLOGY 1 0 0 1 0 0 135.1996931834942 200.92942153143454 143.1 135.1996931834942 200.92942153143454 9.993846 170.00505 -999.0 -999.0 -999.0 -999.0 -999.0 -999.0 -999.0 -999.0 -999.0 -999.0 -999.0 -999.0 6231.0 -999.0 -1 -999 {-999.0 -999.0 -999.0 -999.0 -999.0} "" -999.0 -999.0 -999.0 -999.0 -999 -999 "" "" "" "" 0 0 0.0 0.0 -999 ""
FIBERMAP 1016 R+1C16 APOGEE 0 0 0 1 0 0 56.50578393306595 26.972687141620383 143.1 56.50578393306595 26.972687141620383 10.023401 170.00777 -999.0 -999.0 -999.0 -999.0 -999.0 -999.0 -999.0 -999.0 -999.0 -999.0 -999.0 -999.0 16600.0 -999.0 2 51 {-999.0 -999.0 -999.0 -999.0 -999.0} "" -999.0 -999.0 -999.0 -999.0 -999 -999 "" "" "" "" 0 0 0.0 0.0 -999 ""
FIBERMAP 1016 R+1C16 BOSS 0 0 0 1 0 0 57.24714479503829 26.989566286304562 143.1 57.24714479503829 26.989566286304562 10.023401 170.00777 -999.0 -999.0 -999.0 -999.0 -999.0 -999.0 -999.0 -999.0 -999.0 -999.0 -999.0 -999.0 5400.0 -999.0 1 190 {-999.0 -999.0 -999.0 -999.0 -999.0} "" -999.0 -999.0 -999.0 -999.0 -999 -999 "" "" "" "" 0 0 0.0 0.0 -999 ""
FIBERMAP 1016 R+1C16 METROLOGY 1 0 0 1 0 0 56.89555042078963 26.32710523879626 143.1 56.89555042078963 26.32710523879626 10.023401 170.00777 -999.0 -999.0 -999.0 -999.0 -999.0 -999.0 -999.0 -999.0 -999.0 -999.0 -999.0 -999.0 6231.0 -999.0 -1 -999 {-999.0 -999.0 -999.0 -999.0 -999.0} "" -999.0 -999.0 -999.0 -999.0 -999 -999 "" "" "" "" 0 0 0.0 0.0 -999 ""
FIBERMAP 1017 R+5C18 APOGEE 0 0 0 1 0 0 146.16029391180706 104.72578254231912 143.1 146.16029391180706 104.72578254231912 10.008724 170.007 -999.0 -999.0 -999.0 -999.0 -999.0 -999.0 -999.0 -999.0 -999.0 -999.0 -999.0 -999.0 16600.0 -999.0 2 70 {-999.0 -999.0 -999.0 -999.0 -999.0} "" -999.0 -999.0 -999.0 -999.0 -999 -999 "" "" "" "" 0 0 0.0 0.0 -999 ""
FIBERMAP 1017 R+5C18 BOSS 0 0 0 1 0 0 146.86745193769886 104.5805444597042 143.1 146.86745193769886 104.5805444597042 10.008724 170.007 -999.0 -999.0 -999.0 -999.0 -999.0 -999.0 -999.0 -999.0 -999.0 -999.0 -999.0 -999.0 5400.0 -999.0 1 209 {-999.0 -999.0 -999.0 -999.0 -999.0} "" -999.0 -999.0 -999.0 -999.0 -999 -999 "" "" "" "" 0 0 0.0 0.0 -999 ""
FIBERMAP 1017 R+5C18 METROLOGY 1 0 0 1 0 0 146.38805964646184 104.01557122505169 143.1 146.38805964646184 104.01557122505169 10.008724 170.007 -999.0 -999.0 -999.0 -999.0 -999.0 -999.0 -999.0 -999.0 -999.0 -999.0 -999.0 -999.0 6231.0 -999.0 -1 -999 {-999.0 -999.0 -999.0 -999.0 -999.0} "" -999.0 -999.0 -999.0 -999.0 -999 -999 "" "" "" "" 0 0 0.0 0.0 -999 ""
FIBERMAP 1018 R-1C8 APOGEE 0 0 0 1 0 0 -122.50529239021185 -11.862638957966256 143.1 -122.50529239021185 -11.862638957966256 9.994503 170.0074 -999.0 -999.0 -999.0 -999.0 -999.0 -999.0 -999.0 -999.0 -999.0 -999.0 -999.0 -999.0 16600.0 -999.0 2 -999 {-999.0 -999.0 -999.0 -999.0 -999.0} "" -999.0 -999.0 -999.0 -999.0 -999 -999 "" "" "" "" 0 0 0.0 0.0 -999 ""
FIBERMAP 1018 R-1C8 BOSS 0 0 0 1 0 0 -121.76457544309285 -11.856106396901918 143.1 -121.76457544309285 -11.856106396901918 9.994503 170.0074 -999.0 -999.0 -999.0 -999.0 -999.0 -999.0 -999.0 -999.0 -999.0 -999.0 -999.0 -999.0 5400.0 -999.0 1 482 {-999.0 -999.0 -999.0 -999.0 -999.0} "" -999.0 -999.0 -999.0 -999.0 -999 -999 "" "" "" "" 0 0 0.0 0.0 -999 ""
FIBERMAP 1018 R-1C8 METROLOGY 1 0 0 1 0 0 -122.12891152530105 -12.506843448047468 143.1 -122.12891152530105 -12.506843448047468 9.994503 170.0074 -999.0 -999.0 -999.0 -999.0 -999.0 -999.0 -999.0 -999.0 -999.0 -999.0 -999.0 -999.0 6231.0 -999.0 -1 -999 {-999.0 -999.0 -999.0 -999.0 -999.0} "" -999.0 -999.0 -999.0 -999.0 -999 -999 "" "" "" "" 0 0 0.0 0.0 -999 ""
FIBERMAP 1019 R+3C24 APOGEE 0 0 0 1 0 0 257.93736344821406 65.80607866737883 143.1 257.93736344821406 65.80607866737883 10.005315 170.0238 -999.0 -999.0 -999.0 -999.0 -999.0 -999.0 -999.0 -999.0 -999.0 -999.0 -999.0 -999.0 16600.0 -999.0 2 84 {-999.0 -999.0 -999.0 -999.0 -999.0} "" -999.0 -999.0 -999.0 -999.0 -999 -999 "" "" "" "" 0 0 0.0 0.0 -999 ""
FIBERMAP 1019 R+3C24 BOSS 0 0 0 1 0 0 258.6764197792198 65.80405544317082 143.1 258.6764197792198 65.80405544317082 10.005315 170.0238 -999.0 -999.0 -999.0 -999.0 -999.0 -999.0 -999.0 -999.0 -999.0 -999.0 -999.0 -999.0 5400.0 -999.0 1 246 {-999.0 -999.0 -999.0 -999.0 -999.0} "" -999.0 -999.0 -999.0 -999.0 -999 -999 "" "" "" "" 0 0 0.0 0.0 -999 ""
FIBERMAP 1019 R+3C24 METROLOGY 1 0 0 1 0 0 258.30879898987064 65.15982422759745 143.1 258.30879898987064 65.15982422759745 10.005315 170.0238 -999.0 -999.0 -999.0 -999.0 -999.0 -999.0 -999.0 -999.0 -999.0 -999.0 -999.0 -999.0 6231.0 -999.0 -1 -999 {-999.0 -999.0 -999.0 -999.0 -999.0} "" -999.0 -999.0 -999.0 -999.0 -999 -999 "" "" "" "" 0 0 0.0 0.0 -999 ""
FIBERMAP 1025 R-7C7 APOGEE 0 0 0 1 0 0 -77.61005373536 -128.16191573392243 143.1 -77.61005373536 -128.16191573392243 10.011676 170.00916 -999.0 -999.0 -999.0 -999.0 -999.0 -999.0 -999.0 -999.0 -999.0 -999.0 -999.0 -999.0 16600.0 -999.0 2 294 {-999.0 -999.0 -999.0 -999.0 -999.0} "" -999.0 -999.0 -999.0 -999.0 -999 -999 "" "" "" "" 0 0 0.0 0.0 -999 ""
FIBERMAP 1025 R-7C7 BOSS 0 0 0 1 0 0 -76.87201729155606 -128.14770125069805 143.1 -76.87201729155606 -128.14770125069805 10.011676 170.00916 -999.0 -999.0 -999.0 -999.0 -999.0 -999.0 -999.0 -999.0 -999.0 -999.0 -999.0 -999.0 5400.0 -999.0 1 410 {-999.0 -999.0 -999.0 -999.0 -999.0} "" -999.0 -999.0 -999.0 -999.0 -999 -999 "" "" "" "" 0 0 0.0 0.0 -999 ""
FIBERMAP 1025 R-7C7 METROLOGY 1 0 0 1 0 0 -77.22982263661287 -128.80587726762457 143.1 -77.22982263661287 -128.80587726762457 10.011676 170.00916 -999.0 -999.0 -999.0 -999.0 -999.0 -999.0 -999.0 -999.0 -999.0 -999.0 -999.0 -999.0 6231.0 -999.0 -1 -999 {-999.0 -999.0 -999.0 -999.0 -999.0} "" -999.0 -999.0 -999.0 -999.0 -999 -999 "" "" "" "" 0 0 0.0 0.0 -999 ""
FIBERMAP 1028 R+9C8 APOGEE 0 0 0 1 0 0 -32.29386449617237 182.24729575154842 143.1 -32.29386449617237 182.24729575154842 10.0063 170.0209 -999.0 -999.0 -999.0 -999.0 -999.0 -999.0 -999.0 -999.0 -999.0 -999.0 -999.0 -999.0 16600.0 -999.0 2 2 {-999.0 -999.0 -999.0 -999.0 -999.0} "" -999.0 -999.0 -999.0 -999.0 -999 -999 "" "" "" "" 0 0 0.0 0.0 -999 ""
FIBERMAP 1028 R+9C8 BOSS 0 0 0 1 0 0 -31.555257802344823 182.22712078617582 143.1 -31.555257802344823 182.22712078617582 10.0063 170.0209 -999.0 -999.0 -999.0 -999.0 -999.0 -999.0 -999.0 -999.0 -999.0 -999.0 -999.0 -999.0 5400.0 -999.0 1 124 {-999.0 -999.0 -999.0 -999.0 -999.0} "" -999.0 -999.0 -999.0 -999.0 -999 -999 "" "" "" "" 0 0 0.0 0.0 -999 ""
FIBERMAP 1028 R+9C8 METROLOGY 1 0 0 1 0 0 -31.942045705711408 181.592697843951 143.1 -31.942045705711408 181.592697843951 10.0063 170.0209 -999.0 -999.0 -999.0 -999.0 -999.0 -999.0 -999.0 -999.0 -999.0 -999.0 -999.0 -999.0 6231.0 -999.0 -1 -999 {-999.0 -999.0 -999.0 -999.0 -999.0} "" -999.0 -999.0 -999.0 -999.0 -999 -999 "" "" "" "" 0 0 0.0 0.0 -999 ""
FIBERMAP 1032 R+2C8 APOGEE 0 0 0 1 0 0 -111.25085290314236 46.2631853471466 143.1 -111.25085290314236 46.2631853471466 9.99373 169.99979 -999.0 -999.0 -999.0 -999.0 -999.0 -999.0 -999.0 -999.0 -999.0 -999.0 -999.0 -999.0 16600.0 -999.0 2 -999 {-999.0 -999.0 -999.0 -999.0 -999.0} "" -999.0 -999.0 -999.0 -999.0 -999 -999 "" "" "" "" 0 0 0.0 0.0 -999 ""
FIBERMAP 1032 R+2C8 BOSS 0 0 0 1 0 0 -110.4987273302395 46.26688339176582 143.1 -110.4987273302395 46.26688339176582 9.99373 169.99979 -999.0 -999.0 -999.0 -999.0 -999.0 -999.0 -999.0 -999.0 -999.0 -999.0 -999.0 -999.0 5400.0 -999.0 1 44 {-999.0 -999.0 -999.0 -999.0 -999.0} "" -999.0 -999.0 -999.0 -999.0 -999 -999 "" "" "" "" 0 0 0.0 0.0 -999 ""
FIBERMAP 1032 R+2C8 METROLOGY 1 0 0 1 0 0 -110.87011934360461 45.621543751586024 143.1 -110.87011934360461 45.621543751586024 9.99373 169.99979 -999.0 -999.0 -999.0 -999.0 -999.0 -999.0 -999.0 -999.0 -999.0 -999.0 -999.0 -999.0 6231.0 -999.0 -1 -999 {-999.0 -999.0 -999.0 -999.0 -999.0} "" -999.0 -999.0 -999.0 -999.0 -999 -999 "" "" "" "" 0 0 0.0 0.0 -999 ""
FIBERMAP 1034 R+13C2 APOGEE 0 0 0 1 0 0 -122.53860191475947 259.54243926630045 143.1 -122.53860191475947 259.54243926630045 10.001661 170.00575 -999.0 -999.0 -999.0 -999.0 -999.0 -999.0 -999.0 -999.0 -999.0 -999.0 -999.0 -999.0 16600.0 -999.0 2 113 {-999.0 -999.0 -999.0 -999.0 -999.0} "" -999.0 -999.0 -999.0 -999.0 -999 -999 "" "" "" "" 0 0 0.0 0.0 -999 ""
FIBERMAP 1034 R+13C2 BOSS 0 0 0 1 0 0 -121.79085135741747 259.5329365437931 143.1 -121.79085135741747 259.5329365437931 10.001661 170.00575 -999.0 -999.0 -999.0 -999.0 -999.0 -999.0 -999.0 -999.0 -999.0 -999.0 -999.0 -999.0 5400.0 -999.0 1 95 {-999.0 -999.0 -999.0 -999.0 -999.0} "" -999.0 -999.0 -999.0 -999.0 -999 -999 "" "" "" "" 0 0 0.0 0.0 -999 ""
FIBERMAP 1034 R+13C2 METROLOGY 1 0 0 1 0 0 -122.16009205603515 258.89434524378703 143.1 -122.16009205603515 258.89434524378703 10.001661 170.00575 -999.0 -999.0 -999.0 -999.0 -999.0 -999.0 -999.0 -999.0 -999.0 -999.0 -999.0 -999.0 6231.0 -999.0 -1 -999 {-999.0 -999.0 -999.0 -999.0 -999.0} "" -999.0 -999.0 -999.0 -999.0 -999 -999 "" "" "" "" 0 0 0.0 0.0 -999 ""
FIBERMAP 1036 R0C17 APOGEE 0 0 0 1 0 0 67.90799737633559 7.6466031666092515 143.1 67.90799737633559 7.6466031666092515 10.003501 169.99747 -999.0 -999.0 -999.0 -999.0 -999.0 -999.0 -999.0 -999.0 -999.0 -999.0 -999.0 -999.0 16600.0 -999.0 2 47 {-999.0 -999.0 -999.0 -999.0 -999.0} "" -999.0 -999.0 -999.0 -999.0 -999 -999 "" "" "" "" 0 0 0.0 0.0 -999 ""
FIBERMAP 1036 R0C17 BOSS 0 0 0 1 0 0 68.66101987799946 7.661214520253068 143.1 68.66101987799946 7.661214520253068 10.003501 169.99747 -999.0 -999.0 -999.0 -999.0 -999.0 -999.0 -999.0 -999.0 -999.0 -999.0 -999.0 -999.0 5400.0 -999.0 1 181 {-999.0 -999.0 -999.0 -999.0 -999.0} "" -999.0 -999.0 -999.0 -999.0 -999 -999 "" "" "" "" 0 0 0.0 0.0 -999 ""
FIBERMAP 1036 R0C17 METROLOGY 1 0 0 1 0 0 68.28451217538772 6.994630910746137 143.1 68.28451217538772 6.994630910746137 10.003501 169.99747 -999.0 -999.0 -999.0 -999.0 -999.0 -999.0 -999.0 -999.0 -999.0 -999.0 -999.0 -999.0 6231.0 -999.0 -1 -999 {-999.0 -999.0 -999.0 -999.0 -999.0} "" -999.0 -999.0 -999.0 -999.0 -999 -999 "" "" "" "" 0 0 0.0 0.0 -999 ""
FIBERMAP 1037 R+4C11 APOGEE 0 0 0 1 0 0 -22.0679300352687 85.19385930209161 143.1 -22.0679300352687 85.19385930209161 9.994104 170.00055 -999.0 -999.0 -999.0 -999.0 -999.0 -999.0 -999.0 -999.0 -999.0 -999.0 -999.0 -999.0 16600.0 -999.0 2 -999 {-999.0 -999.0 -999.0 -999.0 -999.0} "" -999.0 -999.0 -999.0 -999.0 -999 -999 "" "" "" "" 0 0 0.0 0.0 -999 ""
FIBERMAP 1037 R+4C11 BOSS 0 0 0 1 0 0 -21.325991870774057 85.21761457006022 143.1 -21.325991870774057 85.21761457006022 9.994104 170.00055 -999.0 -999.0 -999.0 -999.0 -999.0 -999.0 -999.0 -999.0 -999.0 -999.0 -999.0 -999.0 5400.0 -999.0 1 113 {-999.0 -999.0 -999.0 -999.0 -999.0} "" -999.0 -999.0 -999.0 -999.0 -999 -999 "" "" "" "" 0 0 0.0 0.0 -999 ""
FIBERMAP 1037 R+4C11 METROLOGY 1 0 0 1 0 0 -21.677619757264775 84.5579977861966 143.1 -21.677619757264775 84.5579977861966 9.994104 170.00055 -999.0 -999.0 -999.0 -999.0 -999.0 -999.0 -999.0 -999.0 -999.0 -999.0 -999.0 -999.0 6231.0 -999.0 -1 -999 {-999.0 -999.0 -999.0 -999.0 -999.0} "" -999.0 -999.0 -999.0 -999.0 -999 -999 "" "" "" "" 0 0 0.0 0.0 -999 ""
FIBERMAP 1039 R-1C4 APOGEE 0 0 0 1 0 0 -212.05626003047217 -11.931191499354851 143.1 -212.05626003047217 -11.931191499354851 10.024597 170.0233 -999.0 -999.0 -999.0 -999.0 -999.0 -999.0 -999.0 -999.0 -999.0 -999.0 -999.0 -999.0 16600.0 -999.0 2 -999 {-999.0 -999.0 -999.0 -999.0 -999.0} "" -999.0 -999.0 -999.0 -999.0 -999 -999 "" "" "" "" 0 0 0.0 0.0 -999 ""
FIBERMAP 1039 R-1C4 BOSS 0 0 0 1 0 0 -211.3071106308198 -11.92307753320773 143.1 -211.3071106308198 -11.92307753320773 10.024597 170.0233 -999.0 -999.0 -999.0 -999.0 -999.0 -999.0 -999.0 -999.0 -999.0 -999.0 -999.0 -999.0 5400.0 -999.0 1 432 {-999.0 -999.0 -999.0 -999.0 -999.0} "" -999.0 -999.0 -999.0 -999.0 -999 -999 "" "" "" "" 0 0 0.0 0.0 -999 ""
FIBERMAP 1039 R-1C4 METROLOGY 1 0 0 1 0 0 -211.68314675565398 -12.577294018051582 143.1 -211.68314675565398 -12.577294018051582 10.024597 170.0233 -999.0 -999.0 -999.0 -999.0 -999.0 -999.0 -999.0 -999.0 -999.0 -999.0 -999.0 -999.0 6231.0 -999.0 -1 -999 {-999.0 -999.0 -999.0 -999.0 -999.0} "" -999.0 -999.0 -999.0 -999.0 -999 -999 "" "" "" "" 0 0 0.0 0.0 -999 ""
FIBERMAP 1040 R+5C11 APOGEE 0 0 0 1 0 0 -10.774278293532443 104.62020476483268 143.1 -10.774278293532443 104.62020476483268 10.013253 170.00752 -999.0 -999.0 -999.0 -999.0 -999.0 -999.0 -999.0 -999.0 -999.0 -999.0 -999.0 -999.0 16600.0 -999.0 2 20 {-999.0 -999.0 -999.0 -999.0 -999.0} "" -999.0 -999.0 -999.0 -999.0 -999 -999 "" "" "" "" 0 0 0.0 0.0 -999 ""
FIBERMAP 1040 R+5C11 BOSS 0 0 0 1 0 0 -10.023884882731998 104.6096995182054 143.1 -10.023884882731998 104.6096995182054 10.013253 170.00752 -999.0 -999.0 -999.0 -999.0 -999.0 -999.0 -999.0 -999.0 -999.0 -999.0 -999.0 -999.0 5400.0 -999.0 1 137 {-999.0 -999.0 -999.0 -999.0 -999.0} "" -999.0 -999.0 -999.0 -999.0 -999 -999 "" "" "" "" 0 0 0.0 0.0 -999 ""
FIBERMAP 1040 R+5C11 METROLOGY 1 0 0 1 0 0 -10.400123339058203 103.96783434835932 143.1 -10.400123339058203 103.96783434835932 10.013253 170.00752 -999.0 -999.0 -999.0 -999.0 -999.0 -999.0 -999.0 -999.0 -999.0 -999.0 -999.0 -999.0 6231.0 -999.0 -1 -999 {-999.0 -999.0 -999.0 -999.0 -999.0} "" -999.0 -999.0 -999.0 -999.0 -999 -999 "" "" "" "" 0 0 0.0 0.0 -999 ""
FIBERMAP 1044 R+13C10 APOGEE 0 0 0 1 0 0 56.20391389068924 259.7613803531779 143.1 56.20391389068924 259.7613803531779 10.009464 170.00417 -999.0 -999.0 -999.0 -999.0 -999.0 -999.0 -999.0 -999.0 -999.0 -999.0 -999.0 -999.0 16600.0 -999.0 2 50 {-999.0 -999.0 -999.0 -999.0 -999.0} "" -999.0 -999.0 -999.0 -999.0 -999 -999 "" "" "" "" 0 0 0.0 0.0 -999 ""
FIBERMAP 1044 R+13C10 BOSS 0 0 0 1 0 0 56.951057311860986 259.78471710487713 143.1 56.951057311860986 259.78471710487713 10.009464 170.00417 -999.0 -999.0 -999.0 -999.0 -999.0 -999.0 -999.0 -999.0 -999.0 -999.0 -999.0 -999.0 5400.0 -999.0 1 164 {-999.0 -999.0 -999.0 -999.0 -999.0} "" -999.0 -999.0 -999.0 -999.0 -999 -999 "" "" "" "" 0 0 0.0 0.0 -999 ""
FIBERMAP 1044 R+13C10 METROLOGY 1 0 0 1 0 0 56.59894962078253 259.12237364220135 143.1 56.59894962078253 259.12237364220135 10.009464 170.00417 -999.0 -999.0 -999.0 -999.0 -999.0 -999.0 -999.0 -999.0 -999.0 -999.0 -999.0 -999.0 6231.0 -999.0 -1 -999 {-999.0 -999.0 -999.0 -999.0 -999.0} "" -999.0 -999.0 -999.0 -999.0 -999 -999 "" "" "" "" 0 0 0.0 0.0 -999 ""
FIBERMAP 1046 R+5C21 APOGEE 0 0 0 1 0 0 213.41968696106517 104.65130493321925 143.1 213.41968696106517 104.65130493321925 10.008189 170.00638 -999.0 -999.0 -999.0 -999.0 -999.0 -999.0 -999.0 -999.0 -999.0 -999.0 -999.0 -999.0 16600.0 -999.0 2 -999 {-999.0 -999.0 -999.0 -999.0 -999.0} "" -999.0 -999.0 -999.0 -999.0 -999 -999 "" "" "" "" 0 0 0.0 0.0 -999 ""
FIBERMAP 1046 R+5C21 BOSS 0 0 0 1 0 0 214.15470601875998 104.67423087238343 143.1 214.15470601875998 104.67423087238343 10.008189 170.00638 -999.0 -999.0 -999.0 -999.0 -999.0 -999.0 -999.0 -999.0 -999.0 -999.0 -999.0 -999.0 5400.0 -999.0 1 237 {-999.0 -999.0 -999.0 -999.0 -999.0} "" -999.0 -999.0 -999.0 -999.0 -999 -999 "" "" "" "" 0 0 0.0 0.0 -999 ""
FIBERMAP 1046 R+5C21 METROLOGY 1 0 0 1 0 0 213.80706031400038 104.01364995915607 143.1 213.80706031400038 104.01364995915607 10.008189 170.00638 -999.0 -999.0 -999.0 -999.0 -999.0 -999.0 -999.0 -999.0 -999.0 -999.0 -999.0 -999.0 6231.0 -999.0 -1 -999 {-999.0 -999.0 -999.0 -999.0 -999.0} "" -999.0 -999.0 -999.0 -999.0 -999 -999 "" "" "" "" 0 0 0.0 0.0 -999 ""
FIBERMAP 1051 R-5C20 APOGEE 0 0 0 1 0 0 191.14565280269824 -89.39045323533102 143.1 191.14565280269824 -89.39045323533102 9.998008 170.00298 -999.0 -999.0 -999.0 -999.0 -999.0 -999.0 -999.0 -999.0 -999.0 -999.0 -999.0 -999.0 16600.0 -999.0 2 233 {-999.0 -999.0 -999.0 -999.0 -999.0} "" -999.0 -999.0 -999.0 -999.0 -999 -999 "" "" "" "" 0 0 0.0 0.0 -999 ""
FIBERMAP 1051 R-5C20 BOSS 0 0 0 1 0 0 191.88947665200544 -89.34992766433537 143.1 191.88947665200544 -89.34992766433537 9.998008 170.00298 -999.0 -999.0 -999.0 -999.0 -999.0 -999.0 -999.0 -999.0 -999.0 -999.0 -999.0 -999.0 5400.0 -999.0 1 278 {-999.0 -999.0 -999.0 -999.0 -999.0} "" -999.0 -999.0 -999.0 -999.0 -999 -999 "" "" "" "" 0 0 0.0 0.0 -999 ""
FIBERMAP 1051 R-5C20 METROLOGY 1 0 0 1 0 0 191.55736269557812 -90.01726695374334 143.1 191.55736269557812 -90.01726695374334 9.998008 170.00298 -999.0 -999.0 -999.0 -999.0 -999.0 -999.0 -999.0 -999.0 -999.0 -999.0 -999.0 -999.0 6231.0 -999.0 -1 -999 {-999.0 -999.0 -999.0 -999.0 -999.0} "" -999.0 -999.0 -999.0 -999.0 -999 -999 "" "" "" "" 0 0 0.0 0.0 -999 ""
FIBERMAP 1054 R-2C7 APOGEE 0 0 0 1 0 0 -133.74555694265882 -31.208647195005355 143.1 -133.74555694265882 -31.208647195005355 10.002449 170.01314 -999.0 -999.0 -999.0 -999.0 -999.0 -999.0 -999.0 -999.0 -999.0 -999.0 -999.0 -999.0 16600.0 -999.0 2 255 {-999.0 -999.0 -999.0 -999.0 -999.0} "" -999.0 -999.0 -999.0 -999.0 -999 -999 "" "" "" "" 0 0 0.0 0.0 -999 ""
FIBERMAP 1054 R-2C7 BOSS 0 0 0 1 0 0 -133.00236881454848 -31.222510102937385 143.1 -133.00236881454848 -31.222510102937385 10.002449 170.01314 -999.0 -999.0 -999.0 -999.0 -999.0 -999.0 -999.0 -999.0 -999.0 -999.0 -999.0 -999.0 5400.0 -999.0 1 471 {-999.0 -999.0 -999.0 -999.0 -999.0} "" -999.0 -999.0 -999.0 -999.0 -999 -999 "" "" "" "" 0 0 0.0 0.0 -999 ""
FIBERMAP 1054 R-2C7 METROLOGY 1 0 0 1 0 0 -133.3869947025816 -31.86094095731736 143.1 -133.3869947025816 -31.86094095731736 10.002449 170.01314 -999.0 -999.0 -999.0 -999.0 -999.0 -999.0 -999.0 -999.0 -999.0 -999.0 -999.0 -999.0 6231.0 -999.0 -1 -999 {-999.0 -999.0 -999.0 -999.0 -999.0} "" -999.0 -999.0 -999.0 -999.0 -999 -999 "" "" "" "" 0 0 0.0 0.0 -999 ""
FIBERMAP 1056 R-6C9 APOGEE 0 0 0 1 0 0 -44.39259075451677 -108.85905181674377 143.1 -44.39259075451677 -108.85905181674377 9.993404 169.99953 -999.0 -999.0 -999.0 -999.0 -999.0 -999.0 -999.0 -999.0 -999.0 -999.0 -999.0 -999.0 16600.0 -999.0 2 -999 {-999.0 -999.0 -999.0 -999.0 -999.0} "" -999.0 -999.0 -999.0 -999.0 -999 -999 "" "" "" "" 0 0 0.0 0.0 -999 ""
FIBERMAP 1056 R-6C9 BOSS 0 0 0 1 0 0 -43.649696657622066 -108.85107629598676 143.1 -43.649696657622066 -108.85107629598676 9.993404 169.99953 -999.0 -999.0 -999.0 -999.0 -999.0 -999.0 -999.0 -999.0 -999.0 -999.0 -999.0 -999.0 5400.0 -999.0 1 399 {-999.0 -999.0 -999.0 -999.0 -999.0} "" -999.0 -999.0 -999.0 -999.0 -999 -999 "" "" "" "" 0 0 0.0 0.0 -999 ""
FIBERMAP 1056 R-6C9 METROLOGY 1 0 0 1 0 0 -44.016287143369944 -109.50330143665026 143.1 -44.016287143369944 -109.50330143665026 9.993404 169.99953 -999.0 -999.0 -999.0 -999.0 -999.0 -999.0 -999.0 -999.0 -999.0 -999.0 -999.0 -999.0 6231.0 -999.0 -1 -999 {-999.0 -999.0 -999.0 -999.0 -999.0} "" -999.0 -999.0 -999.0 -999.0 -999 -999 "" "" "" "" 0 0 0.0 0.0 -999 ""
FIBERMAP 1058 R-4C23 APOGEE 0 0 0 1 0 0 247.0671412122757 -69.99112665428044 143.1 247.0671412122757 -69.99112665428044 10.006413 169.99675 -999.0 -999.0 -999.0 -999.0 -999.0 -999.0 -999.0 -999.0 -999.0 -999.0 -999.0 -999.0 16600.0 -999.0 2 221 {-999.0 -999.0 -999.0 -999.0 -999.0} "" -999.0 -999.0 -999.0 -999.0 -999 -999 "" "" "" "" 0 0 0.0 0.0 -999 ""
FIBERMAP 1058 R-4C23 BOSS 0 0 0 1 0 0 247.80174268334565 -69.97734512990428 143.1 247.80174268334565 -69.97734512990428 10.006413 169.99675 -999.0 -999.0 -999.0 -999.0 -999.0 -999.0 -999.0 -999.0 -999.0 -999.0 -999.0 -999.0 5400.0 -999.0 1 252 {-999.0 -999.0 -999.0 -999.0 -999.0} "" -999.0 -999.0 -999.0 -999.0 -999 -999 "" "" "" "" 0 0 0.0 0.0 -999 ""
FIBERMAP 1058 R-4C23 METROLOGY 1 0 0 1 0 0 247.4500638728544 -70.63714031950049 143.1 247.4500638728544 -70.63714031950049 10.006413 169.99675 -999.0 -999.0 -999.0 -999.0 -999.0 -999.0 -999.0 -999.0 -999.0 -999.0 -999.0 -999.0 6231.0 -999.0 -1 -999 {-999.0 -999.0 -999.0 -999.0 -999.0} "" -999.0 -999.0 -999.0 -999.0 -999 -999 "" "" "" "" 0 0 0.0 0.0 -999 ""
FIBERMAP 1063 R0C13 APOGEE 0 0 0 1 0 0 -21.665749864995977 7.497775575616747 143.1 -21.665749864995977 7.497775575616747 10.009063 170.0071 -999.0 -999.0 -999.0 -999.0 -999.0 -999.0 -999.0 -999.0 -999.0 -999.0 -999.0 -999.0 16600.0 -999.0 2 292 {-999.0 -999.0 -999.0 -999.0 -999.0} "" -999.0 -999.0 -999.0 -999.0 -999 -999 "" "" "" "" 0 0 0.0 0.0 -999 ""
FIBERMAP 1063 R0C13 BOSS 0 0 0 1 0 0 -20.925704477777757 7.5214228158881005 143.1 -20.925704477777757 7.5214228158881005 10.009063 170.0071 -999.0 -999.0 -999.0 -999.0 -999.0 -999.0 -999.0 -999.0 -999.0 -999.0 -999.0 -999.0 5400.0 -999.0 1 430 {-999.0 -999.0 -999.0 -999.0 -999.0} "" -999.0 -999.0 -999.0 -999.0 -999 -999 "" "" "" "" 0 0 0.0 0.0 -999 ""
FIBERMAP 1063 R0C13 METROLOGY 1 0 0 1 0 0 -21.265470303958562 6.860959463974722 143.1 -21.265470303958562 6.860959463974722 10.009063 170.0071 -999.0 -999.0 -999.0 -999.0 -999.0 -999.0 -999.0 -999.0 -999.0 -999.0 -999.0 -999.0 6231.0 -999.0 -1 -999 {-999.0 -999.0 -999.0 -999.0 -999.0} "" -999.0 -999.0 -999.0 -999.0 -999 -999 "" "" "" "" 0 0 0.0 0.0 -999 ""
FIBERMAP 1068 R-2C8 APOGEE 0 0 0 1 0 0 -111.4155395385441 -31.282537833008643 143.1 -111.4155395385441 -31.282537833008643 10.0016575 169.99986 -999.0 -999.0 -999.0 -999.0 -999.0 -999.0 -999.0 -999.0 -999.0 -999.0 -999.0 -999.0 16600.0 -999.0 2 -999 {-999.0 -999.0 -999.0 -999.0 -999.0} "" -999.0 -999.0 -999.0 -999.0 -999 -999 "" "" "" "" 0 0 0.0 0.0 -999 ""
FIBERMAP 1068 R-2C8 BOSS 0 0 0 1 0 0 -110.66492801830609 -31.27879059995231 143.1 -110.66492801830609 -31.27879059995231 10.0016575 169.99986 -999.0 -999.0 -999.0 -999.0 -999.0 -999.0 -999.0 -999.0 -999.0 -999.0 -999.0 -999.0 5400.0 -999.0 1 450 {-999.0 -999.0 -999.0 -999.0 -999.0} "" -999.0 -999.0 -999.0 -999.0 -999 -999 "" "" "" "" 0 0 0.0 0.0 -999 ""
FIBERMAP 1068 R-2C8 METROLOGY 1 0 0 1 0 0 -111.03277272014428 -31.922968581211677 143.1 -111.03277272014428 -31.922968581211677 10.0016575 169.99986 -999.0 -999.0 -999.0 -999.0 -999.0 -999.0 -999.0 -999.0 -999.0 -999.0 -999.0 -999.0 6231.0 -999.0 -1 -999 {-999.0 -999.0 -999.0 -999.0 -999.0} "" -999.0 -999.0 -999.0 -999.0 -999 -999 "" "" "" "" 0 0 0.0 0.0 -999 ""
FIBERMAP 1069 R+11C10 APOGEE 0 0 0 1 0 0 34.122666481214395 221.01138322368797 143.1 34.122666481214395 221.01138322368797 9.99217 170.00426 -999.0 -999.0 -999.0 -999.0 -999.0 -999.0 -999.0 -999.0 -999.0 -999.0 -999.0 -999.0 16600.0 -999.0 2 18 {-999.0 -999.0 -999.0 -999.0 -999.0} "" -999.0 -999.0 -999.0 -999.0 -999 -999 "" "" "" "" 0 0 0.0 0.0 -999 ""
FIBERMAP 1069 R+11C10 BOSS 0 0 0 1 0 0 34.86286066426274 221.02759245419662 143.1 34.86286066426274 221.02759245419662 9.99217 170.00426 -999.0 -999.0 -999.0 -999.0 -999.0 -999.0 -999.0 -999.0 -999.0 -999.0 -999.0 -999.0 5400.0 -999.0 1 109 {-999.0 -999.0 -999.0 -999.0 -999.0} "" -999.0 -999.0 -999.0 -999.0 -999 -999 "" "" "" "" 0 0 0.0 0.0 -999 ""
FIBERMAP 1069 R+11C10 METROLOGY 1 0 0 1 0 0 34.51825270229397 220.36874812523482 143.1 34.51825270229397 220.36874812523482 9.99217 170.00426 -999.0 -999.0 -999.0 -999.0 -999.0 -999.0 -999.0 -999.0 -999.0 -999.0 -999.0 -999.0 6231.0 -999.0 -1 -999 {-999.0 -999.0 -999.0 -999.0 -999.0} "" -999.0 -999.0 -999.0 -999.0 -999 -999 "" "" "" "" 0 0 0.0 0.0 -999 ""
FIBERMAP 1070 R+9C13 APOGEE 0 0 0 1 0 0 78.93637087918344 182.2661563854481 143.1 78.93637087918344 182.2661563854481 10.00473 169.99084 -999.0 -999.0 -999.0 -999.0 -999.0 -999.0 -999.0 -999.0 -999.0 -999.0 -999.0 -999.0 16600.0 -999.0 2 55 {-999.0 -999.0 -999.0 -999.0 -999.0} "" -999.0 -999.0 -999.0 -999.0 -999 -999 "" "" "" "" 0 0 0.0 0.0 -999 ""
FIBERMAP 1070 R+9C13 BOSS 0 0 0 1 0 0 79.67255519737773 182.2524555170324 143.1 79.67255519737773 182.2524555170324 10.00473 169.99084 -999.0 -999.0 -999.0 -999.0 -999.0 -999.0 -999.0 -999.0 -999.0 -999.0 -999.0 -999.0 5400.0 -999.0 1 152 {-999.0 -999.0 -999.0 -999.0 -999.0} "" -999.0 -999.0 -999.0 -999.0 -999 -999 "" "" "" "" 0 0 0.0 0.0 -999 ""
FIBERMAP 1070 R+9C13 METROLOGY 1 0 0 1 0 0 79.29088470561013 181.61015190784215 143.1 79.29088470561013 181.61015190784215 10.00473 169.99084 -999.0 -999.0 -999.0 -999.0 -999.0 -999.0 -999.0 -999.0 -999.0 -999.0 -999.0 -999.0 6231.0 -999.0 -1 -999 {-999.0 -999.0 -999.0 -999.0 -999.0} "" -999.0 -999.0 -999.0 -999.0 -999 -999 "" "" "" "" 0 0 0.0 0.0 -999 ""
FIBERMAP 1078 R-3C9 APOGEE 0 0 0 1 0 0 -77.72431538824621 -50.641114396857475 143.1 -77.72431538824621 -50.641114396857475 10.01147 170.0152 -999.0 -999.0 -999.0 -999.0 -999.0 -999.0 -999.0 -999.0 -999.0 -999.0 -999.0 -999.0 16600.0 -999.0 2 245 {-999.0 -999.0 -999.0 -999.0 -999.0} "" -999.0 -999.0 -999.0 -999.0 -999 -999 "" "" "" "" 0 0 0.0 0.0 -999 ""
FIBERMAP 1078 R-3C9 BOSS 0 0 0 1 0 0 -76.98621268577136 -50.62642546050262 143.1 -76.98621268577136 -50.62642546050262 10.01147 170.0152 -999.0 -999.0 -999.0 -999.0 -999.0 -999.0 -999.0 -999.0 -999.0 -999.0 -999.0 -999.0 5400.0 -999.0 1 470 {-999.0 -999.0 -999.0 -999.0 -999.0} "" -999.0 -999.0 -999.0 -999.0 -999 -999 "" "" "" "" 0 0 0.0 0.0 -999 ""
FIBERMAP 1078 R-3C9 METROLOGY 1 0 0 1 0 0 -77.36249738188552 -51.27145302372992 143.1 -77.36249738188552 -51.27145302372992 10.01147 170.0152 -999.0 -999.0 -999.0 -999.0 -999.0 -999.0 -999.0 -999.0 -999.0 -999.0 -999.0 -999.0 6231.0 -999.0 -1 -999 {-999.0 -999.0 -999.0 -999.0 -999.0} "" -999.0 -999.0 -999.0 -999.0 -999 -999 "" "" "" "" 0 0 0.0 0.0 -999 ""
FIBERMAP 1081 R-1C22 APOGEE 0 0 0 1 0 0 191.20508136664054 -11.831145109528848 143.1 191.20508136664054 -11.831145109528848 10.009136 169.99992 -999.0 -999.0 -999.0 -999.0 -999.0 -999.0 -999.0 -999.0 -999.0 -999.0 -999.0 -999.0 16600.0 -999.0 2 196 {-999.0 -999.0 -999.0 -999.0 -999.0} "" -999.0 -999.0 -999.0 -999.0 -999 -999 "" "" "" "" 0 0 0.0 0.0 -999 ""
FIBERMAP 1081 R-1C22 BOSS 0 0 0 1 0 0 191.9492064139966 -11.82952816454233 143.1 191.9492064139966 -11.82952816454233 10.009136 169.99992 -999.0 -999.0 -999.0 -999.0 -999.0 -999.0 -999.0 -999.0 -999.0 -999.0 -999.0 -999.0 5400.0 -999.0 1 313 {-999.0 -999.0 -999.0 -999.0 -999.0} "" -999.0 -999.0 -999.0 -999.0 -999 -999 "" "" "" "" 0 0 0.0 0.0 -999 ""
FIBERMAP 1081 R-1C22 METROLOGY 1 0 0 1 0 0 191.58065585980177 -12.482569774912417 143.1 191.58065585980177 -12.482569774912417 10.009136 169.99992 -999.0 -999.0 -999.0 -999.0 -999.0 -999.0 -999.0 -999.0 -999.0 -999.0 -999.0 -999.0 6231.0 -999.0 -1 -999 {-999.0 -999.0 -999.0 -999.0 -999.0} "" -999.0 -999.0 -999.0 -999.0 -999 -999 "" "" "" "" 0 0 0.0 0.0 -999 ""
FIBERMAP 1083 R-3C10 APOGEE 0 0 0 1 0 0 -55.40693879143234 -50.681840426531636 143.1 -55.40693879143234 -50.681840426531636 10.009569 170.01587 -999.0 -999.0 -999.0 -999.0 -999.0 -999.0 -999.0 -999.0 -999.0 -999.0 -999.0 -999.0 16600.0 -999.0 2 -999 {-999.0 -999.0 -999.0 -999.0 -999.0} "" -999.0 -999.0 -999.0 -999.0 -999 -999 "" "" "" "" 0 0 0.0 0.0 -999 ""
FIBERMAP 1083 R-3C10 BOSS 0 0 0 1 0 0 -54.65971064422281 -50.67607453121363 143.1 -54.65971064422281 -50.67607453121363 10.009569 170.01587 -999.0 -999.0 -999.0 -999.0 -999.0 -999.0 -999.0 -999.0 -999.0 -999.0 -999.0 -999.0 5400.0 -999.0 1 447 {-999.0 -999.0 -999.0 -999.0 -999.0} "" -999.0 -999.0 -999.0 -999.0 -999 -999 "" "" "" "" 0 0 0.0 0.0 -999 ""
FIBERMAP 1083 R-3C10 METROLOGY 1 0 0 1 0 0 -55.03478374968041 -51.32849536188001 143.1 -55.03478374968041 -51.32849536188001 10.009569 170.01587 -999.0 -999.0 -999.0 -999.0 -999.0 -999.0 -999.0 -999.0 -999.0 -999.0 -999.0 -999.0 6231.0 -999.0 -1 -999 {-999.0 -999.0 -999.0 -999.0 -999.0} "" -999.0 -999.0 -999.0 -999.0 -999 -999 "" "" "" "" 0 0 0.0 0.0 -999 ""
FIBERMAP 1085 R-2C13 APOGEE 0 0 0 1 0 0 0.7548199437841608 -31.195356222613547 143.1 0.7548199437841608 -31.195356222613547 9.9943905 169.99725 -999.0 -999.0 -999.0 -999.0 -999.0 -999.0 -999.0 -999.0 -999.0 -999.0 -999.0 -999.0 16600.0 -999.0 2 -999 {-999.0 -999.0 -999.0 -999.0 -999.0} "" -999.0 -999.0 -999.0 -999.0 -999 -999 "" "" "" "" 0 0 0.0 0.0 -999 ""
FIBERMAP 1085 R-2C13 BOSS 0 0 0 1 0 0 1.494167154546682 -31.169688302334343 143.1 1.494167154546682 -31.169688302334343 9.9943905 169.99725 -999.0 -999.0 -999.0 -999.0 -999.0 -999.0 -999.0 -999.0 -999.0 -999.0 -999.0 -999.0 5400.0 -999.0 1 355 {-999.0 -999.0 -999.0 -999.0 -999.0} "" -999.0 -999.0 -999.0 -999.0 -999 -999 "" "" "" "" 0 0 0.0 0.0 -999 ""
FIBERMAP 1085 R-2C13 METROLOGY 1 0 0 1 0 0 1.139389959269768 -31.8347058012489 143.1 1.139389959269768 -31.8347058012489 9.9943905 169.99725 -999.0 -999.0 -999.0 -999.0 -999.0 -999.0 -999.0 -999.0 -999.0 -999.0 -999.0 -999.0 6231.0 -999.0 -1 -999 {-999.0 -999.0 -999.0 -999.0 -999.0} "" -999.0 -999.0 -999.0 -999.0 -999 -999 "" "" "" "" 0 0 0.0 0.0 -999 ""
FIBERMAP 1086 R-3C15 APOGEE 0 0 0 1 0 0 56.531113763091064 -50.619577509910805 143.1 56.531113763091064 -50.619577509910805 10.015885 170.0032 -999.0 -999.0 -999.0 -999.0 -999.0 -999.0 -999.0 -999.0 -999.0 -999.0 -999.0 -999.0 16600.0 -999.0 2 -999 {-999.0 -999.0 -999.0 -999.0 -999.0} "" -999.0 -999.0 -999.0 -999.0 -999 -999 "" "" "" "" 0 0 0.0 0.0 -999 ""
FIBERMAP 1086 R-3C15 BOSS 0 0 0 1 0 0 57.28121418457665 -50.608784828920804 143.1 57.28121418457665 -50.608784828920804 10.015885 170.0032 -999.0 -999.0 -999.0 -999.0 -999.0 -999.0 -999.0 -999.0 -999.0 -999.0 -999.0 -999.0 5400.0 -999.0 1 274 {-999.0 -999.0 -999.0 -999.0 -999.0} "" -999.0 -999.0 -999.0 -999.0 -999 -999 "" "" "" "" 0 0 0.0 0.0 -999 ""
FIBERMAP 1086 R-3C15 METROLOGY 1 0 0 1 0 0 56.920643553853076 -51.25591745256781 143.1 56.920643553853076 -51.25591745256781 10.015885 170.0032 -999.0 -999.0 -999.0 -999.0 -999.0 -999.0 -999.0 -999.0 -999.0 -999.0 -999.0 -999.0 6231.0 -999.0 -1 -999 {-999.0 -999.0 -999.0 -999.0 -999.0} "" -999.0 -999.0 -999.0 -999.0 -999 -999 "" "" "" "" 0 0 0.0 0.0 -999 ""
FIBERMAP 1091 R+10C17 APOGEE 0 0 0 1 0 0 179.54423491523127 201.57201669915386 143.1 179.54423491523127 201.57201669915386 10.018759 169.99829 -999.0 -999.0 -999.0 -999.0 -999.0 -999.0 -999.0 -999.0 -999.0 -999.0 -999.0 -999.0 16600.0 -999.0 2 49 {-999.0 -999.0 -999.0 -999.0 -999.0} "" -999.0 -999.0 -999.0 -999.0 -999 -999 "" "" "" "" 0 0 0.0 0.0 -999 ""
FIBERMAP 1091 R+10C17 BOSS 0 0 0 1 0 0 180.28543141364048 201.59765006511236 143.1 180.28543141364048 201.59765006511236 10.018759 169.99829 -999.0 -999.0 -999.0 -999.0 -999.0 -999.0 -999.0 -999.0 -999.0 -999.0 -999.0 -999.0 5400.0 -999.0 1 170 {-999.0 -999.0 -999.0 -999.0 -999.0} "" -999.0 -999.0 -999.0 -999.0 -999 -999 "" "" "" "" 0 0 0.0 0.0 -999 ""
FIBERMAP 1091 R+10C17 METROLOGY 1 0 0 1 0 0 179.9350538545066 200.9307467908662 143.1 179.9350538545066 200.9307467908662 10.018759 169.99829 -999.0 -999.0 -999.0 -999.0 -999.0 -999.0 -999.0 -999.0 -999.0 -999.0 -999.0 -999.0 6231.0 -999.0 -1 -999 {-999.0 -999.0 -999.0 -999.0 -999.0} "" -999.0 -999.0 -999.0 -999.0 -999 -999 "" "" "" "" 0 0 0.0 0.0 -999 ""
FIBERMAP 1092 R-7C20 APOGEE 0 0 0 1 0 0 213.5173071290739 -128.13111757482073 143.1 213.5173071290739 -128.13111757482073 10.006534 169.99242 -999.0 -999.0 -999.0 -999.0 -999.0 -999.0 -999.0 -999.0 -999.0 -999.0 -999.0 -999.0 16600.0 -999.0 2 200 {-999.0 -999.0 -999.0 -999.0 -999.0} "" -999.0 -999.0 -999.0 -999.0 -999 -999 "" "" "" "" 0 0 0.0 0.0 -999 ""
FIBERMAP 1092 R-7C20 BOSS 0 0 0 1 0 0 214.25246930772295 -128.21351092851776 143.1 214.25246930772295 -128.21351092851776 10.006534 169.99242 -999.0 -999.0 -999.0 -999.0 -999.0 -999.0 -999.0 -999.0 -999.0 -999.0 -999.0 -999.0 5400.0 -999.0 1 332 {-999.0 -999.0 -999.0 -999.0 -999.0} "" -999.0 -999.0 -999.0 -999.0 -999 -999 "" "" "" "" 0 0 0.0 0.0 -999 ""
FIBERMAP 1092 R-7C20 METROLOGY 1 0 0 1 0 0 213.8133020214334 -128.8163643812543 143.1 213.8133020214334 -128.8163643812543 10.006534 169.99242 -999.0 -999.0 -999.0 -999.0 -999.0 -999.0 -999.0 -999.0 -999.0 -999.0 -999.0 -999.0 6231.0 -999.0 -1 -999 {-999.0 -999.0 -999.0 -999.0 -999.0} "" -999.0 -999.0 -999.0 -999.0 -999 -999 "" "" "" "" 0 0 0.0 0.0 -999 ""
FIBERMAP 1094 R+1C19 APOGEE 0 0 0 1 0 0 123.9615415993711 27.002236633287797 143.1 123.9615415993711 27.002236633287797 9.998153 170.00554 -999.0 -999.0 -999.0 -999.0 -999.0 -999.0 -999.0 -999.0 -999.0 -999.0 -999.0 -999.0 16600.0 -999.0 2 -999 {-999.0 -999.0 -999.0 -999.0 -999.0} "" -999.0 -999.0 -999.0 -999.0 -999 -999 "" "" "" "" 0 0 0.0 0.0 -999 ""
FIBERMAP 1094 R+1C19 BOSS 0 0 0 1 0 0 124.70194934732359 27.00284509901658 143.1 124.70194934732359 27.00284509901658 9.998153 170.00554 -999.0 -999.0 -999.0 -999.0 -999.0 -999.0 -999.0 -999.0 -999.0 -999.0 -999.0 -999.0 5400.0 -999.0 1 232 {-999.0 -999.0 -999.0 -999.0 -999.0} "" -999.0 -999.0 -999.0 -999.0 -999 -999 "" "" "" "" 0 0 0.0 0.0 -999 ""
FIBERMAP 1094 R+1C19 METROLOGY 1 0 0 1 0 0 124.3436661430528 26.361422453023458 143.1 124.3436661430528 26.361422453023458 9.998153 170.00554 -999.0 -999.0 -999.0 -999.0 -999.0 -999.0 -999.0 -999.0 -999.0 -999.0 -999.0 -999.0 6231.0 -999.0 -1 -999 {-999.0 -999.0 -999.0 -999.0 -999.0} "" -999.0 -999.0 -999.0 -999.0 -999 -999 "" "" "" "" 0 0 0.0 0.0 -999 ""
FIBERMAP 1095 R+5C8 APOGEE 0 0 0 1 0 0 -77.70513049517687 104.64180379654552 143.1 -77.70513049517687 104.64180379654552 10.000072 170.01183 -999.0 -999.0 -999.0 -999.0 -999.0 -999.0 -999.0 -999.0 -999.0 -999.0 -999.0 -999.0 16600.0 -999.0 2 -999 {-999.0 -999.0 -999.0 -999.0 -999.0} "" -999.0 -999.0 -999.0 -999.0 -999 -999 "" "" "" "" 0 0 0.0 0.0 -999 ""
FIBERMAP 1095 R+5C8 BOSS 0 0 0 1 0 0 -76.96048001994676 104.65223967444263 143.1 -76.96048001994676 104.65223967444263 10.000072 170.01183 -999.0 -999.0 -999.0 -999.0 -999.0 -999.0 -999.0 -999.0 -999.0 -999.0 -999.0 -999.0 5400.0 -999.0 1 65 {-999.0 -999.0 -999.0 -999.0 -999.0} "" -999.0 -999.0 -999.0 -999.0 -999 -999 "" "" "" "" 0 0 0.0 0.0 -999 ""
FIBERMAP 1095 R+5C8 METROLOGY 1 0 0 1 0 0 -77.32313873483726 104.00091045476046 143.1 -77.32313873483726 104.00091045476046 10.000072 170.01183 -999.0 -999.0 -999.0 -999.0 -999.0 -999.0 -999.0 -999.0 -999.0 -999.0 -999.0 -999.0 6231.0 -999.0 -1 -999 {-999.0 -999.0 -999.0 -999.0 -999.0} "" -999.0 -999.0 -999.0 -999.0 -999 -999 "" "" "" "" 0 0 0.0 0.0 -999 ""
FIBERMAP 1096 R+1C25 APOGEE 0 0 0 1 0 0 258.06577558156846 26.99798401025632 143.1 258.06577558156846 26.99798401025632 9.986986 169.99945 -999.0 -999.0 -999.0 -999.0 -999.0 -999.0 -999.0 -999.0 -999.0 -999.0 -999.0 -999.0 16600.0 -999.0 2 -999 {-999.0 -999.0 -999.0 -999.0 -999.0} "" -999.0 -999.0 -999.0 -999.0 -999 -999 "" "" "" "" 0 0 0.0 0.0 -999 ""
FIBERMAP 1096 R+1C25 BOSS 0 0 0 1 0 0 258.80765665178484 27.015781187016138 143.1 258.80765665178484 27.015781187016138 9.986986 169.99945 -999.0 -999.0 -999.0 -999.0 -999.0 -999.0 -999.0 -999.0 -999.0 -999.0 -999.0 -999.0 5400.0 -999.0 1 184 {-999.0 -999.0 -999.0 -999.0 -999.0} "" -999.0 -999.0 -999.0 -999.0 -999 -999 "" "" "" "" 0 0 0.0 0.0 -999 ""
FIBERMAP 1096 R+1C25 METROLOGY 1 0 0 1 0 0 258.4572547848878 26.362841495634406 143.1 258.4572547848878 26.362841495634406 9.986986 169.99945 -999.0 -999.0 -999.0 -999.0 -999.0 -999.0 -999.0 -999.0 -999.0 -999.0 -999.0 -999.0 6231.0 -999.0 -1 -999 {-999.0 -999.0 -999.0 -999.0 -999.0} "" -999.0 -999.0 -999.0 -999.0 -999 -999 "" "" "" "" 0 0 0.0 0.0 -999 ""
FIBERMAP 1098 R+5C1 APOGEE 0 0 0 1 0 0 -234.5334934132091 104.51822788876169 143.1 -234.5334934132091 104.51822788876169 10.0086155 170.00612 -999.0 -999.0 -999.0 -999.0 -999.0 -999.0 -999.0 -999.0 -999.0 -999.0 -999.0 -999.0 16600.0 -999.0 2 122 {-999.0 -999.0 -999.0 -999.0 -999.0} "" -999.0 -999.0 -999.0 -999.0 -999 -999 "" "" "" "" 0 0 0.0 0.0 -999 ""
FIBERMAP 1098 R+5C1 BOSS 0 0 0 1 0 0 -233.79088389251146 104.531059012501 143.1 -233.79088389251146 104.531059012501 10.0086155 170.00612 -999.0 -999.0 -999.0 -999.0 -999.0 -999.0 -999.0 -999.0 -999.0 -999.0 -999.0 -999.0 5400.0 -999.0 1 1 {-999.0 -999.0 -999.0 -999.0 -999.0} "" -999.0 -999.0 -999.0 -999.0 -999 -999 "" "" "" "" 0 0 0.0 0.0 -999 ""
FIBERMAP 1098 R+5C1 METROLOGY 1 0 0 1 0 0 -234.1494494567848 103.8687412609772 143.1 -234.1494494567848 103.8687412609772 10.0086155 170.00612 -999.0 -999.0 -999.0 -999.0 -999.0 -999.0 -999.0 -999.0 -999.0 -999.0 -999.0 -999.0 6231.0 -999.0 -1 -999 {-999.0 -999.0 -999.0 -999.0 -999.0} "" -999.0 -999.0 -999.0 -999.0 -999 -999 "" "" "" "" 0 0 0.0 0.0 -999 ""
FIBERMAP 1100 R-9C17 APOGEE 0 0 0 1 0 0 168.8488265124747 -166.99404085685288 143.1 168.8488265124747 -166.99404085685288 9.987285 170.01454 -999.0 -999.0 -999.0 -999.0 -999.0 -999.0 -999.0 -999.0 -999.0 -999.0 -999.0 -999.0 16600.0 -999.0 2 -999 {-999.0 -999.0 -999.0 -999.0 -999.0} "" -999.0 -999.0 -999.0 -999.0 -999 -999 "" "" "" "" 0 0 0.0 0.0 -999 ""
FIBERMAP 1100 R-9C17 BOSS 0 0 0 1 0 0 169.60626465060818 -166.98722355008115 143.1 169.60626465060818 -166.98722355008115 9.987285 170.01454 -999.0 -999.0 -999.0 -999.0 -999.0 -999.0 -999.0 -999.0 -999.0 -999.0 -999.0 -999.0 5400.0 -999.0 1 269 {-999.0 -999.0 -999.0 -999.0 -999.0} "" -999.0 -999.0 -999.0 -999.0 -999 -999 "" "" "" "" 0 0 0.0 0.0 -999 ""
FIBERMAP 1100 R-9C17 METROLOGY 1 0 0 1 0 0 169.22472125434828 -167.63852912171387 143.1 169.22472125434828 -167.63852912171387 9.987285 170.01454 -999.0 -999.0 -999.0 -999.0 -999.0 -999.0 -999.0 -999.0 -999.0 -999.0 -999.0 -999.0 6231.0 -999.0 -1 -999 {-999.0 -999.0 -999.0 -999.0 -999.0} "" -999.0 -999.0 -999.0 -999.0 -999 -999 "" "" "" "" 0 0 0.0 0.0 -999 ""
FIBERMAP 1101 R-12C14 APOGEE 0 0 0 1 0 0 135.1830398683161 -225.150463344251 143.1 135.1830398683161 -225.150463344251 10.007105 170.03113 -999.0 -999.0 -999.0 -999.0 -999.0 -999.0 -999.0 -999.0 -999.0 -999.0 -999.0 -999.0 16600.0 -999.0 2 213 {-999.0 -999.0 -999.0 -999.0 -999.0} "" -999.0 -999.0 -999.0 -999.0 -999 -999 "" "" "" "" 0 0 0.0 0.0 -999 ""
FIBERMAP 1101 R-12C14 BOSS 0 0 0 1 0 0 135.91791300903603 -225.11324679431544 143.1 135.91791300903603 -225.11324679431544 10.007105 170.03113 -999.0 -999.0 -999.0 -999.0 -999.0 -999.0 -999.0 -999.0 -999.0 -999.0 -999.0 -999.0 5400.0 -999.0 1 256 {-999.0 -999.0 -999.0 -999.0 -999.0} "" -999.0 -999.0 -999.0 -999.0 -999 -999 "" "" "" "" 0 0 0.0 0.0 -999 ""
FIBERMAP 1101 R-12C14 METROLOGY 1 0 0 1 0 0 135.59030735618884 -225.78431691759332 143.1 135.59030735618884 -225.78431691759332 10.007105 170.03113 -999.0 -999.0 -999.0 -999.0 -999.0 -999.0 -999.0 -999.0 -999.0 -999.0 -999.0 -999.0 6231.0 -999.0 -1 -999 {-999.0 -999.0 -999.0 -999.0 -999.0} "" -999.0 -999.0 -999.0 -999.0 -999 -999 "" "" "" "" 0 0 0.0 0.0 -999 ""
FIBERMAP 1103 R-2C9 APOGEE 0 0 0 1 0 0 -89.11440734048405 -31.287450594020804 143.1 -89.11440734048405 -31.287450594020804 9.988388 169.99469 -999.0 -999.0 -999.0 -999.0 -999.0 -999.0 -999.0 -999.0 -999.0 -999.0 -999.0 -999.0 16600.0 -999.0 2 258 {-999.0 -999.0 -999.0 -999.0 -999.0} "" -999.0 -999.0 -999.0 -999.0 -999 -999 "" "" "" "" 0 0 0.0 0.0 -999 ""
FIBERMAP 1103 R-2C9 BOSS 0 0 0 1 0 0 -88.38799861051831 -31.29151818117967 143.1 -88.38799861051831 -31.29151818117967 9.988388 169.99469 -999.0 -999.0 -999.0 -999.0 -999.0 -999.0 -999.0 -999.0 -999.0 -999.0 -999.0 -999.0 5400.0 -999.0 1 449 {-999.0 -999.0 -999.0 -999.0 -999.0} "" -999.0 -999.0 -999.0 -999.0 -999 -999 "" "" "" "" 0 0 0.0 0.0 -999 ""
FIBERMAP 1103 R-2C9 METROLOGY 1 0 0 1 0 0 -88.75439458393504 -31.937754979573697 143.1 -88.75439458393504 -31.937754979573697 9.988388 169.99469 -999.0 -999.0 -999.0 -999.0 -999.0 -999.0 -999.0 -999.0 -999.0 -999.0 -999.0 -999.0 6231.0 -999.0 -1 -999 {-999.0 -999.0 -999.0 -999.0 -999.0} "" -999.0 -999.0 -999.0 -999.0 -999 -999 "" "" "" "" 0 0 0.0 0.0 -999 ""
FIBERMAP 1104 R-13C7 APOGEE 0 0 0 1 0 0 -10.619792245642895 -244.6183658777814 143.1 -10.619792245642895 -244.6183658777814 10.004165 170.01688 -999.0 -999.0 -999.0 -999.0 -999.0 -999.0 -999.0 -999.0 -999.0 -999.0 -999.0 -999.0 16600.0 -999.0 2 299 {-999.0 -999.0 -999.0 -999.0 -999.0} "" -999.0 -999.0 -999.0 -999.0 -999 -999 "" "" "" "" 0 0 0.0 0.0 -999 ""
FIBERMAP 1104 R-13C7 BOSS 0 0 0 1 0 0 -9.875932641025567 -244.6210548151233 143.1 -9.875932641025567 -244.6210548151233 10.004165 170.01688 -999.0 -999.0 -999.0 -999.0 -999.0 -999.0 -999.0 -999.0 -999.0 -999.0 -999.0 -999.0 5400.0 -999.0 1 416 {-999.0 -999.0 -999.0 -999.0 -999.0} "" -999.0 -999.0 -999.0 -999.0 -999 -999 "" "" "" "" 0 0 0.0 0.0 -999 ""
FIBERMAP 1104 R-13C7 METROLOGY 1 0 0 1 0 0 -10.24872455276597 -245.2662243295839 143.1 -10.24872455276597 -245.2662243295839 10.004165 170.01688 -999.0 -999.0 -999.0 -999.0 -999.0 -999.0 -999.0 -999.0 -999.0 -999.0 -999.0 -999.0 6231.0 -999.0 -1 -999 {-999.0 -999.0 -999.0 -999.0 -999.0} "" -999.0 -999.0 -999.0 -999.0 -999 -999 "" "" "" "" 0 0 0.0 0.0 -999 ""
FIBERMAP 1105 R-7C6 APOGEE 0 0 0 1 0 0 -100.3252073805786 -128.17441174815886 143.1 -100.3252073805786 -128.17441174815886 10.005583 169.99042 -999.0 -999.0 -999.0 -999.0 -999.0 -999.0 -999.0 -999.0 -999.0 -999.0 -999.0 -999.0 16600.0 -999.0 2 -999 {-999.0 -999.0 -999.0 -999.0 -999.0} "" -999.0 -999.0 -999.0 -999.0 -999 -999 "" "" "" "" 0 0 0.0 0.0 -999 ""
FIBERMAP 1105 R-7C6 BOSS 0 0 0 1 0 0 -99.57731227828074 -128.1658004820918 143.1 -99.57731227828074 -128.1658004820918 10.005583 169.99042 -999.0 -999.0 -999.0 -999.0 -999.0 -999.0 -999.0 -999.0 -999.0 -999.0 -999.0 -999.0 5400.0 -999.0 1 437 {-999.0 -999.0 -999.0 -999.0 -999.0} "" -999.0 -999.0 -999.0 -999.0 -999 -999 "" "" "" "" 0 0 0.0 0.0 -999 ""
FIBERMAP 1105 R-7C6 METROLOGY 1 0 0 1 0 0 -99.94573940194611 -128.8168026211516 143.1 -99.94573940194611 -128.8168026211516 10.005583 169.99042 -999.0 -999.0 -999.0 -999.0 -999.0 -999.0 -999.0 -999.0 -999.0 -999.0 -999.0 -999.0 6231.0 -999.0 -1 -999 {-999.0 -999.0 -999.0 -999.0 -999.0} "" -999.0 -999.0 -999.0 -999.0 -999 -999 "" "" "" "" 0 0 0.0 0.0 -999 ""
FIBERMAP 1106 R-10C9 APOGEE 0 0 0 1 0 0 0.5100306563953673 -186.60202173826835 143.1 0.5100306563953673 -186.60202173826835 10.008121 169.99246 -999.0 -999.0 -999.0 -999.0 -999.0 -999.0 -999.0 -999.0 -999.0 -999.0 -999.0 -999.0 16600.0 -999.0 2 -999 {-999.0 -999.0 -999.0 -999.0 -999.0} "" -999.0 -999.0 -999.0 -999.0 -999 -999 "" "" "" "" 0 0 0.0 0.0 -999 ""
FIBERMAP 1106 R-10C9 BOSS 0 0 0 1 0 0 1.2575473209757442 -186.57260223473187 143.1 1.2575473209757442 -186.57260223473187 10.008121 169.99246 -999.0 -999.0 -999.0 -999.0 -999.0 -999.0 -999.0 -999.0 -999.0 -999.0 -999.0 -999.0 5400.0 -999.0 1 371 {-999.0 -999.0 -999.0 -999.0 -999.0} "" -999.0 -999.0 -999.0 -999.0 -999 -999 "" "" "" "" 0 0 0.0 0.0 -999 ""
FIBERMAP 1106 R-10C9 METROLOGY 1 0 0 1 0 0 0.8990459787447587 -187.23867632239475 143.1 0.8990459787447587 -187.23867632239475 10.008121 169.99246 -999.0 -999.0 -999.0 -999.0 -999.0 -999.0 -999.0 -999.0 -999.0 -999.0 -999.0 -999.0 6231.0 -999.0 -1 -999 {-999.0 -999.0 -999.0 -999.0 -999.0} "" -999.0 -999.0 -999.0 -999.0 -999 -999 "" "" "" "" 0 0 0.0 0.0 -999 ""
FIBERMAP 1107 R-13C5 APOGEE 0 0 0 1 0 0 -55.32996552136 -244.66727856737492 143.1 -55.32996552136 -244.66727856737492 9.990313 169.9897 -999.0 -999.0 -999.0 -999.0 -999.0 -999.0 -999.0 -999.0 -999.0 -999.0 -999.0 -999.0 16600.0 -999.0 2 283 {-999.0 -999.0 -999.0 -999.0 -999.0} "" -999.0 -999.0 -999.0 -999.0 -999 -999 "" "" "" "" 0 0 0.0 0.0 -999 ""
FIBERMAP 1107 R-13C5 BOSS 0 0 0 1 0 0 -54.58912370539289 -244.63885281871384 143.1 -54.58912370539289 -244.63885281871384 9.990313 169.9897 -999.0 -999.0 -999.0 -999.0 -999.0 -999.0 -999.0 -999.0 -999.0 -999.0 -999.0 -999.0 5400.0 -999.0 1 414 {-999.0 -999.0 -999.0 -999.0 -999.0} "" -999.0 -999.0 -999.0 -999.0 -999 -999 "" "" "" "" 0 0 0.0 0.0 -999 ""
FIBERMAP 1107 R-13C5 METROLOGY 1 0 0 1 0 0 -54.92633990453895 -245.29498768973303 143.1 -54.92633990453895 -245.29498768973303 9.990313 169.9897 -999.0 -999.0 -999.0 -999.0 -999.0 -999.0 -999.0 -999.0 -999.0 -999.0 -999.0 -999.0 6231.0 -999.0 -1 -999 {-999.0 -999.0 -999.0 -999.0 -999.0} "" -999.0 -999.0 -999.0 -999.0 -999 -999 "" "" "" "" 0 0 0.0 0.0 -999 ""
FIBERMAP 1108 R-9C7 APOGEE 0 0 0 1 0 0 -55.497040925611216 -167.27859665662626 143.1 -55.497040925611216 -167.27859665662626 10.006795 170.00684 -999.0 -999.0 -999.0 -999.0 -999.0 -999.0 -999.0 -999.0 -999.0 -999.0 -999.0 -999.0 16600.0 -999.0 2 178 {-999.0 -999.0 -999.0 -999.0 -999.0} "" -999.0 -999.0 -999.0 -999.0 -999 -999 "" "" "" "" 0 0 0.0 0.0 -999 ""
FIBERMAP 1108 R-9C7 BOSS 0 0 0 1 0 0 -54.753389021216876 -167.26263954736197 143.1 -54.753389021216876 -167.26263954736197 10.006795 170.00684 -999.0 -999.0 -999.0 -999.0 -999.0 -999.0 -999.0 -999.0 -999.0 -999.0 -999.0 -999.0 5400.0 -999.0 1 390 {-999.0 -999.0 -999.0 -999.0 -999.0} "" -999.0 -999.0 -999.0 -999.0 -999 -999 "" "" "" "" 0 0 0.0 0.0 -999 ""
FIBERMAP 1108 R-9C7 METROLOGY 1 0 0 1 0 0 -55.12140346348033 -167.9152164416578 143.1 -55.12140346348033 -167.9152164416578 10.006795 170.00684 -999.0 -999.0 -999.0 -999.0 -999.0 -999.0 -999.0 -999.0 -999.0 -999.0 -999.0 -999.0 6231.0 -999.0 -1 -999 {-999.0 -999.0 -999.0 -999.0 -999.0} "" -999.0 -999.0 -999.0 -999.0 -999 -999 "" "" "" "" 0 0 0.0 0.0 -999 ""
FIBERMAP 1109 R+8C19 APOGEE 0 0 0 1 0 0 202.17913294546403 162.7814615296838 143.1 202.17913294546403 162.7814615296838 10.015695 170.00473 -999.0 -999.0 -999.0 -999.0 -999.0 -999.0 -999.0 -999.0 -999.0 -999.0 -999.0 -999.0 16600.0 -999.0 2 60 {-999.0 -999.0 -999.0 -999.0 -999.0} "" -999.0 -999.0 -999.0 -999.0 -999 -999 "" "" "" "" 0 0 0.0 0.0 -999 ""
FIBERMAP 1109 R+8C19 BOSS 0 0 0 1 0 0 202.92973298707747 162.80681719555176 143.1 202.92973298707747 162.80681719555176 10.015695 170.00473 -999.0 -999.0 -999.0 -999.0 -999.0 -999.0 -999.0 -999.0 -999.0 -999.0 -999.0 -999.0 5400.0 -999.0 1 168 {-999.0 -999.0 -999.0 -999.0 -999.0} "" -999.0 -999.0 -999.0 -999.0 -999 -999 "" "" "" "" 0 0 0.0 0.0 -999 ""
FIBERMAP 1109 R+8C19 METROLOGY 1 0 0 1 0 0 202.56998984938113 162.1454475174819 143.1 202.56998984938113 162.1454475174819 10.015695 170.00473 -999.0 -999.0 -999.0 -999.0 -999.0 -999.0 -999.0 -999.0 -999.0 -999.0 -999.0 -999.0 6231.0 -999.0 -1 -999 {-999.0 -999.0 -999.0 -999.0 -999.0} "" -999.0 -999.0 -999.0 -999.0 -999 -999 "" "" "" "" 0 0 0.0 0.0 -999 ""
FIBERMAP 1111 R+8C16 APOGEE 0 0 0 1 0 0 134.84015199171978 162.7922489156664 143.1 134.84015199171978 162.7922489156664 10.010678 169.99971 -999.0 -999.0 -999.0 -999.0 -999.0 -999.0 -999.0 -999.0 -999.0 -999.0 -999.0 -999.0 16600.0 -999.0 2 -999 {-999.0 -999.0 -999.0 -999.0 -999.0} "" -999.0 -999.0 -999.0 -999.0 -999 -999 "" "" "" "" 0 0 0.0 0.0 -999 ""
FIBERMAP 1111 R+8C16 BOSS 0 0 0 1 0 0 135.5802519922885 162.81750612871184 143.1 135.5802519922885 162.81750612871184 10.010678 169.99971 -999.0 -999.0 -999.0 -999.0 -999.0 -999.0 -999.0 -999.0 -999.0 -999.0 -999.0 -999.0 5400.0 -999.0 1 202 {-999.0 -999.0 -999.0 -999.0 -999.0} "" -999.0 -999.0 -999.0 -999.0 -999 -999 "" "" "" "" 0 0 0.0 0.0 -999 ""
FIBERMAP 1111 R+8C16 METROLOGY 1 0 0 1 0 0 135.22533762690122 162.15327003732872 143.1 135.22533762690122 162.15327003732872 10.010678 169.99971 -999.0 -999.0 -999.0 -999.0 -999.0 -999.0 -999.0 -999.0 -999.0 -999.0 -999.0 -999.0 6231.0 -999.0 -1 -999 {-999.0 -999.0 -999.0 -999.0 -999.0} "" -999.0 -999.0 -999.0 -999.0 -999 -999 "" "" "" "" 0 0 0.0 0.0 -999 ""
FIBERMAP 1112 R-6C10 APOGEE 0 0 0 1 0 0 -21.711610310811302 -108.89262916325858 143.1 -21.711610310811302 -108.89262916325858 10.025295 170.00482 -999.0 -999.0 -999.0 -999.0 -999.0 -999.0 -999.0 -999.0 -999.0 -999.0 -999.0 -999.0 16600.0 -999.0 2 -999 {-999.0 -999.0 -999.0 -999.0 -999.0} "" -999.0 -999.0 -999.0 -999.0 -999 -999 "" "" "" "" 0 0 0.0 0.0 -999 ""
FIBERMAP 1112 R-6C10 BOSS 0 0 0 1 0 0 -20.958445268796098 -108.88322676609472 143.1 -20.958445268796098 -108.88322676609472 10.025295 170.00482 -999.0 -999.0 -999.0 -999.0 -999.0 -999.0 -999.0 -999.0 -999.0 -999.0 -999.0 -999.0 5400.0 -999.0 1 367 {-999.0 -999.0 -999.0 -999.0 -999.0} "" -999.0 -999.0 -999.0 -999.0 -999 -999 "" "" "" "" 0 0 0.0 0.0 -999 ""
FIBERMAP 1112 R-6C10 METROLOGY 1 0 0 1 0 0 -21.323178100616538 -109.52963968012232 143.1 -21.323178100616538 -109.52963968012232 10.025295 170.00482 -999.0 -999.0 -999.0 -999.0 -999.0 -999.0 -999.0 -999.0 -999.0 -999.0 -999.0 -999.0 6231.0 -999.0 -1 -999 {-999.0 -999.0 -999.0 -999.0 -999.0} "" -999.0 -999.0 -999.0 -999.0 -999 -999 "" "" "" "" 0 0 0.0 0.0 -999 ""
FIBERMAP 1113 R-3C16 APOGEE 0 0 0 1 0 0 79.08494575807772 -50.63214429145217 143.1 79.08494575807772 -50.63214429145217 10.005564 170.00137 -999.0 -999.0 -999.0 -999.0 -999.0 -999.0 -999.0 -999.0 -999.0 -999.0 -999.0 -999.0 16600.0 -999.0 2 235 {-999.0 -999.0 -999.0 -999.0 -999.0} "" -999.0 -999.0 -999.0 -999.0 -999 -999 "" "" "" "" 0 0 0.0 0.0 -999 ""
FIBERMAP 1113 R-3C16 BOSS 0 0 0 1 0 0 79.82478380107969 -50.623883428938385 143.1 79.82478380107969 -50.623883428938385 10.005564 170.00137 -999.0 -999.0 -999.0 -999.0 -999.0 -999.0 -999.0 -999.0 -999.0 -999.0 -999.0 -999.0 5400.0 -999.0 1 282 {-999.0 -999.0 -999.0 -999.0 -999.0} "" -999.0 -999.0 -999.0 -999.0 -999 -999 "" "" "" "" 0 0 0.0 0.0 -999 ""
FIBERMAP 1113 R-3C16 METROLOGY 1 0 0 1 0 0 79.46828274490463 -51.27072666173218 143.1 79.46828274490463 -51.27072666173218 10.005564 170.00137 -999.0 -999.0 -999.0 -999.0 -999.0 -999.0 -999.0 -999.0 -999.0 -999.0 -999.0 -999.0 6231.0 -999.0 -1 -999 {-999.0 -999.0 -999.0 -999.0 -999.0} "" -999.0 -999.0 -999.0 -999.0 -999 -999 "" "" "" "" 0 0 0.0 0.0 -999 ""
FIBERMAP 1114 R-8C15 APOGEE 0 0 0 1 0 0 112.79391890039861 -147.7845796223697 143.1 112.79391890039861 -147.7845796223697 10.003369 169.99799 -999.0 -999.0 -999.0 -999.0 -999.0 -999.0 -999.0 -999.0 -999.0 -999.0 -999.0 -999.0 16600.0 -999.0 2 203 {-999.0 -999.0 -999.0 -999.0 -999.0} "" -999.0 -999.0 -999.0 -999.0 -999 -999 "" "" "" "" 0 0 0.0 0.0 -999 ""
FIBERMAP 1114 R-8C15 BOSS 0 0 0 1 0 0 113.52276206315693 -147.76009469568262 143.1 113.52276206315693 -147.76009469568262 10.003369 169.99799 -999.0 -999.0 -999.0 -999.0 -999.0 -999.0 -999.0 -999.0 -999.0 -999.0 -999.0 -999.0 5400.0 -999.0 1 318 {-999.0 -999.0 -999.0 -999.0 -999.0} "" -999.0 -999.0 -999.0 -999.0 -999 -999 "" "" "" "" 0 0 0.0 0.0 -999 ""
FIBERMAP 1114 R-8C15 METROLOGY 1 0 0 1 0 0 113.1801071993446 -148.42250414380968 143.1 113.1801071993446 -148.42250414380968 10.003369 169.99799 -999.0 -999.0 -999.0 -999.0 -999.0 -999.0 -999.0 -999.0 -999.0 -999.0 -999.0 -999.0 6231.0 -999.0 -1 -999 {-999.0 -999.0 -999.0 -999.0 -999.0} "" -999.0 -999.0 -999.0 -999.0 -999 -999 "" "" "" "" 0 0 0.0 0.0 -999 ""
FIBERMAP 1115 R-5C21 APOGEE 0 0 0 1 0 0 213.34441219564627 -89.37995133197231 143.1 213.34441219564627 -89.37995133197231 10.018486 170.00067 -999.0 -999.0 -999.0 -999.0 -999.0 -999.0 -999.0 -999.0 -999.0 -999.0 -999.0 -999.0 16600.0 -999.0 2 -999 {-999.0 -999.0 -999.0 -999.0 -999.0} "" -999.0 -999.0 -999.0 -999.0 -999 -999 "" "" "" "" 0 0 0.0 0.0 -999 ""
FIBERMAP 1115 R-5C21 BOSS 0 0 0 1 0 0 214.07066989929203 -89.34736023928873 143.1 214.07066989929203 -89.34736023928873 10.018486 170.00067 -999.0 -999.0 -999.0 -999.0 -999.0 -999.0 -999.0 -999.0 -999.0 -999.0 -999.0 -999.0 5400.0 -999.0 1 321 {-999.0 -999.0 -999.0 -999.0 -999.0} "" -999.0 -999.0 -999.0 -999.0 -999 -999 "" "" "" "" 0 0 0.0 0.0 -999 ""
FIBERMAP 1115 R-5C21 METROLOGY 1 0 0 1 0 0 213.73549428166203 -90.01533844429783 143.1 213.73549428166203 -90.01533844429783 10.018486 170.00067 -999.0 -999.0 -999.0 -999.0 -999.0 -999.0 -999.0 -999.0 -999.0 -999.0 -999.0 -999.0 6231.0 -999.0 -1 -999 {-999.0 -999.0 -999.0 -999.0 -999.0} "" -999.0 -999.0 -999.0 -999.0 -999 -999 "" "" "" "" 0 0 0.0 0.0 -999 ""
FIBERMAP 1118 R-13C4 APOGEE 0 0 0 1 0 0 -77.70946942518808 -244.59241712534688 143.1 -77.70946942518808 -244.59241712534688 10.01519 170.01062 -999.0 -999.0 -999.0 -999.0 -999.0 -999.0 -999.0 -999.0 -999.0 -999.0 -999.0 -999.0 16600.0 -999.0 2 279 {-999.0 -999.0 -999.0 -999.0 -999.0} "" -999.0 -999.0 -999.0 -999.0 -999 -999 "" "" "" "" 0 0 0.0 0.0 -999 ""
FIBERMAP 1118 R-13C4 BOSS 0 0 0 1 0 0 -76.9753413432765 -244.56350270287015 143.1 -76.9753413432765 -244.56350270287015 10.01519 170.01062 -999.0 -999.0 -999.0 -999.0 -999.0 -999.0 -999.0 -999.0 -999.0 -999.0 -999.0 -999.0 5400.0 -999.0 1 413 {-999.0 -999.0 -999.0 -999.0 -999.0} "" -999.0 -999.0 -999.0 -999.0 -999 -999 "" "" "" "" 0 0 0.0 0.0 -999 ""
FIBERMAP 1118 R-13C4 METROLOGY 1 0 0 1 0 0 -77.31610833822393 -245.22419304937793 143.1 -77.31610833822393 -245.22419304937793 10.01519 170.01062 -999.0 -999.0 -999.0 -999.0 -999.0 -999.0 -999.0 -999.0 -999.0 -999.0 -999.0 -999.0 6231.0 -999.0 -1 -999 {-999.0 -999.0 -999.0 -999.0 -999.0} "" -999.0 -999.0 -999.0 -999.0 -999 -999 "" "" "" "" 0 0 0.0 0.0 -999 ""
FIBERMAP 1121 R-3C7 APOGEE 0 0 0 1 0 0 -122.38090337022068 -50.65795230814197 143.1 -122.38090337022068 -50.65795230814197 10.00251 169.9995 -999.0 -999.0 -999.0 -999.0 -999.0 -999.0 -999.0 -999.0 -999.0 -999.0 -999.0 -999.0 16600.0 -999.0 2 254 {-999.0 -999.0 -999.0 -999.0 -999.0} "" -999.0 -999.0 -999.0 -999.0 -999 -999 "" "" "" "" 0 0 0.0 0.0 -999 ""
FIBERMAP 1121 R-3C7 BOSS 0 0 0 1 0 0 -121.64065277062109 -50.67728373247249 143.1 -121.64065277062109 -50.67728373247249 10.00251 169.9995 -999.0 -999.0 -999.0 -999.0 -999.0 -999.0 -999.0 -999.0 -999.0 -999.0 -999.0 -999.0 5400.0 -999.0 1 468 {-999.0 -999.0 -999.0 -999.0 -999.0} "" -999.0 -999.0 -999.0 -999.0 -999 -999 "" "" "" "" 0 0 0.0 0.0 -999 ""
FIBERMAP 1121 R-3C7 METROLOGY 1 0 0 1 0 0 -122.01971681418128 -51.315072821640555 143.1 -122.01971681418128 -51.315072821640555 10.00251 169.9995 -999.0 -999.0 -999.0 -999.0 -999.0 -999.0 -999.0 -999.0 -999.0 -999.0 -999.0 -999.0 6231.0 -999.0 -1 -999 {-999.0 -999.0 -999.0 -999.0 -999.0} "" -999.0 -999.0 -999.0 -999.0 -999 -999 "" "" "" "" 0 0 0.0 0.0 -999 ""
FIBERMAP 1125 R0C22 APOGEE 0 0 0 1 0 0 180.17430015183663 7.527695527591411 143.1 180.17430015183663 7.527695527591411 10.009149 170.02365 -999.0 -999.0 -999.0 -999.0 -999.0 -999.0 -999.0 -999.0 -999.0 -999.0 -999.0 -999.0 16600.0 -999.0 2 -999 {-999.0 -999.0 -999.0 -999.0 -999.0} "" -999.0 -999.0 -999.0 -999.0 -999 -999 "" "" "" "" 0 0 0.0 0.0 -999 ""
FIBERMAP 1125 R0C22 BOSS 0 0 0 1 0 0 180.91634786985207 7.52630800840777 143.1 180.91634786985207 7.52630800840777 10.009149 170.02365 -999.0 -999.0 -999.0 -999.0 -999.0 -999.0 -999.0 -999.0 -999.0 -999.0 -999.0 -999.0 5400.0 -999.0 1 244 {-999.0 -999.0 -999.0 -999.0 -999.0} "" -999.0 -999.0 -999.0 -999.0 -999 -999 "" "" "" "" 0 0 0.0 0.0 -999 ""
FIBERMAP 1125 R0C22 METROLOGY 1 0 0 1 0 0 180.54749602479066 6.881640714961807 143.1 180.54749602479066 6.881640714961807 10.009149 170.02365 -999.0 -999.0 -999.0 -999.0 -999.0 -999.0 -999.0 -999.0 -999.0 -999.0 -999.0 -999.0 6231.0 -999.0 -1 -999 {-999.0 -999.0 -999.0 -999.0 -999.0} "" -999.0 -999.0 -999.0 -999.0 -999 -999 "" "" "" "" 0 0 0.0 0.0 -999 ""
FIBERMAP 1126 R+3C12 APOGEE 0 0 0 1 0 0 -10.652941223328135 65.7717629354908 143.1 -10.652941223328135 65.7717629354908 9.991241 169.99675 -999.0 -999.0 -999.0 -999.0 -999.0 -999.0 -999.0 -999.0 -999.0 -999.0 -999.0 -999.0 16600.0 -999.0 2 14 {-999.0 -999.0 -999.0 -999.0 -999.0} "" -999.0 -999.0 -999.0 -999.0 -999 -999 "" "" "" "" 0 0 0.0 0.0 -999 ""
FIBERMAP 1126 R+3C12 BOSS 0 0 0 1 0 0 -9.92101404699364 65.78344211155648 143.1 -9.92101404699364 65.78344211155648 9.991241 169.99675 -999.0 -999.0 -999.0 -999.0 -999.0 -999.0 -999.0 -999.0 -999.0 -999.0 -999.0 -999.0 5400.0 -999.0 1 114 {-999.0 -999.0 -999.0 -999.0 -999.0} "" -999.0 -999.0 -999.0 -999.0 -999 -999 "" "" "" "" 0 0 0.0 0.0 -999 ""
FIBERMAP 1126 R+3C12 METROLOGY 1 0 0 1 0 0 -10.274717875144315 65.13010061773772 143.1 -10.274717875144315 65.13010061773772 9.991241 169.99675 -999.0 -999.0 -999.0 -999.0 -999.0 -999.0 -999.0 -999.0 -999.0 -999.0 -999.0 -999.0 6231.0 -999.0 -1 -999 {-999.0 -999.0 -999.0 -999.0 -999.0} "" -999.0 -999.0 -999.0 -999.0 -999 -999 "" "" "" "" 0 0 0.0 0.0 -999 ""
FIBERMAP 1127 R-13C6 APOGEE 0 0 0 1 0 0 -32.710687821469044 -244.58056215059287 143.1 -32.710687821469044 -244.58056215059287 10.015068 170.01155 -999.0 -999.0 -999.0 -999.0 -999.0 -999.0 -999.0 -999.0 -999.0 -999.0 -999.0 -999.0 16600.0 -999.0 2 274 {-999.0 -999.0 -999.0 -999.0 -999.0} "" -999.0 -999.0 -999.0 -999.0 -999 -999 "" "" "" "" 0 0 0.0 0.0 -999 ""
FIBERMAP 1127 R-13C6 BOSS 0 0 0 1 0 0 -31.96039824268845 -244.59715860626656 143.1 -31.96039824268845 -244.59715860626656 10.015068 170.01155 -999.0 -999.0 -999.0 -999.0 -999.0 -999.0 -999.0 -999.0 -999.0 -999.0 -999.0 -999.0 5400.0 -999.0 1 415 {-999.0 -999.0 -999.0 -999.0 -999.0} "" -999.0 -999.0 -999.0 -999.0 -999 -999 "" "" "" "" 0 0 0.0 0.0 -999 ""
FIBERMAP 1127 R-13C6 METROLOGY 1 0 0 1 0 0 -32.344095084150034 -245.24089643418262 143.1 -32.344095084150034 -245.24089643418262 10.015068 170.01155 -999.0 -999.0 -999.0 -999.0 -999.0 -999.0 -999.0 -999.0 -999.0 -999.0 -999.0 -999.0 6231.0 -999.0 -1 -999 {-999.0 -999.0 -999.0 -999.0 -999.0} "" -999.0 -999.0 -999.0 -999.0 -999 -999 "" "" "" "" 0 0 0.0 0.0 -999 ""
FIBERMAP 1129 R-8C8 APOGEE 0 0 0 1 0 0 -43.943943926264666 -147.61002185704035 143.1 -43.943943926264666 -147.61002185704035 9.987791 170.00304 -999.0 -999.0 -999.0 -999.0 -999.0 -999.0 -999.0 -999.0 -999.0 -999.0 -999.0 -999.0 16600.0 -999.0 2 -999 {-999.0 -999.0 -999.0 -999.0 -999.0} "" -999.0 -999.0 -999.0 -999.0 -999 -999 "" "" "" "" 0 0 0.0 0.0 -999 ""
FIBERMAP 1129 R-8C8 BOSS 0 0 0 1 0 0 -43.20089466469531 -147.60185178642985 143.1 -43.20089466469531 -147.60185178642985 9.987791 170.00304 -999.0 -999.0 -999.0 -999.0 -999.0 -999.0 -999.0 -999.0 -999.0 -999.0 -999.0 -999.0 5400.0 -999.0 1 389 {-999.0 -999.0 -999.0 -999.0 -999.0} "" -999.0 -999.0 -999.0 -999.0 -999 -999 "" "" "" "" 0 0 0.0 0.0 -999 ""
FIBERMAP 1129 R-8C8 METROLOGY 1 0 0 1 0 0 -43.56986785242504 -148.2555674181687 143.1 -43.56986785242504 -148.2555674181687 9.987791 170.00304 -999.0 -999.0 -999.0 -999.0 -999.0 -999.0 -999.0 -999.0 -999.0 -999.0 -999.0 -999.0 6231.0 -999.0 -1 -999 {-999.0 -999.0 -999.0 -999.0 -999.0} "" -999.0 -999.0 -999.0 -999.0 -999 -999 "" "" "" "" 0 0 0.0 0.0 -999 ""
FIBERMAP 1130 R-3C13 APOGEE 0 0 0 1 0 0 11.758504301693202 -50.638869159557345 143.1 11.758504301693202 -50.638869159557345 9.990062 169.99884 -999.0 -999.0 -999.0 -999.0 -999.0 -999.0 -999.0 -999.0 -999.0 -999.0 -999.0 -999.0 16600.0 -999.0 2 174 {-999.0 -999.0 -999.0 -999.0 -999.0} "" -999.0 -999.0 -999.0 -999.0 -999 -999 "" "" "" "" 0 0 0.0 0.0 -999 ""
FIBERMAP 1130 R-3C13 BOSS 0 0 0 1 0 0 12.497793520810824 -50.64706383083358 143.1 12.497793520810824 -50.64706383083358 9.990062 169.99884 -999.0 -999.0 -999.0 -999.0 -999.0 -999.0 -999.0 -999.0 -999.0 -999.0 -999.0 -999.0 5400.0 -999.0 1 364 {-999.0 -999.0 -999.0 -999.0 -999.0} "" -999.0 -999.0 -999.0 -999.0 -999 -999 "" "" "" "" 0 0 0.0 0.0 -999 ""
FIBERMAP 1130 R-3C13 METROLOGY 1 0 0 1 0 0 12.119405872323242 -51.29042939899085 143.1 12.119405872323242 -51.29042939899085 9.990062 169.99884 -999.0 -999.0 -999.0 -999.0 -999.0 -999.0 -999.0 -999.0 -999.0 -999.0 -999.0 -999.0 6231.0 -999.0 -1 -999 {-999.0 -999.0 -999.0 -999.0 -999.0} "" -999.0 -999.0 -999.0 -999.0 -999 -999 "" "" "" "" 0 0 0.0 0.0 -999 ""
FIBERMAP 1131 R-8C19 APOGEE 0 0 0 1 0 0 202.1194774674141 -147.5775701740502 143.1 202.1194774674141 -147.5775701740502 10.00771 169.99933 -999.0 -999.0 -999.0 -999.0 -999.0 -999.0 -999.0 -999.0 -999.0 -999.0 -999.0 -999.0 16600.0 -999.0 2 185 {-999.0 -999.0 -999.0 -999.0 -999.0} "" -999.0 -999.0 -999.0 -999.0 -999 -999 "" "" "" "" 0 0 0.0 0.0 -999 ""
FIBERMAP 1131 R-8C19 BOSS 0 0 0 1 0 0 202.8674987587143 -147.56377654865625 143.1 202.8674987587143 -147.56377654865625 10.00771 169.99933 -999.0 -999.0 -999.0 -999.0 -999.0 -999.0 -999.0 -999.0 -999.0 -999.0 -999.0 -999.0 5400.0 -999.0 1 331 {-999.0 -999.0 -999.0 -999.0 -999.0} "" -999.0 -999.0 -999.0 -999.0 -999 -999 "" "" "" "" 0 0 0.0 0.0 -999 ""
FIBERMAP 1131 R-8C19 METROLOGY 1 0 0 1 0 0 202.52412771954118 -148.21583597063034 143.1 202.52412771954118 -148.21583597063034 10.00771 169.99933 -999.0 -999.0 -999.0 -999.0 -999.0 -999.0 -999.0 -999.0 -999.0 -999.0 -999.0 -999.0 6231.0 -999.0 -1 -999 {-999.0 -999.0 -999.0 -999.0 -999.0} "" -999.0 -999.0 -999.0 -999.0 -999 -999 "" "" "" "" 0 0 0.0 0.0 -999 ""
FIBERMAP 1132 R+2C1 APOGEE 0 0 0 1 0 0 -267.62629412626256 46.31096286615604 143.1 -267.62629412626256 46.31096286615604 10.005145 169.99493 -999.0 -999.0 -999.0 -999.0 -999.0 -999.0 -999.0 -999.0 -999.0 -999.0 -999.0 -999.0 16600.0 -999.0 2 145 {-999.0 -999.0 -999.0 -999.0 -999.0} "" -999.0 -999.0 -999.0 -999.0 -999 -999 "" "" "" "" 0 0 0.0 0.0 -999 ""
FIBERMAP 1132 R+2C1 BOSS 0 0 0 1 0 0 -266.9019141674177 46.283881356262064 143.1 -266.9019141674177 46.283881356262064 10.005145 169.99493 -999.0 -999.0 -999.0 -999.0 -999.0 -999.0 -999.0 -999.0 -999.0 -999.0 -999.0 -999.0 5400.0 -999.0 1 4 {-999.0 -999.0 -999.0 -999.0 -999.0} "" -999.0 -999.0 -999.0 -999.0 -999 -999 "" "" "" "" 0 0 0.0 0.0 -999 ""
FIBERMAP 1132 R+2C1 METROLOGY 1 0 0 1 0 0 -267.27506953607326 45.64194351251474 143.1 -267.27506953607326 45.64194351251474 10.005145 169.99493 -999.0 -999.0 -999.0 -999.0 -999.0 -999.0 -999.0 -999.0 -999.0 -999.0 -999.0 -999.0 6231.0 -999.0 -1 -999 {-999.0 -999.0 -999.0 -999.0 -999.0} "" -999.0 -999.0 -999.0 -999.0 -999 -999 "" "" "" "" 0 0 0.0 0.0 -999 ""
FIBERMAP 1135 R-2C11 APOGEE 0 0 0 1 0 0 -44.1469617579389 -31.287229883794755 143.1 -44.1469617579389 -31.287229883794755 9.998497 170.02066 -999.0 -999.0 -999.0 -999.0 -999.0 -999.0 -999.0 -999.0 -999.0 -999.0 -999.0 -999.0 16600.0 -999.0 2 268 {-999.0 -999.0 -999.0 -999.0 -999.0} "" -999.0 -999.0 -999.0 -999.0 -999 -999 "" "" "" "" 0 0 0.0 0.0 -999 ""
FIBERMAP 1135 R-2C11 BOSS 0 0 0 1 0 0 -43.40987559893461 -31.26361135533402 143.1 -43.40987559893461 -31.26361135533402 9.998497 170.02066 -999.0 -999.0 -999.0 -999.0 -999.0 -999.0 -999.0 -999.0 -999.0 -999.0 -999.0 -999.0 5400.0 -999.0 1 448 {-999.0 -999.0 -999.0 -999.0 -999.0} "" -999.0 -999.0 -999.0 -999.0 -999 -999 "" "" "" "" 0 0 0.0 0.0 -999 ""
FIBERMAP 1135 R-2C11 METROLOGY 1 0 0 1 0 0 -43.75884355478003 -31.926875559682934 143.1 -43.75884355478003 -31.926875559682934 9.998497 170.02066 -999.0 -999.0 -999.0 -999.0 -999.0 -999.0 -999.0 -999.0 -999.0 -999.0 -999.0 -999.0 6231.0 -999.0 -1 -999 {-999.0 -999.0 -999.0 -999.0 -999.0} "" -999.0 -999.0 -999.0 -999.0 -999 -999 "" "" "" "" 0 0 0.0 0.0 -999 ""
FIBERMAP 1137 R-1C6 APOGEE 0 0 0 1 0 0 -167.1757293427301 -11.926902200514691 143.1 -167.1757293427301 -11.926902200514691 10.002343 170.00629 -999.0 -999.0 -999.0 -999.0 -999.0 -999.0 -999.0 -999.0 -999.0 -999.0 -999.0 -999.0 16600.0 -999.0 2 -999 {-999.0 -999.0 -999.0 -999.0 -999.0} "" -999.0 -999.0 -999.0 -999.0 -999 -999 "" "" "" "" 0 0 0.0 0.0 -999 ""
FIBERMAP 1137 R-1C6 BOSS 0 0 0 1 0 0 -166.43650626123895 -11.918505788411524 143.1 -166.43650626123895 -11.918505788411524 10.002343 170.00629 -999.0 -999.0 -999.0 -999.0 -999.0 -999.0 -999.0 -999.0 -999.0 -999.0 -999.0 -999.0 5400.0 -999.0 1 484 {-999.0 -999.0 -999.0 -999.0 -999.0} "" -999.0 -999.0 -999.0 -999.0 -999 -999 "" "" "" "" 0 0 0.0 0.0 -999 ""
FIBERMAP 1137 R-1C6 METROLOGY 1 0 0 1 0 0 -166.7983132786449 -12.570500751695645 143.1 -166.7983132786449 -12.570500751695645 10.002343 170.00629 -999.0 -999.0 -999.0 -999.0 -999.0 -999.0 -999.0 -999.0 -999.0 -999.0 -999.0 -999.0 6231.0 -999.0 -1 -999 {-999.0 -999.0 -999.0 -999.0 -999.0} "" -999.0 -999.0 -999.0 -999.0 -999 -999 "" "" "" "" 0 0 0.0 0.0 -999 ""
FIBERMAP 1140 R-5C12 APOGEE 0 0 0 1 0 0 11.929976488364368 -89.49264011486252 143.1 11.929976488364368 -89.49264011486252 10.003663 170.00359 -999.0 -999.0 -999.0 -999.0 -999.0 -999.0 -999.0 -999.0 -999.0 -999.0 -999.0 -999.0 16600.0 -999.0 2 159 {-999.0 -999.0 -999.0 -999.0 -999.0} "" -999.0 -999.0 -999.0 -999.0 -999 -999 "" "" "" "" 0 0 0.0 0.0 -999 ""
FIBERMAP 1140 R-5C12 BOSS 0 0 0 1 0 0 12.673083326751271 -89.49381494678542 143.1 12.673083326751271 -89.49381494678542 10.003663 170.00359 -999.0 -999.0 -999.0 -999.0 -999.0 -999.0 -999.0 -999.0 -999.0 -999.0 -999.0 -999.0 5400.0 -999.0 1 387 {-999.0 -999.0 -999.0 -999.0 -999.0} "" -999.0 -999.0 -999.0 -999.0 -999 -999 "" "" "" "" 0 0 0.0 0.0 -999 ""
FIBERMAP 1140 R-5C12 METROLOGY 1 0 0 1 0 0 12.311453997891919 -90.14621392108141 143.1 12.311453997891919 -90.14621392108141 10.003663 170.00359 -999.0 -999.0 -999.0 -999.0 -999.0 -999.0 -999.0 -999.0 -999.0 -999.0 -999.0 -999.0 6231.0 -999.0 -1 -999 {-999.0 -999.0 -999.0 -999.0 -999.0} "" -999.0 -999.0 -999.0 -999.0 -999 -999 "" "" "" "" 0 0 0.0 0.0 -999 ""
FIBERMAP 1143 R-2C5 APOGEE 0 0 0 1 0 0 -178.7152587838003 -31.27539094857987 143.1 -178.7152587838003 -31.27539094857987 10.005496 170.00499 -999.0 -999.0 -999.0 -999.0 -999.0 -999.0 -999.0 -999.0 -999.0 -999.0 -999.0 -999.0 16600.0 -999.0 2 249 {-999.0 -999.0 -999.0 -999.0 -999.0} "" -999.0 -999.0 -999.0 -999.0 -999 -999 "" "" "" "" 0 0 0.0 0.0 -999 ""
FIBERMAP 1143 R-2C5 BOSS 0 0 0 1 0 0 -177.9714996469316 -31.26306820757264 143.1 -177.9714996469316 -31.26306820757264 10.005496 170.00499 -999.0 -999.0 -999.0 -999.0 -999.0 -999.0 -999.0 -999.0 -999.0 -999.0 -999.0 -999.0 5400.0 -999.0 1 473 {-999.0 -999.0 -999.0 -999.0 -999.0} "" -999.0 -999.0 -999.0 -999.0 -999 -999 "" "" "" "" 0 0 0.0 0.0 -999 ""
FIBERMAP 1143 R-2C5 METROLOGY 1 0 0 1 0 0 -178.33361853356234 -31.922748781571123 143.1 -178.33361853356234 -31.922748781571123 10.005496 170.00499 -999.0 -999.0 -999.0 -999.0 -999.0 -999.0 -999.0 -999.0 -999.0 -999.0 -999.0 -999.0 6231.0 -999.0 -1 -999 {-999.0 -999.0 -999.0 -999.0 -999.0} "" -999.0 -999.0 -999.0 -999.0 -999 -999 "" "" "" "" 0 0 0.0 0.0 -999 ""
FIBERMAP 1144 R+12C1 APOGEE 0 0 0 1 0 0 -156.17616722709872 240.19956475265838 143.1 -156.17616722709872 240.19956475265838 10.011822 170.00255 -999.0 -999.0 -999.0 -999.0 -999.0 -999.0 -999.0 -999.0 -999.0 -999.0 -999.0 -999.0 16600.0 -999.0 2 129 {-999.0 -999.0 -999.0 -999.0 -999.0} "" -999.0 -999.0 -999.0 -999.0 -999 -999 "" "" "" "" 0 0 0.0 0.0 -999 ""
FIBERMAP 1144 R+12C1 BOSS 0 0 0 1 0 0 -155.45186576723034 240.1549544022878 143.1 -155.45186576723034 240.1549544022878 10.011822 170.00255 -999.0 -999.0 -999.0 -999.0 -999.0 -999.0 -999.0 -999.0 -999.0 -999.0 -999.0 -999.0 5400.0 -999.0 1 8 {-999.0 -999.0 -999.0 -999.0 -999.0} "" -999.0 -999.0 -999.0 -999.0 -999 -999 "" "" "" "" 0 0 0.0 0.0 -999 ""
FIBERMAP 1144 R+12C1 METROLOGY 1 0 0 1 0 0 -155.84553423079598 239.53411345955845 143.1 -155.84553423079598 239.53411345955845 10.011822 170.00255 -999.0 -999.0 -999.0 -999.0 -999.0 -999.0 -999.0 -999.0 -999.0 -999.0 -999.0 -999.0 6231.0 -999.0 -1 -999 {-999.0 -999.0 -999.0 -999.0 -999.0} "" -999.0 -999.0 -999.0 -999.0 -999 -999 "" "" "" "" 0 0 0.0 0.0 -999 ""
FIBERMAP 1148 R0C11 APOGEE 0 0 0 1 0 0 -66.7192414241957 7.576243611978989 143.1 -66.7192414241957 7.576243611978989 10.003338 169.99966 -999.0 -999.0 -999.0 -999.0 -999.0 -999.0 -999.0 -999.0 -999.0 -999.0 -999.0 -999.0 16600.0 -999.0 2 285 {-999.0 -999.0 -999.0 -999.0 -999.0} "" -999.0 -999.0 -999.0 -999.0 -999 -999 "" "" "" "" 0 0 0.0 0.0 -999 ""
FIBERMAP 1148 R0C11 BOSS 0 0 0 1 0 0 -65.97752394319055 7.582308291350439 143.1 -65.97752394319055 7.582308291350439 10.003338 169.99966 -999.0 -999.0 -999.0 -999.0 -999.0 -999.0 -999.0 -999.0 -999.0 -999.0 -999.0 -999.0 5400.0 -999.0 1 431 {-999.0 -999.0 -999.0 -999.0 -999.0} "" -999.0 -999.0 -999.0 -999.0 -999 -999 "" "" "" "" 0 0 0.0 0.0 -999 ""
FIBERMAP 1148 R0C11 METROLOGY 1 0 0 1 0 0 -66.3436757044895 6.933006919894376 143.1 -66.3436757044895 6.933006919894376 10.003338 169.99966 -999.0 -999.0 -999.0 -999.0 -999.0 -999.0 -999.0 -999.0 -999.0 -999.0 -999.0 -999.0 6231.0 -999.0 -1 -999 {-999.0 -999.0 -999.0 -999.0 -999.0} "" -999.0 -999.0 -999.0 -999.0 -999 -999 "" "" "" "" 0 0 0.0 0.0 -999 ""
FIBERMAP 1149 R-5C9 APOGEE 0 0 0 1 0 0 -55.26601640136915 -89.39975763992423 143.1 -55.26601640136915 -89.39975763992423 9.986808 170.0108 -999.0 -999.0 -999.0 -999.0 -999.0 -999.0 -999.0 -999.0 -999.0 -999.0 -999.0 -999.0 16600.0 -999.0 2 284 {-999.0 -999.0 -999.0 -999.0 -999.0} "" -999.0 -999.0 -999.0 -999.0 -999 -999 "" "" "" "" 0 0 0.0 0.0 -999 ""
FIBERMAP 1149 R-5C9 BOSS 0 0 0 1 0 0 -54.520299128734386 -89.39292834158606 143.1 -54.520299128734386 -89.39292834158606 9.986808 170.0108 -999.0 -999.0 -999.0 -999.0 -999.0 -999.0 -999.0 -999.0 -999.0 -999.0 -999.0 -999.0 5400.0 -999.0 1 409 {-999.0 -999.0 -999.0 -999.0 -999.0} "" -999.0 -999.0 -999.0 -999.0 -999 -999 "" "" "" "" 0 0 0.0 0.0 -999 ""
FIBERMAP 1149 R-5C9 METROLOGY 1 0 0 1 0 0 -54.880123798665686 -90.04425953479934 143.1 -54.880123798665686 -90.04425953479934 9.986808 170.0108 -999.0 -999.0 -999.0 -999.0 -999.0 -999.0 -999.0 -999.0 -999.0 -999.0 -999.0 -999.0 6231.0 -999.0 -1 -999 {-999.0 -999.0 -999.0 -999.0 -999.0} "" -999.0 -999.0 -999.0 -999.0 -999 -999 "" "" "" "" 0 0 0.0 0.0 -999 ""
FIBERMAP 1150 R-9C10 APOGEE 0 0 0 1 0 0 12.122835068210073 -167.14463302123707 143.1 12.122835068210073 -167.14463302123707 10.012143 169.9938 -999.0 -999.0 -999.0 -999.0 -999.0 -999.0 -999.0 -999.0 -999.0 -999.0 -999.0 -999.0 16600.0 -999.0 2 180 {-999.0 -999.0 -999.0 -999.0 -999.0} "" -999.0 -999.0 -999.0 -999.0 -999 -999 "" "" "" "" 0 0 0.0 0.0 -999 ""
FIBERMAP 1150 R-9C10 BOSS 0 0 0 1 0 0 12.854776141853495 -167.1442369788325 143.1 12.854776141853495 -167.1442369788325 10.012143 169.9938 -999.0 -999.0 -999.0 -999.0 -999.0 -999.0 -999.0 -999.0 -999.0 -999.0 -999.0 -999.0 5400.0 -999.0 1 375 {-999.0 -999.0 -999.0 -999.0 -999.0} "" -999.0 -999.0 -999.0 -999.0 -999 -999 "" "" "" "" 0 0 0.0 0.0 -999 ""
FIBERMAP 1150 R-9C10 METROLOGY 1 0 0 1 0 0 12.479323692287622 -167.7979976937161 143.1 12.479323692287622 -167.7979976937161 10.012143 169.9938 -999.0 -999.0 -999.0 -999.0 -999.0 -999.0 -999.0 -999.0 -999.0 -999.0 -999.0 -999.0 6231.0 -999.0 -1 -999 {-999.0 -999.0 -999.0 -999.0 -999.0} "" -999.0 -999.0 -999.0 -999.0 -999 -999 "" "" "" "" 0 0 0.0 0.0 -999 ""
FIBERMAP 1151 R-9C4 APOGEE 0 0 0 1 0 0 -122.28453301895911 -167.0819759626548 143.1 -122.28453301895911 -167.0819759626548 10.008054 169.99907 -999.0 -999.0 -999.0 -999.0 -999.0 -999.0 -999.0 -999.0 -999.0 -999.0 -999.0 -999.0 16600.0 -999.0 2 -999 {-999.0 -999.0 -999.0 -999.0 -999.0} "" -999.0 -999.0 -999.0 -999.0 -999 -999 "" "" "" "" 0 0 0.0 0.0 -999 ""
FIBERMAP 1151 R-9C4 BOSS 0 0 0 1 0 0 -121.5617748630646 -167.0803356119991 143.1 -121.5617748630646 -167.0803356119991 10.008054 169.99907 -999.0 -999.0 -999.0 -999.0 -999.0 -999.0 -999.0 -999.0 -999.0 -999.0 -999.0 -999.0 5400.0 -999.0 1 479 {-999.0 -999.0 -999.0 -999.0 -999.0} "" -999.0 -999.0 -999.0 -999.0 -999 -999 "" "" "" "" 0 0 0.0 0.0 -999 ""
FIBERMAP 1151 R-9C4 METROLOGY 1 0 0 1 0 0 -121.9121387226875 -167.72849314619765 143.1 -121.9121387226875 -167.72849314619765 10.008054 169.99907 -999.0 -999.0 -999.0 -999.0 -999.0 -999.0 -999.0 -999.0 -999.0 -999.0 -999.0 -999.0 6231.0 -999.0 -1 -999 {-999.0 -999.0 -999.0 -999.0 -999.0} "" -999.0 -999.0 -999.0 -999.0 -999 -999 "" "" "" "" 0 0 0.0 0.0 -999 ""
FIBERMAP 1152 R-9C3 APOGEE 0 0 0 1 0 0 -145.0107865804267 -167.06765096409836 143.1 -145.0107865804267 -167.06765096409836 10.010529 170.00919 -999.0 -999.0 -999.0 -999.0 -999.0 -999.0 -999.0 -999.0 -999.0 -999.0 -999.0 -999.0 16600.0 -999.0 2 256 {-999.0 -999.0 -999.0 -999.0 -999.0} "" -999.0 -999.0 -999.0 -999.0 -999 -999 "" "" "" "" 0 0 0.0 0.0 -999 ""
FIBERMAP 1152 R-9C3 BOSS 0 0 0 1 0 0 -144.27673332572954 -167.07193611473858 143.1 -144.27673332572954 -167.07193611473858 10.010529 170.00919 -999.0 -999.0 -999.0 -999.0 -999.0 -999.0 -999.0 -999.0 -999.0 -999.0 -999.0 -999.0 5400.0 -999.0 1 477 {-999.0 -999.0 -999.0 -999.0 -999.0} "" -999.0 -999.0 -999.0 -999.0 -999 -999 "" "" "" "" 0 0 0.0 0.0 -999 ""
FIBERMAP 1152 R-9C3 METROLOGY 1 0 0 1 0 0 -144.6775700185004 -167.7373391783435 143.1 -144.6775700185004 -167.7373391783435 10.010529 170.00919 -999.0 -999.0 -999.0 -999.0 -999.0 -999.0 -999.0 -999.0 -999.0 -999.0 -999.0 -999.0 6231.0 -999.0 -1 -999 {-999.0 -999.0 -999.0 -999.0 -999.0} "" -999.0 -999.0 -999.0 -999.0 -999 -999 "" "" "" "" 0 0 0.0 0.0 -999 ""
FIBERMAP 1153 R-6C11 APOGEE 0 0 0 1 0 0 0.7917823946772553 -108.863013535467 143.1 0.7917823946772553 -108.863013535467 10.008682 169.99852 -999.0 -999.0 -999.0 -999.0 -999.0 -999.0 -999.0 -999.0 -999.0 -999.0 -999.0 -999.0 16600.0 -999.0 2 -999 {-999.0 -999.0 -999.0 -999.0 -999.0} "" -999.0 -999.0 -999.0 -999.0 -999 -999 "" "" "" "" 0 0 0.0 0.0 -999 ""
FIBERMAP 1153 R-6C11 BOSS 0 0 0 1 0 0 1.5313518885838484 -108.85045014882418 143.1 1.5313518885838484 -108.85045014882418 10.008682 169.99852 -999.0 -999.0 -999.0 -999.0 -999.0 -999.0 -999.0 -999.0 -999.0 -999.0 -999.0 -999.0 5400.0 -999.0 1 386 {-999.0 -999.0 -999.0 -999.0 -999.0} "" -999.0 -999.0 -999.0 -999.0 -999 -999 "" "" "" "" 0 0 0.0 0.0 -999 ""
FIBERMAP 1153 R-6C11 METROLOGY 1 0 0 1 0 0 1.1691270659716708 -109.50665394715472 143.1 1.1691270659716708 -109.50665394715472 10.008682 169.99852 -999.0 -999.0 -999.0 -999.0 -999.0 -999.0 -999.0 -999.0 -999.0 -999.0 -999.0 -999.0 6231.0 -999.0 -1 -999 {-999.0 -999.0 -999.0 -999.0 -999.0} "" -999.0 -999.0 -999.0 -999.0 -999 -999 "" "" "" "" 0 0 0.0 0.0 -999 ""
FIBERMAP 1156 R-11C14 APOGEE 0 0 0 1 0 0 123.97842218973896 -205.84084734983603 143.1 123.97842218973896 -205.84084734983603 10.008505 169.99849 -999.0 -999.0 -999.0 -999.0 -999.0 -999.0 -999.0 -999.0 -999.0 -999.0 -999.0 -999.0 16600.0 -999.0 2 239 {-999.0 -999.0 -999.0 -999.0 -999.0} "" -999.0 -999.0 -999.0 -999.0 -999 -999 "" "" "" "" 0 0 0.0 0.0 -999 ""
FIBERMAP 1156 R-11C14 BOSS 0 0 0 1 0 0 124.72321612511482 -205.8374625788212 143.1 124.72321612511482 -205.8374625788212 10.008505 169.99849 -999.0 -999.0 -999.0 -999.0 -999.0 -999.0 -999.0 -999.0 -999.0 -999.0 -999.0 -999.0 5400.0 -999.0 1 255 {-999.0 -999.0 -999.0 -999.0 -999.0} "" -999.0 -999.0 -999.0 -999.0 -999 -999 "" "" "" "" 0 0 0.0 0.0 -999 ""
FIBERMAP 1156 R-11C14 METROLOGY 1 0 0 1 0 0 124.35470568621857 -206.48823670897286 143.1 124.35470568621857 -206.48823670897286 10.008505 169.99849 -999.0 -999.0 -999.0 -999.0 -999.0 -999.0 -999.0 -999.0 -999.0 -999.0 -999.0 -999.0 6231.0 -999.0 -1 -999 {-999.0 -999.0 -999.0 -999.0 -999.0} "" -999.0 -999.0 -999.0 -999.0 -999 -999 "" "" "" "" 0 0 0.0 0.0 -999 ""
FIBERMAP 1158 R-5C22 APOGEE 0 0 0 1 0 0 235.9518123369222 -89.39778048501137 143.1 235.9518123369222 -89.39778048501137 9.991238 169.9997 -999.0 -999.0 -999.0 -999.0 -999.0 -999.0 -999.0 -999.0 -999.0 -999.0 -999.0 -999.0 16600.0 -999.0 2 211 {-999.0 -999.0 -999.0 -999.0 -999.0} "" -999.0 -999.0 -999.0 -999.0 -999 -999 "" "" "" "" 0 0 0.0 0.0 -999 ""
FIBERMAP 1158 R-5C22 BOSS 0 0 0 1 0 0 236.69158981491785 -89.40034424488195 143.1 236.69158981491785 -89.40034424488195 9.991238 169.9997 -999.0 -999.0 -999.0 -999.0 -999.0 -999.0 -999.0 -999.0 -999.0 -999.0 -999.0 -999.0 5400.0 -999.0 1 251 {-999.0 -999.0 -999.0 -999.0 -999.0} "" -999.0 -999.0 -999.0 -999.0 -999 -999 "" "" "" "" 0 0 0.0 0.0 -999 ""
FIBERMAP 1158 R-5C22 METROLOGY 1 0 0 1 0 0 236.3193017602585 -90.04395254082658 143.1 236.3193017602585 -90.04395254082658 9.991238 169.9997 -999.0 -999.0 -999.0 -999.0 -999.0 -999.0 -999.0 -999.0 -999.0 -999.0 -999.0 -999.0 6231.0 -999.0 -1 -999 {-999.0 -999.0 -999.0 -999.0 -999.0} "" -999.0 -999.0 -999.0 -999.0 -999 -999 "" "" "" "" 0 0 0.0 0.0 -999 ""
FIBERMAP 1162 R-2C6 APOGEE 0 0 0 1 0 0 -156.03619347218964 -31.27141643743856 143.1 -156.03619347218964 -31.27141643743856 9.987859 169.99617 -999.0 -999.0 -999.0 -999.0 -999.0 -999.0 -999.0 -999.0 -999.0 -999.0 -999.0 -999.0 16600.0 -999.0 2 -999 {-999.0 -999.0 -999.0 -999.0 -999.0} "" -999.0 -999.0 -999.0 -999.0 -999 -999 "" "" "" "" 0 0 0.0 0.0 -999 ""
FIBERMAP 1162 R-2C6 BOSS 0 0 0 1 0 0 -155.28170251666438 -31.260888990020362 143.1 -155.28170251666438 -31.260888990020362 9.987859 169.99617 -999.0 -999.0 -999.0 -999.0 -999.0 -999.0 -999.0 -999.0 -999.0 -999.0 -999.0 -999.0 5400.0 -999.0 1 472 {-999.0 -999.0 -999.0 -999.0 -999.0} "" -999.0 -999.0 -999.0 -999.0 -999 -999 "" "" "" "" 0 0 0.0 0.0 -999 ""
FIBERMAP 1162 R-2C6 METROLOGY 1 0 0 1 0 0 -155.6488496364472 -31.909089342166464 143.1 -155.6488496364472 -31.909089342166464 9.987859 169.99617 -999.0 -999.0 -999.0 -999.0 -999.0 -999.0 -999.0 -999.0 -999.0 -999.0 -999.0 -999.0 6231.0 -999.0 -1 -999 {-999.0 -999.0 -999.0 -999.0 -999.0} "" -999.0 -999.0 -999.0 -999.0 -999 -999 "" "" "" "" 0 0 0.0 0.0 -999 ""
FIBERMAP 1163 R-8C7 APOGEE 0 0 0 1 0 0 -66.72474835907435 -147.6917612861122 143.1 -66.72474835907435 -147.6917612861122 10.010552 170.0042 -999.0 -999.0 -999.0 -999.0 -999.0 -999.0 -999.0 -999.0 -999.0 -999.0 -999.0 -999.0 16600.0 -999.0 2 -999 {-999.0 -999.0 -999.0 -999.0 -999.0} "" -999.0 -999.0 -999.0 -999.0 -999 -999 "" "" "" "" 0 0 0.0 0.0 -999 ""
FIBERMAP 1163 R-8C7 BOSS 0 0 0 1 0 0 -65.97388944591731 -147.66214831485357 143.1 -65.97388944591731 -147.66214831485357 10.010552 170.0042 -999.0 -999.0 -999.0 -999.0 -999.0 -999.0 -999.0 -999.0 -999.0 -999.0 -999.0 -999.0 5400.0 -999.0 1 401 {-999.0 -999.0 -999.0 -999.0 -999.0} "" -999.0 -999.0 -999.0 -999.0 -999 -999 "" "" "" "" 0 0 0.0 0.0 -999 ""
FIBERMAP 1163 R-8C7 METROLOGY 1 0 0 1 0 0 -66.33111911803131 -148.32557356203282 143.1 -66.33111911803131 -148.32557356203282 10.010552 170.0042 -999.0 -999.0 -999.0 -999.0 -999.0 -999.0 -999.0 -999.0 -999.0 -999.0 -999.0 -999.0 6231.0 -999.0 -1 -999 {-999.0 -999.0 -999.0 -999.0 -999.0} "" -999.0 -999.0 -999.0 -999.0 -999 -999 "" "" "" "" 0 0 0.0 0.0 -999 ""
FIBERMAP 1167 R-3C5 APOGEE 0 0 0 1 0 0 -167.40363635014631 -50.73216995333834 143.1 -167.40363635014631 -50.73216995333834 10.009475 169.99791 -999.0 -999.0 -999.0 -999.0 -999.0 -999.0 -999.0 -999.0 -999.0 -999.0 -999.0 -999.0 16600.0 -999.0 2 264 {-999.0 -999.0 -999.0 -999.0 -999.0} "" -999.0 -999.0 -999.0 -999.0 -999 -999 "" "" "" "" 0 0 0.0 0.0 -999 ""
FIBERMAP 1167 R-3C5 BOSS 0 0 0 1 0 0 -166.64351821703804 -50.7292206750757 143.1 -166.64351821703804 -50.7292206750757 10.009475 169.99791 -999.0 -999.0 -999.0 -999.0 -999.0 -999.0 -999.0 -999.0 -999.0 -999.0 -999.0 -999.0 5400.0 -999.0 1 466 {-999.0 -999.0 -999.0 -999.0 -999.0} "" -999.0 -999.0 -999.0 -999.0 -999 -999 "" "" "" "" 0 0 0.0 0.0 -999 ""
FIBERMAP 1167 R-3C5 METROLOGY 1 0 0 1 0 0 -167.02983678505092 -51.37707945295292 143.1 -167.02983678505092 -51.37707945295292 10.009475 169.99791 -999.0 -999.0 -999.0 -999.0 -999.0 -999.0 -999.0 -999.0 -999.0 -999.0 -999.0 -999.0 6231.0 -999.0 -1 -999 {-999.0 -999.0 -999.0 -999.0 -999.0} "" -999.0 -999.0 -999.0 -999.0 -999 -999 "" "" "" "" 0 0 0.0 0.0 -999 ""
FIBERMAP 1169 R-11C9 APOGEE 0 0 0 1 0 0 12.006248655588205 -205.85479873732726 143.1 12.006248655588205 -205.85479873732726 10.023044 170.0234 -999.0 -999.0 -999.0 -999.0 -999.0 -999.0 -999.0 -999.0 -999.0 -999.0 -999.0 -999.0 16600.0 -999.0 2 168 {-999.0 -999.0 -999.0 -999.0 -999.0} "" -999.0 -999.0 -999.0 -999.0 -999 -999 "" "" "" "" 0 0 0.0 0.0 -999 ""
FIBERMAP 1169 R-11C9 BOSS 0 0 0 1 0 0 12.751107285359655 -205.82090250671092 143.1 12.751107285359655 -205.82090250671092 10.023044 170.0234 -999.0 -999.0 -999.0 -999.0 -999.0 -999.0 -999.0 -999.0 -999.0 -999.0 -999.0 -999.0 5400.0 -999.0 1 361 {-999.0 -999.0 -999.0 -999.0 -999.0} "" -999.0 -999.0 -999.0 -999.0 -999 -999 "" "" "" "" 0 0 0.0 0.0 -999 ""
FIBERMAP 1169 R-11C9 METROLOGY 1 0 0 1 0 0 12.406707998811516 -206.48847389980975 143.1 12.406707998811516 -206.48847389980975 10.023044 170.0234 -999.0 -999.0 -999.0 -999.0 -999.0 -999.0 -999.0 -999.0 -999.0 -999.0 -999.0 -999.0 6231.0 -999.0 -1 -999 {-999.0 -999.0 -999.0 -999.0 -999.0} "" -999.0 -999.0 -999.0 -999.0 -999 -999 "" "" "" "" 0 0 0.0 0.0 -999 ""
FIBERMAP 1170 R-5C6 APOGEE 0 0 0 1 0 0 -122.54490678267757 -89.45911468869025 143.1 -122.54490678267757 -89.45911468869025 10.007381 170.01796 -999.0 -999.0 -999.0 -999.0 -999.0 -999.0 -999.0 -999.0 -999.0 -999.0 -999.0 -999.0 16600.0 -999.0 2 -999 {-999.0 -999.0 -999.0 -999.0 -999.0} "" -999.0 -999.0 -999.0 -999.0 -999 -999 "" "" "" "" 0 0 0.0 0.0 -999 ""
FIBERMAP 1170 R-5C6 BOSS 0 0 0 1 0 0 -121.8039839070831 -89.43496526719561 143.1 -121.8039839070831 -89.43496526719561 10.007381 170.01796 -999.0 -999.0 -999.0 -999.0 -999.0 -999.0 -999.0 -999.0 -999.0 -999.0 -999.0 -999.0 5400.0 -999.0 1 456 {-999.0 -999.0 -999.0 -999.0 -999.0} "" -999.0 -999.0 -999.0 -999.0 -999 -999 "" "" "" "" 0 0 0.0 0.0 -999 ""
FIBERMAP 1170 R-5C6 METROLOGY 1 0 0 1 0 0 -122.1633240678732 -90.10025165710991 143.1 -122.1633240678732 -90.10025165710991 10.007381 170.01796 -999.0 -999.0 -999.0 -999.0 -999.0 -999.0 -999.0 -999.0 -999.0 -999.0 -999.0 -999.0 6231.0 -999.0 -1 -999 {-999.0 -999.0 -999.0 -999.0 -999.0} "" -999.0 -999.0 -999.0 -999.0 -999 -999 "" "" "" "" 0 0 0.0 0.0 -999 ""
FIBERMAP 1172 R-3C6 APOGEE 0 0 0 1 0 0 -144.90397563136824 -50.55180853054571 143.1 -144.90397563136824 -50.55180853054571 9.994418 169.99774 -999.0 -999.0 -999.0 -999.0 -999.0 -999.0 -999.0 -999.0 -999.0 -999.0 -999.0 -999.0 16600.0 -999.0 2 -999 {-999.0 -999.0 -999.0 -999.0 -999.0} "" -999.0 -999.0 -999.0 -999.0 -999 -999 "" "" "" "" 0 0 0.0 0.0 -999 ""
FIBERMAP 1172 R-3C6 BOSS 0 0 0 1 0 0 -144.16284848800206 -50.53749752624893 143.1 -144.16284848800206 -50.53749752624893 9.994418 169.99774 -999.0 -999.0 -999.0 -999.0 -999.0 -999.0 -999.0 -999.0 -999.0 -999.0 -999.0 -999.0 5400.0 -999.0 1 467 {-999.0 -999.0 -999.0 -999.0 -999.0} "" -999.0 -999.0 -999.0 -999.0 -999 -999 "" "" "" "" 0 0 0.0 0.0 -999 ""
FIBERMAP 1172 R-3C6 METROLOGY 1 0 0 1 0 0 -144.52083249320313 -51.19201421326714 143.1 -144.52083249320313 -51.19201421326714 9.994418 169.99774 -999.0 -999.0 -999.0 -999.0 -999.0 -999.0 -999.0 -999.0 -999.0 -999.0 -999.0 -999.0 6231.0 -999.0 -1 -999 {-999.0 -999.0 -999.0 -999.0 -999.0} "" -999.0 -999.0 -999.0 -999.0 -999 -999 "" "" "" "" 0 0 0.0 0.0 -999 ""
FIBERMAP 1174 R-1C1 APOGEE 0 0 0 1 0 0 -279.36605359641123 -11.865049032435389 143.1 -279.36605359641123 -11.865049032435389 10.011946 169.9983 -999.0 -999.0 -999.0 -999.0 -999.0 -999.0 -999.0 -999.0 -999.0 -999.0 -999.0 -999.0 16600.0 -999.0 2 293 {-999.0 -999.0 -999.0 -999.0 -999.0} "" -999.0 -999.0 -999.0 -999.0 -999 -999 "" "" "" "" 0 0 0.0 0.0 -999 ""
FIBERMAP 1174 R-1C1 BOSS 0 0 0 1 0 0 -278.6296330118772 -11.811575811615835 143.1 -278.6296330118772 -11.811575811615835 10.011946 169.9983 -999.0 -999.0 -999.0 -999.0 -999.0 -999.0 -999.0 -999.0 -999.0 -999.0 -999.0 -999.0 5400.0 -999.0 1 425 {-999.0 -999.0 -999.0 -999.0 -999.0} "" -999.0 -999.0 -999.0 -999.0 -999 -999 "" "" "" "" 0 0 0.0 0.0 -999 ""
FIBERMAP 1174 R-1C1 METROLOGY 1 0 0 1 0 0 -278.96065114991643 -12.491355232161514 143.1 -278.96065114991643 -12.491355232161514 10.011946 169.9983 -999.0 -999.0 -999.0 -999.0 -999.0 -999.0 -999.0 -999.0 -999.0 -999.0 -999.0 -999.0 6231.0 -999.0 -1 -999 {-999.0 -999.0 -999.0 -999.0 -999.0} "" -999.0 -999.0 -999.0 -999.0 -999 -999 "" "" "" "" 0 0 0.0 0.0 -999 ""
FIBERMAP 1176 R+12C11 APOGEE 0 0 0 1 0 0 67.91243739613589 240.39743468724578 143.1 67.91243739613589 240.39743468724578 10.005193 170.00421 -999.0 -999.0 -999.0 -999.0 -999.0 -999.0 -999.0 -999.0 -999.0 -999.0 -999.0 -999.0 16600.0 -999.0 2 -999 {-999.0 -999.0 -999.0 -999.0 -999.0} "" -999.0 -999.0 -999.0 -999.0 -999 -999 "" "" "" "" 0 0 0.0 0.0 -999 ""
FIBERMAP 1176 R+12C11 BOSS 0 0 0 1 0 0 68.64965287659615 240.41046473152144 143.1 68.64965287659615 240.41046473152144 10.005193 170.00421 -999.0 -999.0 -999.0 -999.0 -999.0 -999.0 -999.0 -999.0 -999.0 -999.0 -999.0 -999.0 5400.0 -999.0 1 102 {-999.0 -999.0 -999.0 -999.0 -999.0} "" -999.0 -999.0 -999.0 -999.0 -999 -999 "" "" "" "" 0 0 0.0 0.0 -999 ""
FIBERMAP 1176 R+12C11 METROLOGY 1 0 0 1 0 0 68.28860411832758 239.75310513055342 143.1 68.28860411832758 239.75310513055342 10.005193 170.00421 -999.0 -999.0 -999.0 -999.0 -999.0 -999.0 -999.0 -999.0 -999.0 -999.0 -999.0 -999.0 6231.0 -999.0 -1 -999 {-999.0 -999.0 -999.0 -999.0 -999.0} "" -999.0 -999.0 -999.0 -999.0 -999 -999 "" "" "" "" 0 0 0.0 0.0 -999 ""
FIBERMAP 1177 R+4C12 APOGEE 0 0 0 1 0 0 0.5839342228239539 85.17011399424399 143.1 0.5839342228239539 85.17011399424399 10.025095 170.00027 -999.0 -999.0 -999.0 -999.0 -999.0 -999.0 -999.0 -999.0 -999.0 -999.0 -999.0 -999.0 16600.0 -999.0 2 -999 {-999.0 -999.0 -999.0 -999.0 -999.0} "" -999.0 -999.0 -999.0 -999.0 -999 -999 "" "" "" "" 0 0 0.0 0.0 -999 ""
FIBERMAP 1177 R+4C12 BOSS 0 0 0 1 0 0 1.3268417832560206 85.17717181288624 143.1 1.3268417832560206 85.17717181288624 10.025095 170.00027 -999.0 -999.0 -999.0 -999.0 -999.0 -999.0 -999.0 -999.0 -999.0 -999.0 -999.0 -999.0 5400.0 -999.0 1 115 {-999.0 -999.0 -999.0 -999.0 -999.0} "" -999.0 -999.0 -999.0 -999.0 -999 -999 "" "" "" "" 0 0 0.0 0.0 -999 ""
FIBERMAP 1177 R+4C12 METROLOGY 1 0 0 1 0 0 0.9623263256583685 84.52708880265011 143.1 0.9623263256583685 84.52708880265011 10.025095 170.00027 -999.0 -999.0 -999.0 -999.0 -999.0 -999.0 -999.0 -999.0 -999.0 -999.0 -999.0 -999.0 6231.0 -999.0 -1 -999 {-999.0 -999.0 -999.0 -999.0 -999.0} "" -999.0 -999.0 -999.0 -999.0 -999 -999 "" "" "" "" 0 0 0.0 0.0 -999 ""
FIBERMAP 1189 R-13C11 APOGEE 0 0 0 1 0 0 79.2896540859099 -244.49155896715214 143.1 79.2896540859099 -244.49155896715214 10.012749 169.99573 -999.0 -999.0 -999.0 -999.0 -999.0 -999.0 -999.0 -999.0 -999.0 -999.0 -999.0 -999.0 16600.0 -999.0 2 189 {-999.0 -999.0 -999.0 -999.0 -999.0} "" -999.0 -999.0 -999.0 -999.0 -999 -999 "" "" "" "" 0 0 0.0 0.0 -999 ""
FIBERMAP 1189 R-13C11 BOSS 0 0 0 1 0 0 80.02515495865771 -244.4886468641437 143.1 80.02515495865771 -244.4886468641437 10.012749 169.99573 -999.0 -999.0 -999.0 -999.0 -999.0 -999.0 -999.0 -999.0 -999.0 -999.0 -999.0 -999.0 5400.0 -999.0 1 336 {-999.0 -999.0 -999.0 -999.0 -999.0} "" -999.0 -999.0 -999.0 -999.0 -999 -999 "" "" "" "" 0 0 0.0 0.0 -999 ""
FIBERMAP 1189 R-13C11 METROLOGY 1 0 0 1 0 0 79.63407960911913 -245.15235687545606 143.1 79.63407960911913 -245.15235687545606 10.012749 169.99573 -999.0 -999.0 -999.0 -999.0 -999.0 -999.0 -999.0 -999.0 -999.0 -999.0 -999.0 -999.0 6231.0 -999.0 -1 -999 {-999.0 -999.0 -999.0 -999.0 -999.0} "" -999.0 -999.0 -999.0 -999.0 -999 -999 "" "" "" "" 0 0 0.0 0.0 -999 ""
FIBERMAP 1190 R+13C5 APOGEE 0 0 0 1 0 0 -55.71554240340401 259.7684870494657 143.1 -55.71554240340401 259.7684870494657 10.004987 169.99527 -999.0 -999.0 -999.0 -999.0 -999.0 -999.0 -999.0 -999.0 -999.0 -999.0 -999.0 -999.0 16600.0 -999.0 2 111 {-999.0 -999.0 -999.0 -999.0 -999.0} "" -999.0 -999.0 -999.0 -999.0 -999 -999 "" "" "" "" 0 0 0.0 0.0 -999 ""
FIBERMAP 1190 R+13C5 BOSS 0 0 0 1 0 0 -54.97668739352133 259.7931174494876 143.1 -54.97668739352133 259.7931174494876 10.004987 169.99527 -999.0 -999.0 -999.0 -999.0 -999.0 -999.0 -999.0 -999.0 -999.0 -999.0 -999.0 -999.0 5400.0 -999.0 1 85 {-999.0 -999.0 -999.0 -999.0 -999.0} "" -999.0 -999.0 -999.0 -999.0 -999 -999 "" "" "" "" 0 0 0.0 0.0 -999 ""
FIBERMAP 1190 R+13C5 METROLOGY 1 0 0 1 0 0 -55.31855249408662 259.1295532455991 143.1 -55.31855249408662 259.1295532455991 10.004987 169.99527 -999.0 -999.0 -999.0 -999.0 -999.0 -999.0 -999.0 -999.0 -999.0 -999.0 -999.0 -999.0 6231.0 -999.0 -1 -999 {-999.0 -999.0 -999.0 -999.0 -999.0} "" -999.0 -999.0 -999.0 -999.0 -999 -999 "" "" "" "" 0 0 0.0 0.0 -999 ""
FIBERMAP 1192 R-11C4 APOGEE 0 0 0 1 0 0 -99.9502299676324 -205.93457849571186 143.1 -99.9502299676324 -205.93457849571186 9.990295 169.99234 -999.0 -999.0 -999.0 -999.0 -999.0 -999.0 -999.0 -999.0 -999.0 -999.0 -999.0 -999.0 16600.0 -999.0 2 164 {-999.0 -999.0 -999.0 -999.0 -999.0} "" -999.0 -999.0 -999.0 -999.0 -999 -999 "" "" "" "" 0 0 0.0 0.0 -999 ""
FIBERMAP 1192 R-11C4 BOSS 0 0 0 1 0 0 -99.20843656102832 -205.92986769608007 143.1 -99.20843656102832 -205.92986769608007 9.990295 169.99234 -999.0 -999.0 -999.0 -999.0 -999.0 -999.0 -999.0 -999.0 -999.0 -999.0 -999.0 -999.0 5400.0 -999.0 1 349 {-999.0 -999.0 -999.0 -999.0 -999.0} "" -999.0 -999.0 -999.0 -999.0 -999 -999 "" "" "" "" 0 0 0.0 0.0 -999 ""
FIBERMAP 1192 R-11C4 METROLOGY 1 0 0 1 0 0 -99.57056803355476 -206.57872582220585 143.1 -99.57056803355476 -206.57872582220585 9.990295 169.99234 -999.0 -999.0 -999.0 -999.0 -999.0 -999.0 -999.0 -999.0 -999.0 -999.0 -999.0 -999.0 6231.0 -999.0 -1 -999 {-999.0 -999.0 -999.0 -999.0 -999.0} "" -999.0 -999.0 -999.0 -999.0 -999 -999 "" "" "" "" 0 0 0.0 0.0 -999 ""
FIBERMAP 1194 R-7C9 APOGEE 0 0 0 1 0 0 -32.83428818242217 -128.23801883952828 143.1 -32.83428818242217 -128.23801883952828 10.002749 170.00052 -999.0 -999.0 -999.0 -999.0 -999.0 -999.0 -999.0 -999.0 -999.0 -999.0 -999.0 -999.0 16600.0 -999.0 2 171 {-999.0 -999.0 -999.0 -999.0 -999.0} "" -999.0 -999.0 -999.0 -999.0 -999 -999 "" "" "" "" 0 0 0.0 0.0 -999 ""
FIBERMAP 1194 R-7C9 BOSS 0 0 0 1 0 0 -32.09170694411549 -128.26491388988768 143.1 -32.09170694411549 -128.26491388988768 10.002749 170.00052 -999.0 -999.0 -999.0 -999.0 -999.0 -999.0 -999.0 -999.0 -999.0 -999.0 -999.0 -999.0 5400.0 -999.0 1 388 {-999.0 -999.0 -999.0 -999.0 -999.0} "" -999.0 -999.0 -999.0 -999.0 -999 -999 "" "" "" "" 0 0 0.0 0.0 -999 ""
FIBERMAP 1194 R-7C9 METROLOGY 1 0 0 1 0 0 -32.48503216453635 -128.89848933841395 143.1 -32.48503216453635 -128.89848933841395 10.002749 170.00052 -999.0 -999.0 -999.0 -999.0 -999.0 -999.0 -999.0 -999.0 -999.0 -999.0 -999.0 -999.0 6231.0 -999.0 -1 -999 {-999.0 -999.0 -999.0 -999.0 -999.0} "" -999.0 -999.0 -999.0 -999.0 -999 -999 "" "" "" "" 0 0 0.0 0.0 -999 ""
FIBERMAP 1200 R+2C7 APOGEE 0 0 0 1 0 0 -133.99296344873275 46.42981791244931 143.1 -133.99296344873275 46.42981791244931 10.006204 169.99763 -999.0 -999.0 -999.0 -999.0 -999.0 -999.0 -999.0 -999.0 -999.0 -999.0 -999.0 -999.0 16600.0 -999.0 2 146 {-999.0 -999.0 -999.0 -999.0 -999.0} "" -999.0 -999.0 -999.0 -999.0 -999 -999 "" "" "" "" 0 0 0.0 0.0 -999 ""
FIBERMAP 1200 R+2C7 BOSS 0 0 0 1 0 0 -133.25166057622397 46.45941329113527 143.1 -133.25166057622397 46.45941329113527 10.006204 169.99763 -999.0 -999.0 -999.0 -999.0 -999.0 -999.0 -999.0 -999.0 -999.0 -999.0 -999.0 -999.0 5400.0 -999.0 1 47 {-999.0 -999.0 -999.0 -999.0 -999.0} "" -999.0 -999.0 -999.0 -999.0 -999 -999 "" "" "" "" 0 0 0.0 0.0 -999 ""
FIBERMAP 1200 R+2C7 METROLOGY 1 0 0 1 0 0 -133.59984694364465 45.79633755130586 143.1 -133.59984694364465 45.79633755130586 10.006204 169.99763 -999.0 -999.0 -999.0 -999.0 -999.0 -999.0 -999.0 -999.0 -999.0 -999.0 -999.0 -999.0 6231.0 -999.0 -1 -999 {-999.0 -999.0 -999.0 -999.0 -999.0} "" -999.0 -999.0 -999.0 -999.0 -999 -999 "" "" "" "" 0 0 0.0 0.0 -999 ""
FIBERMAP 1203 R-3C1 APOGEE 0 0 0 1 0 0 -257.0258055360086 -50.70400830688419 143.1 -257.0258055360086 -50.70400830688419 9.987109 170.00052 -999.0 -999.0 -999.0 -999.0 -999.0 -999.0 -999.0 -999.0 -999.0 -999.0 -999.0 -999.0 16600.0 -999.0 2 269 {-999.0 -999.0 -999.0 -999.0 -999.0} "" -999.0 -999.0 -999.0 -999.0 -999 -999 "" "" "" "" 0 0 0.0 0.0 -999 ""
FIBERMAP 1203 R-3C1 BOSS 0 0 0 1 0 0 -256.2950215596957 -50.696442867381954 143.1 -256.2950215596957 -50.696442867381954 9.987109 170.00052 -999.0 -999.0 -999.0 -999.0 -999.0 -999.0 -999.0 -999.0 -999.0 -999.0 -999.0 -999.0 5400.0 -999.0 1 496 {-999.0 -999.0 -999.0 -999.0 -999.0} "" -999.0 -999.0 -999.0 -999.0 -999 -999 "" "" "" "" 0 0 0.0 0.0 -999 ""
FIBERMAP 1203 R-3C1 METROLOGY 1 0 0 1 0 0 -256.64752321797687 -51.34291561237709 143.1 -256.64752321797687 -51.34291561237709 9.987109 170.00052 -999.0 -999.0 -999.0 -999.0 -999.0 -999.0 -999.0 -999.0 -999.0 -999.0 -999.0 -999.0 6231.0 -999.0 -1 -999 {-999.0 -999.0 -999.0 -999.0 -999.0} "" -999.0 -999.0 -999.0 -999.0 -999 -999 "" "" "" "" 0 0 0.0 0.0 -999 ""
FIBERMAP 1207 R-4C13 APOGEE 0 0 0 1 0 0 22.994661329015127 -70.04723935209933 143.1 22.994661329015127 -70.04723935209933 9.989327 170.01042 -999.0 -999.0 -999.0 -999.0 -999.0 -999.0 -999.0 -999.0 -999.0 -999.0 -999.0 -999.0 16600.0 -999.0 2 -999 {-999.0 -999.0 -999.0 -999.0 -999.0} "" -999.0 -999.0 -999.0 -999.0 -999 -999 "" "" "" "" 0 0 0.0 0.0 -999 ""
FIBERMAP 1207 R-4C13 BOSS 0 0 0 1 0 0 23.718241063767678 -70.02693673599272 143.1 23.718241063767678 -70.02693673599272 9.989327 170.01042 -999.0 -999.0 -999.0 -999.0 -999.0 -999.0 -999.0 -999.0 -999.0 -999.0 -999.0 -999.0 5400.0 -999.0 1 363 {-999.0 -999.0 -999.0 -999.0 -999.0} "" -999.0 -999.0 -999.0 -999.0 -999 -999 "" "" "" "" 0 0 0.0 0.0 -999 ""
FIBERMAP 1207 R-4C13 METROLOGY 1 0 0 1 0 0 23.374284342922447 -70.68953861865948 143.1 23.374284342922447 -70.68953861865948 9.989327 170.01042 -999.0 -999.0 -999.0 -999.0 -999.0 -999.0 -999.0 -999.0 -999.0 -999.0 -999.0 -999.0 6231.0 -999.0 -1 -999 {-999.0 -999.0 -999.0 -999.0 -999.0} "" -999.0 -999.0 -999.0 -999.0 -999 -999 "" "" "" "" 0 0 0.0 0.0 -999 ""
FIBERMAP 1208 R-3C19 APOGEE 0 0 0 1 0 0 146.0153300044109 -50.56541161419811 143.1 146.0153300044109 -50.56541161419811 10.005179 169.99174 -999.0 -999.0 -999.0 -999.0 -999.0 -999.0 -999.0 -999.0 -999.0 -999.0 -999.0 -999.0 16600.0 -999.0 2 -999 {-999.0 -999.0 -999.0 -999.0 -999.0} "" -999.0 -999.0 -999.0 -999.0 -999 -999 "" "" "" "" 0 0 0.0 0.0 -999 ""
FIBERMAP 1208 R-3C19 BOSS 0 0 0 1 0 0 146.740262775 -50.53609837488338 143.1 146.740262775 -50.53609837488338 10.005179 169.99174 -999.0 -999.0 -999.0 -999.0 -999.0 -999.0 -999.0 -999.0 -999.0 -999.0 -999.0 -999.0 5400.0 -999.0 1 289 {-999.0 -999.0 -999.0 -999.0 -999.0} "" -999.0 -999.0 -999.0 -999.0 -999 -999 "" "" "" "" 0 0 0.0 0.0 -999 ""
FIBERMAP 1208 R-3C19 METROLOGY 1 0 0 1 0 0 146.40870214583202 -51.199383489651254 143.1 146.40870214583202 -51.199383489651254 10.005179 169.99174 -999.0 -999.0 -999.0 -999.0 -999.0 -999.0 -999.0 -999.0 -999.0 -999.0 -999.0 -999.0 6231.0 -999.0 -1 -999 {-999.0 -999.0 -999.0 -999.0 -999.0} "" -999.0 -999.0 -999.0 -999.0 -999 -999 "" "" "" "" 0 0 0.0 0.0 -999 ""
FIBERMAP 1213 R+9C2 APOGEE 0 0 0 1 0 0 -167.18723649522786 182.12992941536217 143.1 -167.18723649522786 182.12992941536217 10.009217 169.99725 -999.0 -999.0 -999.0 -999.0 -999.0 -999.0 -999.0 -999.0 -999.0 -999.0 -999.0 -999.0 16600.0 -999.0 2 -999 {-999.0 -999.0 -999.0 -999.0 -999.0} "" -999.0 -999.0 -999.0 -999.0 -999 -999 "" "" "" "" 0 0 0.0 0.0 -999 ""
FIBERMAP 1213 R+9C2 BOSS 0 0 0 1 0 0 -166.4398533875621 182.12948165475004 143.1 -166.4398533875621 182.12948165475004 10.009217 169.99725 -999.0 -999.0 -999.0 -999.0 -999.0 -999.0 -999.0 -999.0 -999.0 -999.0 -999.0 -999.0 5400.0 -999.0 1 19 {-999.0 -999.0 -999.0 -999.0 -999.0} "" -999.0 -999.0 -999.0 -999.0 -999 -999 "" "" "" "" 0 0 0.0 0.0 -999 ""
FIBERMAP 1213 R+9C2 METROLOGY 1 0 0 1 0 0 -166.81665615710065 181.48237077438415 143.1 -166.81665615710065 181.48237077438415 10.009217 169.99725 -999.0 -999.0 -999.0 -999.0 -999.0 -999.0 -999.0 -999.0 -999.0 -999.0 -999.0 -999.0 6231.0 -999.0 -1 -999 {-999.0 -999.0 -999.0 -999.0 -999.0} "" -999.0 -999.0 -999.0 -999.0 -999 -999 "" "" "" "" 0 0 0.0 0.0 -999 ""
FIBERMAP 1215 R-1C15 APOGEE 0 0 0 1 0 0 34.24642854757435 -11.767694079884084 143.1 34.24642854757435 -11.767694079884084 10.008929 170.00676 -999.0 -999.0 -999.0 -999.0 -999.0 -999.0 -999.0 -999.0 -999.0 -999.0 -999.0 -999.0 16600.0 -999.0 2 -999 {-999.0 -999.0 -999.0 -999.0 -999.0} "" -999.0 -999.0 -999.0 -999.0 -999 -999 "" "" "" "" 0 0 0.0 0.0 -999 ""
FIBERMAP 1215 R-1C15 BOSS 0 0 0 1 0 0 34.98788310134018 -11.75051539913213 143.1 34.98788310134018 -11.75051539913213 10.008929 170.00676 -999.0 -999.0 -999.0 -999.0 -999.0 -999.0 -999.0 -999.0 -999.0 -999.0 -999.0 -999.0 5400.0 -999.0 1 272 {-999.0 -999.0 -999.0 -999.0 -999.0} "" -999.0 -999.0 -999.0 -999.0 -999 -999 "" "" "" "" 0 0 0.0 0.0 -999 ""
FIBERMAP 1215 R-1C15 METROLOGY 1 0 0 1 0 0 34.633729909372654 -12.40539278276891 143.1 34.633729909372654 -12.40539278276891 10.008929 170.00676 -999.0 -999.0 -999.0 -999.0 -999.0 -999.0 -999.0 -999.0 -999.0 -999.0 -999.0 -999.0 6231.0 -999.0 -1 -999 {-999.0 -999.0 -999.0 -999.0 -999.0} "" -999.0 -999.0 -999.0 -999.0 -999 -999 "" "" "" "" 0 0 0.0 0.0 -999 ""
FIBERMAP 1222 R+1C10 APOGEE 0 0 0 1 0 0 -78.03161814534865 26.800196439677926 143.1 -78.03161814534865 26.800196439677926 10.003697 170.00739 -999.0 -999.0 -999.0 -999.0 -999.0 -999.0 -999.0 -999.0 -999.0 -999.0 -999.0 -999.0 16600.0 -999.0 2 -999 {-999.0 -999.0 -999.0 -999.0 -999.0} "" -999.0 -999.0 -999.0 -999.0 -999 -999 "" "" "" "" 0 0 0.0 0.0 -999 ""
FIBERMAP 1222 R+1C10 BOSS 0 0 0 1 0 0 -77.27729320939365 26.820825104380287 143.1 -77.27729320939365 26.820825104380287 10.003697 170.00739 -999.0 -999.0 -999.0 -999.0 -999.0 -999.0 -999.0 -999.0 -999.0 -999.0 -999.0 -999.0 5400.0 -999.0 1 30 {-999.0 -999.0 -999.0 -999.0 -999.0} "" -999.0 -999.0 -999.0 -999.0 -999 -999 "" "" "" "" 0 0 0.0 0.0 -999 ""
FIBERMAP 1222 R+1C10 METROLOGY 1 0 0 1 0 0 -77.64054131596266 26.164806091915843 143.1 -77.64054131596266 26.164806091915843 10.003697 170.00739 -999.0 -999.0 -999.0 -999.0 -999.0 -999.0 -999.0 -999.0 -999.0 -999.0 -999.0 -999.0 6231.0 -999.0 -1 -999 {-999.0 -999.0 -999.0 -999.0 -999.0} "" -999.0 -999.0 -999.0 -999.0 -999 -999 "" "" "" "" 0 0 0.0 0.0 -999 ""
FIBERMAP 1226 R+8C2 APOGEE 0 0 0 1 0 0 -178.6587354044117 162.80106862925646 143.1 -178.6587354044117 162.80106862925646 9.989725 170.00476 -999.0 -999.0 -999.0 -999.0 -999.0 -999.0 -999.0 -999.0 -999.0 -999.0 -999.0 -999.0 16600.0 -999.0 2 -999 {-999.0 -999.0 -999.0 -999.0 -999.0} "" -999.0 -999.0 -999.0 -999.0 -999 -999 "" "" "" "" 0 0 0.0 0.0 -999 ""
FIBERMAP 1226 R+8C2 BOSS 0 0 0 1 0 0 -177.9145506528347 162.81417655091164 143.1 -177.9145506528347 162.81417655091164 9.989725 170.00476 -999.0 -999.0 -999.0 -999.0 -999.0 -999.0 -999.0 -999.0 -999.0 -999.0 -999.0 -999.0 5400.0 -999.0 1 69 {-999.0 -999.0 -999.0 -999.0 -999.0} "" -999.0 -999.0 -999.0 -999.0 -999 -999 "" "" "" "" 0 0 0.0 0.0 -999 ""
FIBERMAP 1226 R+8C2 METROLOGY 1 0 0 1 0 0 -178.26827267282002 162.1653007189702 143.1 -178.26827267282002 162.1653007189702 9.989725 170.00476 -999.0 -999.0 -999.0 -999.0 -999.0 -999.0 -999.0 -999.0 -999.0 -999.0 -999.0 -999.0 6231.0 -999.0 -1 -999 {-999.0 -999.0 -999.0 -999.0 -999.0} "" -999.0 -999.0 -999.0 -999.0 -999 -999 "" "" "" "" 0 0 0.0 0.0 -999 ""
FIBERMAP 1229 R-10C17 APOGEE 0 0 0 1 0 0 179.94251511336344 -186.32659846935113 143.1 179.94251511336344 -186.32659846935113 10.007485 169.99538 -999.0 -999.0 -999.0 -999.0 -999.0 -999.0 -999.0 -999.0 -999.0 -999.0 -999.0 -999.0 16600.0 -999.0 2 188 {-999.0 -999.0 -999.0 -999.0 -999.0} "" -999.0 -999.0 -999.0 -999.0 -999 -999 "" "" "" "" 0 0 0.0 0.0 -999 ""
FIBERMAP 1229 R-10C17 BOSS 0 0 0 1 0 0 180.67078301546638 -186.3340194519543 143.1 180.67078301546638 -186.3340194519543 10.007485 169.99538 -999.0 -999.0 -999.0 -999.0 -999.0 -999.0 -999.0 -999.0 -999.0 -999.0 -999.0 -999.0 5400.0 -999.0 1 329 {-999.0 -999.0 -999.0 -999.0 -999.0} "" -999.0 -999.0 -999.0 -999.0 -999 -999 "" "" "" "" 0 0 0.0 0.0 -999 ""
FIBERMAP 1229 R-10C17 METROLOGY 1 0 0 1 0 0 180.3057936086781 -186.9766755435338 143.1 180.3057936086781 -186.9766755435338 10.007485 169.99538 -999.0 -999.0 -999.0 -999.0 -999.0 -999.0 -999.0 -999.0 -999.0 -999.0 -999.0 -999.0 6231.0 -999.0 -1 -999 {-999.0 -999.0 -999.0 -999.0 -999.0} "" -999.0 -999.0 -999.0 -999.0 -999 -999 "" "" "" "" 0 0 0.0 0.0 -999 ""
FIBERMAP 1232 R-4C22 APOGEE 0 0 0 1 0 0 224.71016815806462 -70.04659251390358 143.1 224.71016815806462 -70.04659251390358 9.98532 169.99847 -999.0 -999.0 -999.0 -999.0 -999.0 -999.0 -999.0 -999.0 -999.0 -999.0 -999.0 -999.0 16600.0 -999.0 2 -999 {-999.0 -999.0 -999.0 -999.0 -999.0} "" -999.0 -999.0 -999.0 -999.0 -999 -999 "" "" "" "" 0 0 0.0 0.0 -999 ""
FIBERMAP 1232 R-4C22 BOSS 0 0 0 1 0 0 225.44912854927915 -70.03203440280558 143.1 225.44912854927915 -70.03203440280558 9.98532 169.99847 -999.0 -999.0 -999.0 -999.0 -999.0 -999.0 -999.0 -999.0 -999.0 -999.0 -999.0 -999.0 5400.0 -999.0 1 322 {-999.0 -999.0 -999.0 -999.0 -999.0} "" -999.0 -999.0 -999.0 -999.0 -999 -999 "" "" "" "" 0 0 0.0 0.0 -999 ""
FIBERMAP 1232 R-4C22 METROLOGY 1 0 0 1 0 0 225.09268832412494 -70.68717061458217 143.1 225.09268832412494 -70.68717061458217 9.98532 169.99847 -999.0 -999.0 -999.0 -999.0 -999.0 -999.0 -999.0 -999.0 -999.0 -999.0 -999.0 -999.0 6231.0 -999.0 -1 -999 {-999.0 -999.0 -999.0 -999.0 -999.0} "" -999.0 -999.0 -999.0 -999.0 -999 -999 "" "" "" "" 0 0 0.0 0.0 -999 ""
FIBERMAP 1240 R+7C16 APOGEE 0 0 0 1 0 0 123.99656504591543 143.48944793695233 143.1 123.99656504591543 143.48944793695233 9.991348 169.99539 -999.0 -999.0 -999.0 -999.0 -999.0 -999.0 -999.0 -999.0 -999.0 -999.0 -999.0 -999.0 16600.0 -999.0 2 66 {-999.0 -999.0 -999.0 -999.0 -999.0} "" -999.0 -999.0 -999.0 -999.0 -999 -999 "" "" "" "" 0 0 0.0 0.0 -999 ""
FIBERMAP 1240 R+7C16 BOSS 0 0 0 1 0 0 124.7355509842312 143.48849924503872 143.1 124.7355509842312 143.48849924503872 9.991348 169.99539 -999.0 -999.0 -999.0 -999.0 -999.0 -999.0 -999.0 -999.0 -999.0 -999.0 -999.0 -999.0 5400.0 -999.0 1 201 {-999.0 -999.0 -999.0 -999.0 -999.0} "" -999.0 -999.0 -999.0 -999.0 -999 -999 "" "" "" "" 0 0 0.0 0.0 -999 ""
FIBERMAP 1240 R+7C16 METROLOGY 1 0 0 1 0 0 124.3782143545739 142.84128498346357 143.1 124.3782143545739 142.84128498346357 9.991348 169.99539 -999.0 -999.0 -999.0 -999.0 -999.0 -999.0 -999.0 -999.0 -999.0 -999.0 -999.0 -999.0 6231.0 -999.0 -1 -999 {-999.0 -999.0 -999.0 -999.0 -999.0} "" -999.0 -999.0 -999.0 -999.0 -999 -999 "" "" "" "" 0 0 0.0 0.0 -999 ""
FIBERMAP 1241 R+7C13 APOGEE 0 0 0 1 0 0 56.65082809248432 143.43876047558626 143.1 56.65082809248432 143.43876047558626 10.008625 170.01466 -999.0 -999.0 -999.0 -999.0 -999.0 -999.0 -999.0 -999.0 -999.0 -999.0 -999.0 -999.0 16600.0 -999.0 2 48 {-999.0 -999.0 -999.0 -999.0 -999.0} "" -999.0 -999.0 -999.0 -999.0 -999 -999 "" "" "" "" 0 0 0.0 0.0 -999 ""
FIBERMAP 1241 R+7C13 BOSS 0 0 0 1 0 0 57.39675687331401 143.44195034672134 143.1 57.39675687331401 143.44195034672134 10.008625 170.01466 -999.0 -999.0 -999.0 -999.0 -999.0 -999.0 -999.0 -999.0 -999.0 -999.0 -999.0 -999.0 5400.0 -999.0 1 150 {-999.0 -999.0 -999.0 -999.0 -999.0} "" -999.0 -999.0 -999.0 -999.0 -999 -999 "" "" "" "" 0 0 0.0 0.0 -999 ""
FIBERMAP 1241 R+7C13 METROLOGY 1 0 0 1 0 0 57.02734706135865 142.79157177274132 143.1 57.02734706135865 142.79157177274132 10.008625 170.01466 -999.0 -999.0 -999.0 -999.0 -999.0 -999.0 -999.0 -999.0 -999.0 -999.0 -999.0 -999.0 6231.0 -999.0 -1 -999 {-999.0 -999.0 -999.0 -999.0 -999.0} "" -999.0 -999.0 -999.0 -999.0 -999 -999 "" "" "" "" 0 0 0.0 0.0 -999 ""
FIBERMAP 1251 R+6C7 APOGEE 0 0 0 1 0 0 -88.96031027286935 123.98574053384229 143.1 -88.96031027286935 123.98574053384229 9.9894905 170.00241 -999.0 -999.0 -999.0 -999.0 -999.0 -999.0 -999.0 -999.0 -999.0 -999.0 -999.0 -999.0 16600.0 -999.0 2 100 {-999.0 -999.0 -999.0 -999.0 -999.0} "" -999.0 -999.0 -999.0 -999.0 -999 -999 "" "" "" "" 0 0 0.0 0.0 -999 ""
FIBERMAP 1251 R+6C7 BOSS 0 0 0 1 0 0 -88.21720655369676 123.96806241575939 143.1 -88.21720655369676 123.96806241575939 9.9894905 170.00241 -999.0 -999.0 -999.0 -999.0 -999.0 -999.0 -999.0 -999.0 -999.0 -999.0 -999.0 -999.0 5400.0 -999.0 1 66 {-999.0 -999.0 -999.0 -999.0 -999.0} "" -999.0 -999.0 -999.0 -999.0 -999 -999 "" "" "" "" 0 0 0.0 0.0 -999 ""
FIBERMAP 1251 R+6C7 METROLOGY 1 0 0 1 0 0 -88.62749668799763 123.30678150851583 143.1 -88.62749668799763 123.30678150851583 9.9894905 170.00241 -999.0 -999.0 -999.0 -999.0 -999.0 -999.0 -999.0 -999.0 -999.0 -999.0 -999.0 -999.0 6231.0 -999.0 -1 -999 {-999.0 -999.0 -999.0 -999.0 -999.0} "" -999.0 -999.0 -999.0 -999.0 -999 -999 "" "" "" "" 0 0 0.0 0.0 -999 ""
FIBERMAP 1252 R+13C7 APOGEE 0 0 0 1 0 0 -10.685417396732408 259.71709307340075 143.1 -10.685417396732408 259.71709307340075 10.006433 170.00246 -999.0 -999.0 -999.0 -999.0 -999.0 -999.0 -999.0 -999.0 -999.0 -999.0 -999.0 -999.0 16600.0 -999.0 2 46 {-999.0 -999.0 -999.0 -999.0 -999.0} "" -999.0 -999.0 -999.0 -999.0 -999 -999 "" "" "" "" 0 0 0.0 0.0 -999 ""
FIBERMAP 1252 R+13C7 BOSS 0 0 0 1 0 0 -9.946425794699085 259.7506279792631 143.1 -9.946425794699085 259.7506279792631 10.006433 170.00246 -999.0 -999.0 -999.0 -999.0 -999.0 -999.0 -999.0 -999.0 -999.0 -999.0 -999.0 -999.0 5400.0 -999.0 1 167 {-999.0 -999.0 -999.0 -999.0 -999.0} "" -999.0 -999.0 -999.0 -999.0 -999 -999 "" "" "" "" 0 0 0.0 0.0 -999 ""
FIBERMAP 1252 R+13C7 METROLOGY 1 0 0 1 0 0 -10.28870273689712 259.0870282108568 143.1 -10.28870273689712 259.0870282108568 10.006433 170.00246 -999.0 -999.0 -999.0 -999.0 -999.0 -999.0 -999.0 -999.0 -999.0 -999.0 -999.0 -999.0 6231.0 -999.0 -1 -999 {-999.0 -999.0 -999.0 -999.0 -999.0} "" -999.0 -999.0 -999.0 -999.0 -999 -999 "" "" "" "" 0 0 0.0 0.0 -999 ""
FIBERMAP 1254 R+2C6 APOGEE 0 0 0 1 0 0 -156.03434405497302 46.364879060855124 143.1 -156.03434405497302 46.364879060855124 10.0157585 170.0152 -999.0 -999.0 -999.0 -999.0 -999.0 -999.0 -999.0 -999.0 -999.0 -999.0 -999.0 -999.0 16600.0 -999.0 2 -999 {-999.0 -999.0 -999.0 -999.0 -999.0} "" -999.0 -999.0 -999.0 -999.0 -999 -999 "" "" "" "" 0 0 0.0 0.0 -999 ""
FIBERMAP 1254 R+2C6 BOSS 0 0 0 1 0 0 -155.31594726429176 46.380379993447825 143.1 -155.31594726429176 46.380379993447825 10.0157585 170.0152 -999.0 -999.0 -999.0 -999.0 -999.0 -999.0 -999.0 -999.0 -999.0 -999.0 -999.0 -999.0 5400.0 -999.0 1 48 {-999.0 -999.0 -999.0 -999.0 -999.0} "" -999.0 -999.0 -999.0 -999.0 -999 -999 "" "" "" "" 0 0 0.0 0.0 -999 ""
FIBERMAP 1254 R+2C6 METROLOGY 1 0 0 1 0 0 -155.65483184222524 45.722514319538256 143.1 -155.65483184222524 45.722514319538256 10.0157585 170.0152 -999.0 -999.0 -999.0 -999.0 -999.0 -999.0 -999.0 -999.0 -999.0 -999.0 -999.0 -999.0 6231.0 -999.0 -1 -999 {-999.0 -999.0 -999.0 -999.0 -999.0} "" -999.0 -999.0 -999.0 -999.0 -999 -999 "" "" "" "" 0 0 0.0 0.0 -999 ""
FIBERMAP 1256 R-7C15 APOGEE 0 0 0 1 0 0 101.5050113241345 -128.27889672735716 143.1 101.5050113241345 -128.27889672735716 10.009871 170.0337 -999.0 -999.0 -999.0 -999.0 -999.0 -999.0 -999.0 -999.0 -999.0 -999.0 -999.0 -999.0 16600.0 -999.0 2 -999 {-999.0 -999.0 -999.0 -999.0 -999.0} "" -999.0 -999.0 -999.0 -999.0 -999 -999 "" "" "" "" 0 0 0.0 0.0 -999 ""
FIBERMAP 1256 R-7C15 BOSS 0 0 0 1 0 0 102.34286540195129 -128.32706774080276 143.1 102.34286540195129 -128.32706774080276 10.009871 170.0337 -999.0 -999.0 -999.0 -999.0 -999.0 -999.0 -999.0 -999.0 -999.0 -999.0 -999.0 -999.0 5400.0 -999.0 1 317 {-999.0 -999.0 -999.0 -999.0 -999.0} "" -999.0 -999.0 -999.0 -999.0 -999 -999 "" "" "" "" 0 0 0.0 0.0 -999 ""
FIBERMAP 1256 R-7C15 METROLOGY 1 0 0 1 0 0 101.8892306062315 -128.9184571418425 143.1 101.8892306062315 -128.9184571418425 10.009871 170.0337 -999.0 -999.0 -999.0 -999.0 -999.0 -999.0 -999.0 -999.0 -999.0 -999.0 -999.0 -999.0 6231.0 -999.0 -1 -999 {-999.0 -999.0 -999.0 -999.0 -999.0} "" -999.0 -999.0 -999.0 -999.0 -999 -999 "" "" "" "" 0 0 0.0 0.0 -999 ""
FIBERMAP 1260 R+1C4 APOGEE 0 0 0 1 0 0 -212.33045830261193 26.928416177116805 143.1 -212.33045830261193 26.928416177116805 9.990375 170.01024 -999.0 -999.0 -999.0 -999.0 -999.0 -999.0 -999.0 -999.0 -999.0 -999.0 -999.0 -999.0 16600.0 -999.0 2 -999 {-999.0 -999.0 -999.0 -999.0 -999.0} "" -999.0 -999.0 -999.0 -999.0 -999 -999 "" "" "" "" 0 0 0.0 0.0 -999 ""
FIBERMAP 1260 R+1C4 BOSS 0 0 0 1 0 0 -211.587193389664 26.954639664512957 143.1 -211.587193389664 26.954639664512957 9.990375 170.01024 -999.0 -999.0 -999.0 -999.0 -999.0 -999.0 -999.0 -999.0 -999.0 -999.0 -999.0 -999.0 5400.0 -999.0 1 62 {-999.0 -999.0 -999.0 -999.0 -999.0} "" -999.0 -999.0 -999.0 -999.0 -999 -999 "" "" "" "" 0 0 0.0 0.0 -999 ""
FIBERMAP 1260 R+1C4 METROLOGY 1 0 0 1 0 0 -211.93706677248417 26.29445633254026 143.1 -211.93706677248417 26.29445633254026 9.990375 170.01024 -999.0 -999.0 -999.0 -999.0 -999.0 -999.0 -999.0 -999.0 -999.0 -999.0 -999.0 -999.0 6231.0 -999.0 -1 -999 {-999.0 -999.0 -999.0 -999.0 -999.0} "" -999.0 -999.0 -999.0 -999.0 -999 -999 "" "" "" "" 0 0 0.0 0.0 -999 ""
FIBERMAP 1265 R+5C6 APOGEE 0 0 0 1 0 0 -123.57170985868149 104.41853470710944 143.1 -123.57170985868149 104.41853470710944 10.007584 170.00723 -999.0 -999.0 -999.0 -999.0 -999.0 -999.0 -999.0 -999.0 -999.0 -999.0 -999.0 -999.0 16600.0 -999.0 2 -999 {-999.0 -999.0 -999.0 -999.0 -999.0} "" -999.0 -999.0 -999.0 -999.0 -999 -999 "" "" "" "" 0 0 0.0 0.0 -999 ""
FIBERMAP 1265 R+5C6 BOSS 0 0 0 1 0 0 -122.84514901207729 104.47688028527665 143.1 -122.84514901207729 104.47688028527665 10.007584 170.00723 -999.0 -999.0 -999.0 -999.0 -999.0 -999.0 -999.0 -999.0 -999.0 -999.0 -999.0 -999.0 5400.0 -999.0 1 50 {-999.0 -999.0 -999.0 -999.0 -999.0} "" -999.0 -999.0 -999.0 -999.0 -999 -999 "" "" "" "" 0 0 0.0 0.0 -999 ""
FIBERMAP 1265 R+5C6 METROLOGY 1 0 0 1 0 0 -123.14770903964225 103.80462487173794 143.1 -123.14770903964225 103.80462487173794 10.007584 170.00723 -999.0 -999.0 -999.0 -999.0 -999.0 -999.0 -999.0 -999.0 -999.0 -999.0 -999.0 -999.0 6231.0 -999.0 -1 -999 {-999.0 -999.0 -999.0 -999.0 -999.0} "" -999.0 -999.0 -999.0 -999.0 -999 -999 "" "" "" "" 0 0 0.0 0.0 -999 ""
FIBERMAP 1266 R-1C23 APOGEE 0 0 0 1 0 0 213.47147539998522 -11.887911448022955 143.1 213.47147539998522 -11.887911448022955 10.017641 169.9947 -999.0 -999.0 -999.0 -999.0 -999.0 -999.0 -999.0 -999.0 -999.0 -999.0 -999.0 -999.0 16600.0 -999.0 2 -999 {-999.0 -999.0 -999.0 -999.0 -999.0} "" -999.0 -999.0 -999.0 -999.0 -999 -999 "" "" "" "" 0 0 0.0 0.0 -999 ""
FIBERMAP 1266 R-1C23 BOSS 0 0 0 1 0 0 214.2229245446417 -11.869298032354976 143.1 214.2229245446417 -11.869298032354976 10.017641 169.9947 -999.0 -999.0 -999.0 -999.0 -999.0 -999.0 -999.0 -999.0 -999.0 -999.0 -999.0 -999.0 5400.0 -999.0 1 312 {-999.0 -999.0 -999.0 -999.0 -999.0} "" -999.0 -999.0 -999.0 -999.0 -999 -999 "" "" "" "" 0 0 0.0 0.0 -999 ""
FIBERMAP 1266 R-1C23 METROLOGY 1 0 0 1 0 0 213.8529548938999 -12.52910983872151 143.1 213.8529548938999 -12.52910983872151 10.017641 169.9947 -999.0 -999.0 -999.0 -999.0 -999.0 -999.0 -999.0 -999.0 -999.0 -999.0 -999.0 -999.0 6231.0 -999.0 -1 -999 {-999.0 -999.0 -999.0 -999.0 -999.0} "" -999.0 -999.0 -999.0 -999.0 -999 -999 "" "" "" "" 0 0 0.0 0.0 -999 ""
FIBERMAP 1270 R+5C12 APOGEE 0 0 0 1 0 0 11.585432708342532 104.63219579193148 143.1 11.585432708342532 104.63219579193148 10.008459 169.99886 -999.0 -999.0 -999.0 -999.0 -999.0 -999.0 -999.0 -999.0 -999.0 -999.0 -999.0 -999.0 16600.0 -999.0 2 8 {-999.0 -999.0 -999.0 -999.0 -999.0} "" -999.0 -999.0 -999.0 -999.0 -999 -999 "" "" "" "" 0 0 0.0 0.0 -999 ""
FIBERMAP 1270 R+5C12 BOSS 0 0 0 1 0 0 12.327744490230645 104.61742800767482 143.1 12.327744490230645 104.61742800767482 10.008459 169.99886 -999.0 -999.0 -999.0 -999.0 -999.0 -999.0 -999.0 -999.0 -999.0 -999.0 -999.0 -999.0 5400.0 -999.0 1 116 {-999.0 -999.0 -999.0 -999.0 -999.0} "" -999.0 -999.0 -999.0 -999.0 -999 -999 "" "" "" "" 0 0 0.0 0.0 -999 ""
FIBERMAP 1270 R+5C12 METROLOGY 1 0 0 1 0 0 11.948532548758301 103.98479512555531 143.1 11.948532548758301 103.98479512555531 10.008459 169.99886 -999.0 -999.0 -999.0 -999.0 -999.0 -999.0 -999.0 -999.0 -999.0 -999.0 -999.0 -999.0 6231.0 -999.0 -1 -999 {-999.0 -999.0 -999.0 -999.0 -999.0} "" -999.0 -999.0 -999.0 -999.0 -999 -999 "" "" "" "" 0 0 0.0 0.0 -999 ""
FIBERMAP 1271 R-4C14 APOGEE 0 0 0 1 0 0 45.50008591030644 -70.09209302593024 143.1 45.50008591030644 -70.09209302593024 10.012392 169.99594 -999.0 -999.0 -999.0 -999.0 -999.0 -999.0 -999.0 -999.0 -999.0 -999.0 -999.0 -999.0 16600.0 -999.0 2 -999 {-999.0 -999.0 -999.0 -999.0 -999.0} "" -999.0 -999.0 -999.0 -999.0 -999 -999 "" "" "" "" 0 0 0.0 0.0 -999 ""
FIBERMAP 1271 R-4C14 BOSS 0 0 0 1 0 0 46.23977106173879 -70.08640165102763 143.1 46.23977106173879 -70.08640165102763 10.012392 169.99594 -999.0 -999.0 -999.0 -999.0 -999.0 -999.0 -999.0 -999.0 -999.0 -999.0 -999.0 -999.0 5400.0 -999.0 1 324 {-999.0 -999.0 -999.0 -999.0 -999.0} "" -999.0 -999.0 -999.0 -999.0 -999 -999 "" "" "" "" 0 0 0.0 0.0 -999 ""
FIBERMAP 1271 R-4C14 METROLOGY 1 0 0 1 0 0 45.876958734361445 -70.73600983344548 143.1 45.876958734361445 -70.73600983344548 10.012392 169.99594 -999.0 -999.0 -999.0 -999.0 -999.0 -999.0 -999.0 -999.0 -999.0 -999.0 -999.0 -999.0 6231.0 -999.0 -1 -999 {-999.0 -999.0 -999.0 -999.0 -999.0} "" -999.0 -999.0 -999.0 -999.0 -999 -999 "" "" "" "" 0 0 0.0 0.0 -999 ""
FIBERMAP 1272 R+1C9 APOGEE 0 0 0 1 0 0 -100.28043124629443 26.974777175563297 143.1 -100.28043124629443 26.974777175563297 10.009235 169.9993 -999.0 -999.0 -999.0 -999.0 -999.0 -999.0 -999.0 -999.0 -999.0 -999.0 -999.0 -999.0 16600.0 -999.0 2 147 {-999.0 -999.0 -999.0 -999.0 -999.0} "" -999.0 -999.0 -999.0 -999.0 -999 -999 "" "" "" "" 0 0 0.0 0.0 -999 ""
FIBERMAP 1272 R+1C9 BOSS 0 0 0 1 0 0 -99.52987461232304 26.97425244623407 143.1 -99.52987461232304 26.97425244623407 10.009235 169.9993 -999.0 -999.0 -999.0 -999.0 -999.0 -999.0 -999.0 -999.0 -999.0 -999.0 -999.0 -999.0 5400.0 -999.0 1 45 {-999.0 -999.0 -999.0 -999.0 -999.0} "" -999.0 -999.0 -999.0 -999.0 -999 -999 "" "" "" "" 0 0 0.0 0.0 -999 ""
FIBERMAP 1272 R+1C9 METROLOGY 1 0 0 1 0 0 -99.9041948872434 26.319558301203895 143.1 -99.9041948872434 26.319558301203895 10.009235 169.9993 -999.0 -999.0 -999.0 -999.0 -999.0 -999.0 -999.0 -999.0 -999.0 -999.0 -999.0 -999.0 6231.0 -999.0 -1 -999 {-999.0 -999.0 -999.0 -999.0 -999.0} "" -999.0 -999.0 -999.0 -999.0 -999 -999 "" "" "" "" 0 0 0.0 0.0 -999 ""
FIBERMAP 1276 R-2C3 APOGEE 0 0 0 1 0 0 -223.3455285562227 -31.29936003977366 143.1 -223.3455285562227 -31.29936003977366 10.003846 169.99947 -999.0 -999.0 -999.0 -999.0 -999.0 -999.0 -999.0 -999.0 -999.0 -999.0 -999.0 -999.0 16600.0 -999.0 2 257 {-999.0 -999.0 -999.0 -999.0 -999.0} "" -999.0 -999.0 -999.0 -999.0 -999 -999 "" "" "" "" 0 0 0.0 0.0 -999 ""
FIBERMAP 1276 R-2C3 BOSS 0 0 0 1 0 0 -222.60292653987412 -31.270926891635625 143.1 -222.60292653987412 -31.270926891635625 10.003846 169.99947 -999.0 -999.0 -999.0 -999.0 -999.0 -999.0 -999.0 -999.0 -999.0 -999.0 -999.0 -999.0 5400.0 -999.0 1 475 {-999.0 -999.0 -999.0 -999.0 -999.0} "" -999.0 -999.0 -999.0 -999.0 -999 -999 "" "" "" "" 0 0 0.0 0.0 -999 ""
FIBERMAP 1276 R-2C3 METROLOGY 1 0 0 1 0 0 -222.9590915525687 -31.938562519921803 143.1 -222.9590915525687 -31.938562519921803 10.003846 169.99947 -999.0 -999.0 -999.0 -999.0 -999.0 -999.0 -999.0 -999.0 -999.0 -999.0 -999.0 -999.0 6231.0 -999.0 -1 -999 {-999.0 -999.0 -999.0 -999.0 -999.0} "" -999.0 -999.0 -999.0 -999.0 -999 -999 "" "" "" "" 0 0 0.0 0.0 -999 ""
FIBERMAP 1281 R+5C7 APOGEE 0 0 0 1 0 0 -100.14902320238183 104.6034454437873 143.1 -100.14902320238183 104.6034454437873 10.006595 170.00578 -999.0 -999.0 -999.0 -999.0 -999.0 -999.0 -999.0 -999.0 -999.0 -999.0 -999.0 -999.0 16600.0 -999.0 2 108 {-999.0 -999.0 -999.0 -999.0 -999.0} "" -999.0 -999.0 -999.0 -999.0 -999 -999 "" "" "" "" 0 0 0.0 0.0 -999 ""
FIBERMAP 1281 R+5C7 BOSS 0 0 0 1 0 0 -99.41116877763548 104.58939610190383 143.1 -99.41116877763548 104.58939610190383 10.006595 170.00578 -999.0 -999.0 -999.0 -999.0 -999.0 -999.0 -999.0 -999.0 -999.0 -999.0 -999.0 -999.0 5400.0 -999.0 1 54 {-999.0 -999.0 -999.0 -999.0 -999.0} "" -999.0 -999.0 -999.0 -999.0 -999 -999 "" "" "" "" 0 0 0.0 0.0 -999 ""
FIBERMAP 1281 R+5C7 METROLOGY 1 0 0 1 0 0 -99.7918933629505 103.9491789502683 143.1 -99.7918933629505 103.9491789502683 10.006595 170.00578 -999.0 -999.0 -999.0 -999.0 -999.0 -999.0 -999.0 -999.0 -999.0 -999.0 -999.0 -999.0 6231.0 -999.0 -1 -999 {-999.0 -999.0 -999.0 -999.0 -999.0} "" -999.0 -999.0 -999.0 -999.0 -999 -999 "" "" "" "" 0 0 0.0 0.0 -999 ""
FIBERMAP 1285 R+9C4 APOGEE 0 0 0 1 0 0 -122.69265777586772 182.16903396328195 143.1 -122.69265777586772 182.16903396328195 10.009071 169.9842 -999.0 -999.0 -999.0 -999.0 -999.0 -999.0 -999.0 -999.0 -999.0 -999.0 -999.0 -999.0 16600.0 -999.0 2 -999 {-999.0 -999.0 -999.0 -999.0 -999.0} "" -999.0 -999.0 -999.0 -999.0 -999 -999 "" "" "" "" 0 0 0.0 0.0 -999 ""
FIBERMAP 1285 R+9C4 BOSS 0 0 0 1 0 0 -121.94466447193015 182.18387710095536 143.1 -121.94466447193015 182.18387710095536 10.009071 169.9842 -999.0 -999.0 -999.0 -999.0 -999.0 -999.0 -999.0 -999.0 -999.0 -999.0 -999.0 -999.0 5400.0 -999.0 1 15 {-999.0 -999.0 -999.0 -999.0 -999.0} "" -999.0 -999.0 -999.0 -999.0 -999 -999 "" "" "" "" 0 0 0.0 0.0 -999 ""
FIBERMAP 1285 R+9C4 METROLOGY 1 0 0 1 0 0 -122.30309658016436 181.5327132459436 143.1 -122.30309658016436 181.5327132459436 10.009071 169.9842 -999.0 -999.0 -999.0 -999.0 -999.0 -999.0 -999.0 -999.0 -999.0 -999.0 -999.0 -999.0 6231.0 -999.0 -1 -999 {-999.0 -999.0 -999.0 -999.0 -999.0} "" -999.0 -999.0 -999.0 -999.0 -999 -999 "" "" "" "" 0 0 0.0 0.0 -999 ""
FIBERMAP 1287 R+12C7 APOGEE 0 0 0 1 0 0 -21.93224964260129 240.40442527733626 143.1 -21.93224964260129 240.40442527733626 10.009944 170.0033 -999.0 -999.0 -999.0 -999.0 -999.0 -999.0 -999.0 -999.0 -999.0 -999.0 -999.0 -999.0 16600.0 -999.0 2 -999 {-999.0 -999.0 -999.0 -999.0 -999.0} "" -999.0 -999.0 -999.0 -999.0 -999 -999 "" "" "" "" 0 0 0.0 0.0 -999 ""
FIBERMAP 1287 R+12C7 BOSS 0 0 0 1 0 0 -21.187078061435525 240.42237733346295 143.1 -21.187078061435525 240.42237733346295 10.009944 170.0033 -999.0 -999.0 -999.0 -999.0 -999.0 -999.0 -999.0 -999.0 -999.0 -999.0 -999.0 -999.0 5400.0 -999.0 1 155 {-999.0 -999.0 -999.0 -999.0 -999.0} "" -999.0 -999.0 -999.0 -999.0 -999 -999 "" "" "" "" 0 0 0.0 0.0 -999 ""
FIBERMAP 1287 R+12C7 METROLOGY 1 0 0 1 0 0 -21.5434148155431 239.76766044022727 143.1 -21.5434148155431 239.76766044022727 10.009944 170.0033 -999.0 -999.0 -999.0 -999.0 -999.0 -999.0 -999.0 -999.0 -999.0 -999.0 -999.0 -999.0 6231.0 -999.0 -1 -999 {-999.0 -999.0 -999.0 -999.0 -999.0} "" -999.0 -999.0 -999.0 -999.0 -999 -999 "" "" "" "" 0 0 0.0 0.0 -999 ""
FIBERMAP 1289 R-2C15 APOGEE 0 0 0 1 0 0 45.536982994792204 -31.259105632677162 143.1 45.536982994792204 -31.259105632677162 10.019449 170.00238 -999.0 -999.0 -999.0 -999.0 -999.0 -999.0 -999.0 -999.0 -999.0 -999.0 -999.0 -999.0 16600.0 -999.0 2 219 {-999.0 -999.0 -999.0 -999.0 -999.0} "" -999.0 -999.0 -999.0 -999.0 -999 -999 "" "" "" "" 0 0 0.0 0.0 -999 ""
FIBERMAP 1289 R-2C15 BOSS 0 0 0 1 0 0 46.272598514877465 -31.257324789376906 143.1 46.272598514877465 -31.257324789376906 10.019449 170.00238 -999.0 -999.0 -999.0 -999.0 -999.0 -999.0 -999.0 -999.0 -999.0 -999.0 -999.0 -999.0 5400.0 -999.0 1 273 {-999.0 -999.0 -999.0 -999.0 -999.0} "" -999.0 -999.0 -999.0 -999.0 -999 -999 "" "" "" "" 0 0 0.0 0.0 -999 ""
FIBERMAP 1289 R-2C15 METROLOGY 1 0 0 1 0 0 45.91596260600039 -31.914482249727797 143.1 45.91596260600039 -31.914482249727797 10.019449 170.00238 -999.0 -999.0 -999.0 -999.0 -999.0 -999.0 -999.0 -999.0 -999.0 -999.0 -999.0 -999.0 6231.0 -999.0 -1 -999 {-999.0 -999.0 -999.0 -999.0 -999.0} "" -999.0 -999.0 -999.0 -999.0 -999 -999 "" "" "" "" 0 0 0.0 0.0 -999 ""
FIBERMAP 1296 R-5C7 APOGEE 0 0 0 1 0 0 -100.19526199309459 -89.51312467224136 143.1 -100.19526199309459 -89.51312467224136 10.006028 169.99335 -999.0 -999.0 -999.0 -999.0 -999.0 -999.0 -999.0 -999.0 -999.0 -999.0 -999.0 -999.0 16600.0 -999.0 2 262 {-999.0 -999.0 -999.0 -999.0 -999.0} "" -999.0 -999.0 -999.0 -999.0 -999 -999 "" "" "" "" 0 0 0.0 0.0 -999 ""
FIBERMAP 1296 R-5C7 BOSS 0 0 0 1 0 0 -99.44916142109754 -89.51473343202373 143.1 -99.44916142109754 -89.51473343202373 10.006028 169.99335 -999.0 -999.0 -999.0 -999.0 -999.0 -999.0 -999.0 -999.0 -999.0 -999.0 -999.0 -999.0 5400.0 -999.0 1 464 {-999.0 -999.0 -999.0 -999.0 -999.0} "" -999.0 -999.0 -999.0 -999.0 -999 -999 "" "" "" "" 0 0 0.0 0.0 -999 ""
FIBERMAP 1296 R-5C7 METROLOGY 1 0 0 1 0 0 -99.8192486560454 -90.15466507529084 143.1 -99.8192486560454 -90.15466507529084 10.006028 169.99335 -999.0 -999.0 -999.0 -999.0 -999.0 -999.0 -999.0 -999.0 -999.0 -999.0 -999.0 -999.0 6231.0 -999.0 -1 -999 {-999.0 -999.0 -999.0 -999.0 -999.0} "" -999.0 -999.0 -999.0 -999.0 -999 -999 "" "" "" "" 0 0 0.0 0.0 -999 ""
FIBERMAP 1300 R+11C12 APOGEE 0 0 0 1 0 0 78.85324496640875 221.00825930235425 143.1 78.85324496640875 221.00825930235425 9.994875 169.99898 -999.0 -999.0 -999.0 -999.0 -999.0 -999.0 -999.0 -999.0 -999.0 -999.0 -999.0 -999.0 16600.0 -999.0 2 11 {-999.0 -999.0 -999.0 -999.0 -999.0} "" -999.0 -999.0 -999.0 -999.0 -999 -999 "" "" "" "" 0 0 0.0 0.0 -999 ""
FIBERMAP 1300 R+11C12 BOSS 0 0 0 1 0 0 79.60143742552393 221.05070580900002 143.1 79.60143742552393 221.05070580900002 9.994875 169.99898 -999.0 -999.0 -999.0 -999.0 -999.0 -999.0 -999.0 -999.0 -999.0 -999.0 -999.0 -999.0 5400.0 -999.0 1 142 {-999.0 -999.0 -999.0 -999.0 -999.0} "" -999.0 -999.0 -999.0 -999.0 -999 -999 "" "" "" "" 0 0 0.0 0.0 -999 ""
FIBERMAP 1300 R+11C12 METROLOGY 1 0 0 1 0 0 79.26013740351831 220.3839254875754 143.1 79.26013740351831 220.3839254875754 9.994875 169.99898 -999.0 -999.0 -999.0 -999.0 -999.0 -999.0 -999.0 -999.0 -999.0 -999.0 -999.0 -999.0 6231.0 -999.0 -1 -999 {-999.0 -999.0 -999.0 -999.0 -999.0} "" -999.0 -999.0 -999.0 -999.0 -999 -999 "" "" "" "" 0 0 0.0 0.0 -999 ""
FIBERMAP 1301 R+2C23 APOGEE 0 0 0 1 0 0 224.54272180523665 46.406099839562096 143.1 224.54272180523665 46.406099839562096 10.008832 170.01558 -999.0 -999.0 -999.0 -999.0 -999.0 -999.0 -999.0 -999.0 -999.0 -999.0 -999.0 -999.0 16600.0 -999.0 2 82 {-999.0 -999.0 -999.0 -999.0 -999.0} "" -999.0 -999.0 -999.0 -999.0 -999 -999 "" "" "" "" 0 0 0.0 0.0 -999 ""
FIBERMAP 1301 R+2C23 BOSS 0 0 0 1 0 0 225.2840160141285 46.42193360317737 143.1 225.2840160141285 46.42193360317737 10.008832 170.01558 -999.0 -999.0 -999.0 -999.0 -999.0 -999.0 -999.0 -999.0 -999.0 -999.0 -999.0 -999.0 5400.0 -999.0 1 225 {-999.0 -999.0 -999.0 -999.0 -999.0} "" -999.0 -999.0 -999.0 -999.0 -999 -999 "" "" "" "" 0 0 0.0 0.0 -999 ""
FIBERMAP 1301 R+2C23 METROLOGY 1 0 0 1 0 0 224.90879060390697 45.76224482173452 143.1 224.90879060390697 45.76224482173452 10.008832 170.01558 -999.0 -999.0 -999.0 -999.0 -999.0 -999.0 -999.0 -999.0 -999.0 -999.0 -999.0 -999.0 6231.0 -999.0 -1 -999 {-999.0 -999.0 -999.0 -999.0 -999.0} "" -999.0 -999.0 -999.0 -999.0 -999 -999 "" "" "" "" 0 0 0.0 0.0 -999 ""
FIBERMAP 1302 R-9C18 APOGEE 0 0 0 1 0 0 191.176727426972 -166.96337804584812 143.1 191.176727426972 -166.96337804584812 10.010198 169.99977 -999.0 -999.0 -999.0 -999.0 -999.0 -999.0 -999.0 -999.0 -999.0 -999.0 -999.0 -999.0 16600.0 -999.0 2 187 {-999.0 -999.0 -999.0 -999.0 -999.0} "" -999.0 -999.0 -999.0 -999.0 -999 -999 "" "" "" "" 0 0 0.0 0.0 -999 ""
FIBERMAP 1302 R-9C18 BOSS 0 0 0 1 0 0 191.9281114134512 -166.95355040635064 143.1 191.9281114134512 -166.95355040635064 10.010198 169.99977 -999.0 -999.0 -999.0 -999.0 -999.0 -999.0 -999.0 -999.0 -999.0 -999.0 -999.0 -999.0 5400.0 -999.0 1 330 {-999.0 -999.0 -999.0 -999.0 -999.0} "" -999.0 -999.0 -999.0 -999.0 -999 -999 "" "" "" "" 0 0 0.0 0.0 -999 ""
FIBERMAP 1302 R-9C18 METROLOGY 1 0 0 1 0 0 191.56829092326015 -167.6086172491176 143.1 191.56829092326015 -167.6086172491176 10.010198 169.99977 -999.0 -999.0 -999.0 -999.0 -999.0 -999.0 -999.0 -999.0 -999.0 -999.0 -999.0 -999.0 6231.0 -999.0 -1 -999 {-999.0 -999.0 -999.0 -999.0 -999.0} "" -999.0 -999.0 -999.0 -999.0 -999 -999 "" "" "" "" 0 0 0.0 0.0 -999 ""
FIBERMAP 1303 R-7C11 APOGEE 0 0 0 1 0 0 11.919797186534348 -128.25191788200456 143.1 11.919797186534348 -128.25191788200456 9.986728 170.00667 -999.0 -999.0 -999.0 -999.0 -999.0 -999.0 -999.0 -999.0 -999.0 -999.0 -999.0 -999.0 16600.0 -999.0 2 151 {-999.0 -999.0 -999.0 -999.0 -999.0} "" -999.0 -999.0 -999.0 -999.0 -999 -999 "" "" "" "" 0 0 0.0 0.0 -999 ""
FIBERMAP 1303 R-7C11 BOSS 0 0 0 1 0 0 12.667417119480751 -128.2449651073532 143.1 12.667417119480751 -128.2449651073532 9.986728 170.00667 -999.0 -999.0 -999.0 -999.0 -999.0 -999.0 -999.0 -999.0 -999.0 -999.0 -999.0 -999.0 5400.0 -999.0 1 377 {-999.0 -999.0 -999.0 -999.0 -999.0} "" -999.0 -999.0 -999.0 -999.0 -999 -999 "" "" "" "" 0 0 0.0 0.0 -999 ""
FIBERMAP 1303 R-7C11 METROLOGY 1 0 0 1 0 0 12.306181151153325 -128.88745887015529 143.1 12.306181151153325 -128.88745887015529 9.986728 170.00667 -999.0 -999.0 -999.0 -999.0 -999.0 -999.0 -999.0 -999.0 -999.0 -999.0 -999.0 -999.0 6231.0 -999.0 -1 -999 {-999.0 -999.0 -999.0 -999.0 -999.0} "" -999.0 -999.0 -999.0 -999.0 -999 -999 "" "" "" "" 0 0 0.0 0.0 -999 ""
FIBERMAP 1304 R+7C15 APOGEE 0 0 0 1 0 0 101.77559109734663 143.3281560403908 143.1 101.77559109734663 143.3281560403908 10.013075 169.99931 -999.0 -999.0 -999.0 -999.0 -999.0 -999.0 -999.0 -999.0 -999.0 -999.0 -999.0 -999.0 16600.0 -999.0 2 -999 {-999.0 -999.0 -999.0 -999.0 -999.0} "" -999.0 -999.0 -999.0 -999.0 -999 -999 "" "" "" "" 0 0 0.0 0.0 -999 ""
FIBERMAP 1304 R+7C15 BOSS 0 0 0 1 0 0 102.49547362603052 143.32868788977615 143.1 102.49547362603052 143.32868788977615 10.013075 169.99931 -999.0 -999.0 -999.0 -999.0 -999.0 -999.0 -999.0 -999.0 -999.0 -999.0 -999.0 -999.0 5400.0 -999.0 1 187 {-999.0 -999.0 -999.0 -999.0 -999.0} "" -999.0 -999.0 -999.0 -999.0 -999 -999 "" "" "" "" 0 0 0.0 0.0 -999 ""
FIBERMAP 1304 R+7C15 METROLOGY 1 0 0 1 0 0 102.14027176189204 142.67725666766216 143.1 102.14027176189204 142.67725666766216 10.013075 169.99931 -999.0 -999.0 -999.0 -999.0 -999.0 -999.0 -999.0 -999.0 -999.0 -999.0 -999.0 -999.0 6231.0 -999.0 -1 -999 {-999.0 -999.0 -999.0 -999.0 -999.0} "" -999.0 -999.0 -999.0 -999.0 -999 -999 "" "" "" "" 0 0 0.0 0.0 -999 ""
FIBERMAP 1306 R-11C6 APOGEE 0 0 0 1 0 0 -55.38470204240325 -205.89981297333227 143.1 -55.38470204240325 -205.89981297333227 10.01029 170.00316 -999.0 -999.0 -999.0 -999.0 -999.0 -999.0 -999.0 -999.0 -999.0 -999.0 -999.0 -999.0 16600.0 -999.0 2 177 {-999.0 -999.0 -999.0 -999.0 -999.0} "" -999.0 -999.0 -999.0 -999.0 -999 -999 "" "" "" "" 0 0 0.0 0.0 -999 ""
FIBERMAP 1306 R-11C6 BOSS 0 0 0 1 0 0 -54.64274680305664 -205.87937688063116 143.1 -54.64274680305664 -205.87937688063116 10.01029 170.00316 -999.0 -999.0 -999.0 -999.0 -999.0 -999.0 -999.0 -999.0 -999.0 -999.0 -999.0 -999.0 5400.0 -999.0 1 358 {-999.0 -999.0 -999.0 -999.0 -999.0} "" -999.0 -999.0 -999.0 -999.0 -999 -999 "" "" "" "" 0 0 0.0 0.0 -999 ""
FIBERMAP 1306 R-11C6 METROLOGY 1 0 0 1 0 0 -55.000780214368504 -206.53592148960576 143.1 -55.000780214368504 -206.53592148960576 10.01029 170.00316 -999.0 -999.0 -999.0 -999.0 -999.0 -999.0 -999.0 -999.0 -999.0 -999.0 -999.0 -999.0 6231.0 -999.0 -1 -999 {-999.0 -999.0 -999.0 -999.0 -999.0} "" -999.0 -999.0 -999.0 -999.0 -999 -999 "" "" "" "" 0 0 0.0 0.0 -999 ""
FIBERMAP 1308 R-4C5 APOGEE 0 0 0 1 0 0 -156.08183982832125 -70.14505653286638 143.1 -156.08183982832125 -70.14505653286638 10.003549 170.00098 -999.0 -999.0 -999.0 -999.0 -999.0 -999.0 -999.0 -999.0 -999.0 -999.0 -999.0 -999.0 16600.0 -999.0 2 252 {-999.0 -999.0 -999.0 -999.0 -999.0} "" -999.0 -999.0 -999.0 -999.0 -999 -999 "" "" "" "" 0 0 0.0 0.0 -999 ""
FIBERMAP 1308 R-4C5 BOSS 0 0 0 1 0 0 -155.34313285847193 -70.1760798435929 143.1 -155.34313285847193 -70.1760798435929 10.003549 170.00098 -999.0 -999.0 -999.0 -999.0 -999.0 -999.0 -999.0 -999.0 -999.0 -999.0 -999.0 -999.0 5400.0 -999.0 1 459 {-999.0 -999.0 -999.0 -999.0 -999.0} "" -999.0 -999.0 -999.0 -999.0 -999 -999 "" "" "" "" 0 0 0.0 0.0 -999 ""
FIBERMAP 1308 R-4C5 METROLOGY 1 0 0 1 0 0 -155.7284225244851 -70.81189736553198 143.1 -155.7284225244851 -70.81189736553198 10.003549 170.00098 -999.0 -999.0 -999.0 -999.0 -999.0 -999.0 -999.0 -999.0 -999.0 -999.0 -999.0 -999.0 6231.0 -999.0 -1 -999 {-999.0 -999.0 -999.0 -999.0 -999.0} "" -999.0 -999.0 -999.0 -999.0 -999 -999 "" "" "" "" 0 0 0.0 0.0 -999 ""
FIBERMAP 1312 R-11C11 APOGEE 0 0 0 1 0 0 56.66356485538817 -205.76593188597013 143.1 56.66356485538817 -205.76593188597013 10.009561 170.01717 -999.0 -999.0 -999.0 -999.0 -999.0 -999.0 -999.0 -999.0 -999.0 -999.0 -999.0 -999.0 16600.0 -999.0 2 156 {-999.0 -999.0 -999.0 -999.0 -999.0} "" -999.0 -999.0 -999.0 -999.0 -999 -999 "" "" "" "" 0 0 0.0 0.0 -999 ""
FIBERMAP 1312 R-11C11 BOSS 0 0 0 1 0 0 57.40955676885724 -205.75693542887774 143.1 57.40955676885724 -205.75693542887774 10.009561 170.01717 -999.0 -999.0 -999.0 -999.0 -999.0 -999.0 -999.0 -999.0 -999.0 -999.0 -999.0 -999.0 5400.0 -999.0 1 393 {-999.0 -999.0 -999.0 -999.0 -999.0} "" -999.0 -999.0 -999.0 -999.0 -999 -999 "" "" "" "" 0 0 0.0 0.0 -999 ""
FIBERMAP 1312 R-11C11 METROLOGY 1 0 0 1 0 0 57.05130288650212 -206.40620053939014 143.1 57.05130288650212 -206.40620053939014 10.009561 170.01717 -999.0 -999.0 -999.0 -999.0 -999.0 -999.0 -999.0 -999.0 -999.0 -999.0 -999.0 -999.0 6231.0 -999.0 -1 -999 {-999.0 -999.0 -999.0 -999.0 -999.0} "" -999.0 -999.0 -999.0 -999.0 -999 -999 "" "" "" "" 0 0 0.0 0.0 -999 ""
FIBERMAP 1314 R-13C8 APOGEE 0 0 0 1 0 0 11.9840137317087 -244.64187148254564 143.1 11.9840137317087 -244.64187148254564 10.006646 170.00595 -999.0 -999.0 -999.0 -999.0 -999.0 -999.0 -999.0 -999.0 -999.0 -999.0 -999.0 -999.0 16600.0 -999.0 2 273 {-999.0 -999.0 -999.0 -999.0 -999.0} "" -999.0 -999.0 -999.0 -999.0 -999 -999 "" "" "" "" 0 0 0.0 0.0 -999 ""
FIBERMAP 1314 R-13C8 BOSS 0 0 0 1 0 0 12.715898094091521 -244.657222647727 143.1 12.715898094091521 -244.657222647727 10.006646 170.00595 -999.0 -999.0 -999.0 -999.0 -999.0 -999.0 -999.0 -999.0 -999.0 -999.0 -999.0 -999.0 5400.0 -999.0 1 417 {-999.0 -999.0 -999.0 -999.0 -999.0} "" -999.0 -999.0 -999.0 -999.0 -999 -999 "" "" "" "" 0 0 0.0 0.0 -999 ""
FIBERMAP 1314 R-13C8 METROLOGY 1 0 0 1 0 0 12.336440865757307 -245.2922398608758 143.1 12.336440865757307 -245.2922398608758 10.006646 170.00595 -999.0 -999.0 -999.0 -999.0 -999.0 -999.0 -999.0 -999.0 -999.0 -999.0 -999.0 -999.0 6231.0 -999.0 -1 -999 {-999.0 -999.0 -999.0 -999.0 -999.0} "" -999.0 -999.0 -999.0 -999.0 -999 -999 "" "" "" "" 0 0 0.0 0.0 -999 ""
FIBERMAP 1316 R-8C11 APOGEE 0 0 0 1 0 0 22.953810285583362 -147.59666413403576 143.1 22.953810285583362 -147.59666413403576 9.992788 169.99567 -999.0 -999.0 -999.0 -999.0 -999.0 -999.0 -999.0 -999.0 -999.0 -999.0 -999.0 -999.0 16600.0 -999.0 2 -999 {-999.0 -999.0 -999.0 -999.0 -999.0} "" -999.0 -999.0 -999.0 -999.0 -999 -999 "" "" "" "" 0 0 0.0 0.0 -999 ""
FIBERMAP 1316 R-8C11 BOSS 0 0 0 1 0 0 23.707714726962934 -147.57950889725367 143.1 23.707714726962934 -147.57950889725367 9.992788 169.99567 -999.0 -999.0 -999.0 -999.0 -999.0 -999.0 -999.0 -999.0 -999.0 -999.0 -999.0 -999.0 5400.0 -999.0 1 373 {-999.0 -999.0 -999.0 -999.0 -999.0} "" -999.0 -999.0 -999.0 -999.0 -999 -999 "" "" "" "" 0 0 0.0 0.0 -999 ""
FIBERMAP 1316 R-8C11 METROLOGY 1 0 0 1 0 0 23.341716605815538 -148.23399502708565 143.1 23.341716605815538 -148.23399502708565 9.992788 169.99567 -999.0 -999.0 -999.0 -999.0 -999.0 -999.0 -999.0 -999.0 -999.0 -999.0 -999.0 -999.0 6231.0 -999.0 -1 -999 {-999.0 -999.0 -999.0 -999.0 -999.0} "" -999.0 -999.0 -999.0 -999.0 -999 -999 "" "" "" "" 0 0 0.0 0.0 -999 ""
FIBERMAP 1317 R-12C9 APOGEE 0 0 0 1 0 0 23.066065972683717 -225.25024691108484 143.1 23.066065972683717 -225.25024691108484 10.009425 169.99763 -999.0 -999.0 -999.0 -999.0 -999.0 -999.0 -999.0 -999.0 -999.0 -999.0 -999.0 -999.0 16600.0 -999.0 2 -999 {-999.0 -999.0 -999.0 -999.0 -999.0} "" -999.0 -999.0 -999.0 -999.0 -999 -999 "" "" "" "" 0 0 0.0 0.0 -999 ""
FIBERMAP 1317 R-12C9 BOSS 0 0 0 1 0 0 23.82554418561017 -225.2568700449023 143.1 23.82554418561017 -225.2568700449023 10.009425 169.99763 -999.0 -999.0 -999.0 -999.0 -999.0 -999.0 -999.0 -999.0 -999.0 -999.0 -999.0 -999.0 5400.0 -999.0 1 405 {-999.0 -999.0 -999.0 -999.0 -999.0} "" -999.0 -999.0 -999.0 -999.0 -999 -999 "" "" "" "" 0 0 0.0 0.0 -999 ""
FIBERMAP 1317 R-12C9 METROLOGY 1 0 0 1 0 0 23.446675539809895 -225.89196206434508 143.1 23.446675539809895 -225.89196206434508 10.009425 169.99763 -999.0 -999.0 -999.0 -999.0 -999.0 -999.0 -999.0 -999.0 -999.0 -999.0 -999.0 -999.0 6231.0 -999.0 -1 -999 {-999.0 -999.0 -999.0 -999.0 -999.0} "" -999.0 -999.0 -999.0 -999.0 -999 -999 "" "" "" "" 0 0 0.0 0.0 -999 ""
FIBERMAP 1318 R-11C7 APOGEE 0 0 0 1 0 0 -32.85346921714839 -205.92575508500272 143.1 -32.85346921714839 -205.92575508500272 10.002194 169.99751 -999.0 -999.0 -999.0 -999.0 -999.0 -999.0 -999.0 -999.0 -999.0 -999.0 -999.0 -999.0 16600.0 -999.0 2 169 {-999.0 -999.0 -999.0 -999.0 -999.0} "" -999.0 -999.0 -999.0 -999.0 -999 -999 "" "" "" "" 0 0 0.0 0.0 -999 ""
FIBERMAP 1318 R-11C7 BOSS 0 0 0 1 0 0 -32.110880167077994 -205.89567238997432 143.1 -32.110880167077994 -205.89567238997432 10.002194 169.99751 -999.0 -999.0 -999.0 -999.0 -999.0 -999.0 -999.0 -999.0 -999.0 -999.0 -999.0 -999.0 5400.0 -999.0 1 359 {-999.0 -999.0 -999.0 -999.0 -999.0} "" -999.0 -999.0 -999.0 -999.0 -999 -999 "" "" "" "" 0 0 0.0 0.0 -999 ""
FIBERMAP 1318 R-11C7 METROLOGY 1 0 0 1 0 0 -32.45539769105738 -206.5626756362929 143.1 -32.45539769105738 -206.5626756362929 10.002194 169.99751 -999.0 -999.0 -999.0 -999.0 -999.0 -999.0 -999.0 -999.0 -999.0 -999.0 -999.0 -999.0 6231.0 -999.0 -1 -999 {-999.0 -999.0 -999.0 -999.0 -999.0} "" -999.0 -999.0 -999.0 -999.0 -999 -999 "" "" "" "" 0 0 0.0 0.0 -999 ""
FIBERMAP 1323 R+2C5 APOGEE 0 0 0 1 0 0 -178.8356327186292 46.34885482984749 143.1 -178.8356327186292 46.34885482984749 9.990841 170.00545 -999.0 -999.0 -999.0 -999.0 -999.0 -999.0 -999.0 -999.0 -999.0 -999.0 -999.0 -999.0 16600.0 -999.0 2 140 {-999.0 -999.0 -999.0 -999.0 -999.0} "" -999.0 -999.0 -999.0 -999.0 -999 -999 "" "" "" "" 0 0 0.0 0.0 -999 ""
FIBERMAP 1323 R+2C5 BOSS 0 0 0 1 0 0 -178.09261469813157 46.367987361309204 143.1 -178.09261469813157 46.367987361309204 9.990841 170.00545 -999.0 -999.0 -999.0 -999.0 -999.0 -999.0 -999.0 -999.0 -999.0 -999.0 -999.0 -999.0 5400.0 -999.0 1 34 {-999.0 -999.0 -999.0 -999.0 -999.0} "" -999.0 -999.0 -999.0 -999.0 -999 -999 "" "" "" "" 0 0 0.0 0.0 -999 ""
FIBERMAP 1323 R+2C5 METROLOGY 1 0 0 1 0 0 -178.44556130984253 45.697894823027376 143.1 -178.44556130984253 45.697894823027376 9.990841 170.00545 -999.0 -999.0 -999.0 -999.0 -999.0 -999.0 -999.0 -999.0 -999.0 -999.0 -999.0 -999.0 6231.0 -999.0 -1 -999 {-999.0 -999.0 -999.0 -999.0 -999.0} "" -999.0 -999.0 -999.0 -999.0 -999 -999 "" "" "" "" 0 0 0.0 0.0 -999 ""
FIBERMAP 1324 R-4C11 APOGEE 0 0 0 1 0 0 -21.786866645348308 -70.06551241847961 143.1 -21.786866645348308 -70.06551241847961 10.016418 169.99956 -999.0 -999.0 -999.0 -999.0 -999.0 -999.0 -999.0 -999.0 -999.0 -999.0 -999.0 -999.0 16600.0 -999.0 2 -999 {-999.0 -999.0 -999.0 -999.0 -999.0} "" -999.0 -999.0 -999.0 -999.0 -999 -999 "" "" "" "" 0 0 0.0 0.0 -999 ""
FIBERMAP 1324 R-4C11 BOSS 0 0 0 1 0 0 -21.024788796231324 -70.07189536152357 143.1 -21.024788796231324 -70.07189536152357 10.016418 169.99956 -999.0 -999.0 -999.0 -999.0 -999.0 -999.0 -999.0 -999.0 -999.0 -999.0 -999.0 -999.0 5400.0 -999.0 1 357 {-999.0 -999.0 -999.0 -999.0 -999.0} "" -999.0 -999.0 -999.0 -999.0 -999 -999 "" "" "" "" 0 0 0.0 0.0 -999 ""
FIBERMAP 1324 R-4C11 METROLOGY 1 0 0 1 0 0 -21.4021973514926 -70.70480227048444 143.1 -21.4021973514926 -70.70480227048444 10.016418 169.99956 -999.0 -999.0 -999.0 -999.0 -999.0 -999.0 -999.0 -999.0 -999.0 -999.0 -999.0 -999.0 6231.0 -999.0 -1 -999 {-999.0 -999.0 -999.0 -999.0 -999.0} "" -999.0 -999.0 -999.0 -999.0 -999 -999 "" "" "" "" 0 0 0.0 0.0 -999 ""
FIBERMAP 1326 R-3C23 APOGEE 0 0 0 1 0 0 236.0251282967237 -50.582752184372936 143.1 236.0251282967237 -50.582752184372936 9.990926 169.99939 -999.0 -999.0 -999.0 -999.0 -999.0 -999.0 -999.0 -999.0 -999.0 -999.0 -999.0 -999.0 16600.0 -999.0 2 -999 {-999.0 -999.0 -999.0 -999.0 -999.0} "" -999.0 -999.0 -999.0 -999.0 -999 -999 "" "" "" "" 0 0 0.0 0.0 -999 ""
FIBERMAP 1326 R-3C23 BOSS 0 0 0 1 0 0 236.74690759748702 -50.56920779125282 143.1 236.74690759748702 -50.56920779125282 9.990926 169.99939 -999.0 -999.0 -999.0 -999.0 -999.0 -999.0 -999.0 -999.0 -999.0 -999.0 -999.0 -999.0 5400.0 -999.0 1 323 {-999.0 -999.0 -999.0 -999.0 -999.0} "" -999.0 -999.0 -999.0 -999.0 -999 -999 "" "" "" "" 0 0 0.0 0.0 -999 ""
FIBERMAP 1326 R-3C23 METROLOGY 1 0 0 1 0 0 236.3977894036701 -51.22911561146431 143.1 236.3977894036701 -51.22911561146431 9.990926 169.99939 -999.0 -999.0 -999.0 -999.0 -999.0 -999.0 -999.0 -999.0 -999.0 -999.0 -999.0 -999.0 6231.0 -999.0 -1 -999 {-999.0 -999.0 -999.0 -999.0 -999.0} "" -999.0 -999.0 -999.0 -999.0 -999 -999 "" "" "" "" 0 0 0.0 0.0 -999 ""
FIBERMAP 1328 R-3C12 APOGEE 0 0 0 1 0 0 -10.681575743141984 -50.66627288751849 143.1 -10.681575743141984 -50.66627288751849 10.012806 170.00757 -999.0 -999.0 -999.0 -999.0 -999.0 -999.0 -999.0 -999.0 -999.0 -999.0 -999.0 -999.0 16600.0 -999.0 2 154 {-999.0 -999.0 -999.0 -999.0 -999.0} "" -999.0 -999.0 -999.0 -999.0 -999 -999 "" "" "" "" 0 0 0.0 0.0 -999 ""
FIBERMAP 1328 R-3C12 BOSS 0 0 0 1 0 0 -9.946970902897922 -50.6424668625144 143.1 -9.946970902897922 -50.6424668625144 10.012806 170.00757 -999.0 -999.0 -999.0 -999.0 -999.0 -999.0 -999.0 -999.0 -999.0 -999.0 -999.0 -999.0 5400.0 -999.0 1 356 {-999.0 -999.0 -999.0 -999.0 -999.0} "" -999.0 -999.0 -999.0 -999.0 -999 -999 "" "" "" "" 0 0 0.0 0.0 -999 ""
FIBERMAP 1328 R-3C12 METROLOGY 1 0 0 1 0 0 -10.29660635402743 -51.301238814939026 143.1 -10.29660635402743 -51.301238814939026 10.012806 170.00757 -999.0 -999.0 -999.0 -999.0 -999.0 -999.0 -999.0 -999.0 -999.0 -999.0 -999.0 -999.0 6231.0 -999.0 -1 -999 {-999.0 -999.0 -999.0 -999.0 -999.0} "" -999.0 -999.0 -999.0 -999.0 -999 -999 "" "" "" "" 0 0 0.0 0.0 -999 ""
FIBERMAP 1329 R+3C16 APOGEE 0 0 0 1 0 0 78.99956439960305 65.8259806208321 143.1 78.99956439960305 65.8259806208321 9.993734 170.0097 -999.0 -999.0 -999.0 -999.0 -999.0 -999.0 -999.0 -999.0 -999.0 -999.0 -999.0 -999.0 16600.0 -999.0 2 63 {-999.0 -999.0 -999.0 -999.0 -999.0} "" -999.0 -999.0 -999.0 -999.0 -999 -999 "" "" "" "" 0 0 0.0 0.0 -999 ""
FIBERMAP 1329 R+3C16 BOSS 0 0 0 1 0 0 79.75070290731638 65.79649020513256 143.1 79.75070290731638 65.79649020513256 9.993734 170.0097 -999.0 -999.0 -999.0 -999.0 -999.0 -999.0 -999.0 -999.0 -999.0 -999.0 -999.0 -999.0 5400.0 -999.0 1 220 {-999.0 -999.0 -999.0 -999.0 -999.0} "" -999.0 -999.0 -999.0 -999.0 -999 -999 "" "" "" "" 0 0 0.0 0.0 -999 ""
FIBERMAP 1329 R+3C16 METROLOGY 1 0 0 1 0 0 79.35816993938775 65.1622737916199 143.1 79.35816993938775 65.1622737916199 9.993734 170.0097 -999.0 -999.0 -999.0 -999.0 -999.0 -999.0 -999.0 -999.0 -999.0 -999.0 -999.0 -999.0 6231.0 -999.0 -1 -999 {-999.0 -999.0 -999.0 -999.0 -999.0} "" -999.0 -999.0 -999.0 -999.0 -999 -999 "" "" "" "" 0 0 0.0 0.0 -999 ""
FIBERMAP 1330 R-3C11 APOGEE 0 0 0 1 0 0 -32.85691641222445 -50.6995152649829 143.1 -32.85691641222445 -50.6995152649829 10.010783 170.0 -999.0 -999.0 -999.0 -999.0 -999.0 -999.0 -999.0 -999.0 -999.0 -999.0 -999.0 -999.0 16600.0 -999.0 2 208 {-999.0 -999.0 -999.0 -999.0 -999.0} "" -999.0 -999.0 -999.0 -999.0 -999 -999 "" "" "" "" 0 0 0.0 0.0 -999 ""
FIBERMAP 1330 R-3C11 BOSS 0 0 0 1 0 0 -32.12356883164289 -50.6981488432727 143.1 -32.12356883164289 -50.6981488432727 10.010783 170.0 -999.0 -999.0 -999.0 -999.0 -999.0 -999.0 -999.0 -999.0 -999.0 -999.0 -999.0 -999.0 5400.0 -999.0 1 347 {-999.0 -999.0 -999.0 -999.0 -999.0} "" -999.0 -999.0 -999.0 -999.0 -999 -999 "" "" "" "" 0 0 0.0 0.0 -999 ""
FIBERMAP 1330 R-3C11 METROLOGY 1 0 0 1 0 0 -32.47848171685786 -51.346675643896845 143.1 -32.47848171685786 -51.346675643896845 10.010783 170.0 -999.0 -999.0 -999.0 -999.0 -999.0 -999.0 -999.0 -999.0 -999.0 -999.0 -999.0 -999.0 6231.0 -999.0 -1 -999 {-999.0 -999.0 -999.0 -999.0 -999.0} "" -999.0 -999.0 -999.0 -999.0 -999 -999 "" "" "" "" 0 0 0.0 0.0 -999 ""
FIBERMAP 1331 R-10C3 APOGEE 0 0 0 1 0 0 -134.34407947972693 -186.43270329738013 143.1 -134.34407947972693 -186.43270329738013 10.014869 169.99985 -999.0 -999.0 -999.0 -999.0 -999.0 -999.0 -999.0 -999.0 -999.0 -999.0 -999.0 -999.0 16600.0 -999.0 2 242 {-999.0 -999.0 -999.0 -999.0 -999.0} "" -999.0 -999.0 -999.0 -999.0 -999 -999 "" "" "" "" 0 0 0.0 0.0 -999 ""
FIBERMAP 1331 R-10C3 BOSS 0 0 0 1 0 0 -133.60945968034568 -186.38596363700032 143.1 -133.60945968034568 -186.38596363700032 10.014869 169.99985 -999.0 -999.0 -999.0 -999.0 -999.0 -999.0 -999.0 -999.0 -999.0 -999.0 -999.0 -999.0 5400.0 -999.0 1 478 {-999.0 -999.0 -999.0 -999.0 -999.0} "" -999.0 -999.0 -999.0 -999.0 -999 -999 "" "" "" "" 0 0 0.0 0.0 -999 ""
FIBERMAP 1331 R-10C3 METROLOGY 1 0 0 1 0 0 -133.93631721250185 -187.05370164121675 143.1 -133.93631721250185 -187.05370164121675 10.014869 169.99985 -999.0 -999.0 -999.0 -999.0 -999.0 -999.0 -999.0 -999.0 -999.0 -999.0 -999.0 -999.0 6231.0 -999.0 -1 -999 {-999.0 -999.0 -999.0 -999.0 -999.0} "" -999.0 -999.0 -999.0 -999.0 -999 -999 "" "" "" "" 0 0 0.0 0.0 -999 ""
FIBERMAP 1333 R-5C14 APOGEE 0 0 0 1 0 0 56.61150274491822 -89.48341580925499 143.1 56.61150274491822 -89.48341580925499 10.018536 170.0244 -999.0 -999.0 -999.0 -999.0 -999.0 -999.0 -999.0 -999.0 -999.0 -999.0 -999.0 -999.0 16600.0 -999.0 2 195 {-999.0 -999.0 -999.0 -999.0 -999.0} "" -999.0 -999.0 -999.0 -999.0 -999 -999 "" "" "" "" 0 0 0.0 0.0 -999 ""
FIBERMAP 1333 R-5C14 BOSS 0 0 0 1 0 0 57.357374212382 -89.5028403225591 143.1 57.357374212382 -89.5028403225591 10.018536 170.0244 -999.0 -999.0 -999.0 -999.0 -999.0 -999.0 -999.0 -999.0 -999.0 -999.0 -999.0 -999.0 5400.0 -999.0 1 325 {-999.0 -999.0 -999.0 -999.0 -999.0} "" -999.0 -999.0 -999.0 -999.0 -999 -999 "" "" "" "" 0 0 0.0 0.0 -999 ""
FIBERMAP 1333 R-5C14 METROLOGY 1 0 0 1 0 0 56.96296263087506 -90.14695289713775 143.1 56.96296263087506 -90.14695289713775 10.018536 170.0244 -999.0 -999.0 -999.0 -999.0 -999.0 -999.0 -999.0 -999.0 -999.0 -999.0 -999.0 -999.0 6231.0 -999.0 -1 -999 {-999.0 -999.0 -999.0 -999.0 -999.0} "" -999.0 -999.0 -999.0 -999.0 -999 -999 "" "" "" "" 0 0 0.0 0.0 -999 ""
FIBERMAP 1334 R-4C16 APOGEE 0 0 0 1 0 0 90.24964160071134 -70.10646410739854 143.1 90.24964160071134 -70.10646410739854 9.991058 170.00253 -999.0 -999.0 -999.0 -999.0 -999.0 -999.0 -999.0 -999.0 -999.0 -999.0 -999.0 -999.0 16600.0 -999.0 2 -999 {-999.0 -999.0 -999.0 -999.0 -999.0} "" -999.0 -999.0 -999.0 -999.0 -999 -999 "" "" "" "" 0 0 0.0 0.0 -999 ""
FIBERMAP 1334 R-4C16 BOSS 0 0 0 1 0 0 91.00438383705567 -70.10041084944339 143.1 91.00438383705567 -70.10041084944339 9.991058 170.00253 -999.0 -999.0 -999.0 -999.0 -999.0 -999.0 -999.0 -999.0 -999.0 -999.0 -999.0 -999.0 5400.0 -999.0 1 283 {-999.0 -999.0 -999.0 -999.0 -999.0} "" -999.0 -999.0 -999.0 -999.0 -999 -999 "" "" "" "" 0 0 0.0 0.0 -999 ""
FIBERMAP 1334 R-4C16 METROLOGY 1 0 0 1 0 0 90.63460372642119 -70.74557766716765 143.1 90.63460372642119 -70.74557766716765 9.991058 170.00253 -999.0 -999.0 -999.0 -999.0 -999.0 -999.0 -999.0 -999.0 -999.0 -999.0 -999.0 -999.0 6231.0 -999.0 -1 -999 {-999.0 -999.0 -999.0 -999.0 -999.0} "" -999.0 -999.0 -999.0 -999.0 -999 -999 "" "" "" "" 0 0 0.0 0.0 -999 ""
FIBERMAP 1335 R-7C1 APOGEE 0 0 0 1 0 0 -211.98815804800978 -128.30680781766108 143.1 -211.98815804800978 -128.30680781766108 10.013326 170.00876 -999.0 -999.0 -999.0 -999.0 -999.0 -999.0 -999.0 -999.0 -999.0 -999.0 -999.0 -999.0 16600.0 -999.0 2 260 {-999.0 -999.0 -999.0 -999.0 -999.0} "" -999.0 -999.0 -999.0 -999.0 -999 -999 "" "" "" "" 0 0 0.0 0.0 -999 ""
FIBERMAP 1335 R-7C1 BOSS 0 0 0 1 0 0 -211.24125776441818 -128.31578358952015 143.1 -211.24125776441818 -128.31578358952015 10.013326 170.00876 -999.0 -999.0 -999.0 -999.0 -999.0 -999.0 -999.0 -999.0 -999.0 -999.0 -999.0 -999.0 5400.0 -999.0 1 500 {-999.0 -999.0 -999.0 -999.0 -999.0} "" -999.0 -999.0 -999.0 -999.0 -999 -999 "" "" "" "" 0 0 0.0 0.0 -999 ""
FIBERMAP 1335 R-7C1 METROLOGY 1 0 0 1 0 0 -211.6249304808792 -128.95876238966503 143.1 -211.6249304808792 -128.95876238966503 10.013326 170.00876 -999.0 -999.0 -999.0 -999.0 -999.0 -999.0 -999.0 -999.0 -999.0 -999.0 -999.0 -999.0 6231.0 -999.0 -1 -999 {-999.0 -999.0 -999.0 -999.0 -999.0} "" -999.0 -999.0 -999.0 -999.0 -999 -999 "" "" "" "" 0 0 0.0 0.0 -999 ""
FIBERMAP 1336 R-9C8 APOGEE 0 0 0 1 0 0 -32.97858281818004 -167.22737647393816 143.1 -32.97858281818004 -167.22737647393816 10.009883 169.99835 -999.0 -999.0 -999.0 -999.0 -999.0 -999.0 -999.0 -999.0 -999.0 -999.0 -999.0 -999.0 16600.0 -999.0 2 173 {-999.0 -999.0 -999.0 -999.0 -999.0} "" -999.0 -999.0 -999.0 -999.0 -999 -999 "" "" "" "" 0 0 0.0 0.0 -999 ""
FIBERMAP 1336 R-9C8 BOSS 0 0 0 1 0 0 -32.24056697591608 -167.21557360582034 143.1 -32.24056697591608 -167.21557360582034 10.009883 169.99835 -999.0 -999.0 -999.0 -999.0 -999.0 -999.0 -999.0 -999.0 -999.0 -999.0 -999.0 -999.0 5400.0 -999.0 1 383 {-999.0 -999.0 -999.0 -999.0 -999.0} "" -999.0 -999.0 -999.0 -999.0 -999 -999 "" "" "" "" 0 0 0.0 0.0 -999 ""
FIBERMAP 1336 R-9C8 METROLOGY 1 0 0 1 0 0 -32.59668891202968 -167.87196022712646 143.1 -32.59668891202968 -167.87196022712646 10.009883 169.99835 -999.0 -999.0 -999.0 -999.0 -999.0 -999.0 -999.0 -999.0 -999.0 -999.0 -999.0 -999.0 6231.0 -999.0 -1 -999 {-999.0 -999.0 -999.0 -999.0 -999.0} "" -999.0 -999.0 -999.0 -999.0 -999 -999 "" "" "" "" 0 0 0.0 0.0 -999 ""
FIBERMAP 1338 R-8C12 APOGEE 0 0 0 1 0 0 45.459209228970046 -147.61929899281125 143.1 45.459209228970046 -147.61929899281125 10.000394 169.99716 -999.0 -999.0 -999.0 -999.0 -999.0 -999.0 -999.0 -999.0 -999.0 -999.0 -999.0 -999.0 16600.0 -999.0 2 -999 {-999.0 -999.0 -999.0 -999.0 -999.0} "" -999.0 -999.0 -999.0 -999.0 -999 -999 "" "" "" "" 0 0 0.0 0.0 -999 ""
FIBERMAP 1338 R-8C12 BOSS 0 0 0 1 0 0 46.186307258641136 -147.61228352725155 143.1 46.186307258641136 -147.61228352725155 10.000394 169.99716 -999.0 -999.0 -999.0 -999.0 -999.0 -999.0 -999.0 -999.0 -999.0 -999.0 -999.0 -999.0 5400.0 -999.0 1 382 {-999.0 -999.0 -999.0 -999.0 -999.0} "" -999.0 -999.0 -999.0 -999.0 -999 -999 "" "" "" "" 0 0 0.0 0.0 -999 ""
FIBERMAP 1338 R-8C12 METROLOGY 1 0 0 1 0 0 45.84019256665952 -148.2607923107147 143.1 45.84019256665952 -148.2607923107147 10.000394 169.99716 -999.0 -999.0 -999.0 -999.0 -999.0 -999.0 -999.0 -999.0 -999.0 -999.0 -999.0 -999.0 6231.0 -999.0 -1 -999 {-999.0 -999.0 -999.0 -999.0 -999.0} "" -999.0 -999.0 -999.0 -999.0 -999 -999 "" "" "" "" 0 0 0.0 0.0 -999 ""
FIBERMAP 1339 R-4C7 APOGEE 0 0 0 1 0 0 -111.3104181985435 -70.09581551308685 143.1 -111.3104181985435 -70.09581551308685 9.991606 169.98882 -999.0 -999.0 -999.0 -999.0 -999.0 -999.0 -999.0 -999.0 -999.0 -999.0 -999.0 -999.0 16600.0 -999.0 2 259 {-999.0 -999.0 -999.0 -999.0 -999.0} "" -999.0 -999.0 -999.0 -999.0 -999 -999 "" "" "" "" 0 0 0.0 0.0 -999 ""
FIBERMAP 1339 R-4C7 BOSS 0 0 0 1 0 0 -110.57129559587443 -70.0846629375855 143.1 -110.57129559587443 -70.0846629375855 9.991606 169.98882 -999.0 -999.0 -999.0 -999.0 -999.0 -999.0 -999.0 -999.0 -999.0 -999.0 -999.0 -999.0 5400.0 -999.0 1 460 {-999.0 -999.0 -999.0 -999.0 -999.0} "" -999.0 -999.0 -999.0 -999.0 -999 -999 "" "" "" "" 0 0 0.0 0.0 -999 ""
FIBERMAP 1339 R-4C7 METROLOGY 1 0 0 1 0 0 -110.92474323886553 -70.74708386741835 143.1 -110.92474323886553 -70.74708386741835 9.991606 169.98882 -999.0 -999.0 -999.0 -999.0 -999.0 -999.0 -999.0 -999.0 -999.0 -999.0 -999.0 -999.0 6231.0 -999.0 -1 -999 {-999.0 -999.0 -999.0 -999.0 -999.0} "" -999.0 -999.0 -999.0 -999.0 -999 -999 "" "" "" "" 0 0 0.0 0.0 -999 ""
FIBERMAP 1340 R+9C17 APOGEE 0 0 0 1 0 0 168.65925719231868 182.1251783246117 143.1 168.65925719231868 182.1251783246117 10.000352 170.00865 -999.0 -999.0 -999.0 -999.0 -999.0 -999.0 -999.0 -999.0 -999.0 -999.0 -999.0 -999.0 16600.0 -999.0 2 -999 {-999.0 -999.0 -999.0 -999.0 -999.0} "" -999.0 -999.0 -999.0 -999.0 -999 -999 "" "" "" "" 0 0 0.0 0.0 -999 ""
FIBERMAP 1340 R+9C17 BOSS 0 0 0 1 0 0 169.39866285204758 182.14187566265207 143.1 169.39866285204758 182.14187566265207 10.000352 170.00865 -999.0 -999.0 -999.0 -999.0 -999.0 -999.0 -999.0 -999.0 -999.0 -999.0 -999.0 -999.0 5400.0 -999.0 1 240 {-999.0 -999.0 -999.0 -999.0 -999.0} "" -999.0 -999.0 -999.0 -999.0 -999 -999 "" "" "" "" 0 0 0.0 0.0 -999 ""
FIBERMAP 1340 R+9C17 METROLOGY 1 0 0 1 0 0 169.04064174940746 181.48392346098416 143.1 169.04064174940746 181.48392346098416 10.000352 170.00865 -999.0 -999.0 -999.0 -999.0 -999.0 -999.0 -999.0 -999.0 -999.0 -999.0 -999.0 -999.0 6231.0 -999.0 -1 -999 {-999.0 -999.0 -999.0 -999.0 -999.0} "" -999.0 -999.0 -999.0 -999.0 -999 -999 "" "" "" "" 0 0 0.0 0.0 -999 ""
FIBERMAP 1341 R-6C4 APOGEE 0 0 0 1 0 0 -156.13554606544696 -108.94458938287929 143.1 -156.13554606544696 -108.94458938287929 10.011681 169.99696 -999.0 -999.0 -999.0 -999.0 -999.0 -999.0 -999.0 -999.0 -999.0 -999.0 -999.0 -999.0 16600.0 -999.0 2 -999 {-999.0 -999.0 -999.0 -999.0 -999.0} "" -999.0 -999.0 -999.0 -999.0 -999 -999 "" "" "" "" 0 0 0.0 0.0 -999 ""
FIBERMAP 1341 R-6C4 BOSS 0 0 0 1 0 0 -155.39550387310865 -108.92411045767892 143.1 -155.39550387310865 -108.92411045767892 10.011681 169.99696 -999.0 -999.0 -999.0 -999.0 -999.0 -999.0 -999.0 -999.0 -999.0 -999.0 -999.0 -999.0 5400.0 -999.0 1 453 {-999.0 -999.0 -999.0 -999.0 -999.0} "" -999.0 -999.0 -999.0 -999.0 -999 -999 "" "" "" "" 0 0 0.0 0.0 -999 ""
FIBERMAP 1341 R-6C4 METROLOGY 1 0 0 1 0 0 -155.7534110651123 -109.5853973276108 143.1 -155.7534110651123 -109.5853973276108 10.011681 169.99696 -999.0 -999.0 -999.0 -999.0 -999.0 -999.0 -999.0 -999.0 -999.0 -999.0 -999.0 -999.0 6231.0 -999.0 -1 -999 {-999.0 -999.0 -999.0 -999.0 -999.0} "" -999.0 -999.0 -999.0 -999.0 -999 -999 "" "" "" "" 0 0 0.0 0.0 -999 ""
FIBERMAP 1342 R+2C4 APOGEE 0 0 0 1 0 0 -201.12471095018677 46.28329193069399 143.1 -201.12471095018677 46.28329193069399 10.007973 170.00107 -999.0 -999.0 -999.0 -999.0 -999.0 -999.0 -999.0 -999.0 -999.0 -999.0 -999.0 -999.0 16600.0 -999.0 2 -999 {-999.0 -999.0 -999.0 -999.0 -999.0} "" -999.0 -999.0 -999.0 -999.0 -999 -999 "" "" "" "" 0 0 0.0 0.0 -999 ""
FIBERMAP 1342 R+2C4 BOSS 0 0 0 1 0 0 -200.3931108800125 46.29889174816808 143.1 -200.3931108800125 46.29889174816808 10.007973 170.00107 -999.0 -999.0 -999.0 -999.0 -999.0 -999.0 -999.0 -999.0 -999.0 -999.0 -999.0 -999.0 5400.0 -999.0 1 35 {-999.0 -999.0 -999.0 -999.0 -999.0} "" -999.0 -999.0 -999.0 -999.0 -999 -999 "" "" "" "" 0 0 0.0 0.0 -999 ""
FIBERMAP 1342 R+2C4 METROLOGY 1 0 0 1 0 0 -200.7401965079774 45.643908927913806 143.1 -200.7401965079774 45.643908927913806 10.007973 170.00107 -999.0 -999.0 -999.0 -999.0 -999.0 -999.0 -999.0 -999.0 -999.0 -999.0 -999.0 -999.0 6231.0 -999.0 -1 -999 {-999.0 -999.0 -999.0 -999.0 -999.0} "" -999.0 -999.0 -999.0 -999.0 -999 -999 "" "" "" "" 0 0 0.0 0.0 -999 ""
FIBERMAP 1345 R-1C16 APOGEE 0 0 0 1 0 0 56.631101978417576 -11.905259545468518 143.1 56.631101978417576 -11.905259545468518 10.005273 170.00192 -999.0 -999.0 -999.0 -999.0 -999.0 -999.0 -999.0 -999.0 -999.0 -999.0 -999.0 -999.0 16600.0 -999.0 2 231 {-999.0 -999.0 -999.0 -999.0 -999.0} "" -999.0 -999.0 -999.0 -999.0 -999 -999 "" "" "" "" 0 0 0.0 0.0 -999 ""
FIBERMAP 1345 R-1C16 BOSS 0 0 0 1 0 0 57.38139430979459 -11.905497792952392 143.1 57.38139430979459 -11.905497792952392 10.005273 170.00192 -999.0 -999.0 -999.0 -999.0 -999.0 -999.0 -999.0 -999.0 -999.0 -999.0 -999.0 -999.0 5400.0 -999.0 1 281 {-999.0 -999.0 -999.0 -999.0 -999.0} "" -999.0 -999.0 -999.0 -999.0 -999 -999 "" "" "" "" 0 0 0.0 0.0 -999 ""
FIBERMAP 1345 R-1C16 METROLOGY 1 0 0 1 0 0 57.011487172090014 -12.55590275358243 143.1 57.011487172090014 -12.55590275358243 10.005273 170.00192 -999.0 -999.0 -999.0 -999.0 -999.0 -999.0 -999.0 -999.0 -999.0 -999.0 -999.0 -999.0 6231.0 -999.0 -1 -999 {-999.0 -999.0 -999.0 -999.0 -999.0} "" -999.0 -999.0 -999.0 -999.0 -999 -999 "" "" "" "" 0 0 0.0 0.0 -999 ""
FIBERMAP 1346 R+3C6 APOGEE 0 0 0 1 0 0 -144.76096227189075 65.68886785434538 143.1 -144.76096227189075 65.68886785434538 9.991463 170.01204 -999.0 -999.0 -999.0 -999.0 -999.0 -999.0 -999.0 -999.0 -999.0 -999.0 -999.0 -999.0 16600.0 -999.0 2 -999 {-999.0 -999.0 -999.0 -999.0 -999.0} "" -999.0 -999.0 -999.0 -999.0 -999 -999 "" "" "" "" 0 0 0.0 0.0 -999 ""
FIBERMAP 1346 R+3C6 BOSS 0 0 0 1 0 0 -144.0303086461856 65.6914585335117 143.1 -144.0303086461856 65.6914585335117 9.991463 170.01204 -999.0 -999.0 -999.0 -999.0 -999.0 -999.0 -999.0 -999.0 -999.0 -999.0 -999.0 -999.0 5400.0 -999.0 1 39 {-999.0 -999.0 -999.0 -999.0 -999.0} "" -999.0 -999.0 -999.0 -999.0 -999 -999 "" "" "" "" 0 0 0.0 0.0 -999 ""
FIBERMAP 1346 R+3C6 METROLOGY 1 0 0 1 0 0 -144.37725053824218 65.04900280140671 143.1 -144.37725053824218 65.04900280140671 9.991463 170.01204 -999.0 -999.0 -999.0 -999.0 -999.0 -999.0 -999.0 -999.0 -999.0 -999.0 -999.0 -999.0 6231.0 -999.0 -1 -999 {-999.0 -999.0 -999.0 -999.0 -999.0} "" -999.0 -999.0 -999.0 -999.0 -999 -999 "" "" "" "" 0 0 0.0 0.0 -999 ""
FIBERMAP 1349 R-5C10 APOGEE 0 0 0 1 0 0 -32.78969847262347 -89.45049033216273 143.1 -32.78969847262347 -89.45049033216273 10.000931 170.00992 -999.0 -999.0 -999.0 -999.0 -999.0 -999.0 -999.0 -999.0 -999.0 -999.0 -999.0 -999.0 16600.0 -999.0 2 289 {-999.0 -999.0 -999.0 -999.0 -999.0} "" -999.0 -999.0 -999.0 -999.0 -999 -999 "" "" "" "" 0 0 0.0 0.0 -999 ""
FIBERMAP 1349 R-5C10 BOSS 0 0 0 1 0 0 -32.03221527553421 -89.45819522059192 143.1 -32.03221527553421 -89.45819522059192 10.000931 170.00992 -999.0 -999.0 -999.0 -999.0 -999.0 -999.0 -999.0 -999.0 -999.0 -999.0 -999.0 -999.0 5400.0 -999.0 1 398 {-999.0 -999.0 -999.0 -999.0 -999.0} "" -999.0 -999.0 -999.0 -999.0 -999 -999 "" "" "" "" 0 0 0.0 0.0 -999 ""
FIBERMAP 1349 R-5C10 METROLOGY 1 0 0 1 0 0 -32.409425603772654 -90.09631618071799 143.1 -32.409425603772654 -90.09631618071799 10.000931 170.00992 -999.0 -999.0 -999.0 -999.0 -999.0 -999.0 -999.0 -999.0 -999.0 -999.0 -999.0 -999.0 6231.0 -999.0 -1 -999 {-999.0 -999.0 -999.0 -999.0 -999.0} "" -999.0 -999.0 -999.0 -999.0 -999 -999 "" "" "" "" 0 0 0.0 0.0 -999 ""
FIBERMAP 1351 R-3C8 APOGEE 0 0 0 1 0 0 -100.19139564375804 -50.700464970348534 143.1 -100.19139564375804 -50.700464970348534 9.9931345 170.01947 -999.0 -999.0 -999.0 -999.0 -999.0 -999.0 -999.0 -999.0 -999.0 -999.0 -999.0 -999.0 16600.0 -999.0 2 -999 {-999.0 -999.0 -999.0 -999.0 -999.0} "" -999.0 -999.0 -999.0 -999.0 -999 -999 "" "" "" "" 0 0 0.0 0.0 -999 ""
FIBERMAP 1351 R-3C8 BOSS 0 0 0 1 0 0 -99.44129192787337 -50.687467911591646 143.1 -99.44129192787337 -50.687467911591646 9.9931345 170.01947 -999.0 -999.0 -999.0 -999.0 -999.0 -999.0 -999.0 -999.0 -999.0 -999.0 -999.0 -999.0 5400.0 -999.0 1 469 {-999.0 -999.0 -999.0 -999.0 -999.0} "" -999.0 -999.0 -999.0 -999.0 -999 -999 "" "" "" "" 0 0 0.0 0.0 -999 ""
FIBERMAP 1351 R-3C8 METROLOGY 1 0 0 1 0 0 -99.80904375539676 -51.34114352780021 143.1 -99.80904375539676 -51.34114352780021 9.9931345 170.01947 -999.0 -999.0 -999.0 -999.0 -999.0 -999.0 -999.0 -999.0 -999.0 -999.0 -999.0 -999.0 6231.0 -999.0 -1 -999 {-999.0 -999.0 -999.0 -999.0 -999.0} "" -999.0 -999.0 -999.0 -999.0 -999 -999 "" "" "" "" 0 0 0.0 0.0 -999 ""
FIBERMAP 1353 R-12C3 APOGEE 0 0 0 1 0 0 -111.24470156270615 -225.23644235674848 143.1 -111.24470156270615 -225.23644235674848 10.008501 169.99907 -999.0 -999.0 -999.0 -999.0 -999.0 -999.0 -999.0 -999.0 -999.0 -999.0 -999.0 -999.0 16600.0 -999.0 2 -999 {-999.0 -999.0 -999.0 -999.0 -999.0} "" -999.0 -999.0 -999.0 -999.0 -999 -999 "" "" "" "" 0 0 0.0 0.0 -999 ""
FIBERMAP 1353 R-12C3 BOSS 0 0 0 1 0 0 -110.48520374038608 -225.2382148855143 143.1 -110.48520374038608 -225.2382148855143 10.008501 169.99907 -999.0 -999.0 -999.0 -999.0 -999.0 -999.0 -999.0 -999.0 -999.0 -999.0 -999.0 -999.0 5400.0 -999.0 1 350 {-999.0 -999.0 -999.0 -999.0 -999.0} "" -999.0 -999.0 -999.0 -999.0 -999 -999 "" "" "" "" 0 0 0.0 0.0 -999 ""
FIBERMAP 1353 R-12C3 METROLOGY 1 0 0 1 0 0 -110.86834319115658 -225.88065998820258 143.1 -110.86834319115658 -225.88065998820258 10.008501 169.99907 -999.0 -999.0 -999.0 -999.0 -999.0 -999.0 -999.0 -999.0 -999.0 -999.0 -999.0 -999.0 6231.0 -999.0 -1 -999 {-999.0 -999.0 -999.0 -999.0 -999.0} "" -999.0 -999.0 -999.0 -999.0 -999 -999 "" "" "" "" 0 0 0.0 0.0 -999 ""
FIBERMAP 1354 R+3C8 APOGEE 0 0 0 1 0 0 -100.1499785858603 65.68402153555684 143.1 -100.1499785858603 65.68402153555684 10.000718 169.99971 -999.0 -999.0 -999.0 -999.0 -999.0 -999.0 -999.0 -999.0 -999.0 -999.0 -999.0 -999.0 16600.0 -999.0 2 -999 {-999.0 -999.0 -999.0 -999.0 -999.0} "" -999.0 -999.0 -999.0 -999.0 -999 -999 "" "" "" "" 0 0 0.0 0.0 -999 ""
FIBERMAP 1354 R+3C8 BOSS 0 0 0 1 0 0 -99.3830027726812 65.66978876693142 143.1 -99.3830027726812 65.66978876693142 10.000718 169.99971 -999.0 -999.0 -999.0 -999.0 -999.0 -999.0 -999.0 -999.0 -999.0 -999.0 -999.0 -999.0 5400.0 -999.0 1 52 {-999.0 -999.0 -999.0 -999.0 -999.0} "" -999.0 -999.0 -999.0 -999.0 -999 -999 "" "" "" "" 0 0 0.0 0.0 -999 ""
FIBERMAP 1354 R+3C8 METROLOGY 1 0 0 1 0 0 -99.77500632413623 65.03899612253086 143.1 -99.77500632413623 65.03899612253086 10.000718 169.99971 -999.0 -999.0 -999.0 -999.0 -999.0 -999.0 -999.0 -999.0 -999.0 -999.0 -999.0 -999.0 6231.0 -999.0 -1 -999 {-999.0 -999.0 -999.0 -999.0 -999.0} "" -999.0 -999.0 -999.0 -999.0 -999 -999 "" "" "" "" 0 0 0.0 0.0 -999 ""
FIBERMAP 1355 R0C10 APOGEE 0 0 0 1 0 0 -88.93597011990877 7.474732057240159 143.1 -88.93597011990877 7.474732057240159 10.002804 169.99779 -999.0 -999.0 -999.0 -999.0 -999.0 -999.0 -999.0 -999.0 -999.0 -999.0 -999.0 -999.0 16600.0 -999.0 2 -999 {-999.0 -999.0 -999.0 -999.0 -999.0} "" -999.0 -999.0 -999.0 -999.0 -999 -999 "" "" "" "" 0 0 0.0 0.0 -999 ""
FIBERMAP 1355 R0C10 BOSS 0 0 0 1 0 0 -88.19014832688492 7.485595382300804 143.1 -88.19014832688492 7.485595382300804 10.002804 169.99779 -999.0 -999.0 -999.0 -999.0 -999.0 -999.0 -999.0 -999.0 -999.0 -999.0 -999.0 -999.0 5400.0 -999.0 1 491 {-999.0 -999.0 -999.0 -999.0 -999.0} "" -999.0 -999.0 -999.0 -999.0 -999 -999 "" "" "" "" 0 0 0.0 0.0 -999 ""
FIBERMAP 1355 R0C10 METROLOGY 1 0 0 1 0 0 -88.56296634042597 6.828566319210552 143.1 -88.56296634042597 6.828566319210552 10.002804 169.99779 -999.0 -999.0 -999.0 -999.0 -999.0 -999.0 -999.0 -999.0 -999.0 -999.0 -999.0 -999.0 6231.0 -999.0 -1 -999 {-999.0 -999.0 -999.0 -999.0 -999.0} "" -999.0 -999.0 -999.0 -999.0 -999 -999 "" "" "" "" 0 0 0.0 0.0 -999 ""
FIBERMAP 1356 R+8C9 APOGEE 0 0 0 1 0 0 -21.76436217609875 162.6572146509711 143.1 -21.76436217609875 162.6572146509711 9.991951 169.99706 -999.0 -999.0 -999.0 -999.0 -999.0 -999.0 -999.0 -999.0 -999.0 -999.0 -999.0 -999.0 16600.0 -999.0 2 -999 {-999.0 -999.0 -999.0 -999.0 -999.0} "" -999.0 -999.0 -999.0 -999.0 -999 -999 "" "" "" "" 0 0 0.0 0.0 -999 ""
FIBERMAP 1356 R+8C9 BOSS 0 0 0 1 0 0 -20.98900009347645 162.6540277843585 143.1 -20.98900009347645 162.6540277843585 9.991951 169.99706 -999.0 -999.0 -999.0 -999.0 -999.0 -999.0 -999.0 -999.0 -999.0 -999.0 -999.0 -999.0 5400.0 -999.0 1 123 {-999.0 -999.0 -999.0 -999.0 -999.0} "" -999.0 -999.0 -999.0 -999.0 -999 -999 "" "" "" "" 0 0 0.0 0.0 -999 ""
FIBERMAP 1356 R+8C9 METROLOGY 1 0 0 1 0 0 -21.38509769118841 162.01470361527015 143.1 -21.38509769118841 162.01470361527015 9.991951 169.99706 -999.0 -999.0 -999.0 -999.0 -999.0 -999.0 -999.0 -999.0 -999.0 -999.0 -999.0 -999.0 6231.0 -999.0 -1 -999 {-999.0 -999.0 -999.0 -999.0 -999.0} "" -999.0 -999.0 -999.0 -999.0 -999 -999 "" "" "" "" 0 0 0.0 0.0 -999 ""
FIBERMAP 1357 R+3C5 APOGEE 0 0 0 1 0 0 -167.7349622444176 65.82356965043027 143.1 -167.7349622444176 65.82356965043027 9.994504 169.98856 -999.0 -999.0 -999.0 -999.0 -999.0 -999.0 -999.0 -999.0 -999.0 -999.0 -999.0 -999.0 16600.0 -999.0 2 148 {-999.0 -999.0 -999.0 -999.0 -999.0} "" -999.0 -999.0 -999.0 -999.0 -999 -999 "" "" "" "" 0 0 0.0 0.0 -999 ""
FIBERMAP 1357 R+3C5 BOSS 0 0 0 1 0 0 -166.9877532261141 65.83044923831311 143.1 -166.9877532261141 65.83044923831311 9.994504 169.98856 -999.0 -999.0 -999.0 -999.0 -999.0 -999.0 -999.0 -999.0 -999.0 -999.0 -999.0 -999.0 5400.0 -999.0 1 40 {-999.0 -999.0 -999.0 -999.0 -999.0} "" -999.0 -999.0 -999.0 -999.0 -999 -999 "" "" "" "" 0 0 0.0 0.0 -999 ""
FIBERMAP 1357 R+3C5 METROLOGY 1 0 0 1 0 0 -167.35410990475134 65.18296937805076 143.1 -167.35410990475134 65.18296937805076 9.994504 169.98856 -999.0 -999.0 -999.0 -999.0 -999.0 -999.0 -999.0 -999.0 -999.0 -999.0 -999.0 -999.0 6231.0 -999.0 -1 -999 {-999.0 -999.0 -999.0 -999.0 -999.0} "" -999.0 -999.0 -999.0 -999.0 -999 -999 "" "" "" "" 0 0 0.0 0.0 -999 ""
FIBERMAP 1358 R-3C14 APOGEE 0 0 0 1 0 0 34.17762091057396 -50.66888947796966 143.1 34.17762091057396 -50.66888947796966 10.002808 169.9792 -999.0 -999.0 -999.0 -999.0 -999.0 -999.0 -999.0 -999.0 -999.0 -999.0 -999.0 -999.0 16600.0 -999.0 2 215 {-999.0 -999.0 -999.0 -999.0 -999.0} "" -999.0 -999.0 -999.0 -999.0 -999 -999 "" "" "" "" 0 0 0.0 0.0 -999 ""
FIBERMAP 1358 R-3C14 BOSS 0 0 0 1 0 0 34.923926977376766 -50.65489153082915 143.1 34.923926977376766 -50.65489153082915 10.002808 169.9792 -999.0 -999.0 -999.0 -999.0 -999.0 -999.0 -999.0 -999.0 -999.0 -999.0 -999.0 -999.0 5400.0 -999.0 1 264 {-999.0 -999.0 -999.0 -999.0 -999.0} "" -999.0 -999.0 -999.0 -999.0 -999 -999 "" "" "" "" 0 0 0.0 0.0 -999 ""
FIBERMAP 1358 R-3C14 METROLOGY 1 0 0 1 0 0 34.56638267711698 -51.31069208247256 143.1 34.56638267711698 -51.31069208247256 10.002808 169.9792 -999.0 -999.0 -999.0 -999.0 -999.0 -999.0 -999.0 -999.0 -999.0 -999.0 -999.0 -999.0 6231.0 -999.0 -1 -999 {-999.0 -999.0 -999.0 -999.0 -999.0} "" -999.0 -999.0 -999.0 -999.0 -999 -999 "" "" "" "" 0 0 0.0 0.0 -999 ""
FIBERMAP 1359 R-7C12 APOGEE 0 0 0 1 0 0 34.38750994103223 -128.29215142321405 143.1 34.38750994103223 -128.29215142321405 9.992005 170.01537 -999.0 -999.0 -999.0 -999.0 -999.0 -999.0 -999.0 -999.0 -999.0 -999.0 -999.0 -999.0 16600.0 -999.0 2 161 {-999.0 -999.0 -999.0 -999.0 -999.0} "" -999.0 -999.0 -999.0 -999.0 -999 -999 "" "" "" "" 0 0 0.0 0.0 -999 ""
FIBERMAP 1359 R-7C12 BOSS 0 0 0 1 0 0 35.11952864790798 -128.29962942342863 143.1 35.11952864790798 -128.29962942342863 9.992005 170.01537 -999.0 -999.0 -999.0 -999.0 -999.0 -999.0 -999.0 -999.0 -999.0 -999.0 -999.0 -999.0 5400.0 -999.0 1 381 {-999.0 -999.0 -999.0 -999.0 -999.0} "" -999.0 -999.0 -999.0 -999.0 -999 -999 "" "" "" "" 0 0 0.0 0.0 -999 ""
FIBERMAP 1359 R-7C12 METROLOGY 1 0 0 1 0 0 34.75575904767534 -128.9407917003996 143.1 34.75575904767534 -128.9407917003996 9.992005 170.01537 -999.0 -999.0 -999.0 -999.0 -999.0 -999.0 -999.0 -999.0 -999.0 -999.0 -999.0 -999.0 6231.0 -999.0 -1 -999 {-999.0 -999.0 -999.0 -999.0 -999.0} "" -999.0 -999.0 -999.0 -999.0 -999 -999 "" "" "" "" 0 0 0.0 0.0 -999 ""
FIBERMAP 1362 R-12C4 APOGEE 0 0 0 1 0 0 -88.82375918016125 -225.30164309910157 143.1 -88.82375918016125 -225.30164309910157 10.009407 170.01427 -999.0 -999.0 -999.0 -999.0 -999.0 -999.0 -999.0 -999.0 -999.0 -999.0 -999.0 -999.0 16600.0 -999.0 2 -999 {-999.0 -999.0 -999.0 -999.0 -999.0} "" -999.0 -999.0 -999.0 -999.0 -999 -999 "" "" "" "" 0 0 0.0 0.0 -999 ""
FIBERMAP 1362 R-12C4 BOSS 0 0 0 1 0 0 -88.0725615070376 -225.2971222385094 143.1 -88.0725615070376 -225.2971222385094 10.009407 170.01427 -999.0 -999.0 -999.0 -999.0 -999.0 -999.0 -999.0 -999.0 -999.0 -999.0 -999.0 -999.0 5400.0 -999.0 1 351 {-999.0 -999.0 -999.0 -999.0 -999.0} "" -999.0 -999.0 -999.0 -999.0 -999 -999 "" "" "" "" 0 0 0.0 0.0 -999 ""
FIBERMAP 1362 R-12C4 METROLOGY 1 0 0 1 0 0 -88.44708917890185 -225.94567857224186 143.1 -88.44708917890185 -225.94567857224186 10.009407 170.01427 -999.0 -999.0 -999.0 -999.0 -999.0 -999.0 -999.0 -999.0 -999.0 -999.0 -999.0 -999.0 6231.0 -999.0 -1 -999 {-999.0 -999.0 -999.0 -999.0 -999.0} "" -999.0 -999.0 -999.0 -999.0 -999 -999 "" "" "" "" 0 0 0.0 0.0 -999 ""
FIBERMAP 1363 R-6C13 APOGEE 0 0 0 1 0 0 45.49748441478059 -108.95205354214028 143.1 45.49748441478059 -108.95205354214028 10.020481 170.00409 -999.0 -999.0 -999.0 -999.0 -999.0 -999.0 -999.0 -999.0 -999.0 -999.0 -999.0 -999.0 16600.0 -999.0 2 -999 {-999.0 -999.0 -999.0 -999.0 -999.0} "" -999.0 -999.0 -999.0 -999.0 -999 -999 "" "" "" "" 0 0 0.0 0.0 -999 ""
FIBERMAP 1363 R-6C13 BOSS 0 0 0 1 0 0 46.23881472715681 -108.94447655479482 143.1 46.23881472715681 -108.94447655479482 10.020481 170.00409 -999.0 -999.0 -999.0 -999.0 -999.0 -999.0 -999.0 -999.0 -999.0 -999.0 -999.0 -999.0 5400.0 -999.0 1 380 {-999.0 -999.0 -999.0 -999.0 -999.0} "" -999.0 -999.0 -999.0 -999.0 -999 -999 "" "" "" "" 0 0 0.0 0.0 -999 ""
FIBERMAP 1363 R-6C13 METROLOGY 1 0 0 1 0 0 45.87807675274364 -109.59377891392762 143.1 45.87807675274364 -109.59377891392762 10.020481 170.00409 -999.0 -999.0 -999.0 -999.0 -999.0 -999.0 -999.0 -999.0 -999.0 -999.0 -999.0 -999.0 6231.0 -999.0 -1 -999 {-999.0 -999.0 -999.0 -999.0 -999.0} "" -999.0 -999.0 -999.0 -999.0 -999 -999 "" "" "" "" 0 0 0.0 0.0 -999 ""
FIBERMAP 1364 R+13C6 APOGEE 0 0 0 1 0 0 -33.00447738063144 259.69180367458 143.1 -33.00447738063144 259.69180367458 10.007223 170.01938 -999.0 -999.0 -999.0 -999.0 -999.0 -999.0 -999.0 -999.0 -999.0 -999.0 -999.0 -999.0 16600.0 -999.0 2 105 {-999.0 -999.0 -999.0 -999.0 -999.0} "" -999.0 -999.0 -999.0 -999.0 -999 -999 "" "" "" "" 0 0 0.0 0.0 -999 ""
FIBERMAP 1364 R+13C6 BOSS 0 0 0 1 0 0 -32.265559361973274 259.67909737933326 143.1 -32.265559361973274 259.67909737933326 10.007223 170.01938 -999.0 -999.0 -999.0 -999.0 -999.0 -999.0 -999.0 -999.0 -999.0 -999.0 -999.0 -999.0 5400.0 -999.0 1 84 {-999.0 -999.0 -999.0 -999.0 -999.0} "" -999.0 -999.0 -999.0 -999.0 -999 -999 "" "" "" "" 0 0 0.0 0.0 -999 ""
FIBERMAP 1364 R+13C6 METROLOGY 1 0 0 1 0 0 -32.634461794463604 259.03973417662485 143.1 -32.634461794463604 259.03973417662485 10.007223 170.01938 -999.0 -999.0 -999.0 -999.0 -999.0 -999.0 -999.0 -999.0 -999.0 -999.0 -999.0 -999.0 6231.0 -999.0 -1 -999 {-999.0 -999.0 -999.0 -999.0 -999.0} "" -999.0 -999.0 -999.0 -999.0 -999 -999 "" "" "" "" 0 0 0.0 0.0 -999 ""
FIBERMAP 1365 R+12C3 APOGEE 0 0 0 1 0 0 -111.53708424643304 240.3577412407531 143.1 -111.53708424643304 240.3577412407531 10.007614 170.00443 -999.0 -999.0 -999.0 -999.0 -999.0 -999.0 -999.0 -999.0 -999.0 -999.0 -999.0 -999.0 16600.0 -999.0 2 -999 {-999.0 -999.0 -999.0 -999.0 -999.0} "" -999.0 -999.0 -999.0 -999.0 -999 -999 "" "" "" "" 0 0 0.0 0.0 -999 ""
FIBERMAP 1365 R+12C3 BOSS 0 0 0 1 0 0 -110.79473384381038 240.37422547838227 143.1 -110.79473384381038 240.37422547838227 10.007614 170.00443 -999.0 -999.0 -999.0 -999.0 -999.0 -999.0 -999.0 -999.0 -999.0 -999.0 -999.0 -999.0 5400.0 -999.0 1 94 {-999.0 -999.0 -999.0 -999.0 -999.0} "" -999.0 -999.0 -999.0 -999.0 -999 -999 "" "" "" "" 0 0 0.0 0.0 -999 ""
FIBERMAP 1365 R+12C3 METROLOGY 1 0 0 1 0 0 -111.15068657785244 239.71949456255786 143.1 -111.15068657785244 239.71949456255786 10.007614 170.00443 -999.0 -999.0 -999.0 -999.0 -999.0 -999.0 -999.0 -999.0 -999.0 -999.0 -999.0 -999.0 6231.0 -999.0 -1 -999 {-999.0 -999.0 -999.0 -999.0 -999.0} "" -999.0 -999.0 -999.0 -999.0 -999 -999 "" "" "" "" 0 0 0.0 0.0 -999 ""
FIBERMAP 1369 R-1C18 APOGEE 0 0 0 1 0 0 101.44915655806886 -11.820768217591866 143.1 101.44915655806886 -11.820768217591866 10.014667 170.00177 -999.0 -999.0 -999.0 -999.0 -999.0 -999.0 -999.0 -999.0 -999.0 -999.0 -999.0 -999.0 16600.0 -999.0 2 217 {-999.0 -999.0 -999.0 -999.0 -999.0} "" -999.0 -999.0 -999.0 -999.0 -999 -999 "" "" "" "" 0 0 0.0 0.0 -999 ""
FIBERMAP 1369 R-1C18 BOSS 0 0 0 1 0 0 102.18662144466008 -11.844246363585267 143.1 102.18662144466008 -11.844246363585267 10.014667 170.00177 -999.0 -999.0 -999.0 -999.0 -999.0 -999.0 -999.0 -999.0 -999.0 -999.0 -999.0 -999.0 5400.0 -999.0 1 295 {-999.0 -999.0 -999.0 -999.0 -999.0} "" -999.0 -999.0 -999.0 -999.0 -999 -999 "" "" "" "" 0 0 0.0 0.0 -999 ""
FIBERMAP 1369 R-1C18 METROLOGY 1 0 0 1 0 0 101.80656711023175 -12.486780725026648 143.1 101.80656711023175 -12.486780725026648 10.014667 170.00177 -999.0 -999.0 -999.0 -999.0 -999.0 -999.0 -999.0 -999.0 -999.0 -999.0 -999.0 -999.0 6231.0 -999.0 -1 -999 {-999.0 -999.0 -999.0 -999.0 -999.0} "" -999.0 -999.0 -999.0 -999.0 -999 -999 "" "" "" "" 0 0 0.0 0.0 -999 ""
FIBERMAP 1370 R0C23 APOGEE 0 0 0 1 0 0 202.49887664271955 7.664219412125453 143.1 202.49887664271955 7.664219412125453 10.019189 169.98952 -999.0 -999.0 -999.0 -999.0 -999.0 -999.0 -999.0 -999.0 -999.0 -999.0 -999.0 -999.0 16600.0 -999.0 2 89 {-999.0 -999.0 -999.0 -999.0 -999.0} "" -999.0 -999.0 -999.0 -999.0 -999 -999 "" "" "" "" 0 0 0.0 0.0 -999 ""
FIBERMAP 1370 R0C23 BOSS 0 0 0 1 0 0 203.22598807089733 7.54729369676369 143.1 203.22598807089733 7.54729369676369 10.019189 169.98952 -999.0 -999.0 -999.0 -999.0 -999.0 -999.0 -999.0 -999.0 -999.0 -999.0 -999.0 -999.0 5400.0 -999.0 1 245 {-999.0 -999.0 -999.0 -999.0 -999.0} "" -999.0 -999.0 -999.0 -999.0 -999 -999 "" "" "" "" 0 0 0.0 0.0 -999 ""
FIBERMAP 1370 R0C23 METROLOGY 1 0 0 1 0 0 202.75587404031003 6.959058938477142 143.1 202.75587404031003 6.959058938477142 10.019189 169.98952 -999.0 -999.0 -999.0 -999.0 -999.0 -999.0 -999.0 -999.0 -999.0 -999.0 -999.0 -999.0 6231.0 -999.0 -1 -999 {-999.0 -999.0 -999.0 -999.0 -999.0} "" -999.0 -999.0 -999.0 -999.0 -999 -999 "" "" "" "" 0 0 0.0 0.0 -999 ""
FIBERMAP 1372 R-11C10 APOGEE 0 0 0 1 0 0 34.271470720716216 -205.85945842601424 143.1 34.271470720716216 -205.85945842601424 9.988031 170.01285 -999.0 -999.0 -999.0 -999.0 -999.0 -999.0 -999.0 -999.0 -999.0 -999.0 -999.0 -999.0 16600.0 -999.0 2 157 {-999.0 -999.0 -999.0 -999.0 -999.0} "" -999.0 -999.0 -999.0 -999.0 -999 -999 "" "" "" "" 0 0 0.0 0.0 -999 ""
FIBERMAP 1372 R-11C10 BOSS 0 0 0 1 0 0 35.01818969645073 -205.85778437501523 143.1 35.01818969645073 -205.85778437501523 9.988031 170.01285 -999.0 -999.0 -999.0 -999.0 -999.0 -999.0 -999.0 -999.0 -999.0 -999.0 -999.0 -999.0 5400.0 -999.0 1 362 {-999.0 -999.0 -999.0 -999.0 -999.0} "" -999.0 -999.0 -999.0 -999.0 -999 -999 "" "" "" "" 0 0 0.0 0.0 -999 ""
FIBERMAP 1372 R-11C10 METROLOGY 1 0 0 1 0 0 34.654279769407694 -206.5072739748703 143.1 34.654279769407694 -206.5072739748703 9.988031 170.01285 -999.0 -999.0 -999.0 -999.0 -999.0 -999.0 -999.0 -999.0 -999.0 -999.0 -999.0 -999.0 6231.0 -999.0 -1 -999 {-999.0 -999.0 -999.0 -999.0 -999.0} "" -999.0 -999.0 -999.0 -999.0 -999 -999 "" "" "" "" 0 0 0.0 0.0 -999 ""
FIBERMAP 1373 R-9C2 APOGEE 0 0 0 1 0 0 -167.1965435155913 -167.09787529516817 143.1 -167.1965435155913 -167.09787529516817 10.01399 170.01817 -999.0 -999.0 -999.0 -999.0 -999.0 -999.0 -999.0 -999.0 -999.0 -999.0 -999.0 -999.0 16600.0 -999.0 2 -999 {-999.0 -999.0 -999.0 -999.0 -999.0} "" -999.0 -999.0 -999.0 -999.0 -999 -999 "" "" "" "" 0 0 0.0 0.0 -999 ""
FIBERMAP 1373 R-9C2 BOSS 0 0 0 1 0 0 -166.4633484697473 -167.08094900659637 143.1 -166.4633484697473 -167.08094900659637 10.01399 170.01817 -999.0 -999.0 -999.0 -999.0 -999.0 -999.0 -999.0 -999.0 -999.0 -999.0 -999.0 -999.0 5400.0 -999.0 1 490 {-999.0 -999.0 -999.0 -999.0 -999.0} "" -999.0 -999.0 -999.0 -999.0 -999 -999 "" "" "" "" 0 0 0.0 0.0 -999 ""
FIBERMAP 1373 R-9C2 METROLOGY 1 0 0 1 0 0 -166.8211648426922 -167.74266427804886 143.1 -166.8211648426922 -167.74266427804886 10.01399 170.01817 -999.0 -999.0 -999.0 -999.0 -999.0 -999.0 -999.0 -999.0 -999.0 -999.0 -999.0 -999.0 6231.0 -999.0 -1 -999 {-999.0 -999.0 -999.0 -999.0 -999.0} "" -999.0 -999.0 -999.0 -999.0 -999 -999 "" "" "" "" 0 0 0.0 0.0 -999 ""
FIBERMAP 1374 R-5C8 APOGEE 0 0 0 1 0 0 -77.7326476594705 -89.49274573614424 143.1 -77.7326476594705 -89.49274573614424 9.986946 169.9985 -999.0 -999.0 -999.0 -999.0 -999.0 -999.0 -999.0 -999.0 -999.0 -999.0 -999.0 -999.0 16600.0 -999.0 2 -999 {-999.0 -999.0 -999.0 -999.0 -999.0} "" -999.0 -999.0 -999.0 -999.0 -999 -999 "" "" "" "" 0 0 0.0 0.0 -999 ""
FIBERMAP 1374 R-5C8 BOSS 0 0 0 1 0 0 -76.98442083288361 -89.48288159773435 143.1 -76.98442083288361 -89.48288159773435 9.986946 169.9985 -999.0 -999.0 -999.0 -999.0 -999.0 -999.0 -999.0 -999.0 -999.0 -999.0 -999.0 -999.0 5400.0 -999.0 1 463 {-999.0 -999.0 -999.0 -999.0 -999.0} "" -999.0 -999.0 -999.0 -999.0 -999 -999 "" "" "" "" 0 0 0.0 0.0 -999 ""
FIBERMAP 1374 R-5C8 METROLOGY 1 0 0 1 0 0 -77.35244798916473 -90.13470382762 143.1 -77.35244798916473 -90.13470382762 9.986946 169.9985 -999.0 -999.0 -999.0 -999.0 -999.0 -999.0 -999.0 -999.0 -999.0 -999.0 -999.0 -999.0 6231.0 -999.0 -1 -999 {-999.0 -999.0 -999.0 -999.0 -999.0} "" -999.0 -999.0 -999.0 -999.0 -999 -999 "" "" "" "" 0 0 0.0 0.0 -999 ""
FIBERMAP 1376 R+4C13 APOGEE 0 0 0 1 0 0 23.10515931427256 85.28521603603036 143.1 23.10515931427256 85.28521603603036 10.005535 170.00089 -999.0 -999.0 -999.0 -999.0 -999.0 -999.0 -999.0 -999.0 -999.0 -999.0 -999.0 -999.0 16600.0 -999.0 2 -999 {-999.0 -999.0 -999.0 -999.0 -999.0} "" -999.0 -999.0 -999.0 -999.0 -999 -999 "" "" "" "" 0 0 0.0 0.0 -999 ""
FIBERMAP 1376 R+4C13 BOSS 0 0 0 1 0 0 23.842053932193387 85.3021921152707 143.1 23.842053932193387 85.3021921152707 10.005535 170.00089 -999.0 -999.0 -999.0 -999.0 -999.0 -999.0 -999.0 -999.0 -999.0 -999.0 -999.0 -999.0 5400.0 -999.0 1 107 {-999.0 -999.0 -999.0 -999.0 -999.0} "" -999.0 -999.0 -999.0 -999.0 -999 -999 "" "" "" "" 0 0 0.0 0.0 -999 ""
FIBERMAP 1376 R+4C13 METROLOGY 1 0 0 1 0 0 23.489716686552757 84.6458588526526 143.1 23.489716686552757 84.6458588526526 10.005535 170.00089 -999.0 -999.0 -999.0 -999.0 -999.0 -999.0 -999.0 -999.0 -999.0 -999.0 -999.0 -999.0 6231.0 -999.0 -1 -999 {-999.0 -999.0 -999.0 -999.0 -999.0} "" -999.0 -999.0 -999.0 -999.0 -999 -999 "" "" "" "" 0 0 0.0 0.0 -999 ""
FIBERMAP 1378 R-3C2 APOGEE 0 0 0 1 0 0 -234.6271489659736 -50.697407436216224 143.1 -234.6271489659736 -50.697407436216224 10.007632 170.00584 -999.0 -999.0 -999.0 -999.0 -999.0 -999.0 -999.0 -999.0 -999.0 -999.0 -999.0 -999.0 16600.0 -999.0 2 -999 {-999.0 -999.0 -999.0 -999.0 -999.0} "" -999.0 -999.0 -999.0 -999.0 -999 -999 "" "" "" "" 0 0 0.0 0.0 -999 ""
FIBERMAP 1378 R-3C2 BOSS 0 0 0 1 0 0 -233.87564586121246 -50.676728881266584 143.1 -233.87564586121246 -50.676728881266584 10.007632 170.00584 -999.0 -999.0 -999.0 -999.0 -999.0 -999.0 -999.0 -999.0 -999.0 -999.0 -999.0 -999.0 5400.0 -999.0 1 436 {-999.0 -999.0 -999.0 -999.0 -999.0} "" -999.0 -999.0 -999.0 -999.0 -999 -999 "" "" "" "" 0 0 0.0 0.0 -999 ""
FIBERMAP 1378 R-3C2 METROLOGY 1 0 0 1 0 0 -234.2385962257336 -51.33434444139319 143.1 -234.2385962257336 -51.33434444139319 10.007632 170.00584 -999.0 -999.0 -999.0 -999.0 -999.0 -999.0 -999.0 -999.0 -999.0 -999.0 -999.0 -999.0 6231.0 -999.0 -1 -999 {-999.0 -999.0 -999.0 -999.0 -999.0} "" -999.0 -999.0 -999.0 -999.0 -999 -999 "" "" "" "" 0 0 0.0 0.0 -999 ""
FIBERMAP 1381 R-7C10 APOGEE 0 0 0 1 0 0 -10.59370848415524 -128.34667458500556 143.1 -10.59370848415524 -128.34667458500556 10.010345 170.02133 -999.0 -999.0 -999.0 -999.0 -999.0 -999.0 -999.0 -999.0 -999.0 -999.0 -999.0 -999.0 16600.0 -999.0 2 170 {-999.0 -999.0 -999.0 -999.0 -999.0} "" -999.0 -999.0 -999.0 -999.0 -999 -999 "" "" "" "" 0 0 0.0 0.0 -999 ""
FIBERMAP 1381 R-7C10 BOSS 0 0 0 1 0 0 -9.849730090321962 -128.35222209385896 143.1 -9.849730090321962 -128.35222209385896 10.010345 170.02133 -999.0 -999.0 -999.0 -999.0 -999.0 -999.0 -999.0 -999.0 -999.0 -999.0 -999.0 -999.0 5400.0 -999.0 1 385 {-999.0 -999.0 -999.0 -999.0 -999.0} "" -999.0 -999.0 -999.0 -999.0 -999 -999 "" "" "" "" 0 0 0.0 0.0 -999 ""
FIBERMAP 1381 R-7C10 METROLOGY 1 0 0 1 0 0 -10.219363085409165 -128.99863806668327 143.1 -10.219363085409165 -128.99863806668327 10.010345 170.02133 -999.0 -999.0 -999.0 -999.0 -999.0 -999.0 -999.0 -999.0 -999.0 -999.0 -999.0 -999.0 6231.0 -999.0 -1 -999 {-999.0 -999.0 -999.0 -999.0 -999.0} "" -999.0 -999.0 -999.0 -999.0 -999 -999 "" "" "" "" 0 0 0.0 0.0 -999 ""
FIBERMAP 1382 R+4C14 APOGEE 0 0 0 1 0 0 45.333593401337 85.2191899909089 143.1 45.333593401337 85.2191899909089 10.010397 170.00832 -999.0 -999.0 -999.0 -999.0 -999.0 -999.0 -999.0 -999.0 -999.0 -999.0 -999.0 -999.0 16600.0 -999.0 2 -999 {-999.0 -999.0 -999.0 -999.0 -999.0} "" -999.0 -999.0 -999.0 -999.0 -999 -999 "" "" "" "" 0 0 0.0 0.0 -999 ""
FIBERMAP 1382 R+4C14 BOSS 0 0 0 1 0 0 46.085612369736054 85.24470155671354 143.1 46.085612369736054 85.24470155671354 10.010397 170.00832 -999.0 -999.0 -999.0 -999.0 -999.0 -999.0 -999.0 -999.0 -999.0 -999.0 -999.0 -999.0 5400.0 -999.0 1 158 {-999.0 -999.0 -999.0 -999.0 -999.0} "" -999.0 -999.0 -999.0 -999.0 -999 -999 "" "" "" "" 0 0 0.0 0.0 -999 ""
FIBERMAP 1382 R+4C14 METROLOGY 1 0 0 1 0 0 45.71965370608196 84.58073919279519 143.1 45.71965370608196 84.58073919279519 10.010397 170.00832 -999.0 -999.0 -999.0 -999.0 -999.0 -999.0 -999.0 -999.0 -999.0 -999.0 -999.0 -999.0 6231.0 -999.0 -1 -999 {-999.0 -999.0 -999.0 -999.0 -999.0} "" -999.0 -999.0 -999.0 -999.0 -999 -999 "" "" "" "" 0 0 0.0 0.0 -999 ""
FIBERMAP 1383 R-9C6 APOGEE 0 0 0 1 0 0 -77.62657464900782 -167.25038256141372 143.1 -77.62657464900782 -167.25038256141372 9.996391 170.01453 -999.0 -999.0 -999.0 -999.0 -999.0 -999.0 -999.0 -999.0 -999.0 -999.0 -999.0 -999.0 16600.0 -999.0 2 165 {-999.0 -999.0 -999.0 -999.0 -999.0} "" -999.0 -999.0 -999.0 -999.0 -999 -999 "" "" "" "" 0 0 0.0 0.0 -999 ""
FIBERMAP 1383 R-9C6 BOSS 0 0 0 1 0 0 -76.88563784005193 -167.23408100305184 143.1 -76.88563784005193 -167.23408100305184 9.996391 170.01453 -999.0 -999.0 -999.0 -999.0 -999.0 -999.0 -999.0 -999.0 -999.0 -999.0 -999.0 -999.0 5400.0 -999.0 1 402 {-999.0 -999.0 -999.0 -999.0 -999.0} "" -999.0 -999.0 -999.0 -999.0 -999 -999 "" "" "" "" 0 0 0.0 0.0 -999 ""
FIBERMAP 1383 R-9C6 METROLOGY 1 0 0 1 0 0 -77.24228202582542 -167.88994942833364 143.1 -77.24228202582542 -167.88994942833364 9.996391 170.01453 -999.0 -999.0 -999.0 -999.0 -999.0 -999.0 -999.0 -999.0 -999.0 -999.0 -999.0 -999.0 6231.0 -999.0 -1 -999 {-999.0 -999.0 -999.0 -999.0 -999.0} "" -999.0 -999.0 -999.0 -999.0 -999 -999 "" "" "" "" 0 0 0.0 0.0 -999 ""
FIBERMAP 1384 R-12C6 APOGEE 0 0 0 1 0 0 -44.00030849635528 -225.2954586914724 143.1 -44.00030849635528 -225.2954586914724 10.003957 170.02058 -999.0 -999.0 -999.0 -999.0 -999.0 -999.0 -999.0 -999.0 -999.0 -999.0 -999.0 -999.0 16600.0 -999.0 2 -999 {-999.0 -999.0 -999.0 -999.0 -999.0} "" -999.0 -999.0 -999.0 -999.0 -999 -999 "" "" "" "" 0 0 0.0 0.0 -999 ""
FIBERMAP 1384 R-12C6 BOSS 0 0 0 1 0 0 -43.260079244206054 -225.29026204942804 143.1 -43.260079244206054 -225.29026204942804 10.003957 170.02058 -999.0 -999.0 -999.0 -999.0 -999.0 -999.0 -999.0 -999.0 -999.0 -999.0 -999.0 -999.0 5400.0 -999.0 1 403 {-999.0 -999.0 -999.0 -999.0 -999.0} "" -999.0 -999.0 -999.0 -999.0 -999 -999 "" "" "" "" 0 0 0.0 0.0 -999 ""
FIBERMAP 1384 R-12C6 METROLOGY 1 0 0 1 0 0 -43.62152827084644 -225.9382553321569 143.1 -43.62152827084644 -225.9382553321569 10.003957 170.02058 -999.0 -999.0 -999.0 -999.0 -999.0 -999.0 -999.0 -999.0 -999.0 -999.0 -999.0 -999.0 6231.0 -999.0 -1 -999 {-999.0 -999.0 -999.0 -999.0 -999.0} "" -999.0 -999.0 -999.0 -999.0 -999 -999 "" "" "" "" 0 0 0.0 0.0 -999 ""
FIBERMAP 1388 R-10C8 APOGEE 0 0 0 1 0 0 -22.256417577940233 -186.66810329940415 143.1 -22.256417577940233 -186.66810329940415 10.003213 170.00967 -999.0 -999.0 -999.0 -999.0 -999.0 -999.0 -999.0 -999.0 -999.0 -999.0 -999.0 -999.0 16600.0 -999.0 2 -999 {-999.0 -999.0 -999.0 -999.0 -999.0} "" -999.0 -999.0 -999.0 -999.0 -999 -999 "" "" "" "" 0 0 0.0 0.0 -999 ""
FIBERMAP 1388 R-10C8 BOSS 0 0 0 1 0 0 -21.482467441255324 -186.6507987842294 143.1 -21.482467441255324 -186.6507987842294 10.003213 170.00967 -999.0 -999.0 -999.0 -999.0 -999.0 -999.0 -999.0 -999.0 -999.0 -999.0 -999.0 -999.0 5400.0 -999.0 1 372 {-999.0 -999.0 -999.0 -999.0 -999.0} "" -999.0 -999.0 -999.0 -999.0 -999 -999 "" "" "" "" 0 0 0.0 0.0 -999 ""
FIBERMAP 1388 R-10C8 METROLOGY 1 0 0 1 0 0 -21.86687540537384 -187.30443566248502 143.1 -21.86687540537384 -187.30443566248502 10.003213 170.00967 -999.0 -999.0 -999.0 -999.0 -999.0 -999.0 -999.0 -999.0 -999.0 -999.0 -999.0 -999.0 6231.0 -999.0 -1 -999 {-999.0 -999.0 -999.0 -999.0 -999.0} "" -999.0 -999.0 -999.0 -999.0 -999 -999 "" "" "" "" 0 0 0.0 0.0 -999 ""
FIBERMAP 1391 R-5C4 APOGEE 0 0 0 1 0 0 -167.41111501039828 -89.49090997700505 143.1 -167.41111501039828 -89.49090997700505 10.006177 170.00146 -999.0 -999.0 -999.0 -999.0 -999.0 -999.0 -999.0 -999.0 -999.0 -999.0 -999.0 -999.0 16600.0 -999.0 2 -999 {-999.0 -999.0 -999.0 -999.0 -999.0} "" -999.0 -999.0 -999.0 -999.0 -999 -999 "" "" "" "" 0 0 0.0 0.0 -999 ""
FIBERMAP 1391 R-5C4 BOSS 0 0 0 1 0 0 -166.65723655968608 -89.47855675870294 143.1 -166.65723655968608 -89.47855675870294 10.006177 170.00146 -999.0 -999.0 -999.0 -999.0 -999.0 -999.0 -999.0 -999.0 -999.0 -999.0 -999.0 -999.0 5400.0 -999.0 1 454 {-999.0 -999.0 -999.0 -999.0 -999.0} "" -999.0 -999.0 -999.0 -999.0 -999 -999 "" "" "" "" 0 0 0.0 0.0 -999 ""
FIBERMAP 1391 R-5C4 METROLOGY 1 0 0 1 0 0 -167.02452821298388 -90.1290421173778 143.1 -167.02452821298388 -90.1290421173778 10.006177 170.00146 -999.0 -999.0 -999.0 -999.0 -999.0 -999.0 -999.0 -999.0 -999.0 -999.0 -999.0 -999.0 6231.0 -999.0 -1 -999 {-999.0 -999.0 -999.0 -999.0 -999.0} "" -999.0 -999.0 -999.0 -999.0 -999 -999 "" "" "" "" 0 0 0.0 0.0 -999 ""
FIBERMAP 1392 R-12C10 APOGEE 0 0 0 1 0 0 45.50766816628216 -225.26084884383252 143.1 45.50766816628216 -225.26084884383252 10.009774 170.002 -999.0 -999.0 -999.0 -999.0 -999.0 -999.0 -999.0 -999.0 -999.0 -999.0 -999.0 -999.0 16600.0 -999.0 2 -999 {-999.0 -999.0 -999.0 -999.0 -999.0} "" -999.0 -999.0 -999.0 -999.0 -999 -999 "" "" "" "" 0 0 0.0 0.0 -999 ""
FIBERMAP 1392 R-12C10 BOSS 0 0 0 1 0 0 46.26886086509313 -225.24416619470966 143.1 46.26886086509313 -225.24416619470966 10.009774 170.002 -999.0 -999.0 -999.0 -999.0 -999.0 -999.0 -999.0 -999.0 -999.0 -999.0 -999.0 -999.0 5400.0 -999.0 1 406 {-999.0 -999.0 -999.0 -999.0 -999.0} "" -999.0 -999.0 -999.0 -999.0 -999 -999 "" "" "" "" 0 0 0.0 0.0 -999 ""
FIBERMAP 1392 R-12C10 METROLOGY 1 0 0 1 0 0 45.89537105933805 -225.89830350671286 143.1 45.89537105933805 -225.89830350671286 10.009774 170.002 -999.0 -999.0 -999.0 -999.0 -999.0 -999.0 -999.0 -999.0 -999.0 -999.0 -999.0 -999.0 6231.0 -999.0 -1 -999 {-999.0 -999.0 -999.0 -999.0 -999.0} "" -999.0 -999.0 -999.0 -999.0 -999 -999 "" "" "" "" 0 0 0.0 0.0 -999 ""
FIBERMAP 1393 R-12C5 APOGEE 0 0 0 1 0 0 -66.40693795100806 -225.24881748171865 143.1 -66.40693795100806 -225.24881748171865 10.010507 170.0032 -999.0 -999.0 -999.0 -999.0 -999.0 -999.0 -999.0 -999.0 -999.0 -999.0 -999.0 -999.0 16600.0 -999.0 2 -999 {-999.0 -999.0 -999.0 -999.0 -999.0} "" -999.0 -999.0 -999.0 -999.0 -999 -999 "" "" "" "" 0 0 0.0 0.0 -999 ""
FIBERMAP 1393 R-12C5 BOSS 0 0 0 1 0 0 -65.65902409787843 -225.24957614617156 143.1 -65.65902409787843 -225.24957614617156 10.010507 170.0032 -999.0 -999.0 -999.0 -999.0 -999.0 -999.0 -999.0 -999.0 -999.0 -999.0 -999.0 -999.0 5400.0 -999.0 1 352 {-999.0 -999.0 -999.0 -999.0 -999.0} "" -999.0 -999.0 -999.0 -999.0 -999 -999 "" "" "" "" 0 0 0.0 0.0 -999 ""
FIBERMAP 1393 R-12C5 METROLOGY 1 0 0 1 0 0 -66.03378304957909 -225.8948959599636 143.1 -66.03378304957909 -225.8948959599636 10.010507 170.0032 -999.0 -999.0 -999.0 -999.0 -999.0 -999.0 -999.0 -999.0 -999.0 -999.0 -999.0 -999.0 6231.0 -999.0 -1 -999 {-999.0 -999.0 -999.0 -999.0 -999.0} "" -999.0 -999.0 -999.0 -999.0 -999 -999 "" "" "" "" 0 0 0.0 0.0 -999 ""
FIBERMAP 1395 R+4C20 APOGEE 0 0 0 1 0 0 179.9808400120968 85.1998363901696 143.1 179.9808400120968 85.1998363901696 10.015718 169.99915 -999.0 -999.0 -999.0 -999.0 -999.0 -999.0 -999.0 -999.0 -999.0 -999.0 -999.0 -999.0 16600.0 -999.0 2 -999 {-999.0 -999.0 -999.0 -999.0 -999.0} "" -999.0 -999.0 -999.0 -999.0 -999 -999 "" "" "" "" 0 0 0.0 0.0 -999 ""
FIBERMAP 1395 R+4C20 BOSS 0 0 0 1 0 0 180.73572691151008 85.20355032903164 143.1 180.73572691151008 85.20355032903164 10.015718 169.99915 -999.0 -999.0 -999.0 -999.0 -999.0 -999.0 -999.0 -999.0 -999.0 -999.0 -999.0 -999.0 5400.0 -999.0 1 205 {-999.0 -999.0 -999.0 -999.0 -999.0} "" -999.0 -999.0 -999.0 -999.0 -999 -999 "" "" "" "" 0 0 0.0 0.0 -999 ""
FIBERMAP 1395 R+4C20 METROLOGY 1 0 0 1 0 0 180.3554156957348 84.55458059768189 143.1 180.3554156957348 84.55458059768189 10.015718 169.99915 -999.0 -999.0 -999.0 -999.0 -999.0 -999.0 -999.0 -999.0 -999.0 -999.0 -999.0 -999.0 6231.0 -999.0 -1 -999 {-999.0 -999.0 -999.0 -999.0 -999.0} "" -999.0 -999.0 -999.0 -999.0 -999 -999 "" "" "" "" 0 0 0.0 0.0 -999 ""
FIBERMAP 1396 R0C3 APOGEE 0 0 0 1 0 0 -245.55689819294764 7.509807833253367 143.1 -245.55689819294764 7.509807833253367 10.004586 170.01427 -999.0 -999.0 -999.0 -999.0 -999.0 -999.0 -999.0 -999.0 -999.0 -999.0 -999.0 -999.0 16600.0 -999.0 2 297 {-999.0 -999.0 -999.0 -999.0 -999.0} "" -999.0 -999.0 -999.0 -999.0 -999 -999 "" "" "" "" 0 0 0.0 0.0 -999 ""
FIBERMAP 1396 R0C3 BOSS 0 0 0 1 0 0 -244.81415808576836 7.508783238083913 143.1 -244.81415808576836 7.508783238083913 10.004586 170.01427 -999.0 -999.0 -999.0 -999.0 -999.0 -999.0 -999.0 -999.0 -999.0 -999.0 -999.0 -999.0 5400.0 -999.0 1 422 {-999.0 -999.0 -999.0 -999.0 -999.0} "" -999.0 -999.0 -999.0 -999.0 -999 -999 "" "" "" "" 0 0 0.0 0.0 -999 ""
FIBERMAP 1396 R0C3 METROLOGY 1 0 0 1 0 0 -245.17274035232148 6.8626763538782924 143.1 -245.17274035232148 6.8626763538782924 10.004586 170.01427 -999.0 -999.0 -999.0 -999.0 -999.0 -999.0 -999.0 -999.0 -999.0 -999.0 -999.0 -999.0 6231.0 -999.0 -1 -999 {-999.0 -999.0 -999.0 -999.0 -999.0} "" -999.0 -999.0 -999.0 -999.0 -999 -999 "" "" "" "" 0 0 0.0 0.0 -999 ""
FIBERMAP 1400 R-5C13 APOGEE 0 0 0 1 0 0 34.28355645265228 -89.52386989719852 143.1 34.28355645265228 -89.52386989719852 10.012641 169.99255 -999.0 -999.0 -999.0 -999.0 -999.0 -999.0 -999.0 -999.0 -999.0 -999.0 -999.0 -999.0 16600.0 -999.0 2 155 {-999.0 -999.0 -999.0 -999.0 -999.0} "" -999.0 -999.0 -999.0 -999.0 -999 -999 "" "" "" "" 0 0 0.0 0.0 -999 ""
FIBERMAP 1400 R-5C13 BOSS 0 0 0 1 0 0 35.02952895644386 -89.49924970548824 143.1 35.02952895644386 -89.49924970548824 10.012641 169.99255 -999.0 -999.0 -999.0 -999.0 -999.0 -999.0 -999.0 -999.0 -999.0 -999.0 -999.0 -999.0 5400.0 -999.0 1 379 {-999.0 -999.0 -999.0 -999.0 -999.0} "" -999.0 -999.0 -999.0 -999.0 -999 -999 "" "" "" "" 0 0 0.0 0.0 -999 ""
FIBERMAP 1400 R-5C13 METROLOGY 1 0 0 1 0 0 34.683892219218954 -90.15736323443541 143.1 34.683892219218954 -90.15736323443541 10.012641 169.99255 -999.0 -999.0 -999.0 -999.0 -999.0 -999.0 -999.0 -999.0 -999.0 -999.0 -999.0 -999.0 6231.0 -999.0 -1 -999 {-999.0 -999.0 -999.0 -999.0 -999.0} "" -999.0 -999.0 -999.0 -999.0 -999 -999 "" "" "" "" 0 0 0.0 0.0 -999 ""
