#%yanny
#
# confSummaryFS-25865.par
#
# Created by pydl.pydlutils.yanny.yanny
#
# 2026-03-31 14:05:20 UTC
#
configuration_id 25865
robostrategy_run iota-1
fps_calibrations_version 2025.12.04
jaeger_version 1.11.0
coordio_version 1.18.1
kaiju_version 1.4.1
design_id 752975
field_id 100572
focal_scale 0.999838
instruments BOSS APOGEE
epoch 2461130.978503311
obstime Tue Mar 31 11:24:15 2026
MJD 61130
observatory APO
temperature 8.575395977660449
raCen 279.872883791543
decCen -10.5732369433246
pa 27.174927
is_dithered 0
parent_configuration -999
dither_radius -999.0
cloned_from -999
rotator_angle 236.76
fvc_centroid_method flex
fvc_rms 0.0098
fvc_90_perc 0.0096
fvc_percent_reached 60.1
fvc_image_path /data/fcam/61130/proc-fimg-fvc1n-0042.fits

typedef enum {
    BOSS,
    APOGEE,
    METROLOGY,
    NONE
} FIBERTYPE;

typedef struct {
    short positionerId;
    char holeId[28];
    FIBERTYPE fiberType;
    short assigned;
    short on_target;
    short disabled;
    short valid;
    short decollided;
    short too;
    double xwok;
    double ywok;
    double zwok;
    double xFocal;
    double yFocal;
    float alpha;
    float beta;
    double racat;
    double deccat;
    float pmra;
    float pmdec;
    float parallax;
    double ra;
    double dec;
    double ra_observed;
    double dec_observed;
    double alt_observed;
    double az_observed;
    float lambda_design;
    float lambda_eff;
    float coord_epoch;
    short spectrographId;
    short fiberId;
    float mag[5];
    char optical_prov[92];
    float bp_mag;
    float gaia_g_mag;
    float rp_mag;
    float h_mag;
    long catalogid;
    long carton_to_target_pk;
    char cadence[76];
    char firstcarton[160];
    char program[48];
    char category[60];
    long sdssv_boss_target0;
    long sdssv_apogee_target0;
    double delta_ra;
    double delta_dec;
    long too_id;
    char too_program[4];
} FIBERMAP;

FIBERMAP 3 R-1C14 APOGEE 1 1 0 1 0 0 16.785815278517887 -38.24910940504632 143.1 -2.5353538854332345 -41.68650488741128 332.98352 59.808815 279.8605679983956 -10.762990231712608 -2.6509778 -3.7899287 0.087391794 279.86057214681585 -10.76301478168085 279.88182795258035 -10.729249468697954 40.35714970358493 146.87526823594754 16000.0 16600.0 2016.0 2 214 {-999.0 20.198128 17.205732 14.301929 -999.0} sdss_psfmag_ps1 18.456757 14.568105 12.981513 8.328 63050395539340339 1153918317 bright_1x1 mwm_galactic_core_dist_apogee_sparse mwm_galactic science 0 0 0.0 0.0 -999 ""
FIBERMAP 3 R-1C14 BOSS 0 0 0 1 0 0 16.182903837425712 -38.673417561910384 143.1 -3.265380671264841 -41.788604922563536 332.98352 59.808815 -999.0 -999.0 -999.0 -999.0 -999.0 279.85729714011774 -10.763706928201385 279.87844196033814 -10.729737665467292 40.35827399732076 146.87942679495256 -999.0 5400.0 -999.0 1 263 {-999.0 -999.0 -999.0 -999.0 -999.0} "" -999.0 -999.0 -999.0 -999.0 -999 -999 "" "" "" "" 0 0 0.0 0.0 -999 ""
FIBERMAP 3 R-1C14 METROLOGY 0 0 0 1 0 0 16.111658403943466 -37.92646754645793 143.1 -2.9876682207464405 -41.09168051370538 332.98352 59.808815 -999.0 -999.0 -999.0 -999.0 -999.0 279.85856131377216 -10.76047059443953 279.8797298746737 -10.726559826558109 40.36049115227122 146.87600862625288 -999.0 6231.0 -999.0 -1 -999 {-999.0 -999.0 -999.0 -999.0 -999.0} "" -999.0 -999.0 -999.0 -999.0 -999 -999 "" "" "" "" 0 0 0.0 0.0 -999 ""
FIBERMAP 16 R+7C7 APOGEE 1 1 0 1 0 0 -84.26766638196533 150.76057318282113 143.1 -6.11124011971799 172.57687764865662 132.87944 92.74613 279.84655511309245 -9.788659217626435 -4.3392935 -8.564537 0.2952809 279.8465690162439 -9.78868985518343 279.8654141434168 -9.755454881982947 41.223975731365584 146.28878287020413 16000.0 16600.0 2016.0 2 102 {-999.0 21.085295 17.78319 15.893945 -999.0} sdss_psfmag_ps1 19.145752 16.40333 14.961503 10.75 63050395539769870 1153919806 bright_1x1 mwm_galactic_core_dist_apogee_sparse mwm_galactic science 0 0 0.0 0.0 -999 ""
FIBERMAP 16 R+7C7 BOSS 0 0 0 1 0 0 -83.75756756771656 151.2921238750743 143.1 -5.414796924138202 172.8167484019784 132.87944 92.74613 -999.0 -999.0 -999.0 -999.0 -999.0 279.8498931168884 -9.787763546201727 279.8686225388199 -9.754315259267798 41.22348203141512 146.28436262961242 -999.0 5400.0 -999.0 1 76 {-999.0 -999.0 -999.0 -999.0 -999.0} "" -999.0 -999.0 -999.0 -999.0 -999 -999 "" "" "" "" 0 0 0.0 0.0 -999 ""
FIBERMAP 16 R+7C7 METROLOGY 0 0 0 1 0 0 -83.54063672811837 150.58590645807976 143.1 -5.544326338926582 172.0895294979293 132.87944 92.74613 -999.0 -999.0 -999.0 -999.0 -999.0 279.84925551164713 -9.790999946354074 279.8680249481729 -9.757609812146763 41.22085926850842 146.28712660942458 -999.0 6231.0 -999.0 -1 -999 {-999.0 -999.0 -999.0 -999.0 -999.0} "" -999.0 -999.0 -999.0 -999.0 -999 -999 "" "" "" "" 0 0 0.0 0.0 -999 ""
FIBERMAP 37 R-9C9 APOGEE 1 1 0 1 0 0 -17.171967767462604 -160.58225547514672 143.1 -88.60141513152958 -134.99213589538144 128.78618 99.661 279.4607332782004 -11.185447310157151 -0.2316308 -6.4967685 0.09782463 279.46072194316724 -11.185481081078406 279.48321798361036 -11.152545709845977 40.16349625438602 147.58682086865653 16000.0 16600.0 2016.0 2 167 {-999.0 20.482975 17.228462 14.362895 -999.0} sdss_psfmag_ps1 18.657896 14.785748 13.230485 8.678 63050395430562813 1153725084 bright_1x1 mwm_galactic_core_dist_apogee_sparse mwm_galactic science 0 0 0.0 0.0 -999 ""
FIBERMAP 37 R-9C9 BOSS 0 0 0 1 0 0 -16.681509238101924 -160.02887530368494 143.1 -87.91247332604229 -134.7238799919311 128.78618 99.661 -999.0 -999.0 -999.0 -999.0 -999.0 279.4639918057322 -11.184548596878322 279.48637079122125 -11.151390459509665 40.16310121335321 147.58253114600828 -999.0 5400.0 -999.0 1 376 {-999.0 -999.0 -999.0 -999.0 -999.0} "" -999.0 -999.0 -999.0 -999.0 -999 -999 "" "" "" "" 0 0 0.0 0.0 -999 ""
FIBERMAP 37 R-9C9 METROLOGY 0 0 0 1 0 0 -16.44363704623954 -160.74755228902816 143.1 -88.02906546121 -135.47174388337712 128.78618 99.661 -999.0 -999.0 -999.0 -999.0 -999.0 279.46342164090794 -11.18786317861135 279.4858412350885 -11.154765635122963 40.160342066330074 147.5851641026781 -999.0 6231.0 -999.0 -1 -999 {-999.0 -999.0 -999.0 -999.0 -999.0} "" -999.0 -999.0 -999.0 -999.0 -999 -999 "" "" "" "" 0 0 0.0 0.0 -999 ""
FIBERMAP 40 R+12C6 APOGEE 0 0 0 1 0 0 -49.236038323171364 215.84051573961074 143.1 54.76617802038266 214.46702093680142 285.05304 82.86269 -999.0 -999.0 -999.0 -999.0 -999.0 280.12710249614264 -9.600872210177878 280.1453545758372 -9.566996831090867 41.25829868652853 145.84671080263695 -999.0 16600.0 -999.0 2 -999 {-999.0 -999.0 -999.0 -999.0 -999.0} "" -999.0 -999.0 -999.0 -999.0 -999 -999 "" "" "" "" 0 0 0.0 0.0 -999 ""
FIBERMAP 40 R+12C6 BOSS 1 1 0 1 0 0 -49.98082060537009 215.71387079836097 143.1 54.045884413365684 214.6944672031225 285.05304 82.86269 280.12390136718744 -9.599979383372727 -999.0 -999.0 -999.0 280.12391343666445 -9.600001630813706 280.14205193815417 -9.565930861826075 41.26079361627438 145.8498355870183 5400.0 5400.0 2015.5 1 156 {-999.0 -999.0 -999.0 -999.0 -999.0} "" -999.0 -999.0 -999.0 -999.0 27021603148708365 852779797 "" ops_sky_boss_fallback ops_sky sky_boss 0 0 0.0 0.0 -999 ""
FIBERMAP 40 R+12C6 METROLOGY 0 0 0 1 0 0 -49.71593104422871 216.41179934412602 143.1 54.600194693568554 215.19429748108072 285.05304 82.86269 -999.0 -999.0 -999.0 -999.0 -999.0 280.1264254026881 -9.59771823995661 280.1445890952855 -9.563699903376298 41.26155461547416 145.84549272076103 -999.0 6231.0 -999.0 -1 -999 {-999.0 -999.0 -999.0 -999.0 -999.0} "" -999.0 -999.0 -999.0 -999.0 -999 -999 "" "" "" "" 0 0 0.0 0.0 -999 ""
FIBERMAP 52 R+5C17 APOGEE 0 0 0 1 0 0 113.84232265509317 86.5743896613925 143.1 140.79245001054852 25.021159945247167 233.91953 112.49886 -999.0 -999.0 -999.0 -999.0 -999.0 280.52427132879154 -10.460308161450289 280.54446254105125 -10.424959834234333 40.31688386267936 145.93355734830843 -999.0 16600.0 -999.0 2 -999 {-999.0 -999.0 -999.0 -999.0 -999.0} "" -999.0 -999.0 -999.0 -999.0 -999 -999 "" "" "" "" 0 0 0.0 0.0 -999 ""
FIBERMAP 52 R+5C17 BOSS 1 1 0 1 0 0 113.1336607551578 86.74841843821287 143.1 140.24158252707815 25.49955330556403 233.91953 112.49886 280.52187968686604 -10.458303012114591 -0.24897555 -1.6081623 0.18041408 280.5219061168291 -10.458330300591154 280.5419765220207 -10.422778169824975 40.31997000805394 145.93500203831022 5400.0 5400.0 2016.0 1 206 {-999.0 16.622042 15.606568 15.159365 -999.0} sdss_psfmag_ps1 16.228136 15.521901 14.690082 13.232 63050395432225572 1093366217 bright_3x1 mwm_astar_core_boss mwm_ob science 0 0 0.0 0.0 -999 ""
FIBERMAP 52 R+5C17 METROLOGY 0 0 0 1 0 0 113.62723532689951 87.28881210068334 143.1 140.92736587522896 25.754835177278785 233.91953 112.49886 -999.0 -999.0 -999.0 -999.0 -999.0 280.52502170254996 -10.457115171181206 280.54512077979194 -10.421615306281554 40.31950978437104 145.93071112713835 -999.0 6231.0 -999.0 -1 -999 {-999.0 -999.0 -999.0 -999.0 -999.0} "" -999.0 -999.0 -999.0 -999.0 -999 -999 "" "" "" "" 0 0 0.0 0.0 -999 ""
FIBERMAP 56 R-8C4 APOGEE 0 0 0 1 0 0 -137.19143297918598 -141.20617480646254 143.1 -186.50760236899848 -62.95260045525055 111.055504 106.992905 -999.0 -999.0 -999.0 -999.0 -999.0 279.00992564023085 -10.855496942433684 279.0318081148638 -10.823913995481703 40.65835071160908 147.9071426819315 -999.0 16600.0 -999.0 2 -999 {-999.0 -999.0 -999.0 -999.0 -999.0} "" -999.0 -999.0 -999.0 -999.0 -999 -999 "" "" "" "" 0 0 0.0 0.0 -999 ""
FIBERMAP 56 R-8C4 BOSS 1 1 0 1 0 0 -136.58121890174118 -140.7489396843128 143.1 -185.7560444968209 -62.824547436900765 111.055504 106.992905 279.01345736963606 -10.855154360159826 -0.89821994 -2.2311995 1.0374929 279.0134368836419 -10.855170663288918 279.0352069196127 -10.823367150608156 40.65731918670604 147.90289582643337 5400.0 5400.0 2016.0 1 452 {-999.0 20.358171 18.53811 17.53157 -999.0} sdss_psfmag_ps1 19.534344 18.173422 17.06195 14.588 63050395538971625 1096141463 bright_1x1 mwm_bin_vis_boss mwm_filler science 0 0 0.0 0.0 -999 ""
FIBERMAP 56 R-8C4 METROLOGY 0 0 0 1 0 0 -136.4958973381177 -141.4761602736928 143.1 -186.01222748070091 -63.51035071897377 111.055504 106.992905 -999.0 -999.0 -999.0 -999.0 -999.0 279.01223090992494 -10.858209858205422 279.0340402666388 -10.826467879187268 40.655079072859735 147.9061001995183 -999.0 6231.0 -999.0 -1 -999 {-999.0 -999.0 -999.0 -999.0 -999.0} "" -999.0 -999.0 -999.0 -999.0 -999 -999 "" "" "" "" 0 0 0.0 0.0 -999 ""
FIBERMAP 59 R+4C8 APOGEE 0 0 0 1 0 0 -73.16395266198549 75.48924552829435 143.1 -30.606294239517215 100.55478351280308 19.272713 83.299706 -999.0 -999.0 -999.0 -999.0 -999.0 279.732411200241 -10.114857715440907 279.75211731088393 -10.08175795513307 40.988897609090486 146.62365740806598 -999.0 16600.0 -999.0 2 -999 {-999.0 -999.0 -999.0 -999.0 -999.0} "" -999.0 -999.0 -999.0 -999.0 -999 -999 "" "" "" "" 0 0 0.0 0.0 -999 ""
FIBERMAP 59 R+4C8 BOSS 1 1 0 1 0 0 -72.93584680131303 74.76866910949941 143.1 -30.732440601957688 99.8096897736466 19.272713 83.299706 279.7319170130866 -10.118399703880655 -2.2516308 -5.9949937 0.15669145 279.7319128565366 -10.118402138894941 279.75151594853236 -10.085094631645912 40.98623033119929 146.62642663506276 5400.0 5400.0 2016.0 1 33 {-999.0 16.410248 15.574138 15.245536 -999.0} sdss_psfmag_ps1 16.107653 15.500175 14.7305155 13.445 63050395539632738 1093370483 bright_3x1 mwm_astar_core_boss mwm_ob science 0 0 0.0 0.0 -999 ""
FIBERMAP 59 R+4C8 METROLOGY 0 0 0 1 0 0 -73.66089356390827 74.93272803485144 143.1 -31.302434545209533 100.2866971248052 19.272713 83.299706 -999.0 -999.0 -999.0 -999.0 -999.0 279.72925614101507 -10.11617780857294 279.7488867010389 -10.082937130458463 40.989351071766066 146.62811112301603 -999.0 6231.0 -999.0 -1 -999 {-999.0 -999.0 -999.0 -999.0 -999.0} "" -999.0 -999.0 -999.0 -999.0 -999 -999 "" "" "" "" 0 0 0.0 0.0 -999 ""
FIBERMAP 63 R+5C19 APOGEE 0 0 0 1 0 0 161.90116787960594 109.9001535891281 143.1 194.19080956449767 23.823442969497705 124.63257 108.007065 -999.0 -999.0 -999.0 -999.0 -999.0 280.76965621507657 -10.465997440873299 280.78974423557423 -10.43000394898901 40.196518806914355 145.65954109689358 -999.0 16600.0 -999.0 2 -999 {-999.0 -999.0 -999.0 -999.0 -999.0} "" -999.0 -999.0 -999.0 -999.0 -999 -999 "" "" "" "" 0 0 0.0 0.0 -999 ""
FIBERMAP 63 R+5C19 BOSS 1 1 0 1 0 0 162.3489927673424 110.5043373131451 143.1 194.86502859508266 24.15635521996363 124.63257 108.007065 280.7729387087922 -10.464679007727424 -0.51516795 -2.6756635 0.19233544 280.7729121724968 -10.464693921415927 280.79287700689525 -10.428481106682495 40.19636667573896 145.6550460914857 5400.0 5400.0 2016.0 1 204 {-999.0 16.884676 15.7257185 15.151363 -999.0} sdss_psfmag_ps1 16.44464 15.74907 14.71614 12.984 63050395432175968 1093366203 bright_3x1 mwm_astar_core_boss mwm_ob science 0 0 0.0 0.0 -999 ""
FIBERMAP 63 R+5C19 METROLOGY 0 0 0 1 0 0 162.6413428611362 109.80632940659238 143.1 194.80633125738183 23.40199940005075 124.63257 108.007065 -999.0 -999.0 -999.0 -999.0 -999.0 280.7726045891507 -10.468059921718877 280.7926114300995 -10.431906098034576 40.19349246035291 145.65750843621743 -999.0 6231.0 -999.0 -1 -999 {-999.0 -999.0 -999.0 -999.0 -999.0} "" -999.0 -999.0 -999.0 -999.0 -999 -999 "" "" "" "" 0 0 0.0 0.0 -999 ""
FIBERMAP 65 R+5C14 APOGEE 1 1 0 1 0 0 53.59146115662851 78.16086510838521 143.1 83.3590766157559 45.05019675015637 305.318 67.80304 280.2591776664863 -10.3687022621111 -5.4941883 -5.884297 0.12976779 280.2591625091506 -10.368711058126236 280.2792526393538 -10.334103500926375 40.52124695014297 146.17768487511336 16000.0 16600.0 2016.0 2 41 {-999.0 17.679955 15.18828 14.005939 -999.0} sdss_psfmag_ps1 16.289106 14.598239 13.354805 10.043 63050395539466938 1153918582 bright_1x1 mwm_galactic_core_dist_apogee_sparse mwm_galactic science 0 0 0.0 0.0 -999 ""
FIBERMAP 65 R+5C14 BOSS 0 0 0 1 0 0 52.86755474566708 77.99485990322034 143.1 82.63937825423564 45.23310050914136 305.318 67.80304 -999.0 -999.0 -999.0 -999.0 -999.0 280.2559925683028 -10.368059350979212 280.2759671758399 -10.333250513989686 40.523534921583455 146.1808910131726 -999.0 5400.0 -999.0 1 159 {-999.0 -999.0 -999.0 -999.0 -999.0} "" -999.0 -999.0 -999.0 -999.0 -999 -999 "" "" "" "" 0 0 0.0 0.0 -999 ""
FIBERMAP 65 R+5C14 METROLOGY 0 0 0 1 0 0 53.07430468116983 78.69819113672558 143.1 83.14444200835683 45.76428489712247 305.318 67.80304 -999.0 -999.0 -999.0 -999.0 -999.0 280.2582884746541 -10.365590663171435 280.2782885890831 -10.330836569445138 40.52457167082244 146.1767375353491 -999.0 6231.0 -999.0 -1 -999 {-999.0 -999.0 -999.0 -999.0 -999.0} "" -999.0 -999.0 -999.0 -999.0 -999 -999 "" "" "" "" 0 0 0.0 0.0 -999 ""
FIBERMAP 71 R-4C9 APOGEE 1 1 0 1 0 0 -76.84278321853427 -65.03502864411328 143.1 -98.0467690233967 -22.757770062694757 147.77231 94.578995 279.41827708100533 -10.675177525318874 -3.214091 -6.9002466 -0.247732 279.4183054530034 -10.675195450998993 279.43954952702586 -10.64263417753225 40.63584089322875 147.32836595188311 16000.0 16600.0 2016.0 2 270 {-999.0 23.501747 19.353859 16.453865 -999.0} sdss_psfmag_ps1 20.747053 16.651464 15.053162 9.99 63050395538945242 1153915301 bright_1x1 mwm_galactic_core_dist_apogee_sparse mwm_galactic science 0 0 0.0 0.0 -999 ""
FIBERMAP 71 R-4C9 BOSS 0 0 0 1 0 0 -76.4900324597332 -64.3755489345786 143.1 -97.43186572259484 -22.332259425728353 147.77231 94.578995 -999.0 -999.0 -999.0 -999.0 -999.0 279.42121897985004 -10.673492679506637 279.4423457415585 -10.640713819502011 40.63627476623619 147.32398516454458 -999.0 5400.0 -999.0 1 462 {-999.0 -999.0 -999.0 -999.0 -999.0} "" -999.0 -999.0 -999.0 -999.0 -999 -999 "" "" "" "" 0 0 0.0 0.0 -999 ""
FIBERMAP 71 R-4C9 METROLOGY 0 0 0 1 0 0 -76.09871268405936 -65.00957909105671 143.1 -97.37331782012062 -23.074901804811343 147.77231 94.578995 -999.0 -999.0 -999.0 -999.0 -999.0 279.42145533691723 -10.67681355248255 279.4426219131603 -10.644092101949926 40.63315311466938 147.32572425427583 -999.0 6231.0 -999.0 -1 -999 {-999.0 -999.0 -999.0 -999.0 -999.0} "" -999.0 -999.0 -999.0 -999.0 -999 -999 "" "" "" "" 0 0 0.0 0.0 -999 ""
FIBERMAP 78 R-5C11 APOGEE 1 1 0 1 0 0 6.741103194959411 -100.11257561161065 143.1 -39.718850264327614 -92.12557431795199 28.418398 73.76299 279.6875476050918 -10.99205110833017 -7.062851 -6.523579 0.13788065 279.68755215491296 -10.992037493604746 279.7094591363683 -10.958607593274243 40.23303614715905 147.21173737339615 16000.0 16600.0 2016.0 2 160 {-999.0 18.266523 15.864705 14.858134 -999.0} sdss_psfmag_ps1 17.02646 15.381905 14.15371 10.976 63050395430648250 1153725437 bright_1x1 mwm_galactic_core_dist_apogee_sparse mwm_galactic science 0 0 0.0 0.0 -999 ""
FIBERMAP 78 R-5C11 BOSS 0 0 0 1 0 0 6.902181730723889 -100.8315587565444 143.1 -39.90388802476125 -92.8386438830951 28.418398 73.76299 -999.0 -999.0 -999.0 -999.0 -999.0 279.6867799909412 -10.995534963709828 279.7085821335362 -10.961891658517656 40.23052602131108 147.21473169088387 -999.0 5400.0 -999.0 1 366 {-999.0 -999.0 -999.0 -999.0 -999.0} "" -999.0 -999.0 -999.0 -999.0 -999 -999 "" "" "" "" 0 0 0.0 0.0 -999 ""
FIBERMAP 78 R-5C11 METROLOGY 0 0 0 1 0 0 6.190620929631066 -100.61403875935646 143.1 -40.43747440062857 -92.32024255254062 28.418398 73.76299 -999.0 -999.0 -999.0 -999.0 -999.0 279.6842831110471 -10.993099309013461 279.70611266406553 -10.959524362223327 40.233747729492876 147.21610705867627 -999.0 6231.0 -999.0 -1 -999 {-999.0 -999.0 -999.0 -999.0 -999.0} "" -999.0 -999.0 -999.0 -999.0 -999 -999 "" "" "" "" 0 0 0.0 0.0 -999 ""
FIBERMAP 86 R-12C11 APOGEE 0 0 0 1 0 0 75.6905509037497 -246.60006105217659 143.1 -45.28149973338946 -253.90682929918512 324.41013 93.823494 -999.0 -999.0 -999.0 -999.0 -999.0 279.6606220639368 -11.721961851215536 279.68436141791335 -11.688221110114242 39.59710630305207 147.67917569030217 -999.0 16600.0 -999.0 2 -999 {-999.0 -999.0 -999.0 -999.0 -999.0} "" -999.0 -999.0 -999.0 -999.0 -999 -999 "" "" "" "" 0 0 0.0 0.0 -999 ""
FIBERMAP 86 R-12C11 BOSS 1 1 0 1 0 0 75.2885043362169 -247.2306679460598 143.1 -45.92706595659902 -254.2841481933612 324.41013 93.823494 279.65773184018144 -11.723845850230784 -1.8799531 -4.1595016 0.2243116 279.6577507345112 -11.723862085656364 279.6813806263833 -11.689908808936213 39.59694699844424 147.6835466028837 5400.0 5400.0 2016.0 1 407 {-999.0 17.632103 15.722958 14.819382 -999.0} sdss_psfmag_ps1 16.624891 15.387629 14.237088 11.25 63050395430281875 1093585663 bright_1x1 mwm_astar_core_boss_single mwm_ob science 0 0 0.0 0.0 -999 ""
FIBERMAP 86 R-12C11 METROLOGY 0 0 0 1 0 0 74.94479416128445 -246.5775030917317 143.1 -45.93452887612421 -253.54622622740357 324.41013 93.823494 -999.0 -999.0 -999.0 -999.0 -999.0 279.65768620851105 -11.720502713587832 279.68134050909873 -11.686613480676847 39.59989261645656 147.68162862813998 -999.0 6231.0 -999.0 -1 -999 {-999.0 -999.0 -999.0 -999.0 -999.0} "" -999.0 -999.0 -999.0 -999.0 -999 -999 "" "" "" "" 0 0 0.0 0.0 -999 ""
FIBERMAP 97 R-4C15 APOGEE 1 1 0 1 0 0 53.379687047993926 -62.91260122581832 143.1 18.751671967293206 -80.33402620457167 185.18735 53.169476 279.9588594907267 -10.939198752023238 0.5891352 -1.7194886 0.26004347 279.95886998225063 -10.93920757534867 279.98051705927594 -10.905093851229667 40.15638578816828 146.87080901264636 16000.0 16600.0 2016.0 2 191 {-999.0 20.662357 17.44758 14.658519 -999.0} sdss_psfmag_ps1 18.813808 14.409304 12.772477 7.574 63050395430658956 1153725215 bright_1x1 mwm_galactic_core_dist_apogee_sparse mwm_galactic science 0 0 0.0 0.0 -999 ""
FIBERMAP 97 R-4C15 BOSS 0 0 0 1 0 0 53.760052803597425 -62.27885673181527 143.1 19.379386448067862 -79.94401629165142 185.18735 53.169476 -999.0 -999.0 -999.0 -999.0 -999.0 279.9619106056371 -10.93769459025882 279.983437240938 -10.903360045301014 40.15657586736873 146.86643174592123 -999.0 5400.0 -999.0 1 314 {-999.0 -999.0 -999.0 -999.0 -999.0} "" -999.0 -999.0 -999.0 -999.0 -999 -999 "" "" "" "" 0 0 0.0 0.0 -999 ""
FIBERMAP 97 R-4C15 METROLOGY 0 0 0 1 0 0 54.127234747832865 -62.92993640251197 143.1 19.408679021020358 -80.69080156865489 185.18735 53.169476 -999.0 -999.0 -999.0 -999.0 -999.0 279.9620036396839 -10.941024199927796 279.98357115452404 -10.906748213720098 40.15352020663862 146.86835462998874 -999.0 6231.0 -999.0 -1 -999 {-999.0 -999.0 -999.0 -999.0 -999.0} "" -999.0 -999.0 -999.0 -999.0 -999 -999 "" "" "" "" 0 0 0.0 0.0 -999 ""
FIBERMAP 103 R-8C3 APOGEE 1 1 0 1 0 0 -142.6550427980413 -160.90900288823244 143.1 -200.36432605002608 -77.98284454748966 354.78525 100.21965 278.9462089764057 -10.923095849876107 -2.105196 -4.5245895 -0.10693098 278.9462136686174 -10.923120110455601 278.9682944436698 -10.891669550207785 40.62631659217727 148.0209357833154 16000.0 16600.0 2016.0 2 267 {-999.0 23.123682 21.180796 17.053509 -999.0} sdss_psfmag_ps1 22.092117 16.666735 14.945328 8.628 63050395538970124 1153915087 bright_1x1 mwm_galactic_core_dist_apogee_sparse mwm_galactic science 0 0 0.0 0.0 -999 ""
FIBERMAP 103 R-8C3 BOSS 0 0 0 1 0 0 -142.5684159438661 -161.64258345280209 143.1 -200.62225219949792 -78.6749008916181 354.78525 100.21965 -999.0 -999.0 -999.0 -999.0 -999.0 278.94509320479926 -10.926473442976983 278.9670730609692 -10.894812152967507 40.624059615420755 148.02422187468164 -999.0 5400.0 -999.0 1 476 {-999.0 -999.0 -999.0 -999.0 -999.0} "" -999.0 -999.0 -999.0 -999.0 -999 -999 "" "" "" "" 0 0 0.0 0.0 -999 ""
FIBERMAP 103 R-8C3 METROLOGY 0 0 0 1 0 0 -143.26336222016613 -161.35658044108675 143.1 -201.10978869788332 -78.10317259176861 354.78525 100.21965 -999.0 -999.0 -999.0 -999.0 -999.0 278.9428432041126 -10.923799647982731 278.96484854749616 -10.892205712052531 40.62737322853857 148.0252298102392 -999.0 6231.0 -999.0 -1 -999 {-999.0 -999.0 -999.0 -999.0 -999.0} "" -999.0 -999.0 -999.0 -999.0 -999 -999 "" "" "" "" 0 0 0.0 0.0 -999 ""
FIBERMAP 107 R-3C24 APOGEE 1 1 0 1 0 0 262.3909098082897 -40.55363494512403 143.1 214.87122340782096 -155.88812057499004 112.31471 73.1293 280.86233728773516 -11.27953345372876 2.0257564 -0.30876166 0.2955573 280.8623661331909 -11.27954329759881 280.8844192254635 -11.242884930184431 39.43893676640608 146.06187120206374 16000.0 16600.0 2016.0 2 222 {-999.0 14.884024 13.408263 12.731335 -999.0} sdss_psfmag_from_g3xp 14.267046 13.285985 12.311212 10.067 63050395431004697 1152173713 bright_1x1 mwm_galactic_core_dist_apogee_sparse mwm_galactic science 0 0 0.0 0.0 -999 ""
FIBERMAP 107 R-3C24 BOSS 0 0 0 1 0 0 263.1309929946314 -40.48472305161357 143.1 215.5609743878046 -156.1647730121105 112.31471 73.1293 -999.0 -999.0 -999.0 -999.0 -999.0 280.86563355462516 -11.280985686107362 280.8875675693298 -11.24410027091999 39.43639161996764 146.05911398557018 -999.0 5400.0 -999.0 1 253 {-999.0 -999.0 -999.0 -999.0 -999.0} "" -999.0 -999.0 -999.0 -999.0 -999 -999 "" "" "" "" 0 0 0.0 0.0 -999 ""
FIBERMAP 107 R-3C24 METROLOGY 0 0 0 1 0 0 262.8162289123621 -41.16731191991443 143.1 214.96930673635094 -156.62818463731358 112.31471 73.1293 -999.0 -999.0 -999.0 -999.0 -999.0 280.86288112315526 -11.283029039557471 280.88485585763436 -11.246211455635885 39.43581106242685 146.06344594040746 -999.0 6231.0 -999.0 -1 -999 {-999.0 -999.0 -999.0 -999.0 -999.0} "" -999.0 -999.0 -999.0 -999.0 -999 -999 "" "" "" "" 0 0 0.0 0.0 -999 ""
FIBERMAP 110 R-1C13 APOGEE 1 1 0 1 0 0 6.488377100562314 -20.70823210806161 143.1 -3.6848659383137052 -21.382214771251284 29.802776 77.55572 279.8554510219056 -10.670491250355589 0.2875955 -2.148428 0.1803682 279.85547418492865 -10.670487388818358 279.8765025195117 -10.636782923945121 40.441317049498586 146.8245250473957 16000.0 16600.0 2016.0 2 162 {-999.0 18.98848 16.325434 19.545082 -999.0} sdss_psfmag_ps1 17.535103 14.455219 12.977678 8.912 63050395539345797 1153918450 bright_1x1 mwm_galactic_core_dist_apogee_sparse mwm_galactic science 0 0 0.0 0.0 -999 ""
FIBERMAP 110 R-1C13 BOSS 0 0 0 1 0 0 6.715848786240262 -21.411612397967254 143.1 -3.8037240329308477 -22.111723445528774 29.802776 77.55572 -999.0 -999.0 -999.0 -999.0 -999.0 279.85502593693707 -10.674034920103201 279.87594927700815 -10.640118300921669 40.43862433055799 146.82720801903784 -999.0 5400.0 -999.0 1 346 {-999.0 -999.0 -999.0 -999.0 -999.0} "" -999.0 -999.0 -999.0 -999.0 -999 -999 "" "" "" "" 0 0 0.0 0.0 -999 ""
FIBERMAP 110 R-1C13 METROLOGY 0 0 0 1 0 0 5.987946634781519 -21.27145097409017 143.1 -4.387170193186226 -21.65466838797767 29.802776 77.55572 -999.0 -999.0 -999.0 -999.0 -999.0 279.85229379326057 -10.67188216674267 279.8732453947086 -10.638033763662497 40.44171037386346 146.82901120559248 -999.0 6231.0 -999.0 -1 -999 {-999.0 -999.0 -999.0 -999.0 -999.0} "" -999.0 -999.0 -999.0 -999.0 -999 -999 "" "" "" "" 0 0 0.0 0.0 -999 ""
FIBERMAP 114 R-12C15 APOGEE 1 1 0 1 0 0 155.52349955291058 -242.87177219538074 143.1 27.430154672265363 -287.04511314571744 237.69424 141.27838 279.99626603117383 -11.870474248040725 -3.208404 -4.868964 -0.011887256 279.99620151455304 -11.87048503146211 280.02014814256984 -11.835785039785014 39.31459471432926 147.38948555664166 16000.0 16600.0 2016.0 2 236 {-999.0 18.710037 16.459137 14.799192 -999.0} sdss_psfmag_ps1 17.530262 15.390797 14.046208 10.527 63050395430213369 1153724072 bright_1x1 mwm_galactic_core_dist_apogee_sparse mwm_galactic science 0 0 0.0 0.0 -999 ""
FIBERMAP 114 R-12C15 BOSS 0 0 0 1 0 0 154.81641450963218 -243.1024004753377 143.1 26.695909312432235 -286.9273710350768 237.69424 141.27838 -999.0 -999.0 -999.0 -999.0 -999.0 279.99293036017735 -11.87016674497149 280.0167599931835 -11.835254759370914 39.31660007743897 147.39296736534618 -999.0 5400.0 -999.0 1 258 {-999.0 -999.0 -999.0 -999.0 -999.0} "" -999.0 -999.0 -999.0 -999.0 -999 -999 "" "" "" "" 0 0 0.0 0.0 -999 ""
FIBERMAP 114 R-12C15 METROLOGY 0 0 0 1 0 0 154.97165451937767 -242.36553197418533 143.1 27.170470699160283 -286.34283496130615 237.69424 141.27838 -999.0 -999.0 -999.0 -999.0 -999.0 279.99509768086205 -11.867513668910048 280.0189530197787 -11.832659977305951 39.31790621202283 147.38895538047024 -999.0 6231.0 -999.0 -1 -999 {-999.0 -999.0 -999.0 -999.0 -999.0} "" -999.0 -999.0 -999.0 -999.0 -999 -999 "" "" "" "" 0 0 0.0 0.0 -999 ""
FIBERMAP 115 R-11C13 APOGEE 1 1 0 1 0 0 93.52082316445627 -221.31664940238838 143.1 -17.876685608631675 -239.5598582415502 205.39528 137.88925 279.78738890304965 -11.658432883567915 -999.0 -999.0 -999.0 279.78740199888455 -11.658450109376552 279.8109216308532 -11.624410278213606 39.5967170982524 147.49825159870036 16000.0 16600.0 2016.0 2 166 {-999.0 -999.0 -999.0 -999.0 -999.0} "" -999.0 19.439087 -999.0 9.013 63050395430299778 1151521193 bright_1x1 mwm_galactic_core_dist_apogee_sparse mwm_galactic science 0 0 0.0 0.0 -999 ""
FIBERMAP 115 R-11C13 BOSS 0 0 0 1 0 0 92.81074395615572 -221.10984846438583 143.1 -18.413848843084242 -239.0516677627972 205.39528 137.88925 -999.0 -999.0 -999.0 -999.0 -999.0 279.78503457244176 -11.65641470225302 279.8084341643975 -11.622163395724725 39.59983454045869 147.49971205092547 -999.0 5400.0 -999.0 1 395 {-999.0 -999.0 -999.0 -999.0 -999.0} "" -999.0 -999.0 -999.0 -999.0 -999 -999 "" "" "" "" 0 0 0.0 0.0 -999 ""
FIBERMAP 115 R-11C13 METROLOGY 0 0 0 1 0 0 93.34449817305588 -220.5918365269974 143.1 -17.702547089508794 -238.83464123281223 205.39528 137.88925 -999.0 -999.0 -999.0 -999.0 -999.0 279.788294539475 -11.655387239209713 279.81172288594604 -11.621189918832812 39.59921229494596 147.49541994154487 -999.0 6231.0 -999.0 -1 -999 {-999.0 -999.0 -999.0 -999.0 -999.0} "" -999.0 -999.0 -999.0 -999.0 -999 -999 "" "" "" "" 0 0 0.0 0.0 -999 ""
FIBERMAP 117 R-1C9 APOGEE 1 1 0 1 0 0 -96.80556868248388 -11.300362892083918 143.1 -91.26599969459508 34.153421456415025 26.125462 148.8813 279.45070155076985 -10.416175059274714 -1.6072271 -5.154841 0.2427963 279.45069518459974 -10.41617621575088 279.47127957418604 -10.383661992724587 40.85095534690174 147.133640093341 16000.0 16600.0 2016.0 2 244 {-999.0 18.141045 15.625482 14.663177 -999.0} sdss_psfmag_ps1 16.783539 15.01272 13.762757 10.494 63050395539589460 1153919074 bright_1x1 mwm_galactic_core_dist_apogee_sparse mwm_galactic science 0 0 0.0 0.0 -999 ""
FIBERMAP 117 R-1C9 BOSS 0 0 0 1 0 0 -96.06440686956701 -11.343708436472529 143.1 -90.62654994573899 33.77642661081982 26.125462 148.8813 -999.0 -999.0 -999.0 -999.0 -999.0 279.45370874829564 -10.418095091636829 279.4741852361333 -10.385362994174521 40.84812250601266 147.13133625690634 -999.0 5400.0 -999.0 1 481 {-999.0 -999.0 -999.0 -999.0 -999.0} "" -999.0 -999.0 -999.0 -999.0 -999 -999 "" "" "" "" 0 0 0.0 0.0 -999 ""
FIBERMAP 117 R-1C9 METROLOGY 0 0 0 1 0 0 -96.4701588050339 -11.97178682924529 143.1 -91.27425738941298 33.40304874759631 26.125462 148.8813 -999.0 -999.0 -999.0 -999.0 -999.0 279.450684263008 -10.419728825170068 279.47119775432583 -10.387063047716175 40.847979761486826 147.1358202057879 -999.0 6231.0 -999.0 -1 -999 {-999.0 -999.0 -999.0 -999.0 -999.0} "" -999.0 -999.0 -999.0 -999.0 -999 -999 "" "" "" "" 0 0 0.0 0.0 -999 ""
FIBERMAP 119 R0C6 APOGEE 0 0 0 1 0 0 -158.2211345505567 -0.30533943800807906 143.1 -140.8727290953416 71.97766655130117 64.33252 35.180504 -999.0 -999.0 -999.0 -999.0 -999.0 279.2228033666747 -10.243444046391271 279.243062176832 -10.211614290670918 41.107388464134736 147.29182424514252 -999.0 16600.0 -999.0 2 -999 {-999.0 -999.0 -999.0 -999.0 -999.0} "" -999.0 -999.0 -999.0 -999.0 -999 -999 "" "" "" "" 0 0 0.0 0.0 -999 ""
FIBERMAP 119 R0C6 BOSS 1 1 0 1 0 0 -158.06704143467266 -1.0196410210944404 143.1 -141.06184242905266 71.27195089025756 64.33252 35.180504 279.2216710129723 -10.246804537114585 -0.67264056 -4.3217196 0.29957816 279.2219693138916 -10.24682887302847 279.24212724863645 -10.214792187976999 41.10499430865355 147.2948545933375 5400.0 5400.0 2016.0 1 494 {-999.0 14.350027 13.394494 12.831304 -999.0} sdss_psfmag_from_g3xp 14.02348 13.279314 12.411297 10.958 63050395539649127 1093769985 bright_1x1 mwm_astar_core_boss_single mwm_ob science 0 0 1.0968716144561768 0.0 -999 ""
FIBERMAP 119 R0C6 METROLOGY 0 0 0 1 0 0 -158.7881395205002 -0.7902799957790053 143.1 -141.59850493043203 71.805239541126 64.33252 35.180504 -999.0 -999.0 -999.0 -999.0 -999.0 279.21949464758893 -10.244345970349775 279.23967862251186 -10.212375813847366 41.108250276666276 147.29621115107958 -999.0 6231.0 -999.0 -1 -999 {-999.0 -999.0 -999.0 -999.0 -999.0} "" -999.0 -999.0 -999.0 -999.0 -999 -999 "" "" "" "" 0 0 0.0 0.0 -999 ""
FIBERMAP 120 R-7C13 APOGEE 1 1 0 1 0 0 72.42635618875246 -150.81317304084607 143.1 -4.445295019412445 -167.21651084315067 41.622746 8.427788 279.8503161256839 -11.333124247701505 -3.109432 -4.7216663 0.082240835 279.85030710080144 -11.333137684750335 279.87298586287756 -11.299103749381592 39.85696258741701 147.23243127467035 16000.0 16600.0 2016.0 2 163 {-999.0 20.258036 17.1963 14.215888 -999.0} sdss_psfmag_ps1 18.479404 14.465895 12.90036 8.237 63050395430570234 1153725132 bright_1x1 mwm_galactic_core_dist_apogee_sparse mwm_galactic science 0 0 0.0 0.0 -999 ""
FIBERMAP 120 R-7C13 BOSS 0 0 0 1 0 0 71.94223492739242 -151.38601422159957 143.1 -5.137486572987112 -167.50497058969503 41.622746 8.427788 -999.0 -999.0 -999.0 -999.0 -999.0 279.8472087892828 -11.334706312225192 279.8697772758357 -11.300463259252119 39.85721851224685 147.23688378958036 -999.0 5400.0 -999.0 1 354 {-999.0 -999.0 -999.0 -999.0 -999.0} "" -999.0 -999.0 -999.0 -999.0 -999 -999 "" "" "" "" 0 0 0.0 0.0 -999 ""
FIBERMAP 120 R-7C13 METROLOGY 0 0 0 1 0 0 71.68650461075774 -150.69695137162932 143.1 -5.050301584629958 -166.77529300923834 41.622746 8.427788 -999.0 -999.0 -999.0 -999.0 -999.0 279.84758856774965 -11.331336700121508 279.8701812524579 -11.297155762472542 39.859964455028475 147.23442712430446 -999.0 6231.0 -999.0 -1 -999 {-999.0 -999.0 -999.0 -999.0 -999.0} "" -999.0 -999.0 -999.0 -999.0 -999 -999 "" "" "" "" 0 0 0.0 0.0 -999 ""
FIBERMAP 124 R-6C12 APOGEE 0 0 0 1 0 0 34.8945534857144 -98.94479032515946 143.1 -14.143887654295344 -103.94270359728868 124.60458 27.652914 -999.0 -999.0 -999.0 -999.0 -999.0 279.8060233994774 -11.04616325259997 279.8280089965172 -11.012394781258326 40.13134542542787 147.1095438700352 -999.0 16600.0 -999.0 2 -999 {-999.0 -999.0 -999.0 -999.0 -999.0} "" -999.0 -999.0 -999.0 -999.0 -999 -999 "" "" "" "" 0 0 0.0 0.0 -999 ""
FIBERMAP 124 R-6C12 BOSS 1 1 0 1 0 0 35.55068741140226 -99.28613406581793 143.1 -13.716144158941026 -104.54593287163266 124.60458 27.652914 279.8080930841796 -11.049184188606425 3.026318 8.680478 1.1306677 279.80810804043944 -11.049174893533118 279.82998544954546 -11.015185180938385 40.127972837308064 147.10899553530317 5400.0 5400.0 2016.0 1 378 {-999.0 18.369474 16.75737 15.953245 -999.0} sdss_psfmag_ps1 17.647478 16.493193 15.438897 13.095 63050395430652601 917198558 bright_6x1 mwm_yso_pms_boss_sagitta_edr3 mwm_yso science 0 0 0.0 0.0 -999 ""
FIBERMAP 124 R-6C12 METROLOGY 0 0 0 1 0 0 34.93161628128597 -99.68996703554178 143.1 -14.451194858335525 -104.62244172258708 124.60458 27.652914 -999.0 -999.0 -999.0 -999.0 -999.0 279.8046666143837 -11.049441776299235 279.8265788361106 -11.015521655815961 40.12923047616112 147.11307159131258 -999.0 6231.0 -999.0 -1 -999 {-999.0 -999.0 -999.0 -999.0 -999.0} "" -999.0 -999.0 -999.0 -999.0 -999 -999 "" "" "" "" 0 0 0.0 0.0 -999 ""
FIBERMAP 126 R-7C19 APOGEE 0 0 0 1 0 0 198.5552671851751 -136.3693234638351 143.1 114.3384274961872 -211.96394338313326 301.85178 159.83325 -999.0 -999.0 -999.0 -999.0 -999.0 280.39910558789654 -11.534529591832062 280.4220187540221 -11.498950945042036 39.42873375798083 146.7358420298632 -999.0 16600.0 -999.0 2 -999 {-999.0 -999.0 -999.0 -999.0 -999.0} "" -999.0 -999.0 -999.0 -999.0 -999 -999 "" "" "" "" 0 0 0.0 0.0 -999 ""
FIBERMAP 126 R-7C19 BOSS 1 1 0 1 0 0 198.72843361624788 -137.09027838088357 143.1 114.16324120304486 -212.68428653698825 301.85178 159.83325 280.3983899483866 -11.537994089450269 -2.7600322 -3.4029126 0.42010424 280.3984103916449 -11.538009357673785 280.4212133916672 -11.50221181094833 39.42622807759558 146.73873040129135 5400.0 5400.0 2016.0 1 320 {-999.0 19.220118 17.785423 17.102077 -999.0} sdss_psfmag_ps1 18.576136 17.59779 16.646616 14.64 63050395430350077 980269829 "" ops_std_boss_red ops_std standard_boss 0 0 0.0 0.0 -999 ""
FIBERMAP 126 R-7C19 METROLOGY 0 0 0 1 0 0 198.0061858502122 -136.8744686589099 143.1 113.61936809798748 -212.16252640984962 301.85178 159.83325 -999.0 -999.0 -999.0 -999.0 -999.0 280.39588026582396 -11.535611315193101 280.41871233321075 -11.499883713681976 39.42943566707863 146.74011148189615 -999.0 6231.0 -999.0 -1 -999 {-999.0 -999.0 -999.0 -999.0 -999.0} "" -999.0 -999.0 -999.0 -999.0 -999 -999 "" "" "" "" 0 0 0.0 0.0 -999 ""
FIBERMAP 129 R-6C21 APOGEE 1 1 0 1 0 0 233.19242584147244 -96.74147934127411 143.1 163.2426651894825 -192.53260565481855 136.93661 23.887138 280.6247679814854 -11.446044656991752 -0.17887822 -5.583869 0.42952633 280.6247546596231 -11.446058840559818 280.64733731584033 -11.409935401135936 39.40283993481734 146.4294774744575 16000.0 16600.0 2016.0 2 194 {-999.0 14.269479 12.476144 11.608137 -999.0} sdss_psfmag_from_g3xp 13.441335 12.229896 11.15599 8.534 63050395430965864 1152173611 bright_1x1 mwm_galactic_core_dist_apogee_sparse mwm_galactic science 0 0 0.0 0.0 -999 ""
FIBERMAP 129 R-6C21 BOSS 0 0 0 1 0 0 233.9018725117149 -96.95470831888383 143.1 163.77633053309424 -193.04622485728274 136.93661 23.887138 -999.0 -999.0 -999.0 -999.0 -999.0 280.6273215108217 -11.448582977494638 280.64978899034224 -11.412232885291996 39.399677399286205 146.42814997752893 -999.0 5400.0 -999.0 1 333 {-999.0 -999.0 -999.0 -999.0 -999.0} "" -999.0 -999.0 -999.0 -999.0 -999 -999 "" "" "" "" 0 0 0.0 0.0 -999 ""
FIBERMAP 129 R-6C21 METROLOGY 0 0 0 1 0 0 233.3560013574546 -97.46664586683787 143.1 163.0570248774857 -193.25231537289767 136.93661 23.887138 -999.0 -999.0 -999.0 -999.0 -999.0 280.62397443846635 -11.449464736046224 280.6464798197876 -11.413184897528417 39.400377959304684 146.43242981422188 -999.0 6231.0 -999.0 -1 -999 {-999.0 -999.0 -999.0 -999.0 -999.0} "" -999.0 -999.0 -999.0 -999.0 -999 -999 "" "" "" "" 0 0 0.0 0.0 -999 ""
FIBERMAP 130 R-9C15 APOGEE 0 0 0 1 0 0 111.70778273404132 -178.4460085511329 143.1 17.876330778385178 -209.73241154312998 188.06612 126.83314 -999.0 -999.0 -999.0 -999.0 -999.0 279.9532112431183 -11.525076435634237 279.97631828958095 -11.490671969342333 39.640263314119785 147.23142008501807 -999.0 16600.0 -999.0 2 -999 {-999.0 -999.0 -999.0 -999.0 -999.0} "" -999.0 -999.0 -999.0 -999.0 -999 -999 "" "" "" "" 0 0 0.0 0.0 -999 ""
FIBERMAP 130 R-9C15 BOSS 1 1 0 1 0 0 111.18030937780054 -177.93847268324356 143.1 17.638916371897142 -209.04010987011935 188.06612 126.83314 279.9522399902344 -11.522206856326946 -999.0 -999.0 -999.0 279.95224134924223 -11.522226093035036 279.9752250974082 -11.487607654995736 39.64347463646954 147.23080397468425 5400.0 5400.0 2015.5 1 265 {-999.0 -999.0 -999.0 -999.0 -999.0} "" -999.0 -999.0 -999.0 -999.0 27021603147971060 852646386 "" ops_sky_boss_fallback ops_sky sky_boss 0 0 0.0 0.0 -999 ""
FIBERMAP 130 R-9C15 METROLOGY 0 0 0 1 0 0 111.88704912189158 -177.7217671944714 143.1 18.366496968374665 -209.17007824087025 188.06612 126.83314 -999.0 -999.0 -999.0 -999.0 -999.0 279.95557494665377 -11.522744629731887 279.9785914215442 -11.4881789525817 39.641436503342746 147.22735463363273 -999.0 6231.0 -999.0 -1 -999 {-999.0 -999.0 -999.0 -999.0 -999.0} "" -999.0 -999.0 -999.0 -999.0 -999 -999 "" "" "" "" 0 0 0.0 0.0 -999 ""
FIBERMAP 136 R-10C12 APOGEE 0 0 0 1 0 0 79.38977357110633 -197.72032886137083 143.1 -19.670963036955 -212.1188597752807 341.41934 120.77104 -999.0 -999.0 -999.0 -999.0 -999.0 279.77932756470733 -11.535339484054706 279.8025441411998 -11.50138568813024 39.709639735513775 147.43395087950907 -999.0 16600.0 -999.0 2 -999 {-999.0 -999.0 -999.0 -999.0 -999.0} "" -999.0 -999.0 -999.0 -999.0 -999 -999 "" "" "" "" 0 0 0.0 0.0 -999 ""
FIBERMAP 136 R-10C12 BOSS 1 1 0 1 0 0 79.55398879950839 -198.41447050974608 143.1 -19.84186730760355 -212.81126584249273 341.41934 120.77104 279.7786174859657 -11.538699738452765 10.312903 0.3719153 1.1459875 279.7786413622216 -11.538710952122669 279.8017509029361 -11.50453932953442 39.70720166520917 147.43674045492696 5400.0 5400.0 2016.0 1 369 {-999.0 19.476704 17.85676 17.03456 -999.0} sdss_psfmag_ps1 18.701689 17.587286 16.526434 14.303 63050395430315848 1096262445 bright_1x1 mwm_bin_vis_boss mwm_filler science 0 0 0.0 0.0 -999 ""
FIBERMAP 136 R-10C12 METROLOGY 0 0 0 1 0 0 78.84007946283327 -198.22480717392915 143.1 -20.39026295829257 -212.3165698149927 341.41934 120.77104 -999.0 -999.0 -999.0 -999.0 -999.0 279.7760747383831 -11.53640721577822 279.79921259483666 -11.502305290034247 39.71033194154805 147.43826695140245 -999.0 6231.0 -999.0 -1 -999 {-999.0 -999.0 -999.0 -999.0 -999.0} "" -999.0 -999.0 -999.0 -999.0 -999 -999 "" "" "" "" 0 0 0.0 0.0 -999 ""
FIBERMAP 138 R-2C24 APOGEE 0 0 0 1 0 0 249.42162455796824 -49.76174592795915 143.1 199.13066190108142 -158.156253853287 271.3746 131.3485 -999.0 -999.0 -999.0 -999.0 -999.0 280.79034518189934 -11.290299468192906 280.8124604257749 -11.253824118945357 39.463072690367326 146.14892132571123 -999.0 16600.0 -999.0 2 -999 {-999.0 -999.0 -999.0 -999.0 -999.0} "" -999.0 -999.0 -999.0 -999.0 -999 -999 "" "" "" "" 0 0 0.0 0.0 -999 ""
FIBERMAP 138 R-2C24 BOSS 1 1 0 1 0 0 248.88547938401567 -50.27139004962709 143.1 198.4210544925505 -158.3647456499063 271.3746 131.3485 280.7872009277343 -11.291506793642242 -999.0 -999.0 -999.0 280.7872264746487 -11.291491278844495 280.8092255774092 -11.254805798722778 39.46372531151687 146.15313915526474 5400.0 5400.0 2015.5 1 260 {-999.0 -999.0 -999.0 -999.0 -999.0} "" -999.0 -999.0 -999.0 -999.0 27021603147974131 852647222 "" ops_sky_boss_fallback ops_sky sky_boss 0 0 0.0 0.0 -999 ""
FIBERMAP 138 R-2C24 METROLOGY 0 0 0 1 0 0 248.7050816148687 -49.553832024609605 143.1 198.58825757279934 -157.64412185731337 271.3746 131.3485 -999.0 -999.0 -999.0 -999.0 -999.0 280.7879747364245 -11.288175761427604 280.80999945329387 -11.251551766822363 39.466221862601735 146.15026249718136 -999.0 6231.0 -999.0 -1 -999 {-999.0 -999.0 -999.0 -999.0 -999.0} "" -999.0 -999.0 -999.0 -999.0 -999 -999 "" "" "" "" 0 0 0.0 0.0 -999 ""
FIBERMAP 140 R-4C12 APOGEE 0 0 0 1 0 0 -3.226915163143459 -68.47096261469848 143.1 -34.1364675804475 -59.42949632234149 76.57909 144.32973 -999.0 -999.0 -999.0 -999.0 -999.0 279.713812875385 -10.843372223382865 279.73533754578307 -10.809950174865895 40.35288271331669 147.09170901168497 -999.0 16600.0 -999.0 2 -999 {-999.0 -999.0 -999.0 -999.0 -999.0} "" -999.0 -999.0 -999.0 -999.0 -999 -999 "" "" "" "" 0 0 0.0 0.0 -999 ""
FIBERMAP 140 R-4C12 BOSS 1 1 0 1 0 0 -2.6874646057420377 -67.9708056517208 143.1 -33.42825229092439 -59.23095244234788 76.57909 144.32973 279.71720629728685 -10.842700882038542 -7.7490706 -9.575618 1.0845572 279.7171939941901 -10.8427243364495 279.7386017665318 -10.809081224343464 40.35216060967435 147.08745414130573 5400.0 5400.0 2016.0 1 365 {-999.0 17.649368 16.28149 15.722629 -999.0} sdss_psfmag_ps1 17.043125 16.163841 15.075742 12.88 63050395538887525 917199667 bright_5x1 mwm_yso_pms_boss_sagitta_edr3 mwm_yso science 0 0 0.0 0.0 -999 ""
FIBERMAP 140 R-4C12 METROLOGY 0 0 0 1 0 0 -2.5159759056278737 -68.6972972179632 143.1 -33.60745910515735 -59.95545418159483 76.57909 144.32973 -999.0 -999.0 -999.0 -999.0 -999.0 279.71632564622513 -10.845953947356655 279.7377740786804 -10.812371662911492 40.349625941572754 147.09040680011435 -999.0 6231.0 -999.0 -1 -999 {-999.0 -999.0 -999.0 -999.0 -999.0} "" -999.0 -999.0 -999.0 -999.0 -999 -999 "" "" "" "" 0 0 0.0 0.0 -999 ""
FIBERMAP 142 R0C2 APOGEE 1 1 0 1 0 0 -253.17172661931224 0.696387149049801 143.1 -224.8712179420493 116.22640793572491 22.11075 97.718704 278.84015593401665 -10.042382414294035 -8.673022 -5.219542 3.1334894 278.8401273075858 -10.042403887276265 278.8600578188316 -10.01167774723516 41.45823031029878 147.61521262399103 16000.0 16600.0 2016.0 2 295 {-999.0 18.022268 16.000648 15.110206 -999.0} sdss_psfmag_ps1 17.016762 15.68991 14.563312 11.47 63050395539275226 1034951682 bright_1x1 mwm_yso_pms_apogee_sagitta_edr3_single mwm_yso science 0 0 0.0 0.0 -999 ""
FIBERMAP 142 R0C2 BOSS 0 0 0 1 0 0 -252.85064572635372 0.027382314960422927 143.1 -224.89111622385352 115.48473006311536 22.11075 97.718704 -999.0 -999.0 -999.0 -999.0 -999.0 278.8400873901196 -10.045949054500541 278.85991950138737 -10.015015853401039 41.45532403756016 147.61741122247344 -999.0 5400.0 -999.0 1 423 {-999.0 -999.0 -999.0 -999.0 -999.0} "" -999.0 -999.0 -999.0 -999.0 -999 -999 "" "" "" "" 0 0 0.0 0.0 -999 ""
FIBERMAP 142 R0C2 METROLOGY 0 0 0 1 0 0 -253.5950798632681 0.08336472992873617 143.1 -225.52770618055118 115.87445931040553 22.11075 97.718704 -999.0 -999.0 -999.0 -999.0 -999.0 278.8371882470872 -10.044133633900785 278.8570475371824 -10.013267155657395 41.458172524266935 147.61970017640255 -999.0 6231.0 -999.0 -1 -999 {-999.0 -999.0 -999.0 -999.0 -999.0} "" -999.0 -999.0 -999.0 -999.0 -999 -999 "" "" "" "" 0 0 0.0 0.0 -999 ""
FIBERMAP 144 R-4C4 APOGEE 0 0 0 1 0 0 -183.83827698557278 -70.33604765565444 143.1 -195.63691530694823 21.384974191886876 73.55345 155.42543 -999.0 -999.0 -999.0 -999.0 -999.0 278.9698094368999 -10.47233902875453 278.99075376435474 -10.441056566596728 41.01752969933183 147.72399999636954 -999.0 16600.0 -999.0 2 -999 {-999.0 -999.0 -999.0 -999.0 -999.0} "" -999.0 -999.0 -999.0 -999.0 -999 -999 "" "" "" "" 0 0 0.0 0.0 -999 ""
FIBERMAP 144 R-4C4 BOSS 1 1 0 1 0 0 -183.34642021101695 -69.76505919359589 143.1 -194.93868924505136 21.668253693049202 73.55345 155.42543 278.97308349609375 -10.471263253271317 -999.0 -999.0 -999.0 278.97307269046956 -10.471270718706334 278.993903966202 -10.439771588405543 41.01725827810648 147.7195693591574 5400.0 5400.0 2015.5 1 455 {-999.0 -999.0 -999.0 -999.0 -999.0} "" -999.0 -999.0 -999.0 -999.0 27021603148700788 852777876 "" ops_sky_boss_fallback ops_sky sky_boss 0 0 0.0 0.0 -999 ""
FIBERMAP 144 R-4C4 METROLOGY 0 0 0 1 0 0 -183.10480089463962 -70.4727034441934 143.1 -195.04691048781146 20.92849204542927 73.55345 155.42543 -999.0 -999.0 -999.0 -999.0 -999.0 278.9725353007183 -10.47456913339015 278.9934059086117 -10.443128854304147 41.01449512507854 147.72217865994745 -999.0 6231.0 -999.0 -1 -999 {-999.0 -999.0 -999.0 -999.0 -999.0} "" -999.0 -999.0 -999.0 -999.0 -999 -999 "" "" "" "" 0 0 0.0 0.0 -999 ""
FIBERMAP 146 R-8C5 APOGEE 1 1 0 1 0 0 -99.93388399504887 -148.32932679997023 143.1 -156.6207265818536 -86.30153516448536 38.193565 109.67097 279.1470280537316 -10.962376828472499 6.0779243 -32.635887 2.7476041 279.1470617968551 -10.962490015305141 279.16914807761333 -10.930492484301666 40.50203437027916 147.8129781314782 16000.0 16600.0 2016.0 2 265 {-999.0 19.494856 17.272966 16.214596 -999.0} sdss_psfmag_ps1 18.271051 16.959503 15.574372 12.615 63050395538842179 1034951883 bright_1x1 mwm_yso_pms_apogee_sagitta_edr3_single mwm_yso science 0 0 0.0 0.0 -999 ""
FIBERMAP 146 R-8C5 BOSS 0 0 0 1 0 0 -99.29541636375497 -148.71983798083073 143.1 -156.23114832265784 -86.9404304672716 38.193565 109.67097 -999.0 -999.0 -999.0 -999.0 -999.0 279.14891067026906 -10.965641842283743 279.1708929804722 -10.933425289982956 40.498642952836654 147.81273272566165 -999.0 5400.0 -999.0 1 480 {-999.0 -999.0 -999.0 -999.0 -999.0} "" -999.0 -999.0 -999.0 -999.0 -999 -999 "" "" "" "" 0 0 0.0 0.0 -999 ""
FIBERMAP 146 R-8C5 METROLOGY 0 0 0 1 0 0 -99.95542403624596 -149.07596673748392 143.1 -156.98082754025336 -86.95581470189445 38.193565 109.67097 -999.0 -999.0 -999.0 -999.0 -999.0 279.1454368112955 -10.96561969506301 279.1674521424607 -10.933472502651746 40.50014210061605 147.8167146547777 -999.0 6231.0 -999.0 -1 -999 {-999.0 -999.0 -999.0 -999.0 -999.0} "" -999.0 -999.0 -999.0 -999.0 -999 -999 "" "" "" "" 0 0 0.0 0.0 -999 ""
FIBERMAP 147 R-3C3 APOGEE 1 1 0 1 0 0 -202.75945812299602 -53.07172291434215 143.1 -204.58329046421073 45.381178623809134 15.352337 129.80258 278.9296169782508 -10.363276180556742 -1.2461687 -5.7991395 0.5256663 278.92961500841784 -10.36327237658672 278.9503054703603 -10.332150450606273 41.13258600586228 147.70498512259763 16000.0 16600.0 2016.0 2 278 {-999.0 22.975199 19.946005 16.969961 -999.0} sdss_psfmag_ps1 21.260778 17.114508 15.41541 9.544 63050395539252361 1153917739 bright_1x1 mwm_galactic_core_dist_apogee_sparse mwm_galactic science 0 0 0.0 0.0 -999 ""
FIBERMAP 147 R-3C3 BOSS 0 0 0 1 0 0 -202.1407991062477 -53.49798528198742 143.1 -204.22765664877488 44.719528934695134 15.352337 129.80258 -999.0 -999.0 -999.0 -999.0 -999.0 278.9312806879456 -10.366477623652223 278.95186994533424 -10.335141879651287 41.129221862048 147.70498096355607 -999.0 5400.0 -999.0 1 442 {-999.0 -999.0 -999.0 -999.0 -999.0} "" -999.0 -999.0 -999.0 -999.0 -999 -999 "" "" "" "" 0 0 0.0 0.0 -999 ""
FIBERMAP 147 R-3C3 METROLOGY 0 0 0 1 0 0 -202.84348495528357 -53.814806803972196 143.1 -204.9973478713112 44.75859572812304 15.352337 129.80258 -999.0 -999.0 -999.0 -999.0 -999.0 278.9277415423145 -10.366230624979949 278.94836253157257 -10.334963184672436 41.130956510332055 147.70894811684292 -999.0 6231.0 -999.0 -1 -999 {-999.0 -999.0 -999.0 -999.0 -999.0} "" -999.0 -999.0 -999.0 -999.0 -999 -999 "" "" "" "" 0 0 0.0 0.0 -999 ""
FIBERMAP 148 R-10C10 APOGEE 0 0 0 1 0 0 23.738552285381775 -201.89627741849577 143.1 -71.07806016774053 -190.4209721765593 208.07962 169.80843 -999.0 -999.0 -999.0 -999.0 -999.0 279.5415210072476 -11.436464577083266 279.5646049108039 -11.403186445457733 39.90419465918431 147.64455312151972 -999.0 16600.0 -999.0 2 -999 {-999.0 -999.0 -999.0 -999.0 -999.0} "" -999.0 -999.0 -999.0 -999.0 -999 -999 "" "" "" "" 0 0 0.0 0.0 -999 ""
FIBERMAP 148 R-10C10 BOSS 1 1 0 1 0 0 23.020640797756297 -202.12125738499137 143.1 -71.81935613301481 -190.29326231814832 208.07962 169.80843 279.53812140844275 -11.436100196010809 0.52453184 -0.9467223 -0.012495328 279.53818855383696 -11.436129592267548 279.5611589980153 -11.402643692663405 39.906227480136344 147.64814036320806 5400.0 5400.0 2016.0 1 370 {-999.0 15.317575 14.28148 13.711844 -999.0} sdss_psfmag_from_g3xp 14.949001 14.201624 13.287242 11.318 63050395430494303 1093189104 bright_3x1 mwm_astar_core_boss mwm_ob science 0 0 0.0 0.0 -999 ""
FIBERMAP 148 R-10C10 METROLOGY 0 0 0 1 0 0 23.182576786902192 -201.3987302090752 143.1 -71.34538760525483 -189.72454007090133 208.07962 169.80843 -999.0 -999.0 -999.0 -999.0 -999.0 279.54035407469144 -11.433510968599961 279.56334931500135 -11.400082176913836 39.907517520344804 147.6441207858011 -999.0 6231.0 -999.0 -1 -999 {-999.0 -999.0 -999.0 -999.0 -999.0} "" -999.0 -999.0 -999.0 -999.0 -999 -999 "" "" "" "" 0 0 0.0 0.0 -999 ""
FIBERMAP 153 R-7C3 APOGEE 1 1 0 1 0 0 -152.783150911985 -137.6474213175919 143.1 -198.75095174051054 -52.66746899969156 10.375934 99.26449 278.9539111591155 -10.808400484721803 0.2425272 -1.8614787 0.2570286 278.9539233936791 -10.808404685766744 278.97571398235726 -10.776992715656933 40.725191329344455 147.9437396874568 16000.0 16600.0 2016.0 2 300 {-999.0 18.691736 16.035604 14.661129 -999.0} sdss_psfmag_ps1 17.214558 15.210854 13.900762 10.312 63050395538979583 1153915268 bright_1x1 mwm_galactic_core_dist_apogee_sparse mwm_galactic science 0 0 0.0 0.0 -999 ""
FIBERMAP 153 R-7C3 BOSS 0 0 0 1 0 0 -152.5229332168293 -138.3332815350072 143.1 -198.83268289732678 -53.396347020191044 10.375934 99.26449 -999.0 -999.0 -999.0 -999.0 -999.0 278.9536001573598 -10.811931725584744 278.9752901143685 -10.780307682283162 40.72242735952206 147.94621629110654 -999.0 5400.0 -999.0 1 446 {-999.0 -999.0 -999.0 -999.0 -999.0} "" -999.0 -999.0 -999.0 -999.0 -999 -999 "" "" "" "" 0 0 0.0 0.0 -999 ""
FIBERMAP 153 R-7C3 METROLOGY 0 0 0 1 0 0 -153.25219498445355 -138.23136661634146 143.1 -199.43480307911548 -52.97269031784863 10.375934 99.26449 -999.0 -999.0 -999.0 -999.0 -999.0 278.950826166951 -10.80992619685153 278.97254345801565 -10.778370295829061 40.725379017750356 147.94822670773846 -999.0 6231.0 -999.0 -1 -999 {-999.0 -999.0 -999.0 -999.0 -999.0} "" -999.0 -999.0 -999.0 -999.0 -999 -999 "" "" "" "" 0 0 0.0 0.0 -999 ""
FIBERMAP 155 R-11C15 APOGEE 0 0 0 1 0 0 128.5523119685435 -201.34321418151754 143.1 22.403413025809403 -237.79063564589586 202.60182 44.223854 -999.0 -999.0 -999.0 -999.0 -999.0 279.9737649058773 -11.650992788799952 279.9971755684797 -11.616468021748199 39.519356514837604 147.28370249341208 -999.0 16600.0 -999.0 2 -999 {-999.0 -999.0 -999.0 -999.0 -999.0} "" -999.0 -999.0 -999.0 -999.0 -999 -999 "" "" "" "" 0 0 0.0 0.0 -999 ""
FIBERMAP 155 R-11C15 BOSS 1 1 0 1 0 0 128.82632049310413 -200.65288483164284 143.1 22.96236431405941 -237.30172867638177 202.60182 44.223854 279.976505876405 -11.649028703933258 -1.1426265 -3.8064818 0.25393003 279.9764773623476 -11.649056689445025 279.9997647509234 -11.614306808325056 39.52009418755954 147.2794901456029 5400.0 5400.0 2016.0 1 267 {-999.0 18.709873 17.306017 16.55073 16.012287} sdss_psfmag_from_ps1dr2 18.0666 17.1929 16.1841 -999.0 63050395430261057 1039953249 "" ops_std_boss_ps1dr2 ops_std standard_boss 0 0 0.0 0.0 -999 ""
FIBERMAP 155 R-11C15 METROLOGY 0 0 0 1 0 0 129.2912634892565 -201.24019655900682 143.1 23.1077312794007 -238.03643522746034 202.60182 44.223854 -999.0 -999.0 -999.0 -999.0 -999.0 279.97710504191593 -11.652276896576037 280.0004333317824 -11.617585717951085 39.51688577529557 147.28071048206274 -999.0 6231.0 -999.0 -1 -999 {-999.0 -999.0 -999.0 -999.0 -999.0} "" -999.0 -999.0 -999.0 -999.0 -999 -999 "" "" "" "" 0 0 0.0 0.0 -999 ""
FIBERMAP 159 R-8C14 APOGEE 0 0 0 1 0 0 86.95597802441098 -144.26345279350406 143.1 11.469229092808588 -168.025446019615 89.71385 129.71773 -999.0 -999.0 -999.0 -999.0 -999.0 279.9240634603483 -11.336975707104996 279.9467163126032 -11.30274636599708 39.82014444321083 147.15125588411496 -999.0 16600.0 -999.0 2 -999 {-999.0 -999.0 -999.0 -999.0 -999.0} "" -999.0 -999.0 -999.0 -999.0 -999 -999 "" "" "" "" 0 0 0.0 0.0 -999 ""
FIBERMAP 159 R-8C14 BOSS 1 1 0 1 0 0 87.52452308562312 -143.78211811712953 143.1 12.194728225761306 -167.85692959978275 89.71385 129.71773 279.9275229296303 -11.33652119905303 -1.7486142 5.180901 0.7568786 279.92754781098813 -11.336494506691617 279.9500817316046 -11.30203971368436 39.81923488907467 147.14702434905175 5400.0 5400.0 2016.0 1 327 {-999.0 18.058859 16.737028 16.10399 -999.0} sdss_psfmag_ps1 17.463987 16.552933 15.563868 13.61 63050395430567627 980269841 "" ops_std_boss_red ops_std standard_boss 0 0 0.0 0.0 -999 ""
FIBERMAP 159 R-8C14 METROLOGY 0 0 0 1 0 0 87.65999480394439 -144.51047982572362 143.1 11.982631335663866 -168.5666481756254 89.71385 129.71773 -999.0 -999.0 -999.0 -999.0 -999.0 279.9265224502027 -11.33962799520907 279.94909755030847 -11.305235608753382 39.81685474630888 147.15007214112288 -999.0 6231.0 -999.0 -1 -999 {-999.0 -999.0 -999.0 -999.0 -999.0} "" -999.0 -999.0 -999.0 -999.0 -999 -999 "" "" "" "" 0 0 0.0 0.0 -999 ""
FIBERMAP 160 R+8C5 APOGEE 1 1 0 1 0 0 -112.66097845272404 174.94057486727118 143.1 -20.324874466808982 207.0496879590599 140.02097 57.86502 279.7815871773318 -9.63310907667959 -1.0579164 -2.5409064 0.11078639 279.78158736539615 -9.633129859210968 279.80007673267784 -9.6001424716235 41.391269548330506 146.26638560112596 16000.0 16600.0 2016.0 2 92 {-999.0 19.552748 16.570604 15.386799 -999.0} sdss_psfmag_ps1 17.833544 15.897853 14.582103 10.767 63050395540320408 1153921539 bright_1x1 mwm_galactic_core_dist_apogee_sparse mwm_galactic science 0 0 0.0 0.0 -999 ""
FIBERMAP 160 R+8C5 BOSS 0 0 0 1 0 0 -111.95924192524016 175.19294603522766 143.1 -19.585457906330664 206.95372786063655 140.02097 57.86502 -999.0 -999.0 -999.0 -999.0 -999.0 279.7850951183137 -9.633726019961134 279.80347316658776 -9.600525276275132 41.38934629673825 146.26269585550685 -999.0 5400.0 -999.0 1 68 {-999.0 -999.0 -999.0 -999.0 -999.0} "" -999.0 -999.0 -999.0 -999.0 -999 -999 "" "" "" "" 0 0 0.0 0.0 -999 ""
FIBERMAP 160 R+8C5 METROLOGY 0 0 0 1 0 0 -112.09386984352442 174.4545632595783 143.1 -20.042376880989035 206.35843268596489 140.02097 57.86502 -999.0 -999.0 -999.0 -999.0 -999.0 279.7829519038331 -9.636350723805558 279.8013689438569 -9.603212050474966 41.38796262964169 146.26682759388743 -999.0 6231.0 -999.0 -1 -999 {-999.0 -999.0 -999.0 -999.0 -999.0} "" -999.0 -999.0 -999.0 -999.0 -999 -999 "" "" "" "" 0 0 0.0 0.0 -999 ""
FIBERMAP 162 R-9C14 APOGEE 1 1 0 1 0 0 90.87156204948332 -190.26981838468666 143.1 -6.05606990390918 -210.73482066888062 275.54605 73.52774 279.8423767089843 -11.529344909490291 -999.0 -999.0 -999.0 279.8423801527284 -11.529330577967192 279.8655513586038 -11.49521455713148 39.686563957512305 147.3590894460049 16000.0 16600.0 2015.5 2 192 {-999.0 -999.0 -999.0 -999.0 -999.0} "" -999.0 -999.0 -999.0 -999.0 27021603147971109 848944058 "" ops_sky_apogee_good ops_sky sky_apogee 0 0 0.0 0.0 -999 ""
FIBERMAP 162 R-9C14 BOSS 0 0 0 1 0 0 90.1478131007664 -190.1560855511167 143.1 -6.64789011672368 -210.30316960408743 275.54605 73.52774 -999.0 -999.0 -999.0 -999.0 -999.0 279.8397581837717 -11.52764577557821 279.8628103828544 -11.493319647494255 39.68948683778608 147.36104390293818 -999.0 5400.0 -999.0 1 328 {-999.0 -999.0 -999.0 -999.0 -999.0} "" -999.0 -999.0 -999.0 -999.0 -999 -999 "" "" "" "" 0 0 0.0 0.0 -999 ""
FIBERMAP 162 R-9C14 METROLOGY 0 0 0 1 0 0 90.61358549552168 -189.57295729744592 143.1 -5.967321935609559 -209.99718106330064 275.54605 73.52774 -999.0 -999.0 -999.0 -999.0 -999.0 279.8428804664773 -11.526208416791773 279.86596046228607 -11.491936601562559 39.68928411226461 147.3566560810139 -999.0 6231.0 -999.0 -1 -999 {-999.0 -999.0 -999.0 -999.0 -999.0} "" -999.0 -999.0 -999.0 -999.0 -999 -999 "" "" "" "" 0 0 0.0 0.0 -999 ""
FIBERMAP 167 R-6C5 APOGEE 1 1 0 1 0 0 -122.87357620455839 -108.36939146579758 143.1 -158.77785268975978 -40.2832245386644 45.331017 106.20117 279.13772712957706 -10.753404999606566 2.833304 -8.945535 0.15670067 279.137732651747 -10.75344156567849 279.15930147342794 -10.721575765738773 40.692301715235786 147.6986336258249 16000.0 16600.0 2016.0 2 251 {-999.0 24.207644 19.172356 16.65418 -999.0} sdss_psfmag_ps1 21.187784 16.933237 15.351581 10.18 63050395539003741 1153915399 bright_1x1 mwm_galactic_core_dist_apogee_sparse mwm_galactic science 0 0 0.0 0.0 -999 ""
FIBERMAP 167 R-6C5 BOSS 0 0 0 1 0 0 -122.20961084651601 -108.69415073493636 143.1 -158.3355703081639 -40.87527849027655 45.331017 106.20117 -999.0 -999.0 -999.0 -999.0 -999.0 279.13981265766193 -10.756370178554839 279.16127739058277 -10.724286434198433 40.689003256570054 147.6979915998733 -999.0 5400.0 -999.0 1 457 {-999.0 -999.0 -999.0 -999.0 -999.0} "" -999.0 -999.0 -999.0 -999.0 -999 -999 "" "" "" "" 0 0 0.0 0.0 -999 ""
FIBERMAP 167 R-6C5 METROLOGY 0 0 0 1 0 0 -122.82710474202318 -109.10898643146508 143.1 -159.07424232787974 -40.96229418086445 45.331017 106.20117 -999.0 -999.0 -999.0 -999.0 -999.0 279.1363902948436 -10.756681899311895 279.1578886920481 -10.72466676355076 40.69018765917629 147.70212594726848 -999.0 6231.0 -999.0 -1 -999 {-999.0 -999.0 -999.0 -999.0 -999.0} "" -999.0 -999.0 -999.0 -999.0 -999 -999 "" "" "" "" 0 0 0.0 0.0 -999 ""
FIBERMAP 170 R-2C20 APOGEE 0 0 0 1 0 0 171.84735805971772 -44.61135886044509 143.1 132.48235383467642 -118.15202721201231 4.406555 90.08258 -999.0 -999.0 -999.0 -999.0 -999.0 280.4848692728614 -11.110982077016935 280.506689914757 -11.075400886233306 39.76277747947311 146.38113705414474 -999.0 16600.0 -999.0 2 -999 {-999.0 -999.0 -999.0 -999.0 -999.0} "" -999.0 -999.0 -999.0 -999.0 -999 -999 "" "" "" "" 0 0 0.0 0.0 -999 ""
FIBERMAP 170 R-2C20 BOSS 1 1 0 1 0 0 171.91654079081303 -45.36247998037298 143.1 132.20090199676292 -118.85171980089264 4.406555 90.08258 280.48370361328125 -11.114445679281516 -999.0 -999.0 -999.0 280.48371920827816 -11.114408997431747 280.5054303975512 -11.07861321273657 39.760535975217095 146.384534942246 5400.0 5400.0 2015.5 1 298 {-999.0 -999.0 -999.0 -999.0 -999.0} "" -999.0 -999.0 -999.0 -999.0 27021603147977018 852648035 "" ops_sky_boss_fallback ops_sky sky_boss 0 0 0.0 0.0 -999 ""
FIBERMAP 170 R-2C20 METROLOGY 0 0 0 1 0 0 171.23932000905336 -45.043737987434426 143.1 131.7440815872757 -118.2589651629793 4.406555 90.08258 -999.0 -999.0 -999.0 -999.0 -999.0 280.48157978003337 -11.111659814674146 280.50331879138 -11.075932247388664 39.763879111017005 146.38525373372698 -999.0 6231.0 -999.0 -1 -999 {-999.0 -999.0 -999.0 -999.0 -999.0} "" -999.0 -999.0 -999.0 -999.0 -999 -999 "" "" "" "" 0 0 0.0 0.0 -999 ""
FIBERMAP 171 R-12C7 APOGEE 0 0 0 1 0 0 -10.375776526553876 -245.44031010319765 143.1 -121.30552276903941 -213.57439299778304 344.28705 83.02929 -999.0 -999.0 -999.0 -999.0 -999.0 279.3096221838336 -11.538666601123236 279.33307164916414 -11.50594333931331 39.91652881341094 147.96891020305824 -999.0 16600.0 -999.0 2 -999 {-999.0 -999.0 -999.0 -999.0 -999.0} "" -999.0 -999.0 -999.0 -999.0 -999 -999 "" "" "" "" 0 0 0.0 0.0 -999 ""
FIBERMAP 171 R-12C7 BOSS 1 1 0 1 0 0 -10.654245236726082 -246.1256862146371 143.1 -121.86617944793572 -214.0568575239734 344.28705 83.02929 279.3070795178934 -11.541059123393788 0.70237404 -1.929708 -0.33853742 279.30714219211694 -11.541043354205778 279.3304855428705 -11.508108247054482 39.915754400376706 147.97313681337985 5400.0 5400.0 2016.0 1 404 {-999.0 17.113268 16.002045 15.456392 -999.0} sdss_psfmag_ps1 16.68935 15.92993 14.949878 13.331 63050395430506804 1093366091 bright_3x1 mwm_astar_core_boss mwm_ob science 0 0 0.0 0.0 -999 ""
FIBERMAP 171 R-12C7 METROLOGY 0 0 0 1 0 0 -11.113801054860577 -245.54977140288605 143.1 -122.0119588951366 -213.33474818481196 344.28705 83.02929 -999.0 -999.0 -999.0 -999.0 -999.0 279.3064367822775 -11.537731344623847 279.32980428593885 -11.504861369419933 39.9189493728642 147.9719852952763 -999.0 6231.0 -999.0 -1 -999 {-999.0 -999.0 -999.0 -999.0 -999.0} "" -999.0 -999.0 -999.0 -999.0 -999 -999 "" "" "" "" 0 0 0.0 0.0 -999 ""
FIBERMAP 177 R-4C3 APOGEE 1 1 0 1 0 0 -187.50967942940113 -64.2822996865844 143.1 -196.13817443305643 28.446104399865895 92.05138 59.4474 278.9677249706861 -10.44023472714143 -1.2919973 -9.032813 0.43696088 278.9677198266791 -10.440273433282055 278.9885851047585 -10.409012692159331 41.04701106569633 147.7071162403461 16000.0 16600.0 2016.0 2 286 {-999.0 17.442268 15.2536745 14.176968 -999.0} sdss_psfmag_ps1 16.31724 14.753427 13.553134 10.591 63050395539054193 1111644746 bright_18x1 mwm_bin_rv_short_rgb_apogee mwm_bin science 0 0 0.0 0.0 -999 ""
FIBERMAP 177 R-4C3 BOSS 0 0 0 1 0 0 -186.86033647858835 -64.62960927333808 143.1 -195.7191955332951 27.840669665929095 92.05138 59.4474 -999.0 -999.0 -999.0 -999.0 -999.0 278.9696780208877 -10.443231500326426 278.9904409683244 -10.411755681454647 41.04373719937209 147.70662446702912 -999.0 5400.0 -999.0 1 443 {-999.0 -999.0 -999.0 -999.0 -999.0} "" -999.0 -999.0 -999.0 -999.0 -999 -999 "" "" "" "" 0 0 0.0 0.0 -999 ""
FIBERMAP 177 R-4C3 METROLOGY 0 0 0 1 0 0 -187.4914445809011 -65.0350590961425 143.1 -196.4656910960142 27.768219168082787 92.05138 59.4474 -999.0 -999.0 -999.0 -999.0 -999.0 278.96623672484554 -10.443487892975988 278.9870327260376 -10.412080038565687 41.044979698858604 147.7107748110602 -999.0 6231.0 -999.0 -1 -999 {-999.0 -999.0 -999.0 -999.0 -999.0} "" -999.0 -999.0 -999.0 -999.0 -999 -999 "" "" "" "" 0 0 0.0 0.0 -999 ""
FIBERMAP 179 R-4C8 APOGEE 0 0 0 1 0 0 -92.59702375723214 -93.53632560246139 143.1 -125.07440868187466 -40.914948728316695 281.44742 93.98697 -999.0 -999.0 -999.0 -999.0 -999.0 279.2931185857467 -10.75721469813695 279.3146250330362 -10.72493960296391 40.619348250055886 147.52188647487796 -999.0 16600.0 -999.0 2 -999 {-999.0 -999.0 -999.0 -999.0 -999.0} "" -999.0 -999.0 -999.0 -999.0 -999 -999 "" "" "" "" 0 0 0.0 0.0 -999 ""
FIBERMAP 179 R-4C8 BOSS 1 1 0 1 0 0 -93.31328032421538 -93.73809261794477 143.1 -125.80363280273731 -40.76734728947908 281.44742 93.98697 279.2898079228813 -10.756763458888448 2.203946 -3.0269868 0.62214893 279.2898105066338 -10.756753696568088 279.31120610971396 -10.724276281657135 40.62148107066623 147.5254155149477 5400.0 5400.0 2016.0 1 461 {-999.0 17.325485 15.728883 14.896668 -999.0} sdss_psfmag_ps1 16.652168 15.531408 14.4861965 12.401 63050395538925483 917199690 bright_3x1 mwm_yso_pms_boss_sagitta_edr3 mwm_yso science 0 0 0.0 0.0 -999 ""
FIBERMAP 179 R-4C8 METROLOGY 0 0 0 1 0 0 -93.13287609608047 -93.01716835127195 143.1 -125.31396923378023 -40.20848402388352 281.44742 93.98697 -999.0 -999.0 -999.0 -999.0 -999.0 279.29205884444485 -10.754160436452949 279.31347845812735 -10.721738326408365 40.622709169855234 147.5212664112207 -999.0 6231.0 -999.0 -1 -999 {-999.0 -999.0 -999.0 -999.0 -999.0} "" -999.0 -999.0 -999.0 -999.0 -999 -999 "" "" "" "" 0 0 0.0 0.0 -999 ""
FIBERMAP 187 R-7C8 APOGEE 1 1 0 1 0 0 -33.95604923163924 -136.82536028496378 143.1 -92.68216669881318 -106.19684437757314 78.045715 13.038232 279.4420753805419 -11.054724882150566 -3.8117235 -9.1531725 2.244492 279.44206813076016 -11.054780615337815 279.46424700167296 -11.021961882156006 40.28802442449192 147.52985870216068 16000.0 16600.0 2016.0 2 288 {-999.0 20.374702 18.021729 16.922525 -999.0} sdss_psfmag_ps1 18.977652 17.510506 16.123121 12.963 63050395538857489 1034951892 bright_1x1 mwm_yso_pms_apogee_sagitta_edr3_single mwm_yso science 0 0 0.0 0.0 -999 ""
FIBERMAP 187 R-7C8 BOSS 0 0 0 1 0 0 -33.93203818932524 -137.56679708130994 143.1 -92.9993753000702 -106.86729607010781 78.045715 13.038232 -999.0 -999.0 -999.0 -999.0 -999.0 279.4406684362078 -11.058072278927078 279.4627434200865 -11.02504181956115 40.285968266252105 147.5334335698931 -999.0 5400.0 -999.0 1 400 {-999.0 -999.0 -999.0 -999.0 -999.0} "" -999.0 -999.0 -999.0 -999.0 -999 -999 "" "" "" "" 0 0 0.0 0.0 -999 ""
FIBERMAP 187 R-7C8 METROLOGY 0 0 0 1 0 0 -34.59139263242736 -137.2198735099924 143.1 -93.42743541193201 -106.25763309157007 78.045715 13.038232 -999.0 -999.0 -999.0 -999.0 -999.0 279.43866871023704 -11.055224301364351 279.4607694969645 -11.022261134533155 40.289328476529946 147.53401262551313 -999.0 6231.0 -999.0 -1 -999 {-999.0 -999.0 -999.0 -999.0 -999.0} "" -999.0 -999.0 -999.0 -999.0 -999 -999 "" "" "" "" 0 0 0.0 0.0 -999 ""
FIBERMAP 188 R-1C2 APOGEE 0 0 0 1 0 0 -257.0330513101138 -37.08414037981754 143.1 -245.55765808830978 84.38489379847195 305.28873 80.589905 -999.0 -999.0 -999.0 -999.0 -999.0 278.74455495997427 -10.186159418304854 278.7648868081944 -10.155611690927733 41.37289183099175 147.8139565355324 -999.0 16600.0 -999.0 2 -999 {-999.0 -999.0 -999.0 -999.0 -999.0} "" -999.0 -999.0 -999.0 -999.0 -999 -999 "" "" "" "" 0 0 0.0 0.0 -999 ""
FIBERMAP 188 R-1C2 BOSS 1 1 0 1 0 0 -257.71087606749643 -37.41649673919973 143.1 -246.31232980651524 84.39879034922859 305.28873 80.589905 278.7412132555241 -10.18629072051043 0.24321133 -0.1989218 0.14419815 278.74122622248825 -10.186293769777834 278.7614528360847 -10.155548447008877 41.374486183014035 147.81792928172058 5400.0 5400.0 2016.0 1 434 {-999.0 19.044043 17.115396 16.02046 15.072737} sdss_psfmag_from_ps1dr2 18.1439 16.888 15.7187 13.277 63050395539269195 1040005929 "" ops_std_boss_ps1dr2 ops_std standard_boss 0 0 0.0 0.0 -999 ""
FIBERMAP 188 R-1C2 METROLOGY 0 0 0 1 0 0 -257.65227961547924 -36.667945369820984 143.1 -245.9183953748044 85.03784880976414 305.28873 80.589905 -999.0 -999.0 -999.0 -999.0 -999.0 278.7430182181938 -10.183351442048208 278.7632670244476 -10.152661362654344 41.376244534436836 147.81405949933847 -999.0 6231.0 -999.0 -1 -999 {-999.0 -999.0 -999.0 -999.0 -999.0} "" -999.0 -999.0 -999.0 -999.0 -999 -999 "" "" "" "" 0 0 0.0 0.0 -999 ""
FIBERMAP 189 R-5C5 APOGEE 1 1 0 1 0 0 -125.19424127136118 -92.09490564862483 143.1 -153.41052509138893 -24.747825691766174 78.212326 36.171688 279.16272774052214 -10.682968258692956 -3.5316203 -6.6216774 -0.065725766 279.16271830912626 -10.68296837515821 279.18409982206134 -10.651073086520398 40.74383133668088 147.62747067956113 16000.0 16600.0 2016.0 2 263 {-999.0 25.088966 20.373253 17.497206 -999.0} sdss_psfmag_ps1 21.07748 17.66465 16.024279 10.806 63050395539007067 1153915544 bright_1x1 mwm_galactic_core_dist_apogee_sparse mwm_galactic science 0 0 0.0 0.0 -999 ""
FIBERMAP 189 R-5C5 BOSS 0 0 0 1 0 0 -124.89160607180663 -92.77321677579937 143.1 -153.45107988085744 -25.48935831000766 78.212326 36.171688 -999.0 -999.0 -999.0 -999.0 -999.0 279.1625701084228 -10.6865588428199 279.18385025241037 -10.654451593775258 40.74094055118844 147.62980121869623 -999.0 5400.0 -999.0 1 458 {-999.0 -999.0 -999.0 -999.0 -999.0} "" -999.0 -999.0 -999.0 -999.0 -999 -999 "" "" "" "" 0 0 0.0 0.0 -999 ""
FIBERMAP 189 R-5C5 METROLOGY 0 0 0 1 0 0 -125.64020885767486 -92.69715088162327 143.1 -154.08220692176252 -25.07986181660751 78.212326 36.171688 -999.0 -999.0 -999.0 -999.0 -999.0 279.1596508834694 -10.684619053368547 279.18095883109265 -10.652580118949391 40.74390579725232 147.63200358953173 -999.0 6231.0 -999.0 -1 -999 {-999.0 -999.0 -999.0 -999.0 -999.0} "" -999.0 -999.0 -999.0 -999.0 -999 -999 "" "" "" "" 0 0 0.0 0.0 -999 ""
FIBERMAP 192 R+4C10 APOGEE 0 0 0 1 0 0 -55.89468831978787 63.89129229104438 143.1 -20.541791396116533 82.35298150523157 261.77542 82.34181 -999.0 -999.0 -999.0 -999.0 -999.0 279.778687018082 -10.197736428314991 279.7985774503315 -10.16447367050576 40.89439102469667 146.62166925433527 -999.0 16600.0 -999.0 2 -999 {-999.0 -999.0 -999.0 -999.0 -999.0} "" -999.0 -999.0 -999.0 -999.0 -999 -999 "" "" "" "" 0 0 0.0 0.0 -999 ""
FIBERMAP 192 R+4C10 BOSS 1 1 0 1 0 0 -56.63312557898113 64.10134977005977 143.1 -21.102691278892895 82.87701785623842 261.77542 82.34181 279.77619557141617 -10.195505944119828 -0.20341338 -1.8514321 0.12181683 279.77620052194396 -10.195511755260505 279.7959741267414 -10.162048740716514 40.89773577807418 146.62315375874294 5400.0 5400.0 2016.0 1 74 {-999.0 16.969402 15.914265 15.448748 -999.0} sdss_psfmag_ps1 16.57925 15.829615 14.932405 13.111 63050395539619749 1093370671 bright_3x1 mwm_astar_core_boss mwm_ob science 0 0 0.0 0.0 -999 ""
FIBERMAP 192 R+4C10 METROLOGY 0 0 0 1 0 0 -56.08901206081614 64.61163961295554 143.1 -20.385701391003177 83.08244538161125 261.77542 82.34181 -999.0 -999.0 -999.0 -999.0 -999.0 279.77949121373587 -10.194534792049513 279.79929273302497 -10.161122569653946 40.89701798133079 146.61876343715514 -999.0 6231.0 -999.0 -1 -999 {-999.0 -999.0 -999.0 -999.0 -999.0} "" -999.0 -999.0 -999.0 -999.0 -999 -999 "" "" "" "" 0 0 0.0 0.0 -999 ""
FIBERMAP 194 R-10C1 APOGEE 1 1 0 1 0 0 -159.16414221679025 -203.34179671612654 143.1 -234.4249963422633 -108.18700762785353 51.204422 18.127455 278.7904768344981 -11.058133161228923 -3.1019394 -1.7037282 0.55670404 278.7904122897097 -11.058168449076113 278.81290255164663 -11.027057099452545 40.57449635231669 148.28076205950634 16000.0 16600.0 2016.0 2 291 {-999.0 29.93515 22.0723 18.9028 -999.0} sdss_psfmag_ps1 -999.0 -999.0 16.86124 10.964 63050395538956374 1153915210 bright_1x1 mwm_galactic_core_dist_apogee_sparse mwm_galactic science 0 0 0.0 0.0 -999 ""
FIBERMAP 194 R-10C1 BOSS 0 0 0 1 0 0 -159.41438472320928 -204.04427628452257 143.1 -234.9683566292624 -108.69757426709852 51.204422 18.127455 -999.0 -999.0 -999.0 -999.0 -999.0 278.7880319350933 -11.060663758538412 278.8104202300411 -11.02934466974392 40.57355130531294 148.28498245146997 -999.0 5400.0 -999.0 1 420 {-999.0 -999.0 -999.0 -999.0 -999.0} "" -999.0 -999.0 -999.0 -999.0 -999 -999 "" "" "" "" 0 0 0.0 0.0 -999 ""
FIBERMAP 194 R-10C1 METROLOGY 0 0 0 1 0 0 -159.90139115880177 -203.47809015762311 143.1 -235.1429950924601 -107.97158341866881 51.204422 18.127455 -999.0 -999.0 -999.0 -999.0 -999.0 278.78721081084035 -11.057314365014035 278.8096220863487 -11.02605945073212 40.576837309771186 148.28395539382814 -999.0 6231.0 -999.0 -1 -999 {-999.0 -999.0 -999.0 -999.0 -999.0} "" -999.0 -999.0 -999.0 -999.0 -999 -999 "" "" "" "" 0 0 0.0 0.0 -999 ""
FIBERMAP 199 R+10C9 APOGEE 0 0 0 1 0 0 2.0354264594186757 175.845268919206 143.1 82.10750373850875 155.48003176060368 314.2325 74.17809 -999.0 -999.0 -999.0 -999.0 -999.0 280.2532108650957 -9.86731397064575 280.27206347466705 -9.832975492185684 40.964988431905 145.8701953596158 -999.0 16600.0 -999.0 2 -999 {-999.0 -999.0 -999.0 -999.0 -999.0} "" -999.0 -999.0 -999.0 -999.0 -999 -999 "" "" "" "" 0 0 0.0 0.0 -999 ""
FIBERMAP 199 R+10C9 BOSS 1 1 0 1 0 0 1.3802035914040802 175.47979995293295 143.1 81.35781540782244 155.45415476151723 314.2325 74.17809 280.24982664923516 -9.867549789222407 0.20831554 -0.17863105 0.1669969 280.2498983324671 -9.867574530593773 280.26863895206833 -9.833038312850197 40.96654886416222 145.8741582419538 5400.0 5400.0 2016.0 1 121 {-999.0 15.580805 14.821343 14.413396 -999.0} sdss_psfmag_from_g3xp 15.3535185 14.798713 14.036067 12.795 63050395539873861 1093203035 bright_3x1 mwm_astar_core_boss mwm_ob science 0 0 0.0 0.0 -999 ""
FIBERMAP 199 R+10C9 METROLOGY 0 0 0 1 0 0 1.3943511940302953 176.22695528864958 143.1 81.71157634632331 156.11226837513686 314.2325 74.17809 -999.0 -999.0 -999.0 -999.0 -999.0 280.25148642593376 -9.86455593454683 280.2702512014574 -9.830075546732672 40.96838934167926 145.87043253197746 -999.0 6231.0 -999.0 -1 -999 {-999.0 -999.0 -999.0 -999.0 -999.0} "" -999.0 -999.0 -999.0 -999.0 -999 -999 "" "" "" "" 0 0 0.0 0.0 -999 ""
FIBERMAP 200 R+7C19 APOGEE 0 0 0 1 0 0 175.44325565136558 146.43961920243044 143.1 222.92130742548932 50.14049486237266 181.89671 73.99516 -999.0 -999.0 -999.0 -999.0 -999.0 280.90070408439703 -10.346781392411462 280.9204351538087 -10.31050601026327 40.23894456936845 145.43650054563966 -999.0 16600.0 -999.0 2 -999 {-999.0 -999.0 -999.0 -999.0 -999.0} "" -999.0 -999.0 -999.0 -999.0 -999 -999 "" "" "" "" 0 0 0.0 0.0 -999 ""
FIBERMAP 200 R+7C19 BOSS 1 1 0 1 0 0 175.63134504647505 147.16425220984632 143.1 223.41950027646755 50.699147635974384 181.89671 73.99516 280.9031557794969 -10.344423758559952 -3.7849247 -1.9149797 0.41506717 280.9031214921554 -10.344457140340758 280.92272686710635 -10.307965817520433 40.24007282602549 145.43230372243517 5400.0 5400.0 2016.0 1 238 {-999.0 18.51407 17.278898 16.751215 -999.0} sdss_psfmag_ps1 18.024448 17.188398 16.253946 14.45 63050395432596221 980270086 "" ops_std_boss_red ops_std standard_boss 0 0 0.0 0.0 -999 ""
FIBERMAP 200 R+7C19 METROLOGY 0 0 0 1 0 0 176.16102998366387 146.6432413731426 143.1 223.652728684623 49.99385046825411 181.89671 73.99516 -999.0 -999.0 -999.0 -999.0 -999.0 280.90415400986143 -10.347597049339369 280.9238002892705 -10.311161142469325 40.2367662094856 145.43312361335873 -999.0 6231.0 -999.0 -1 -999 {-999.0 -999.0 -999.0 -999.0 -999.0} "" -999.0 -999.0 -999.0 -999.0 -999 -999 "" "" "" "" 0 0 0.0 0.0 -999 ""
FIBERMAP 202 R-10C6 APOGEE 0 0 0 1 0 0 -67.77278073306499 -185.5053570734733 143.1 -144.9901841021695 -134.05445573883947 43.577774 156.89178 -999.0 -999.0 -999.0 -999.0 -999.0 279.2003328355547 -11.179292422036982 279.2229357461114 -11.147043200785138 40.285231670850195 147.88092363194247 -999.0 16600.0 -999.0 2 -999 {-999.0 -999.0 -999.0 -999.0 -999.0} "" -999.0 -999.0 -999.0 -999.0 -999 -999 "" "" "" "" 0 0 0.0 0.0 -999 ""
FIBERMAP 202 R-10C6 BOSS 1 1 0 1 0 0 -67.07304365648316 -185.2432184529411 143.1 -144.2480858400795 -134.1408149411119 43.577774 156.89178 279.2038376526209 -11.17995426317713 -0.43994877 -3.077312 0.31139266 279.20382505360425 -11.179961889120056 279.22631621258245 -11.147488931690368 40.2833234947997 147.87731979023934 5400.0 5400.0 2016.0 1 391 {-999.0 18.43411 16.267479 15.169819 -999.0} sdss_psfmag_ps1 17.344309 15.786754 14.59101 11.611 63050395538789445 1093370056 bright_3x1 mwm_astar_core_boss mwm_ob science 0 0 0.0 0.0 -999 ""
FIBERMAP 202 R-10C6 METROLOGY 0 0 0 1 0 0 -67.19334320798768 -185.97537211051375 143.1 -144.68941569947316 -134.73711231763932 43.577774 156.89178 -999.0 -999.0 -999.0 -999.0 -999.0 279.20176589676066 -11.182573950087566 279.2242962276124 -11.150165738723143 40.28184391763171 147.881231290092 -999.0 6231.0 -999.0 -1 -999 {-999.0 -999.0 -999.0 -999.0 -999.0} "" -999.0 -999.0 -999.0 -999.0 -999 -999 "" "" "" "" 0 0 0.0 0.0 -999 ""
FIBERMAP 204 R-3C18 APOGEE 1 1 0 1 0 0 139.85973028643298 -44.174765912096404 143.1 104.22961169228078 -103.15702967949152 112.90093 19.193537 280.3546142578125 -11.04317634779224 -999.0 -999.0 -999.0 280.3545916860014 -11.043193210774358 280.3763073571812 -11.007988643872524 39.88276482793901 146.4862999689175 16000.0 16600.0 2015.5 2 224 {-999.0 -999.0 -999.0 -999.0 -999.0} "" -999.0 -999.0 -999.0 -999.0 27021603147977082 848944819 "" ops_sky_apogee_good ops_sky sky_apogee 0 0 0.0 0.0 -999 ""
FIBERMAP 204 R-3C18 BOSS 0 0 0 1 0 0 140.40523041774202 -44.66443892366838 143.1 104.49121721375202 -103.84167448911286 112.90093 19.193537 -999.0 -999.0 -999.0 -999.0 -999.0 280.3559505148117 -11.046555604563785 280.37755623229856 -11.011130632741667 39.87941668588262 146.48682905864987 -999.0 5400.0 -999.0 1 293 {-999.0 -999.0 -999.0 -999.0 -999.0} "" -999.0 -999.0 -999.0 -999.0 -999 -999 "" "" "" "" 0 0 0.0 0.0 -999 ""
FIBERMAP 204 R-3C18 METROLOGY 0 0 0 1 0 0 139.69337793018386 -44.901318623494234 143.1 103.74987672964542 -103.72731586224795 112.90093 19.193537 -999.0 -999.0 -999.0 -999.0 -999.0 280.35248304405184 -11.045971204662596 280.37412233710154 -11.01061658507574 39.88146380154043 146.49038233623682 -999.0 6231.0 -999.0 -1 -999 {-999.0 -999.0 -999.0 -999.0 -999.0} "" -999.0 -999.0 -999.0 -999.0 -999 -999 "" "" "" "" 0 0 0.0 0.0 -999 ""
FIBERMAP 208 R-7C5 APOGEE 1 1 0 1 0 0 -139.58798239121518 -122.29479015718266 143.1 -180.00367232587396 -45.037101981065334 203.36653 35.462517 279.04005607098907 -10.774381389420341 -4.063659 -0.6585851 0.20469186 279.0400496998812 -10.77439975503976 279.06171579623907 -10.742779348457924 40.71721064203127 147.82392846814955 16000.0 16600.0 2016.0 2 253 {-999.0 19.044588 16.255775 13.908635 -999.0} sdss_psfmag_ps1 17.535162 14.301072 12.802479 8.47 63050395538977884 1153915253 bright_1x1 mwm_galactic_core_dist_apogee_sparse mwm_galactic science 0 0 0.0 0.0 -999 ""
FIBERMAP 208 R-7C5 BOSS 0 0 0 1 0 0 -139.2311681870008 -121.64149569353951 143.1 -179.38797910113576 -44.618948458469966 203.36653 35.462517 -999.0 -999.0 -999.0 -999.0 -999.0 279.0429404467929 -10.772744569213154 279.06449111416043 -10.740906465389806 40.71763482895739 147.81960008697135 -999.0 5400.0 -999.0 1 451 {-999.0 -999.0 -999.0 -999.0 -999.0} "" -999.0 -999.0 -999.0 -999.0 -999 -999 "" "" "" "" 0 0 0.0 0.0 -999 ""
FIBERMAP 208 R-7C5 METROLOGY 0 0 0 1 0 0 -138.8426287542986 -122.28752214779142 143.1 -179.3373821620607 -45.37099160988756 203.36653 35.462517 -999.0 -999.0 -999.0 -999.0 -999.0 279.0431401183993 -10.776098819834386 279.06473022540126 -10.744318243856002 40.71449101884279 147.8213760056054 -999.0 6231.0 -999.0 -1 -999 {-999.0 -999.0 -999.0 -999.0 -999.0} "" -999.0 -999.0 -999.0 -999.0 -999 -999 "" "" "" "" 0 0 0.0 0.0 -999 ""
FIBERMAP 214 R-11C5 APOGEE 1 1 0 1 0 0 -71.96898964004724 -205.0667835535197 143.1 -157.65502103130362 -149.53766625002734 32.84165 135.31328 279.1419982910156 -11.248716983353702 -999.0 -999.0 -999.0 279.14200486604426 -11.248729278079455 279.16480857610264 -11.21659704419715 40.24924471483231 147.98894976002805 16000.0 16600.0 2015.5 2 153 {-999.0 -999.0 -999.0 -999.0 -999.0} "" -999.0 -999.0 -999.0 -999.0 27021603148699010 848989164 "" ops_sky_apogee_good ops_sky sky_apogee 0 0 0.0 0.0 -999 ""
FIBERMAP 214 R-11C5 BOSS 0 0 0 1 0 0 -71.24223834781259 -205.19424937605206 143.1 -157.06680127644796 -149.98290340089335 32.84165 135.31328 -999.0 -999.0 -999.0 -999.0 -999.0 279.1447906818319 -11.25101071113681 279.1674871411359 -11.218655317386169 40.24621727533878 147.98710884482063 -999.0 5400.0 -999.0 1 392 {-999.0 -999.0 -999.0 -999.0 -999.0} "" -999.0 -999.0 -999.0 -999.0 -999 -999 "" "" "" "" 0 0 0.0 0.0 -999 ""
FIBERMAP 214 R-11C5 METROLOGY 0 0 0 1 0 0 -71.7052900272614 -205.7685108469988 143.1 -157.74090057642357 -150.2822475579196 32.84165 135.31328 -999.0 -999.0 -999.0 -999.0 -999.0 279.1416649560014 -11.25226443781817 279.1643976620066 -11.219977424291754 40.24641663940411 147.99143267733177 -999.0 6231.0 -999.0 -1 -999 {-999.0 -999.0 -999.0 -999.0 -999.0} "" -999.0 -999.0 -999.0 -999.0 -999 -999 "" "" "" "" 0 0 0.0 0.0 -999 ""
FIBERMAP 215 R-10C15 APOGEE 1 1 0 1 0 0 125.40258767929575 -176.33277474417355 143.1 31.02245489933229 -214.10627172526435 166.13345 55.538933 280.0140380859375 -11.54481131382822 -999.0 -999.0 -999.0 280.014008153179 -11.544808228259258 280.0371348569391 -11.510233927554475 39.59524251192137 147.17472369407318 16000.0 16600.0 2015.5 2 237 {-999.0 -999.0 -999.0 -999.0 -999.0} "" -999.0 -999.0 -999.0 -999.0 27021603147971395 848944153 "" ops_sky_apogee_good ops_sky sky_apogee 0 0 0.0 0.0 -999 ""
FIBERMAP 215 R-10C15 BOSS 0 0 0 1 0 0 125.93402815229206 -175.81525183548547 143.1 31.731475334563882 -213.88862363700076 166.13345 55.538933 -999.0 -999.0 -999.0 -999.0 -999.0 280.0174163447133 -11.544094280146384 280.04042253549585 -11.50929312733738 39.59457662067801 147.1704548999778 -999.0 5400.0 -999.0 1 266 {-999.0 -999.0 -999.0 -999.0 -999.0} "" -999.0 -999.0 -999.0 -999.0 -999 -999 "" "" "" "" 0 0 0.0 0.0 -999 ""
FIBERMAP 215 R-10C15 METROLOGY 0 0 0 1 0 0 126.1183416119497 -176.5376752366946 143.1 31.565533452654137 -214.61536308654706 166.13345 55.538933 -999.0 -999.0 -999.0 -999.0 -999.0 280.0166025370694 -11.547287914854673 280.03965024950213 -11.51254905868343 39.5920465339993 147.17328986377055 -999.0 6231.0 -999.0 -1 -999 {-999.0 -999.0 -999.0 -999.0 -999.0} "" -999.0 -999.0 -999.0 -999.0 -999 -999 "" "" "" "" 0 0 0.0 0.0 -999 ""
FIBERMAP 222 R-12C12 APOGEE 0 0 0 1 1 0 105.95282048147885 -232.72099633548925 143.1 -12.026389951354595 -255.38058893322437 25.131762 90.78711 -999.0 -999.0 -999.0 -999.0 -999.0 279.81432230038627 -11.729251207445143 279.8380054677434 -11.69510333688093 39.52175884527267 147.5100215922681 -999.0 16600.0 -999.0 2 -999 {-999.0 -999.0 -999.0 -999.0 -999.0} "" -999.0 -999.0 -999.0 -999.0 -999 -999 "" "" "" "" 0 0 0.0 0.0 -999 ""
FIBERMAP 222 R-12C12 BOSS 1 0 0 1 1 0 106.29089231028802 -233.4002130490027 143.1 -12.035838366395682 -256.1391086392763 25.131762 90.78711 279.656982421875 -11.644768695509455 -999.0 -999.0 -999.0 279.81438705068405 -11.732871899434196 279.83796274974856 -11.698502550119851 39.518762113006105 147.51210221430216 5400.0 5400.0 2015.5 1 343 {-999.0 -999.0 -999.0 -999.0 -999.0} "" -999.0 -999.0 -999.0 -999.0 27021603147970991 852646367 "" ops_sky_boss_fallback ops_sky sky_boss 0 0 0.0 0.0 -999 ""
FIBERMAP 222 R-12C12 METROLOGY 0 0 0 1 1 0 105.54121686602168 -233.34328601421964 143.1 -12.676658974101796 -255.74614581620506 25.131762 90.78711 -999.0 -999.0 -999.0 -999.0 -999.0 279.81139527334875 -11.731041281200483 279.83500087875024 -11.696742937194891 39.52166109583625 147.51438621079785 -999.0 6231.0 -999.0 -1 -999 {-999.0 -999.0 -999.0 -999.0 -999.0} "" -999.0 -999.0 -999.0 -999.0 -999 -999 "" "" "" "" 0 0 0.0 0.0 -999 ""
FIBERMAP 228 R+13C11 APOGEE 1 1 0 1 0 0 78.62676994129484 241.32864919702521 143.1 180.1353570121298 178.7514142412139 251.07892 136.95284 280.702362856492 -9.764754381074502 -1.3763782 -4.4175024 0.2048849 280.70234879967717 -9.76477417293863 280.72073920493864 -9.729312344020853 40.84254047128869 145.2915778406637 16000.0 16600.0 2016.0 2 53 {-999.0 18.437532 15.805827 14.605891 -999.0} sdss_psfmag_ps1 16.96558 15.132136 13.861526 10.476 63050395539850049 1153920011 bright_1x1 mwm_galactic_core_dist_apogee_sparse mwm_galactic science 0 0 0.0 0.0 -999 ""
FIBERMAP 228 R+13C11 BOSS 0 0 0 1 0 0 77.98718786426372 240.95104593551872 143.1 179.39403979015006 178.7076019962396 251.07892 136.95284 -999.0 -999.0 -999.0 -999.0 -999.0 280.6990983571376 -9.765140334081014 280.7173748934744 -9.729480558911797 40.844004182743646 145.29551720143937 -999.0 5400.0 -999.0 1 163 {-999.0 -999.0 -999.0 -999.0 -999.0} "" -999.0 -999.0 -999.0 -999.0 -999 -999 "" "" "" "" 0 0 0.0 0.0 -999 ""
FIBERMAP 228 R+13C11 METROLOGY 0 0 0 1 0 0 77.9752660091442 241.69591702867905 143.1 179.72356960636256 179.37558805816187 251.07892 136.95284 -999.0 -999.0 -999.0 -999.0 -999.0 280.70054258336523 -9.762093112431417 280.71884389001616 -9.726489556460931 40.84591528444341 145.29192362208542 -999.0 6231.0 -999.0 -1 -999 {-999.0 -999.0 -999.0 -999.0 -999.0} "" -999.0 -999.0 -999.0 -999.0 -999 -999 "" "" "" "" 0 0 0.0 0.0 -999 ""
FIBERMAP 233 R+4C4 APOGEE 0 0 0 1 0 0 -180.2742672679789 55.878480338181205 143.1 -134.8328968658234 132.02183754038325 334.0972 32.901676 -999.0 -999.0 -999.0 -999.0 -999.0 279.25257626424656 -9.97120236964255 279.2721441755757 -9.939431365668515 41.33542436099401 147.09062219125977 -999.0 16600.0 -999.0 2 -999 {-999.0 -999.0 -999.0 -999.0 -999.0} "" -999.0 -999.0 -999.0 -999.0 -999 -999 "" "" "" "" 0 0 0.0 0.0 -999 ""
FIBERMAP 233 R+4C4 BOSS 1 1 0 1 0 0 -180.9997775320463 55.774093474512895 143.1 -135.52588473830613 132.26028147604728 334.0972 32.901676 279.2494702219385 -9.97027803012577 1.0233715 -0.817909 0.26803157 279.24947198441936 -9.970288893950729 279.2689298299165 -9.938321015295465 41.337876511793915 147.09367209056174 5400.0 5400.0 2016.0 1 36 {-999.0 15.121283 14.104593 13.519859 -999.0} sdss_psfmag_from_g3xp 14.753583 13.991448 13.119923 11.709 63050395540272051 1093189057 bright_3x1 mwm_astar_core_boss mwm_ob science 0 0 0.0 0.0 -999 ""
FIBERMAP 233 R+4C4 METROLOGY 0 0 0 1 0 0 -180.7340695356182 56.466054891055606 143.1 -134.97357128082493 132.7544304325158 334.0972 32.901676 -999.0 -999.0 -999.0 -999.0 -999.0 279.252004155542 -9.968003754104348 279.2714861139995 -9.936088621536552 41.33868642981511 147.08932202441 -999.0 6231.0 -999.0 -1 -999 {-999.0 -999.0 -999.0 -999.0 -999.0} "" -999.0 -999.0 -999.0 -999.0 -999 -999 "" "" "" "" 0 0 0.0 0.0 -999 ""
FIBERMAP 238 R-5C3 APOGEE 1 1 0 1 0 0 -193.63829103003027 -108.23816062956907 143.1 -221.66117466438646 -7.852875292881751 241.1875 129.56789 278.84999218232866 -10.604347138419927 0.3396548 -5.28766 -0.34026974 278.85000824105754 -10.604380013558622 278.8713366666757 -10.573344587064993 40.953209098604646 147.9422741794441 16000.0 16600.0 2016.0 2 290 {-999.0 23.934923 25.82487 17.145494 -999.0} sdss_psfmag_gaia 21.25242 17.265993 15.597185 9.569 63050395538998973 1154736570 bright_1x1 mwm_galactic_core_dist_apogee_sparse mwm_galactic science 0 0 0.0 0.0 -999 ""
FIBERMAP 238 R-5C3 BOSS 0 0 0 1 0 0 -194.35880321382763 -108.38691916562317 143.1 -222.36997852793792 -7.656181023035275 241.1875 129.56789 -999.0 -999.0 -999.0 -999.0 -999.0 278.8468445751047 -10.603678833543714 278.8680641376894 -10.572442629120072 40.955473263269866 147.9455272482627 -999.0 5400.0 -999.0 1 444 {-999.0 -999.0 -999.0 -999.0 -999.0} "" -999.0 -999.0 -999.0 -999.0 -999 -999 "" "" "" "" 0 0 0.0 0.0 -999 ""
FIBERMAP 238 R-5C3 METROLOGY 0 0 0 1 0 0 -194.13405525384164 -107.67768778686434 143.1 -221.84621182044444 -7.127967142069626 241.1875 129.56789 -999.0 -999.0 -999.0 -999.0 -999.0 278.8492264529653 -10.601238259288058 278.8704695935821 -10.570056410952363 40.9565258134881 147.9413029542671 -999.0 6231.0 -999.0 -1 -999 {-999.0 -999.0 -999.0 -999.0 -999.0} "" -999.0 -999.0 -999.0 -999.0 -999 -999 "" "" "" "" 0 0 0.0 0.0 -999 ""
FIBERMAP 240 R-13C13 APOGEE 1 1 0 1 0 0 107.35913136738166 -239.5616452861261 143.1 -13.899193074440074 -262.1073263241713 193.03177 54.47832 279.8056058210213 -11.759210014473473 0.3940488 -0.31421572 0.2546537 279.80560728146503 -11.7592200221436 279.8293694293045 -11.725079155425165 39.49905922846981 147.53766315398175 16000.0 16600.0 2016.0 2 176 {-999.0 17.177166 14.827789 12.867506 -999.0} sdss_psfmag_from_g3xp 15.962752 13.559739 12.1615095 8.377 63050395430234653 1152173109 bright_1x1 mwm_galactic_core_dist_apogee_sparse mwm_galactic science 0 0 0.0 0.0 -999 ""
FIBERMAP 240 R-13C13 BOSS 0 0 0 1 0 0 107.65151612470639 -238.8750609640849 143.1 -13.325606747613854 -261.6301416780088 193.03177 54.47832 -999.0 -999.0 -999.0 -999.0 -999.0 279.80837772501263 -11.75733409190977 279.83201732520115 -11.722967384252636 39.49973806522274 147.53341988983567 -999.0 5400.0 -999.0 1 345 {-999.0 -999.0 -999.0 -999.0 -999.0} "" -999.0 -999.0 -999.0 -999.0 -999 -999 "" "" "" "" 0 0 0.0 0.0 -999 ""
FIBERMAP 240 R-13C13 METROLOGY 0 0 0 1 0 0 108.0967239699531 -239.46910242347832 143.1 -13.200866679397922 -262.3618223842741 193.03177 54.47832 -999.0 -999.0 -999.0 -999.0 -999.0 279.80891542161976 -11.76053030695187 279.83259573991654 -11.726222701954649 39.49658821250379 147.5347134031126 -999.0 6231.0 -999.0 -1 -999 {-999.0 -999.0 -999.0 -999.0 -999.0} "" -999.0 -999.0 -999.0 -999.0 -999 -999 "" "" "" "" 0 0 0.0 0.0 -999 ""
FIBERMAP 245 R-9C16 APOGEE 1 1 0 1 0 0 150.63661128473328 -155.35156901273427 143.1 63.04816358318014 -206.96680286987865 127.37168 53.23075 280.1623202621302 -11.512689152369015 0.76966035 -1.4074725 0.26101223 280.16232376267646 -11.512701317226757 280.1852984775423 -11.47775499420119 39.55626713708264 146.9884392640877 16000.0 16600.0 2016.0 2 193 {-999.0 16.938948 14.473324 12.213842 -999.0} sdss_psfmag_from_g3xp 15.64981 12.87399 11.444518 7.548 63050395430346533 1152173204 bright_1x1 mwm_galactic_core_dist_apogee_sparse mwm_galactic science 0 0 0.0 0.0 -999 ""
FIBERMAP 245 R-9C16 BOSS 0 0 0 1 0 0 151.37852294916834 -155.3446309189484 143.1 63.71124155725283 -207.2994142254497 127.37168 53.23075 -999.0 -999.0 -999.0 -999.0 -999.0 280.1655142706116 -11.51445323681724 280.1883739761083 -11.47927931300817 39.55351064460028 146.98590783205967 -999.0 5400.0 -999.0 1 308 {-999.0 -999.0 -999.0 -999.0 -999.0} "" -999.0 -999.0 -999.0 -999.0 -999 -999 "" "" "" "" 0 0 0.0 0.0 -999 ""
FIBERMAP 245 R-9C16 METROLOGY 0 0 0 1 0 0 151.01579049810186 -155.99251480876526 143.1 63.09275487213101 -207.71005271627405 127.37168 53.23075 -999.0 -999.0 -999.0 -999.0 -999.0 280.1626096678505 -11.516231825389314 280.1855086056248 -11.481126442048582 39.553190466207596 146.99024723207614 -999.0 6231.0 -999.0 -1 -999 {-999.0 -999.0 -999.0 -999.0 -999.0} "" -999.0 -999.0 -999.0 -999.0 -999 -999 "" "" "" "" 0 0 0.0 0.0 -999 ""
FIBERMAP 251 R-9C13 APOGEE 1 1 0 1 0 0 69.97148117548316 -181.7711729315203 143.1 -20.765334537985645 -193.6318100190772 200.23845 135.79617 279.77442039107046 -11.452102270894624 -2.7869654 -6.214108 0.03836611 279.7744210288792 -11.452117990642128 279.79743254093404 -11.418220764944156 39.785707364951165 147.3897449764909 16000.0 16600.0 2016.0 2 172 {-999.0 21.83885 18.336832 15.995886 -999.0} sdss_psfmag_ps1 19.467665 16.340672 14.799718 10.475 63050395430483172 1153724770 bright_1x1 mwm_galactic_core_dist_apogee_sparse mwm_galactic science 0 0 0.0 0.0 -999 ""
FIBERMAP 251 R-9C13 BOSS 0 0 0 1 0 0 69.29801027299379 -181.46980191110558 143.1 -21.22675172262927 -193.05621870322676 200.23845 135.79617 -999.0 -999.0 -999.0 -999.0 -999.0 279.77239796314745 -11.44978509339635 279.795289123762 -11.415677227920717 39.788934082666536 147.3906391311168 -999.0 5400.0 -999.0 1 397 {-999.0 -999.0 -999.0 -999.0 -999.0} "" -999.0 -999.0 -999.0 -999.0 -999 -999 "" "" "" "" 0 0 0.0 0.0 -999 ""
FIBERMAP 251 R-9C13 METROLOGY 0 0 0 1 0 0 69.90415753383036 -181.02894650650504 143.1 -20.486290717881786 -192.9408779387593 200.23845 135.79617 -999.0 -999.0 -999.0 -999.0 -999.0 279.77579758191115 -11.449206481919708 279.7987183899447 -11.415151546161836 39.78784611992846 147.38644393556294 -999.0 6231.0 -999.0 -1 -999 {-999.0 -999.0 -999.0 -999.0 -999.0} "" -999.0 -999.0 -999.0 -999.0 -999 -999 "" "" "" "" 0 0 0.0 0.0 -999 ""
FIBERMAP 256 R-3C17 APOGEE 0 0 0 1 0 0 89.43322567261797 -62.15683137300627 143.1 51.16540298539951 -96.1250860834812 187.0984 127.131645 -999.0 -999.0 -999.0 -999.0 -999.0 280.1089849481081 -11.01124605744525 280.13073937508494 -10.976701641221856 40.023983029026965 146.74440810618125 -999.0 16600.0 -999.0 2 -999 {-999.0 -999.0 -999.0 -999.0 -999.0} "" -999.0 -999.0 -999.0 -999.0 -999 -999 "" "" "" "" 0 0 0.0 0.0 -999 ""
FIBERMAP 256 R-3C17 BOSS 1 1 0 1 0 0 88.89531859228157 -61.635884816014766 143.1 50.92483185714991 -95.41609157505471 187.0984 127.131645 280.1080010903387 -11.008283621269214 -1.6499457 0.8786283 0.46551147 280.1080184714091 -11.008282544827232 280.12964980312285 -10.97352779850418 40.02728738328201 146.74369443805415 5400.0 5400.0 2016.0 1 302 {-999.0 17.505524 16.42639 15.83567 15.442826} sdss_psfmag_from_ps1dr2 17.1125 16.3464 15.4638 13.594 63050395432020059 1039955427 "" ops_std_boss_ps1dr2 ops_std standard_boss 0 0 0.0 0.0 -999 ""
FIBERMAP 256 R-3C17 METROLOGY 0 0 0 1 0 0 89.60592982638634 -61.43099719374564 143.1 51.650459588649476 -95.5583394661267 187.0984 127.131645 -999.0 -999.0 -999.0 -999.0 -999.0 280.1113429907643 -11.008862974587094 280.13300708873413 -10.97415996692295 40.02518109552358 146.74028251148786 -999.0 6231.0 -999.0 -1 -999 {-999.0 -999.0 -999.0 -999.0 -999.0} "" -999.0 -999.0 -999.0 -999.0 -999 -999 "" "" "" "" 0 0 0.0 0.0 -999 ""
FIBERMAP 260 R+3C9 APOGEE 1 1 0 1 0 0 -91.7698882068985 50.399818805796244 143.1 -58.612459045938735 86.73455141234567 224.8262 102.494896 279.6026905441526 -10.177303946010229 -1.8570641 -4.865449 0.25211665 279.6026948272318 -10.177355300691792 279.62261569465244 -10.144563731862814 40.99317649851949 146.8118575673402 16000.0 16600.0 2016.0 2 121 {-999.0 21.739372 20.102207 16.706984 -999.0} sdss_psfmag_gaia 19.543694 17.378435 15.553826 10.264 63050395539628917 1154737971 bright_1x1 mwm_galactic_core_dist_apogee_sparse mwm_galactic science 0 0 0.0 0.0 -999 ""
FIBERMAP 260 R+3C9 BOSS 0 0 0 1 0 0 -92.3876135106983 50.787426695583626 143.1 -58.98491332487703 87.36139265231265 224.8262 102.494896 -999.0 -999.0 -999.0 -999.0 -999.0 279.6010681603693 -10.174667041610325 279.6208716077834 -10.141673620409058 40.99653397255001 146.81207772621252 -999.0 5400.0 -999.0 1 32 {-999.0 -999.0 -999.0 -999.0 -999.0} "" -999.0 -999.0 -999.0 -999.0 -999 -999 "" "" "" "" 0 0 0.0 0.0 -999 ""
FIBERMAP 260 R+3C9 METROLOGY 0 0 0 1 0 0 -91.7411636688842 51.151782946223435 143.1 -58.243536461649 87.39028598980865 224.8262 102.494896 -999.0 -999.0 -999.0 -999.0 -999.0 279.6044695601557 -10.174493216301379 279.6243025971101 -10.141549766027376 40.99506412468462 146.8080455882037 -999.0 6231.0 -999.0 -1 -999 {-999.0 -999.0 -999.0 -999.0 -999.0} "" -999.0 -999.0 -999.0 -999.0 -999 -999 "" "" "" "" 0 0 0.0 0.0 -999 ""
FIBERMAP 261 R+4C15 APOGEE 1 1 0 1 0 0 77.27688180308297 83.77798156689026 143.1 106.99156999746448 39.23088115034609 22.257305 125.97251 280.36834716796875 -10.395405151623507 -999.0 -999.0 -999.0 280.3683447967692 -10.39541369772118 280.3884494909917 -10.360506696196744 40.44685197003843 146.07005158503208 16000.0 16600.0 2015.5 2 65 {-999.0 -999.0 -999.0 -999.0 -999.0} "" -999.0 -999.0 -999.0 -999.0 27021603147978614 848945112 "" ops_sky_apogee_good ops_sky sky_apogee 0 0 0.0 0.0 -999 ""
FIBERMAP 261 R+4C15 BOSS 0 0 0 1 0 0 77.91906920064737 83.41145700089083 143.1 107.39541000559969 38.61162270034436 22.257305 125.97251 -999.0 -999.0 -999.0 -999.0 -999.0 280.37037523343463 -10.398428273277837 280.39037034054473 -10.363304099882598 40.44349196588267 146.06962349796038 -999.0 5400.0 -999.0 1 212 {-999.0 -999.0 -999.0 -999.0 -999.0} "" -999.0 -999.0 -999.0 -999.0 -999 -999 "" "" "" "" 0 0 0.0 0.0 -999 ""
FIBERMAP 261 R+4C15 METROLOGY 0 0 0 1 0 0 77.28370999932196 83.02611856153189 143.1 106.65431676368071 38.55900191820811 22.257305 125.97251 -999.0 -999.0 -999.0 -999.0 -999.0 280.3669107270716 -10.39860505635887 280.38694082018685 -10.363549467712465 40.444885949216 146.0736730765981 -999.0 6231.0 -999.0 -1 -999 {-999.0 -999.0 -999.0 -999.0 -999.0} "" -999.0 -999.0 -999.0 -999.0 -999 -999 "" "" "" "" 0 0 0.0 0.0 -999 ""
FIBERMAP 264 R+10C3 APOGEE 1 1 0 1 0 0 -122.72837891095648 184.3447148832252 143.1 -24.985290805679302 220.0115332700206 336.92932 100.51964 279.76037076907335 -9.574846500973516 -2.8813877 -7.899028 0.10850203 279.7603718075974 -9.574843769929995 279.77872641576386 -9.541940851510898 41.45250044533789 146.25435078950503 16000.0 16600.0 2016.0 2 136 {-999.0 21.883667 18.105762 15.754371 -999.0} sdss_psfmag_ps1 19.546818 16.049557 14.378096 9.363 63050395540323442 1153921404 bright_1x1 mwm_galactic_core_dist_apogee_sparse mwm_galactic science 0 0 0.0 0.0 -999 ""
FIBERMAP 264 R+10C3 BOSS 0 0 0 1 0 0 -122.87702381458173 183.61675394803393 143.1 -25.449918525310405 219.43190867434814 336.92932 100.51964 -999.0 -999.0 -999.0 -999.0 -999.0 279.75833059392136 -9.577605251828025 279.7765820273934 -9.544502863390202 41.4512456653664 146.2584547196591 -999.0 5400.0 -999.0 1 16 {-999.0 -999.0 -999.0 -999.0 -999.0} "" -999.0 -999.0 -999.0 -999.0 -999 -999 "" "" "" "" 0 0 0.0 0.0 -999 ""
FIBERMAP 264 R+10C3 METROLOGY 0 0 0 1 0 0 -123.43961719489205 184.10755274898966 143.1 -25.726213942085835 220.125360212654 336.92932 100.51964 -999.0 -999.0 -999.0 -999.0 -999.0 279.7570423768164 -9.57444085570734 279.77531800398725 -9.541401079316056 41.45456787845766 146.25795942825235 -999.0 6231.0 -999.0 -1 -999 {-999.0 -999.0 -999.0 -999.0 -999.0} "" -999.0 -999.0 -999.0 -999.0 -999 -999 "" "" "" "" 0 0 0.0 0.0 -999 ""
FIBERMAP 285 R-8C18 APOGEE 0 0 0 1 0 0 186.92994278109092 -155.43092596574976 143.1 95.29383583069881 -223.6101825672064 285.3471 170.39934 -999.0 -999.0 -999.0 -999.0 -999.0 280.3109419150378 -11.587091592920235 280.3340289137937 -11.551716333422304 39.42266903467181 146.86646388119811 -999.0 16600.0 -999.0 2 -999 {-999.0 -999.0 -999.0 -999.0 -999.0} "" -999.0 -999.0 -999.0 -999.0 -999 -999 "" "" "" "" 0 0 0.0 0.0 -999 ""
FIBERMAP 285 R-8C18 BOSS 1 1 0 1 0 0 187.01337444100994 -156.15844475560004 143.1 95.03583566133742 -224.29538809473004 285.3471 170.39934 280.30986480577053 -11.590401371452622 0.96469563 -0.47873253 0.5552542 280.30986242367567 -11.59041027899041 280.332839397491 -11.554816960945969 39.42047743877506 146.86967910847804 5400.0 5400.0 2016.0 1 319 {-999.0 16.275373 15.525521 15.322444 -999.0} sdss_psfmag_ps1 16.005766 15.472496 14.7708 13.658 63050395430331609 981880507 "" ops_std_boss_tic ops_std standard_boss 0 0 0.0 0.0 -999 ""
FIBERMAP 285 R-8C18 METROLOGY 0 0 0 1 0 0 186.32759838932392 -155.87120225879613 143.1 94.55702181468665 -223.7267447499552 285.3471 170.39934 -999.0 -999.0 -999.0 -999.0 -999.0 280.3076313403914 -11.587801713435187 280.33063660686537 -11.552277741634178 39.42373231217004 146.87060455537227 -999.0 6231.0 -999.0 -1 -999 {-999.0 -999.0 -999.0 -999.0 -999.0} "" -999.0 -999.0 -999.0 -999.0 -999 -999 "" "" "" "" 0 0 0.0 0.0 -999 ""
FIBERMAP 288 R-1C7 APOGEE 1 1 0 1 0 0 -150.46595076646247 -34.069840826308905 143.1 -149.39275108031072 38.403795361881215 267.12753 101.1234 279.1826344655918 -10.395870301968424 -2.990058 -4.0399055 0.14483126 279.1826424923282 -10.395890179225058 279.20329926410164 -10.364088629649288 40.99011032034113 147.43105322212153 16000.0 16600.0 2016.0 2 247 {-999.0 19.391174 16.651352 15.33694 -999.0} sdss_psfmag_ps1 17.87947 15.874731 14.556298 10.891 63050395539058024 1153915667 bright_1x1 mwm_galactic_core_dist_apogee_sparse mwm_galactic science 0 0 0.0 0.0 -999 ""
FIBERMAP 288 R-1C7 BOSS 0 0 0 1 0 0 -151.194921270728 -34.21798035892708 143.1 -150.1087957263338 38.60490258055412 267.12753 101.1234 -999.0 -999.0 -999.0 -999.0 -999.0 279.17940522581773 -10.395158097903792 279.1999518499598 -10.36315698602334 40.992452641252754 147.4343584337486 -999.0 5400.0 -999.0 1 483 {-999.0 -999.0 -999.0 -999.0 -999.0} "" -999.0 -999.0 -999.0 -999.0 -999 -999 "" "" "" "" 0 0 0.0 0.0 -999 ""
FIBERMAP 288 R-1C7 METROLOGY 0 0 0 1 0 0 -150.95562062761206 -33.50732736835936 143.1 -149.57143565451508 39.12773568586572 267.12753 101.1234 -999.0 -999.0 -999.0 -999.0 -999.0 279.1818720518296 -10.392733808661239 279.2024426216076 -10.360786532709493 40.99342979510865 147.4300312632322 -999.0 6231.0 -999.0 -1 -999 {-999.0 -999.0 -999.0 -999.0 -999.0} "" -999.0 -999.0 -999.0 -999.0 -999 -999 "" "" "" "" 0 0 0.0 0.0 -999 ""
FIBERMAP 289 R-11C12 APOGEE 1 1 0 1 0 0 89.37369475758184 -195.86077589679505 143.1 -9.941406324969329 -215.02384378833062 115.37565 43.67424 279.82437533205837 -11.548552225755008 -3.8110752 -6.5585504 0.1524535 279.8243469983739 -11.548551627453511 279.84757480391687 -11.51447279559453 39.677640399202296 147.39095868608908 16000.0 16600.0 2016.0 2 175 {-999.0 17.616043 15.420845 14.131801 -999.0} sdss_psfmag_ps1 16.430586 14.761967 13.478718 10.228 63050395430317382 1153724495 bright_1x1 mwm_galactic_core_dist_apogee_sparse mwm_galactic science 0 0 0.0 0.0 -999 ""
FIBERMAP 289 R-11C12 BOSS 0 0 0 1 0 0 90.06083552371577 -196.12330657509264 143.1 -9.450094329367015 -215.57112983349913 115.37565 43.67424 -999.0 -999.0 -999.0 -999.0 -999.0 279.82672979161964 -11.551279567209122 279.84984718218755 -11.516975021383953 39.67439208612499 147.38989717887824 -999.0 5400.0 -999.0 1 394 {-999.0 -999.0 -999.0 -999.0 -999.0} "" -999.0 -999.0 -999.0 -999.0 -999 -999 "" "" "" "" 0 0 0.0 0.0 -999 ""
FIBERMAP 289 R-11C12 METROLOGY 0 0 0 1 0 0 89.49272723290615 -196.59552702887794 143.1 -10.171043097053692 -215.73173885023434 115.37565 43.67424 -999.0 -999.0 -999.0 -999.0 -999.0 279.8233579505308 -11.551919549658717 279.8465114664089 -11.51768529895592 39.675273874055556 147.39408919142218 -999.0 6231.0 -999.0 -1 -999 {-999.0 -999.0 -999.0 -999.0 -999.0} "" -999.0 -999.0 -999.0 -999.0 -999 -999 "" "" "" "" 0 0 0.0 0.0 -999 ""
FIBERMAP 293 R-11C16 APOGEE 1 1 0 1 0 0 183.46948097751155 -202.17901915295545 143.1 70.86905058383866 -263.61114494970275 80.42195 63.537975 280.19720013303805 -11.766127477673546 -2.3287601 -3.451526 0.15057576 280.1971940955581 -11.766136938582527 280.22078218522114 -11.730965135566093 39.316128711236196 147.10173868391817 16000.0 16600.0 2016.0 2 218 {-999.0 16.993036 14.798756 13.650932 -999.0} sdss_psfmag_from_g3xp 15.883825 14.320998 13.120749 9.951 63050395429664951 1152172845 bright_1x1 mwm_galactic_core_dist_apogee_sparse mwm_galactic science 0 0 0.0 0.0 -999 ""
FIBERMAP 293 R-11C16 BOSS 0 0 0 1 0 0 184.07023031552382 -202.60377524824696 143.1 71.20944205413866 -264.26327667097564 80.42195 63.537975 -999.0 -999.0 -999.0 -999.0 -999.0 280.19886619645587 -11.769256995080552 280.22234256086625 -11.73385883181368 39.312856468027704 147.10173667542693 -999.0 5400.0 -999.0 1 259 {-999.0 -999.0 -999.0 -999.0 -999.0} "" -999.0 -999.0 -999.0 -999.0 -999 -999 "" "" "" "" 0 0 0.0 0.0 -999 ""
FIBERMAP 293 R-11C16 METROLOGY 0 0 0 1 0 0 183.39158395403274 -202.91822108615864 143.1 70.4622181071996 -264.2330740363658 80.42195 63.537975 -999.0 -999.0 -999.0 -999.0 -999.0 280.19538527091663 -11.769066747799915 280.2188965163405 -11.733740256856157 39.314535164222924 147.10552267671304 -999.0 6231.0 -999.0 -1 -999 {-999.0 -999.0 -999.0 -999.0 -999.0} "" -999.0 -999.0 -999.0 -999.0 -999 -999 "" "" "" "" 0 0 0.0 0.0 -999 ""
FIBERMAP 296 R+3C13 APOGEE 1 1 0 1 0 0 18.807383754632248 65.61702330637901 143.1 46.69165357494987 49.77641432542119 24.870909 135.33731 280.0895690917968 -10.346818244580163 -999.0 -999.0 -999.0 280.08956056988825 -10.346814147062684 280.10967610649925 -10.312661790400433 40.619303964892026 146.35759980508908 16000.0 16600.0 2015.5 2 5 {-999.0 -999.0 -999.0 -999.0 -999.0} "" -999.0 -999.0 -999.0 -999.0 27021603148705598 848990675 "" ops_sky_apogee_good ops_sky sky_apogee 0 0 0.0 0.0 -999 ""
FIBERMAP 296 R+3C13 BOSS 0 0 0 1 0 0 19.49097587161774 65.36517275417253 143.1 47.1846860617732 49.240248391771445 24.870909 135.33731 -999.0 -999.0 -999.0 -999.0 -999.0 280.0919789987309 -10.349444615637216 280.1119854343523 -10.315075078320408 40.61610254491808 146.3564689005008 -999.0 5400.0 -999.0 1 106 {-999.0 -999.0 -999.0 -999.0 -999.0} "" -999.0 -999.0 -999.0 -999.0 -999 -999 "" "" "" "" 0 0 0.0 0.0 -999 ""
FIBERMAP 296 R+3C13 METROLOGY 0 0 0 1 0 0 18.954140323127092 64.85893049285956 143.1 46.47601799170561 49.035097704321466 24.870909 135.33731 -999.0 -999.0 -999.0 -999.0 -999.0 280.0886602236462 -10.35031659526762 280.1087028294697 -10.316014676965231 40.61680412624929 146.36080236856253 -999.0 6231.0 -999.0 -1 -999 {-999.0 -999.0 -999.0 -999.0 -999.0} "" -999.0 -999.0 -999.0 -999.0 -999 -999 "" "" "" "" 0 0 0.0 0.0 -999 ""
FIBERMAP 298 R-12C13 APOGEE 0 0 0 1 0 0 131.38319511516949 -225.18868014734912 143.1 14.03273811087912 -260.29319412690836 83.13421 40.168167 -999.0 -999.0 -999.0 -999.0 -999.0 279.93473415706114 -11.75147157280176 279.9584141798148 -11.716996031992815 39.44786564665088 147.3876460971102 -999.0 16600.0 -999.0 2 -999 {-999.0 -999.0 -999.0 -999.0 -999.0} "" -999.0 -999.0 -999.0 -999.0 -999 -999 "" "" "" "" 0 0 0.0 0.0 -999 ""
FIBERMAP 298 R-12C13 BOSS 1 1 0 1 0 0 131.7954854573117 -225.80055934811674 143.1 14.120053643851021 -261.0257097346547 83.13421 40.168167 279.93524414670816 -11.754977685950333 0.650206 -0.2747376 0.14726944 279.9352448987293 -11.754969909497452 279.9588162073608 -11.720271411360903 39.444780007751106 147.38915733103346 5400.0 5400.0 2016.0 1 344 {-999.0 14.741848 13.996651 13.582031 -999.0} sdss_psfmag_from_g3xp 14.521905 13.956867 13.197772 12.012 63050395430251497 1093202613 bright_3x1 mwm_astar_core_boss mwm_ob science 0 0 0.0 0.0 -999 ""
FIBERMAP 298 R-12C13 METROLOGY 0 0 0 1 0 0 131.05625493218312 -225.8593306504136 143.1 13.435691627957937 -260.7404268782477 83.13421 40.168167 -999.0 -999.0 -999.0 -999.0 -999.0 279.9320523582804 -11.753626700590427 279.9556550987551 -11.718999579719274 39.44733991985864 147.39194818708845 -999.0 6231.0 -999.0 -1 -999 {-999.0 -999.0 -999.0 -999.0 -999.0} "" -999.0 -999.0 -999.0 -999.0 -999 -999 "" "" "" "" 0 0 0.0 0.0 -999 ""
FIBERMAP 302 R-2C21 APOGEE 1 1 0 1 0 0 197.83734317866836 -31.30978758295485 143.1 161.67368183021694 -118.18857794937205 74.208496 52.63339 280.61937171581053 -11.110741615528639 0.8004004 -0.81625545 0.5362179 280.6193722826846 -11.110739058733902 280.6411268770652 -11.074805627899298 39.7005874648171 146.2298355854212 16000.0 16600.0 2016.0 2 228 {-999.0 9.144632 8.933568 8.883504 -999.0} sdss_psfmag_gaia 9.1355 8.929322 8.553101 8.087 63050395431764295 975476320 "" ops_std_apogee ops_std standard_apogee 0 0 0.0 0.0 -999 ""
FIBERMAP 302 R-2C21 BOSS 0 0 0 1 0 0 198.28719647601963 -31.898572700291226 143.1 161.8049541270176 -118.91770456005324 74.208496 52.63339 -999.0 -999.0 -999.0 -999.0 -999.0 280.62012248454164 -11.114283241254329 280.6417662425314 -11.078129945728614 39.69736556760421 146.2311763316725 -999.0 5400.0 -999.0 1 284 {-999.0 -999.0 -999.0 -999.0 -999.0} "" -999.0 -999.0 -999.0 -999.0 -999 -999 "" "" "" "" 0 0 0.0 0.0 -999 ""
FIBERMAP 302 R-2C21 METROLOGY 0 0 0 1 0 0 197.54762860516715 -31.998961961204813 143.1 161.10128784817488 -118.66928567706842 74.208496 52.63339 -999.0 -999.0 -999.0 -999.0 -999.0 280.6168477701999 -11.113103590575857 280.6385240121783 -11.077020725826339 39.699856268391635 146.23412601301246 -999.0 6231.0 -999.0 -1 -999 {-999.0 -999.0 -999.0 -999.0 -999.0} "" -999.0 -999.0 -999.0 -999.0 -999 -999 "" "" "" "" 0 0 0.0 0.0 -999 ""
FIBERMAP 307 R0C7 APOGEE 1 1 0 1 0 0 -137.65985646949846 -4.823274036571354 143.1 -124.64708949059862 58.570096645643254 34.344616 59.411667 279.29715717876275 -10.304573446506572 -3.7531116 -2.9775677 0.1369749 279.2971614722122 -10.304587136375277 279.3175385915116 -10.27253169403299 41.019500414380545 147.24294914190176 16000.0 16600.0 2016.0 2 250 {-999.0 19.327305 16.54637 15.119397 -999.0} sdss_psfmag_ps1 17.782993 15.74368 14.416086 10.722 63050395539637600 1153919116 bright_1x1 mwm_galactic_core_dist_apogee_sparse mwm_galactic science 0 0 0.0 0.0 -999 ""
FIBERMAP 307 R0C7 BOSS 0 0 0 1 0 0 -137.61359954268042 -5.558979266869445 143.1 -124.9418937642005 57.894584779365815 34.344616 59.411667 -999.0 -999.0 -999.0 -999.0 -999.0 279.2958425013821 -10.307838536686493 279.3161181096704 -10.275576945482088 41.01744650023031 147.24645792675926 -999.0 5400.0 -999.0 1 493 {-999.0 -999.0 -999.0 -999.0 -999.0} "" -999.0 -999.0 -999.0 -999.0 -999 -999 "" "" "" "" 0 0 0.0 0.0 -999 ""
FIBERMAP 307 R0C7 METROLOGY 0 0 0 1 0 0 -138.28521456074543 -5.231560974038658 143.1 -125.38976610328174 58.492496958702546 34.344616 59.411667 -999.0 -999.0 -999.0 -999.0 -999.0 279.29377239065417 -10.30505921274424 279.3140732701867 -10.272863400840984 41.02078286449661 147.24715969729132 -999.0 6231.0 -999.0 -1 -999 {-999.0 -999.0 -999.0 -999.0 -999.0} "" -999.0 -999.0 -999.0 -999.0 -999 -999 "" "" "" "" 0 0 0.0 0.0 -999 ""
FIBERMAP 310 R+1C8 APOGEE 0 0 0 1 0 0 -124.98676248001313 6.137793380763368 143.1 -108.36952117165922 62.532687141203866 264.1905 117.38389 -999.0 -999.0 -999.0 -999.0 -999.0 279.3723358105039 -10.286792375463937 279.39263428456826 -10.254548970669074 41.001227046715314 147.145117686527 -999.0 16600.0 -999.0 2 -999 {-999.0 -999.0 -999.0 -999.0 -999.0} "" -999.0 -999.0 -999.0 -999.0 -999 -999 "" "" "" "" 0 0 0.0 0.0 -999 ""
FIBERMAP 310 R+1C8 BOSS 1 1 0 1 0 0 -125.67672119205962 5.855552143510737 143.1 -109.1121014023383 62.596700484389046 264.1905 117.38389 279.3689738799125 -10.286685446329882 -0.64492464 0.91132706 -0.76579094 279.3689726295257 -10.28667202963998 279.389161804248 -10.254229576358144 41.00309407599428 147.14893334366045 5400.0 5400.0 2016.0 1 46 {-999.0 16.339617 15.171754 14.541104 -999.0} sdss_psfmag_ps1 15.8408985 15.365155 13.98215 12.149 63050395539638366 1093370499 bright_3x1 mwm_astar_core_boss mwm_ob science 0 0 0.0 0.0 -999 ""
FIBERMAP 310 R+1C8 METROLOGY 0 0 0 1 0 0 -125.57258516222278 6.599825593407147 143.1 -108.6796142285941 63.21115890382921 264.1905 117.38389 -999.0 -999.0 -999.0 -999.0 -999.0 279.3709613889471 -10.283829543462446 279.3911739050222 -10.25144225122513 41.00464596061711 147.14489646329918 -999.0 6231.0 -999.0 -1 -999 {-999.0 -999.0 -999.0 -999.0 -999.0} "" -999.0 -999.0 -999.0 -999.0 -999 -999 "" "" "" "" 0 0 0.0 0.0 -999 ""
FIBERMAP 322 R+11C6 APOGEE 1 1 0 1 0 0 -41.10207557421499 209.2701978103565 143.1 59.000876715821136 204.90865630353719 3.2749324 97.537674 280.1466118742436 -9.64391333883888 -1.8758332 -2.3686924 0.2654399 280.1466095088445 -9.643916080821896 280.1649590487301 -9.609968232706212 41.21131731925132 145.85149871109323 16000.0 16600.0 2016.0 2 4 {-999.0 16.594833 14.69271 12.116417 -999.0} sdss_psfmag_gaia 15.062691 12.837736 11.489451 7.828 63050395540074667 1154738101 bright_1x1 mwm_galactic_core_dist_apogee_sparse mwm_galactic science 0 0 0.0 0.0 -999 ""
FIBERMAP 322 R+11C6 BOSS 0 0 0 1 0 0 -40.95986865201685 208.54508263745055 143.1 58.796253083120725 204.19874990325116 3.2749324 97.537674 -999.0 -999.0 -999.0 -999.0 -999.0 280.14579690904986 -9.647266760768357 280.1640419949797 -9.613114832242028 41.20898756074059 145.85455625691205 -999.0 5400.0 -999.0 1 143 {-999.0 -999.0 -999.0 -999.0 -999.0} "" -999.0 -999.0 -999.0 -999.0 -999 -999 "" "" "" "" 0 0 0.0 0.0 -999 ""
FIBERMAP 322 R+11C6 METROLOGY 0 0 0 1 0 0 -41.67508027353811 208.7741894682697 143.1 58.26471035407072 204.72912449142416 3.2749324 97.537674 -999.0 -999.0 -999.0 -999.0 -999.0 280.14331578317467 -9.644821580218741 280.16158803011194 -9.61073533998561 41.21223492030414 145.85586590054845 -999.0 6231.0 -999.0 -1 -999 {-999.0 -999.0 -999.0 -999.0 -999.0} "" -999.0 -999.0 -999.0 -999.0 -999 -999 "" "" "" "" 0 0 0.0 0.0 -999 ""
FIBERMAP 325 R+6C4 APOGEE 0 0 0 1 0 0 -142.61728071658365 121.18174604956417 143.1 -71.51831823573708 172.911790825061 34.60002 101.11698 -999.0 -999.0 -999.0 -999.0 -999.0 279.5451495391805 -9.786623947635306 279.5641266267593 -9.754179011760193 41.36507057320639 146.63652836998193 -999.0 16600.0 -999.0 2 -999 {-999.0 -999.0 -999.0 -999.0 -999.0} "" -999.0 -999.0 -999.0 -999.0 -999 -999 "" "" "" "" 0 0 0.0 0.0 -999 ""
FIBERMAP 325 R+6C4 BOSS 1 1 0 1 0 0 -142.0723083285742 120.65875493573398 143.1 -71.27239632829536 172.19775147564275 34.60002 101.11698 279.54636503593656 -9.789998456570457 2.1175063 -8.210977 1.6330488 279.54635143272685 -9.790004327966972 279.56522604166383 -9.757349934212284 41.36176198490044 146.6372359161503 5400.0 5400.0 2016.0 1 38 {-999.0 20.815886 18.643015 17.486044 -999.0} sdss_psfmag_ps1 19.768576 18.204985 16.982172 14.148 63050395540304161 1096364496 bright_1x1 mwm_bin_vis_boss mwm_filler science 0 0 0.0 0.0 -999 ""
FIBERMAP 325 R+6C4 METROLOGY 0 0 0 1 0 0 -142.79469034870195 120.4570476274992 143.1 -72.00704160503743 172.34820311676805 34.60002 101.11698 -999.0 -999.0 -999.0 -999.0 -999.0 279.5429460193498 -9.789272807332235 279.561851633222 -9.756685690006453 41.36390893907745 146.64073359896992 -999.0 6231.0 -999.0 -1 -999 {-999.0 -999.0 -999.0 -999.0 -999.0} "" -999.0 -999.0 -999.0 -999.0 -999 -999 "" "" "" "" 0 0 0.0 0.0 -999 ""
FIBERMAP 333 R+12C2 APOGEE 1 1 0 1 0 0 -124.80658279779601 251.92876227430068 143.1 4.027424614766413 281.07464450926875 133.10043 27.718822 279.89441458929747 -9.302393562722576 -1.7271549 -5.145311 0.24222165 279.89439842745026 -9.3024472888156 279.91201832514895 -9.269328428806078 41.62979241276723 145.9266049785937 16000.0 16600.0 2016.0 2 132 {-999.0 23.32831 19.342161 16.959402 -999.0} sdss_psfmag_ps1 20.511501 17.255926 15.698086 10.696 63050395540476494 1153922405 bright_1x1 mwm_galactic_core_dist_apogee_sparse mwm_galactic science 0 0 0.0 0.0 -999 ""
FIBERMAP 333 R+12C2 BOSS 0 0 0 1 0 0 -124.11043205742683 251.68697036101693 143.1 4.536220771338341 280.5416907523055 133.10043 27.718822 -999.0 -999.0 -999.0 -999.0 -999.0 279.8968341609272 -9.305029643185408 279.9143483066789 -9.271701408405857 41.62660955475766 145.92541710184958 -999.0 5400.0 -999.0 1 6 {-999.0 -999.0 -999.0 -999.0 -999.0} "" -999.0 -999.0 -999.0 -999.0 -999 -999 "" "" "" "" 0 0 0.0 0.0 -999 ""
FIBERMAP 333 R+12C2 METROLOGY 0 0 0 1 0 0 -124.66502974309887 251.19089455206299 143.1 3.816396128790529 280.353693649461 133.10043 27.718822 -999.0 -999.0 -999.0 -999.0 -999.0 279.8935040685356 -9.30579892957151 279.91105309619087 -9.272536194458421 41.627428368371525 145.92977332915441 -999.0 6231.0 -999.0 -1 -999 {-999.0 -999.0 -999.0 -999.0 -999.0} "" -999.0 -999.0 -999.0 -999.0 -999 -999 "" "" "" "" 0 0 0.0 0.0 -999 ""
FIBERMAP 343 R+11C1 APOGEE 1 1 0 1 0 0 -176.79454701290507 225.36581284099995 143.1 -54.34398822345759 281.1871469755656 140.35426 103.05843 279.62717075797207 -9.301584265612245 -0.7223382 -2.8225713 0.19979474 279.6271422425512 -9.30157963789378 279.64487993643996 -9.26916035890559 41.755286765683415 146.2371182240913 16000.0 16600.0 2016.0 2 139 {-999.0 19.530405 16.758158 15.278642 -999.0} sdss_psfmag_ps1 17.995106 15.961931 14.602213 10.905 63050395540496525 1153922420 bright_1x1 mwm_galactic_core_dist_apogee_sparse mwm_galactic science 0 0 0.0 0.0 -999 ""
FIBERMAP 343 R+11C1 BOSS 0 0 0 1 0 0 -176.46521138168782 226.01621938245776 143.1 -53.75405515090498 281.61527944111134 140.35426 103.05843 -999.0 -999.0 -999.0 -999.0 -999.0 279.62996615914 -9.299895215088101 279.6475887591936 -9.26726808653842 41.755687457195464 146.23276058164527 -999.0 5400.0 -999.0 1 9 {-999.0 -999.0 -999.0 -999.0 -999.0} "" -999.0 -999.0 -999.0 -999.0 -999 -999 "" "" "" "" 0 0 0.0 0.0 -999 ""
FIBERMAP 343 R+11C1 METROLOGY 0 0 0 1 0 0 -176.05434412698116 225.39762489970371 143.1 -53.67107184529993 280.8774406078068 140.35426 103.05843 -999.0 -999.0 -999.0 -999.0 -999.0 279.63029268675473 -9.303111945250867 279.6479541781373 -9.270539406610624 41.75263540483346 146.2344113583566 -999.0 6231.0 -999.0 -1 -999 {-999.0 -999.0 -999.0 -999.0 -999.0} "" -999.0 -999.0 -999.0 -999.0 -999 -999 "" "" "" "" 0 0 0.0 0.0 -999 ""
FIBERMAP 361 R+13C14 APOGEE 1 1 0 1 0 0 155.7769782043046 247.97586758700805 143.1 251.79367288622078 149.43446936970454 321.62527 132.83475 281.0289221574373 -9.898959941085387 1.3335714 -8.457101 1.8091742 281.0289211095486 -9.899004869504024 281.047488200351 -9.862621609896461 40.5691457396169 145.00650474658082 16000.0 16600.0 2016.0 2 98 {-999.0 11.15906 10.828305 10.729935 -999.0} sdss_psfmag_gaia 11.114509 10.843582 10.400612 9.712 63050395432799224 975476333 "" ops_std_apogee ops_std standard_apogee 0 0 0.0 0.0 -999 ""
FIBERMAP 361 R+13C14 BOSS 0 0 0 1 0 0 155.8331401217296 247.24218486584417 143.1 251.50860237421344 148.75623350683674 321.62527 132.83475 -999.0 -999.0 -999.0 -999.0 -999.0 281.0277631343535 -9.902261762758481 281.04622041615977 -9.865672095988428 40.567096954505445 145.0099040934995 -999.0 5400.0 -999.0 1 90 {-999.0 -999.0 -999.0 -999.0 -999.0} "" -999.0 -999.0 -999.0 -999.0 -999 -999 "" "" "" "" 0 0 0.0 0.0 -999 ""
FIBERMAP 361 R+13C14 METROLOGY 0 0 0 1 0 0 155.15868614549225 247.55334506177147 143.1 251.05078084985036 149.34098092772774 321.62527 132.83475 -999.0 -999.0 -999.0 -999.0 -999.0 281.02563561762577 -9.899558591139689 281.0441208159357 -9.863034753389693 40.57040924034326 145.01057956656558 -999.0 6231.0 -999.0 -1 -999 {-999.0 -999.0 -999.0 -999.0 -999.0} "" -999.0 -999.0 -999.0 -999.0 -999 -999 "" "" "" "" 0 0 0.0 0.0 -999 ""
FIBERMAP 368 R-8C2 APOGEE 0 0 0 1 1 0 -195.83727827810145 -140.49787728614956 143.1 -238.34801815139858 -35.54286257173256 220.06413 11.183043 -999.0 -999.0 -999.0 -999.0 -999.0 278.77330400274855 -10.729358556419545 278.7949796410038 -10.698460612239925 40.87567392073606 148.1058183859182 -999.0 16600.0 -999.0 2 -999 {-999.0 -999.0 -999.0 -999.0 -999.0} "" -999.0 -999.0 -999.0 -999.0 -999 -999 "" "" "" "" 0 0 0.0 0.0 -999 ""
FIBERMAP 368 R-8C2 BOSS 1 0 0 1 1 0 -195.26557049790276 -139.8820320954956 143.1 -237.55828370189278 -35.2561469961199 220.06413 11.183043 278.7374062523185 -10.750281709288389 1.3269143 -8.066059 1.5667202 278.7769851073576 -10.728302879289052 278.7985479561188 -10.697185586313806 40.87522571070728 148.10091990729296 5400.0 5400.0 2016.0 1 489 {-999.0 19.052536 17.02467 16.018026 -999.0} sdss_psfmag_ps1 18.087105 16.63611 15.473397 12.844 63050395538995975 916360460 bright_6x1 mwm_yso_cluster_boss mwm_yso science 0 0 0.0 0.0 -999 ""
FIBERMAP 368 R-8C2 METROLOGY 0 0 0 1 1 0 -195.1004095655419 -140.61486652053722 143.1 -237.74601525893766 -35.98340105371553 220.06413 11.183043 -999.0 -999.0 -999.0 -999.0 -999.0 278.77609244188835 -10.73153001558969 278.79769450309067 -10.700472979678542 40.872672814482314 148.1038749940273 -999.0 6231.0 -999.0 -1 -999 {-999.0 -999.0 -999.0 -999.0 -999.0} "" -999.0 -999.0 -999.0 -999.0 -999 -999 "" "" "" "" 0 0 0.0 0.0 -999 ""
FIBERMAP 372 R+12C4 APOGEE 0 0 0 1 0 0 -110.60528260594766 234.3819213480667 143.1 8.646590198804844 258.98241112062 233.72714 43.88568 -999.0 -999.0 -999.0 -999.0 -999.0 279.91537547717013 -9.400814028085923 279.9332292012557 -9.367591746926392 41.533449995129494 145.96469838061915 -999.0 16600.0 -999.0 2 -999 {-999.0 -999.0 -999.0 -999.0 -999.0} "" -999.0 -999.0 -999.0 -999.0 -999 -999 "" "" "" "" 0 0 0.0 0.0 -999 ""
FIBERMAP 372 R+12C4 BOSS 1 1 0 1 0 0 -110.72482095864427 235.10776263718878 143.1 8.871708463721452 259.6826121260634 233.72714 43.88568 279.9165365532448 -9.39783280426793 -1.0095824 -1.479716 0.22257386 279.91652528031943 -9.397884310262134 279.9342598871272 -9.364458055083022 41.53571906126694 145.96150739847758 5400.0 5400.0 2016.0 1 93 {-999.0 16.051594 15.076042 14.588141 -999.0} sdss_psfmag_ps1 15.685499 14.969472 14.085502 12.403 63050395540454686 1093370771 bright_3x1 mwm_astar_core_boss mwm_ob science 0 0 0.0 0.0 -999 ""
FIBERMAP 372 R+12C4 METROLOGY 0 0 0 1 0 0 -110.023917116666 234.84954956405036 143.1 9.377233900923356 259.1328817728871 233.72714 43.88568 -999.0 -999.0 -999.0 -999.0 -999.0 279.91880827481504 -9.400289046927892 279.9365793407193 -9.366912978512163 41.53246974277998 145.96038495169358 -999.0 6231.0 -999.0 -1 -999 {-999.0 -999.0 -999.0 -999.0 -999.0} "" -999.0 -999.0 -999.0 -999.0 -999 -999 "" "" "" "" 0 0 0.0 0.0 -999 ""
FIBERMAP 373 R-8C13 APOGEE 0 0 0 1 0 0 63.72896803432097 -177.0309166178036 143.1 -24.15331099520646 -186.5649358063181 334.21576 22.266779 -999.0 -999.0 -999.0 -999.0 -999.0 279.7587892168399 -11.42019946637456 279.7817286882809 -11.386359969140859 39.82107568565785 147.3883402264447 -999.0 16600.0 -999.0 2 -999 {-999.0 -999.0 -999.0 -999.0 -999.0} "" -999.0 -999.0 -999.0 -999.0 -999 -999 "" "" "" "" 0 0 0.0 0.0 -999 ""
FIBERMAP 373 R-8C13 BOSS 1 1 0 1 0 0 62.989276236200034 -176.99210464679484 143.1 -24.79352339360858 -186.19264470794676 334.21576 22.266779 279.7559470721389 -11.41878395188552 -0.52135134 -4.222033 0.62352717 279.75593415417353 -11.418779021639292 279.77875611367017 -11.384730848789316 39.823867378724344 147.39072415817043 5400.0 5400.0 2016.0 1 353 {-999.0 16.472982 15.590695 15.290061 -999.0} sdss_psfmag_ps1 16.152626 15.516002 14.70449 13.309 63050395430484162 981880522 "" ops_std_boss_tic ops_std standard_boss 0 0 0.0 0.0 -999 ""
FIBERMAP 373 R-8C13 METROLOGY 0 0 0 1 0 0 63.38015325610475 -176.3713787257839 143.1 -24.162404167399863 -185.81901426161073 334.21576 22.266779 -999.0 -999.0 -999.0 -999.0 -999.0 279.7588301303025 -11.41703340617287 279.7816790294971 -11.383040027981558 39.82404207014888 147.38639808714487 -999.0 6231.0 -999.0 -1 -999 {-999.0 -999.0 -999.0 -999.0 -999.0} "" -999.0 -999.0 -999.0 -999.0 -999 -999 "" "" "" "" 0 0 0.0 0.0 -999 ""
FIBERMAP 375 R+2C25 APOGEE 0 0 0 1 0 0 261.41547835523124 57.774022456126865 143.1 258.9034228368889 -67.98298706663596 163.49312 50.23574 -999.0 -999.0 -999.0 -999.0 -999.0 281.0647439217287 -10.881557860962129 281.08571430155536 -10.844577562153471 39.69300796454173 145.58856194309266 -999.0 16600.0 -999.0 2 57 {-999.0 -999.0 -999.0 -999.0 -999.0} "" -999.0 -999.0 -999.0 -999.0 -999 -999 "" "" "" "" 0 0 0.0 0.0 -999 ""
FIBERMAP 375 R+2C25 BOSS 1 1 0 1 0 0 262.0207029645172 58.19332421220644 143.1 259.6332210252899 -67.8863963586229 163.49312 50.23574 281.0676502823377 -10.881311405812184 -1.1472939 -2.832845 0.5889804 281.06818219070857 -10.881321277064712 281.0890292175485 -10.844117035069342 39.691835631533024 145.58456960761828 5400.0 5400.0 2016.0 1 176 {-999.0 10.518938 10.33173 10.271747 -999.0} sdss_psfmag_from_g3xp 10.516035 10.303362 9.9296875 9.436 63050395431899708 1068599426 bright_1x1 mwm_ob_core_boss_single mwm_ob science 0 0 1.967323899269104 0.0 -999 ""
FIBERMAP 375 R+2C25 METROLOGY 0 0 0 1 0 0 262.089314040857 57.455641634852924 143.1 259.3573972209815 -68.57387470009716 163.49312 50.23574 -999.0 -999.0 -999.0 -999.0 -999.0 281.06688562087743 -10.884372905842731 281.0877751247994 -10.847231403999269 39.689706131636456 145.58792876115024 -999.0 6231.0 -999.0 -1 -999 {-999.0 -999.0 -999.0 -999.0 -999.0} "" -999.0 -999.0 -999.0 -999.0 -999 -999 "" "" "" "" 0 0 0.0 0.0 -999 ""
FIBERMAP 380 R-1C10 APOGEE 0 0 0 1 0 0 -64.9892850529619 -31.32623306179231 143.1 -72.11080678307708 1.8125481105305168 352.11182 77.687096 -999.0 -999.0 -999.0 -999.0 -999.0 279.53871299065867 -10.563777729678016 279.5596239040717 -10.530957795028009 40.680163575784555 147.12229546722205 -999.0 16600.0 -999.0 2 -999 {-999.0 -999.0 -999.0 -999.0 -999.0} "" -999.0 -999.0 -999.0 -999.0 -999 -999 "" "" "" "" 0 0 0.0 0.0 -999 ""
FIBERMAP 380 R-1C10 BOSS 1 1 0 1 0 0 -65.21887736327874 -32.05199359623427 143.1 -72.6464301912657 1.271844103481266 352.11182 77.687096 279.5362956960462 -10.566429092614785 0.00083939807 -1.8286729 0.36692974 279.5362972362458 -10.566441587029065 279.5571038248383 -10.533416408146035 40.6791362653884 147.12669422647315 5400.0 5400.0 2016.0 1 441 {-999.0 18.007248 16.68159 15.978506 15.478068} sdss_psfmag_from_ps1dr2 17.471 16.5709 15.5822 -999.0 63050395538952314 1040005276 "" ops_std_boss_ps1dr2 ops_std standard_boss 0 0 0.0 0.0 -999 ""
FIBERMAP 380 R-1C10 METROLOGY 0 0 0 1 0 0 -65.71891136070167 -31.482141469409854 143.1 -72.83098228582504 2.0070445934829926 352.11182 77.687096 -999.0 -999.0 -999.0 -999.0 -999.0 279.53543068519497 -10.563029484253413 279.55626095624746 -10.530067907963115 40.68248676158354 147.12561219446846 -999.0 6231.0 -999.0 -1 -999 {-999.0 -999.0 -999.0 -999.0 -999.0} "" -999.0 -999.0 -999.0 -999.0 -999 -999 "" "" "" "" 0 0 0.0 0.0 -999 ""
FIBERMAP 382 R+9C5 APOGEE 1 1 0 1 0 0 -93.38307137955498 181.3599533468515 143.1 -0.2464012133645958 203.95658568334568 16.630522 140.75069 279.8739624023437 -9.64727235460441 -999.0 -999.0 -999.0 279.8739646503516 -9.647260879069988 279.89244703356417 -9.614024723029882 41.33585818587721 146.1683220550965 16000.0 16600.0 2015.5 2 112 {-999.0 -999.0 -999.0 -999.0 -999.0} "" -999.0 -999.0 -999.0 -999.0 27021603148707037 848991027 "" ops_sky_apogee_good ops_sky sky_apogee 0 0 0.0 0.0 -999 ""
FIBERMAP 382 R+9C5 BOSS 0 0 0 1 0 0 -92.72702695651 181.0064556098446 143.1 0.17571273561709255 203.34258663715076 16.630522 140.75069 -999.0 -999.0 -999.0 -999.0 -999.0 279.8760124738297 -9.650184996945322 279.89438945185736 -9.616737890050116 41.33256102336177 146.16779315487264 -999.0 5400.0 -999.0 1 80 {-999.0 -999.0 -999.0 -999.0 -999.0} "" -999.0 -999.0 -999.0 -999.0 -999 -999 "" "" "" "" 0 0 0.0 0.0 -999 ""
FIBERMAP 382 R+9C5 METROLOGY 0 0 0 1 0 0 -93.3709821335873 180.6048489338246 143.1 -0.5804550288363668 203.27942093142917 16.630522 140.75069 -999.0 -999.0 -999.0 -999.0 -999.0 279.87249886863356 -9.650411869989656 279.89090967858107 -9.617031697652624 41.33393148938666 146.172000158813 -999.0 6231.0 -999.0 -1 -999 {-999.0 -999.0 -999.0 -999.0 -999.0} "" -999.0 -999.0 -999.0 -999.0 -999 -999 "" "" "" "" 0 0 0.0 0.0 -999 ""
FIBERMAP 383 R+6C1 APOGEE 1 1 0 1 0 0 -233.70490852102714 115.8677366384268 143.1 -154.9647918629964 209.77889716204174 147.69603 146.43143 279.1638513263619 -9.620911424925504 0.448858 -1.2104665 0.57894397 279.16385519605615 -9.620904728788377 279.182591982609 -9.5895404226699 41.68629367453648 146.97807132496504 16000.0 16600.0 2016.0 2 119 {-999.0 12.656774 11.835997 11.528567 -999.0} sdss_psfmag_gaia 12.404565 11.876698 11.169129 10.096 63050395540298521 975476506 "" ops_std_apogee ops_std standard_apogee 0 0 0.0 0.0 -999 ""
FIBERMAP 383 R+6C1 BOSS 0 0 0 1 0 0 -234.01986556610754 116.52046503902298 143.1 -154.9468789727877 210.50330123822633 147.69603 146.43143 -999.0 -999.0 -999.0 -999.0 -999.0 279.16407654734667 -9.617851660544043 279.1826976737966 -9.586285456155283 41.68912732081543 146.97592206189546 -999.0 5400.0 -999.0 1 83 {-999.0 -999.0 -999.0 -999.0 -999.0} "" -999.0 -999.0 -999.0 -999.0 -999 -999 "" "" "" "" 0 0 0.0 0.0 -999 ""
FIBERMAP 383 R+6C1 METROLOGY 0 0 0 1 0 0 -233.27801577110574 116.48414185785884 143.1 -154.30361062839413 210.1322384330117 147.69603 146.43143 -999.0 -999.0 -999.0 -999.0 -999.0 279.1669651777103 -9.619452905510618 279.18561958230106 -9.587935813856408 41.686326974744155 146.97353320761766 -999.0 6231.0 -999.0 -1 -999 {-999.0 -999.0 -999.0 -999.0 -999.0} "" -999.0 -999.0 -999.0 -999.0 -999 -999 "" "" "" "" 0 0 0.0 0.0 -999 ""
FIBERMAP 386 R-4C2 APOGEE 0 0 0 1 0 0 -237.86467025453084 -69.61485343886288 143.1 -243.36256785398788 46.69678131874912 170.96542 94.48946 -999.0 -999.0 -999.0 -999.0 -999.0 278.7528733278954 -10.35666637151583 278.77362707393166 -10.32601103955574 41.217206029165624 147.90685780517697 -999.0 16600.0 -999.0 2 -999 {-999.0 -999.0 -999.0 -999.0 -999.0} "" -999.0 -999.0 -999.0 -999.0 -999 -999 "" "" "" "" 0 0 0.0 0.0 -999 ""
FIBERMAP 386 R-4C2 BOSS 1 1 0 1 0 0 -237.81626615876627 -68.86662503944181 143.1 -242.97784671909267 47.34020668984438 170.96542 94.48946 278.7547302246094 -10.353928052943871 -999.0 -999.0 -999.0 278.7547303110157 -10.353963030713349 278.77536896630266 -10.323096715728157 41.21902425096228 147.90306858403255 5400.0 5400.0 2015.5 1 486 {-999.0 -999.0 -999.0 -999.0 -999.0} "" -999.0 -999.0 -999.0 -999.0 27021603148703568 852778578 "" ops_sky_boss_fallback ops_sky sky_boss 0 0 0.0 0.0 -999 ""
FIBERMAP 386 R-4C2 METROLOGY 0 0 0 1 0 0 -237.19230214474928 -69.29146032597923 143.1 -242.616842601341 46.67740390396008 170.96542 94.48946 -999.0 -999.0 -999.0 -999.0 -999.0 278.7563203213544 -10.356911875686079 278.77699607902514 -10.326098685824947 41.21562273113658 147.9029851196458 -999.0 6231.0 -999.0 -1 -999 {-999.0 -999.0 -999.0 -999.0 -999.0} "" -999.0 -999.0 -999.0 -999.0 -999 -999 "" "" "" "" 0 0 0.0 0.0 -999 ""
FIBERMAP 388 R+2C3 APOGEE 1 1 0 1 0 0 -233.47997660065215 40.18181369944132 143.1 -189.32553854132058 142.3556611164988 133.00642 146.43019 279.0034090604738 -9.924449480414228 7.475588 2.1517222 1.5421088 279.00342962771697 -9.924431244316763 279.0229931531557 -9.893336212308629 41.4897270372155 147.3524255723403 16000.0 16600.0 2016.0 2 116 {-999.0 19.206564 17.22896 16.119484 -999.0} sdss_psfmag_ps1 18.189331 16.713644 15.533699 12.908 63050395540285018 1034951925 bright_1x1 mwm_yso_pms_apogee_sagitta_edr3_single mwm_yso science 0 0 0.0 0.0 -999 ""
FIBERMAP 388 R+2C3 BOSS 0 0 0 1 0 0 -233.6264623356403 40.91599882974996 143.1 -189.12057913652657 143.07558884606152 133.00642 146.43019 -999.0 -999.0 -999.0 -999.0 -999.0 279.00448370124144 -9.921368710519879 279.02393130474985 -9.890067698839113 41.49220278070317 147.3493209926281 -999.0 5400.0 -999.0 1 60 {-999.0 -999.0 -999.0 -999.0 -999.0} "" -999.0 -999.0 -999.0 -999.0 -999 -999 "" "" "" "" 0 0 0.0 0.0 -999 ""
FIBERMAP 388 R+2C3 METROLOGY 0 0 0 1 0 0 -232.92338870014441 40.687338210448225 143.1 -188.5996290529467 142.5511537760195 133.00642 146.43019 -999.0 -999.0 -999.0 -999.0 -999.0 279.0068103770967 -9.923679677404635 279.0262932375073 -9.892429426712308 41.48903484299738 147.34801566724263 -999.0 6231.0 -999.0 -1 -999 {-999.0 -999.0 -999.0 -999.0 -999.0} "" -999.0 -999.0 -999.0 -999.0 -999 -999 "" "" "" "" 0 0 0.0 0.0 -999 ""
FIBERMAP 394 R-1C26 APOGEE 1 1 0 1 0 0 295.18445449395597 -12.03383955393913 143.1 257.0632974257634 -145.49522530168244 54.07072 84.6386 281.05470516728656 -11.231100914567412 -4.661408 -7.429131 0.19769137 281.0546940952848 -11.231099676108041 281.0765322506568 -11.193963020058773 39.39137575486071 145.81750311488895 16000.0 16600.0 2016.0 2 240 {-999.0 16.09668 14.384807 13.595329 -999.0} sdss_psfmag_from_g3xp 15.325201 14.189548 13.146089 10.638 63050395431084372 1152173696 bright_1x1 mwm_galactic_core_dist_apogee_sparse mwm_galactic science 0 0 0.0 0.0 -999 ""
FIBERMAP 394 R-1C26 BOSS 0 0 0 1 0 0 295.7470506268301 -12.518958626296003 143.1 257.34218885193155 -146.18362613621636 54.07072 84.6386 -999.0 -999.0 -999.0 -999.0 -999.0 281.05603532987845 -11.234387032898988 281.07775898373393 -11.197027429197645 39.38811057901979 145.8180480595525 -999.0 5400.0 -999.0 1 262 {-999.0 -999.0 -999.0 -999.0 -999.0} "" -999.0 -999.0 -999.0 -999.0 -999 -999 "" "" "" "" 0 0 0.0 0.0 -999 ""
FIBERMAP 394 R-1C26 METROLOGY 0 0 0 1 0 0 295.04056429164734 -12.776270729906429 143.1 256.5962912669711 -146.08989193576645 54.07072 84.6386 -999.0 -999.0 -999.0 -999.0 -999.0 281.0526237409991 -11.233937880202737 281.0743825532355 -11.196649149812597 39.39003714869279 145.82156829986118 -999.0 6231.0 -999.0 -1 -999 {-999.0 -999.0 -999.0 -999.0 -999.0} "" -999.0 -999.0 -999.0 -999.0 -999 -999 "" "" "" "" 0 0 0.0 0.0 -999 ""
FIBERMAP 396 R+11C2 APOGEE 0 0 0 1 0 0 -135.94437239416965 223.71629548883834 143.1 -18.76212039706095 261.0663406437981 56.294983 107.03954 -999.0 -999.0 -999.0 -999.0 -999.0 279.7896770803471 -9.391221238836051 279.8075637941621 -9.358332535187197 41.6006291238545 146.1045386338453 -999.0 16600.0 -999.0 2 -999 {-999.0 -999.0 -999.0 -999.0 -999.0} "" -999.0 -999.0 -999.0 -999.0 -999 -999 "" "" "" "" 0 0 0.0 0.0 -999 ""
FIBERMAP 396 R+11C2 BOSS 1 1 0 1 0 0 -135.2250099461991 223.5180501336241 143.1 -18.212793203175284 260.56152106888726 56.294983 107.03954 279.7922918446635 -9.393668406262739 3.400533 -6.7348976 1.0134844 279.79229731403814 -9.393666669581949 279.81007819972336 -9.360567708819826 41.597483404931516 146.10304028069032 5400.0 5400.0 2016.0 1 17 {-999.0 16.556612 15.155732 14.669723 -999.0} sdss_psfmag_ps1 16.029 15.082736 14.111946 12.099 63050395540461776 917052612 bright_3x1 mwm_yso_variable_boss mwm_yso science 0 0 0.0 0.0 -999 ""
FIBERMAP 396 R+11C2 METROLOGY 0 0 0 1 0 0 -135.75336068802298 222.99506285741714 143.1 -18.921560628151216 260.3376016992171 56.294983 107.03954 -999.0 -999.0 -999.0 -999.0 -999.0 279.7890117081567 -9.3946055982397 279.80682778006025 -9.361572068468789 41.598123956564265 146.10745189843388 -999.0 6231.0 -999.0 -1 -999 {-999.0 -999.0 -999.0 -999.0 -999.0} "" -999.0 -999.0 -999.0 -999.0 -999 -999 "" "" "" "" 0 0 0.0 0.0 -999 ""
FIBERMAP 402 R+12C13 APOGEE 0 0 0 1 0 0 102.32819437465074 246.29309465418962 143.1 203.48405310209202 172.34425804630214 149.9524 89.79019 -999.0 -999.0 -999.0 -999.0 -999.0 280.80892874395914 -9.794358185733296 280.82734207270374 -9.758602814049471 40.76584172151644 145.18912778601205 -999.0 16600.0 -999.0 2 -999 {-999.0 -999.0 -999.0 -999.0 -999.0} "" -999.0 -999.0 -999.0 -999.0 -999 -999 "" "" "" "" 0 0 0.0 0.0 -999 ""
FIBERMAP 402 R+12C13 BOSS 1 1 0 1 0 0 102.70872390032268 246.94601398404092 143.1 204.1206691468634 172.75124865954163 149.9524 89.79019 280.8119201660156 -9.79273997337269 -999.0 -999.0 -999.0 280.8119300966929 -9.79275394270619 280.8302211085183 -9.756784885264516 40.76604728462387 145.18468679186165 5400.0 5400.0 2015.5 1 100 {-999.0 -999.0 -999.0 -999.0 -999.0} "" -999.0 -999.0 -999.0 -999.0 27021603148707631 852779617 "" ops_sky_boss_fallback ops_sky sky_boss 0 0 0.0 0.0 -999 ""
FIBERMAP 402 R+12C13 METROLOGY 0 0 0 1 0 0 103.0742818805742 246.29702072305264 143.1 204.14946997603377 172.00706074424778 149.9524 89.79019 -999.0 -999.0 -999.0 -999.0 -999.0 280.8120541486496 -9.796042857436372 280.83038634059335 -9.760130366403235 40.76304624122062 145.18665068007826 -999.0 6231.0 -999.0 -1 -999 {-999.0 -999.0 -999.0 -999.0 -999.0} "" -999.0 -999.0 -999.0 -999.0 -999 -999 "" "" "" "" 0 0 0.0 0.0 -999 ""
FIBERMAP 404 R+1C23 APOGEE 0 0 0 1 0 0 217.19884725791928 12.036321547730898 143.1 198.6885382120487 -88.47455319366911 253.35248 155.95276 -999.0 -999.0 -999.0 -999.0 -999.0 280.78983241140077 -10.975532486879041 280.81116935635936 -10.939223060553754 39.73992139189334 145.9549769326919 -999.0 16600.0 -999.0 2 -999 {-999.0 -999.0 -999.0 -999.0 -999.0} "" -999.0 -999.0 -999.0 -999.0 -999 -999 "" "" "" "" 0 0 0.0 0.0 -999 ""
FIBERMAP 404 R+1C23 BOSS 1 1 0 1 0 0 216.72024118089408 11.458498534595908 143.1 197.9989773841674 -88.76996256606417 253.35248 155.95276 280.7867917892862 -10.977112061551574 -0.3545112 -3.8197813 0.16588283 280.78682759235437 -10.97711615738943 280.80805012160016 -10.940598473424965 39.7401827082266 145.95932965709983 5400.0 5400.0 2016.0 1 182 {-999.0 15.394283 14.768599 14.46421 -999.0} sdss_psfmag_from_g3xp 15.232029 14.757362 14.0866375 13.002 63050395431880324 1093200787 bright_3x1 mwm_astar_core_boss mwm_ob science 0 0 0.0 0.0 -999 ""
FIBERMAP 404 R+1C23 METROLOGY 0 0 0 1 0 0 216.46414152420738 12.166204053722431 143.1 198.09434674412174 -88.02353419619568 253.35248 155.95276 -999.0 -999.0 -999.0 -999.0 -999.0 280.7872335434087 -10.973668934278026 280.80848130654016 -10.937213013526344 39.74295073811507 145.9567356354203 -999.0 6231.0 -999.0 -1 -999 {-999.0 -999.0 -999.0 -999.0 -999.0} "" -999.0 -999.0 -999.0 -999.0 -999 -999 "" "" "" "" 0 0 0.0 0.0 -999 ""
FIBERMAP 409 R+9C6 APOGEE 1 1 0 1 0 0 -72.87905682534978 182.29581156256972 143.1 18.41869502474269 195.4261613789015 21.282 145.2595 279.95985559922514 -9.685910781527951 -4.0987825 -7.4522033 -0.2889526 279.95983195920996 -9.68591571975787 279.9783708738771 -9.652435621032232 41.26179809390619 146.09341881562855 16000.0 16600.0 2016.0 2 17 {-999.0 22.135637 18.691048 16.315676 -999.0} sdss_psfmag_ps1 18.844107 16.84998 15.171788 10.769 63050395540102821 1153920615 bright_1x1 mwm_galactic_core_dist_apogee_sparse mwm_galactic science 0 0 0.0 0.0 -999 ""
FIBERMAP 409 R+9C6 BOSS 0 0 0 1 0 0 -72.1542267161224 182.12482200373643 143.1 18.985331493229772 194.94308835337984 21.282 145.2595 -999.0 -999.0 -999.0 -999.0 -999.0 279.962555264958 -9.68825414461184 279.98098647337434 -9.654561212391348 41.25870160592074 146.0917472708971 -999.0 5400.0 -999.0 1 147 {-999.0 -999.0 -999.0 -999.0 -999.0} "" -999.0 -999.0 -999.0 -999.0 -999 -999 "" "" "" "" 0 0 0.0 0.0 -999 ""
FIBERMAP 409 R+9C6 METROLOGY 0 0 0 1 0 0 -72.66042104244471 181.56718390320455 143.1 18.280448815724164 194.67823065103994 21.282 145.2595 -999.0 -999.0 -999.0 -999.0 -999.0 279.95927445310497 -9.689389242595334 279.97774179030694 -9.655762292405887 41.25916718443668 146.0962500633249 -999.0 6231.0 -999.0 -1 -999 {-999.0 -999.0 -999.0 -999.0 -999.0} "" -999.0 -999.0 -999.0 -999.0 -999 -999 "" "" "" "" 0 0 0.0 0.0 -999 ""
FIBERMAP 410 R-2C2 APOGEE 0 0 0 1 0 0 -248.97423399261584 -50.29425124234559 143.1 -244.4217589010113 68.95493195243007 244.82584 129.139 -999.0 -999.0 -999.0 -999.0 -999.0 278.7489919225136 -10.255929698710645 278.7694959199207 -10.225335284486686 41.30873511973485 147.85081678777146 -999.0 16600.0 -999.0 2 -999 {-999.0 -999.0 -999.0 -999.0 -999.0} "" -999.0 -999.0 -999.0 -999.0 -999 -999 "" "" "" "" 0 0 0.0 0.0 -999 ""
FIBERMAP 410 R-2C2 BOSS 1 1 0 1 0 0 -249.70009110361005 -50.49898957550595 143.1 -245.16087924557257 69.10427442816221 244.82584 129.139 278.7454313489163 -10.25544145510101 -3.985996 7.6406155 0.69425726 278.74573233899224 -10.255448380911858 278.76612935991164 -10.224655996497415 41.31084644929788 147.8543340907999 5400.0 5400.0 2016.0 1 435 {-999.0 16.187508 14.26988 13.20948 -999.0} sdss_psfmag_from_g3xp 15.283456 13.864953 12.711379 9.991 63050395539257011 916966064 bright_3x1 mwm_yso_disk_boss mwm_yso science 0 0 0.994929313659668 0.0 -999 ""
FIBERMAP 410 R-2C2 METROLOGY 0 0 0 1 0 0 -249.50664983726972 -49.771570317810074 143.1 -244.6566537554094 69.66296164390948 244.82584 129.139 -999.0 -999.0 -999.0 -999.0 -999.0 278.74802088675665 -10.252869609977102 278.7684408296143 -10.222131127668174 41.31206103003595 147.85010845639064 -999.0 6231.0 -999.0 -1 -999 {-999.0 -999.0 -999.0 -999.0 -999.0} "" -999.0 -999.0 -999.0 -999.0 -999 -999 "" "" "" "" 0 0 0.0 0.0 -999 ""
FIBERMAP 415 R-2C4 APOGEE 0 0 0 1 0 0 -221.89914371661442 -41.14290258824609 143.1 -216.16039562368985 64.73137692228119 239.40858 53.23317 -999.0 -999.0 -999.0 -999.0 -999.0 278.87744744351755 -10.275382184645828 278.89794221668507 -10.244441313036015 41.23414274495919 147.71268351675621 -999.0 16600.0 -999.0 2 -999 {-999.0 -999.0 -999.0 -999.0 -999.0} "" -999.0 -999.0 -999.0 -999.0 -999 -999 "" "" "" "" 0 0 0.0 0.0 -999 ""
FIBERMAP 415 R-2C4 BOSS 1 1 0 1 0 0 -222.19574047483562 -40.46755496702203 143.1 -216.1158230481264 65.46751622262815 239.40858 53.23317 278.87748314153833 -10.272223720157363 -0.55919135 -3.049861 0.3625267 278.8777502905251 -10.272243932118506 278.8981291425016 -10.24109677464885 41.23703456683045 147.71043578412934 5400.0 5400.0 2016.0 1 474 {-999.0 15.509382 14.142189 13.352526 -999.0} sdss_psfmag_from_g3xp 14.9576645 13.910144 12.885766 10.9 63050395539263058 1093188941 bright_3x1 mwm_astar_core_boss mwm_ob science 0 0 0.9247098565101624 0.0 -999 ""
FIBERMAP 415 R-2C4 METROLOGY 0 0 0 1 0 0 -221.44488455427955 -40.5510321683511 143.1 -215.48607616644176 65.05039871811313 239.40858 53.23317 -999.0 -999.0 -999.0 -999.0 -999.0 278.88058397902233 -10.274085029299886 278.90099672679145 -10.24298818786128 41.2340635668001 147.70824521451942 -999.0 6231.0 -999.0 -1 -999 {-999.0 -999.0 -999.0 -999.0 -999.0} "" -999.0 -999.0 -999.0 -999.0 -999 -999 "" "" "" "" 0 0 0.0 0.0 -999 ""
FIBERMAP 417 R+13C12 APOGEE 1 1 0 1 0 0 106.59136877172936 236.16925885962706 143.1 202.6531336682001 161.3926742711937 317.28958 87.41223 280.80555405795945 -9.843576102638742 -2.151442 -3.8782763 0.07742704 280.80554783122454 -9.843586557918908 280.82408400911476 -9.807815266595922 40.724420046816675 145.22445682643007 16000.0 16600.0 2016.0 2 93 {-999.0 -999.0 -999.0 -999.0 -999.0} "" -999.0 15.556509 -999.0 9.933 63050395539835112 1151526573 bright_1x1 mwm_galactic_core_dist_apogee_sparse mwm_galactic science 0 0 0.0 0.0 -999 ""
FIBERMAP 417 R+13C12 BOSS 0 0 0 1 0 0 106.06962323102185 235.63464750090307 143.1 201.94493342676165 161.1553994393701 317.28958 87.41223 -999.0 -999.0 -999.0 -999.0 -999.0 280.8024604781188 -9.844830317681527 280.8208841405993 -9.808859469473898 40.725042459671336 145.2287619690959 -999.0 5400.0 -999.0 1 92 {-999.0 -999.0 -999.0 -999.0 -999.0} "" -999.0 -999.0 -999.0 -999.0 -999 -999 "" "" "" "" 0 0 0.0 0.0 -999 ""
FIBERMAP 417 R+13C12 METROLOGY 0 0 0 1 0 0 105.8629175674173 236.345489357133 143.1 202.0856695306695 161.88206248356593 317.28958 87.41223 -999.0 -999.0 -999.0 -999.0 -999.0 280.8030387044788 -9.841508633494326 280.82148708132934 -9.805596624358783 40.72760365430056 145.22598168514028 -999.0 6231.0 -999.0 -1 -999 {-999.0 -999.0 -999.0 -999.0 -999.0} "" -999.0 -999.0 -999.0 -999.0 -999 -999 "" "" "" "" 0 0 0.0 0.0 -999 ""
FIBERMAP 422 R+8C8 APOGEE 0 0 0 1 0 0 -42.979716527676274 173.85647511395354 143.1 41.15963327854993 174.26653047285077 126.02971 66.39804 -999.0 -999.0 -999.0 -999.0 -999.0 280.06451053470886 -9.781705435992281 280.08323851420306 -9.747903601150252 41.12862274285323 146.03305029227667 -999.0 16600.0 -999.0 2 -999 {-999.0 -999.0 -999.0 -999.0 -999.0} "" -999.0 -999.0 -999.0 -999.0 -999 -999 "" "" "" "" 0 0 0.0 0.0 -999 ""
FIBERMAP 422 R+8C8 BOSS 1 1 0 1 0 0 -42.24445967193813 174.03507962425363 143.1 41.89518082484466 174.08965043877015 126.02971 66.39804 280.06758468331014 -9.782656443051927 0.02319406 -0.20679247 0.53056884 280.06802564565584 -9.782668069334617 280.08664137380833 -9.748651174864232 41.126366804734026 146.0296095459074 5400.0 5400.0 2016.0 1 132 {-999.0 13.369092 12.066093 11.397382 -999.0} sdss_psfmag_from_g3xp 12.853762 11.933456 10.985486 9.169 63050395540066329 1093202625 bright_3x1 mwm_astar_core_boss mwm_ob science 0 0 1.542189359664917 0.0 -999 ""
FIBERMAP 422 R+8C8 METROLOGY 0 0 0 1 0 0 -42.46031888474621 173.32085578174969 143.1 41.37704067875658 173.55293698985466 126.02971 66.39804 -999.0 -999.0 -999.0 -999.0 -999.0 280.0656023541423 -9.785035615385109 280.08425708656176 -9.751082071113961 41.12535011143994 146.03389023149097 -999.0 6231.0 -999.0 -1 -999 {-999.0 -999.0 -999.0 -999.0 -999.0} "" -999.0 -999.0 -999.0 -999.0 -999 -999 "" "" "" "" 0 0 0.0 0.0 -999 ""
FIBERMAP 423 R-11C2 APOGEE 0 0 0 1 0 0 -139.57558020734848 -227.08490769050886 143.1 -227.8434429455992 -138.25066155144057 307.0873 104.10303 -999.0 -999.0 -999.0 -999.0 -999.0 278.82045653186964 -11.194143210656947 278.84327329622 -11.162882852843396 40.4397976137238 148.32619190296768 -999.0 16600.0 -999.0 2 -999 {-999.0 -999.0 -999.0 -999.0 -999.0} "" -999.0 -999.0 -999.0 -999.0 -999 -999 "" "" "" "" 0 0 0.0 0.0 -999 ""
FIBERMAP 423 R-11C2 BOSS 1 1 0 1 0 0 -140.14274917618218 -227.70903727113674 143.1 -228.6329231883611 -138.54681844030804 307.0873 104.10303 278.81696927950816 -11.195637033537452 -0.90607995 -2.9768698 0.44658053 278.8169635988821 -11.195648102643565 278.8396759662332 -11.16418238569453 40.440225331968286 148.3311013575738 5400.0 5400.0 2016.0 1 428 {-999.0 18.692762 16.950361 15.962633 15.184437} sdss_psfmag_from_ps1dr2 17.8905 16.8171 15.6146 13.344 63050395538678786 1040004670 "" ops_std_boss_ps1dr2 ops_std standard_boss 0 0 0.0 0.0 -999 ""
FIBERMAP 423 R-11C2 METROLOGY 0 0 0 1 0 0 -140.31444255658755 -226.98125244757 143.1 -228.45330788540963 -137.8210729205049 307.0873 104.10303 -999.0 -999.0 -999.0 -999.0 -999.0 278.8177499071083 -11.192326836932535 278.8404847088887 -11.160921364928589 40.44278046232121 148.32824217740838 -999.0 6231.0 -999.0 -1 -999 {-999.0 -999.0 -999.0 -999.0 -999.0} "" -999.0 -999.0 -999.0 -999.0 -999 -999 "" "" "" "" 0 0 0.0 0.0 -999 ""
FIBERMAP 425 R-10C2 APOGEE 0 0 0 1 0 0 -150.3362184370209 -177.89820009844385 143.1 -214.95437490744249 -89.58677195689467 100.00732 81.755035 -999.0 -999.0 -999.0 -999.0 -999.0 278.8793492110217 -10.975042613934098 278.90159057975194 -10.943740747000007 40.60955190585348 148.12893214288317 -999.0 16600.0 -999.0 2 -999 {-999.0 -999.0 -999.0 -999.0 -999.0} "" -999.0 -999.0 -999.0 -999.0 -999 -999 "" "" "" "" 0 0 0.0 0.0 -999 ""
FIBERMAP 425 R-10C2 BOSS 1 1 0 1 0 0 -149.61213656804958 -177.86717286602715 143.1 -214.2961561045901 -89.8898149903642 100.00732 81.755035 278.88244628906244 -10.97667391338041 -999.0 -999.0 -999.0 278.8824327299096 -10.97666937833512 278.9045671418088 -10.94514636616669 40.606976613362846 148.12633612828722 5400.0 5400.0 2015.5 1 427 {-999.0 -999.0 -999.0 -999.0 -999.0} "" -999.0 -999.0 -999.0 -999.0 27021603148699966 852777671 "" ops_sky_boss_fallback ops_sky sky_boss 0 0 0.0 0.0 -999 ""
FIBERMAP 425 R-10C2 METROLOGY 0 0 0 1 0 0 -149.94055964793793 -178.5307474114041 143.1 -214.89129045539008 -90.3300767319018 100.00732 81.755035 -999.0 -999.0 -999.0 -999.0 -999.0 278.8796856755892 -10.978571518965747 278.90185717704276 -10.947114868385723 40.60642412236982 148.13063444331698 -999.0 6231.0 -999.0 -1 -999 {-999.0 -999.0 -999.0 -999.0 -999.0} "" -999.0 -999.0 -999.0 -999.0 -999 -999 "" "" "" "" 0 0 0.0 0.0 -999 ""
FIBERMAP 428 R+3C23 APOGEE 0 0 0 1 0 0 245.64223693178388 50.39124573801748 143.1 241.50233119809133 -67.34715262608582 325.7384 117.59622 -999.0 -999.0 -999.0 -999.0 -999.0 280.98566374655167 -10.879059915483644 281.0066667025768 -10.842287920489849 39.73253494834974 145.6754767729092 -999.0 16600.0 -999.0 2 -999 {-999.0 -999.0 -999.0 -999.0 -999.0} "" -999.0 -999.0 -999.0 -999.0 -999 -999 "" "" "" "" 0 0 0.0 0.0 -999 ""
FIBERMAP 428 R+3C23 BOSS 1 1 0 1 0 0 245.5553497186669 49.67301506508423 143.1 241.0970784024717 -67.94632312736688 325.7384 117.59622 280.98393186182454 -10.88199707339506 -3.4907408 -6.679844 0.5821559 280.983953315698 -10.882000088837012 281.0048437415355 -10.845016117339204 39.731010038757056 145.67922818997653 5400.0 5400.0 2016.0 1 186 {-999.0 16.887035 15.909048 15.549423 -999.0} sdss_psfmag_ps1 16.50629 15.913385 15.043977 13.488 63050395431888421 980270012 "" ops_std_boss_red ops_std standard_boss 0 0 0.0 0.0 -999 ""
FIBERMAP 428 R+3C23 METROLOGY 0 0 0 1 0 0 244.95334100375635 50.10474201926524 143.1 240.75874988736595 -67.28741594573712 325.7384 117.59622 -999.0 -999.0 -999.0 -999.0 -999.0 280.98238119806683 -10.878963317478018 281.00329909302405 -10.84204596540483 39.73434354068451 145.67909141811506 -999.0 6231.0 -999.0 -1 -999 {-999.0 -999.0 -999.0 -999.0 -999.0} "" -999.0 -999.0 -999.0 -999.0 -999 -999 "" "" "" "" 0 0 0.0 0.0 -999 ""
FIBERMAP 432 R+11C15 APOGEE 0 0 0 1 0 0 138.7645068579532 196.38689605569294 143.1 213.10423896272886 111.31599785085193 285.65854 74.961365 -999.0 -999.0 -999.0 -999.0 -999.0 280.8546916901532 -10.069736316134708 280.873761836068 -10.033722290187656 40.50323084816066 145.31286462960531 -999.0 16600.0 -999.0 2 -999 {-999.0 -999.0 -999.0 -999.0 -999.0} "" -999.0 -999.0 -999.0 -999.0 -999 -999 "" "" "" "" 0 0 0.0 0.0 -999 ""
FIBERMAP 432 R+11C15 BOSS 1 1 0 1 0 0 138.04161911294827 196.3607874313101 143.1 212.44932830696345 111.62287057100872 285.65854 74.961365 280.85174560546875 -10.068476247686007 -999.0 -999.0 -999.0 280.85184307096426 -10.068530997130079 280.8707937566827 -10.032316328689918 40.50587993828711 145.3153255091872 5400.0 5400.0 2015.5 1 178 {-999.0 -999.0 -999.0 -999.0 -999.0} "" -999.0 -999.0 -999.0 -999.0 27021603147980184 852648841 "" ops_sky_boss_fallback ops_sky sky_boss 0 0 0.0 0.0 -999 ""
FIBERMAP 432 R+11C15 METROLOGY 0 0 0 1 0 0 138.3802582698096 197.0264388635029 143.1 213.0544979527675 112.0603146305682 285.65854 74.961365 -999.0 -999.0 -999.0 -999.0 -999.0 280.85454921027645 -10.06651127404329 280.87352702312296 -10.030349703175245 40.50629075203179 145.3109747948887 -999.0 6231.0 -999.0 -1 -999 {-999.0 -999.0 -999.0 -999.0 -999.0} "" -999.0 -999.0 -999.0 -999.0 -999 -999 "" "" "" "" 0 0 0.0 0.0 -999 ""
FIBERMAP 436 R+4C3 APOGEE 1 1 0 1 0 0 -212.06126736474025 58.47335011625365 143.1 -161.92164221330972 148.84494875594075 308.76373 32.810272 279.12899704400985 -9.895115776193773 -1.3932145 -2.0659566 0.10991829 279.12902410999476 -9.89510318531678 279.1484583431746 -9.863693809188755 41.458981775697985 147.1878143404417 16000.0 16600.0 2016.0 2 149 {-999.0 23.392397 19.143126 16.68731 -999.0} sdss_psfmag_ps1 20.73727 17.014753 15.436353 10.191 63050395540284740 1153921177 bright_1x1 mwm_galactic_core_dist_apogee_sparse mwm_galactic science 0 0 0.0 0.0 -999 ""
FIBERMAP 436 R+4C3 BOSS 0 0 0 1 0 0 -212.75902952093708 58.708369455225615 143.1 -162.43496427178036 149.3726143246906 308.76373 32.810272 -999.0 -999.0 -999.0 -999.0 -999.0 279.1267754200346 -9.892898731065289 279.14609678787724 -9.861291618717889 41.46218767126199 147.18908451253148 -999.0 5400.0 -999.0 1 29 {-999.0 -999.0 -999.0 -999.0 -999.0} "" -999.0 -999.0 -999.0 -999.0 -999 -999 "" "" "" "" 0 0 0.0 0.0 -999 ""
FIBERMAP 436 R+4C3 METROLOGY 0 0 0 1 0 0 -212.20141968129016 59.200569809332094 143.1 -161.71423006910464 149.55578886421574 308.76373 32.810272 -999.0 -999.0 -999.0 -999.0 -999.0 279.13005897426865 -9.892018756754608 279.14940738487036 -9.860461501344336 41.461415113086375 147.18471326842766 -999.0 6231.0 -999.0 -1 -999 {-999.0 -999.0 -999.0 -999.0 -999.0} "" -999.0 -999.0 -999.0 -999.0 -999 -999 "" "" "" "" 0 0 0.0 0.0 -999 ""
FIBERMAP 440 R+8C4 APOGEE 0 0 0 1 0 0 -154.22455657534877 151.82145690955093 143.1 -67.85151279001455 205.46524655135525 240.01422 55.44086 -999.0 -999.0 -999.0 -999.0 -999.0 279.56293505447985 -9.639958728613438 279.5815402548702 -9.607540213903684 41.48645316461502 146.52443805392312 -999.0 16600.0 -999.0 2 -999 {-999.0 -999.0 -999.0 -999.0 -999.0} "" -999.0 -999.0 -999.0 -999.0 -999 -999 "" "" "" "" 0 0 0.0 0.0 -999 ""
FIBERMAP 440 R+8C4 BOSS 1 1 0 1 0 0 -154.5560071546968 152.52164958243486 143.1 -67.82659660711245 206.23940029797652 240.01422 55.44086 279.56318136847244 -9.636620953529464 0.077959284 -1.1551036 0.33709335 279.5631682163204 -9.636641424143072 279.5816550200324 -9.604020384489129 41.4895059721431 146.52209433449076 5400.0 5400.0 2016.0 1 57 {-999.0 16.897484 15.56737 14.921646 -999.0} sdss_psfmag_ps1 16.244638 15.490771 14.251657 11.814 63050395540325222 1093371036 bright_3x1 mwm_astar_core_boss mwm_ob science 0 0 0.0 0.0 -999 ""
FIBERMAP 440 R+8C4 METROLOGY 0 0 0 1 0 0 -153.81250992117646 152.44345332055119 143.1 -67.20098361286382 205.83034027400015 240.01422 55.44086 -999.0 -999.0 -999.0 -999.0 -999.0 279.5660036561791 -9.638432796082403 279.5845248017077 -9.60586112034866 41.486550492191 146.51991718104784 -999.0 6231.0 -999.0 -1 -999 {-999.0 -999.0 -999.0 -999.0 -999.0} "" -999.0 -999.0 -999.0 -999.0 -999 -999 "" "" "" "" 0 0 0.0 0.0 -999 ""
FIBERMAP 448 R+7C8 APOGEE 1 1 0 1 0 0 -35.57796576534627 136.5056888644735 143.1 30.687620398559403 137.6641483763569 59.620533 46.11403 280.0160398289573 -9.947255412204616 1.8218719 -1.1736244 0.51484793 280.0160672590344 -9.94716513820988 280.0352270558898 -9.91340714954323 41.00556564124968 146.19269020116477 16000.0 16600.0 2016.0 2 27 {-999.0 14.414746 12.35094 11.18759 -999.0} sdss_psfmag_from_g3xp 13.4048395 11.870134 10.683335 7.666 63050395539720006 1152259855 bright_1x1 mwm_galactic_core_dist_apogee_sparse mwm_galactic science 0 0 0.0 0.0 -999 ""
FIBERMAP 448 R+7C8 BOSS 0 0 0 1 0 0 -35.396094929390486 135.78890710891147 143.1 30.522082041840743 136.94354240046962 59.620533 46.11403 -999.0 -999.0 -999.0 -999.0 -999.0 280.0154243346086 -9.950580601490046 280.03447975046373 -9.916616078641919 41.00309135933476 146.19556815939671 -999.0 5400.0 -999.0 1 104 {-999.0 -999.0 -999.0 -999.0 -999.0} "" -999.0 -999.0 -999.0 -999.0 -999 -999 "" "" "" "" 0 0 0.0 0.0 -999 ""
FIBERMAP 448 R+7C8 METROLOGY 0 0 0 1 0 0 -36.12157752567465 135.99001772345062 143.1 29.968619522956008 137.4537052158738 59.620533 46.11403 -999.0 -999.0 -999.0 -999.0 -999.0 280.0128372247193 -9.948212311459379 280.03192004499414 -9.914314285171995 41.00631449815272 146.19705997662567 -999.0 6231.0 -999.0 -1 -999 {-999.0 -999.0 -999.0 -999.0 -999.0} "" -999.0 -999.0 -999.0 -999.0 -999 -999 "" "" "" "" 0 0 0.0 0.0 -999 ""
FIBERMAP 450 R+2C17 APOGEE 1 1 0 1 0 0 81.5780733670033 57.549538233845325 143.1 98.84054343128935 13.937336732864862 167.67357 49.639526 280.33062562614805 -10.510474001375492 -2.776989 -4.4233365 0.22303808 280.3306391928312 -10.510493559020924 280.35104654153116 -10.475626484237097 40.36317230004551 146.18456276238206 16000.0 16600.0 2016.0 2 61 {-999.0 17.24879 14.931962 13.440027 -999.0} sdss_psfmag_ps1 16.038406 13.500614 12.09454 8.414 63050395432210287 1153727126 bright_1x1 mwm_galactic_core_dist_apogee_sparse mwm_galactic science 0 0 0.0 0.0 -999 ""
FIBERMAP 450 R+2C17 BOSS 0 0 0 1 0 0 82.15998570892295 58.020229670224154 143.1 99.57307231629808 14.090282322633128 167.67357 49.639526 -999.0 -999.0 -999.0 -999.0 -999.0 280.3341904133795 -10.510006712425595 280.3544787060238 -10.474919510224696 40.36218784302449 146.18022566289852 -999.0 5400.0 -999.0 1 199 {-999.0 -999.0 -999.0 -999.0 -999.0} "" -999.0 -999.0 -999.0 -999.0 -999 -999 "" "" "" "" 0 0 0.0 0.0 -999 ""
FIBERMAP 450 R+2C17 METROLOGY 0 0 0 1 0 0 82.28243796106324 57.28138422626857 143.1 99.34460773581841 13.377183895443984 167.67357 49.639526 -999.0 -999.0 -999.0 -999.0 -999.0 280.3330900060579 -10.51319374355265 280.3534196291761 -10.478167593713621 40.35982686398527 146.18345643937144 -999.0 6231.0 -999.0 -1 -999 {-999.0 -999.0 -999.0 -999.0 -999.0} "" -999.0 -999.0 -999.0 -999.0 -999 -999 "" "" "" "" 0 0 0.0 0.0 -999 ""
FIBERMAP 452 R+12C9 APOGEE 0 0 0 1 0 0 7.937680710282162 222.63251150234726 143.1 108.72207245556262 194.4008093242397 245.40141 82.36876 -999.0 -999.0 -999.0 -999.0 -999.0 280.37514514839336 -9.692309358280072 280.39350899290605 -9.657739543887143 41.061212174804176 145.61952854205327 -999.0 16600.0 -999.0 2 -999 {-999.0 -999.0 -999.0 -999.0 -999.0} "" -999.0 -999.0 -999.0 -999.0 -999 -999 "" "" "" "" 0 0 0.0 0.0 -999 ""
FIBERMAP 452 R+12C9 BOSS 1 1 0 1 0 0 7.300298993830378 223.0008808732573 143.1 108.32334936907968 195.01951423625485 245.40141 82.36876 280.3734295479083 -9.689670817216479 4.076768 -0.28088227 0.48651728 280.3734388780507 -9.689686701557418 280.3916826381425 -9.654917462463814 41.06455254637612 145.61981845846813 5400.0 5400.0 2016.0 1 154 {-999.0 18.003775 16.922464 16.457216 -999.0} sdss_psfmag_ps1 17.591057 16.843048 15.966732 14.309 63050395540077278 980278186 "" ops_std_boss_red ops_std standard_boss 0 0 0.0 0.0 -999 ""
FIBERMAP 452 R+12C9 METROLOGY 0 0 0 1 0 0 7.945837063786868 223.37856475407216 143.1 109.07000109475776 195.06067847692603 245.40141 82.36876 -999.0 -999.0 -999.0 -999.0 -999.0 280.37682788582964 -9.689469716239117 280.39510195027344 -9.65474986964043 41.06307573961949 145.6157934190824 -999.0 6231.0 -999.0 -1 -999 {-999.0 -999.0 -999.0 -999.0 -999.0} "" -999.0 -999.0 -999.0 -999.0 -999 -999 "" "" "" "" 0 0 0.0 0.0 -999 ""
FIBERMAP 455 R-2C17 APOGEE 1 1 0 1 0 0 104.95910598704722 -37.39499694664878 143.1 76.28235428808102 -81.18977818180359 24.778728 94.04458 280.22552490234375 -10.943428315383215 -999.0 -999.0 -999.0 280.22553110778256 -10.943427210298916 280.2470614095039 -10.908612559721949 40.03029412721539 146.57096286986422 16000.0 16600.0 2015.5 2 238 {-999.0 -999.0 -999.0 -999.0 -999.0} "" -999.0 -999.0 -999.0 -999.0 27021603147977780 848944856 "" ops_sky_apogee_good ops_sky sky_apogee 0 0 0.0 0.0 -999 ""
FIBERMAP 455 R-2C17 BOSS 0 0 0 1 0 0 105.37758306485155 -38.00183599034163 143.1 76.3774742609526 -81.92063578802491 24.778728 94.04458 -999.0 -999.0 -999.0 -999.0 -999.0 280.22611565431345 -10.947003103547193 280.24753786635983 -10.91197093258836 40.027112252340146 146.57249324759826 -999.0 5400.0 -999.0 1 303 {-999.0 -999.0 -999.0 -999.0 -999.0} "" -999.0 -999.0 -999.0 -999.0 -999 -999 "" "" "" "" 0 0 0.0 0.0 -999 ""
FIBERMAP 455 R-2C17 METROLOGY 0 0 0 1 0 0 104.62462448577897 -38.0603153135601 143.1 75.68103485050008 -81.62882451879504 24.778728 94.04458 -999.0 -999.0 -999.0 -999.0 -999.0 280.2228537878709 -10.94560713873186 280.2443071810829 -10.910644932530223 40.02977792028223 146.57532925111605 -999.0 6231.0 -999.0 -1 -999 {-999.0 -999.0 -999.0 -999.0 -999.0} "" -999.0 -999.0 -999.0 -999.0 -999 -999 "" "" "" "" 0 0 0.0 0.0 -999 ""
FIBERMAP 463 R+8C11 APOGEE 0 0 0 1 0 0 32.53657770110291 139.31631898083668 143.1 92.55704436722215 109.06066281829494 345.3919 68.47378 -999.0 -999.0 -999.0 -999.0 -999.0 280.30160025165 -10.077811355291903 280.3209507596469 -10.043240264138882 40.757316309817426 145.9473207287175 -999.0 16600.0 -999.0 2 -999 {-999.0 -999.0 -999.0 -999.0 -999.0} "" -999.0 -999.0 -999.0 -999.0 -999 -999 "" "" "" "" 0 0 0.0 0.0 -999 ""
FIBERMAP 463 R+8C11 BOSS 1 1 0 1 0 0 32.09421884325276 138.7050231807555 143.1 91.88443959766802 108.71892859507086 345.3919 68.47378 280.2986450561924 -10.079515391270501 1.6275529 -4.4089193 0.13814984 280.29865140586344 -10.079517164056137 280.3178925793251 -10.044745047141218 40.75743457674018 145.95176213397423 5400.0 5400.0 2016.0 1 134 {-999.0 16.39622 15.681558 15.230074 -999.0} sdss_psfmag_ps1 16.113394 15.614714 14.827195 13.606 63050395539560728 1093370633 bright_3x1 mwm_astar_core_boss mwm_ob science 0 0 0.0 0.0 -999 ""
FIBERMAP 463 R+8C11 METROLOGY 0 0 0 1 0 0 31.794031840034236 139.38903503629618 143.1 91.92977514000151 109.4644139213537 345.3919 68.47378 -999.0 -999.0 -999.0 -999.0 -999.0 280.2988180827473 -10.076083491873403 280.31808326301 -10.041371602237321 40.76030763639866 145.9494149650726 -999.0 6231.0 -999.0 -1 -999 {-999.0 -999.0 -999.0 -999.0 -999.0} "" -999.0 -999.0 -999.0 -999.0 -999 -999 "" "" "" "" 0 0 0.0 0.0 -999 ""
FIBERMAP 466 R+5C5 APOGEE 1 1 0 1 0 0 -136.59511204701778 115.8000838427127 143.1 -68.61922023643437 165.37502082967876 125.38133 40.212646 279.5583493356171 -9.820723204959007 -2.4812365 -4.243746 0.2266458 279.5582982253342 -9.820681675188847 279.5773538700035 -9.788185325560528 41.32892374046652 146.642449102161 16000.0 16600.0 2016.0 2 128 {-999.0 19.017603 16.166998 14.249533 -999.0} sdss_psfmag_ps1 17.456144 14.761389 13.332142 9.243 63050395540300630 1153921688 bright_1x1 mwm_galactic_core_dist_apogee_sparse mwm_galactic science 0 0 0.0 0.0 -999 ""
FIBERMAP 466 R+5C5 BOSS 0 0 0 1 0 0 -135.8763878006252 115.60410071730365 143.1 -68.06942769252167 164.87250487026273 125.38133 40.212646 -999.0 -999.0 -999.0 -999.0 -999.0 279.56090635721 -9.823109871802483 279.579856371709 -9.790400597983453 41.325810360856806 146.64093325920885 -999.0 5400.0 -999.0 1 42 {-999.0 -999.0 -999.0 -999.0 -999.0} "" -999.0 -999.0 -999.0 -999.0 -999 -999 "" "" "" "" 0 0 0.0 0.0 -999 ""
FIBERMAP 466 R+5C5 METROLOGY 0 0 0 1 0 0 -136.40491340611104 115.07346062203197 143.1 -68.78184519646514 164.64185837960125 125.38133 40.212646 -999.0 -999.0 -999.0 -999.0 -999.0 279.55759146073035 -9.824099500776997 279.57657675198914 -9.791456472147129 41.32639428902052 146.64539345287437 -999.0 6231.0 -999.0 -1 -999 {-999.0 -999.0 -999.0 -999.0 -999.0} "" -999.0 -999.0 -999.0 -999.0 -999 -999 "" "" "" "" 0 0 0.0 0.0 -999 ""
FIBERMAP 469 R+1C6 APOGEE 0 0 0 1 0 0 -162.115962624716 24.449583850252846 143.1 -133.03311385959438 95.77499619089006 336.325 163.63797 -999.0 -999.0 -999.0 -999.0 -999.0 279.25961192930305 -10.135488232397863 279.2795853273396 -10.103616399042222 41.18653316646802 147.18318849668668 -999.0 16600.0 -999.0 2 -999 {-999.0 -999.0 -999.0 -999.0 -999.0} "" -999.0 -999.0 -999.0 -999.0 -999 -999 "" "" "" "" 0 0 0.0 0.0 -999 ""
FIBERMAP 469 R+1C6 BOSS 1 1 0 1 0 0 -161.52827962455535 23.980488893720462 143.1 -132.72459119537132 95.08939282822897 336.325 163.63797 279.2610533690448 -10.138766944634895 1.1888218 -0.20329122 0.58187175 279.2610720208198 -10.138775850605692 279.28094329868856 -10.106691850882067 41.18318819963463 147.1835055015167 5400.0 5400.0 2016.0 1 20 {-999.0 17.22503 16.13913 15.656385 -999.0} sdss_psfmag_ps1 16.858162 16.05611 15.164619 13.49 63050395539656886 981885753 "" ops_std_boss_tic ops_std standard_boss 0 0 0.0 0.0 -999 ""
FIBERMAP 469 R+1C6 METROLOGY 0 0 0 1 0 0 -162.2218288936741 23.711035061337256 143.1 -133.4645259541873 95.1664197854338 336.325 163.63797 -999.0 -999.0 -999.0 -999.0 -999.0 279.2576477296955 -10.13836712403012 279.2775506284678 -10.106350879500422 41.185036460612515 147.1872297374537 -999.0 6231.0 -999.0 -1 -999 {-999.0 -999.0 -999.0 -999.0 -999.0} "" -999.0 -999.0 -999.0 -999.0 -999 -999 "" "" "" "" 0 0 0.0 0.0 -999 ""
FIBERMAP 481 R+7C10 APOGEE 1 1 0 1 0 0 6.496532741685396 125.93534812401849 143.1 63.284932933613774 109.04944889655208 24.44225 50.742565 280.1664781776528 -10.07745606344656 -0.021095548 -3.4209635 0.21960218 280.16650548188164 -10.077442689551717 280.1859180599539 -10.043225353514703 40.820783617905846 146.101640240174 16000.0 16600.0 2016.0 2 30 {-999.0 16.233778 13.942261 12.685007 -999.0} sdss_psfmag_from_g3xp 15.054816 13.371472 12.138259 8.993 63050395539559062 1152259732 bright_1x1 mwm_galactic_core_dist_apogee_sparse mwm_galactic science 0 0 0.0 0.0 -999 ""
FIBERMAP 481 R+7C10 BOSS 0 0 0 1 0 0 6.341331626494181 125.21043311068745 143.1 62.81586451962293 108.47552735728024 24.44225 50.742565 -999.0 -999.0 -999.0 -999.0 -999.0 280.1644804402253 -10.08020284935138 280.1837865675144 -10.045781748932635 40.81953532750981 146.10568773427954 -999.0 5400.0 -999.0 1 127 {-999.0 -999.0 -999.0 -999.0 -999.0} "" -999.0 -999.0 -999.0 -999.0 -999 -999 "" "" "" "" 0 0 0.0 0.0 -999 ""
FIBERMAP 481 R+7C10 METROLOGY 0 0 0 1 0 0 5.777240706698375 125.69512962343478 143.1 62.53545056667113 109.16423490833989 24.44225 50.742565 -999.0 -999.0 -999.0 -999.0 -999.0 280.1631485631341 -10.077021502988268 280.1824798173071 -10.042664364257558 40.82288928421367 146.105221068087 -999.0 6231.0 -999.0 -1 -999 {-999.0 -999.0 -999.0 -999.0 -999.0} "" -999.0 -999.0 -999.0 -999.0 -999 -999 "" "" "" "" 0 0 0.0 0.0 -999 ""
FIBERMAP 483 R+13C1 APOGEE 1 1 0 1 0 0 -149.1768409011333 264.6373867604353 143.1 -11.846043753524421 303.50691774465963 104.651115 117.28437 279.82204941747455 -9.202908268322583 1.3629535 1.3017058 0.23515232 279.8220417116565 -9.202920871645178 279.8394479605144 -9.170040243053856 41.751228563487395 145.94746587038517 16000.0 16600.0 2016.0 2 135 {-999.0 17.1111 14.233353 12.591202 -999.0} sdss_psfmag_from_g3xp 15.469808 13.274274 11.925875 8.183 63050395540507986 1152260288 bright_1x1 mwm_galactic_core_dist_apogee_sparse mwm_galactic science 0 0 0.0 0.0 -999 ""
FIBERMAP 483 R+13C1 BOSS 0 0 0 1 0 0 -148.59425479907975 265.10255220062226 143.1 -11.115438939122527 303.65464045219744 104.651115 117.28437 -999.0 -999.0 -999.0 -999.0 -999.0 279.82549517048653 -9.202510800617945 279.84278841050735 -9.169420436896765 41.750200370137065 145.94318453108494 -999.0 5400.0 -999.0 1 7 {-999.0 -999.0 -999.0 -999.0 -999.0} "" -999.0 -999.0 -999.0 -999.0 -999 -999 "" "" "" "" 0 0 0.0 0.0 -999 ""
FIBERMAP 483 R+13C1 METROLOGY 0 0 0 1 0 0 -148.46443939061717 264.37704662742004 143.1 -11.331262749112684 302.9500451966379 104.651115 117.28437 -999.0 -999.0 -999.0 -999.0 -999.0 279.82446652236797 -9.205561371245992 279.84179906736983 -9.172529119288876 41.74793398115401 145.94632261222048 -999.0 6231.0 -999.0 -1 -999 {-999.0 -999.0 -999.0 -999.0 -999.0} "" -999.0 -999.0 -999.0 -999.0 -999 -999 "" "" "" "" 0 0 0.0 0.0 -999 ""
FIBERMAP 488 R+13C8 APOGEE 1 1 0 1 0 0 0.5926386521211455 254.3488578840798 143.1 116.67164549298616 225.9656186388636 144.5519 137.3847 280.41097351005703 -9.550817457438308 -2.7628515 0.60850906 0.16571444 280.4109591578562 -9.550858105291002 280.42895735512894 -9.516265183835458 41.16827931396143 145.48830861447138 16000.0 16600.0 2016.0 2 37 {-999.0 19.229486 16.802088 15.120391 -999.0} sdss_psfmag_ps1 17.7802 15.78854 14.244091 10.437 63050395540095632 1153920459 bright_1x1 mwm_galactic_core_dist_apogee_sparse mwm_galactic science 0 0 0.0 0.0 -999 ""
FIBERMAP 488 R+13C8 BOSS 0 0 0 1 0 0 0.43268506918823135 255.06858365331038 143.1 116.85802297569873 226.6788350551945 144.5519 137.3847 -999.0 -999.0 -999.0 -999.0 -999.0 280.41191774992274 -9.547860067666269 280.429793840299 -9.513061883165763 41.170685502287576 145.48529333647443 -999.0 5400.0 -999.0 1 166 {-999.0 -999.0 -999.0 -999.0 -999.0} "" -999.0 -999.0 -999.0 -999.0 -999 -999 "" "" "" "" 0 0 0.0 0.0 -999 ""
FIBERMAP 488 R+13C8 METROLOGY 0 0 0 1 0 0 1.152289290378711 254.85311641137994 143.1 117.39970110937452 226.15858668879335 144.5519 137.3847 -999.0 -999.0 -999.0 -999.0 -999.0 280.41437444781303 -9.550152114560637 280.43228743076725 -9.515404232107452 41.16744652599208 145.48393616928723 -999.0 6231.0 -999.0 -1 -999 {-999.0 -999.0 -999.0 -999.0 -999.0} "" -999.0 -999.0 -999.0 -999.0 -999 -999 "" "" "" "" 0 0 0.0 0.0 -999 ""
FIBERMAP 489 R-5C2 APOGEE 0 0 0 1 0 0 -201.29151901078092 -85.31005847565457 143.1 -217.9987415473715 16.03576348161048 72.202286 88.43025 -999.0 -999.0 -999.0 -999.0 -999.0 278.8673789614204 -10.496121457664282 278.88842915710774 -10.465095447306934 41.04199482667618 147.857255313409 -999.0 16600.0 -999.0 2 -999 {-999.0 -999.0 -999.0 -999.0 -999.0} "" -999.0 -999.0 -999.0 -999.0 -999 -999 "" "" "" "" 0 0 0.0 0.0 -999 ""
FIBERMAP 489 R-5C2 BOSS 1 1 0 1 0 0 -200.59589541854837 -85.5485136197093 143.1 -217.48889058985552 15.506018402233618 72.202286 88.43025 278.8697637349843 -10.498718544589527 -0.9427843 -3.3636746 0.29606465 278.8697567719477 -10.498741907615058 278.8907040023585 -10.467499635860962 41.03883613298606 147.85606433399906 5400.0 5400.0 2016.0 1 487 {-999.0 16.837168 15.126962 14.2788315 -999.0} sdss_psfmag_ps1 16.003891 14.715382 13.599041 11.483 63050395539052697 1093585139 bright_1x1 mwm_astar_core_boss_single mwm_ob science 0 0 0.0 0.0 -999 ""
FIBERMAP 489 R-5C2 METROLOGY 0 0 0 1 0 0 -201.15265208482023 -86.04311915348829 143.1 -218.2099642069884 15.320314933702589 72.202286 88.43025 -999.0 -999.0 -999.0 -999.0 -999.0 278.8664369760789 -10.499509037512164 278.887418366301 -10.46833422263791 41.03956278309094 147.86038237278154 -999.0 6231.0 -999.0 -1 -999 {-999.0 -999.0 -999.0 -999.0 -999.0} "" -999.0 -999.0 -999.0 -999.0 -999 -999 "" "" "" "" 0 0 0.0 0.0 -999 ""
FIBERMAP 493 R+8C15 APOGEE 1 1 0 1 0 0 104.91775652837178 158.5065652800337 143.1 165.70102270391297 93.0780968073644 78.19623 171.63216 280.6383307784339 -10.151393593418334 -2.222297 -5.4107547 0.09452672 280.63829632865884 -10.151431711996652 280.6576704657539 -10.115942328540145 40.53431314506964 145.61011259761088 16000.0 16600.0 2016.0 2 78 {-999.0 18.092573 15.804355 14.565797 -999.0} sdss_psfmag_ps1 16.787096 15.206478 13.886264 10.707 63050395432666391 1153727780 bright_1x1 mwm_galactic_core_dist_apogee_sparse mwm_galactic science 0 0 0.0 0.0 -999 ""
FIBERMAP 493 R+8C15 BOSS 0 0 0 1 0 0 105.17783352792227 159.20410770452327 143.1 166.2508760280076 93.57978122371517 78.19623 171.63216 -999.0 -999.0 -999.0 -999.0 -999.0 280.6409745799099 -10.149349314742663 280.6602253951101 -10.113645036842154 40.53511184210736 145.6057554449137 -999.0 5400.0 -999.0 1 230 {-999.0 -999.0 -999.0 -999.0 -999.0} "" -999.0 -999.0 -999.0 -999.0 -999 -999 "" "" "" "" 0 0 0.0 0.0 -999 ""
FIBERMAP 493 R+8C15 METROLOGY 0 0 0 1 0 0 105.65541227660842 158.63204843197914 143.1 166.41444694380382 92.85287138432666 78.19623 171.63216 -999.0 -999.0 -999.0 -999.0 -999.0 280.6416934078998 -10.152593208368115 280.6609850136746 -10.116944598896037 40.53186094246521 145.60698830687917 -999.0 6231.0 -999.0 -1 -999 {-999.0 -999.0 -999.0 -999.0 -999.0} "" -999.0 -999.0 -999.0 -999.0 -999 -999 "" "" "" "" 0 0 0.0 0.0 -999 ""
FIBERMAP 495 R+5C10 APOGEE 1 1 0 1 0 0 -15.138121891191343 92.6267299541729 143.1 28.83163882458341 89.30149268148716 31.974459 65.050156 280.0071716308594 -10.166756501005437 -999.0 -999.0 -999.0 280.00718319406707 -10.166733205550898 280.026890937231 -10.132887827718955 40.81622456112251 146.33997389722492 16000.0 16600.0 2015.5 2 7 {-999.0 -999.0 -999.0 -999.0 -999.0} "" -999.0 -999.0 -999.0 -999.0 27021603148705894 848990724 "" ops_sky_apogee_good ops_sky sky_apogee 0 0 0.0 0.0 -999 ""
FIBERMAP 495 R+5C10 BOSS 0 0 0 1 0 0 -15.057456495848019 91.87878863476512 143.1 28.561852504491927 88.59938505402894 31.974459 65.050156 -999.0 -999.0 -999.0 -999.0 -999.0 280.00605803174454 -10.170086890663175 280.0256610039675 -10.136034693016258 40.814025924077775 146.34335156784303 -999.0 5400.0 -999.0 1 129 {-999.0 -999.0 -999.0 -999.0 -999.0} "" -999.0 -999.0 -999.0 -999.0 -999 -999 "" "" "" "" 0 0 0.0 0.0 -999 ""
FIBERMAP 495 R+5C10 METROLOGY 0 0 0 1 0 0 -15.738999295666265 92.1837013218843 143.1 28.09487283942903 89.18181249222356 31.974459 65.050156 -999.0 -999.0 -999.0 -999.0 -999.0 280.00386734129853 -10.16738161650512 280.02349683468435 -10.133395503312192 40.81735918746841 146.3441802048157 -999.0 6231.0 -999.0 -1 -999 {-999.0 -999.0 -999.0 -999.0 -999.0} "" -999.0 -999.0 -999.0 -999.0 -999 -999 "" "" "" "" 0 0 0.0 0.0 -999 ""
FIBERMAP 501 R+6C19 APOGEE 1 1 0 1 0 0 191.50484392025345 130.70363781210992 143.1 230.02204880535928 28.8094986328253 92.35413 66.663536 280.93335206655706 -10.443475357218095 -2.5814636 -7.056793 -0.22804266 280.93334422442626 -10.443497589971237 280.9532980712952 -10.40708730501307 40.13879995599998 145.46078152020272 16000.0 16600.0 2016.0 2 34 {-999.0 21.42418 18.239902 15.127675 -999.0} sdss_psfmag_ps1 19.160458 15.144372 13.536454 8.32 63050395432573831 1153727627 bright_1x1 mwm_galactic_core_dist_apogee_sparse mwm_galactic science 0 0 0.0 0.0 -999 ""
FIBERMAP 501 R+6C19 BOSS 0 0 0 1 0 0 192.19163477168559 130.42696064698518 143.1 230.5065897850457 28.249789464095496 92.35413 66.663536 -999.0 -999.0 -999.0 -999.0 -999.0 280.93571158356656 -10.44624382427519 280.9555518237603 -10.409614329897291 40.13551516807365 145.45984772640278 -999.0 5400.0 -999.0 1 195 {-999.0 -999.0 -999.0 -999.0 -999.0} "" -999.0 -999.0 -999.0 -999.0 -999 -999 "" "" "" "" 0 0 0.0 0.0 -999 ""
FIBERMAP 501 R+6C19 METROLOGY 0 0 0 1 0 0 191.6015579802209 129.9642655308008 143.1 229.77045024627512 28.107684549659922 92.35413 66.663536 -999.0 -999.0 -999.0 -999.0 -999.0 280.9323178416167 -10.446826392547107 280.95219495561594 -10.410265447448655 40.136546011163944 145.4640378689245 -999.0 6231.0 -999.0 -1 -999 {-999.0 -999.0 -999.0 -999.0 -999.0} "" -999.0 -999.0 -999.0 -999.0 -999 -999 "" "" "" "" 0 0 0.0 0.0 -999 ""
FIBERMAP 506 R+6C10 APOGEE 0 0 0 1 0 0 -26.708095462209442 98.70426484002552 143.1 21.31568219814734 99.9905422071453 291.01917 76.11903 -999.0 -999.0 -999.0 -999.0 -999.0 279.9725058274979 -10.11804651077486 279.99210901937204 -10.08431651053328 40.87521832478695 146.3494533607231 -999.0 16600.0 -999.0 2 -999 {-999.0 -999.0 -999.0 -999.0 -999.0} "" -999.0 -999.0 -999.0 -999.0 -999 -999 "" "" "" "" 0 0 0.0 0.0 -999 ""
FIBERMAP 506 R+6C10 BOSS 1 1 0 1 0 0 -27.454626266544246 98.58201129964095 143.1 20.595838595239012 100.22269293830172 291.01917 76.11903 279.96931392469185 -10.117140655907336 -0.715081 -3.260128 0.62280333 279.96930213740836 -10.11714208073383 279.98879128789713 -10.083213295207498 40.877736029480026 146.35256853358982 5400.0 5400.0 2016.0 1 128 {-999.0 17.043371 16.190474 15.805091 -999.0} sdss_psfmag_ps1 16.745901 16.144995 15.385491 14.08 63050395539548050 982153051 "" ops_std_boss_tic ops_std standard_boss 0 0 0.0 0.0 -999 ""
FIBERMAP 506 R+6C10 METROLOGY 0 0 0 1 0 0 -27.18311548041858 99.27960644534569 143.1 21.155886028959873 100.7192031852086 291.01917 76.11903 -999.0 -999.0 -999.0 -999.0 -999.0 279.9718621376091 -10.11484260335475 279.991376502364 -10.080967125173016 40.8785101796941 146.34819714524673 -999.0 6231.0 -999.0 -1 -999 {-999.0 -999.0 -999.0 -999.0 -999.0} "" -999.0 -999.0 -999.0 -999.0 -999 -999 "" "" "" "" 0 0 0.0 0.0 -999 ""
FIBERMAP 507 R+1C26 APOGEE 1 1 0 1 0 0 275.4102022534658 10.51351332805905 143.1 249.77055311440418 -116.41037235866895 211.67023 144.35681 281.0224214691257 -11.100448802664216 0.57520175 -4.7728324 0.38884607 281.02241603197325 -11.10045445830226 281.04394750737873 -11.063470818578299 39.52112908333324 145.7723674854444 16000.0 16600.0 2016.0 2 42 {-999.0 11.526571 11.375424 11.349477 -999.0} sdss_psfmag_from_g3xp 11.514294 11.344006 11.025976 10.659 63050395431104287 975035746 "" ops_std_apogee ops_std standard_apogee 0 0 0.0 0.0 -999 ""
FIBERMAP 507 R+1C26 BOSS 0 0 0 1 0 0 274.6879797141814 10.593056150347211 143.1 249.1644782554085 -116.00982936988946 211.67023 144.35681 -999.0 -999.0 -999.0 -999.0 -999.0 281.0197917979336 -11.098885901748707 281.04119930134294 -11.061693334867435 39.52398635409397 145.7743206962521 -999.0 5400.0 -999.0 1 175 {-999.0 -999.0 -999.0 -999.0 -999.0} "" -999.0 -999.0 -999.0 -999.0 -999 -999 "" "" "" "" 0 0 0.0 0.0 -999 ""
FIBERMAP 507 R+1C26 METROLOGY 0 0 0 1 0 0 275.1032479064535 11.208228936713242 143.1 249.8147569974716 -115.6522761376813 211.67023 144.35681 -999.0 -999.0 -999.0 -999.0 -999.0 281.0227180800927 -11.097188977749738 281.04415434275563 -11.06005102944842 39.52402766702911 145.77000024495686 -999.0 6231.0 -999.0 -1 -999 {-999.0 -999.0 -999.0 -999.0 -999.0} "" -999.0 -999.0 -999.0 -999.0 -999 -999 "" "" "" "" 0 0 0.0 0.0 -999 ""
FIBERMAP 514 R+11C3 APOGEE 1 1 0 1 0 0 -137.8699486763837 197.45807246818413 143.1 -32.46528229180644 238.58966617863575 292.25958 33.533756 279.7263670445296 -9.491563555234956 -2.7068224 -7.5458746 0.13279234 279.72635909584244 -9.491514688676636 279.744522676426 -9.45874207222268 41.5417526495589 146.2413989321223 16000.0 16600.0 2016.0 2 133 {-999.0 21.351482 17.743515 16.021912 -999.0} sdss_psfmag_ps1 19.088684 16.475973 15.031829 10.764 63050395540455547 1153922321 bright_1x1 mwm_galactic_core_dist_apogee_sparse mwm_galactic science 0 0 0.0 0.0 -999 ""
FIBERMAP 514 R+11C3 BOSS 0 0 0 1 0 0 -138.50166453631576 197.8447815394007 143.1 -32.85059121320898 239.2220965176251 292.25958 33.533756 -999.0 -999.0 -999.0 -999.0 -999.0 279.7247092127155 -9.488857324192178 279.74275638997034 -9.455887577840796 41.545091883655594 146.24164234980924 -999.0 5400.0 -999.0 1 5 {-999.0 -999.0 -999.0 -999.0 -999.0} "" -999.0 -999.0 -999.0 -999.0 -999 -999 "" "" "" "" 0 0 0.0 0.0 -999 ""
FIBERMAP 514 R+11C3 METROLOGY 0 0 0 1 0 0 -137.8508541821384 198.20609212615008 143.1 -32.106726551221996 239.246289660585 292.25958 33.533756 -999.0 -999.0 -999.0 -999.0 -999.0 279.7280953863386 -9.48870273814648 279.74617197453364 -9.455781665664853 41.54358907036616 146.23761090933414 -999.0 6231.0 -999.0 -1 -999 {-999.0 -999.0 -999.0 -999.0 -999.0} "" -999.0 -999.0 -999.0 -999.0 -999 -999 "" "" "" "" 0 0 0.0 0.0 -999 ""
FIBERMAP 515 R+3C19 APOGEE 0 0 0 1 0 0 146.9871818371515 39.89124008488173 143.1 148.9567356304341 -31.637296016106017 312.00793 73.85935 -999.0 -999.0 -999.0 -999.0 -999.0 280.5617889272153 -10.718022762641844 280.58259950420876 -10.682443860121056 40.072839925387534 146.05171685874885 -999.0 16600.0 -999.0 2 -999 {-999.0 -999.0 -999.0 -999.0 -999.0} "" -999.0 -999.0 -999.0 -999.0 -999 -999 "" "" "" "" 0 0 0.0 0.0 -999 ""
FIBERMAP 515 R+3C19 BOSS 1 1 0 1 0 0 146.33452792441716 39.55196846694816 143.1 148.2212949318842 -31.64104427622816 312.00793 73.85935 280.5585657849871 -10.718248588963174 1.72807 -8.224044 0.6090806 280.558574581331 -10.718266749171185 280.5792694132925 -10.682483150963106 40.074369096633184 146.05549797608515 5400.0 5400.0 2016.0 1 217 {-999.0 18.138105 16.705273 15.985149 -999.0} sdss_psfmag_ps1 17.550158 16.543453 15.539448 13.346 63050395432137651 980270039 "" ops_std_boss_red ops_std standard_boss 0 0 0.0 0.0 -999 ""
FIBERMAP 515 R+3C19 METROLOGY 0 0 0 1 0 0 146.36020573291333 40.29566924459466 143.1 148.58373419693166 -30.991268487865746 312.00793 73.85935 -999.0 -999.0 -999.0 -999.0 -999.0 280.56020403107374 -10.715248568016955 280.58092402296927 -10.679522631577262 40.07619281176128 146.0517826548317 -999.0 6231.0 -999.0 -1 -999 {-999.0 -999.0 -999.0 -999.0 -999.0} "" -999.0 -999.0 -999.0 -999.0 -999 -999 "" "" "" "" 0 0 0.0 0.0 -999 ""
FIBERMAP 533 R+1C3 APOGEE 1 1 0 1 0 0 -246.54890244325318 26.83021727020296 143.1 -207.04678674482741 136.44751207577724 149.3126 114.622406 278.9223215237036 -9.951103336740013 0.17183751 -4.0109997 0.21233106 278.9223152587974 -9.951129543737643 278.94198155840286 -9.920233678806639 41.502535166704 147.46355351552455 16000.0 16600.0 2016.0 2 104 {-999.0 20.724558 17.5198 15.837394 -999.0} sdss_psfmag_ps1 18.853561 16.332 14.917368 10.651 63050395540283860 1153921429 bright_1x1 mwm_galactic_core_dist_apogee_sparse mwm_galactic science 0 0 0.0 0.0 -999 ""
FIBERMAP 533 R+1C3 BOSS 0 0 0 1 0 0 -246.4908247785796 27.56547640752335 143.1 -206.6593834541977 137.07498436172455 149.3126 114.622406 -999.0 -999.0 -999.0 -999.0 -999.0 278.9242006266245 -9.948490383791363 278.94375203633155 -9.917386075959602 41.50426411835655 147.45973897314525 -999.0 5400.0 -999.0 1 61 {-999.0 -999.0 -999.0 -999.0 -999.0} "" -999.0 -999.0 -999.0 -999.0 -999 -999 "" "" "" "" 0 0 0.0 0.0 -999 ""
FIBERMAP 533 R+1C3 METROLOGY 0 0 0 1 0 0 -245.87014813466092 27.14203510408465 143.1 -206.30066681972792 136.4149226122529 149.3126 114.622406 -999.0 -999.0 -999.0 -999.0 -999.0 278.92577390380063 -9.95141167094947 278.94536233424884 -9.920359811058919 41.500894057210544 147.45968064473442 -999.0 6231.0 -999.0 -1 -999 {-999.0 -999.0 -999.0 -999.0 -999.0} "" -999.0 -999.0 -999.0 -999.0 -999 -999 "" "" "" "" 0 0 0.0 0.0 -999 ""
FIBERMAP 544 R-6C19 APOGEE 1 1 0 1 0 0 164.5246580394063 -122.98717029941442 143.1 90.17990199452211 -184.52133378480565 223.88284 94.481316 280.2882208647171 -11.411471898076991 -999.0 -999.0 -999.0 280.2882293428807 -11.411460632472398 280.31089110952246 -11.376237478288903 39.58825276337048 146.78563784898378 16000.0 16600.0 2016.0 2 229 {-999.0 -999.0 -999.0 -999.0 -999.0} "" -999.0 17.786491 -999.0 8.594 63050395430370669 1151521194 bright_1x1 mwm_galactic_core_dist_apogee_sparse mwm_galactic science 0 0 0.0 0.0 -999 ""
FIBERMAP 544 R-6C19 BOSS 0 0 0 1 0 0 163.95927499671163 -122.51470371455098 143.1 89.89275412494119 -183.84291438646838 223.88284 94.481316 -999.0 -999.0 -999.0 -999.0 -999.0 280.2870554491032 -11.40866712575421 280.30959265112233 -11.37323080475303 39.59150499311542 146.785262875535 -999.0 5400.0 -999.0 1 277 {-999.0 -999.0 -999.0 -999.0 -999.0} "" -999.0 -999.0 -999.0 -999.0 -999 -999 "" "" "" "" 0 0 0.0 0.0 -999 ""
FIBERMAP 544 R-6C19 METROLOGY 0 0 0 1 0 0 164.6584734731396 -122.2574646758467 143.1 90.63213599817688 -183.93338568705465 223.88284 94.481316 -999.0 -999.0 -999.0 -999.0 -999.0 280.2904334097544 -11.408997092522286 280.31300326746754 -11.373613434467966 39.58959616883535 146.78166605727384 -999.0 6231.0 -999.0 -1 -999 {-999.0 -999.0 -999.0 -999.0 -999.0} "" -999.0 -999.0 -999.0 -999.0 -999 -999 "" "" "" "" 0 0 0.0 0.0 -999 ""
FIBERMAP 546 R-12C1 APOGEE 1 1 0 1 0 0 -164.91634923455362 -216.7791665201072 143.1 -245.677393658991 -117.51251727616832 153.24417 75.17175 278.73922247833644 -11.099601035036848 -0.890758 -1.5148206 0.044831697 278.73920324251185 -11.0996243057722 278.7618208439051 -11.06862593663197 40.559928985260534 148.36432312468585 16000.0 16600.0 2016.0 2 296 {-999.0 21.019815 18.004866 16.234055 -999.0} sdss_psfmag_ps1 19.171066 16.796282 15.193557 10.794 63050395538741370 1153913977 bright_1x1 mwm_galactic_core_dist_apogee_sparse mwm_galactic science 0 0 0.0 0.0 -999 ""
FIBERMAP 546 R-12C1 BOSS 0 0 0 1 0 0 -164.44664949799858 -216.21664914090954 143.1 -245.0027438566439 -117.22665489570241 153.24417 75.17175 -999.0 -999.0 -999.0 -999.0 -999.0 278.7423766924673 -11.098588322113526 278.7648810825796 -11.067369251679025 40.559701775354746 148.36004830297966 -999.0 5400.0 -999.0 1 429 {-999.0 -999.0 -999.0 -999.0 -999.0} "" -999.0 -999.0 -999.0 -999.0 -999 -999 "" "" "" "" 0 0 0.0 0.0 -999 ""
FIBERMAP 546 R-12C1 METROLOGY 0 0 0 1 0 0 -164.179544697664 -216.90863642112677 143.1 -245.0811469542455 -117.96412765931197 153.24417 75.17175 -999.0 -999.0 -999.0 -999.0 -999.0 278.7419932810963 -11.101847558910071 278.7645369380168 -11.070688133526353 40.556888810455455 148.36240882935857 -999.0 6231.0 -999.0 -1 -999 {-999.0 -999.0 -999.0 -999.0 -999.0} "" -999.0 -999.0 -999.0 -999.0 -999 -999 "" "" "" "" 0 0 0.0 0.0 -999 ""
FIBERMAP 548 R+1C14 APOGEE 1 1 0 1 0 0 18.794977032439718 19.51563319703992 143.1 25.629124518939744 8.776174815567407 292.8499 166.85681 279.991683765297 -10.533356584338826 -3.9096775 -8.054632 0.16405179 279.99168482905606 -10.533379327038018 280.01230882700145 -10.499388203092893 40.49993320275845 146.58477726772796 16000.0 16600.0 2016.0 2 13 {-999.0 18.675068 16.260342 13.735372 -999.0} sdss_psfmag_ps1 17.479704 13.833876 12.263367 7.675 63050395539373828 1153918289 bright_1x1 mwm_galactic_core_dist_apogee_sparse mwm_galactic science 0 0 0.0 0.0 -999 ""
FIBERMAP 548 R+1C14 BOSS 0 0 0 1 0 0 18.909381333619912 18.787751136232885 143.1 25.398507770799917 8.076502986427753 292.8499 166.85681 -999.0 -999.0 -999.0 -999.0 -999.0 279.99073830033853 -10.53677197011604 280.01125675572064 -10.502570873192441 40.497612736188294 146.58794842761867 -999.0 5400.0 -999.0 1 96 {-999.0 -999.0 -999.0 -999.0 -999.0} "" -999.0 -999.0 -999.0 -999.0 -999 -999 "" "" "" "" 0 0 0.0 0.0 -999 ""
FIBERMAP 548 R+1C14 METROLOGY 0 0 0 1 0 0 18.218679943299055 19.04117715842176 143.1 24.899871197222566 8.61731659759778 292.8499 166.85681 -999.0 -999.0 -999.0 -999.0 -999.0 279.9883972993072 -10.534242818743197 280.0089430137088 -10.500108877286896 40.500855984811786 146.58906301152416 -999.0 6231.0 -999.0 -1 -999 {-999.0 -999.0 -999.0 -999.0 -999.0} "" -999.0 -999.0 -999.0 -999.0 -999 -999 "" "" "" "" 0 0 0.0 0.0 -999 ""
FIBERMAP 550 R+1C1 APOGEE 1 1 0 1 0 0 -267.02764656737446 34.78743339550533 143.1 -221.62851946242276 152.87653941770168 104.31252 50.41411 278.85693210325877 -9.877189908958275 -1.1287593 -5.6344705 -2.764484 278.8569266877275 -9.877188558696588 278.8764379282409 -9.846500852030914 41.59767673830554 147.49500493595772 16000.0 16600.0 2016.0 2 141 {-999.0 23.178118 21.243324 19.743643 -999.0} sdss_psfmag_gaia 21.529085 20.466806 18.694925 10.86 63050395540286745 1154738167 bright_1x1 mwm_galactic_core_dist_apogee_sparse mwm_galactic science 0 0 0.0 0.0 -999 ""
FIBERMAP 550 R+1C1 BOSS 0 0 0 1 0 0 -266.36333137843513 34.49021360793632 143.1 -221.17335043355504 152.3088213244074 104.31252 50.41411 -999.0 -999.0 -999.0 -999.0 -999.0 278.85906179544827 -9.879941323809835 278.878471956774 -9.849042416448672 41.59449911347126 147.494182272096 -999.0 5400.0 -999.0 1 12 {-999.0 -999.0 -999.0 -999.0 -999.0} "" -999.0 -999.0 -999.0 -999.0 -999 -999 "" "" "" "" 0 0 0.0 0.0 -999 ""
FIBERMAP 550 R+1C1 METROLOGY 0 0 0 1 0 0 -266.97067861497624 34.04283022164571 143.1 -221.91785968617594 152.1882220522338 104.31252 50.41411 -999.0 -999.0 -999.0 -999.0 -999.0 278.8556463583733 -9.880434129822838 278.8750895987204 -9.849601804140725 41.595530341558884 147.4984851473158 -999.0 6231.0 -999.0 -1 -999 {-999.0 -999.0 -999.0 -999.0 -999.0} "" -999.0 -999.0 -999.0 -999.0 -999 -999 "" "" "" "" 0 0 0.0 0.0 -999 ""
FIBERMAP 554 R-2C23 APOGEE 1 1 0 1 0 0 225.02834136213536 -27.219205808076367 143.1 187.72722029332425 -126.96647199601404 74.51651 127.52979 280.73956204875253 -11.149222462526275 -232.7951 -251.10953 41.39989 280.73888756232424 -11.149914687731016 280.7606807074509 -11.113647719853612 39.61048764751165 146.11996991398723 16000.0 16600.0 2016.0 2 197 {-999.0 14.17216 14.250869 14.369623 -999.0} sdss_psfmag_from_g3xp 14.226593 14.175518 14.05788 14.039 63050395431746532 1110782389 bright_flexible_4x1 manual_mwm_planet_gaia_astrometry_apogee mwm_planet science 0 0 0.0 0.0 -999 ""
FIBERMAP 554 R-2C23 BOSS 0 0 0 1 0 0 225.72661007173804 -26.968517802081095 143.1 188.4627837360779 -127.06234569429262 74.51651 127.52979 -999.0 -999.0 -999.0 -999.0 -999.0 280.74240998898864 -11.150568216148944 280.7640830161525 -11.114075148328169 39.60851722965457 146.1164280364183 -999.0 5400.0 -999.0 1 310 {-999.0 -999.0 -999.0 -999.0 -999.0} "" -999.0 -999.0 -999.0 -999.0 -999 -999 "" "" "" "" 0 0 0.0 0.0 -999 ""
FIBERMAP 554 R-2C23 METROLOGY 0 0 0 1 0 0 225.62629907446936 -27.707046279475158 143.1 188.0363221761572 -127.67344076293757 74.51651 127.52979 -999.0 -999.0 -999.0 -999.0 -999.0 280.74040035496756 -11.153273954292665 280.7621150739698 -11.116846086093915 39.60700546996266 146.120348185251 -999.0 6231.0 -999.0 -1 -999 {-999.0 -999.0 -999.0 -999.0 -999.0} "" -999.0 -999.0 -999.0 -999.0 -999 -999 "" "" "" "" 0 0 0.0 0.0 -999 ""
FIBERMAP 565 R+8C3 APOGEE 1 1 0 1 0 0 -176.8825903561237 155.39555070276668 143.1 -86.37314874449244 218.99074767271955 229.23497 56.491 279.47830634826306 -9.579177576062897 -1.0491883 -3.9054492 0.14871825 279.4783062888903 -9.579193967870662 279.49679884412603 -9.547027111133312 41.57913912004761 146.58497330671912 16000.0 16600.0 2016.0 2 137 {-999.0 18.545115 15.530989 14.016315 -999.0} sdss_psfmag_ps1 16.82532 14.387476 12.996067 8.935 63050395540347684 1153921669 bright_1x1 mwm_galactic_core_dist_apogee_sparse mwm_galactic science 0 0 0.0 0.0 -999 ""
FIBERMAP 565 R+8C3 BOSS 0 0 0 1 0 0 -177.10829755115392 156.10253755096812 143.1 -86.25107430489705 219.72265855271002 229.23497 56.491 -999.0 -999.0 -999.0 -999.0 -999.0 279.47898960728736 -9.576084660269466 279.4973646463098 -9.543714549385347 41.581801709522885 146.5822351970651 -999.0 5400.0 -999.0 1 25 {-999.0 -999.0 -999.0 -999.0 -999.0} "" -999.0 -999.0 -999.0 -999.0 -999 -999 "" "" "" "" 0 0 0.0 0.0 -999 ""
FIBERMAP 565 R+8C3 METROLOGY 0 0 0 1 0 0 -176.37256742475313 155.95134769388736 143.1 -85.66570134364532 219.25221948557288 229.23497 56.491 -999.0 -999.0 -999.0 -999.0 -999.0 279.4816306219352 -9.578142830126517 279.5000405979665 -9.545822303208345 41.578701557921406 146.58044386012602 -999.0 6231.0 -999.0 -1 -999 {-999.0 -999.0 -999.0 -999.0 -999.0} "" -999.0 -999.0 -999.0 -999.0 -999 -999 "" "" "" "" 0 0 0.0 0.0 -999 ""
FIBERMAP 566 R+8C7 APOGEE 0 0 0 1 0 0 -57.487131013037285 147.04693120148755 143.1 16.013523846294774 157.0447750909309 319.45694 119.87226 -999.0 -999.0 -999.0 -999.0 -999.0 279.9484658888785 -9.859193087586169 279.9674389698104 -9.825656158071736 41.11450332603988 146.21539280507855 -999.0 16600.0 -999.0 2 -999 {-999.0 -999.0 -999.0 -999.0 -999.0} "" -999.0 -999.0 -999.0 -999.0 -999 -999 "" "" "" "" 0 0 0.0 0.0 -999 ""
FIBERMAP 566 R+8C7 BOSS 1 1 0 1 0 0 -57.62004117201432 146.34160800610377 143.1 15.573228921713413 156.47810110534934 319.45694 119.87226 279.9465684105644 -9.861886586576492 -3.164404 -4.141367 -0.5764963 279.94654779966663 -9.861900548673805 279.9654158987139 -9.828161526291748 41.1132439234464 146.21929977898176 5400.0 5400.0 2016.0 1 103 {-999.0 16.070887 15.012131 14.485083 -999.0} sdss_psfmag_ps1 15.544149 15.261132 13.902872 12.221 63050395539734076 1093370623 bright_3x1 mwm_astar_core_boss mwm_ob science 0 0 0.0 0.0 -999 ""
FIBERMAP 566 R+8C7 METROLOGY 0 0 0 1 0 0 -58.188601068435716 146.79276247427842 143.1 15.273523477430262 157.13901462997646 319.45694 119.87226 -999.0 -999.0 -999.0 -999.0 -999.0 279.9451372024559 -9.858858333144934 279.9640303263224 -9.825182852994807 41.11651372367838 146.21901886034536 -999.0 6231.0 -999.0 -1 -999 {-999.0 -999.0 -999.0 -999.0 -999.0} "" -999.0 -999.0 -999.0 -999.0 -999 -999 "" "" "" "" 0 0 0.0 0.0 -999 ""
FIBERMAP 572 R+10C5 APOGEE 0 0 1 1 0 0 -89.01409677451406 201.62990649133837 143.1 12.895643849425142 219.99112015535974 10.027594 170.21696 -999.0 -999.0 -999.0 -999.0 -999.0 279.934586708367 -9.575357802474523 279.952863537931 -9.541998772045543 41.370893288681366 146.05287972735087 -999.0 16600.0 -999.0 2 -999 {-999.0 -999.0 -999.0 -999.0 -999.0} "" -999.0 -999.0 -999.0 -999.0 -999 -999 "" "" "" "" 0 0 0.0 0.0 -999 ""
FIBERMAP 572 R+10C5 BOSS 1 0 1 1 0 0 -88.26412205136914 201.64157216189037 143.1 13.56805246557546 219.6590319756405 10.027594 170.21696 279.94166200051507 -9.544240097387423 4.101018 -10.280915 0.9878551 279.9377907541385 -9.577021043684123 279.9559583753999 -9.543449090680035 41.36816465431809 146.05022379616986 5400.0 5400.0 2016.0 1 146 {-999.0 17.280893 15.956495 15.346913 -999.0} sdss_psfmag_ps1 16.714542 15.819182 14.870639 12.661 63050395540114334 917199776 bright_4x1 mwm_yso_pms_boss_sagitta_edr3 mwm_yso science 0 0 0.0 0.0 -999 ""
FIBERMAP 572 R+10C5 METROLOGY 0 0 1 1 0 0 -88.6274164366738 200.9918310280587 143.1 12.9482178735405 219.24699811656 10.027594 170.21696 -999.0 -999.0 -999.0 -999.0 -999.0 279.93490476556946 -9.578812832031188 279.95310984304217 -9.545305264136674 41.36787002414049 146.05469299651656 -999.0 6231.0 -999.0 -1 -999 {-999.0 -999.0 -999.0 -999.0 -999.0} "" -999.0 -999.0 -999.0 -999.0 -999 -999 "" "" "" "" 0 0 0.0 0.0 -999 ""
FIBERMAP 575 R+3C14 APOGEE 1 1 0 1 0 0 37.425518287612235 78.74495946897119 143.1 69.2466376016604 52.95166263009164 139.16437 41.579353 280.1939392089844 -10.33259911095358 -999.0 -999.0 -999.0 280.1939318422936 -10.33259928053652 280.21396323409704 -10.29818088091258 40.58338830821053 146.22958201151687 16000.0 16600.0 2015.5 2 24 {-999.0 -999.0 -999.0 -999.0 -999.0} "" -999.0 -999.0 -999.0 -999.0 27021603148705622 848990711 "" ops_sky_apogee_good ops_sky sky_apogee 0 0 0.0 0.0 -999 ""
FIBERMAP 575 R+3C14 BOSS 0 0 0 1 0 0 38.15961683286 78.76068532566309 143.1 69.90677882074837 52.63043548651627 139.16437 41.579353 -999.0 -999.0 -999.0 -999.0 -999.0 280.1971343839141 -10.33425178352906 280.21705335692764 -10.299614590020331 40.580682304647574 146.22695629187234 -999.0 5400.0 -999.0 1 97 {-999.0 -999.0 -999.0 -999.0 -999.0} "" -999.0 -999.0 -999.0 -999.0 -999 -999 "" "" "" "" 0 0 0.0 0.0 -999 ""
FIBERMAP 575 R+3C14 METROLOGY 0 0 0 1 0 0 37.8126321661678 78.09972946959 143.1 69.29633023887027 52.200978860604245 139.16437 41.579353 -999.0 -999.0 -999.0 -999.0 -999.0 280.194270262671 -10.33614595443123 280.21422787029826 -10.301574679206574 40.58027823518487 146.23140319854699 -999.0 6231.0 -999.0 -1 -999 {-999.0 -999.0 -999.0 -999.0 -999.0} "" -999.0 -999.0 -999.0 -999.0 -999 -999 "" "" "" "" 0 0 0.0 0.0 -999 ""
FIBERMAP 577 R+6C15 APOGEE 1 1 0 1 0 0 92.50192517133871 129.24429345101163 143.1 141.2953176840483 72.71961873422087 76.400894 116.34428 280.52637709603175 -10.24346842434723 -3.6228065 -3.5820997 0.11609888 280.5263750633193 -10.243489154253671 280.5460294380545 -10.208245881211607 40.50630624110332 145.79527062027321 16000.0 16600.0 2016.0 2 36 {-999.0 18.820318 16.271475 15.058291 -999.0} sdss_psfmag_ps1 17.406645 15.600239 14.315003 10.788 63050395432254156 1153727255 bright_1x1 mwm_galactic_core_dist_apogee_sparse mwm_galactic science 0 0 0.0 0.0 -999 ""
FIBERMAP 577 R+6C15 BOSS 0 0 0 1 0 0 93.22315405472175 129.42664948377708 143.1 142.0201008141899 72.55248123377633 76.400894 116.34428 -999.0 -999.0 -999.0 -999.0 -999.0 280.52987942006234 -10.244440716053482 280.5494179317336 -10.20897833451579 40.504061993583974 145.7918864510707 -999.0 5400.0 -999.0 1 188 {-999.0 -999.0 -999.0 -999.0 -999.0} "" -999.0 -999.0 -999.0 -999.0 -999 -999 "" "" "" "" 0 0 0.0 0.0 -999 ""
FIBERMAP 577 R+6C15 METROLOGY 0 0 0 1 0 0 93.02610987821815 128.69969209643943 143.1 141.51288154162432 71.99585005260977 76.400894 116.34428 -999.0 -999.0 -999.0 -999.0 -999.0 280.5275068853912 -10.24690852300844 280.5470856513573 -10.211510442806318 40.50294361645647 145.79613369521186 -999.0 6231.0 -999.0 -1 -999 {-999.0 -999.0 -999.0 -999.0 -999.0} "" -999.0 -999.0 -999.0 -999.0 -999 -999 "" "" "" "" 0 0 0.0 0.0 -999 ""
FIBERMAP 580 R+9C7 APOGEE 1 1 0 1 0 0 -53.69864169428592 190.95364909867453 143.1 39.43260994592541 194.36862440514793 107.00172 89.29441 280.0566101074219 -9.691024260854462 -999.0 -999.0 -999.0 280.0565883745799 -9.691004584859554 280.075095615896 -9.65726877867015 41.21211358604891 145.98499822278586 16000.0 16600.0 2015.5 2 29 {-999.0 -999.0 -999.0 -999.0 -999.0} "" -999.0 -999.0 -999.0 -999.0 27021603148708335 848991356 "" ops_sky_apogee_good ops_sky sky_apogee 0 0 0.0 0.0 -999 ""
FIBERMAP 580 R+9C7 BOSS 0 0 0 1 0 0 -52.991907085947076 191.1686269764229 143.1 40.1593970871833 194.2371217175828 107.00172 89.29441 -999.0 -999.0 -999.0 -999.0 -999.0 280.06005689454906 -9.691764933618858 280.0784516622599 -9.657814954041394 41.210054856753786 145.98147977094757 -999.0 5400.0 -999.0 1 118 {-999.0 -999.0 -999.0 -999.0 -999.0} "" -999.0 -999.0 -999.0 -999.0 -999 -999 "" "" "" "" 0 0 0.0 0.0 -999 ""
FIBERMAP 580 R+9C7 METROLOGY 0 0 0 1 0 0 -53.16080350342198 190.44065293580968 143.1 39.67675022459981 193.66673300859262 107.00172 89.29441 -999.0 -999.0 -999.0 -999.0 -999.0 280.0578002308859 -9.694278018046592 280.0762342094497 -9.660390694310383 41.20883440408702 145.9856671280313 -999.0 6231.0 -999.0 -1 -999 {-999.0 -999.0 -999.0 -999.0 -999.0} "" -999.0 -999.0 -999.0 -999.0 -999 -999 "" "" "" "" 0 0 0.0 0.0 -999 ""
FIBERMAP 581 R-1C19 APOGEE 0 0 0 1 0 0 119.5212783555505 -11.653174086222302 143.1 100.98961087180575 -64.94273534080413 63.605553 156.23692 -999.0 -999.0 -999.0 -999.0 -999.0 280.3400558098082 -10.869559009906009 280.3613480478012 -10.8344825640026 40.04255012839774 146.39601386105718 -999.0 16600.0 -999.0 2 -999 {-999.0 -999.0 -999.0 -999.0 -999.0} "" -999.0 -999.0 -999.0 -999.0 -999 -999 "" "" "" "" 0 0 0.0 0.0 -999 ""
FIBERMAP 581 R-1C19 BOSS 1 1 0 1 0 0 120.09527617069226 -11.161834259040347 143.1 101.72452877664756 -64.76780953403704 63.605553 156.23692 280.3436143300658 -10.86900091039549 2.1823916 -4.0421844 0.63226694 280.3436195823614 -10.869006405451852 280.36479162511046 -10.833707160560554 40.0416302665133 146.3916435367804 5400.0 5400.0 2016.0 1 296 {-999.0 17.909683 16.671864 16.119024 -999.0} sdss_psfmag_ps1 17.396692 16.534369 15.601536 13.725 63050395432041029 980270032 "" ops_std_boss_red ops_std standard_boss 0 0 0.0 0.0 -999 ""
FIBERMAP 581 R-1C19 METROLOGY 0 0 0 1 0 0 120.22842756909199 -11.891085772146845 143.1 101.50996171088579 -65.4772600277063 63.605553 156.23692 -999.0 -999.0 -999.0 -999.0 -999.0 280.34257825227616 -10.872167078258517 280.3637918154203 -10.836929485167369 40.03925803225403 146.3947675156361 -999.0 6231.0 -999.0 -1 -999 {-999.0 -999.0 -999.0 -999.0 -999.0} "" -999.0 -999.0 -999.0 -999.0 -999 -999 "" "" "" "" 0 0 0.0 0.0 -999 ""
FIBERMAP 587 R-10C13 APOGEE 0 0 0 1 0 0 99.73305425499935 -184.69661926418377 143.1 4.37089706608264 -209.8240796673324 50.095036 108.70528 -999.0 -999.0 -999.0 -999.0 -999.0 279.8906733468758 -11.525364809593883 279.91381135585317 -11.491124209816967 39.6682838659232 147.30217028764253 -999.0 16600.0 -999.0 2 -999 {-999.0 -999.0 -999.0 -999.0 -999.0} "" -999.0 -999.0 -999.0 -999.0 -999 -999 "" "" "" "" 0 0 0.0 0.0 -999 ""
FIBERMAP 587 R-10C13 BOSS 1 1 0 1 0 0 100.43665758657025 -184.94639442745108 143.1 4.882676666521788 -210.36753741483074 50.095036 108.70528 279.8931884765625 -11.528155221368905 -999.0 -999.0 -999.0 279.89315362884446 -11.528078134874972 279.916180833749 -11.493611640717019 39.6650034733282 147.30099542527816 5400.0 5400.0 2015.5 1 396 {-999.0 -999.0 -999.0 -999.0 -999.0} "" -999.0 -999.0 -999.0 -999.0 27021603147971062 852646388 "" ops_sky_boss_fallback ops_sky sky_boss 0 0 0.0 0.0 -999 ""
FIBERMAP 587 R-10C13 METROLOGY 0 0 0 1 0 0 99.86831580420936 -185.43035374873324 143.1 4.1561598405626885 -210.5384812075149 50.095036 108.70528 -999.0 -999.0 -999.0 -999.0 -999.0 279.8897542505309 -11.528767574660675 279.91281780387015 -11.494371402062196 39.665857886638555 147.30524638473767 -999.0 6231.0 -999.0 -1 -999 {-999.0 -999.0 -999.0 -999.0 -999.0} "" -999.0 -999.0 -999.0 -999.0 -999 -999 "" "" "" "" 0 0 0.0 0.0 -999 ""
FIBERMAP 588 R+8C1 APOGEE 1 1 0 1 0 0 -192.6075560653461 148.7703624825514 143.1 -103.38535929461361 220.27839165520265 308.36182 133.94946 279.4003436000291 -9.57344779719368 -3.219373 -5.26952 0.061897874 279.4003379326957 -9.573460428098656 279.4188512292893 -9.541500501362231 41.62007388159112 146.67229159988392 16000.0 16600.0 2016.0 2 94 {-999.0 24.723997 21.747196 19.820112 -999.0} sdss_psfmag_ps1 22.13169 19.851337 17.887762 10.982 63050395540340419 1153921672 bright_1x1 mwm_galactic_core_dist_apogee_sparse mwm_galactic science 0 0 0.0 0.0 -999 ""
FIBERMAP 588 R+8C1 BOSS 0 0 0 1 0 0 -192.73360731409198 148.0492068440286 143.1 -103.82678305186838 219.6945031353089 308.36182 133.94946 -999.0 -999.0 -999.0 -999.0 -999.0 279.3983881882031 -9.57625840595934 279.4168002206818 -9.544099311427765 41.61872539555502 146.67631047006793 -999.0 5400.0 -999.0 1 81 {-999.0 -999.0 -999.0 -999.0 -999.0} "" -999.0 -999.0 -999.0 -999.0 -999 -999 "" "" "" "" 0 0 0.0 0.0 -999 ""
FIBERMAP 588 R+8C1 METROLOGY 0 0 0 1 0 0 -193.31313514395444 148.52815029344094 143.1 -104.12355475541457 220.38514252499394 308.36182 133.94946 -999.0 -999.0 -999.0 -999.0 -999.0 279.397028194861 -9.573112168535658 279.415463950358 -9.541015705224913 41.622067048696884 146.6759356190868 -999.0 6231.0 -999.0 -1 -999 {-999.0 -999.0 -999.0 -999.0 -999.0} "" -999.0 -999.0 -999.0 -999.0 -999 -999 "" "" "" "" 0 0 0.0 0.0 -999 ""
FIBERMAP 589 R-2C25 APOGEE 1 1 0 1 0 0 252.44152790358572 -24.891068868676186 143.1 213.17359568651415 -137.41347063677958 201.5359 38.257122 280.8551757289717 -11.196342261131038 -3.4540925 -6.2747226 0.02960359 280.8551335548353 -11.196372258780677 280.87698451703704 -11.15977648229034 39.51538980798448 146.01860833981925 16000.0 16600.0 2016.0 2 216 {-999.0 18.019836 15.856021 14.113694 -999.0} sdss_psfmag_ps1 16.965242 14.579853 13.194365 9.644 63050395431016980 1153725860 bright_1x1 mwm_galactic_core_dist_apogee_sparse mwm_galactic science 0 0 0.0 0.0 -999 ""
FIBERMAP 589 R-2C25 BOSS 0 0 0 1 0 0 252.79108771618195 -24.24236905649912 143.1 213.78073825437343 -136.9960913221175 201.5359 38.257122 -999.0 -999.0 -999.0 -999.0 -999.0 280.85805451988523 -11.19469838752822 280.87977914468377 -11.15787877390081 39.515742054055046 146.0143101856114 -999.0 5400.0 -999.0 1 254 {-999.0 -999.0 -999.0 -999.0 -999.0} "" -999.0 -999.0 -999.0 -999.0 -999 -999 "" "" "" "" 0 0 0.0 0.0 -999 ""
FIBERMAP 589 R-2C25 METROLOGY 0 0 0 1 0 0 253.17953644424313 -24.883899327014984 143.1 213.83330762762336 -137.7440938242142 201.5359 38.257122 -999.0 -999.0 -999.0 -999.0 -999.0 280.8582364733178 -11.19800509043771 280.880003400477 -11.161244762622202 39.512682094336974 146.01615016569474 -999.0 6231.0 -999.0 -1 -999 {-999.0 -999.0 -999.0 -999.0 -999.0} "" -999.0 -999.0 -999.0 -999.0 -999 -999 "" "" "" "" 0 0 0.0 0.0 -999 ""
FIBERMAP 592 R0C5 APOGEE 1 1 0 1 0 0 -188.63073522428203 -13.2960166726637 143.1 -173.85321725582398 74.30889864097664 354.5409 70.115944 279.0713644633447 -10.232456917434943 -1.0144726 -2.6900563 0.13524945 279.0713525341056 -10.232467351454444 279.09165273301596 -10.201039954683717 41.185413301290225 147.4609980222469 16000.0 16600.0 2016.0 2 243 {-999.0 21.617733 18.022207 15.485273 -999.0} sdss_psfmag_ps1 19.440018 15.72021 14.163072 9.211 63050395539260413 1153917864 bright_1x1 mwm_galactic_core_dist_apogee_sparse mwm_galactic science 0 0 0.0 0.0 -999 ""
FIBERMAP 592 R0C5 BOSS 0 0 0 1 0 0 -188.92852861272323 -13.973674924939697 143.1 -174.42753845663378 73.84212325426995 354.5409 70.115944 -999.0 -999.0 -999.0 -999.0 -999.0 279.0687611419402 -10.234764897445297 279.0889593791581 -10.203136044928698 41.18476972720872 147.46540619081162 -999.0 5400.0 -999.0 1 495 {-999.0 -999.0 -999.0 -999.0 -999.0} "" -999.0 -999.0 -999.0 -999.0 -999 -999 "" "" "" "" 0 0 0.0 0.0 -999 ""
FIBERMAP 592 R0C5 METROLOGY 0 0 0 1 0 0 -189.39196089005304 -13.395841601082786 143.1 -174.57588984735474 74.56770918232623 354.5409 70.115944 -999.0 -999.0 -999.0 -999.0 -999.0 279.0680853216613 -10.231416677311646 279.0883063799229 -10.199849986756114 41.187983634797014 147.46415826528022 -999.0 6231.0 -999.0 -1 -999 {-999.0 -999.0 -999.0 -999.0 -999.0} "" -999.0 -999.0 -999.0 -999.0 -999 -999 "" "" "" "" 0 0 0.0 0.0 -999 ""
FIBERMAP 594 R+1C22 APOGEE 1 1 0 1 0 0 195.70485520193358 38.98140720400262 143.1 191.8742904526246 -54.69274636404981 130.4833 50.018414 280.759009832237 -10.822495903176959 -2.4979746 -5.684691 0.11001171 280.7589703638912 -10.822482972400943 280.7799440225494 -10.786333808221835 39.88878040490336 145.89452012570723 16000.0 16600.0 2016.0 2 86 {-999.0 16.740866 14.592147 12.546016 -999.0} sdss_psfmag_from_g3xp 15.692242 13.250819 11.854562 8.288 63050395431945442 1152174548 bright_1x1 mwm_galactic_core_dist_apogee_sparse mwm_galactic science 0 0 0.0 0.0 -999 ""
FIBERMAP 594 R+1C22 BOSS 0 0 0 1 0 0 196.44055474654598 38.963666277790345 143.1 192.52057362236275 -55.04447235245321 130.4833 50.018414 -999.0 -999.0 -999.0 -999.0 -999.0 280.76209916849297 -10.824300076810461 280.7829565343241 -10.787927662663385 39.885961725540746 145.89213378962722 -999.0 5400.0 -999.0 1 235 {-999.0 -999.0 -999.0 -999.0 -999.0} "" -999.0 -999.0 -999.0 -999.0 -999 -999 "" "" "" "" 0 0 0.0 0.0 -999 ""
FIBERMAP 594 R+1C22 METROLOGY 0 0 0 1 0 0 196.0700506055823 38.32296883740352 143.1 191.89845581718774 -55.4451698731518 130.4833 50.018414 -999.0 -999.0 -999.0 -999.0 -999.0 280.7591994629155 -10.826061460823789 280.78009639520997 -10.789756399164336 39.8857059731251 145.8964899004679 -999.0 6231.0 -999.0 -1 -999 {-999.0 -999.0 -999.0 -999.0 -999.0} "" -999.0 -999.0 -999.0 -999.0 -999 -999 "" "" "" "" 0 0 0.0 0.0 -999 ""
FIBERMAP 597 R+1C2 APOGEE 0 0 0 1 0 0 -247.47099316729773 18.377542242883784 143.1 -211.72674538389668 129.3501512343304 330.855 139.86269 -999.0 -999.0 -999.0 -999.0 -999.0 278.9006268055046 -9.983160726179424 278.9203826074157 -9.952305687685193 41.483801200644386 147.50843740184428 -999.0 16600.0 -999.0 2 -999 {-999.0 -999.0 -999.0 -999.0 -999.0} "" -999.0 -999.0 -999.0 -999.0 -999 -999 "" "" "" "" 0 0 0.0 0.0 -999 ""
FIBERMAP 597 R+1C2 BOSS 1 1 0 1 0 0 -247.19422498600557 17.661083597280196 143.1 -211.80772764694183 128.5864992366392 330.855 139.86269 278.9002990722656 -9.98679617871359 -999.0 -999.0 -999.0 278.9003046961051 -9.986800181649057 278.9199622764672 -9.95573911018539 41.480939950478295 147.51103021472505 5400.0 5400.0 2015.5 1 11 {-999.0 -999.0 -999.0 -999.0 -999.0} "" -999.0 -999.0 -999.0 -999.0 27021603148709371 852780052 "" ops_sky_boss_fallback ops_sky sky_boss 0 0 0.0 0.0 -999 ""
FIBERMAP 597 R+1C2 METROLOGY 0 0 0 1 0 0 -247.9380163305543 17.795690590403858 143.1 -212.40784314844132 129.04586933908948 330.855 139.86269 -999.0 -999.0 -999.0 -999.0 -999.0 278.89757148957125 -9.984673147491524 278.91725545075207 -9.953678424660277 41.483993762446595 147.51293140323213 -999.0 6231.0 -999.0 -1 -999 {-999.0 -999.0 -999.0 -999.0 -999.0} "" -999.0 -999.0 -999.0 -999.0 -999 -999 "" "" "" "" 0 0 0.0 0.0 -999 ""
FIBERMAP 598 R+11C9 APOGEE 1 1 0 1 0 0 23.83061824985156 209.9063238859733 143.1 117.04717992377115 175.82395275430886 346.17242 116.36159 280.4136657714843 -9.776179486276888 -999.0 -999.0 -999.0 280.4136589461714 -9.776182158613029 280.4322120186009 -9.741469631081795 40.96945945325534 145.6286693112196 16000.0 16600.0 2015.5 2 21 {-999.0 -999.0 -999.0 -999.0 -999.0} "" -999.0 -999.0 -999.0 -999.0 27021603148707507 848991247 "" ops_sky_apogee_good ops_sky sky_apogee 0 0 0.0 0.0 -999 ""
FIBERMAP 598 R+11C9 BOSS 0 0 0 1 0 0 23.990882413619147 209.19011008311043 143.1 116.86268237972284 175.11371831244603 346.17242 116.36159 -999.0 -999.0 -999.0 -999.0 -999.0 280.4129635764976 -9.779548181937457 280.4314104642706 -9.744629882256762 40.96707043033086 145.63160209178264 -999.0 5400.0 -999.0 1 110 {-999.0 -999.0 -999.0 -999.0 -999.0} "" -999.0 -999.0 -999.0 -999.0 -999 -999 "" "" "" "" 0 0 0.0 0.0 -999 ""
FIBERMAP 598 R+11C9 METROLOGY 0 0 0 1 0 0 23.278524880480802 209.40182840412322 143.1 116.32573808629431 175.62732302881798 346.17242 116.36159 -999.0 -999.0 -999.0 -999.0 -999.0 280.41045248042093 -9.777168816984505 280.4289272109427 -9.742316644400834 40.97027644669197 145.63296720830257 -999.0 6231.0 -999.0 -1 -999 {-999.0 -999.0 -999.0 -999.0 -999.0} "" -999.0 -999.0 -999.0 -999.0 -999 -999 "" "" "" "" 0 0 0.0 0.0 -999 ""
FIBERMAP 599 R+2C11 APOGEE 1 1 0 1 0 0 -47.96812412706305 60.49996005263522 143.1 -15.039932829956722 75.71694163963296 172.09021 19.505402 279.8040782617877 -10.227964995383905 -4.741088 -6.818906 0.024894958 279.8040545851025 -10.227995049774549 279.8240083723109 -10.194650565364855 40.855989724397894 146.61121251088943 16000.0 16600.0 2016.0 2 142 {-999.0 20.48214 17.179955 15.542089 -999.0} sdss_psfmag_ps1 18.421627 16.053307 14.642222 10.687 63050395539618525 1153919356 bright_1x1 mwm_galactic_core_dist_apogee_sparse mwm_galactic science 0 0 0.0 0.0 -999 ""
FIBERMAP 599 R+2C11 BOSS 0 0 0 1 0 0 -47.24210187453024 60.65326066762552 143.1 -14.32415384267753 75.52177133424118 172.09021 19.505402 -999.0 -999.0 -999.0 -999.0 -999.0 279.8074691982259 -10.229060850685173 279.8273113517037 -10.195498701179543 40.853712666258126 146.60794655549546 -999.0 5400.0 -999.0 1 23 {-999.0 -999.0 -999.0 -999.0 -999.0} "" -999.0 -999.0 -999.0 -999.0 -999 -999 "" "" "" "" 0 0 0.0 0.0 -999 ""
FIBERMAP 599 R+2C11 METROLOGY 0 0 0 1 0 0 -47.467774649662914 59.94104960252563 143.1 -14.850103775658807 74.99132940778324 172.09021 19.505402 -999.0 -999.0 -999.0 -999.0 -999.0 279.80499754708916 -10.231416704631016 279.8248786321601 -10.197918823869697 40.852702530904594 146.61224467062448 -999.0 6231.0 -999.0 -1 -999 {-999.0 -999.0 -999.0 -999.0 -999.0} "" -999.0 -999.0 -999.0 -999.0 -999 -999 "" "" "" "" 0 0 0.0 0.0 -999 ""
FIBERMAP 600 R+1C17 APOGEE 0 0 0 1 0 0 87.59374868401277 14.729903735469758 143.1 84.63838919447717 -26.896503722515067 307.28662 140.11159 -999.0 -999.0 -999.0 -999.0 -999.0 280.26472725219105 -10.696367484927645 280.2856262829811 -10.661577667230521 40.230062810834696 146.3745421353103 -999.0 16600.0 -999.0 2 -999 {-999.0 -999.0 -999.0 -999.0 -999.0} "" -999.0 -999.0 -999.0 -999.0 -999 -999 "" "" "" "" 0 0 0.0 0.0 -999 ""
FIBERMAP 600 R+1C17 BOSS 1 1 0 1 0 0 87.58890848010708 13.95442280231789 143.1 84.2799724782027 -27.584062248637643 307.28662 140.11159 280.26322080691386 -10.699717208409382 -5.3003907 -7.327117 0.39955735 280.26322253196554 -10.699723617061446 280.28401433708683 -10.664723653462573 40.22804292627885 146.37832173087384 5400.0 5400.0 2016.0 1 191 {-999.0 17.38022 16.349579 15.873387 -999.0} sdss_psfmag_ps1 16.994324 16.284763 15.438302 13.863 63050395432107039 980270037 "" ops_std_boss_red ops_std standard_boss 0 0 0.0 0.0 -999 ""
FIBERMAP 600 R+1C17 METROLOGY 0 0 0 1 0 0 86.94094867378641 14.368636345355096 143.1 83.89277451383008 -26.919749897311714 307.28662 140.11159 -999.0 -999.0 -999.0 -999.0 -999.0 280.26139435655335 -10.696633551133974 280.2822123333066 -10.66170016437884 40.231544552367005 146.37848813402772 -999.0 6231.0 -999.0 -1 -999 {-999.0 -999.0 -999.0 -999.0 -999.0} "" -999.0 -999.0 -999.0 -999.0 -999 -999 "" "" "" "" 0 0 0.0 0.0 -999 ""
FIBERMAP 604 R+7C14 APOGEE 1 1 0 1 0 0 58.92631189221841 128.3705856456226 143.1 111.03177781311517 87.27426943041719 256.2435 47.762295 280.3868854850764 -10.17698400885789 -3.4568892 -7.3320007 0.13588022 280.3868850428522 -10.176994989485841 280.4064408230484 -10.142150516178662 40.63019128370611 145.91226234593765 16000.0 16600.0 2016.0 2 43 {-999.0 17.966938 15.734294 14.640725 -999.0} sdss_psfmag_ps1 16.781807 15.21043 14.007153 10.923 63050395539509568 1153918798 bright_1x1 mwm_galactic_core_dist_apogee_sparse mwm_galactic science 0 0 0.0 0.0 -999 ""
FIBERMAP 604 R+7C14 BOSS 0 0 0 1 0 0 58.53733157203743 128.98912998711234 143.1 110.96823943105741 88.00206933106963 256.2435 47.762295 -999.0 -999.0 -999.0 -999.0 -999.0 280.3867491748022 -10.173861962484755 280.4061816495339 -10.138810725286202 40.6332455641842 145.91045052103817 -999.0 5400.0 -999.0 1 160 {-999.0 -999.0 -999.0 -999.0 -999.0} "" -999.0 -999.0 -999.0 -999.0 -999 -999 "" "" "" "" 0 0 0.0 0.0 -999 ""
FIBERMAP 604 R+7C14 METROLOGY 0 0 0 1 0 0 59.28163526810601 129.03443494483878 143.1 111.6509646914904 87.70249194974174 256.2435 47.762295 -999.0 -999.0 -999.0 -999.0 -999.0 280.38985697109575 -10.175179392056064 280.4093239952476 -10.140178488835756 40.630563718505144 145.90773507657278 -999.0 6231.0 -999.0 -1 -999 {-999.0 -999.0 -999.0 -999.0 -999.0} "" -999.0 -999.0 -999.0 -999.0 -999 -999 "" "" "" "" 0 0 0.0 0.0 -999 ""
FIBERMAP 605 R+13C13 APOGEE 1 1 0 1 0 0 125.86166886131741 237.05736703442315 143.1 220.19907086344395 153.38313444531124 296.4036 101.465805 280.8856108949529 -9.880174377615466 -4.2616463 -4.2850137 0.10172803 280.88562155094905 -9.88019258033701 280.9042101500189 -9.844193474072942 40.65418877370886 145.15689841907593 16000.0 16600.0 2016.0 2 103 {-999.0 18.122429 15.673356 14.517405 -999.0} sdss_psfmag_ps1 16.809967 15.099357 13.868556 10.552 63050395539914204 1153920102 bright_1x1 mwm_galactic_core_dist_apogee_sparse mwm_galactic science 0 0 0.0 0.0 -999 ""
FIBERMAP 605 R+13C13 BOSS 0 0 0 1 0 0 125.25910874989232 236.62981928930802 143.1 219.4678772672325 153.27799245716176 296.4036 101.465805 -999.0 -999.0 -999.0 -999.0 -999.0 280.8824263491605 -9.880846801722397 280.9009005233235 -9.84464832527719 40.65538158847758 145.16094350230537 -999.0 5400.0 -999.0 1 91 {-999.0 -999.0 -999.0 -999.0 -999.0} "" -999.0 -999.0 -999.0 -999.0 -999 -999 "" "" "" "" 0 0 0.0 0.0 -999 ""
FIBERMAP 605 R+13C13 METROLOGY 0 0 0 1 0 0 125.17869089462721 237.36801880387011 143.1 219.73343532138196 153.97132198465414 296.4036 101.465805 -999.0 -999.0 -999.0 -999.0 -999.0 280.8835701723734 -9.877678306698328 280.9020693163333 -9.841537225302913 40.65753635898583 145.15761867479515 -999.0 6231.0 -999.0 -1 -999 {-999.0 -999.0 -999.0 -999.0 -999.0} "" -999.0 -999.0 -999.0 -999.0 -999 -999 "" "" "" "" 0 0 0.0 0.0 -999 ""
FIBERMAP 610 R-4C21 APOGEE 1 1 0 1 0 0 219.86628332077714 -78.88867361487826 143.1 159.54164216319003 -170.5678524275151 34.51022 73.107315 280.6083657078256 -11.34739444234387 0.7153372 -0.94305307 0.58286566 280.60838938822525 -11.347358260957247 280.6307354738061 -11.311329670820186 39.497360255685614 146.3874350755323 16000.0 16600.0 2016.0 2 232 {-999.0 11.645958 11.496258 11.478571 -999.0} sdss_psfmag_from_g3xp 11.63998 11.463353 11.143893 10.736 63050395431701506 975035842 "" ops_std_apogee ops_std standard_apogee 0 0 0.0 0.0 -999 ""
FIBERMAP 610 R-4C21 BOSS 0 0 0 1 0 0 220.09203230027222 -79.60051905134243 143.1 159.4173862898072 -171.30410396692875 34.51022 73.107315 -999.0 -999.0 -999.0 -999.0 -999.0 280.60794066327594 -11.350920424385917 280.63017599529763 -11.314673319262555 39.49467776905379 146.39011767408672 -999.0 5400.0 -999.0 1 279 {-999.0 -999.0 -999.0 -999.0 -999.0} "" -999.0 -999.0 -999.0 -999.0 -999 -999 "" "" "" "" 0 0 0.0 0.0 -999 ""
FIBERMAP 610 R-4C21 METROLOGY 0 0 0 1 0 0 219.34675851889637 -79.4219242020074 143.1 158.83603858270453 -170.80493095720396 34.51022 73.107315 -999.0 -999.0 -999.0 -999.0 -999.0 280.6052427378125 -11.348619729033521 280.62750765894305 -11.31244264644209 39.49788309599622 146.39172989740746 -999.0 6231.0 -999.0 -1 -999 {-999.0 -999.0 -999.0 -999.0 -999.0} "" -999.0 -999.0 -999.0 -999.0 -999 -999 "" "" "" "" 0 0 0.0 0.0 -999 ""
FIBERMAP 613 R0C25 APOGEE 1 1 0 1 0 0 249.911904965034 -12.667496347081274 143.1 216.50527356180362 -125.38582913655159 286.69284 117.26698 280.87065187432796 -11.142023221072101 0.26229477 -0.7661402 0.56145144 280.8706520197099 -11.142008908356294 280.89236092901183 -11.105400956406454 39.555880512502 145.9676452459922 16000.0 16600.0 2016.0 2 35 {-999.0 10.901254 10.790934 10.78485 -999.0} sdss_psfmag_from_g3xp 10.906087 10.7497835 10.4550295 10.113 63050395431020711 975035711 "" ops_std_apogee ops_std standard_apogee 0 0 0.0 0.0 -999 ""
FIBERMAP 613 R0C25 BOSS 0 0 0 1 0 0 249.37570621969735 -13.184668249110432 143.1 215.7921810574229 -125.60099222197236 286.69284 117.26698 -999.0 -999.0 -999.0 -999.0 -999.0 280.86752897412737 -11.143229220862787 280.8891217611403 -11.106412118804984 39.556517507004216 145.97189178058193 -999.0 5400.0 -999.0 1 172 {-999.0 -999.0 -999.0 -999.0 -999.0} "" -999.0 -999.0 -999.0 -999.0 -999 -999 "" "" "" "" 0 0 0.0 0.0 -999 ""
FIBERMAP 613 R0C25 METROLOGY 0 0 0 1 0 0 249.18949620927512 -12.457798364224514 143.1 215.95846642881372 -124.86943171795545 286.69284 117.26698 -999.0 -999.0 -999.0 -999.0 -999.0 280.86826689126735 -11.139858034455921 280.889885182607 -11.103102189114594 39.55906276532977 145.9689803564595 -999.0 6231.0 -999.0 -1 -999 {-999.0 -999.0 -999.0 -999.0 -999.0} "" -999.0 -999.0 -999.0 -999.0 -999 -999 "" "" "" "" 0 0 0.0 0.0 -999 ""
FIBERMAP 614 R+1C11 APOGEE 1 1 0 1 0 0 -61.94932454714969 37.483102798825556 143.1 -37.98611721323269 61.62838800862687 151.35059 64.74831 279.6976639135633 -10.29180952206633 -2.6217213 -7.2682037 0.025699468 279.6976540753543 -10.291832868469248 279.7178155078092 -10.258734734609465 40.84843362688555 146.77297447687283 16000.0 16600.0 2016.0 2 134 {-999.0 21.885683 18.65249 15.730839 -999.0} sdss_psfmag_ps1 19.8753 15.920665 14.311509 9.447 63050395539611488 1153919271 bright_1x1 mwm_galactic_core_dist_apogee_sparse mwm_galactic science 0 0 0.0 0.0 -999 ""
FIBERMAP 614 R+1C11 BOSS 0 0 0 1 0 0 -61.34858049175468 37.924426369012664 143.1 -37.250248428868524 61.746612484367915 151.35059 64.74831 -999.0 -999.0 -999.0 -999.0 -999.0 279.7011533873266 -10.291480076924234 279.72120003921674 -10.258164486341784 40.8473779162477 146.7687313109066 -999.0 5400.0 -999.0 1 31 {-999.0 -999.0 -999.0 -999.0 -999.0} "" -999.0 -999.0 -999.0 -999.0 -999 -999 "" "" "" "" 0 0 0.0 0.0 -999 ""
FIBERMAP 614 R+1C11 METROLOGY 0 0 0 1 0 0 -61.26056249329412 37.17267645059186 143.1 -37.51523395129496 61.037759760381725 151.35059 64.74831 -999.0 -999.0 -999.0 -999.0 -999.0 279.6998877740614 -10.29465087705988 279.71997470501117 -10.26139605881369 40.84508720693976 146.77214013800355 -999.0 6231.0 -999.0 -1 -999 {-999.0 -999.0 -999.0 -999.0 -999.0} "" -999.0 -999.0 -999.0 -999.0 -999 -999 "" "" "" "" 0 0 0.0 0.0 -999 ""
FIBERMAP 615 R-10C5 APOGEE 0 0 0 1 0 0 -97.77995650367681 -184.16569374204812 143.1 -171.0689959888387 -119.16054527744906 126.030174 119.28947 -999.0 -999.0 -999.0 -999.0 -999.0 279.08036971652575 -11.110820894182089 279.10285750379296 -11.078921772188643 40.399505147783856 147.97791675483404 -999.0 16600.0 -999.0 2 -999 {-999.0 -999.0 -999.0 -999.0 -999.0} "" -999.0 -999.0 -999.0 -999.0 -999 -999 "" "" "" "" 0 0 0.0 0.0 -999 ""
FIBERMAP 615 R-10C5 BOSS 1 1 0 1 0 0 -97.49381685386363 -183.48061541492186 143.1 -170.50165220103477 -118.6818484392118 126.030174 119.28947 279.08309436340164 -11.108848046435938 -8.619889 -21.134836 1.9084764 279.08305017410345 -11.108919603643319 279.1054209851232 -11.076800922303963 40.40025137498905 147.97370859553973 5400.0 5400.0 2016.0 1 348 {-999.0 18.325321 16.449848 15.464831 -999.0} sdss_psfmag_ps1 17.490198 16.074835 14.92315 12.348 63050395538823493 917199660 bright_4x1 mwm_yso_pms_boss_sagitta_edr3 mwm_yso science 0 0 0.0 0.0 -999 ""
FIBERMAP 615 R-10C5 METROLOGY 0 0 0 1 0 0 -97.03896197608456 -184.07857835540426 143.1 -170.37012204984674 -119.42142236352026 126.030174 119.28947 -999.0 -999.0 -999.0 -999.0 -999.0 279.08362873319754 -11.112205972710294 279.1060389301512 -11.080144564082532 40.39699728947969 147.97499424826083 -999.0 6231.0 -999.0 -1 -999 {-999.0 -999.0 -999.0 -999.0 -999.0} "" -999.0 -999.0 -999.0 -999.0 -999 -999 "" "" "" "" 0 0 0.0 0.0 -999 ""
FIBERMAP 619 R+7C12 APOGEE 1 1 0 1 0 0 54.973532831850434 138.4763090365918 143.1 112.13051451813246 98.06800545013249 78.77876 24.797646 280.39190627018934 -10.128015303017252 -0.77254415 -1.7231797 0.10014653 280.3918911433012 -10.12799482971647 280.41132344806897 -10.093162074526967 40.67089318021973 145.87577528668234 16000.0 16600.0 2016.0 2 6 {-999.0 18.39818 15.900733 14.002059 -999.0} sdss_psfmag_ps1 17.125496 14.2968235 12.850164 8.85 63050395539512637 1153918805 bright_1x1 mwm_galactic_core_dist_apogee_sparse mwm_galactic science 0 0 0.0 0.0 -999 ""
FIBERMAP 619 R+7C12 BOSS 0 0 0 1 0 0 55.13594493870528 137.7575381954059 143.1 111.94675987736387 97.35451576845986 78.77876 24.797646 -999.0 -999.0 -999.0 -999.0 -999.0 280.3912076937502 -10.13140248990784 280.41053319719435 -10.096361391985889 40.66845775707009 145.87869662468367 -999.0 5400.0 -999.0 1 138 {-999.0 -999.0 -999.0 -999.0 -999.0} "" -999.0 -999.0 -999.0 -999.0 -999 -999 "" "" "" "" 0 0 0.0 0.0 -999 ""
FIBERMAP 619 R+7C12 METROLOGY 0 0 0 1 0 0 54.41605403216049 137.9717254299402 143.1 111.40424224926493 97.87375651434292 78.77876 24.797646 -999.0 -999.0 -999.0 -999.0 -999.0 280.3886633586688 -10.128985219692114 280.40801683885525 -10.094011079496125 40.67170768913019 145.8800790471629 -999.0 6231.0 -999.0 -1 -999 {-999.0 -999.0 -999.0 -999.0 -999.0} "" -999.0 -999.0 -999.0 -999.0 -999 -999 "" "" "" "" 0 0 0.0 0.0 -999 ""
FIBERMAP 623 R+6C11 APOGEE 0 0 0 1 0 0 10.837710010948443 121.25512988695262 143.1 65.00913945937576 102.90419278549021 16.340631 124.43845 -999.0 -999.0 -999.0 -999.0 -999.0 280.1744618523924 -10.105374966780863 280.1939398519077 -10.071122702176497 40.792491489014836 146.11001720054267 -999.0 16600.0 -999.0 2 -999 {-999.0 -999.0 -999.0 -999.0 -999.0} "" -999.0 -999.0 -999.0 -999.0 -999 -999 "" "" "" "" 0 0 0.0 0.0 -999 ""
FIBERMAP 623 R+6C11 BOSS 1 1 0 1 0 0 11.440727287624194 120.78081296474205 143.1 65.32891700561684 102.20694246704966 16.340631 124.43845 280.17608642578125 -10.108731992229878 -999.0 -999.0 -999.0 280.1760816186237 -10.108709188482443 280.19545276227564 -10.074243103657574 40.78903826395979 146.1102498488689 5400.0 5400.0 2015.5 1 136 {-999.0 -999.0 -999.0 -999.0 -999.0} "" -999.0 -999.0 -999.0 -999.0 27021603148705928 852779188 "" ops_sky_boss_fallback ops_sky sky_boss 0 0 0.0 0.0 -999 ""
FIBERMAP 623 R+6C11 METROLOGY 0 0 0 1 0 0 10.744316819815625 120.51490040067027 143.1 64.58805435603966 102.28842580652207 16.340631 124.43845 -999.0 -999.0 -999.0 -999.0 -999.0 280.1726216962058 -10.108278509128056 280.192025806032 -10.073880619896888 40.79096374024563 146.11394072035574 -999.0 6231.0 -999.0 -1 -999 {-999.0 -999.0 -999.0 -999.0 -999.0} "" -999.0 -999.0 -999.0 -999.0 -999 -999 "" "" "" "" 0 0 0.0 0.0 -999 ""
FIBERMAP 624 R-5C1 APOGEE 1 1 0 1 0 0 -237.84044302127666 -104.37336428106228 143.1 -259.2129599557009 15.768989241976161 164.1426 176.49309 278.679762718163 -10.496253184838693 -3.4103928 -8.030917 -0.690068 278.6798049462503 -10.496346344583353 278.7009405392959 -10.46581197092279 41.12497935284057 148.0756821818543 16000.0 16600.0 2016.0 2 241 {-999.0 25.748308 23.71111 18.879707 -999.0} sdss_psfmag_ps1 21.944937 18.4947 16.703463 9.66 63050395539232887 1153917408 bright_1x1 mwm_galactic_core_dist_apogee_sparse mwm_galactic science 0 0 0.0 0.0 -999 ""
FIBERMAP 624 R-5C1 BOSS 0 0 0 1 0 0 -238.54991040925432 -104.15372012439768 143.1 -259.74371433391315 16.288324028299378 164.1426 176.49309 -999.0 -999.0 -999.0 -999.0 -999.0 278.6775094366637 -10.494190635906921 278.69853325530124 -10.463454992676187 41.12815201250199 148.07707037483272 -999.0 5400.0 -999.0 1 498 {-999.0 -999.0 -999.0 -999.0 -999.0} "" -999.0 -999.0 -999.0 -999.0 -999 -999 "" "" "" "" 0 0 0.0 0.0 -999 ""
FIBERMAP 624 R-5C1 METROLOGY 0 0 0 1 0 0 -238.01809171052437 -103.6418103847222 143.1 -259.0369206450547 16.500806647788824 164.1426 176.49309 -999.0 -999.0 -999.0 -999.0 -999.0 278.68069466521666 -10.493187397054879 278.70174497238804 -10.462502965129527 41.12757300543738 148.07275906181206 -999.0 6231.0 -999.0 -1 -999 {-999.0 -999.0 -999.0 -999.0 -999.0} "" -999.0 -999.0 -999.0 -999.0 -999 -999 "" "" "" "" 0 0 0.0 0.0 -999 ""
FIBERMAP 627 R+5C4 APOGEE 0 0 0 1 0 0 -180.26051646249948 78.79862070098459 143.1 -124.35453489609401 152.40238610154492 304.03632 31.097399 -999.0 -999.0 -999.0 -999.0 -999.0 279.3014665595746 -9.879068969639857 279.3207833433128 -9.847215969933677 41.39483405839822 146.97701344954942 -999.0 16600.0 -999.0 2 -999 {-999.0 -999.0 -999.0 -999.0 -999.0} "" -999.0 -999.0 -999.0 -999.0 -999 -999 "" "" "" "" 0 0 0.0 0.0 -999 ""
FIBERMAP 627 R+5C4 BOSS 1 1 0 1 0 0 -180.9530256716227 79.1016782473775 143.1 -124.8321159989554 152.98817108646563 304.03632 31.097399 279.2993386463498 -9.876539039736082 -0.7264643 -1.5932608 0.2572149 279.2993711061491 -9.876586748542577 279.3185734225809 -9.84453560698823 41.39821957058131 146.97792110830167 5400.0 5400.0 2016.0 1 37 {-999.0 17.365604 15.911674 15.096899 -999.0} sdss_psfmag_ps1 16.744507 15.600841 14.533234 12.366 63050395540279994 1093370944 bright_3x1 mwm_astar_core_boss mwm_ob science 0 0 0.0 0.0 -999 ""
FIBERMAP 627 R+5C4 METROLOGY 0 0 0 1 0 0 -180.3428299072049 79.54016400877754 143.1 -124.08913602409358 153.0995554320379 304.03632 31.097399 -999.0 -999.0 -999.0 -999.0 -999.0 279.3027636765326 -9.876034627119122 279.3219940376117 -9.844032933545813 41.39709697756436 146.97363215812598 -999.0 6231.0 -999.0 -1 -999 {-999.0 -999.0 -999.0 -999.0 -999.0} "" -999.0 -999.0 -999.0 -999.0 -999 -999 "" "" "" "" 0 0 0.0 0.0 -999 ""
FIBERMAP 630 R+11C4 APOGEE 1 1 0 1 0 0 -119.28727655953944 204.59121812832254 143.1 -12.679270354308105 236.44890836010757 257.5464 52.737003 279.8172146891959 -9.501242244597728 -0.74096125 -1.823492 0.2829194 279.81720598532536 -9.501259977798677 279.8353526650174 -9.468244826823163 41.49088945421025 146.14208102971008 16000.0 16600.0 2016.0 2 26 {-999.0 -999.0 -999.0 -999.0 -999.0} "" -999.0 16.187178 -999.0 10.821 63050395540449283 1151526686 bright_1x1 mwm_galactic_core_dist_apogee_sparse mwm_galactic science 0 0 0.0 0.0 -999 ""
FIBERMAP 630 R+11C4 BOSS 0 0 0 1 0 0 -119.7572662612573 205.1671751090691 143.1 -12.834311195060845 237.17581968053238 257.5464 52.737003 -999.0 -999.0 -999.0 -999.0 -999.0 279.8166135166443 -9.498176409763575 279.8346417699989 -9.464961367841234 41.49411197008522 146.1408228352721 -999.0 5400.0 -999.0 1 145 {-999.0 -999.0 -999.0 -999.0 -999.0} "" -999.0 -999.0 -999.0 -999.0 -999 -999 "" "" "" "" 0 0 0.0 0.0 -999 ""
FIBERMAP 630 R+11C4 METROLOGY 0 0 0 1 0 0 -119.03333310952426 205.2994319771378 143.1 -12.129999709552353 236.96288550316538 257.5464 52.737003 -999.0 -999.0 -999.0 -999.0 -999.0 279.81981514285644 -9.499085910314884 279.8378756597884 -9.465919551994581 41.491753634631216 146.13768289744334 -999.0 6231.0 -999.0 -1 -999 {-999.0 -999.0 -999.0 -999.0 -999.0} "" -999.0 -999.0 -999.0 -999.0 -999 -999 "" "" "" "" 0 0 0.0 0.0 -999 ""
FIBERMAP 631 R-5C16 APOGEE 1 1 0 1 0 0 113.28159475575191 -84.4835997189499 143.1 62.182687514346874 -126.87411826377196 79.593765 78.08724 280.1596540999587 -11.150874806026883 -3.0184412 -9.162224 0.11978265 280.1596427994992 -11.150885174794881 280.18171967522284 -11.116135415759745 39.87738424398858 146.7722072910212 16000.0 16600.0 2016.0 2 202 {-999.0 17.76017 15.294228 14.164116 -999.0} sdss_psfmag_ps1 16.433853 14.591725 13.324333 9.895 63050395430437891 1153725009 bright_1x1 mwm_galactic_core_dist_apogee_sparse mwm_galactic science 0 0 0.0 0.0 -999 ""
FIBERMAP 631 R-5C16 BOSS 0 0 0 1 0 0 113.97516792009054 -84.75766753303415 143.1 62.67445269299343 -127.43460352659179 79.593765 78.08724 -999.0 -999.0 -999.0 -999.0 -999.0 280.16205501371843 -11.15369461687645 280.18402084531056 -11.118721493949623 39.87404070243137 146.77119206331466 -999.0 5400.0 -999.0 1 304 {-999.0 -999.0 -999.0 -999.0 -999.0} "" -999.0 -999.0 -999.0 -999.0 -999 -999 "" "" "" "" 0 0 0.0 0.0 -999 ""
FIBERMAP 631 R-5C16 METROLOGY 0 0 0 1 0 0 113.39900846815364 -85.22253328441153 143.1 61.94970105350898 -127.58499430059862 79.593765 78.08724 -999.0 -999.0 -999.0 -999.0 -999.0 280.1586574825823 -11.154305152825511 280.18065959515644 -11.119401709713966 39.874988888321944 146.77540253086173 -999.0 6231.0 -999.0 -1 -999 {-999.0 -999.0 -999.0 -999.0 -999.0} "" -999.0 -999.0 -999.0 -999.0 -999 -999 "" "" "" "" 0 0 0.0 0.0 -999 ""
FIBERMAP 635 R+9C12 APOGEE 1 1 0 1 0 0 74.95068303691201 172.25008499007802 143.1 145.32191169517617 118.98658058965489 36.5753 63.305935 280.5443820194411 -10.033682133082637 -3.5513132 -7.6743727 0.009438418 280.54437947332934 -10.03367732815206 280.56350720694564 -9.99849327286441 40.68191240911068 145.64251317538856 16000.0 16600.0 2016.0 2 25 {-999.0 20.967958 21.32087 14.608807 -999.0} sdss_psfmag_gaia 18.508072 14.953513 13.352093 8.372 63050395539811550 1154738028 bright_1x1 mwm_galactic_core_dist_apogee_sparse mwm_galactic science 0 0 0.0 0.0 -999 ""
FIBERMAP 635 R+9C12 BOSS 0 0 0 1 0 0 75.08324152403269 171.51635808777522 143.1 145.1047736333917 118.27342010556814 36.5753 63.305935 -999.0 -999.0 -999.0 -999.0 -999.0 280.543550432046 -10.037077970723436 280.5625708263354 -10.001686396280858 40.679558782611906 145.64560759957504 -999.0 5400.0 -999.0 1 140 {-999.0 -999.0 -999.0 -999.0 -999.0} "" -999.0 -999.0 -999.0 -999.0 -999 -999 "" "" "" "" 0 0 0.0 0.0 -999 ""
FIBERMAP 635 R+9C12 METROLOGY 0 0 0 1 0 0 74.3813315681003 171.76257566064928 143.1 144.59287572434727 118.81294022126879 36.5753 63.305935 -999.0 -999.0 -999.0 -999.0 -999.0 280.54115066048075 -10.034572257752524 280.5601989179727 -9.999247180068233 40.68282167588901 145.6467568691466 -999.0 6231.0 -999.0 -1 -999 {-999.0 -999.0 -999.0 -999.0 -999.0} "" -999.0 -999.0 -999.0 -999.0 -999 -999 "" "" "" "" 0 0 0.0 0.0 -999 ""
FIBERMAP 637 R-13C10 APOGEE 1 1 0 1 0 0 35.070915413238495 -247.99123497924563 143.1 -82.04679451034748 -236.59590548837696 233.23766 35.835064 279.4907981893959 -11.643417835970324 -3.5196164 -5.7878175 0.12633967 279.4908092353852 -11.643433057712363 279.5144341265633 -11.61017931956757 39.742720254184746 147.8249186155927 16000.0 16600.0 2016.0 2 181 {-999.0 18.446117 15.957536 14.685286 -999.0} sdss_psfmag_ps1 17.10117 15.198586 13.919278 10.545 63050395430443181 1153725042 bright_1x1 mwm_galactic_core_dist_apogee_sparse mwm_galactic science 0 0 0.0 0.0 -999 ""
FIBERMAP 637 R-13C10 BOSS 0 0 0 1 0 0 35.109751217186556 -247.24608169863808 143.1 -81.67198831091957 -235.9508461360829 233.23766 35.835064 -999.0 -999.0 -999.0 -999.0 -999.0 279.4926444504805 -11.640800345046761 279.51614740145385 -11.607325014852899 39.74449164016449 147.82128043474623 -999.0 5400.0 -999.0 1 335 {-999.0 -999.0 -999.0 -999.0 -999.0} "" -999.0 -999.0 -999.0 -999.0 -999 -999 "" "" "" "" 0 0 0.0 0.0 -999 ""
FIBERMAP 637 R-13C10 METROLOGY 0 0 0 1 0 0 35.73308269618678 -247.6464003045818 143.1 -81.3003516488289 -236.5915531787346 233.23766 35.835064 -999.0 -999.0 -999.0 -999.0 -999.0 279.49433148708795 -11.64361292197481 279.51787308824055 -11.610193491876538 39.74116768072424 147.82103074031681 -999.0 6231.0 -999.0 -1 -999 {-999.0 -999.0 -999.0 -999.0 -999.0} "" -999.0 -999.0 -999.0 -999.0 -999 -999 "" "" "" "" 0 0 0.0 0.0 -999 ""
FIBERMAP 640 R-5C17 APOGEE 0 0 0 1 0 0 110.05365430600467 -112.18182048612111 143.1 46.6635559859193 -150.03692604370866 278.5475 56.497204 -999.0 -999.0 -999.0 -999.0 -999.0 280.08741319058674 -11.255813931065495 280.1097855530842 -11.22119875759261 39.817660594625515 146.91755039565035 -999.0 16600.0 -999.0 2 -999 {-999.0 -999.0 -999.0 -999.0 -999.0} "" -999.0 -999.0 -999.0 -999.0 -999 -999 "" "" "" "" 0 0 0.0 0.0 -999 ""
FIBERMAP 640 R-5C17 BOSS 1 1 0 1 0 0 109.35844501222617 -111.86525135062175 143.1 46.18974309301904 -149.43788992361146 278.5475 56.497204 280.0853588726672 -11.253377635577504 -0.35804018 -2.9659967 0.18171524 280.08535970271777 -11.253372166359819 280.107610285691 -11.21854745038414 39.821002147070146 146.91839024466634 5400.0 5400.0 2016.0 1 300 {-999.0 17.350697 16.027311 15.381397 -999.0} sdss_psfmag_ps1 16.796543 15.864043 14.8911495 13.039 63050395430427881 1093366059 bright_3x1 mwm_astar_core_boss mwm_ob science 0 0 0.0 0.0 -999 ""
FIBERMAP 640 R-5C17 METROLOGY 0 0 0 1 0 0 109.96776842156869 -111.44068244542528 143.1 46.925592213083775 -149.33848588715082 278.5475 56.497204 -999.0 -999.0 -999.0 -999.0 -999.0 280.0887347460306 -11.252852270640552 280.1110154698174 -11.218080246838761 39.81985203999108 146.91426231252763 -999.0 6231.0 -999.0 -1 -999 {-999.0 -999.0 -999.0 -999.0 -999.0} "" -999.0 -999.0 -999.0 -999.0 -999 -999 "" "" "" "" 0 0 0.0 0.0 -999 ""
FIBERMAP 641 R-8C16 APOGEE 0 0 0 1 0 0 144.5913730663036 -150.14233904359736 143.1 60.049807321443794 -199.57287220008578 15.57693 128.51884 -999.0 -999.0 -999.0 -999.0 -999.0 280.1485932709388 -11.479452756276945 280.17149199151106 -11.444559939409494 39.59193728611771 146.98382591706323 -999.0 16600.0 -999.0 2 -999 {-999.0 -999.0 -999.0 -999.0 -999.0} "" -999.0 -999.0 -999.0 -999.0 -999 -999 "" "" "" "" 0 0 0.0 0.0 -999 ""
FIBERMAP 641 R-8C16 BOSS 1 1 0 1 0 0 145.20984743673176 -150.58061124859552 143.1 60.39979279084831 -200.2451199897291 15.57693 128.51884 280.1503395385188 -11.482782476637183 -1.1044014 -2.2767632 0.31774688 280.1503308497462 -11.482739930705922 280.17311925302226 -11.447622782852482 39.58848413811299 146.98385432895086 5400.0 5400.0 2016.0 1 307 {-999.0 18.378616 16.344545 15.437557 -999.0} sdss_psfmag_ps1 17.389864 15.994515 14.832992 11.745 63050395430347665 1093604471 bright_1x1 mwm_astar_core_boss_single mwm_ob science 0 0 0.0 0.0 -999 ""
FIBERMAP 641 R-8C16 METROLOGY 0 0 0 1 0 0 144.52558057324674 -150.885530357035 143.1 59.65191979872467 -200.20387707796203 15.57693 128.51884 -999.0 -999.0 -999.0 -999.0 -999.0 280.1468353869284 -11.482486130015202 280.1696582129855 -11.447440078362302 39.59023133610174 146.9876348034664 -999.0 6231.0 -999.0 -1 -999 {-999.0 -999.0 -999.0 -999.0 -999.0} "" -999.0 -999.0 -999.0 -999.0 -999 -999 "" "" "" "" 0 0 0.0 0.0 -999 ""
FIBERMAP 647 R-6C1 APOGEE 1 0 1 1 0 0 -223.55058682250478 -108.75088132189454 143.1 -248.50145623823306 5.350065588365169 10.447968 169.86316 278.6522965430255 -10.530773311571801 28.096552 -134.59593 12.228047 278.7281029912509 -10.54379620976995 278.7493353483361 -10.513111163060943 41.0612694958627 148.04776383699036 16000.0 16600.0 2016.0 2 261 {-999.0 8.555954 8.148677 8.00254 -999.0} sdss_psfmag_from_g3xp 8.48922 8.16713 7.672542 6.849 63050395539232718 984783133 bright_1x1 mwm_snc_100pc_apogee mwm_snc science 0 0 0.9406159520149231 0.0 -999 ""
FIBERMAP 647 R-6C1 BOSS 0 0 1 1 0 0 -222.8132545934955 -108.7050267828882 143.1 -247.8246809460643 5.054160457952055 10.447968 169.86316 -999.0 -999.0 -999.0 -999.0 -999.0 278.7312534967839 -10.545363251262263 278.7523805279921 -10.514460318616878 41.05871127850552 148.0450329472638 -999.0 5400.0 -999.0 1 499 {-999.0 -999.0 -999.0 -999.0 -999.0} "" -999.0 -999.0 -999.0 -999.0 -999 -999 "" "" "" "" 0 0 0.0 0.0 -999 ""
FIBERMAP 647 R-6C1 METROLOGY 0 0 1 1 0 0 -223.10878699264038 -109.38511422046801 143.1 -248.39810031001144 4.58419193232199 10.447968 169.86316 -999.0 -999.0 -999.0 -999.0 -999.0 278.72860967139445 -10.547417277558136 278.7497735919649 -10.516579407576003 41.057981790014644 148.04933604148394 -999.0 6231.0 -999.0 -1 -999 {-999.0 -999.0 -999.0 -999.0 -999.0} "" -999.0 -999.0 -999.0 -999.0 -999 -999 "" "" "" "" 0 0 0.0 0.0 -999 ""
FIBERMAP 648 R+10C6 APOGEE 0 0 0 1 0 0 -54.57234477384754 181.27164053959046 143.1 34.23433444481669 186.1557100869172 351.2516 76.48635 -999.0 -999.0 -999.0 -999.0 -999.0 280.03263204028013 -9.727939976734318 280.05124163116665 -9.69424842229506 41.19082294383808 146.0359064963764 -999.0 16600.0 -999.0 2 -999 {-999.0 -999.0 -999.0 -999.0 -999.0} "" -999.0 -999.0 -999.0 -999.0 -999 -999 "" "" "" "" 0 0 0.0 0.0 -999 ""
FIBERMAP 648 R+10C6 BOSS 1 1 0 1 0 0 -54.87402690818827 180.55769529389897 143.1 33.639984412932954 185.65843416462067 351.2516 76.48635 280.0300162452813 -9.730334243634285 0.11288613 1.0217882 0.47427556 280.0300146580342 -9.730326425390404 280.0485186554335 -9.696435581381346 41.19017923648017 146.04042728341548 5400.0 5400.0 2016.0 1 119 {-999.0 17.179663 16.056826 15.502268 -999.0} sdss_psfmag_ps1 16.713453 16.018911 14.922158 12.682 63050395540099541 917063341 bright_4x1 mwm_yso_variable_boss mwm_yso science 0 0 0.0 0.0 -999 ""
FIBERMAP 648 R+10C6 METROLOGY 0 0 0 1 0 0 -55.3109370180312 181.1660778693726 143.1 33.52917360065917 186.3990818611766 351.2516 76.48635 -999.0 -999.0 -999.0 -999.0 -999.0 280.02947276638724 -9.72693648011928 280.04800056986466 -9.693106844217125 41.19334907060989 146.03891594502156 -999.0 6231.0 -999.0 -1 -999 {-999.0 -999.0 -999.0 -999.0 -999.0} "" -999.0 -999.0 -999.0 -999.0 -999 -999 "" "" "" "" 0 0 0.0 0.0 -999 ""
FIBERMAP 650 R-2C1 APOGEE 1 0 1 1 0 0 -267.83742046067886 -31.308623134733345 143.1 -252.53054259653317 94.4557054977563 10.555499 169.7164 278.6386496824537 -10.153390604594463 0.6185965 -0.7426058 0.0333814 278.71345346172006 -10.140633359336839 278.7336856021349 -10.110189976110505 41.42731424438782 147.82287123184747 16000.0 16600.0 2016.0 2 275 {-999.0 24.172691 23.730448 19.624205 -999.0} sdss_psfmag_ps1 21.869474 19.500982 17.779827 10.746 63050395539271486 1153917765 bright_1x1 mwm_galactic_core_dist_apogee_sparse mwm_galactic science 0 0 0.0 0.0 -999 ""
FIBERMAP 650 R-2C1 BOSS 0 0 1 1 0 0 -267.08940058429283 -31.29482459096291 143.1 -251.85889881834444 94.12640710029791 10.555499 169.7164 -999.0 -999.0 -999.0 -999.0 -999.0 278.7165804262798 -10.142327280683837 278.7367085613428 -10.111668953492169 41.424643402943246 147.8202338606428 -999.0 5400.0 -999.0 1 426 {-999.0 -999.0 -999.0 -999.0 -999.0} "" -999.0 -999.0 -999.0 -999.0 -999 -999 "" "" "" "" 0 0 0.0 0.0 -999 ""
FIBERMAP 650 R-2C1 METROLOGY 0 0 1 1 0 0 -267.4476249156155 -31.945227014556544 143.1 -252.47452570615397 93.71146987986967 10.555499 169.7164 -999.0 -999.0 -999.0 -999.0 -999.0 278.71374318169916 -10.144140833900408 278.7339073940124 -10.113547376854791 41.42422494463056 147.82464858338736 -999.0 6231.0 -999.0 -1 -999 {-999.0 -999.0 -999.0 -999.0 -999.0} "" -999.0 -999.0 -999.0 -999.0 -999 -999 "" "" "" "" 0 0 0.0 0.0 -999 ""
FIBERMAP 654 R+12C14 APOGEE 1 1 0 1 0 0 144.42523285727825 219.5091971910898 143.1 228.6977419974415 129.29775807598594 333.8028 88.01109 280.92510030642677 -9.98892408278286 -5.5962114 -6.758985 1.1754267 280.92508396270136 -9.988941458558134 280.9439216808496 -9.952784249760342 40.540305140791965 145.18163831313979 16000.0 16600.0 2016.0 2 91 {-999.0 19.190697 17.084295 16.177956 -999.0} sdss_psfmag_ps1 18.081251 16.766314 15.459026 12.522 63050395432703372 1034743619 bright_1x1 mwm_yso_variable_apogee_single mwm_yso science 0 0 0.0 0.0 -999 ""
FIBERMAP 654 R+12C14 BOSS 0 0 0 1 0 0 144.06476560450704 218.86097898984204 143.1 228.08111748503512 128.8857878563342 333.8028 88.01109 -999.0 -999.0 -999.0 -999.0 -999.0 280.92242502924876 -9.990985515552438 280.9411510146673 -9.954625967964775 40.54002721797882 145.18595508880063 -999.0 5400.0 -999.0 1 89 {-999.0 -999.0 -999.0 -999.0 -999.0} "" -999.0 -999.0 -999.0 -999.0 -999 -999 "" "" "" "" 0 0 0.0 0.0 -999 ""
FIBERMAP 654 R+12C14 METROLOGY 0 0 0 1 0 0 143.67137595822413 219.49986988227744 143.1 228.02294807081714 129.63369889962692 333.8028 88.01109 -999.0 -999.0 -999.0 -999.0 -999.0 280.92209844151034 -9.987554569209486 280.94084958785817 -9.951256647452022 40.543113912508126 145.18413515126636 -999.0 6231.0 -999.0 -1 -999 {-999.0 -999.0 -999.0 -999.0 -999.0} "" -999.0 -999.0 -999.0 -999.0 -999 -999 "" "" "" "" 0 0 0.0 0.0 -999 ""
FIBERMAP 660 R+8C18 APOGEE 0 0 0 1 0 0 171.5472658526716 148.537116566471 143.1 220.41372285319338 53.78520451928735 192.26366 142.94449 -999.0 -999.0 -999.0 -999.0 -999.0 280.8892145069567 -10.330243496078623 280.90891030943374 -10.294006622792296 40.25887262316527 145.43901267419437 -999.0 16600.0 -999.0 2 -999 {-999.0 -999.0 -999.0 -999.0 -999.0} "" -999.0 -999.0 -999.0 -999.0 -999 -999 "" "" "" "" 0 0 0.0 0.0 -999 ""
FIBERMAP 660 R+8C18 BOSS 1 1 0 1 0 0 170.85725157777824 148.84798347819782 143.1 219.94192695202588 54.37679644406726 192.26366 142.94449 280.88719260898813 -10.327733285381807 1.5825334 -1.2637552 0.2506 280.88720910671935 -10.32776036041451 280.9067810705745 -10.29131934704069 40.26223863505861 145.4397064987329 5400.0 5400.0 2016.0 1 239 {-999.0 18.469366 17.244976 16.652008 16.183657} sdss_psfmag_from_ps1dr2 17.9565 17.1667 16.2572 14.628 63050395432596492 1039956225 "" ops_std_boss_ps1dr2 ops_std standard_boss 0 0 0.0 0.0 -999 ""
FIBERMAP 660 R+8C18 METROLOGY 0 0 0 1 0 0 171.4745445750476 149.27966191612484 143.1 220.68811125821006 54.478885021991246 192.26366 142.94449 -999.0 -999.0 -999.0 -999.0 -999.0 280.8905689960653 -10.327246767937194 280.91017170372703 -10.29085692290152 40.261025625208404 145.43558914010683 -999.0 6231.0 -999.0 -1 -999 {-999.0 -999.0 -999.0 -999.0 -999.0} "" -999.0 -999.0 -999.0 -999.0 -999 -999 "" "" "" "" 0 0 0.0 0.0 -999 ""
FIBERMAP 661 R-11C8 APOGEE 1 1 0 1 0 0 -21.15347731548068 -197.72210128455782 143.1 -109.10219887370113 -166.2089008805237 162.69545 69.62056 279.3658447265625 -11.32598100268433 -999.0 -999.0 -999.0 279.36582004177404 -11.325996034594755 279.3887115553736 -11.293236489900995 40.08093520126566 147.77888995216324 16000.0 16600.0 2015.5 2 158 {-999.0 -999.0 -999.0 -999.0 -999.0} "" -999.0 -999.0 -999.0 -999.0 27021603147971993 848944208 "" ops_sky_apogee_good ops_sky sky_apogee 0 0 0.0 0.0 -999 ""
FIBERMAP 661 R-11C8 BOSS 0 0 0 1 0 0 -20.723947480114077 -197.11229519699896 143.1 -108.441685417394 -165.86263353856842 162.69545 69.62056 -999.0 -999.0 -999.0 -999.0 -999.0 279.36895531881396 -11.324714963994095 279.39172912704163 -11.291732288272032 40.08091995979654 147.77455152737562 -999.0 5400.0 -999.0 1 360 {-999.0 -999.0 -999.0 -999.0 -999.0} "" -999.0 -999.0 -999.0 -999.0 -999 -999 "" "" "" "" 0 0 0.0 0.0 -999 ""
FIBERMAP 661 R-11C8 METROLOGY 0 0 0 1 0 0 -20.410233303386406 -197.7945441381277 143.1 -108.47418390709429 -166.61272777806855 162.69545 69.62056 -999.0 -999.0 -999.0 -999.0 -999.0 279.3687777512599 -11.328030507889522 279.3915919472226 -11.295107644115447 40.07797962262842 147.7767249396689 -999.0 6231.0 -999.0 -1 -999 {-999.0 -999.0 -999.0 -999.0 -999.0} "" -999.0 -999.0 -999.0 -999.0 -999 -999 "" "" "" "" 0 0 0.0 0.0 -999 ""
FIBERMAP 663 R0C1 APOGEE 1 1 0 1 0 0 -304.1885470687888 1.1224708987731995 143.1 -270.05469680885494 139.901447178439 172.76161 118.39711 278.63703071547917 -9.93598395594903 -999.0 -999.0 -999.0 278.6370297102122 -9.935989198785464 278.6567851945153 -9.905848329823655 41.64373780389759 147.7887745578042 16000.0 16600.0 2016.0 2 277 {-999.0 -999.0 -999.0 -999.0 -999.0} "" -999.0 -999.0 19.088234 10.098 63050395539320456 1151526531 bright_1x1 mwm_galactic_core_dist_apogee_sparse mwm_galactic science 0 0 0.0 0.0 -999 ""
FIBERMAP 663 R0C1 BOSS 0 0 0 1 0 0 -304.47238744088696 1.808959586419651 143.1 -269.99369038514686 140.64167113931552 172.76161 118.39711 -999.0 -999.0 -999.0 -999.0 -999.0 278.6374925452455 -9.932884250744303 278.6571341065445 -9.902539426227738 41.64652792122554 147.78635015999788 -999.0 5400.0 -999.0 1 424 {-999.0 -999.0 -999.0 -999.0 -999.0} "" -999.0 -999.0 -999.0 -999.0 -999 -999 "" "" "" "" 0 0 0.0 0.0 -999 ""
FIBERMAP 663 R0C1 METROLOGY 0 0 0 1 0 0 -303.7320944704274 1.7259999119177276 143.1 -269.373102633217 140.22983736988598 172.76161 118.39711 -999.0 -999.0 -999.0 -999.0 -999.0 278.64022697588973 -9.934668271234255 278.65990179533014 -9.904373274938592 41.643654272875786 147.78421799053993 -999.0 6231.0 -999.0 -1 -999 {-999.0 -999.0 -999.0 -999.0 -999.0} "" -999.0 -999.0 -999.0 -999.0 -999 -999 "" "" "" "" 0 0 0.0 0.0 -999 ""
FIBERMAP 664 R+7C5 APOGEE 1 1 0 1 0 0 -117.88807268955853 153.17494067961914 143.1 -34.91317292353602 190.07663396554338 109.93603 73.6812 279.71414842205775 -9.709419166480837 -3.125172 -4.824287 0.14115421 279.7141184386648 -9.70942989728487 279.732827480211 -9.6765811224051 41.35526872894515 146.39240147905102 16000.0 16600.0 2016.0 2 117 {-999.0 20.447895 17.317171 14.613803 -999.0} sdss_psfmag_ps1 18.631945 14.777876 13.188443 8.326 63050395539781266 1153919743 bright_1x1 mwm_galactic_core_dist_apogee_sparse mwm_galactic science 0 0 0.0 0.0 -999 ""
FIBERMAP 664 R+7C5 BOSS 0 0 0 1 0 0 -117.14886008870336 153.21405559194315 143.1 -34.2378026401743 189.77387548156267 109.93603 73.6812 -999.0 -999.0 -999.0 -999.0 -999.0 279.71732418670837 -9.710953624223082 279.73592452113763 -9.677891375261316 41.35267222093965 146.3896404179576 -999.0 5400.0 -999.0 1 56 {-999.0 -999.0 -999.0 -999.0 -999.0} "" -999.0 -999.0 -999.0 -999.0 -999 -999 "" "" "" "" 0 0 0.0 0.0 -999 ""
FIBERMAP 664 R+7C5 METROLOGY 0 0 0 1 0 0 -117.48382697688277 152.550468290148 143.1 -34.83876335154943 189.33659052336506 109.93603 73.6812 -999.0 -999.0 -999.0 -999.0 -999.0 279.71451824127865 -9.712871918392812 279.73315607571595 -9.679873955027237 41.35221308302985 146.39409220266148 -999.0 6231.0 -999.0 -1 -999 {-999.0 -999.0 -999.0 -999.0 -999.0} "" -999.0 -999.0 -999.0 -999.0 -999 -999 "" "" "" "" 0 0 0.0 0.0 -999 ""
FIBERMAP 665 R-5C18 APOGEE 1 1 0 1 0 0 128.7823413862668 -93.24098364611059 143.1 71.97124548348523 -141.74174631670925 196.00333 84.19358 280.2047633809831 -11.218248703138624 -1.5755258 -2.7882285 0.24163166 280.2047586283387 -11.218262372206862 280.22698107384184 -11.183359224519164 39.79717926778105 146.76227278118313 16000.0 16600.0 2016.0 2 220 {-999.0 16.997261 14.885615 13.791547 -999.0} sdss_psfmag_from_g3xp 15.952161 14.457844 13.281933 10.384 63050395430431619 1152173208 bright_1x1 mwm_galactic_core_dist_apogee_sparse mwm_galactic science 0 0 0.0 0.0 -999 ""
FIBERMAP 665 R-5C18 BOSS 0 0 0 1 0 0 128.63010399831495 -92.51744564838746 143.1 72.16622710286369 -141.02866251135995 196.00333 84.19358 -999.0 -999.0 -999.0 -999.0 -999.0 280.20581570765296 -11.215300056369184 280.2279130311127 -11.180179570796685 39.7995565629311 146.75927787927895 -999.0 5400.0 -999.0 1 292 {-999.0 -999.0 -999.0 -999.0 -999.0} "" -999.0 -999.0 -999.0 -999.0 -999 -999 "" "" "" "" 0 0 0.0 0.0 -999 ""
FIBERMAP 665 R-5C18 METROLOGY 0 0 0 1 0 0 129.3412334781605 -92.75709225428415 143.1 72.68932605353672 -141.56654788898408 196.00333 84.19358 -999.0 -999.0 -999.0 -999.0 -999.0 280.20819119901097 -11.21766401912627 280.2303264605745 -11.18259730194964 39.7963098810903 146.75803620047617 -999.0 6231.0 -999.0 -1 -999 {-999.0 -999.0 -999.0 -999.0 -999.0} "" -999.0 -999.0 -999.0 -999.0 -999 -999 "" "" "" "" 0 0 0.0 0.0 -999 ""
FIBERMAP 667 R0C9 APOGEE 1 1 0 1 0 0 -112.17257562220614 -22.28748749550918 143.1 -109.95162730488632 31.397787902140653 346.6311 17.477987 279.3643011913165 -10.428436291551847 0.42193267 0.40853316 0.12186879 279.3643124597771 -10.42841981245318 279.38496704516433 -10.396125717620698 40.87923982097795 147.2407625978295 16000.0 16600.0 2016.0 2 246 {-999.0 18.627758 15.510499 13.925244 -999.0} sdss_psfmag_ps1 16.75591 14.204741 12.78937 8.719 63050395539040448 1153915775 bright_1x1 mwm_galactic_core_dist_apogee_sparse mwm_galactic science 0 0 0.0 0.0 -999 ""
FIBERMAP 667 R0C9 BOSS 0 0 0 1 0 0 -112.91124701717077 -22.35960954799527 143.1 -110.64158840561257 31.670940319190287 346.6311 17.477987 -999.0 -999.0 -999.0 -999.0 -999.0 279.36119145759795 -10.427359835422727 279.3817340131638 -10.394865527230348 40.88182807594089 147.24372041379397 -999.0 5400.0 -999.0 1 492 {-999.0 -999.0 -999.0 -999.0 -999.0} "" -999.0 -999.0 -999.0 -999.0 -999 -999 "" "" "" "" 0 0 0.0 0.0 -999 ""
FIBERMAP 667 R0C9 METROLOGY 0 0 0 1 0 0 -112.60635190469033 -21.679252532846416 143.1 -110.0597180699762 32.136873286945026 346.6311 17.477987 -999.0 -999.0 -999.0 -999.0 -999.0 279.3638668471959 -10.425192150762996 279.38443417852875 -10.39275114869259 40.88247404871953 147.23931241321694 -999.0 6231.0 -999.0 -1 -999 {-999.0 -999.0 -999.0 -999.0 -999.0} "" -999.0 -999.0 -999.0 -999.0 -999 -999 "" "" "" "" 0 0 0.0 0.0 -999 ""
FIBERMAP 669 R+3C3 APOGEE 1 1 0 1 0 0 -201.96548645605256 52.76150594652691 143.1 -155.54995191242827 139.15433845366823 328.9998 124.076225 279.1577865776489 -9.93888423425172 -0.0988209 -1.0665373 0.23117808 279.15778935537526 -9.938880367222696 279.1773195829129 -9.907373791546153 41.407103718697954 147.18114152666178 16000.0 16600.0 2016.0 2 107 {-999.0 20.089565 16.607622 14.441422 -999.0} sdss_psfmag_ps1 18.057413 14.893628 13.406152 8.809 63050395540269051 1153921247 bright_1x1 mwm_galactic_core_dist_apogee_sparse mwm_galactic science 0 0 0.0 0.0 -999 ""
FIBERMAP 669 R+3C3 BOSS 0 0 0 1 0 0 -201.94578488285717 52.02211141532574 143.1 -155.87006109756442 138.48767115226497 328.9998 124.076225 -999.0 -999.0 -999.0 -999.0 -999.0 279.15636698323596 -9.942067440271842 279.1757971282731 -9.910357876999209 41.4051519812121 147.18475481770622 -999.0 5400.0 -999.0 1 59 {-999.0 -999.0 -999.0 -999.0 -999.0} "" -999.0 -999.0 -999.0 -999.0 -999 -999 "" "" "" "" 0 0 0.0 0.0 -999 ""
FIBERMAP 669 R+3C3 METROLOGY 0 0 0 1 0 0 -202.60519036254232 52.36429698180302 143.1 -156.30033014238245 139.09314311229124 328.9998 124.076225 -999.0 -999.0 -999.0 -999.0 -999.0 279.1543970902572 -9.939278269986307 279.17385198430827 -9.907633405519073 41.40845380725166 147.18533938270247 -999.0 6231.0 -999.0 -1 -999 {-999.0 -999.0 -999.0 -999.0 -999.0} "" -999.0 -999.0 -999.0 -999.0 -999 -999 "" "" "" "" 0 0 0.0 0.0 -999 ""
FIBERMAP 671 R+1C15 APOGEE 0 0 0 1 0 0 31.293708766237536 35.24320992403231 143.1 43.928155922661595 17.05806268279618 118.83035 92.87748 -999.0 -999.0 -999.0 -999.0 -999.0 280.0765371323446 -10.4958261124979 280.09702811978764 -10.461631934059659 40.49393185485145 146.46476065849976 -999.0 16600.0 -999.0 2 -999 {-999.0 -999.0 -999.0 -999.0 -999.0} "" -999.0 -999.0 -999.0 -999.0 -999 -999 "" "" "" "" 0 0 0.0 0.0 -999 ""
FIBERMAP 671 R+1C15 BOSS 1 1 0 1 0 0 31.93715218790899 35.66079135320587 143.1 44.69116312123822 17.135671172605008 118.83035 92.87748 280.08023334120844 -10.495679223569878 -0.7570299 -1.6067388 0.6675171 280.08021158133675 -10.495681405945351 280.10058570298713 -10.461267117139567 40.49260064396882 146.46047945548642 5400.0 5400.0 2016.0 1 189 {-999.0 16.553759 15.413705 14.733699 -999.0} sdss_psfmag_ps1 16.014914 15.206503 14.222554 12.281 63050395539379534 917033996 bright_3x1 mwm_yso_variable_boss mwm_yso science 0 0 0.0 0.0 -999 ""
FIBERMAP 671 R+1C15 METROLOGY 0 0 0 1 0 0 31.961890894385604 34.91125416774041 143.1 44.37090283841305 16.45768213245188 118.83035 92.87748 -999.0 -999.0 -999.0 -999.0 -999.0 280.07868571593156 -10.49870979770289 280.0991005910557 -10.464357615290988 40.490566723620034 146.46409182428982 -999.0 6231.0 -999.0 -1 -999 {-999.0 -999.0 -999.0 -999.0 -999.0} "" -999.0 -999.0 -999.0 -999.0 -999 -999 "" "" "" "" 0 0 0.0 0.0 -999 ""
FIBERMAP 673 R-11C1 APOGEE 1 1 0 1 0 0 -188.39444711359582 -212.68026155052885 143.1 -264.6888068457558 -103.14574149467298 233.00421 48.727478 278.6529445600529 -11.033661799174283 -1.2404532 -1.4546273 -0.6219768 278.65291722481714 -11.03374748104976 278.67540947061957 -11.003009404866757 40.65663950187551 148.42534197000418 16000.0 16600.0 2016.0 2 271 {-999.0 25.008091 28.966396 19.383688 -999.0} sdss_psfmag_ps1 21.861689 18.83055 17.161263 10.315 63050395538747919 1153914099 bright_1x1 mwm_galactic_core_dist_apogee_sparse mwm_galactic science 0 0 0.0 0.0 -999 ""
FIBERMAP 673 R-11C1 BOSS 0 0 0 1 0 0 -188.55590444610635 -211.95012608918006 143.1 -264.49901348003493 -102.42257928238956 233.00421 48.727478 -999.0 -999.0 -999.0 -999.0 -999.0 278.65389624764975 -11.030706512848726 278.6762718958472 -10.999755159341607 40.65916826529904 148.42242040294744 -999.0 5400.0 -999.0 1 421 {-999.0 -999.0 -999.0 -999.0 -999.0} "" -999.0 -999.0 -999.0 -999.0 -999 -999 "" "" "" "" 0 0 0.0 0.0 -999 ""
FIBERMAP 673 R-11C1 METROLOGY 0 0 0 1 0 0 -187.84019089480844 -212.17366277276972 143.1 -263.9644807759927 -102.94822857800021 233.00421 48.727478 -999.0 -999.0 -999.0 -999.0 -999.0 278.65628749155513 -11.033046899176957 278.6786986501767 -11.002148209703373 40.65596090261685 148.42102897912795 -999.0 6231.0 -999.0 -1 -999 {-999.0 -999.0 -999.0 -999.0 -999.0} "" -999.0 -999.0 -999.0 -999.0 -999 -999 "" "" "" "" 0 0 0.0 0.0 -999 ""
FIBERMAP 674 R+4C1 APOGEE 1 1 0 1 0 0 -235.37912729820553 60.49565213978482 143.1 -181.73877712854022 161.2914737446708 355.50922 52.820724 279.0390514579252 -9.839030648845398 -6.7111173 -1.9192508 0.8050623 279.0390323477174 -9.83902959015681 279.0583673488041 -9.807883866951935 41.54948981622561 147.2585033393043 16000.0 16600.0 2016.0 2 144 {-999.0 19.86113 17.830893 16.76906 -999.0} sdss_psfmag_ps1 18.887032 17.31993 16.137619 12.875 63050395540285641 1034951930 bright_1x1 mwm_yso_pms_apogee_sagitta_edr3_single mwm_yso science 0 0 0.0 0.0 -999 ""
FIBERMAP 674 R+4C1 BOSS 0 0 0 1 0 0 -235.87119608312094 59.95072623984092 143.1 -182.42529069798934 161.0314729792341 355.50922 52.820724 -999.0 -999.0 -999.0 -999.0 -999.0 279.0359721873572 -9.840391232318495 279.0552041381309 -9.809048629483392 41.549895026250866 147.2629165018671 -999.0 5400.0 -999.0 1 2 {-999.0 -999.0 -999.0 -999.0 -999.0} "" -999.0 -999.0 -999.0 -999.0 -999 -999 "" "" "" "" 0 0 0.0 0.0 -999 ""
FIBERMAP 674 R+4C1 METROLOGY 0 0 0 1 0 0 -236.10638515232915 60.663379826678444 143.1 -182.30906249247596 161.77275401830374 355.50922 52.820724 -999.0 -999.0 -999.0 -999.0 -999.0 279.0365161367517 -9.83699776127787 279.05576995320985 -9.805713312854088 41.552596618675224 147.26019875355988 -999.0 6231.0 -999.0 -1 -999 {-999.0 -999.0 -999.0 -999.0 -999.0} "" -999.0 -999.0 -999.0 -999.0 -999 -999 "" "" "" "" 0 0 0.0 0.0 -999 ""
FIBERMAP 675 R-1C20 APOGEE 1 1 0 1 0 0 158.11632740119902 -23.829398008170333 143.1 129.7587478859988 -93.39698596677816 343.16168 114.8483 280.47266063391305 -10.998710997436884 0.9539459 -5.837309 0.08302084 280.4726665276291 -10.998737905478412 280.4942149750061 -10.963247111674098 39.86730414049559 146.32586297372956 16000.0 16600.0 2016.0 2 227 {-999.0 16.819637 14.772276 13.718368 -999.0} sdss_psfmag_ps1 15.68358 14.040533 12.763973 9.589 63050395431837842 1153726489 bright_1x1 mwm_galactic_core_dist_apogee_sparse mwm_galactic science 0 0 0.0 0.0 -999 ""
FIBERMAP 675 R-1C20 BOSS 0 0 0 1 0 0 158.2529621068189 -24.564502029038042 143.1 129.5446066671492 -94.11323270228243 343.16168 114.8483 -999.0 -999.0 -999.0 -999.0 -999.0 280.47183350622896 -11.002239517728542 280.4932728820024 -10.966534128306684 39.86485064964829 146.32895716380582 -999.0 5400.0 -999.0 1 271 {-999.0 -999.0 -999.0 -999.0 -999.0} "" -999.0 -999.0 -999.0 -999.0 -999 -999 "" "" "" "" 0 0 0.0 0.0 -999 ""
FIBERMAP 675 R-1C20 METROLOGY 0 0 0 1 0 0 157.53700293384136 -24.306039759062386 143.1 129.02580372349138 -93.55640590916099 343.16168 114.8483 -999.0 -999.0 -999.0 -999.0 -999.0 280.4694038170854 -10.999648588065691 280.49087144571104 -10.964011843657733 39.8681899489007 146.33009985976506 -999.0 6231.0 -999.0 -1 -999 {-999.0 -999.0 -999.0 -999.0 -999.0} "" -999.0 -999.0 -999.0 -999.0 -999 -999 "" "" "" "" 0 0 0.0 0.0 -999 ""
FIBERMAP 676 R-9C12 APOGEE 1 1 0 1 0 0 46.52695562826179 -176.97382544114078 143.1 -39.42795299041073 -178.6591193236198 159.6137 145.92505 279.6880879493666 -11.384241142893776 0.8951032 -1.5712422 0.16181417 279.6880961869006 -11.384227519622982 279.71097984800355 -11.350592259920973 39.884836256393726 147.44695506153838 16000.0 16600.0 2016.0 2 152 {-999.0 17.169085 14.827563 12.790348 -999.0} sdss_psfmag_from_g3xp 15.991344 13.485521 12.090655 8.386 63050395430499219 1152173243 bright_1x1 mwm_galactic_core_dist_apogee_sparse mwm_galactic science 0 0 0.0 0.0 -999 ""
FIBERMAP 676 R-9C12 BOSS 0 0 0 1 0 0 46.08915213499811 -176.36194168994825 143.1 -39.53795968413884 -177.91494947874276 159.6137 145.92505 -999.0 -999.0 -999.0 -999.0 -999.0 279.6876943469681 -11.381136176601187 279.7104556165464 -11.34728707562745 39.888005627813264 147.44556144255347 -999.0 5400.0 -999.0 1 368 {-999.0 -999.0 -999.0 -999.0 -999.0} "" -999.0 -999.0 -999.0 -999.0 -999 -999 "" "" "" "" 0 0 0.0 0.0 -999 ""
FIBERMAP 676 R-9C12 METROLOGY 0 0 0 1 0 0 46.83544107268651 -176.28653296282633 143.1 -38.83972218130531 -178.18865692427661 159.6137 145.92505 -999.0 -999.0 -999.0 -999.0 -999.0 279.6908967033157 -11.38231483118571 279.7136919209822 -11.348518062087017 39.88544916440814 147.44263334242802 -999.0 6231.0 -999.0 -1 -999 {-999.0 -999.0 -999.0 -999.0 -999.0} "" -999.0 -999.0 -999.0 -999.0 -999 -999 "" "" "" "" 0 0 0.0 0.0 -999 ""
FIBERMAP 677 R-11C3 APOGEE 1 1 0 1 0 0 -138.1490486048725 -223.36534336305834 143.1 -224.87610066924475 -135.59361629375817 246.30014 79.04266 278.834045322367 -11.182270597804507 -25.78719 -14.761453 2.0866313 278.8339730564245 -11.182342896647095 278.85675402706573 -11.151053178974324 40.444406696701854 148.3036767240316 16000.0 16600.0 2016.0 2 206 {-999.0 18.207531 16.323103 15.499963 -999.0} sdss_psfmag_ps1 17.265474 16.035986 14.834512 12.221 63050395538679055 1034951813 bright_1x1 mwm_yso_pms_apogee_sagitta_edr3_single mwm_yso science 0 0 0.0 0.0 -999 ""
FIBERMAP 677 R-11C3 BOSS 0 0 0 1 0 0 -138.7766243356422 -222.97285584309964 143.1 -225.25508842075106 -134.9579367118222 246.30014 79.04266 -999.0 -999.0 -999.0 -999.0 -999.0 278.83234189611477 -11.179675265644025 278.85500712012316 -11.148177557137398 40.44774606208539 148.3039860473326 -999.0 5400.0 -999.0 1 338 {-999.0 -999.0 -999.0 -999.0 -999.0} "" -999.0 -999.0 -999.0 -999.0 -999 -999 "" "" "" "" 0 0 0.0 0.0 -999 ""
FIBERMAP 677 R-11C3 METROLOGY 0 0 0 1 0 0 -138.12695729524913 -222.62284790179103 143.1 -224.5174018844991 -134.94327488103337 246.30014 79.04266 -999.0 -999.0 -999.0 -999.0 -999.0 278.83567820232304 -11.179589294876461 278.8583727782264 -11.148143420536558 40.44628947918281 148.300091552176 -999.0 6231.0 -999.0 -1 -999 {-999.0 -999.0 -999.0 -999.0 -999.0} "" -999.0 -999.0 -999.0 -999.0 -999 -999 "" "" "" "" 0 0 0.0 0.0 -999 ""
FIBERMAP 678 R+11C16 APOGEE 1 1 0 1 0 0 154.34903990766006 212.69882959483002 143.1 234.4148424365967 118.70857095371053 183.84634 115.319115 280.95139827063855 -10.036805425280221 -2.5523784 -3.2800572 0.087727726 280.9513939554119 -10.036848457185284 280.9703371515552 -10.000598196047292 40.48587486752304 145.18241901847927 16000.0 16600.0 2016.0 2 58 {-999.0 19.080051 16.436499 13.920048 -999.0} sdss_psfmag_ps1 17.75321 14.194009 12.655498 8.23 63050395432689894 1153727891 bright_1x1 mwm_galactic_core_dist_apogee_sparse mwm_galactic science 0 0 0.0 0.0 -999 ""
FIBERMAP 678 R+11C16 BOSS 0 0 0 1 0 0 153.9803853302476 213.35240865000677 143.1 234.38538130301131 119.45825181910703 183.84634 115.319115 -999.0 -999.0 -999.0 -999.0 -999.0 280.95136292799924 -10.033670000032938 280.97018002443417 -9.997212814614105 40.48890610324033 145.18042654267128 -999.0 5400.0 -999.0 1 171 {-999.0 -999.0 -999.0 -999.0 -999.0} "" -999.0 -999.0 -999.0 -999.0 -999 -999 "" "" "" "" 0 0 0.0 0.0 -999 ""
FIBERMAP 678 R+11C16 METROLOGY 0 0 0 1 0 0 154.7256939223897 213.34409665182608 143.1 235.04451702894366 119.1105247756916 183.84634 115.319115 -999.0 -999.0 -999.0 -999.0 -999.0 280.9543289298936 -10.035197830522264 280.9731818858485 -9.998791222986831 40.48608665672204 145.1780446623945 -999.0 6231.0 -999.0 -1 -999 {-999.0 -999.0 -999.0 -999.0 -999.0} "" -999.0 -999.0 -999.0 -999.0 -999 -999 "" "" "" "" 0 0 0.0 0.0 -999 ""
FIBERMAP 681 R+6C17 APOGEE 1 1 0 1 0 0 127.8739470325631 121.51660199650688 143.1 169.22901582976206 49.69396005962341 83.31527 161.75813 280.65499526293326 -10.348346864878222 -2.1548927 -3.9269097 0.11821098 280.6549707577754 -10.348361641500473 280.67482315156303 -10.312728431372204 40.35375358109884 145.7152975408594 16000.0 16600.0 2016.0 2 71 {-999.0 17.282887 15.313616 14.386513 -999.0} sdss_psfmag_ps1 16.29559 14.918562 13.782534 10.934 63050395432235917 1153727268 bright_1x1 mwm_galactic_core_dist_apogee_sparse mwm_galactic science 0 0 0.0 0.0 -999 ""
FIBERMAP 681 R+6C17 BOSS 0 0 0 1 0 0 128.1965398781351 122.17844850528819 143.1 169.8181752677808 50.13534704784407 83.31527 161.75813 -999.0 -999.0 -999.0 -999.0 -999.0 280.6578438300193 -10.34655709485025 280.6775729066774 -10.31070687594949 40.3542228331458 145.71090883208686 -999.0 5400.0 -999.0 1 207 {-999.0 -999.0 -999.0 -999.0 -999.0} "" -999.0 -999.0 -999.0 -999.0 -999 -999 "" "" "" "" 0 0 0.0 0.0 -999 ""
FIBERMAP 681 R+6C17 METROLOGY 0 0 0 1 0 0 128.62506699910776 121.57454989063024 143.1 169.92357717652985 49.40251567323494 83.31527 161.75813 -999.0 -999.0 -999.0 -999.0 -999.0 280.65829016171244 -10.349829778630228 280.67806039584144 -10.314036332292359 40.351073802889864 145.71246085871778 -999.0 6231.0 -999.0 -1 -999 {-999.0 -999.0 -999.0 -999.0 -999.0} "" -999.0 -999.0 -999.0 -999.0 -999 -999 "" "" "" "" 0 0 0.0 0.0 -999 ""
FIBERMAP 683 R-1C25 APOGEE 0 0 0 1 0 0 251.48872961651134 -5.051689703899367 143.1 221.38545669860326 -119.33181367611307 131.82304 97.63662 -999.0 -999.0 -999.0 -999.0 -999.0 280.89307611060536 -11.114537898452907 280.91470608708266 -11.077885589349664 39.569499935493816 145.92556449603046 -999.0 16600.0 -999.0 2 -999 {-999.0 -999.0 -999.0 -999.0 -999.0} "" -999.0 -999.0 -999.0 -999.0 -999 -999 "" "" "" "" 0 0 0.0 0.0 -999 ""
FIBERMAP 683 R-1C25 BOSS 1 1 0 1 0 0 251.98421707523434 -4.478322141740897 143.1 222.08799853274917 -119.04807592786345 131.82304 97.63662 280.89643366926896 -11.113465590536867 -2.3734627 -2.6004903 1.131004 280.89642764599773 -11.113462834147137 280.91793256258865 -11.076585794099753 39.56911999506756 145.92115171450803 5400.0 5400.0 2016.0 1 261 {-999.0 14.211541 13.890378 13.728928 -999.0} sdss_psfmag_from_g3xp 14.15871 13.907559 13.3772 12.577 63050395431021363 976411940 "" ops_std_boss ops_std standard_boss 0 0 0.0 0.0 -999 ""
FIBERMAP 683 R-1C25 METROLOGY 0 0 0 1 0 0 252.22253369391657 -5.186573196200115 143.1 221.9765625445182 -119.78686918433637 131.82304 97.63662 -999.0 -999.0 -999.0 -999.0 -999.0 280.89586328994204 -11.11673722375195 280.91741079354415 -11.079921290721078 39.5664398947142 145.92381176685612 -999.0 6231.0 -999.0 -1 -999 {-999.0 -999.0 -999.0 -999.0 -999.0} "" -999.0 -999.0 -999.0 -999.0 -999 -999 "" "" "" "" 0 0 0.0 0.0 -999 ""
FIBERMAP 685 R+6C6 APOGEE 0 0 0 1 0 0 -106.20238422325026 134.95266997871147 143.1 -32.83999869400433 168.53234013059935 120.07863 58.21948 -999.0 -999.0 -999.0 -999.0 -999.0 279.72326168698197 -9.806688560592375 279.74220765927623 -9.773767348839998 41.26522157936278 146.44260665706489 -999.0 16600.0 -999.0 2 -999 {-999.0 -999.0 -999.0 -999.0 -999.0} "" -999.0 -999.0 -999.0 -999.0 -999 -999 "" "" "" "" 0 0 0.0 0.0 -999 ""
FIBERMAP 685 R+6C6 BOSS 1 1 0 1 0 0 -105.36097019273596 134.88182145786502 143.1 -32.12393619759553 168.0851035125256 120.07863 58.21948 279.72666469141785 -9.808853532943196 -0.7780419 -5.2623057 0.61149734 279.7266552172314 -9.80886633055211 279.7454937428016 -9.775730111580321 41.26196339817051 146.440039469044 5400.0 5400.0 2016.0 1 55 {-999.0 15.684911 14.754506 14.255172 -999.0} sdss_psfmag_from_g3xp 15.363326 14.688752 13.859457 12.267 63050395539761381 1034777148 bright_1x1 mwm_yso_variable_boss_single mwm_yso science 0 0 0.0 0.0 -999 ""
FIBERMAP 685 R+6C6 METROLOGY 0 0 0 1 0 0 -105.82935057164089 134.30652148550053 143.1 -32.80324944336043 167.78726890634206 120.07863 58.21948 -999.0 -999.0 -999.0 -999.0 -999.0 279.72348809081075 -9.810158519244549 279.7423628133924 -9.777088047395162 41.262221321985386 146.44451090493988 -999.0 6231.0 -999.0 -1 -999 {-999.0 -999.0 -999.0 -999.0 -999.0} "" -999.0 -999.0 -999.0 -999.0 -999 -999 "" "" "" "" 0 0 0.0 0.0 -999 ""
FIBERMAP 687 R-7C16 APOGEE 1 1 0 1 0 0 122.69968734159986 -158.4451214493713 143.1 36.786423069149095 -196.96146337281448 351.27866 10.487798 280.0409632479176 -11.467687605295183 -1.671216 -4.7826047 0.24360704 280.0409583950466 -11.46770121576418 280.06388022611907 -11.433096808773222 39.65130473355152 147.09798070426658 16000.0 16600.0 2016.0 2 186 {-999.0 17.46033 14.978016 13.869601 -999.0} sdss_psfmag_ps1 16.159441 14.338504 13.068721 9.666 63050395430388681 1153724589 bright_1x1 mwm_galactic_core_dist_apogee_sparse mwm_galactic science 0 0 0.0 0.0 -999 ""
FIBERMAP 687 R-7C16 BOSS 0 0 0 1 0 0 121.97148250384402 -158.4359107058133 143.1 36.14291105555603 -196.62074708782032 351.27866 10.487798 -999.0 -999.0 -999.0 -999.0 -999.0 280.03810965054015 -11.46643217960608 280.0609126188828 -11.43161817915848 39.653968461321966 147.10042838213852 -999.0 5400.0 -999.0 1 306 {-999.0 -999.0 -999.0 -999.0 -999.0} "" -999.0 -999.0 -999.0 -999.0 -999 -999 "" "" "" "" 0 0 0.0 0.0 -999 ""
FIBERMAP 687 R-7C16 METROLOGY 0 0 0 1 0 0 122.33481838942672 -157.79432478934783 143.1 36.75905860584431 -196.21598601833225 351.27866 10.487798 -999.0 -999.0 -999.0 -999.0 -999.0 280.0409342830235 -11.464539457254482 280.0637643205674 -11.429780755222144 39.65429161367191 147.0961040635987 -999.0 6231.0 -999.0 -1 -999 {-999.0 -999.0 -999.0 -999.0 -999.0} "" -999.0 -999.0 -999.0 -999.0 -999 -999 "" "" "" "" 0 0 0.0 0.0 -999 ""
FIBERMAP 688 R-7C2 APOGEE 0 0 0 1 0 0 -189.30056569152595 -126.32982688012667 143.1 -226.06417083654483 -25.925665292460938 51.92337 141.27704 -999.0 -999.0 -999.0 -999.0 -999.0 278.8294972876111 -10.686197558242837 278.85103945255054 -10.655174266343332 40.88933301309417 148.01492986199688 -999.0 16600.0 -999.0 2 -999 {-999.0 -999.0 -999.0 -999.0 -999.0} "" -999.0 -999.0 -999.0 -999.0 -999 -999 "" "" "" "" 0 0 0.0 0.0 -999 ""
FIBERMAP 688 R-7C2 BOSS 1 1 0 1 0 0 -188.56278753608126 -126.11446778951735 143.1 -225.30959724815625 -26.071004462051267 51.92337 141.27704 278.8330078125 -10.68708669702555 -999.0 -999.0 -999.0 278.8330079215474 -10.687095587351429 278.8544420601859 -10.655852615340562 40.88721270203671 148.01139373953822 5400.0 5400.0 2015.5 1 488 {-999.0 -999.0 -999.0 -999.0 -999.0} "" -999.0 -999.0 -999.0 -999.0 27021603148700350 852777765 "" ops_sky_boss_fallback ops_sky sky_boss 0 0 0.0 0.0 -999 ""
FIBERMAP 688 R-7C2 METROLOGY 0 0 0 1 0 0 -188.75312202427267 -126.83674641190275 143.1 -225.8087119531554 -26.626537888256024 51.92337 141.27704 -999.0 -999.0 -999.0 -999.0 -999.0 278.8306962314756 -10.689537398165456 278.8521683257584 -10.658358749741513 40.88599156853088 148.01553089349147 -999.0 6231.0 -999.0 -1 -999 {-999.0 -999.0 -999.0 -999.0 -999.0} "" -999.0 -999.0 -999.0 -999.0 -999 -999 "" "" "" "" 0 0 0.0 0.0 -999 ""
FIBERMAP 689 R+5C20 APOGEE 1 1 0 1 0 0 175.26944678049327 80.7289206348629 143.1 192.76092530935148 -8.227977548921526 304.13937 20.110743 280.7631897024982 -10.611490211906968 -0.79429066 -2.807068 0.26692155 280.7632105063227 -10.611539992041793 280.78366097699103 -10.57548862818424 40.07191718930424 145.75808355940526 16000.0 16600.0 2016.0 2 45 {-999.0 16.18741 14.116827 13.465017 -999.0} sdss_psfmag_ps1 15.111307 13.622297 12.445944 9.52 63050395432163315 1153727112 bright_1x1 mwm_galactic_core_dist_apogee_sparse mwm_galactic science 0 0 0.0 0.0 -999 ""
FIBERMAP 689 R+5C20 BOSS 0 0 0 1 0 0 174.67221937339957 81.17460760209251 143.1 192.4332242607468 -7.558836634759158 304.13937 20.110743 -999.0 -999.0 -999.0 -999.0 -999.0 280.76187903458333 -10.608716976320082 280.78220446257546 -10.572458035553606 40.07526278265944 145.75781736044513 -999.0 5400.0 -999.0 1 194 {-999.0 -999.0 -999.0 -999.0 -999.0} "" -999.0 -999.0 -999.0 -999.0 -999 -999 "" "" "" "" 0 0 0.0 0.0 -999 ""
FIBERMAP 689 R+5C20 METROLOGY 0 0 0 1 0 0 175.365929278089 81.46549158126582 143.1 193.18308764870616 -7.616875423940906 304.13937 20.110743 -999.0 -999.0 -999.0 -999.0 -999.0 280.76527278220937 -10.608918170745136 280.7856307004661 -10.572710462722926 40.07342029632759 145.75411811181723 -999.0 6231.0 -999.0 -1 -999 {-999.0 -999.0 -999.0 -999.0 -999.0} "" -999.0 -999.0 -999.0 -999.0 -999 -999 "" "" "" "" 0 0 0.0 0.0 -999 ""
FIBERMAP 690 R-4C17 APOGEE 1 1 0 1 0 0 108.66699713688976 -56.40446013248268 143.1 70.90004020310089 -99.79131890529912 167.45482 30.7254 280.20037805484753 -11.027941909762442 -4.6433845 -6.2265315 0.098321386 280.2003817837467 -11.02796171862175 280.2221338991595 -10.993169127476168 39.967254451415585 146.6511645569821 16000.0 16600.0 2016.0 2 201 {-999.0 18.454 15.918151 14.368281 -999.0} sdss_psfmag_ps1 17.082436 14.937092 13.595754 10.057 63050395432008858 1153726646 bright_1x1 mwm_galactic_core_dist_apogee_sparse mwm_galactic science 0 0 0.0 0.0 -999 ""
FIBERMAP 690 R-4C17 BOSS 0 0 0 1 0 0 109.36839998135912 -56.17338568963724 143.1 71.62943513851145 -99.90606947740672 167.45482 30.7254 -999.0 -999.0 -999.0 -999.0 -999.0 280.2039073062885 -11.028743303355213 280.22554290093996 -10.993726357677232 39.965186952466155 146.6476551022412 -999.0 5400.0 -999.0 1 301 {-999.0 -999.0 -999.0 -999.0 -999.0} "" -999.0 -999.0 -999.0 -999.0 -999 -999 "" "" "" "" 0 0 0.0 0.0 -999 ""
FIBERMAP 690 R-4C17 METROLOGY 0 0 0 1 0 0 109.21644808286041 -56.906771640412906 143.1 71.15938868861001 -100.489009385069 167.45482 30.7254 -999.0 -999.0 -999.0 -999.0 -999.0 280.2016836439868 -11.03132175124714 280.2233598001908 -10.996370129188206 39.96386389102251 146.65174613231304 -999.0 6231.0 -999.0 -1 -999 {-999.0 -999.0 -999.0 -999.0 -999.0} "" -999.0 -999.0 -999.0 -999.0 -999 -999 "" "" "" "" 0 0 0.0 0.0 -999 ""
FIBERMAP 691 R+10C2 APOGEE 0 0 0 1 0 0 -148.29492115007994 204.0536441750111 143.1 -38.72623869493918 249.21664784254995 52.968708 114.34465 -999.0 -999.0 -999.0 -999.0 -999.0 279.69785286675227 -9.443965895210718 279.715911518147 -9.411291387180535 41.59691147469599 146.24458220883207 -999.0 16600.0 -999.0 2 -999 {-999.0 -999.0 -999.0 -999.0 -999.0} "" -999.0 -999.0 -999.0 -999.0 -999 -999 "" "" "" "" 0 0 0.0 0.0 -999 ""
FIBERMAP 691 R+10C2 BOSS 1 1 0 1 0 0 -147.5520441527427 203.87374497299825 143.1 -38.14761847327699 248.717409102098 52.968708 114.34465 279.70062357000256 -9.446406601715802 0.03302164 -1.9619188 0.24231642 279.70060314798576 -9.446381453144689 279.71855619824726 -9.413496128645729 41.59373398227646 146.24290584468798 5400.0 5400.0 2016.0 1 18 {-999.0 15.515226 14.441247 13.919901 -999.0} sdss_psfmag_from_g3xp 15.119196 14.368213 13.494436 11.974 63050395540457765 1093189165 bright_3x1 mwm_astar_core_boss mwm_ob science 0 0 0.0 0.0 -999 ""
FIBERMAP 691 R+10C2 METROLOGY 0 0 0 1 0 0 -148.06710851922423 203.34317715555528 143.1 -38.848029574795184 248.48068003196101 52.968708 114.34465 -999.0 -999.0 -999.0 -999.0 -999.0 279.69735337873743 -9.447383258502816 279.7153416543002 -9.41456330624079 41.59429600658734 146.24731633031573 -999.0 6231.0 -999.0 -1 -999 {-999.0 -999.0 -999.0 -999.0 -999.0} "" -999.0 -999.0 -999.0 -999.0 -999 -999 "" "" "" "" 0 0 0.0 0.0 -999 ""
FIBERMAP 692 R+8C17 APOGEE 1 1 0 1 0 0 166.6009947736113 169.8570142772204 143.1 225.74955695404037 75.00729974632645 90.09752 78.08581 280.9131537555276 -10.234156551591415 -4.769442 -4.8359103 0.06904623 280.9131524812503 -10.234187220102237 280.93260004718377 -10.197936724289361 40.331558795243375 145.35116360927574 16000.0 16600.0 2016.0 2 81 {-999.0 18.285366 15.987036 14.766765 -999.0} sdss_psfmag_ps1 17.114952 15.324475 14.064877 10.74 63050395432602721 1153727868 bright_1x1 mwm_galactic_core_dist_apogee_sparse mwm_galactic science 0 0 0.0 0.0 -999 ""
FIBERMAP 692 R+8C17 BOSS 0 0 0 1 0 0 167.3078998446115 169.66341786393414 143.1 226.28992652555507 74.51230374639043 90.09752 78.08581 -999.0 -999.0 -999.0 -999.0 -999.0 280.91577087124585 -10.236636118544615 280.9351046187547 -10.200167490603581 40.328411499266096 145.34975869984487 -999.0 5400.0 -999.0 1 226 {-999.0 -999.0 -999.0 -999.0 -999.0} "" -999.0 -999.0 -999.0 -999.0 -999 -999 "" "" "" "" 0 0 0.0 0.0 -999 ""
FIBERMAP 692 R+8C17 METROLOGY 0 0 0 1 0 0 166.80508995496345 169.1221759821426 143.1 225.59554129251515 74.2604845736279 90.09752 78.08581 -999.0 -999.0 -999.0 -999.0 -999.0 280.9125741723984 -10.237708854773944 280.9319457127774 -10.201307562332648 40.32892514286557 145.3540498540909 -999.0 6231.0 -999.0 -1 -999 {-999.0 -999.0 -999.0 -999.0 -999.0} "" -999.0 -999.0 -999.0 -999.0 -999 -999 "" "" "" "" 0 0 0.0 0.0 -999 ""
FIBERMAP 693 R+2C15 APOGEE 1 1 0 1 0 0 36.28715748626999 45.414278480061874 143.1 53.01415239527362 23.824763530800723 116.69714 137.69958 280.11870666442644 -10.465029974808735 -3.6255162 -7.518661 0.08876835 280.11866386826017 -10.465084406624827 280.13905883849617 -10.430795598206013 40.50156165520909 146.3976912537188 16000.0 16600.0 2016.0 2 54 {-999.0 19.69599 16.734484 15.280037 -999.0} sdss_psfmag_ps1 18.000977 15.812325 14.458208 10.741 63050395539381244 1153918456 bright_1x1 mwm_galactic_core_dist_apogee_sparse mwm_galactic science 0 0 0.0 0.0 -999 ""
FIBERMAP 693 R+2C15 BOSS 0 0 0 1 0 0 36.477738056406594 46.12896959607281 143.1 53.51002126475976 24.373435711472847 116.69714 137.69958 -999.0 -999.0 -999.0 -999.0 -999.0 280.12110769598775 -10.462787094124854 280.14138090694564 -10.428282672301396 40.502694748694196 146.39348156815242 -999.0 5400.0 -999.0 1 198 {-999.0 -999.0 -999.0 -999.0 -999.0} "" -999.0 -999.0 -999.0 -999.0 -999 -999 "" "" "" "" 0 0 0.0 0.0 -999 ""
FIBERMAP 693 R+2C15 METROLOGY 0 0 0 1 0 0 37.01457513946203 45.609873462839126 143.1 53.75048562783925 23.66657570140414 116.69714 137.69958 -999.0 -999.0 -999.0 -999.0 -999.0 280.12217854418674 -10.465952716989992 280.14249165335224 -10.43150347890537 40.49934046203027 146.3942204665652 -999.0 6231.0 -999.0 -1 -999 {-999.0 -999.0 -999.0 -999.0 -999.0} "" -999.0 -999.0 -999.0 -999.0 -999 -999 "" "" "" "" 0 0 0.0 0.0 -999 ""
FIBERMAP 694 R+3C15 APOGEE 0 0 0 1 0 0 41.67135342506269 49.45751822273374 143.1 59.64952849315018 24.962502275439938 238.1983 86.80313 -999.0 -999.0 -999.0 -999.0 -999.0 280.1493910734902 -10.459964267213584 280.1697588959388 -10.425597607115442 40.49184634119314 146.35948205167813 -999.0 16600.0 -999.0 2 -999 {-999.0 -999.0 -999.0 -999.0 -999.0} "" -999.0 -999.0 -999.0 -999.0 -999 -999 "" "" "" "" 0 0 0.0 0.0 -999 ""
FIBERMAP 694 R+3C15 BOSS 1 1 0 1 0 0 41.03527517662214 49.918015594199105 143.1 59.29403364548111 25.662557274021417 238.1983 86.80313 280.14788436032205 -10.456944563839112 1.5099511 -6.481765 -0.27656084 280.14789678851463 -10.456968929611177 280.16814284788984 -10.422397324398299 40.4954176804423 146.35932947709267 5400.0 5400.0 2016.0 1 197 {-999.0 16.459555 15.523541 15.042674 -999.0} sdss_psfmag_ps1 16.141981 15.671954 14.584794 13.033 63050395539458207 1093370586 bright_3x1 mwm_astar_core_boss mwm_ob science 0 0 0.0 0.0 -999 ""
FIBERMAP 694 R+3C15 METROLOGY 0 0 0 1 0 0 41.729625484485574 50.20133698264936 143.1 60.0410133130486 25.597499340337286 238.1983 86.80313 -999.0 -999.0 -999.0 -999.0 -999.0 280.15131600871746 -10.45721519556919 280.17159365776473 -10.422694127223593 40.49354870290404 146.35558389022316 -999.0 6231.0 -999.0 -1 -999 {-999.0 -999.0 -999.0 -999.0 -999.0} "" -999.0 -999.0 -999.0 -999.0 -999 -999 "" "" "" "" 0 0 0.0 0.0 -999 ""
FIBERMAP 695 R-4C1 APOGEE 1 1 0 1 0 0 -253.45990291661442 -59.43888921932572 143.1 -252.5873955604411 62.86934270317112 158.17313 60.084415 278.7116966228781 -10.283312758224376 -4.003979 -11.092759 3.4920576 278.71167002590397 -10.283357114106494 278.73225923984313 -10.252846722200836 41.30087463717157 147.9109100130964 16000.0 16600.0 2016.0 2 248 {-999.0 20.721212 18.620943 17.127047 -999.0} sdss_psfmag_ps1 19.670824 17.842102 16.341875 12.538 63050395539256888 1034951640 bright_1x1 mwm_yso_pms_apogee_sagitta_edr3_single mwm_yso science 0 0 0.0 0.0 -999 ""
FIBERMAP 695 R-4C1 BOSS 0 0 0 1 0 0 -252.89006062461416 -58.96594071889123 143.1 -251.8645719955516 63.02980749207791 158.17313 60.084415 -999.0 -999.0 -999.0 -999.0 -999.0 278.7150484067172 -10.282844292258998 278.7355276839939 -10.25211839597178 41.300063457977245 147.9066553324261 -999.0 5400.0 -999.0 1 497 {-999.0 -999.0 -999.0 -999.0 -999.0} "" -999.0 -999.0 -999.0 -999.0 -999 -999 "" "" "" "" 0 0 0.0 0.0 -999 ""
FIBERMAP 695 R-4C1 METROLOGY 0 0 0 1 0 0 -252.76004406084007 -59.70638355233157 143.1 -252.08703775456615 62.311834104311735 158.17313 60.084415 -999.0 -999.0 -999.0 -999.0 -999.0 278.71398191135427 -10.286030810415296 278.7344999847185 -10.255364725862979 41.29763007392035 147.90981643932648 -999.0 6231.0 -999.0 -1 -999 {-999.0 -999.0 -999.0 -999.0 -999.0} "" -999.0 -999.0 -999.0 -999.0 -999 -999 "" "" "" "" 0 0 0.0 0.0 -999 ""
FIBERMAP 698 R+7C18 APOGEE 1 1 0 1 0 0 183.35789844765344 123.72048400486877 143.1 219.58681707907382 26.31835531490518 10.24763 60.031704 280.8857570704594 -10.45475727019203 -2.088162 -6.9660826 0.14191052 280.885776871674 -10.454758757363129 280.9057813848325 -10.418467160739898 40.15148047871019 145.5214791791778 16000.0 16600.0 2016.0 2 40 {-999.0 16.997616 14.958341 13.976321 -999.0} sdss_psfmag_from_g3xp 15.992034 14.618423 13.482224 10.665 63050395432572911 1152174930 bright_1x1 mwm_galactic_core_dist_apogee_sparse mwm_galactic science 0 0 0.0 0.0 -999 ""
FIBERMAP 698 R+7C18 BOSS 0 0 0 1 0 0 183.11447616732227 123.01549320119199 143.1 219.04837647644823 25.80244064992001 10.24763 60.031704 -999.0 -999.0 -999.0 -999.0 -999.0 280.88348366755383 -10.457304036728411 280.9033765778862 -10.420805534663934 40.15057888914537 145.5256676099884 -999.0 5400.0 -999.0 1 196 {-999.0 -999.0 -999.0 -999.0 -999.0} "" -999.0 -999.0 -999.0 -999.0 -999 -999 "" "" "" "" 0 0 0.0 0.0 -999 ""
FIBERMAP 698 R+7C18 METROLOGY 0 0 0 1 0 0 182.62657141651155 123.5740354753045 143.1 218.86944853854956 26.522042705684672 10.24763 60.031704 -999.0 -999.0 -999.0 -999.0 -999.0 280.88261809894897 -10.45398079022895 280.90253695682816 -10.417546240898314 40.15383071083899 145.52454934638752 -999.0 6231.0 -999.0 -1 -999 {-999.0 -999.0 -999.0 -999.0 -999.0} "" -999.0 -999.0 -999.0 -999.0 -999 -999 "" "" "" "" 0 0 0.0 0.0 -999 ""
FIBERMAP 704 R+5C16 APOGEE 1 1 0 1 0 0 87.40104532754509 101.86562362126692 143.1 124.25617667447581 50.696291714351915 167.50407 110.43772 280.448017134115 -10.343335678673544 -1.9345213 -4.2582593 0.16272108 280.4479964036909 -10.343406789536127 280.46793479456556 -10.308317799702705 40.455329555077874 145.94701086673993 16000.0 16600.0 2016.0 2 79 {-999.0 16.826698 14.6502075 13.405891 -999.0} sdss_psfmag_from_g3xp 15.73531 14.101277 12.855282 9.673 63050395432244980 1152174708 bright_1x1 mwm_galactic_core_dist_apogee_sparse mwm_galactic science 0 0 0.0 0.0 -999 ""
FIBERMAP 704 R+5C16 BOSS 0 0 0 1 0 0 87.28559353196768 102.5963654729192 143.1 124.4871675851542 51.398985570215295 167.50407 110.43772 -999.0 -999.0 -999.0 -999.0 -999.0 280.44922833076896 -10.340402314562073 280.46904234725906 -10.305101608102534 40.457631949931304 145.9437304693312 -999.0 5400.0 -999.0 1 214 {-999.0 -999.0 -999.0 -999.0 -999.0} "" -999.0 -999.0 -999.0 -999.0 -999 -999 "" "" "" "" 0 0 0.0 0.0 -999 ""
FIBERMAP 704 R+5C16 METROLOGY 0 0 0 1 0 0 87.97764847790171 102.33616611303846 143.1 124.98391516791527 50.851529183034884 167.50407 110.43772 -999.0 -999.0 -999.0 -999.0 -999.0 280.451477475766 -10.34284121321523 280.4713294212355 -10.30759287996844 40.45436757309785 145.9427010390792 -999.0 6231.0 -999.0 -1 -999 {-999.0 -999.0 -999.0 -999.0 -999.0} "" -999.0 -999.0 -999.0 -999.0 -999 -999 "" "" "" "" 0 0 0.0 0.0 -999 ""
FIBERMAP 706 R+6C21 APOGEE 1 1 0 1 0 0 235.61441452788944 123.05533025989 143.1 265.76380309367727 1.8645819373581771 35.112637 112.997734 281.09600001426656 -10.565487893119686 0.2288194 -0.43364346 0.21467751 281.0959996301051 -10.565505901117799 281.1161755343233 -10.528607348748848 39.95480409851605 145.35493047211529 16000.0 16600.0 2016.0 2 67 {-999.0 16.211655 14.170934 12.72827 -999.0} sdss_psfmag_from_g3xp 15.221628 13.436759 12.178368 9.037 63050395432339953 1152174786 bright_1x1 mwm_galactic_core_dist_apogee_sparse mwm_galactic science 0 0 0.0 0.0 -999 ""
FIBERMAP 706 R+6C21 BOSS 0 0 0 1 0 0 236.25106728327012 122.67224160907175 143.1 266.15515645585 1.2331175039785716 35.112637 112.997734 -999.0 -999.0 -999.0 -999.0 -999.0 281.0979044621239 -10.568574296368524 281.1179665717229 -10.531456393048273 39.95145832659906 145.3547303051901 -999.0 5400.0 -999.0 1 249 {-999.0 -999.0 -999.0 -999.0 -999.0} "" -999.0 -999.0 -999.0 -999.0 -999 -999 "" "" "" "" 0 0 0.0 0.0 -999 ""
FIBERMAP 706 R+6C21 METROLOGY 0 0 0 1 0 0 235.60451786192363 122.30749231047372 143.1 265.4135115400668 1.2039200327188833 35.112637 112.997734 -999.0 -999.0 -999.0 -999.0 -999.0 281.09450818158615 -10.56864985408421 281.11460626920035 -10.531601103140305 39.95293813993003 145.3585880605021 -999.0 6231.0 -999.0 -1 -999 {-999.0 -999.0 -999.0 -999.0 -999.0} "" -999.0 -999.0 -999.0 -999.0 -999 -999 "" "" "" "" 0 0 0.0 0.0 -999 ""
FIBERMAP 709 R+2C18 APOGEE 0 0 0 1 0 0 107.08948547066615 32.64254315565393 143.1 110.15883747928788 -19.866138514711313 147.33824 174.79951 -999.0 -999.0 -999.0 -999.0 -999.0 280.38280086951625 -10.664451804992593 280.4035645760784 -10.629369175582742 40.20338166674034 146.22092368963385 -999.0 16600.0 -999.0 2 -999 {-999.0 -999.0 -999.0 -999.0 -999.0} "" -999.0 -999.0 -999.0 -999.0 -999 -999 "" "" "" "" 0 0 0.0 0.0 -999 ""
FIBERMAP 709 R+2C18 BOSS 1 1 0 1 0 0 106.49841405848412 33.0699273198449 143.1 109.82825432236706 -19.21608847580046 147.33824 174.79951 280.38144709240163 -10.661683556379515 -1.9534533 -5.413635 1.5630766 280.3814451611173 -10.661713486185716 280.4020859367703 -10.626423540837642 40.206663994126785 146.22076281035908 5400.0 5400.0 2016.0 1 200 {-999.0 18.952444 16.938 16.013702 -999.0} sdss_psfmag_ps1 17.883982 16.605701 15.344853 12.472 63050395432151403 917066505 bright_6x1 mwm_yso_variable_boss mwm_yso science 0 0 0.0 0.0 -999 ""
FIBERMAP 709 R+2C18 METROLOGY 0 0 0 1 0 0 107.17293006804067 33.383960028729255 143.1 110.57161578704512 -19.244772515251885 147.33824 174.79951 -999.0 -999.0 -999.0 -999.0 -999.0 280.38483763245983 -10.661784231121056 280.40551005075196 -10.626545517479961 40.20495576301371 146.21696279776398 -999.0 6231.0 -999.0 -1 -999 {-999.0 -999.0 -999.0 -999.0 -999.0} "" -999.0 -999.0 -999.0 -999.0 -999 -999 "" "" "" "" 0 0 0.0 0.0 -999 ""
FIBERMAP 710 R+8C6 APOGEE 0 0 0 1 0 0 -102.86667858537272 144.05952841228483 143.1 -25.714473857546114 175.1094386459963 250.26964 85.06051 -999.0 -999.0 -999.0 -999.0 -999.0 279.75622738936295 -9.777042891537373 279.77508486307937 -9.744050191463387 41.27612707283577 146.38593904354926 -999.0 16600.0 -999.0 2 -999 {-999.0 -999.0 -999.0 -999.0 -999.0} "" -999.0 -999.0 -999.0 -999.0 -999 -999 "" "" "" "" 0 0 0.0 0.0 -999 ""
FIBERMAP 710 R+8C6 BOSS 1 1 0 1 0 0 -103.55083148656225 144.37498152149294 143.1 -26.17896201292519 175.70243335941763 250.26964 85.06051 279.7541914427622 -9.774472711585076 2.2641675 -2.7935638 0.34752855 279.75419921099234 -9.774510845708425 279.77293996833185 -9.741319884080053 41.279532102965184 146.38670248246953 5400.0 5400.0 2016.0 1 77 {-999.0 17.786537 16.538202 15.9434 15.473535} sdss_psfmag_from_ps1dr2 17.2709 16.4789 15.5623 13.954 63050395539777637 1040007306 "" ops_std_boss_ps1dr2 ops_std standard_boss 0 0 0.0 0.0 -999 ""
FIBERMAP 710 R+8C6 METROLOGY 0 0 0 1 0 0 -102.93451171771449 144.80253624984005 143.1 -25.435526395179025 175.80129842216348 250.26964 85.06051 -999.0 -999.0 -999.0 -999.0 -999.0 279.75759806952044 -9.774023936169627 279.77636761998593 -9.740882367756155 41.27832207991586 146.38246527127637 -999.0 6231.0 -999.0 -1 -999 {-999.0 -999.0 -999.0 -999.0 -999.0} "" -999.0 -999.0 -999.0 -999.0 -999 -999 "" "" "" "" 0 0 0.0 0.0 -999 ""
FIBERMAP 714 R-3C22 APOGEE 1 1 0 1 0 0 198.47205241450928 -72.60474883978027 143.1 143.38152654015744 -155.2091282070364 276.93408 53.24576 280.53439339038624 -11.278431788936066 -4.052392 -7.541692 0.09841666 280.53439883556985 -11.278448071984636 280.5566103918931 -11.242649543459331 39.59230605753491 146.42816932919806 16000.0 16600.0 2016.0 2 209 {-999.0 19.480707 16.83189 14.162379 -999.0} sdss_psfmag_ps1 18.160103 14.605252 13.066536 8.735 63050395431707791 1153726405 bright_1x1 mwm_galactic_core_dist_apogee_sparse mwm_galactic science 0 0 0.0 0.0 -999 ""
FIBERMAP 714 R-3C22 BOSS 0 0 0 1 0 0 197.823602302456 -72.2610521082885 143.1 142.96169204063676 -154.60731470855822 276.93408 53.24576 -999.0 -999.0 -999.0 -999.0 -999.0 280.53262873824036 -11.275989850628825 280.5547158751368 -11.239980127366596 39.59553735308991 146.4286502007828 -999.0 5400.0 -999.0 1 309 {-999.0 -999.0 -999.0 -999.0 -999.0} "" -999.0 -999.0 -999.0 -999.0 -999 -999 "" "" "" "" 0 0 0.0 0.0 -999 ""
FIBERMAP 714 R-3C22 METROLOGY 0 0 0 1 0 0 198.46244223379432 -71.86071025029929 143.1 143.71273237643348 -154.54293822469975 276.93408 53.24576 -999.0 -999.0 -999.0 -999.0 -999.0 280.5360498901159 -11.275616464983214 280.55816819378646 -11.239659500682134 39.594214287382435 146.42458390380924 -999.0 6231.0 -999.0 -1 -999 {-999.0 -999.0 -999.0 -999.0 -999.0} "" -999.0 -999.0 -999.0 -999.0 -999 -999 "" "" "" "" 0 0 0.0 0.0 -999 ""
FIBERMAP 715 R-6C17 APOGEE 1 1 0 1 0 0 146.26532173818188 -108.60295545648741 143.1 80.50706135113334 -163.38912834475386 43.975437 107.30378 280.24391326236935 -11.316192880696594 -1.3258841 -3.0873399 0.13317387 280.2439059295805 -11.316163979515432 280.2663525609208 -11.281107016266626 39.69274778222231 146.77766099380565 16000.0 16600.0 2016.0 2 205 {-999.0 17.778734 15.371109 14.380886 -999.0} sdss_psfmag_ps1 16.52457 14.804264 13.558603 10.246 63050395430410663 1153724666 bright_1x1 mwm_galactic_core_dist_apogee_sparse mwm_galactic science 0 0 0.0 0.0 -999 ""
FIBERMAP 715 R-6C17 BOSS 0 0 0 1 0 0 146.90238650443564 -108.98477813501653 143.1 80.89935927237742 -164.01965486943132 43.975437 107.30378 -999.0 -999.0 -999.0 -999.0 -999.0 280.2458513898752 -11.319277217795932 280.2681870684338 -11.283996558256751 39.68935177952674 146.7773612092048 -999.0 5400.0 -999.0 1 299 {-999.0 -999.0 -999.0 -999.0 -999.0} "" -999.0 -999.0 -999.0 -999.0 -999 -999 "" "" "" "" 0 0 0.0 0.0 -999 ""
FIBERMAP 715 R-6C17 METROLOGY 0 0 0 1 0 0 146.26560282992483 -109.37116058212166 143.1 80.15652227101607 -164.0725538035733 43.975437 107.30378 -999.0 -999.0 -999.0 -999.0 -999.0 280.242375654706 -11.31944938451995 280.2647468272745 -11.28423923467104 39.6907224293392 146.781379736694 -999.0 6231.0 -999.0 -1 -999 {-999.0 -999.0 -999.0 -999.0 -999.0} "" -999.0 -999.0 -999.0 -999.0 -999 -999 "" "" "" "" 0 0 0.0 0.0 -999 ""
FIBERMAP 717 R+6C9 APOGEE 0 0 0 1 0 0 -62.09616946505446 127.4150094500208 143.1 2.9492959279573068 141.68737328373498 201.40433 49.35927 -999.0 -999.0 -999.0 -999.0 -999.0 279.88802033052247 -9.928569851110614 279.90719301590644 -9.89515635697955 41.081431893849306 146.32845721140083 -999.0 16600.0 -999.0 2 -999 {-999.0 -999.0 -999.0 -999.0 -999.0} "" -999.0 -999.0 -999.0 -999.0 -999 -999 "" "" "" "" 0 0 0.0 0.0 -999 ""
FIBERMAP 717 R+6C9 BOSS 1 1 0 1 0 0 -61.861202294826505 128.1344612838763 143.1 3.4868193531243703 142.22001152955175 201.40433 49.35927 279.8906413918744 -9.926284467762867 -0.60025585 -1.8202751 0.31628075 279.8906214820671 -9.926312386837411 279.9096749546737 -9.892687085173286 41.08244993570779 146.32404936315012 5400.0 5400.0 2016.0 1 130 {-999.0 15.071748 14.240907 19.265709 -999.0} sdss_psfmag_ps1 14.746954 14.0790825 13.260103 11.812 63050395539731777 1093663440 bright_1x1 mwm_astar_core_boss_single mwm_ob science 0 0 0.0 0.0 -999 ""
FIBERMAP 717 R+6C9 METROLOGY 0 0 0 1 0 0 -61.36650760127412 127.57075136813026 143.1 3.6694270319312516 141.49271247687233 201.40433 49.35927 -999.0 -999.0 -999.0 -999.0 -999.0 279.8914250401876 -9.929562657098893 279.91051804817636 -9.895992019348833 41.079145511725756 146.3251538990475 -999.0 6231.0 -999.0 -1 -999 {-999.0 -999.0 -999.0 -999.0 -999.0} "" -999.0 -999.0 -999.0 -999.0 -999 -999 "" "" "" "" 0 0 0.0 0.0 -999 ""
FIBERMAP 719 R+3C18 APOGEE 1 1 0 1 0 0 130.06808058493112 45.400647322990864 143.1 136.42345185340014 -19.01098301999605 310.64542 105.62151 280.5041005068305 -10.66060010266241 -0.17757516 0.96344376 0.33881006 280.504067863211 -10.6606060937719 280.5247640870214 -10.625207900412075 40.15027320212794 146.08126429627166 16000.0 16600.0 2016.0 2 87 {-999.0 15.037156 12.810264 11.274721 -999.0} sdss_psfmag_from_g3xp 13.904171 11.981467 10.690954 7.347 63050395432148871 1152174629 bright_1x1 mwm_galactic_core_dist_apogee_sparse mwm_galactic science 0 0 0.0 0.0 -999 ""
FIBERMAP 719 R+3C18 BOSS 0 0 0 1 0 0 129.63187690022605 44.784244586572065 143.1 135.75398993498862 -19.36007038664881 310.64542 105.62151 -999.0 -999.0 -999.0 -999.0 -999.0 280.5011524574478 -10.66241465378861 280.5217371091148 -10.626810686412394 40.150285098155486 146.08568543498973 -999.0 5400.0 -999.0 1 218 {-999.0 -999.0 -999.0 -999.0 -999.0} "" -999.0 -999.0 -999.0 -999.0 -999 -999 "" "" "" "" 0 0 0.0 0.0 -999 ""
FIBERMAP 719 R+3C18 METROLOGY 0 0 0 1 0 0 129.32208202966535 45.46691821564383 143.1 135.79016846580873 -18.611388090155977 310.64542 105.62151 -999.0 -999.0 -999.0 -999.0 -999.0 280.50127860440125 -10.658946571438346 280.5218879029833 -10.623404290211601 40.15320755506361 146.0833875752504 -999.0 6231.0 -999.0 -1 -999 {-999.0 -999.0 -999.0 -999.0 -999.0} "" -999.0 -999.0 -999.0 -999.0 -999 -999 "" "" "" "" 0 0 0.0 0.0 -999 ""
FIBERMAP 721 R+9C9 APOGEE 1 1 0 1 0 0 -23.752362547883116 184.3431418336195 143.1 63.05040583377537 174.814252308798 160.5935 96.76037 280.1654021678479 -9.779561307750274 -1.7965924 -7.5530148 -0.038261585 280.16535700905763 -9.779604875994089 280.18403338078605 -9.745540219166333 41.083272703493215 145.91570910931165 16000.0 16600.0 2016.0 2 9 {-999.0 20.842443 17.49127 15.127438 -999.0} sdss_psfmag_ps1 18.977789 15.486242 13.962257 9.363 63050395540058531 1153920510 bright_1x1 mwm_galactic_core_dist_apogee_sparse mwm_galactic science 0 0 0.0 0.0 -999 ""
FIBERMAP 721 R+9C9 BOSS 0 0 0 1 0 0 -23.600196389003713 185.06928092017796 143.1 63.51733369279009 175.3906484934864 160.5935 96.76037 -999.0 -999.0 -999.0 -999.0 -999.0 280.1676370060107 -9.777166787827493 280.18619277339826 -9.742891887913114 41.08458100823506 145.9115492212998 -999.0 5400.0 -999.0 1 125 {-999.0 -999.0 -999.0 -999.0 -999.0} "" -999.0 -999.0 -999.0 -999.0 -999 -999 "" "" "" "" 0 0 0.0 0.0 -999 ""
FIBERMAP 721 R+9C9 METROLOGY 0 0 0 1 0 0 -23.04296253652375 184.5835825219256 143.1 63.791190979326785 174.70418096787776 160.5935 96.76037 -999.0 -999.0 -999.0 -999.0 -999.0 280.168864868954 -9.780222066634249 280.1874597867729 -9.746000644168342 41.08125358972617 145.91206643536864 -999.0 6231.0 -999.0 -1 -999 {-999.0 -999.0 -999.0 -999.0 -999.0} "" -999.0 -999.0 -999.0 -999.0 -999 -999 "" "" "" "" 0 0 0.0 0.0 -999 ""
FIBERMAP 723 R-2C19 APOGEE 1 1 0 1 0 0 123.23810388766127 -29.24179154509779 143.1 96.26405110845499 -82.28455303954041 151.04901 104.86969 280.31769181025555 -10.948377447552806 0.8318454 -6.5307736 0.8637423 280.3180102082773 -10.948408597788214 280.33950848497216 -10.913349078220858 39.98323634395706 146.46943057130488 16000.0 16600.0 2016.0 2 212 {-999.0 12.818015 10.86303 9.613541 -999.0} sdss_psfmag_from_g3xp 11.890572 10.312965 9.113708 6.173 63050395432014879 1152174582 bright_1x1 mwm_galactic_core_dist_apogee_sparse mwm_galactic science 0 0 1.1702330112457275 0.0 -999 ""
FIBERMAP 723 R-2C19 BOSS 0 0 0 1 0 0 123.42796553968918 -28.525223791868022 143.1 96.76013745790993 -81.73388335929195 151.04901 104.86969 -999.0 -999.0 -999.0 -999.0 -999.0 280.3204711593269 -10.946155468597192 280.34184548015355 -10.910876383305462 39.98432928870542 146.4652653840677 -999.0 5400.0 -999.0 1 297 {-999.0 -999.0 -999.0 -999.0 -999.0} "" -999.0 -999.0 -999.0 -999.0 -999 -999 "" "" "" "" 0 0 0.0 0.0 -999 ""
FIBERMAP 723 R-2C19 METROLOGY 0 0 0 1 0 0 123.95460964070136 -29.040311524287993 143.1 96.99336582166609 -82.43252353915739 151.04901 104.86969 -999.0 -999.0 -999.0 -999.0 -999.0 280.321500954962 -10.949263120572263 280.3429156854629 -10.91404043531208 39.981044565184824 146.46601066083704 -999.0 6231.0 -999.0 -1 -999 {-999.0 -999.0 -999.0 -999.0 -999.0} "" -999.0 -999.0 -999.0 -999.0 -999 -999 "" "" "" "" 0 0 0.0 0.0 -999 ""
FIBERMAP 724 R+1C21 APOGEE 0 0 0 1 0 0 176.8621260914791 25.342209161541426 143.1 168.88607588711122 -58.22019022389639 14.501359 134.4227 -999.0 -999.0 -999.0 -999.0 -999.0 280.6533553002865 -10.838712198587102 280.67442024317455 -10.802831172660248 39.92397204897361 146.02342971776594 -999.0 16600.0 -999.0 2 -999 {-999.0 -999.0 -999.0 -999.0 -999.0} "" -999.0 -999.0 -999.0 -999.0 -999 -999 "" "" "" "" 0 0 0.0 0.0 -999 ""
FIBERMAP 724 R+1C21 BOSS 1 1 0 1 0 0 177.51050396220364 24.98368366280577 143.1 169.2990748005605 -58.835160510691125 14.501359 134.4227 280.65542553909194 -10.841743385669625 -4.5329747 -2.3450086 6.7757215 280.6554206911978 -10.84173367379649 280.6763733755459 -10.805631608049364 39.920595048528426 146.02297993573978 5400.0 5400.0 2016.0 1 234 {-999.0 21.706898 20.504723 19.922243 -999.0} sdss_psfmag_ps1 20.638004 20.009348 18.873533 -999.0 63050395431950835 1077957838 bright_flexible_2x1 mwm_snc_ext_main_boss mwm_snc science 0 0 0.0 0.0 -999 ""
FIBERMAP 724 R+1C21 METROLOGY 0 0 0 1 0 0 176.87052705629765 24.596158624176887 143.1 168.55287576173 -58.88761760802525 14.501359 134.4227 -999.0 -999.0 -999.0 -999.0 -999.0 280.6519446710402 -10.841913943646535 280.67293314357124 -10.805881554390135 39.92199216176956 146.02700513073572 -999.0 6231.0 -999.0 -1 -999 {-999.0 -999.0 -999.0 -999.0 -999.0} "" -999.0 -999.0 -999.0 -999.0 -999 -999 "" "" "" "" 0 0 0.0 0.0 -999 ""
FIBERMAP 730 R+6C13 APOGEE 0 0 0 1 0 0 61.71588418210579 120.93267227409368 143.1 110.11661560416023 79.38463680987222 48.7564 79.0644 -999.0 -999.0 -999.0 -999.0 -999.0 280.3826990618479 -10.212829074381686 280.4023454029821 -10.177977384141622 40.600663952670544 145.93951449092734 -999.0 16600.0 -999.0 2 -999 {-999.0 -999.0 -999.0 -999.0 -999.0} "" -999.0 -999.0 -999.0 -999.0 -999 -999 "" "" "" "" 0 0 0.0 0.0 -999 ""
FIBERMAP 730 R+6C13 BOSS 1 1 0 1 0 0 62.17217079818309 120.33299778581446 143.1 110.24863769467686 78.64288673001798 48.7564 79.0644 280.38348548395106 -10.21632549924707 -2.6628962 -6.0763626 0.086300805 280.3834726185495 -10.216378235252217 280.40301166131496 -10.18131370831158 40.597420552123566 145.94085854056547 5400.0 5400.0 2016.0 1 149 {-999.0 17.030184 15.918358 15.440428 -999.0} sdss_psfmag_ps1 16.589794 15.822816 14.956314 13.686 63050395539493642 1093370596 bright_3x1 mwm_astar_core_boss mwm_ob science 0 0 0.0 0.0 -999 ""
FIBERMAP 730 R+6C13 METROLOGY 0 0 0 1 0 0 61.43951846117525 120.23964704453392 143.1 109.55433662310776 78.89440830794098 48.7564 79.0644 -999.0 -999.0 -999.0 -999.0 -999.0 280.38022805989266 -10.215173312263719 280.39979845480633 -10.180177130224054 40.59993175027798 145.94379991321205 -999.0 6231.0 -999.0 -1 -999 {-999.0 -999.0 -999.0 -999.0 -999.0} "" -999.0 -999.0 -999.0 -999.0 -999 -999 "" "" "" "" 0 0 0.0 0.0 -999 ""
FIBERMAP 733 R+2C2 APOGEE 0 0 0 1 0 0 -250.08531406095847 58.36408759770461 143.1 -195.79286770839576 166.11086126233903 152.06972 54.206562 -999.0 -999.0 -999.0 -999.0 -999.0 278.9752086579516 -9.817425334932159 278.9945183691221 -9.786457531776401 41.5975157357379 147.3199230065546 -999.0 16600.0 -999.0 2 -999 {-999.0 -999.0 -999.0 -999.0 -999.0} "" -999.0 -999.0 -999.0 -999.0 -999 -999 "" "" "" "" 0 0 0.0 0.0 -999 ""
FIBERMAP 733 R+2C2 BOSS 1 1 0 1 0 0 -249.45434012782084 58.69842856431936 143.1 -195.07896225537564 166.12012367578205 152.06972 54.206562 278.97857666015625 -9.817582253611107 -999.0 -999.0 -999.0 278.97855555071914 -9.817571528024388 278.9977566714857 -9.786390915919355 41.5961044892333 147.3160946976751 5400.0 5400.0 2015.5 1 10 {-999.0 -999.0 -999.0 -999.0 -999.0} "" -999.0 -999.0 -999.0 -999.0 27021603148709450 852780073 "" ops_sky_boss_fallback ops_sky sky_boss 0 0 0.0 0.0 -999 ""
FIBERMAP 733 R+2C2 METROLOGY 0 0 0 1 0 0 -249.4607935018026 57.95587680448198 143.1 -195.42377723899392 165.46259136327237 152.06972 54.206562 -999.0 -999.0 -999.0 -999.0 -999.0 278.97692082214706 -9.820478119461473 278.99616036287904 -9.78935813333132 41.59419582997156 147.31978970012477 -999.0 6231.0 -999.0 -1 -999 {-999.0 -999.0 -999.0 -999.0 -999.0} "" -999.0 -999.0 -999.0 -999.0 -999 -999 "" "" "" "" 0 0 0.0 0.0 -999 ""
FIBERMAP 741 R+5C9 APOGEE 1 1 0 1 0 0 -75.19118873142517 107.35609061944169 143.1 -17.857957683722407 129.82516259781727 220.68768 28.509794 279.7918066971076 -9.982078969378355 -1.0108188 -2.2164638 1.0117306 279.79177293132295 -9.982105578087815 279.811122494959 -9.948917170306053 41.078752201842214 146.47280101976585 16000.0 16600.0 2016.0 2 101 {-999.0 11.692329 11.182653 10.94357 -999.0} sdss_psfmag_from_g3xp 11.566457 11.171389 10.591469 9.758 63050395539710612 975042387 "" ops_std_apogee ops_std standard_apogee 0 0 0.0 0.0 -999 ""
FIBERMAP 741 R+5C9 BOSS 0 0 0 1 0 0 -74.94902216115189 108.05489316025265 143.1 -17.32345977573071 130.3361463757848 220.68768 28.509794 -999.0 -999.0 -999.0 -999.0 -999.0 279.7943535308457 -9.979945310899817 279.81358450747064 -9.946544865645402 41.07970063941918 146.4684800791503 -999.0 5400.0 -999.0 1 75 {-999.0 -999.0 -999.0 -999.0 -999.0} "" -999.0 -999.0 -999.0 -999.0 -999 -999 "" "" "" "" 0 0 0.0 0.0 -999 ""
FIBERMAP 741 R+5C9 METROLOGY 0 0 0 1 0 0 -74.45412589031898 107.5057646410138 143.1 -17.134014428176698 129.62172502274748 220.68768 28.509794 -999.0 -999.0 -999.0 -999.0 -999.0 279.7951881911844 -9.983139805404907 279.81445844970915 -9.949794035598444 41.07642951183455 146.46950577063234 -999.0 6231.0 -999.0 -1 -999 {-999.0 -999.0 -999.0 -999.0 -999.0} "" -999.0 -999.0 -999.0 -999.0 -999 -999 "" "" "" "" 0 0 0.0 0.0 -999 ""
FIBERMAP 742 R-5C19 APOGEE 0 0 0 1 0 0 165.35498653141093 -89.5470410780926 143.1 106.18837888410422 -155.15642528984407 45.056694 164.26653 -999.0 -999.0 -999.0 -999.0 -999.0 280.3627975077707 -11.278752491687303 280.38509350569234 -11.243403504495802 39.67119339369268 146.62109516817628 -999.0 16600.0 -999.0 2 -999 {-999.0 -999.0 -999.0 -999.0 -999.0} "" -999.0 -999.0 -999.0 -999.0 -999 -999 "" "" "" "" 0 0 0.0 0.0 -999 ""
FIBERMAP 742 R-5C19 BOSS 1 1 0 1 0 0 165.99403944373606 -89.17041892965514 143.1 106.92877741853465 -155.11324408271167 45.056694 164.26653 280.36638671403836 -11.278807248137532 -0.34619913 -6.5719166 1.1115766 280.3663677136926 -11.278810733430683 280.388543827736 -11.243235496816022 39.66974522645061 146.61711558393986 5400.0 5400.0 2016.0 1 287 {-999.0 18.488434 16.588264 15.77189 -999.0} sdss_psfmag_ps1 17.508043 16.389425 15.163958 12.551 63050395430384217 917041571 bright_5x1 mwm_yso_variable_boss mwm_yso science 0 0 0.0 0.0 -999 ""
FIBERMAP 742 R-5C19 METROLOGY 0 0 0 1 0 0 166.00093288254462 -89.92042465026584 143.1 106.59243031683326 -155.78350110372048 45.056694 164.26653 -999.0 -999.0 -999.0 -999.0 -999.0 280.36476128342605 -11.281773628465757 280.38697905450067 -11.246262492653342 39.6678001195396 146.62072862290228 -999.0 6231.0 -999.0 -1 -999 {-999.0 -999.0 -999.0 -999.0 -999.0} "" -999.0 -999.0 -999.0 -999.0 -999 -999 "" "" "" "" 0 0 0.0 0.0 -999 ""
FIBERMAP 743 R-1C3 APOGEE 1 1 0 1 0 0 -251.65497892462204 -28.089774338493676 143.1 -236.6668727369402 89.92931796760291 244.94113 72.779396 278.78518644117855 -10.161110417304863 -2.2104697 -12.35533 1.3863401 278.785188522899 -10.161159235121485 278.8054397938098 -10.130517565880675 41.377052610996145 147.7513665938838 16000.0 16600.0 2016.0 2 281 {-999.0 20.287924 18.126736 17.058697 -999.0} sdss_psfmag_ps1 19.128721 17.670298 16.346395 12.75 63050395539272856 1034951681 bright_1x1 mwm_yso_pms_apogee_sagitta_edr3_single mwm_yso science 0 0 0.0 0.0 -999 ""
FIBERMAP 743 R-1C3 BOSS 0 0 0 1 0 0 -252.21502412587694 -27.595912271604405 143.1 -236.93950282582105 90.62433060886244 244.94113 72.779396 -999.0 -999.0 -999.0 -999.0 -999.0 278.7840727974198 -10.158216097169817 278.80421000735356 -10.127372714814445 41.380403588837744 147.750892340946 -999.0 5400.0 -999.0 1 433 {-999.0 -999.0 -999.0 -999.0 -999.0} "" -999.0 -999.0 -999.0 -999.0 -999 -999 "" "" "" "" 0 0 0.0 0.0 -999 ""
FIBERMAP 743 R-1C3 METROLOGY 0 0 0 1 0 0 -251.51042731349392 -27.35250069217802 143.1 -236.20163338030403 90.51909510023886 244.94113 72.779396 -999.0 -999.0 -999.0 -999.0 -999.0 278.78739398764276 -10.158639200704922 278.8075611372105 -10.127845307324627 41.37847923508362 147.74726622054456 -999.0 6231.0 -999.0 -1 -999 {-999.0 -999.0 -999.0 -999.0 -999.0} "" -999.0 -999.0 -999.0 -999.0 -999 -999 "" "" "" "" 0 0 0.0 0.0 -999 ""
FIBERMAP 748 R-1C24 APOGEE 1 1 0 1 0 0 243.72465987836262 -27.922269453782683 143.1 204.03603259759612 -136.12921502713937 306.55383 125.38917 280.8133845688299 -11.190858783780834 -3.8813832 -3.6189113 0.024154821 280.8133864327551 -11.19085752096722 280.83524429986716 -11.154373982495665 39.539739307507354 146.0618669594467 16000.0 16600.0 2016.0 2 210 {-999.0 17.537365 15.329671 16.616884 -999.0} sdss_psfmag_ps1 16.391493 14.270727 12.928961 9.542 63050395431011529 1153725921 bright_1x1 mwm_galactic_core_dist_apogee_sparse mwm_galactic science 0 0 0.0 0.0 -999 ""
FIBERMAP 748 R-1C24 BOSS 0 0 0 1 0 0 243.5017476421589 -28.63401059648367 143.1 203.51275267011243 -136.6604995285042 306.55383 125.38917 -999.0 -999.0 -999.0 -999.0 -999.0 280.8111204771039 -11.193501482298217 280.83286549958837 -11.15680552030558 39.5387208703686 146.06603298486982 -999.0 5400.0 -999.0 1 311 {-999.0 -999.0 -999.0 -999.0 -999.0} "" -999.0 -999.0 -999.0 -999.0 -999 -999 "" "" "" "" 0 0 0.0 0.0 -999 ""
FIBERMAP 748 R-1C24 METROLOGY 0 0 0 1 0 0 242.9947032883145 -28.09206936406703 143.1 203.30921997601146 -135.94692383125806 306.55383 125.38917 -999.0 -999.0 -999.0 -999.0 -999.0 280.8101679452547 -11.190222887882472 280.83193948437395 -11.153592645546897 39.541976818840766 146.0650741378119 -999.0 6231.0 -999.0 -1 -999 {-999.0 -999.0 -999.0 -999.0 -999.0} "" -999.0 -999.0 -999.0 -999.0 -999 -999 "" "" "" "" 0 0 0.0 0.0 -999 ""
FIBERMAP 751 R-10C16 APOGEE 0 0 0 1 0 0 148.78669156164216 -201.4489951279721 143.1 40.35302789427848 -247.1244443519784 202.18181 135.96251 -999.0 -999.0 -999.0 -999.0 -999.0 280.0566132354078 -11.69278155284995 280.0800875984591 -11.658017375993628 39.44484366398578 147.21552609171974 -999.0 16600.0 -999.0 2 -999 {-999.0 -999.0 -999.0 -999.0 -999.0} "" -999.0 -999.0 -999.0 -999.0 -999 -999 "" "" "" "" 0 0 0.0 0.0 -999 ""
FIBERMAP 751 R-10C16 BOSS 1 1 0 1 0 0 148.08529793017627 -201.17869572453094 143.1 39.852585840540605 -246.56373988913973 202.18181 135.96251 280.0544039241641 -11.690482629767665 -0.6742854 -3.1362193 0.23832437 280.0544308700519 -11.690517687226501 280.07778299470175 -11.6555409631762 39.44808550417066 147.21662297712027 5400.0 5400.0 2016.0 1 268 {-999.0 17.653585 16.256866 15.539008 15.00935} sdss_psfmag_from_ps1dr2 17.0608 16.1468 15.1769 13.298 63050395430249173 1039953216 "" ops_std_boss_ps1dr2 ops_std standard_boss 0 0 0.0 0.0 -999 ""
FIBERMAP 751 R-10C16 METROLOGY 0 0 0 1 0 0 148.668549153052 -200.71231042485664 143.1 40.58433929157231 -246.41523586773624 202.18181 135.96251 -999.0 -999.0 -999.0 -999.0 -999.0 280.05778214942006 -11.689785822561955 280.08116414943794 -11.654862890964056 39.447146284971325 147.21241808611796 -999.0 6231.0 -999.0 -1 -999 {-999.0 -999.0 -999.0 -999.0 -999.0} "" -999.0 -999.0 -999.0 -999.0 -999 -999 "" "" "" "" 0 0 0.0 0.0 -999 ""
FIBERMAP 753 R-2C22 APOGEE 0 0 0 1 0 0 202.36638168328736 -29.315073965733013 143.1 166.61299108813307 -118.48245169959404 52.387253 145.23532 -999.0 -999.0 -999.0 -999.0 -999.0 280.6420867976978 -11.111983629735683 280.6638333944112 -11.075990047134958 39.6889293267631 146.20510699076758 -999.0 16600.0 -999.0 2 -999 {-999.0 -999.0 -999.0 -999.0 -999.0} "" -999.0 -999.0 -999.0 -999.0 -999 -999 "" "" "" "" 0 0 0.0 0.0 -999 ""
FIBERMAP 753 R-2C22 BOSS 1 1 0 1 0 0 203.08325901882466 -29.080669975002113 143.1 167.35767054018677 -118.60130692073241 52.387253 145.23532 280.6456688282236 -11.112739457737574 -3.521212 -6.4778485 0.14194074 280.6456677145744 -11.112752457398514 280.667295086039 -11.076533011661903 39.68683283543473 146.20156233043792 5400.0 5400.0 2016.0 1 285 {-999.0 14.919794 14.511042 14.337404 -999.0} sdss_psfmag_from_g3xp 14.831832 14.502112 13.968701 13.271 63050395431762553 1093200658 bright_3x1 mwm_astar_core_boss mwm_ob science 0 0 0.0 0.0 -999 ""
FIBERMAP 753 R-2C22 METROLOGY 0 0 0 1 0 0 202.9288504654345 -29.805268671560952 143.1 166.88945152909295 -119.17530901623537 52.387253 145.23532 -999.0 -999.0 -999.0 -999.0 -999.0 280.64346233119653 -11.115291900971815 280.6651309007357 -11.07913813084896 39.68555491006411 146.2056020125652 -999.0 6231.0 -999.0 -1 -999 {-999.0 -999.0 -999.0 -999.0 -999.0} "" -999.0 -999.0 -999.0 -999.0 -999 -999 "" "" "" "" 0 0 0.0 0.0 -999 ""
FIBERMAP 756 R-13C9 APOGEE 1 1 0 1 0 0 17.312240453368382 -262.916562223209 143.1 -104.65806424561912 -241.7623422401554 258.63275 60.977604 279.386531729677 -11.665584370720207 1.106745 0.26979795 0.5164099 279.38653522118665 -11.66560289627492 279.4102653910071 -11.632611112423552 39.769319271693895 147.95633174483004 16000.0 16600.0 2016.0 2 207 {-999.0 11.7074175 11.036454 10.797058 -999.0} sdss_psfmag_gaia 11.523846 11.0796175 10.4472475 9.6 63050395430121864 975476295 "" ops_std_apogee ops_std standard_apogee 0 0 0.0 0.0 -999 ""
FIBERMAP 756 R-13C9 BOSS 0 0 0 1 0 0 16.73017067657179 -262.45832787188033 143.1 -104.96655343271732 -241.08896227635714 258.63275 60.977604 -999.0 -999.0 -999.0 -999.0 -999.0 279.38521765855984 -11.662809144196176 279.40882751309323 -11.6296041327809 39.772637697511804 147.9561809502706 -999.0 5400.0 -999.0 1 334 {-999.0 -999.0 -999.0 -999.0 -999.0} "" -999.0 -999.0 -999.0 -999.0 -999 -999 "" "" "" "" 0 0 0.0 0.0 -999 ""
FIBERMAP 756 R-13C9 METROLOGY 0 0 0 1 0 0 17.42148822697152 -262.18003113083876 143.1 -104.22456574687351 -241.15710463198175 258.63275 60.977604 -999.0 -999.0 -999.0 -999.0 -999.0 279.388607342437 -11.663081416182791 279.4122485401263 -11.62992918385718 39.77082197732097 147.95249255423377 -999.0 6231.0 -999.0 -1 -999 {-999.0 -999.0 -999.0 -999.0 -999.0} "" -999.0 -999.0 -999.0 -999.0 -999 -999 "" "" "" "" 0 0 0.0 0.0 -999 ""
FIBERMAP 758 R+4C17 APOGEE 1 1 0 1 0 0 125.54054428673257 78.3069463255579 143.1 147.4224915724126 12.325685222000875 7.680914 112.870285 280.5548408099641 -10.51803974711004 -5.1101785 -6.20191 0.057224836 280.55482594007293 -10.518082565487562 280.5751454171358 -10.482624672899187 40.25181161379092 145.93504123977652 16000.0 16600.0 2016.0 2 83 {-999.0 18.300228 15.786295 14.700378 -999.0} sdss_psfmag_ps1 16.940397 15.205805 13.936976 10.495 63050395432160972 1153727223 bright_1x1 mwm_galactic_core_dist_apogee_sparse mwm_galactic science 0 0 0.0 0.0 -999 ""
FIBERMAP 758 R+4C17 BOSS 0 0 0 1 0 0 125.91814449513572 77.6687896036947 143.1 147.4669519683405 11.585637207969972 7.680914 112.870285 -999.0 -999.0 -999.0 -999.0 -999.0 280.5552060285634 -10.521656049224278 280.57541677878925 -10.485983802638867 40.24873509339199 145.93684248483004 -999.0 5400.0 -999.0 1 210 {-999.0 -999.0 -999.0 -999.0 -999.0} "" -999.0 -999.0 -999.0 -999.0 -999 -999 "" "" "" "" 0 0 0.0 0.0 -999 ""
FIBERMAP 758 R+4C17 METROLOGY 0 0 0 1 0 0 125.17989071454393 77.64885231982146 143.1 146.80119169922008 11.905015828719113 7.680914 112.870285 -999.0 -999.0 -999.0 -999.0 -999.0 280.55209520160895 -10.520141606475056 280.5723369717021 -10.484538235961558 40.251454549777755 145.93941842385908 -999.0 6231.0 -999.0 -1 -999 {-999.0 -999.0 -999.0 -999.0 -999.0} "" -999.0 -999.0 -999.0 -999.0 -999 -999 "" "" "" "" 0 0 0.0 0.0 -999 ""
FIBERMAP 760 R+10C10 APOGEE 0 0 0 1 0 0 37.274598974771806 204.71976895404995 143.1 126.63686616292628 165.07166846660698 74.81596 71.38697 -999.0 -999.0 -999.0 -999.0 -999.0 280.45785759727033 -9.824909550471881 280.4765104194564 -9.790056971215362 40.90584917466557 145.60901908307082 -999.0 16600.0 -999.0 2 -999 {-999.0 -999.0 -999.0 -999.0 -999.0} "" -999.0 -999.0 -999.0 -999.0 -999 -999 "" "" "" "" 0 0 0.0 0.0 -999 ""
FIBERMAP 760 R+10C10 BOSS 1 1 0 1 0 0 37.91027708795153 204.2975230833553 143.1 127.009472063303 164.40581983017867 74.81596 71.38697 280.4597376420783 -9.828086130776937 -0.06039048 -5.010486 0.018537777 280.45972304346293 -9.828092764864397 280.4782676761077 -9.793027380606487 40.902411929627604 145.60890588023716 5400.0 5400.0 2016.0 1 122 {-999.0 17.119383 15.958017 15.336384 -999.0} sdss_psfmag_ps1 16.645569 15.833845 14.875976 13.166 63050395539866861 1093370697 bright_3x1 mwm_astar_core_boss mwm_ob science 0 0 0.0 0.0 -999 ""
FIBERMAP 760 R+10C10 METROLOGY 0 0 0 1 0 0 37.230654930699636 203.97496636174623 143.1 126.25767646236301 164.42925364141547 74.81596 71.38697 -999.0 -999.0 -999.0 -999.0 -999.0 280.45623352725016 -9.827918012839957 280.47481200695074 -9.792920320218764 40.904146967240585 145.6127852797722 -999.0 6231.0 -999.0 -1 -999 {-999.0 -999.0 -999.0 -999.0 -999.0} "" -999.0 -999.0 -999.0 -999.0 -999 -999 "" "" "" "" 0 0 0.0 0.0 -999 ""
FIBERMAP 761 R+4C9 APOGEE 1 1 0 1 0 0 -67.2197521779518 98.17679883375922 143.1 -14.959169468614629 118.02040334828733 147.28853 45.348755 279.80505995969844 -10.035703434391175 -2.896081 -7.909998 0.083173014 279.8049998227643 -10.035706100612806 279.82447621710025 -10.002456126357849 41.02533636318427 146.49089281754277 16000.0 16600.0 2016.0 2 118 {-999.0 20.805813 17.407244 15.279972 -999.0} sdss_psfmag_ps1 18.728935 15.702535 14.218081 9.784 63050395539702635 1153919462 bright_1x1 mwm_galactic_core_dist_apogee_sparse mwm_galactic science 0 0 0.0 0.0 -999 ""
FIBERMAP 761 R+4C9 BOSS 0 0 0 1 0 0 -66.49199422999494 98.3481091431999 143.1 -14.233622777407502 117.84045958669797 147.28853 45.348755 -999.0 -999.0 -999.0 -999.0 -999.0 279.8084558587539 -10.036685356990562 279.82782083978515 -10.003219045630109 41.02311080763832 146.48751917969986 -999.0 5400.0 -999.0 1 64 {-999.0 -999.0 -999.0 -999.0 -999.0} "" -999.0 -999.0 -999.0 -999.0 -999 -999 "" "" "" "" 0 0 0.0 0.0 -999 ""
FIBERMAP 761 R+4C9 METROLOGY 0 0 0 1 0 0 -66.6684272123229 97.62428751530777 143.1 -14.721077069242456 117.27720579027961 147.28853 45.348755 -999.0 -999.0 -999.0 -999.0 -999.0 279.80616467630716 -10.0391882288961 279.8255687327578 -10.005785250770387 41.02189315325775 146.49171520214716 -999.0 6231.0 -999.0 -1 -999 {-999.0 -999.0 -999.0 -999.0 -999.0} "" -999.0 -999.0 -999.0 -999.0 -999 -999 "" "" "" "" 0 0 0.0 0.0 -999 ""
FIBERMAP 762 R+2C22 APOGEE 0 0 0 1 0 0 210.6710377923351 45.868341299924246 143.1 208.331106758057 -55.40108797849997 27.478071 128.41783 -999.0 -999.0 -999.0 -999.0 -999.0 280.8343623253006 -10.825501434533546 280.8553068296527 -10.789153321193192 39.85073638897232 145.8116927547548 -999.0 16600.0 -999.0 2 -999 {-999.0 -999.0 -999.0 -999.0 -999.0} "" -999.0 -999.0 -999.0 -999.0 -999 -999 "" "" "" "" 0 0 0.0 0.0 -999 ""
FIBERMAP 762 R+2C22 BOSS 1 1 0 1 0 0 211.3411053617746 45.581012817145904 143.1 208.7959090822788 -55.962634767610105 27.478071 128.41783 280.8366394042969 -10.828284825834345 -999.0 -999.0 -999.0 280.83664650792787 -10.828267208021064 280.85747705245115 -10.791697408351574 39.84748050533535 145.81085225613396 5400.0 5400.0 2015.5 1 224 {-999.0 -999.0 -999.0 -999.0 -999.0} "" -999.0 -999.0 -999.0 -999.0 27021603147977534 852648165 "" ops_sky_boss_fallback ops_sky sky_boss 0 0 0.0 0.0 -999 ""
FIBERMAP 762 R+2C22 METROLOGY 0 0 0 1 0 0 210.7480757895205 45.12623138387308 143.1 208.0607567891669 -56.09635233898473 27.478071 128.41783 -999.0 -999.0 -999.0 -999.0 -999.0 280.8332389273818 -10.828820075682613 280.8541064232322 -10.792319634631506 39.84852756890349 145.8150230708295 -999.0 6231.0 -999.0 -1 -999 {-999.0 -999.0 -999.0 -999.0 -999.0} "" -999.0 -999.0 -999.0 -999.0 -999 -999 "" "" "" "" 0 0 0.0 0.0 -999 ""
FIBERMAP 765 R+2C19 APOGEE 1 1 0 1 0 0 119.4542555413758 24.69957926475102 143.1 117.5299239153818 -32.577366927105 277.8153 49.87518 280.4167723429292 -10.722256195726771 -4.0089993 -3.5880044 0.13159633 280.41678166216025 -10.722317916423494 280.4376724055337 -10.687116517305189 40.13664138266007 146.21829336976555 16000.0 16600.0 2016.0 2 72 {-999.0 -999.0 -999.0 -999.0 -999.0} "" -999.0 15.312774 -999.0 10.785 63050395432063665 1151521236 bright_1x1 mwm_galactic_core_dist_apogee_sparse mwm_galactic science 0 0 0.0 0.0 -999 ""
FIBERMAP 765 R+2C19 BOSS 0 0 0 1 0 0 118.82161849028354 25.09491214597119 143.1 117.1477335507924 -31.9368453010331 277.8153 49.87518 -999.0 -999.0 -999.0 -999.0 -999.0 280.41519008768506 -10.719630341104288 280.43595781400165 -10.684221736110663 40.139989154248056 146.2184301476389 -999.0 5400.0 -999.0 1 221 {-999.0 -999.0 -999.0 -999.0 -999.0} "" -999.0 -999.0 -999.0 -999.0 -999 -999 "" "" "" "" 0 0 0.0 0.0 -999 ""
FIBERMAP 765 R+2C19 METROLOGY 0 0 0 1 0 0 119.4826559110023 25.448439879110982 143.1 117.89714098326331 -31.924244823269756 277.8153 49.87518 -999.0 -999.0 -999.0 -999.0 -999.0 280.4186091328671 -10.719510582167265 280.4394081055597 -10.684153375225444 40.13843599983312 146.2144868356398 -999.0 6231.0 -999.0 -1 -999 {-999.0 -999.0 -999.0 -999.0 -999.0} "" -999.0 -999.0 -999.0 -999.0 -999 -999 "" "" "" "" 0 0 0.0 0.0 -999 ""
FIBERMAP 766 R+7C3 APOGEE 1 1 0 1 0 0 -158.44605210517605 155.32849365848816 143.1 -70.00498109178335 210.5123395109878 140.39723 16.595833 279.55347434285045 -9.617176967333906 -3.2812243 -7.7352505 0.111017235 279.55318722908265 -9.617268151898001 279.5717405474359 -9.58488641567657 41.510989326877 146.52159418785507 16000.0 16600.0 2016.0 2 123 {-999.0 20.173697 16.852365 14.805875 -999.0} sdss_psfmag_ps1 18.290186 15.329372 13.852423 9.403 63050395540325461 1153921434 bright_1x1 mwm_galactic_core_dist_apogee_sparse mwm_galactic science 0 0 0.0 0.0 -999 ""
FIBERMAP 766 R+7C3 BOSS 0 0 0 1 0 0 -157.74860892559542 155.0464295336617 143.1 -69.51342503498292 209.94297456888597 140.39723 16.595833 -999.0 -999.0 -999.0 -999.0 -999.0 279.55552552587426 -9.619992663208869 279.57397456035505 -9.587400022184955 41.50773495987275 146.52057743418123 -999.0 5400.0 -999.0 1 26 {-999.0 -999.0 -999.0 -999.0 -999.0} "" -999.0 -999.0 -999.0 -999.0 -999 -999 "" "" "" "" 0 0 0.0 0.0 -999 ""
FIBERMAP 766 R+7C3 METROLOGY 0 0 0 1 0 0 -158.34045254702374 154.58902016911182 143.1 -70.2487224623691 209.80637797942043 140.39723 16.595833 -999.0 -999.0 -999.0 -999.0 -999.0 279.55211437264956 -9.62055501129043 279.5705975198422 -9.58802867128553 41.508746599270566 146.52489621459387 -999.0 6231.0 -999.0 -1 -999 {-999.0 -999.0 -999.0 -999.0 -999.0} "" -999.0 -999.0 -999.0 -999.0 -999 -999 "" "" "" "" 0 0 0.0 0.0 -999 ""
FIBERMAP 776 R+1C5 APOGEE 1 1 0 1 0 0 -176.21394685689168 7.567004862446225 143.1 -153.28204999052718 87.19604007893815 1.1032546 70.78037 279.1661984553333 -10.174225661272736 0.91915005 -5.5256853 1.1898476 279.1662275715173 -10.174219205130365 279.1863397217815 -10.142572541611909 41.19440362755361 147.3152866898139 16000.0 16600.0 2016.0 2 110 {-999.0 15.644294 14.119171 13.251899 -999.0} sdss_psfmag_from_g3xp 14.996242 13.857618 12.805439 10.639 63050395540257947 1034835993 bright_1x1 mwm_yso_cluster_apogee_single mwm_yso science 0 0 0.0 0.0 -999 ""
FIBERMAP 776 R+1C5 BOSS 0 0 0 1 0 0 -176.48108552078534 6.863101983966045 143.1 -153.8410888726222 86.6919228164412 1.1032546 70.78037 -999.0 -999.0 -999.0 -999.0 -999.0 279.16370179233644 -10.176680476039035 279.1837119961287 -10.14483237801701 41.19359171813774 147.31972190625206 -999.0 5400.0 -999.0 1 63 {-999.0 -999.0 -999.0 -999.0 -999.0} "" -999.0 -999.0 -999.0 -999.0 -999 -999 "" "" "" "" 0 0 0.0 0.0 -999 ""
FIBERMAP 776 R+1C5 METROLOGY 0 0 0 1 0 0 -176.95509180665897 7.447102128318749 143.1 -153.99602956586034 87.4278224189173 1.1032546 70.78037 -999.0 -999.0 -999.0 -999.0 -999.0 279.16299370091883 -10.17328665864088 279.1830267353084 -10.141500750221038 41.19685890744934 147.3184750666058 -999.0 6231.0 -999.0 -1 -999 {-999.0 -999.0 -999.0 -999.0 -999.0} "" -999.0 -999.0 -999.0 -999.0 -999 -999 "" "" "" "" 0 0 0.0 0.0 -999 ""
FIBERMAP 779 R+1C20 APOGEE 1 1 0 1 0 0 142.65310028053906 4.238281355227249 143.1 128.8213130975119 -61.370519673268866 274.1387 99.91381 280.4686991178878 -10.85327027194644 -1.2591757 -2.4280968 0.12136722 280.4686994288674 -10.853262303386995 280.48988948223877 -10.817857330970083 39.99723865775368 146.24061279191145 16000.0 16600.0 2016.0 2 85 {-999.0 17.345196 14.984898 13.178744 -999.0} sdss_psfmag_from_g3xp 16.126686 13.879576 12.526465 8.965 63050395432044835 1152174598 bright_1x1 mwm_galactic_core_dist_apogee_sparse mwm_galactic science 0 0 0.0 0.0 -999 ""
FIBERMAP 779 R+1C20 BOSS 0 0 0 1 0 0 141.94191436023678 4.043918690141256 143.1 128.09998025909485 -61.218647703734916 274.1387 99.91381 -999.0 -999.0 -999.0 -999.0 -999.0 280.4655404272253 -10.85281331677554 280.4866131563247 -10.817203018952805 39.99934509639133 146.24390151782728 -999.0 5400.0 -999.0 1 233 {-999.0 -999.0 -999.0 -999.0 -999.0} "" -999.0 -999.0 -999.0 -999.0 -999 -999 "" "" "" "" 0 0 0.0 0.0 -999 ""
FIBERMAP 779 R+1C20 METROLOGY 0 0 0 1 0 0 142.12606654837637 4.769299707876932 143.1 128.5950126413852 -60.65753173049554 274.1387 99.91381 -999.0 -999.0 -999.0 -999.0 -999.0 280.4677879666139 -10.850195313037185 280.48888649170095 -10.814641091994352 40.00053630141336 146.2397465993968 -999.0 6231.0 -999.0 -1 -999 {-999.0 -999.0 -999.0 -999.0 -999.0} "" -999.0 -999.0 -999.0 -999.0 -999 -999 "" "" "" "" 0 0 0.0 0.0 -999 ""
FIBERMAP 781 R+8C12 APOGEE 0 0 0 1 0 0 41.53705734597476 147.0843231501658 143.1 104.10986090652807 111.86015540836969 196.96095 157.89056 -999.0 -999.0 -999.0 -999.0 -999.0 280.354845939906 -10.065283920904346 280.37414058983063 -10.030579817727617 40.74336566110016 145.8786173557512 -999.0 16600.0 -999.0 2 -999 {-999.0 -999.0 -999.0 -999.0 -999.0} "" -999.0 -999.0 -999.0 -999.0 -999 -999 "" "" "" "" 0 0 0.0 0.0 -999 ""
FIBERMAP 781 R+8C12 BOSS 1 1 0 1 0 0 40.78888676656521 147.15163080278967 143.1 103.47511898440449 112.26166432893581 196.96095 157.89056 280.35204425560477 -10.063588358389588 0.072276734 -3.916787 0.5026558 280.3520726940569 -10.063618670956377 280.37124935046046 -10.028714813883859 40.74636652508648 145.88073695303837 5400.0 5400.0 2016.0 1 139 {-999.0 18.86771 17.379662 16.80709 -999.0} sdss_psfmag_ps1 18.160408 17.257599 16.315699 14.392 63050395539562466 980278136 "" ops_std_boss_red ops_std standard_boss 0 0 0.0 0.0 -999 ""
FIBERMAP 781 R+8C12 METROLOGY 0 0 0 1 0 0 41.21336529276113 147.75654739489232 143.1 104.12890672843066 112.60588920357223 196.96095 157.89056 -999.0 -999.0 -999.0 -999.0 -999.0 280.3550434477303 -10.062016359640843 280.3742473850251 -10.027164445959485 40.74631330455253 145.87633606764808 -999.0 6231.0 -999.0 -1 -999 {-999.0 -999.0 -999.0 -999.0 -999.0} "" -999.0 -999.0 -999.0 -999.0 -999 -999 "" "" "" "" 0 0 0.0 0.0 -999 ""
FIBERMAP 784 R0C21 APOGEE 1 1 0 1 0 0 165.51174045872506 1.0469962247163862 143.1 147.6961865775181 -74.64712697005027 326.48352 151.05022 280.55562408390705 -10.913509008012205 -1.7244908 -0.5077685 0.36315322 280.5556301764984 -10.913475888202985 280.57692736780564 -10.877812046075395 39.90381341260074 146.1797968446274 16000.0 16600.0 2016.0 2 73 {-999.0 15.054439 13.206239 12.31732 -999.0} sdss_psfmag_from_g3xp 14.184604 12.948187 11.85342 9.21 63050395431847359 1152174418 bright_1x1 mwm_galactic_core_dist_apogee_sparse mwm_galactic science 0 0 0.0 0.0 -999 ""
FIBERMAP 784 R0C21 BOSS 0 0 0 1 0 0 165.8596357258564 0.39507606134632695 143.1 147.70794038926562 -75.38585287625027 326.48352 151.05022 -999.0 -999.0 -999.0 -999.0 -999.0 280.55584570890204 -10.917070950872848 280.57703330923306 -10.881190217847925 39.90079397278852 146.18177628033897 -999.0 5400.0 -999.0 1 243 {-999.0 -999.0 -999.0 -999.0 -999.0} "" -999.0 -999.0 -999.0 -999.0 -999 -999 "" "" "" "" 0 0 0.0 0.0 -999 ""
FIBERMAP 784 R0C21 METROLOGY 0 0 0 1 0 0 165.11556496884498 0.4110974848990126 143.1 147.05342607427397 -75.0318337517457 326.48352 151.05022 -999.0 -999.0 -999.0 -999.0 -999.0 280.55278969637584 -10.91540274131931 280.5740082092082 -10.879591666398367 39.903615037714474 146.18418770323328 -999.0 6231.0 -999.0 -1 -999 {-999.0 -999.0 -999.0 -999.0 -999.0} "" -999.0 -999.0 -999.0 -999.0 -999 -999 "" "" "" "" 0 0 0.0 0.0 -999 ""
FIBERMAP 786 R+11C5 APOGEE 1 1 0 1 0 0 -77.61363590666456 205.50273108163475 143.1 24.804502876133984 218.23004413572008 204.8722 169.22624 279.98931884765625 -9.583428404857841 -999.0 -999.0 -999.0 279.9893446250254 -9.583441035556545 280.0076165215483 -9.549934721984226 41.33818647322064 145.99467773708952 16000.0 16600.0 2015.5 2 22 {-999.0 -999.0 -999.0 -999.0 -999.0} "" -999.0 -999.0 -999.0 -999.0 27021603148708404 848991314 "" ops_sky_apogee_good ops_sky sky_apogee 0 0 0.0 0.0 -999 ""
FIBERMAP 786 R+11C5 BOSS 0 0 0 1 0 0 -78.33321563666304 205.32011020244704 143.1 24.081065684018387 218.3961930020033 204.8722 169.22624 -999.0 -999.0 -999.0 -999.0 -999.0 279.98613475282576 -9.582846715652154 280.00429451149785 -9.549145266120405 41.340442592064434 145.99801151148299 -999.0 5400.0 -999.0 1 144 {-999.0 -999.0 -999.0 -999.0 -999.0} "" -999.0 -999.0 -999.0 -999.0 -999 -999 "" "" "" "" 0 0 0.0 0.0 -999 ""
FIBERMAP 786 R+11C5 METROLOGY 0 0 0 1 0 0 -78.14078439000133 206.04380607448604 143.1 24.582692562730607 218.9520295797366 204.8722 169.22624 -999.0 -999.0 -999.0 -999.0 -999.0 279.98841147602764 -9.580309683849464 280.006595693591 -9.54666131220195 41.34154375592362 145.99377707019124 -999.0 6231.0 -999.0 -1 -999 {-999.0 -999.0 -999.0 -999.0 -999.0} "" -999.0 -999.0 -999.0 -999.0 -999 -999 "" "" "" "" 0 0 0.0 0.0 -999 ""
FIBERMAP 787 R+9C16 APOGEE 1 1 0 1 0 0 143.94651066494853 187.0217947504557 143.1 213.43705722722729 100.61971793502518 91.87904 120.883675 280.85648771893625 -10.118090538528813 -3.151411 -3.4395306 0.109027386 280.8564793752524 -10.11809881422504 280.87566785541975 -10.082055585459699 40.46007331400521 145.3415804226052 16000.0 16600.0 2016.0 2 88 {-999.0 16.959862 14.948017 13.968971 -999.0} sdss_psfmag_ps1 15.912467 14.449119 13.279951 10.279 63050395432681429 1153727821 bright_1x1 mwm_galactic_core_dist_apogee_sparse mwm_galactic science 0 0 0.0 0.0 -999 ""
FIBERMAP 787 R+9C16 BOSS 0 0 0 1 0 0 144.5632502389721 187.44376713635046 143.1 214.17831715883477 100.71342596174983 91.87904 120.883675 -999.0 -999.0 -999.0 -999.0 -999.0 280.8600021472415 -10.11788529686935 280.8790704189467 -10.081623886228611 40.458823495503445 145.33745618587477 -999.0 5400.0 -999.0 1 227 {-999.0 -999.0 -999.0 -999.0 -999.0} "" -999.0 -999.0 -999.0 -999.0 -999 -999 "" "" "" "" 0 0 0.0 0.0 -999 ""
FIBERMAP 787 R+9C16 METROLOGY 0 0 0 1 0 0 144.6291545344563 186.7059589803431 143.1 213.90002840463708 100.02707193156996 91.87904 120.883675 -999.0 -999.0 -999.0 -999.0 -999.0 280.85871091508614 -10.120927512555683 280.87782073988643 -10.084727170898057 40.45670850721083 145.34085070042133 -999.0 6231.0 -999.0 -1 -999 {-999.0 -999.0 -999.0 -999.0 -999.0} "" -999.0 -999.0 -999.0 -999.0 -999 -999 "" "" "" "" 0 0 0.0 0.0 -999 ""
FIBERMAP 789 R+2C9 APOGEE 1 1 0 1 0 0 -106.24508314472486 37.33500606432901 143.1 -77.45358913620171 81.7236397304831 209.37724 88.68708 279.5155334472656 -10.199918091116302 -999.0 -999.0 -999.0 279.51552779145385 -10.199916217864505 279.5355446884817 -10.167341573143373 41.0130505307355 146.92637888891682 16000.0 16600.0 2015.5 2 109 {-999.0 -999.0 -999.0 -999.0 -999.0} "" -999.0 -999.0 -999.0 -999.0 27021603148706249 848990876 "" ops_sky_apogee_good ops_sky sky_apogee 0 0 0.0 0.0 -999 ""
FIBERMAP 789 R+2C9 BOSS 0 0 0 1 0 0 -106.62231032509581 37.98522200322327 143.1 -77.49221107732888 82.47424374527104 209.37724 88.68708 -999.0 -999.0 -999.0 -999.0 -999.0 279.51544020128244 -10.196672755406642 279.5353379841591 -10.163892481158562 41.0161967027973 146.9244863278481 -999.0 5400.0 -999.0 1 53 {-999.0 -999.0 -999.0 -999.0 -999.0} "" -999.0 -999.0 -999.0 -999.0 -999 -999 "" "" "" "" 0 0 0.0 0.0 -999 ""
FIBERMAP 789 R+2C9 METROLOGY 0 0 0 1 0 0 -105.87530992195141 37.986381828252036 143.1 -76.82724536956245 82.13416908569734 209.37724 88.68708 -999.0 -999.0 -999.0 -999.0 -999.0 279.51848018707426 -10.198175079531541 279.53841177937653 -10.165444875717146 41.0134127318739 146.9218982730233 -999.0 6231.0 -999.0 -1 -999 {-999.0 -999.0 -999.0 -999.0 -999.0} "" -999.0 -999.0 -999.0 -999.0 -999 -999 "" "" "" "" 0 0 0.0 0.0 -999 ""
FIBERMAP 790 R+6C16 APOGEE 0 0 0 1 0 0 121.40976919424295 120.1116747098679 143.1 162.8377708264555 51.396084089058924 358.12952 139.08575 -999.0 -999.0 -999.0 -999.0 -999.0 280.6255989125748 -10.340574828374399 280.6454460537551 -10.305022455674658 40.37441851495967 145.7436812441519 -999.0 16600.0 -999.0 2 -999 {-999.0 -999.0 -999.0 -999.0 -999.0} "" -999.0 -999.0 -999.0 -999.0 -999 -999 "" "" "" "" 0 0 0.0 0.0 -999 ""
FIBERMAP 790 R+6C16 BOSS 1 1 0 1 0 0 121.97974116754774 119.59413027643451 143.1 163.1084163131825 50.67547373274544 358.12952 139.08575 280.6270132124392 -10.344075076819797 -2.079228 -8.742848 0.42933947 280.62701949156053 -10.344044678996672 280.64675720481773 -10.308276477015859 40.3709452036955 145.74425165880757 5400.0 5400.0 2016.0 1 215 {-999.0 17.722328 16.493456 15.953185 -999.0} sdss_psfmag_ps1 17.190247 16.394142 15.448358 13.615 63050395432238587 980270055 "" ops_std_boss_red ops_std standard_boss 0 0 0.0 0.0 -999 ""
FIBERMAP 790 R+6C16 METROLOGY 0 0 0 1 0 0 121.25221197434706 119.38240267353956 143.1 162.36461715501957 50.81936297808251 358.12952 139.08575 -999.0 -999.0 -999.0 -999.0 -999.0 280.62355696096563 -10.343327897885713 280.64332781324487 -10.307628739499169 40.37313619970979 145.7477252449257 -999.0 6231.0 -999.0 -1 -999 {-999.0 -999.0 -999.0 -999.0 -999.0} "" -999.0 -999.0 -999.0 -999.0 -999 -999 "" "" "" "" 0 0 0.0 0.0 -999 ""
FIBERMAP 791 R+7C20 APOGEE 1 1 0 1 0 0 224.31238178932404 150.34742317018245 143.1 268.1734753502486 31.30103996846942 93.13777 67.88103 281.10656434844316 -10.432279501367201 -3.6614034 -6.496307 0.19857977 281.1065751702842 -10.432333964202922 281.1264178860178 -10.395476203612958 40.06620089572863 145.25884527214956 16000.0 16600.0 2016.0 2 76 {-999.0 21.327974 19.257679 16.280634 -999.0} sdss_psfmag_ps1 18.324463 15.03294 13.448429 8.203 63050395432367036 1153727512 bright_1x1 mwm_galactic_core_dist_apogee_sparse mwm_galactic science 0 0 0.0 0.0 -999 ""
FIBERMAP 791 R+7C20 BOSS 0 0 0 1 0 0 225.03511152530973 150.17415903143822 143.1 268.7372049430544 30.816902870619693 93.13777 67.88103 -999.0 -999.0 -999.0 -999.0 -999.0 281.10925637760295 -10.434737001826393 281.12898356714567 -10.397659178014228 40.06306504629533 145.25735536854097 -999.0 5400.0 -999.0 1 250 {-999.0 -999.0 -999.0 -999.0 -999.0} "" -999.0 -999.0 -999.0 -999.0 -999 -999 "" "" "" "" 0 0 0.0 0.0 -999 ""
FIBERMAP 791 R+7C20 METROLOGY 0 0 0 1 0 0 224.5280292788964 149.62997683047504 143.1 268.037676915736 30.56441927197078 93.13777 67.88103 -999.0 -999.0 -999.0 -999.0 -999.0 281.10605871054827 -10.435817084292372 281.12582416647865 -10.398807095855632 40.06357651029139 145.2616319817086 -999.0 6231.0 -999.0 -1 -999 {-999.0 -999.0 -999.0 -999.0 -999.0} "" -999.0 -999.0 -999.0 -999.0 -999 -999 "" "" "" "" 0 0 0.0 0.0 -999 ""
FIBERMAP 792 R-7C14 APOGEE 1 1 0 1 0 0 56.79581230136043 -136.43969754657846 143.1 -11.784801852133732 -147.29425554362854 247.88937 32.704517 279.8165144853861 -11.242754590961704 -1.728972 -9.05234 0.12238708 279.816495579623 -11.242888247717607 279.83896578654185 -11.208990082659769 39.95226834246321 147.21643539140462 16000.0 16600.0 2016.0 2 184 {-999.0 18.067091 15.883524 14.844352 -999.0} sdss_psfmag_ps1 16.922459 15.322558 14.117511 10.923 63050395430581802 1153725098 bright_1x1 mwm_galactic_core_dist_apogee_sparse mwm_galactic science 0 0 0.0 0.0 -999 ""
FIBERMAP 792 R-7C14 BOSS 0 0 0 1 0 0 56.635801901195975 -135.71631660023945 143.1 -11.596805826131753 -146.57776200415785 247.88937 32.704517 -999.0 -999.0 -999.0 -999.0 -999.0 279.81748476302386 -11.239918846284429 279.8398318851988 -11.20580397556292 39.954696049908385 147.21352444121828 -999.0 5400.0 -999.0 1 326 {-999.0 -999.0 -999.0 -999.0 -999.0} "" -999.0 -999.0 -999.0 -999.0 -999 -999 "" "" "" "" 0 0 0.0 0.0 -999 ""
FIBERMAP 792 R-7C14 METROLOGY 0 0 0 1 0 0 57.354219648244126 -135.94880618994617 143.1 -11.06395602258783 -147.1126094904292 247.88937 32.704517 -999.0 -999.0 -999.0 -999.0 -999.0 279.8199182164905 -11.242277089537602 279.8423026853396 -11.208215709412421 39.95143482258454 147.21218446803508 -999.0 6231.0 -999.0 -1 -999 {-999.0 -999.0 -999.0 -999.0 -999.0} "" -999.0 -999.0 -999.0 -999.0 -999 -999 "" "" "" "" 0 0 0.0 0.0 -999 ""
FIBERMAP 793 R+7C1 APOGEE 1 1 0 1 0 0 -202.97474650421395 129.2190520751999 143.1 -121.53449338886702 207.62206330011452 318.32913 126.44054 279.3166140279842 -9.6303608445551 8.94585 10.532531 2.6482325 279.3166434034226 -9.630315528250772 279.33533533388925 -9.598546533085477 41.60816792367059 146.805340169552 16000.0 16600.0 2016.0 2 97 {-999.0 17.916319 16.139643 15.31623 -999.0} sdss_psfmag_ps1 17.17737 15.900529 14.790806 12.261 63050395540337884 1034744945 bright_1x1 mwm_yso_variable_apogee_single mwm_yso science 0 0 0.0 0.0 -999 ""
FIBERMAP 793 R+7C1 BOSS 0 0 0 1 0 0 -203.0374071314916 128.48123476498296 143.1 -121.92714124779093 206.99440833016712 318.32913 126.44054 -999.0 -999.0 -999.0 -999.0 -999.0 279.3149106953653 -9.63331350598367 279.33350206715494 -9.60134439664062 41.60653765957684 146.80922504007958 -999.0 5400.0 -999.0 1 82 {-999.0 -999.0 -999.0 -999.0 -999.0} "" -999.0 -999.0 -999.0 -999.0 -999 -999 "" "" "" "" 0 0 0.0 0.0 -999 ""
FIBERMAP 793 R+7C1 METROLOGY 0 0 0 1 0 0 -203.656316300649 128.90194331081017 143.1 -122.28553363450109 207.6512322774401 318.32913 126.44054 -999.0 -999.0 -999.0 -999.0 -999.0 279.3132709688171 -9.630315368771384 279.3318864665144 -9.598409630205325 41.609876662178635 146.80927665669492 -999.0 6231.0 -999.0 -1 -999 {-999.0 -999.0 -999.0 -999.0 -999.0} "" -999.0 -999.0 -999.0 -999.0 -999 -999 "" "" "" "" 0 0 0.0 0.0 -999 ""
FIBERMAP 795 R+5C3 APOGEE 1 1 0 1 0 0 -173.3369036201767 110.26835162233107 143.1 -103.82600317623341 177.23227512435008 109.594315 26.162678 279.3967135293857 -9.767054663712731 -2.74284 -2.493871 0.18303053 279.3966845351166 -9.76701992124407 279.41568001625535 -9.734973452136009 41.45054283836393 146.79690378664898 16000.0 16600.0 2016.0 2 130 {-999.0 19.818176 16.451784 14.425549 -999.0} sdss_psfmag_ps1 17.849493 14.867977 13.398832 8.869 63050395540309340 1153921609 bright_1x1 mwm_galactic_core_dist_apogee_sparse mwm_galactic science 0 0 0.0 0.0 -999 ""
FIBERMAP 795 R+5C3 BOSS 0 0 0 1 0 0 -172.80320768352115 109.7710088120499 143.1 -103.5783994538372 176.54619844667724 109.594315 26.162678 -999.0 -999.0 -999.0 -999.0 -999.0 279.39788243856697 -9.770277087856025 279.41677595710684 -9.738021600399742 41.44734316445141 146.7975295958337 -999.0 5400.0 -999.0 1 28 {-999.0 -999.0 -999.0 -999.0 -999.0} "" -999.0 -999.0 -999.0 -999.0 -999 -999 "" "" "" "" 0 0 0.0 0.0 -999 ""
FIBERMAP 795 R+5C3 METROLOGY 0 0 0 1 0 0 -173.51310780451072 109.54410397658923 143.1 -104.3134484931389 176.66853791979878 109.594315 26.162678 -999.0 -999.0 -999.0 -999.0 -999.0 279.3944833442319 -9.769674808542435 279.41340794673664 -9.737486412696803 41.449367139386155 146.80111165927119 -999.0 6231.0 -999.0 -1 -999 {-999.0 -999.0 -999.0 -999.0 -999.0} "" -999.0 -999.0 -999.0 -999.0 -999 -999 "" "" "" "" 0 0 0.0 0.0 -999 ""
FIBERMAP 796 R-1C17 APOGEE 0 0 0 1 0 0 58.01996460626346 -24.221412472476903 143.1 40.54680853252945 -48.038201120289564 251.78285 42.684055 -999.0 -999.0 -999.0 -999.0 -999.0 280.0602861202815 -10.792383659480503 280.08152042611664 -10.758079962284219 40.23966904448899 146.66580794990497 -999.0 16600.0 -999.0 2 -999 {-999.0 -999.0 -999.0 -999.0 -999.0} "" -999.0 -999.0 -999.0 -999.0 -999 -999 "" "" "" "" 0 0 0.0 0.0 -999 ""
FIBERMAP 796 R-1C17 BOSS 1 1 0 1 0 0 57.69679772015485 -23.553785969338026 143.1 40.56422198770323 -47.2967966979227 251.78285 42.684055 280.0605135345497 -10.789218363605924 -0.6666566 -4.1410584 -0.2831566 280.0605116335289 -10.78924617502097 280.0816226493578 -10.754730810257744 40.242577348637845 146.66362812326804 5400.0 5400.0 2016.0 1 280 {-999.0 16.05796 15.260324 14.789308 -999.0} sdss_psfmag_ps1 15.785617 15.303561 14.407067 13.078 63050395432080520 1093604466 bright_1x1 mwm_astar_core_boss_single mwm_ob science 0 0 0.0 0.0 -999 ""
FIBERMAP 796 R-1C17 METROLOGY 0 0 0 1 0 0 58.438153929886425 -23.603529255258998 143.1 41.20092321645018 -47.679570925076696 251.78285 42.684055 -999.0 -999.0 -999.0 -999.0 -999.0 280.06342296259834 -10.790929284869824 280.0845694622569 -10.756465688406234 40.23968459689923 146.66135035140186 -999.0 6231.0 -999.0 -1 -999 {-999.0 -999.0 -999.0 -999.0 -999.0} "" -999.0 -999.0 -999.0 -999.0 -999 -999 "" "" "" "" 0 0 0.0 0.0 -999 ""
FIBERMAP 800 R+11C7 APOGEE 1 1 0 1 0 0 -17.945307367112648 221.0021267925568 143.1 84.95538392312245 204.76969748587857 58.992195 80.364624 280.2658971156739 -9.645111583940452 -0.37597853 -2.0573888 -0.11067395 280.26589007144383 -9.645098995261502 280.284187730968 -9.61083852874241 41.15417646186771 145.71499125701695 16000.0 16600.0 2016.0 2 16 {-999.0 21.762838 18.31372 15.368433 -999.0} sdss_psfmag_ps1 19.957867 15.548273 13.924588 8.829 63050395540089760 1153920448 bright_1x1 mwm_galactic_core_dist_apogee_sparse mwm_galactic science 0 0 0.0 0.0 -999 ""
FIBERMAP 800 R+11C7 BOSS 0 0 0 1 0 0 -17.383005320726497 220.51172342133813 143.1 85.23160077340394 204.07673070450446 58.992195 80.364624 -999.0 -999.0 -999.0 -999.0 -999.0 280.26729573933056 -9.648388256497464 280.2854871306691 -9.613917736977958 41.150860384169825 145.71546364130216 -999.0 5400.0 -999.0 1 112 {-999.0 -999.0 -999.0 -999.0 -999.0} "" -999.0 -999.0 -999.0 -999.0 -999 -999 "" "" "" "" 0 0 0.0 0.0 -999 ""
FIBERMAP 800 R+11C7 METROLOGY 0 0 0 1 0 0 -18.08471062653186 220.26541696288305 143.1 84.49498134043648 204.17807093652465 58.992195 80.364624 -999.0 -999.0 -999.0 -999.0 -999.0 280.26387580342663 -9.647865113447402 280.28209972481534 -9.613461827132962 41.15286468333858 145.71906298340627 -999.0 6231.0 -999.0 -1 -999 {-999.0 -999.0 -999.0 -999.0 -999.0} "" -999.0 -999.0 -999.0 -999.0 -999 -999 "" "" "" "" 0 0 0.0 0.0 -999 ""
FIBERMAP 804 R-6C16 APOGEE 0 0 0 1 0 0 127.637816520289 -105.78745334895892 143.1 65.22406922834958 -152.37885256780604 78.0435 64.57672 -999.0 -999.0 -999.0 -999.0 -999.0 280.1733518988317 -11.266427144331207 280.1957091547332 -11.231581150765942 39.76900216829047 146.82697671413214 -999.0 16600.0 -999.0 2 -999 {-999.0 -999.0 -999.0 -999.0 -999.0} "" -999.0 -999.0 -999.0 -999.0 -999 -999 "" "" "" "" 0 0 0.0 0.0 -999 ""
FIBERMAP 804 R-6C16 BOSS 1 1 0 1 0 0 128.24315603588937 -106.25241459448189 143.1 65.55018446800516 -153.06884168676106 78.0435 64.57672 280.175003627679 -11.26981469207756 -3.3008971 -5.3473554 0.18375938 280.17499058161627 -11.269818012346034 280.1972382412011 -11.234749476600586 39.765500522185675 146.82718706529383 5400.0 5400.0 2016.0 1 305 {-999.0 18.388363 16.404585 15.170846 -999.0} sdss_psfmag_ps1 17.244299 15.700874 14.446404 11.393 63050395430425573 1114390197 bright_1x1 openfibertargets_mwm_vmr_boss open_fiber science 0 0 0.0 0.0 -999 ""
FIBERMAP 804 R-6C16 METROLOGY 0 0 0 1 0 0 127.55414008841578 -106.52884409293998 143.1 64.81109664170158 -153.00008946248988 78.0435 64.57672 -999.0 -999.0 -999.0 -999.0 -999.0 280.1715317497374 -11.269436518773709 280.1938133690367 -11.23443860163374 39.767350788267365 146.8308570117956 -999.0 6231.0 -999.0 -1 -999 {-999.0 -999.0 -999.0 -999.0 -999.0} "" -999.0 -999.0 -999.0 -999.0 -999 -999 "" "" "" "" 0 0 0.0 0.0 -999 ""
FIBERMAP 805 R0C18 APOGEE 0 0 0 1 0 0 98.85020698682007 -1.5789987771690799 143.1 87.2034854010718 -46.54290836774467 315.02875 148.00198 -999.0 -999.0 -999.0 -999.0 -999.0 280.27644129214394 -10.78582329819563 280.29755643960624 -10.750956730583473 40.14579265544774 146.4164424395571 -999.0 16600.0 -999.0 2 -999 {-999.0 -999.0 -999.0 -999.0 -999.0} "" -999.0 -999.0 -999.0 -999.0 -999 -999 "" "" "" "" 0 0 0.0 0.0 -999 ""
FIBERMAP 805 R0C18 BOSS 1 1 0 1 0 0 99.03173569536456 -2.3109135636068316 143.1 87.03073246478755 -47.27681852664472 315.02875 148.00198 280.27577052680124 -10.789414835295124 0.24558431 -0.88842195 0.2755727 280.2757946889096 -10.789399977174677 280.29680245992694 -10.754320212870006 40.143180684579505 146.41937909692072 5400.0 5400.0 2016.0 1 241 {-999.0 19.073124 17.764088 17.094477 16.63883} sdss_psfmag_from_ps1dr2 18.5382 17.6709 16.733 -999.0 63050395432058228 1039955494 "" ops_std_boss_ps1dr2 ops_std standard_boss 0 0 0.0 0.0 -999 ""
FIBERMAP 805 R0C18 METROLOGY 0 0 0 1 0 0 98.31561030061248 -2.0994489319463314 143.1 86.49032091984618 -46.761718923608285 315.02875 148.00198 -999.0 -999.0 -999.0 -999.0 -999.0 280.27325681561 -10.786988855793762 280.2942928654103 -10.751977373444195 40.146411554345946 146.4207692233764 -999.0 6231.0 -999.0 -1 -999 {-999.0 -999.0 -999.0 -999.0 -999.0} "" -999.0 -999.0 -999.0 -999.0 -999 -999 "" "" "" "" 0 0 0.0 0.0 -999 ""
FIBERMAP 806 R+4C22 APOGEE 0 0 0 1 0 0 221.80163164373042 94.77012044252972 143.1 240.56170892790462 -16.98693012282175 128.38351 81.311775 -999.0 -999.0 -999.0 -999.0 -999.0 280.98162790276524 -10.651031552909124 281.00207020045053 -10.614388185180783 39.93421610132922 145.53714878411307 -999.0 16600.0 -999.0 2 -999 {-999.0 -999.0 -999.0 -999.0 -999.0} "" -999.0 -999.0 -999.0 -999.0 -999 -999 "" "" "" "" 0 0 0.0 0.0 -999 ""
FIBERMAP 806 R+4C22 BOSS 1 1 0 1 0 0 222.4220097838141 95.15407946508846 143.1 241.28884704278147 -16.928695421441347 128.38351 81.311775 280.98511731002276 -10.650962048948614 -2.2602057 -4.3383894 0.12812719 280.98508547397813 -10.650977440479304 281.0054059297448 -10.614111846639899 39.93287057212082 145.53323300351343 5400.0 5400.0 2016.0 1 236 {-999.0 15.663328 14.849927 14.491565 -999.0} sdss_psfmag_ps1 15.3792515 14.963991 13.988643 12.611 63050395431983031 1093366156 bright_3x1 mwm_astar_core_boss mwm_ob science 0 0 0.0 0.0 -999 ""
FIBERMAP 806 R+4C22 METROLOGY 0 0 0 1 0 0 222.45163960834964 94.4038532907902 143.1 240.97262265729628 -17.609530752147293 128.38351 81.311775 -999.0 -999.0 -999.0 -999.0 -999.0 280.9836065160029 -10.654003748611435 281.00396916954634 -10.617200869548125 39.9308514039724 145.53679473082946 -999.0 6231.0 -999.0 -1 -999 {-999.0 -999.0 -999.0 -999.0 -999.0} "" -999.0 -999.0 -999.0 -999.0 -999 -999 "" "" "" "" 0 0 0.0 0.0 -999 ""
FIBERMAP 808 R-9C5 APOGEE 1 1 0 1 0 0 -81.13993576929738 -174.73510939317825 143.1 -151.9618282633951 -118.3707132561898 50.32105 56.722054 279.1682963461361 -11.108028954577879 -1.355297 -3.6833901 -0.15643242 279.1682810484546 -11.108029475911538 279.1907209189307 -11.075901212799769 40.36296283896272 147.87531275895236 16000.0 16600.0 2016.0 2 287 {-999.0 22.377909 18.778524 15.489081 -999.0} sdss_psfmag_ps1 20.14582 15.500215 13.882735 8.667 63050395538809219 1153914608 bright_1x1 mwm_galactic_core_dist_apogee_sparse mwm_galactic science 0 0 0.0 0.0 -999 ""
FIBERMAP 808 R-9C5 BOSS 0 0 0 1 0 0 -80.9184353566066 -175.4577172997193 143.1 -152.0947776359403 -119.1145976705797 50.32105 56.722054 -999.0 -999.0 -999.0 -999.0 -999.0 279.1677342115475 -11.111638664648519 279.19007191940364 -11.07929630623 40.36023080660058 147.8780869240097 -999.0 5400.0 -999.0 1 412 {-999.0 -999.0 -999.0 -999.0 -999.0} "" -999.0 -999.0 -999.0 -999.0 -999 -999 "" "" "" "" 0 0 0.0 0.0 -999 ""
FIBERMAP 808 R-9C5 METROLOGY 0 0 0 1 0 0 -81.65689838586107 -175.2789700167274 143.1 -152.66999776188047 -118.61839910098541 50.32105 56.722054 -999.0 -999.0 -999.0 -999.0 -999.0 279.1650643230309 -11.109302149958557 279.1874290327206 -11.077028567856676 40.363431166988256 147.87976107733732 -999.0 6231.0 -999.0 -1 -999 {-999.0 -999.0 -999.0 -999.0 -999.0} "" -999.0 -999.0 -999.0 -999.0 -999 -999 "" "" "" "" 0 0 0.0 0.0 -999 ""
FIBERMAP 809 R+9C1 APOGEE 1 1 0 1 0 0 -203.21811506445587 179.76659191577136 143.1 -98.66920316630727 252.69382525445602 161.68837 111.23715 279.4233073085365 -9.428478870197294 -3.26485 -5.8752737 0.07291868 279.42328239125237 -9.42850755087692 279.44142576523757 -9.396559202324935 41.73763126969358 146.55492551079837 16000.0 16600.0 2016.0 2 120 {-999.0 24.745956 22.02048 18.436502 -999.0} sdss_psfmag_ps1 21.675272 18.238056 16.544048 10.352 63050395540359350 1153921652 bright_1x1 mwm_galactic_core_dist_apogee_sparse mwm_galactic science 0 0 0.0 0.0 -999 ""
FIBERMAP 809 R+9C1 BOSS 0 0 0 1 0 0 -203.28343767106742 180.5137294516342 143.1 -98.38613689762335 253.38821188934017 161.68837 111.23715 -999.0 -999.0 -999.0 -999.0 -999.0 279.4247147557895 -9.425610321711565 279.4427414191304 -9.39345778902266 41.73975941652475 146.55143738324657 -999.0 5400.0 -999.0 1 78 {-999.0 -999.0 -999.0 -999.0 -999.0} "" -999.0 -999.0 -999.0 -999.0 -999 -999 "" "" "" "" 0 0 0.0 0.0 -999 ""
FIBERMAP 809 R+9C1 METROLOGY 0 0 0 1 0 0 -202.59830130857048 180.197444201775 143.1 -97.92115396503402 252.79402792740225 161.68837 111.23715 -999.0 -999.0 -999.0 -999.0 -999.0 279.42678653004583 -9.428200627671247 279.4448495392711 -9.396098586213771 41.736451088315285 146.55063944186324 -999.0 6231.0 -999.0 -1 -999 {-999.0 -999.0 -999.0 -999.0 -999.0} "" -999.0 -999.0 -999.0 -999.0 -999 -999 "" "" "" "" 0 0 0.0 0.0 -999 ""
FIBERMAP 816 R+4C16 APOGEE 0 0 0 1 0 0 95.86587117986481 96.2936336490299 143.1 129.24104007150038 41.8748284765427 120.886116 57.886105 -999.0 -999.0 -999.0 -999.0 -999.0 280.4710008997173 -10.38357050303387 280.49102769821013 -10.348400820138021 40.40926214286483 145.9460085375119 -999.0 16600.0 -999.0 2 -999 {-999.0 -999.0 -999.0 -999.0 -999.0} "" -999.0 -999.0 -999.0 -999.0 -999 -999 "" "" "" "" 0 0 0.0 0.0 -999 ""
FIBERMAP 816 R+4C16 BOSS 1 1 0 1 0 0 96.5935658482549 96.28756863619 143.1 129.88553475337244 41.537143192594826 120.886116 57.886105 280.4738027192126 -10.385286352616998 -0.030829705 -1.2906722 0.3808365 280.4741436363438 -10.385305272206283 280.4940566271454 -10.349916085577943 40.406505468299784 145.94352538559917 5400.0 5400.0 2016.0 1 211 {-999.0 13.744628 12.944416 12.526528 -999.0} sdss_psfmag_from_g3xp 13.50068 12.89779 12.140572 10.777 63050395432241610 1093200574 bright_3x1 mwm_astar_core_boss mwm_ob science 0 0 1.1799572706222534 0.0 -999 ""
FIBERMAP 816 R+4C16 METROLOGY 0 0 0 1 0 0 96.22915189133734 95.64195189757156 143.1 129.26658767541016 41.12928910362292 120.886116 57.886105 -999.0 -999.0 -999.0 -999.0 -999.0 280.471247870366 -10.38709887068883 280.49119972181467 -10.351775965692658 40.40621774357305 145.9479350283354 -999.0 6231.0 -999.0 -1 -999 {-999.0 -999.0 -999.0 -999.0 -999.0} "" -999.0 -999.0 -999.0 -999.0 -999 -999 "" "" "" "" 0 0 0.0 0.0 -999 ""
FIBERMAP 818 R+7C11 APOGEE 1 1 0 1 0 0 10.084664351647934 144.9972154824937 143.1 75.1807859913291 124.3659846404929 59.36668 148.35779 280.2214050292968 -10.008102039162736 -999.0 -999.0 -999.0 280.22140503431257 -10.008110642825217 280.24062054571925 -9.97378458726109 40.856130111138036 145.99528324083997 16000.0 16600.0 2015.5 2 19 {-999.0 -999.0 -999.0 -999.0 -999.0} "" -999.0 -999.0 -999.0 -999.0 27021603148706003 848990778 "" ops_sky_apogee_good ops_sky sky_apogee 0 0 0.0 0.0 -999 ""
FIBERMAP 818 R+7C11 BOSS 0 0 0 1 0 0 10.73942816103422 145.37267491034456 143.1 75.93462799337533 124.40095749950147 59.36668 148.35779 -999.0 -999.0 -999.0 -999.0 -999.0 280.2250267308976 -10.008122474457895 280.244126216328 -9.973579687342099 40.85466143265618 145.99114308566388 -999.0 5400.0 -999.0 1 135 {-999.0 -999.0 -999.0 -999.0 -999.0} "" -999.0 -999.0 -999.0 -999.0 -999 -999 "" "" "" "" 0 0 0.0 0.0 -999 ""
FIBERMAP 818 R+7C11 METROLOGY 0 0 0 1 0 0 10.74229615357279 144.63828807127268 143.1 75.60183249213495 123.74643119778317 59.36668 148.35779 -999.0 -999.0 -999.0 -999.0 -999.0 280.22345488932825 -10.011036144243759 280.24259472482464 -9.976554721057354 40.852767766249706 145.99477338787804 -999.0 6231.0 -999.0 -1 -999 {-999.0 -999.0 -999.0 -999.0 -999.0} "" -999.0 -999.0 -999.0 -999.0 -999 -999 "" "" "" "" 0 0 0.0 0.0 -999 ""
FIBERMAP 819 R+10C16 APOGEE 0 0 0 1 0 0 153.50405908963327 186.44384829004264 143.1 221.67432044578695 95.74134253831421 184.05641 164.34369 -999.0 -999.0 -999.0 -999.0 -999.0 280.89412557536025 -10.140314521562082 280.9133508894625 -10.104161546707676 40.422725902720316 145.31308748623164 -999.0 16600.0 -999.0 2 -999 {-999.0 -999.0 -999.0 -999.0 -999.0} "" -999.0 -999.0 -999.0 -999.0 -999 -999 "" "" "" "" 0 0 0.0 0.0 -999 ""
FIBERMAP 819 R+10C16 BOSS 1 1 0 1 0 0 152.76739123731977 186.5982754430371 143.1 221.08959166499608 96.21508928834146 184.05641 164.34369 280.8915710449219 -10.138335020568718 -999.0 -999.0 -999.0 280.8915955460755 -10.138359788390506 280.9106990209836 -10.102005146149706 40.42587942470078 145.31470773653507 5400.0 5400.0 2015.5 1 177 {-999.0 -999.0 -999.0 -999.0 -999.0} "" -999.0 -999.0 -999.0 -999.0 27021603147980146 852648831 "" ops_sky_boss_fallback ops_sky sky_boss 0 0 0.0 0.0 -999 ""
FIBERMAP 819 R+10C16 METROLOGY 0 0 0 1 0 0 153.25834222670568 187.14832341649125 143.1 221.7774499028068 96.48015641997446 184.05641 164.34369 -999.0 -999.0 -999.0 -999.0 -999.0 280.8946811484086 -10.137117336569462 280.9138135872063 -10.10081456483695 40.425429430674235 145.31042741035208 -999.0 6231.0 -999.0 -1 -999 {-999.0 -999.0 -999.0 -999.0 -999.0} "" -999.0 -999.0 -999.0 -999.0 -999 -999 "" "" "" "" 0 0 0.0 0.0 -999 ""
FIBERMAP 820 R+4C5 APOGEE 1 1 0 1 0 0 -171.98132461784203 74.50425517450292 143.1 -118.95138015536439 144.8021012154244 207.36655 100.09436 279.3260192871094 -9.913419983910117 -999.0 -999.0 -999.0 279.32602143026156 -9.913445481699322 279.34541257698817 -9.88151100692264 41.35318787724016 146.9696489587768 16000.0 16600.0 2015.5 2 127 {-999.0 -999.0 -999.0 -999.0 -999.0} "" -999.0 -999.0 -999.0 -999.0 27021603148709248 848991557 "" ops_sky_apogee_good ops_sky sky_apogee 0 0 0.0 0.0 -999 ""
FIBERMAP 820 R+4C5 BOSS 0 0 0 1 0 0 -172.44973841088284 75.07595993459074 143.1 -119.10696098058949 145.52451068923023 207.36655 100.09436 -999.0 -999.0 -999.0 -999.0 -999.0 279.3254064866623 -9.91034181070028 279.34468074435176 -9.87820534875471 41.356449405272414 146.96845024941453 -999.0 5400.0 -999.0 1 41 {-999.0 -999.0 -999.0 -999.0 -999.0} "" -999.0 -999.0 -999.0 -999.0 -999 -999 "" "" "" "" 0 0 0.0 0.0 -999 ""
FIBERMAP 820 R+4C5 METROLOGY 0 0 0 1 0 0 -171.7162136021362 75.20411964865126 143.1 -118.395988885441 145.30355232402468 207.36655 100.09436 -999.0 -999.0 -999.0 -999.0 -999.0 279.3286428942466 -9.911293498111899 279.3479490598016 -9.879206213633603 41.354065331996466 146.96527369533882 -999.0 6231.0 -999.0 -1 -999 {-999.0 -999.0 -999.0 -999.0 -999.0} "" -999.0 -999.0 -999.0 -999.0 -999 -999 "" "" "" "" 0 0 0.0 0.0 -999 ""
FIBERMAP 824 R-6C7 APOGEE 1 1 0 1 0 0 -98.84995944883454 -124.91933178118549 143.1 -144.96679019620436 -65.97395295114897 215.8091 124.39954 279.20096764224064 -10.870517552918374 -0.51595426 -5.8063254 0.1985309 279.2009845184359 -10.870583775614078 279.2228163966035 -10.838492098620739 40.55979346853974 147.69599568663875 16000.0 16600.0 2016.0 2 280 {-999.0 19.206835 16.476118 15.235414 -999.0} sdss_psfmag_ps1 17.680315 15.679898 14.378151 10.783 63050395538850854 1153914553 bright_1x1 mwm_galactic_core_dist_apogee_sparse mwm_galactic science 0 0 0.0 0.0 -999 ""
FIBERMAP 824 R-6C7 BOSS 0 0 0 1 0 0 -99.56831540027349 -124.68419230411887 143.1 -145.4983750037994 -65.43677668175819 215.8091 124.39954 -999.0 -999.0 -999.0 -999.0 -999.0 279.1985980506695 -10.868362871183043 279.22031448100626 -10.83606668345854 40.56307441691082 147.6974111220239 -999.0 5400.0 -999.0 1 438 {-999.0 -999.0 -999.0 -999.0 -999.0} "" -999.0 -999.0 -999.0 -999.0 -999 -999 "" "" "" "" 0 0 0.0 0.0 -999 ""
FIBERMAP 824 R-6C7 METROLOGY 0 0 0 1 0 0 -99.01332684527452 -124.19050073599533 143.1 -144.77929142090562 -65.25107877933955 215.8091 124.39954 -999.0 -999.0 -999.0 -999.0 -999.0 279.2018941515302 -10.867476543183795 279.22363829171996 -10.83523222186303 40.562322735396144 147.6930875473197 -999.0 6231.0 -999.0 -1 -999 {-999.0 -999.0 -999.0 -999.0 -999.0} "" -999.0 -999.0 -999.0 -999.0 -999 -999 "" "" "" "" 0 0 0.0 0.0 -999 ""
FIBERMAP 825 R+3C17 APOGEE 0 0 0 1 0 0 92.77563791700311 53.00014709443894 143.1 106.72305602078973 4.777583461104663 176.13153 146.9534 -999.0 -999.0 -999.0 -999.0 -999.0 280.3670362318818 -10.55224598891304 280.38752966145137 -10.517262234822239 40.30948021513733 146.1691772031506 -999.0 16600.0 -999.0 2 -999 {-999.0 -999.0 -999.0 -999.0 -999.0} "" -999.0 -999.0 -999.0 -999.0 -999 -999 "" "" "" "" 0 0 0.0 0.0 -999 ""
FIBERMAP 825 R+3C17 BOSS 1 1 0 1 0 0 92.17137133891984 53.417009243693556 143.1 106.37593141368856 5.424299830637311 176.13153 146.9534 280.3656005859375 -10.549511368406385 -999.0 -999.0 -999.0 280.36560194217236 -10.549509033814791 280.3859728453023 -10.514319017377053 40.312797202671064 146.16910454361638 5400.0 5400.0 2015.5 1 219 {-999.0 -999.0 -999.0 -999.0 -999.0} "" -999.0 -999.0 -999.0 -999.0 27021603147978521 852648416 "" ops_sky_boss_fallback ops_sky sky_boss 0 0 0.0 0.0 -999 ""
FIBERMAP 825 R+3C17 METROLOGY 0 0 0 1 0 0 92.83889916311786 53.74355814846747 143.1 107.11879241089929 5.409939647270507 176.13153 146.9534 -999.0 -999.0 -999.0 -999.0 -999.0 280.3689920517721 -10.549518907620174 280.3893943513723 -10.51437991989018 40.31114177106346 146.16526315544442 -999.0 6231.0 -999.0 -1 -999 {-999.0 -999.0 -999.0 -999.0 -999.0} "" -999.0 -999.0 -999.0 -999.0 -999 -999 "" "" "" "" 0 0 0.0 0.0 -999 ""
FIBERMAP 827 R+5C13 APOGEE 1 1 0 1 0 0 23.796776006221695 85.76776179473237 143.1 60.331105339657825 65.42160646019748 241.4951 104.47729 280.15274047851557 -10.275729000138796 -999.0 -999.0 -999.0 280.1527452706326 -10.275744850489335 280.17265517842054 -10.241463166084523 40.65260562633399 146.24121558698272 16000.0 16600.0 2015.5 2 3 {-999.0 -999.0 -999.0 -999.0 -999.0} "" -999.0 -999.0 -999.0 -999.0 27021603148705647 848990672 "" ops_sky_apogee_good ops_sky sky_apogee 0 0 0.0 0.0 -999 ""
FIBERMAP 827 R+5C13 BOSS 0 0 0 1 0 0 23.080878577763166 85.95926880280119 143.1 59.7817832212907 65.91885021456982 241.4951 104.47729 -999.0 -999.0 -999.0 -999.0 -999.0 280.15035164686986 -10.273651941918859 280.17014287925366 -10.239168534277034 40.655798994192466 146.24264737653806 -999.0 5400.0 -999.0 1 148 {-999.0 -999.0 -999.0 -999.0 -999.0} "" -999.0 -999.0 -999.0 -999.0 -999 -999 "" "" "" "" 0 0 0.0 0.0 -999 ""
FIBERMAP 827 R+5C13 METROLOGY 0 0 0 1 0 0 23.597888628999126 86.49504313564674 143.1 60.48630243081271 66.15932186827291 241.4951 104.47729 -999.0 -999.0 -999.0 -999.0 -999.0 280.15357291824483 -10.272512523936543 280.1733922912502 -10.238080506700248 40.65523813053196 146.23825687250488 -999.0 6231.0 -999.0 -1 -999 {-999.0 -999.0 -999.0 -999.0 -999.0} "" -999.0 -999.0 -999.0 -999.0 -999 -999 "" "" "" "" 0 0 0.0 0.0 -999 ""
FIBERMAP 828 R-2C18 APOGEE 0 0 0 1 0 0 113.25299710300261 -17.99627138565947 143.1 92.51767074103206 -67.72242942816034 147.43065 40.83361 -999.0 -999.0 -999.0 -999.0 -999.0 280.30083419794573 -10.882200627044504 280.3221765774565 -10.847220386149793 40.04954820194507 146.44815759490382 -999.0 16600.0 -999.0 2 -999 {-999.0 -999.0 -999.0 -999.0 -999.0} "" -999.0 -999.0 -999.0 -999.0 -999 -999 "" "" "" "" 0 0 0.0 0.0 -999 ""
FIBERMAP 828 R-2C18 BOSS 1 1 0 1 0 0 113.98219138676761 -17.870376160014054 143.1 93.2237569106534 -67.94342452495793 147.43065 40.83361 280.30427836730615 -10.883452259083937 1.4132793 -1.9339418 -1.8423158 280.30425913015625 -10.883451479878707 280.32548602820265 -10.848247827921087 40.04710496142705 146.44505227230832 5400.0 5400.0 2016.0 1 294 {-999.0 15.132117 14.500093 13.804699 -999.0} sdss_psfmag_from_g3xp 14.922545 14.240048 13.388858 11.856 63050395432041311 1093783964 bright_1x1 mwm_astar_core_boss_single mwm_ob science 0 0 0.0 0.0 -999 ""
FIBERMAP 828 R-2C18 METROLOGY 0 0 0 1 0 0 113.71996921497828 -18.578164010762062 143.1 92.66731709852618 -68.45324240309161 147.43065 40.83361 -999.0 -999.0 -999.0 -999.0 -999.0 280.30163771511235 -10.885703591586617 280.3229045986356 -10.850566219313686 40.04626232862442 146.44940297779846 -999.0 6231.0 -999.0 -1 -999 {-999.0 -999.0 -999.0 -999.0 -999.0} "" -999.0 -999.0 -999.0 -999.0 -999 -999 "" "" "" "" 0 0 0.0 0.0 -999 ""
FIBERMAP 830 R+9C18 APOGEE 1 1 0 1 0 0 196.59597119780233 158.4989162491972 143.1 247.2427531174011 51.20784078688573 321.15506 83.735954 281.01134692484226 -10.342123454990311 -5.4653406 -6.2719626 0.078945585 281.0113574312467 -10.342149156654836 281.03102393460034 -10.305586668685715 40.19040330849141 145.30882115366762 16000.0 16600.0 2016.0 2 52 {-999.0 18.53125 16.12631 13.694454 -999.0} sdss_psfmag_ps1 17.373322 13.951759 12.429001 8.185 63050395432583041 1153727697 bright_1x1 mwm_galactic_core_dist_apogee_sparse mwm_galactic science 0 0 0.0 0.0 -999 ""
FIBERMAP 830 R+9C18 BOSS 0 0 0 1 0 0 196.0788619378225 157.97281903756863 143.1 246.542564573631 50.97602196562721 321.15506 83.735954 -999.0 -999.0 -999.0 -999.0 -999.0 281.00832107505755 -10.343399730047766 281.0278727512902 -10.306633572086342 40.1909966438856 145.31303385577021 -999.0 5400.0 -999.0 1 169 {-999.0 -999.0 -999.0 -999.0 -999.0} "" -999.0 -999.0 -999.0 -999.0 -999 -999 "" "" "" "" 0 0 0.0 0.0 -999 ""
FIBERMAP 830 R+9C18 METROLOGY 0 0 0 1 0 0 195.87201556436375 158.68863263709946 143.1 246.68544579045758 51.70717149027063 321.15506 83.735954 -999.0 -999.0 -999.0 -999.0 -999.0 281.00891746032767 -10.340033054169462 281.02849438671325 -10.303326862377373 40.19358834433163 145.31022874702222 -999.0 6231.0 -999.0 -1 -999 {-999.0 -999.0 -999.0 -999.0 -999.0} "" -999.0 -999.0 -999.0 -999.0 -999 -999 "" "" "" "" 0 0 0.0 0.0 -999 ""
FIBERMAP 831 R-6C18 APOGEE 0 0 0 1 0 0 162.9004976541219 -126.19935263752042 143.1 87.2684626235441 -186.63683271212963 288.58585 130.01462 -999.0 -999.0 -999.0 -999.0 -999.0 280.2747282249029 -11.421021843556831 280.29742032055435 -11.385829057167618 39.58598824315479 146.80661182918695 -999.0 16600.0 -999.0 2 -999 {-999.0 -999.0 -999.0 -999.0 -999.0} "" -999.0 -999.0 -999.0 -999.0 -999 -999 "" "" "" "" 0 0 0.0 0.0 -999 ""
FIBERMAP 831 R-6C18 BOSS 1 1 0 1 0 0 162.5238125140176 -126.85341358033061 143.1 86.63474475278768 -187.0465942381403 288.58585 130.01462 280.2719137025259 -11.423117263700608 -0.62998563 -3.7980745 0.3966407 280.27192841620115 -11.42313547984156 280.29450897318986 -11.387731125602079 39.58564908921134 146.81104040508006 5400.0 5400.0 2016.0 1 288 {-999.0 14.969102 14.20629 13.860909 -999.0} sdss_psfmag_ps1 14.676277 14.068526 13.300424 11.981 63050395430372072 1127632170 bright_1x1 openfibertargets_mwm_more_ob_boss open_fiber science 0 0 0.0 0.0 -999 ""
FIBERMAP 831 R-6C18 METROLOGY 0 0 0 1 0 0 162.15445847026976 -126.20870767194393 143.1 86.60060967677802 -186.30448638954573 288.58585 130.01462 -999.0 -999.0 -999.0 -999.0 -999.0 280.27174862122007 -11.419721470080395 280.2943542755523 -11.38438112188862 39.58867803120529 146.8091730236915 -999.0 6231.0 -999.0 -1 -999 {-999.0 -999.0 -999.0 -999.0 -999.0} "" -999.0 -999.0 -999.0 -999.0 -999 -999 "" "" "" "" 0 0 0.0 0.0 -999 ""
FIBERMAP 835 R+3C22 APOGEE 1 1 0 1 0 0 207.587185953752 74.32363515067587 143.1 218.58178034543337 -28.68270147221905 135.29459 85.311714 280.8814047185333 -10.704212468766885 0.025070056 -4.3416953 0.089624524 280.8813759550654 -10.7042316955561 280.90199817234213 -10.667823247956393 39.93496384928663 145.68311957271462 16000.0 16600.0 2016.0 2 31 {-999.0 17.683905 15.466045 13.994746 -999.0} sdss_psfmag_ps1 16.536922 14.578933 13.282408 9.982 63050395431974616 1153726832 bright_1x1 mwm_galactic_core_dist_apogee_sparse mwm_galactic science 0 0 0.0 0.0 -999 ""
FIBERMAP 835 R+3C22 BOSS 0 0 0 1 0 0 208.14772749710818 74.82896484957129 143.1 219.3111175312401 -28.489187463101224 135.29459 85.311714 -999.0 -999.0 -999.0 -999.0 -999.0 280.8848687469198 -10.703566921521737 280.9053680083116 -10.666936249007204 39.934143199543534 145.6787784705617 -999.0 5400.0 -999.0 1 192 {-999.0 -999.0 -999.0 -999.0 -999.0} "" -999.0 -999.0 -999.0 -999.0 -999 -999 "" "" "" "" 0 0 0.0 0.0 -999 ""
FIBERMAP 835 R+3C22 METROLOGY 0 0 0 1 0 0 208.3029483149777 74.09741681412635 143.1 219.11513192880233 -29.210758311891407 135.29459 85.311714 -999.0 -999.0 -999.0 -999.0 -999.0 280.8839293986658 -10.706779301693045 280.904470942376 -10.670209895493729 39.931701007921035 145.68184514105417 -999.0 6231.0 -999.0 -1 -999 {-999.0 -999.0 -999.0 -999.0 -999.0} "" -999.0 -999.0 -999.0 -999.0 -999 -999 "" "" "" "" 0 0 0.0 0.0 -999 ""
FIBERMAP 837 R+1C18 APOGEE 1 1 0 1 0 0 86.22507622827816 35.26908216419001 143.1 92.79989430964696 -8.00249220266704 198.55249 32.18571 280.3025954207386 -10.610339099795292 -2.5438993 -5.4812856 0.02761637 280.3026106868507 -10.61036546774547 280.323278638539 -10.575520614177568 40.28826671759543 146.27835808287495 16000.0 16600.0 2016.0 2 69 {-999.0 19.447056 17.218132 16.56369 -999.0} sdss_psfmag_ps1 -999.0 15.613352 -999.0 10.484 63050395432113249 1153727110 bright_1x1 mwm_galactic_core_dist_apogee_sparse mwm_galactic science 0 0 0.0 0.0 -999 ""
FIBERMAP 837 R+1C18 BOSS 0 0 0 1 0 0 86.68799636346037 35.833941326900515 143.1 93.46958318462106 -7.711451069751451 198.55249 32.18571 -999.0 -999.0 -999.0 -999.0 -999.0 280.3058728209226 -10.609259673463853 280.3264202218108 -10.574195081980207 40.28796658109917 146.27396998462763 -999.0 5400.0 -999.0 1 231 {-999.0 -999.0 -999.0 -999.0 -999.0} "" -999.0 -999.0 -999.0 -999.0 -999 -999 "" "" "" "" 0 0 0.0 0.0 -999 ""
FIBERMAP 837 R+1C18 METROLOGY 0 0 0 1 0 0 86.96172058940141 35.14772219548075 143.1 93.39970181886447 -8.446815884672612 198.55249 32.18571 -999.0 -999.0 -999.0 -999.0 -999.0 280.3055038448797 -10.612547534624392 280.32609250726307 -10.577542216784929 40.285174018998674 146.2764255433065 -999.0 6231.0 -999.0 -1 -999 {-999.0 -999.0 -999.0 -999.0 -999.0} "" -999.0 -999.0 -999.0 -999.0 -999 -999 "" "" "" "" 0 0 0.0 0.0 -999 ""
FIBERMAP 838 R-8C6 APOGEE 0 0 0 1 0 0 -99.50420101454894 -166.02073106743364 143.1 -164.31704428154077 -102.23375557751181 236.5551 108.14192 -999.0 -999.0 -999.0 -999.0 -999.0 279.1115066186689 -11.034447180271542 279.13378911013154 -11.002505820019065 40.45375361894381 147.89674439724166 -999.0 16600.0 -999.0 2 -999 {-999.0 -999.0 -999.0 -999.0 -999.0} "" -999.0 -999.0 -999.0 -999.0 -999 -999 "" "" "" "" 0 0 0.0 0.0 -999 ""
FIBERMAP 838 R-8C6 BOSS 1 1 0 1 0 0 -100.21131458899 -165.84705696421096 143.1 -164.8666965287941 -101.7563847086199 236.5551 108.14192 279.1090393066406 -11.032487442947186 -999.0 -999.0 -999.0 279.10904681334796 -11.032503002943288 279.1312146588452 -11.000356112757357 40.45681810536034 147.89841535717147 5400.0 5400.0 2015.5 1 411 {-999.0 -999.0 -999.0 -999.0 -999.0} "" -999.0 -999.0 -999.0 -999.0 27021603148699312 852777508 "" ops_sky_boss_fallback ops_sky sky_boss 0 0 0.0 0.0 -999 ""
FIBERMAP 838 R-8C6 METROLOGY 0 0 0 1 0 0 -99.70880234793226 -165.30323523128575 143.1 -164.17139799639787 -101.50213491332632 236.5551 108.14192 -999.0 -999.0 -999.0 -999.0 -999.0 279.11222455355875 -11.031312141263053 279.1344193754623 -10.999217891196594 40.456399377923745 147.89405325325438 -999.0 6231.0 -999.0 -1 -999 {-999.0 -999.0 -999.0 -999.0 -999.0} "" -999.0 -999.0 -999.0 -999.0 -999 -999 "" "" "" "" 0 0 0.0 0.0 -999 ""
FIBERMAP 839 R+3C1 APOGEE 1 1 0 1 0 0 -262.44312546768475 47.83784931307913 143.1 -211.5914428722343 162.3910702297704 229.55441 132.5258 278.9030776504127 -9.834271754164051 -1.7055417 -3.5628011 0.033505317 278.90310100832994 -9.834296161751347 278.9224848483304 -9.803508843422353 41.61504026800369 147.4147013003253 16000.0 16600.0 2016.0 2 143 {-999.0 23.487743 19.12697 16.976227 -999.0} sdss_psfmag_ps1 20.50192 17.288908 15.7759695 10.889 63050395540288491 1153921338 bright_1x1 mwm_galactic_core_dist_apogee_sparse mwm_galactic science 0 0 0.0 0.0 -999 ""
FIBERMAP 839 R+3C1 BOSS 0 0 0 1 0 0 -263.1737591994961 47.79164971638856 143.1 -212.26241760267462 162.68360967482707 229.55441 132.5258 -999.0 -999.0 -999.0 -999.0 -999.0 278.90017040019774 -9.833187286830796 278.91944568722255 -9.802204231499799 41.61757522402107 147.41745712853222 -999.0 5400.0 -999.0 1 3 {-999.0 -999.0 -999.0 -999.0 -999.0} "" -999.0 -999.0 -999.0 -999.0 -999 -999 "" "" "" "" 0 0 0.0 0.0 -999 ""
FIBERMAP 839 R+3C1 METROLOGY 0 0 0 1 0 0 -262.8403201101896 48.47199154409569 143.1 -211.65516512830783 163.13649496398796 229.55441 132.5258 -999.0 -999.0 -999.0 -999.0 -999.0 278.90293007370684 -9.83108875491799 278.9222292488205 -9.800157323896071 41.61813262763904 147.41294021338703 -999.0 6231.0 -999.0 -1 -999 {-999.0 -999.0 -999.0 -999.0 -999.0} "" -999.0 -999.0 -999.0 -999.0 -999 -999 "" "" "" "" 0 0 0.0 0.0 -999 ""
FIBERMAP 840 R+10C12 APOGEE 0 0 0 1 0 0 58.28977736523679 179.9313398408666 143.1 134.01002665341068 133.42679060140497 262.29968 90.230194 -999.0 -999.0 -999.0 -999.0 -999.0 280.4922128935106 -9.968084333378059 280.51120314827466 -9.933069859763107 40.76406025226741 145.66049570761618 -999.0 16600.0 -999.0 2 -999 {-999.0 -999.0 -999.0 -999.0 -999.0} "" -999.0 -999.0 -999.0 -999.0 -999 -999 "" "" "" "" 0 0 0.0 0.0 -999 ""
FIBERMAP 840 R+10C12 BOSS 1 1 0 1 0 0 57.54732037192326 180.00376619085446 143.1 133.38270418202168 133.8302434394016 262.29968 90.230194 280.4894568060176 -9.966419457451616 11.978351 -2.050962 1.325744 280.48947842860684 -9.966416266789121 280.5083501775659 -9.931202416476168 40.767050157915826 145.6625602808862 5400.0 5400.0 2016.0 1 141 {-999.0 15.126116 14.203692 13.900437 -999.0} sdss_psfmag_ps1 14.7346735 14.05538 13.224105 11.652 63050395539817049 980278157 "" ops_std_boss_red ops_std standard_boss 0 0 0.0 0.0 -999 ""
FIBERMAP 840 R+10C12 METROLOGY 0 0 0 1 0 0 57.987274780639524 180.61336195694773 143.1 134.05239396643685 134.17156348452176 262.29968 90.230194 -999.0 -999.0 -999.0 -999.0 -999.0 280.49250997067264 -9.964833581238825 280.51140916317183 -9.929671369388604 40.76694099470546 145.65810003711843 -999.0 6231.0 -999.0 -1 -999 {-999.0 -999.0 -999.0 -999.0 -999.0} "" -999.0 -999.0 -999.0 -999.0 -999 -999 "" "" "" "" 0 0 0.0 0.0 -999 ""
FIBERMAP 842 R-4C20 APOGEE 0 0 0 1 0 0 163.1958845407982 -76.05821228719002 143.1 110.42738473626524 -142.1725662284378 194.73763 94.5014 -999.0 -999.0 -999.0 -999.0 -999.0 280.38262433491826 -11.219988871574767 280.4047649008788 -11.184618672633706 39.7139104644805 146.56292940753616 -999.0 16600.0 -999.0 2 -999 {-999.0 -999.0 -999.0 -999.0 -999.0} "" -999.0 -999.0 -999.0 -999.0 -999 -999 "" "" "" "" 0 0 0.0 0.0 -999 ""
FIBERMAP 842 R-4C20 BOSS 1 1 0 1 0 0 162.94373117323198 -75.38252911910995 143.1 110.5116416945891 -141.45642286205847 194.73763 94.5014 280.38318165969537 -11.216998902520508 -0.43393695 3.0338879 1.1482148 280.38317882657134 -11.217007675845675 280.4051935054213 -11.181421158782607 39.716530231550124 146.56048426134146 5400.0 5400.0 2016.0 1 286 {-999.0 15.676729 14.847467 14.478537 -999.0} sdss_psfmag_ps1 15.3482685 14.761177 14.0080185 12.599 63050395431779263 1094840257 bright_1x1 mwm_bin_vis_boss mwm_filler science 0 0 0.0 0.0 -999 ""
FIBERMAP 842 R-4C20 METROLOGY 0 0 0 1 0 0 163.67443242526124 -75.48580168038075 143.1 111.11442231103784 -141.88194446825844 194.73763 94.5014 -999.0 -999.0 -999.0 -999.0 -999.0 280.3859159027656 -11.218857394878109 280.4079673293311 -11.183324057034257 39.71356765009079 146.5585347586963 -999.0 6231.0 -999.0 -1 -999 {-999.0 -999.0 -999.0 -999.0 -999.0} "" -999.0 -999.0 -999.0 -999.0 -999 -999 "" "" "" "" 0 0 0.0 0.0 -999 ""
FIBERMAP 846 R+1C13 APOGEE 1 1 0 1 0 0 -11.072274207352702 29.095558287714823 143.1 3.437560922105064 30.935674632773516 59.290905 142.55121 279.8890686035156 -10.432146610272284 -999.0 -999.0 -999.0 279.88907911057686 -10.43214754345277 279.9094999688794 -10.398476792885647 40.63654884872894 146.63971016163427 16000.0 16600.0 2015.5 2 131 {-999.0 -999.0 -999.0 -999.0 -999.0} "" -999.0 -999.0 -999.0 -999.0 27021603148705411 848990636 "" ops_sky_apogee_good ops_sky sky_apogee 0 0 0.0 0.0 -999 ""
FIBERMAP 846 R+1C13 BOSS 0 0 0 1 0 0 -10.398361615418704 29.40748746027767 143.1 4.179425115943647 30.9053950976583 59.290905 142.55121 -999.0 -999.0 -999.0 -999.0 -999.0 279.89263151066336 -10.432486954623009 279.912937921297 -10.398596928281789 40.63485301968495 146.63585180005558 -999.0 5400.0 -999.0 1 13 {-999.0 -999.0 -999.0 -999.0 -999.0} "" -999.0 -999.0 -999.0 -999.0 -999 -999 "" "" "" "" 0 0 0.0 0.0 -999 ""
FIBERMAP 846 R+1C13 METROLOGY 0 0 0 1 0 0 -10.459646227869516 28.665011652991907 143.1 3.785873952625426 30.27296818798465 59.290905 142.55121 -999.0 -999.0 -999.0 -999.0 -999.0 279.8907685158793 -10.435307875070894 279.91111500057815 -10.401480734234498 40.63315077738157 146.6397236315808 -999.0 6231.0 -999.0 -1 -999 {-999.0 -999.0 -999.0 -999.0 -999.0} "" -999.0 -999.0 -999.0 -999.0 -999 -999 "" "" "" "" 0 0 0.0 0.0 -999 ""
FIBERMAP 847 R+5C22 APOGEE 1 1 0 1 0 0 247.72553392903953 78.85570948830234 143.1 256.3532273185443 -42.98010911563112 21.32879 17.603094 281.05343801308646 -10.768561088489623 -1.1208249 -2.699263 0.59432167 281.05337262550256 -10.76853749270029 281.07406979554554 -10.731645609094544 39.79736148334021 145.53047427682407 16000.0 16600.0 2016.0 2 74 {-999.0 10.655485 10.390188 10.29029 -999.0} sdss_psfmag_from_g3xp 10.612813 10.365757 9.9455185 9.419 63050395431923288 975035894 "" ops_std_apogee ops_std standard_apogee 0 0 0.0 0.0 -999 ""
FIBERMAP 847 R+5C22 BOSS 0 0 0 1 0 0 247.14611103609488 78.36732433618756 143.1 255.6148331649283 -43.14992954238968 21.32879 17.603094 -999.0 -999.0 -999.0 -999.0 -999.0 281.0501534510438 -10.769534657437978 281.07073396147223 -10.732436483108472 39.79825704950454 145.53470492386492 -999.0 5400.0 -999.0 1 248 {-999.0 -999.0 -999.0 -999.0 -999.0} "" -999.0 -999.0 -999.0 -999.0 -999 -999 "" "" "" "" 0 0 0.0 0.0 -999 ""
FIBERMAP 847 R+5C22 METROLOGY 0 0 0 1 0 0 247.0150642441228 79.096728680397 143.1 255.83134200758 -42.441304145990436 21.32879 17.603094 -999.0 -999.0 -999.0 -999.0 -999.0 281.0511013534116 -10.766263237658013 281.071707537671 -10.729224995413421 39.800603393421206 145.53159106701997 -999.0 6231.0 -999.0 -1 -999 {-999.0 -999.0 -999.0 -999.0 -999.0} "" -999.0 -999.0 -999.0 -999.0 -999 -999 "" "" "" "" 0 0 0.0 0.0 -999 ""
FIBERMAP 849 R+6C12 APOGEE 0 0 0 1 0 0 21.107406449361232 131.58966576360558 143.1 78.86285644189924 107.40697557058805 109.8801 100.1653 -999.0 -999.0 -999.0 -999.0 -999.0 280.23842460075963 -10.08511903660149 280.257822669581 -10.050709592075458 40.78044913098778 146.02413692769787 -999.0 16600.0 -999.0 2 -999 {-999.0 -999.0 -999.0 -999.0 -999.0} "" -999.0 -999.0 -999.0 -999.0 -999 -999 "" "" "" "" 0 0 0.0 0.0 -999 ""
FIBERMAP 849 R+6C12 BOSS 1 1 0 1 0 0 21.742296783337896 131.9735791678973 143.1 79.6028819189113 107.4585429247418 109.8801 100.1653 280.24200439453125 -10.085051533133125 -999.0 -999.0 -999.0 280.24198810916886 -10.08505861241771 280.26126972244623 -10.050432041484852 40.779073100453466 146.02002309274462 5400.0 5400.0 2015.5 1 117 {-999.0 -999.0 -999.0 -999.0 -999.0} "" -999.0 -999.0 -999.0 -999.0 27021603148705948 852779195 "" ops_sky_boss_fallback ops_sky sky_boss 0 0 0.0 0.0 -999 ""
FIBERMAP 849 R+6C12 METROLOGY 0 0 0 1 0 0 21.762849292396748 131.2332156829136 143.1 79.28308715966651 106.79062519905904 109.8801 100.1653 -999.0 -999.0 -999.0 -999.0 -999.0 280.2404744019081 -10.088036093958138 280.25979657608485 -10.053470864206307 40.77709502841045 146.02362168761366 -999.0 6231.0 -999.0 -1 -999 {-999.0 -999.0 -999.0 -999.0 -999.0} "" -999.0 -999.0 -999.0 -999.0 -999 -999 "" "" "" "" 0 0 0.0 0.0 -999 ""
FIBERMAP 852 R0C15 APOGEE 1 1 0 1 0 0 32.36312536474421 -7.916526442116217 143.1 25.171139757087566 -21.819655650883885 320.40497 119.20323 279.9892503809324 -10.672809895738304 -1.3050994 -3.9538193 -0.019431071 279.9892650774406 -10.672805088731879 280.01023618976143 -10.638748922166668 40.37792113054976 146.67329321352383 16000.0 16600.0 2016.0 2 32 {-999.0 20.550165 17.577185 17.99525 -999.0} sdss_psfmag_ps1 18.886845 15.744647 14.241608 10.005 63050395539348265 1153918481 bright_1x1 mwm_galactic_core_dist_apogee_sparse mwm_galactic science 0 0 0.0 0.0 -999 ""
FIBERMAP 852 R0C15 BOSS 0 0 0 1 0 0 32.222348446376124 -8.643635434622137 143.1 24.71389941818427 -22.40211526216984 320.40497 119.20323 -999.0 -999.0 -999.0 -999.0 -999.0 279.9872679389137 -10.67567956339505 280.0081324031147 -10.6414154192141 40.37653944881198 146.67733411618497 -999.0 5400.0 -999.0 1 180 {-999.0 -999.0 -999.0 -999.0 -999.0} "" -999.0 -999.0 -999.0 -999.0 -999 -999 "" "" "" "" 0 0 0.0 0.0 -999 ""
FIBERMAP 852 R0C15 METROLOGY 0 0 0 1 0 0 31.65675031710743 -8.16738596576553 143.1 24.428287631105324 -21.72023287769825 320.40497 119.20323 -999.0 -999.0 -999.0 -999.0 -999.0 279.9859154675994 -10.672506686613627 280.00680521693414 -10.638307735110205 40.37989554150611 146.67692798596494 -999.0 6231.0 -999.0 -1 -999 {-999.0 -999.0 -999.0 -999.0 -999.0} "" -999.0 -999.0 -999.0 -999.0 -999 -999 "" "" "" "" 0 0 0.0 0.0 -999 ""
FIBERMAP 857 R+13C3 APOGEE 1 1 0 1 0 0 -112.08965551647297 252.5867544244107 143.1 15.639239927870216 275.8529201864611 159.49243 132.94623 279.9475514336272 -9.32579252118643 -1.4644384 -3.8253746 0.3062981 279.94754999725336 -9.325807266624594 279.9652036892832 -9.29253786102223 41.58433052158845 145.87975750613595 16000.0 16600.0 2016.0 2 106 {-999.0 20.415234 17.369043 15.92037 -999.0} sdss_psfmag_ps1 18.613556 16.427734 15.013926 10.781 63050395540474399 1153922384 bright_1x1 mwm_galactic_core_dist_apogee_sparse mwm_galactic science 0 0 0.0 0.0 -999 ""
FIBERMAP 857 R+13C3 BOSS 0 0 0 1 0 0 -112.37503668547438 253.27579069128842 143.1 15.700039168600796 276.59611372954345 159.49243 132.94623 -999.0 -999.0 -999.0 -999.0 -999.0 279.9479433561078 -9.322711218447983 279.96547787141554 -9.289240377861402 41.587097637247105 145.87733259110982 -999.0 5400.0 -999.0 1 87 {-999.0 -999.0 -999.0 -999.0 -999.0} "" -999.0 -999.0 -999.0 -999.0 -999 -999 "" "" "" "" 0 0 0.0 0.0 -999 ""
FIBERMAP 857 R+13C3 METROLOGY 0 0 0 1 0 0 -111.63380841697335 253.18937550085855 143.1 16.319880933718974 276.18077928523803 159.49243 132.94623 -999.0 -999.0 -999.0 -999.0 -999.0 279.9507492404864 -9.324510714698828 279.96831847870897 -9.291088860982235 41.58413402347319 145.8752217813966 -999.0 6231.0 -999.0 -1 -999 {-999.0 -999.0 -999.0 -999.0 -999.0} "" -999.0 -999.0 -999.0 -999.0 -999 -999 "" "" "" "" 0 0 0.0 0.0 -999 ""
FIBERMAP 859 R-9C1 APOGEE 1 1 0 1 0 0 -206.9581880540128 -183.17479964910657 143.1 -267.72752110801514 -68.42460546226906 246.11084 71.267105 278.6393651286471 -10.876853560365413 -4.093797 -8.232196 -0.22639748 278.63935592612546 -10.876879453550211 278.66146160873944 -10.846257435760274 40.80285744426212 148.3486331163964 16000.0 16600.0 2016.0 2 272 {-999.0 24.694216 23.957111 18.847158 -999.0} sdss_psfmag_gaia 22.233889 19.363424 17.570131 10.47 63050395538986123 1154736546 bright_1x1 mwm_galactic_core_dist_apogee_sparse mwm_galactic science 0 0 0.0 0.0 -999 ""
FIBERMAP 859 R-9C1 BOSS 0 0 0 1 0 0 -207.52255433082536 -182.67384936685463 143.1 -268.0007579485059 -67.72131489753802 246.11084 71.267105 -999.0 -999.0 -999.0 -999.0 -999.0 278.63823639021336 -10.873900197191418 278.6602270385948 -10.8430715476112 40.80624845040218 148.34817324761073 -999.0 5400.0 -999.0 1 419 {-999.0 -999.0 -999.0 -999.0 -999.0} "" -999.0 -999.0 -999.0 -999.0 -999 -999 "" "" "" "" 0 0 0.0 0.0 -999 ""
FIBERMAP 859 R-9C1 METROLOGY 0 0 0 1 0 0 -206.81320471645466 -182.43622960453675 143.1 -267.26130576231697 -67.83387236068805 246.11084 71.267105 -999.0 -999.0 -999.0 -999.0 -999.0 278.64155537717375 -10.874383952595984 278.66357634185414 -10.843606165260397 40.804292853098225 148.34460811953699 -999.0 6231.0 -999.0 -1 -999 {-999.0 -999.0 -999.0 -999.0 -999.0} "" -999.0 -999.0 -999.0 -999.0 -999 -999 "" "" "" "" 0 0 0.0 0.0 -999 ""
FIBERMAP 865 R-9C11 APOGEE 1 1 0 1 0 0 37.94450200188253 -158.85325852494526 143.1 -38.7873275774609 -158.62233283265834 101.67793 88.24417 279.69127392057106 -11.29370000029455 -2.8248692 -5.324801 0.15451583 279.6912234579887 -11.293696797118125 279.71387999477105 -11.260100625420336 39.96378863614584 147.38917689729954 16000.0 16600.0 2016.0 2 179 {-999.0 21.237408 20.374725 15.470641 -999.0} sdss_psfmag_gaia 19.077127 16.00763 14.484484 10.176 63050395430505427 1154701801 bright_1x1 mwm_galactic_core_dist_apogee_sparse mwm_galactic science 0 0 0.0 0.0 -999 ""
FIBERMAP 865 R-9C11 BOSS 0 0 0 1 0 0 38.67279425574612 -158.71806526416697 143.1 -38.07779793304178 -158.8346456875601 101.67793 88.24417 -999.0 -999.0 -999.0 -999.0 -999.0 279.69460993676415 -11.294943413305528 279.71715326821476 -11.261121836696692 39.96139956031656 147.38607816005896 -999.0 5400.0 -999.0 1 374 {-999.0 -999.0 -999.0 -999.0 -999.0} "" -999.0 -999.0 -999.0 -999.0 -999 -999 "" "" "" "" 0 0 0.0 0.0 -999 ""
FIBERMAP 865 R-9C11 METROLOGY 0 0 0 1 0 0 38.42399143281742 -159.42267913935896 143.1 -38.620852260105984 -159.3477681427779 101.67793 88.24417 -999.0 -999.0 -999.0 -999.0 -999.0 279.692059371686 -11.297181564313771 279.71464200609626 -11.263426676056259 39.9604936232469 147.39031729752475 -999.0 6231.0 -999.0 -1 -999 {-999.0 -999.0 -999.0 -999.0 -999.0} "" -999.0 -999.0 -999.0 -999.0 -999 -999 "" "" "" "" 0 0 0.0 0.0 -999 ""
FIBERMAP 866 R+11C13 APOGEE 1 1 0 1 0 0 122.39491293559975 213.3034634775451 143.1 206.26863164420405 133.83773859796736 72.571724 24.566338 280.8229064941406 -9.967858807319686 -999.0 -999.0 -999.0 280.82291076030566 -9.967870094587159 280.84174494841045 -9.931990728939262 40.60746279202285 145.28405009241465 16000.0 16600.0 2015.5 2 12 {-999.0 -999.0 -999.0 -999.0 -999.0} "" -999.0 -999.0 -999.0 -999.0 27021603147980246 848945444 "" ops_sky_apogee_good ops_sky sky_apogee 0 0 0.0 0.0 -999 ""
FIBERMAP 866 R+11C13 BOSS 0 0 0 1 0 0 122.49381288206105 212.5576694198586 143.1 206.0160449645717 133.12921437165994 72.571724 24.566338 -999.0 -999.0 -999.0 -999.0 -999.0 280.8219196260307 -9.971255347038099 280.8406451806376 -9.93516891428218 40.6052121125897 145.28733216401707 -999.0 5400.0 -999.0 1 99 {-999.0 -999.0 -999.0 -999.0 -999.0} "" -999.0 -999.0 -999.0 -999.0 -999 -999 "" "" "" "" 0 0 0.0 0.0 -999 ""
FIBERMAP 866 R+11C13 METROLOGY 0 0 0 1 0 0 121.80053630068377 212.84338306664395 143.1 205.52986147933848 133.69992284883833 72.571724 24.566338 -999.0 -999.0 -999.0 -999.0 -999.0 280.81964894407116 -9.96861164505577 280.8384023530935 -9.932591433220637 40.60853849976499 145.28822467914006 -999.0 6231.0 -999.0 -1 -999 {-999.0 -999.0 -999.0 -999.0 -999.0} "" -999.0 -999.0 -999.0 -999.0 -999 -999 "" "" "" "" 0 0 0.0 0.0 -999 ""
FIBERMAP 868 R+9C15 APOGEE 0 0 0 1 0 0 127.75609059756641 155.77628056359328 143.1 184.76834324206914 80.22080903637199 328.91873 64.000595 -999.0 -999.0 -999.0 -999.0 -999.0 280.72588502047176 -10.21000268496101 280.7453621812133 -10.174254396555437 40.44156778692982 145.5477458349242 -999.0 16600.0 -999.0 2 -999 {-999.0 -999.0 -999.0 -999.0 -999.0} "" -999.0 -999.0 -999.0 -999.0 -999 -999 "" "" "" "" 0 0 0.0 0.0 -999 ""
FIBERMAP 868 R+9C15 BOSS 1 1 0 1 0 0 127.13242268423632 155.35873437475797 143.1 184.02294190034902 80.13420170889754 328.91873 64.000595 280.72265625 -10.210577906545367 -999.0 -999.0 -999.0 280.7226357770098 -10.210575200732029 280.74199839111793 -10.174625598075574 40.4428428948378 145.55179015159936 5400.0 5400.0 2015.5 1 229 {-999.0 -999.0 -999.0 -999.0 -999.0} "" -999.0 -999.0 -999.0 -999.0 27021603147980048 852648808 "" ops_sky_boss_fallback ops_sky sky_boss 0 0 0.0 0.0 -999 ""
FIBERMAP 868 R+9C15 METROLOGY 0 0 0 1 0 0 127.08716954180534 156.10674478506252 143.1 184.32425798421892 80.82020032793305 328.91873 64.000595 -999.0 -999.0 -999.0 -999.0 -999.0 280.7239628697822 -10.207413663206715 280.7433503527863 -10.171521587861038 40.44491726738729 145.54828827034476 -999.0 6231.0 -999.0 -1 -999 {-999.0 -999.0 -999.0 -999.0 -999.0} "" -999.0 -999.0 -999.0 -999.0 -999 -999 "" "" "" "" 0 0 0.0 0.0 -999 ""
FIBERMAP 869 R+10C1 APOGEE 1 1 0 1 0 0 -167.60206176112274 198.7616207402304 143.1 -58.31592495500012 253.32585013658553 21.070833 120.64453 279.6081396894852 -9.425558111204285 -4.1138697 -7.9537215 0.36506078 279.6081158902115 -9.425564272112556 279.62616926930576 -9.393133668055384 41.65478919827892 146.33744689147693 16000.0 16600.0 2016.0 2 115 {-999.0 25.513435 20.289316 18.470442 -999.0} sdss_psfmag_ps1 21.641386 18.749796 17.321365 12.963 63050395540354527 1034658775 bright_1x1 mwm_yso_disk_apogee_single mwm_yso science 0 0 0.0 0.0 -999 ""
FIBERMAP 869 R+10C1 BOSS 0 0 0 1 0 0 -167.05277730884967 198.27091837935293 143.1 -58.05142342183128 252.6385616971729 21.070833 120.64453 -999.0 -999.0 -999.0 -999.0 -999.0 279.6094143656199 -9.428820433115755 279.62736539235345 -9.396182659210806 41.65154441132454 146.3379827269198 -999.0 5400.0 -999.0 1 79 {-999.0 -999.0 -999.0 -999.0 -999.0} "" -999.0 -999.0 -999.0 -999.0 -999 -999 "" "" "" "" 0 0 0.0 0.0 -999 ""
FIBERMAP 869 R+10C1 METROLOGY 0 0 0 1 0 0 -167.7653005924771 198.0310508102912 143.1 -58.79472492511185 252.75056900616738 21.070833 120.64453 -999.0 -999.0 -999.0 -999.0 -999.0 279.60598013138804 -9.428267032071032 279.62396246806503 -9.395695815879737 41.653559513457 146.34163513229873 -999.0 6231.0 -999.0 -1 -999 {-999.0 -999.0 -999.0 -999.0 -999.0} "" -999.0 -999.0 -999.0 -999.0 -999 -999 "" "" "" "" 0 0 0.0 0.0 -999 ""
FIBERMAP 870 R0C26 APOGEE 1 1 0 1 0 0 283.55202521604946 9.050819876956966 143.1 256.3445617317201 -121.42923626050847 63.57959 80.44416 281.05214044614627 -11.122853982443628 -1.7134529 -7.7083473 0.10618855 281.05213750109 -11.122837230504304 281.0737095677045 -11.08576405179006 39.4875169520151 145.75313045190336 16000.0 16600.0 2016.0 2 38 {-999.0 17.293406 15.110272 14.113289 -999.0} sdss_psfmag_ps1 16.188398 14.60632 13.402911 10.318 63050395431103172 1153725866 bright_1x1 mwm_galactic_core_dist_apogee_sparse mwm_galactic science 0 0 0.0 0.0 -999 ""
FIBERMAP 870 R0C26 BOSS 0 0 0 1 0 0 284.16893184518096 8.642002474209756 143.1 256.70660282309063 -122.07456893736608 63.57959 80.44416 -999.0 -999.0 -999.0 -999.0 -999.0 281.0538739792729 -11.125943121898475 281.07533120332255 -11.088646887131869 39.48422405382695 145.7531252971748 -999.0 5400.0 -999.0 1 173 {-999.0 -999.0 -999.0 -999.0 -999.0} "" -999.0 -999.0 -999.0 -999.0 -999 -999 "" "" "" "" 0 0 0.0 0.0 -999 ""
FIBERMAP 870 R0C26 METROLOGY 0 0 0 1 0 0 283.48019124624005 8.308179749537922 143.1 255.9415521740395 -122.05699212592761 63.57959 80.44416 -999.0 -999.0 -999.0 -999.0 -999.0 281.0503690154075 -11.125830901039084 281.07186218402074 -11.088605369956415 39.48590193469379 145.75696355380185 -999.0 6231.0 -999.0 -1 -999 {-999.0 -999.0 -999.0 -999.0 -999.0} "" -999.0 -999.0 -999.0 -999.0 -999 -999 "" "" "" "" 0 0 0.0 0.0 -999 ""
FIBERMAP 871 R-7C18 APOGEE 1 1 0 1 0 0 181.57076073104432 -122.03795538968765 143.1 105.7753808931082 -191.4608751968177 92.43965 60.907536 280.360107421875 -11.44251088177171 -999.0 -999.0 -999.0 280.36011694872866 -11.442527576085066 280.38282077377045 -11.407099634105501 39.527856974558105 146.7237472435404 16000.0 16600.0 2015.5 2 234 {-999.0 -999.0 -999.0 -999.0 -999.0} "" -999.0 -999.0 -999.0 -999.0 27021603147971313 848944114 "" ops_sky_apogee_good ops_sky sky_apogee 0 0 0.0 0.0 -999 ""
FIBERMAP 871 R-7C18 BOSS 0 0 0 1 0 0 182.22633681060657 -122.41012531798589 143.1 106.18855189344603 -192.09126877618814 92.43965 60.907536 -999.0 -999.0 -999.0 -999.0 -999.0 280.3621482365329 -11.445613868601503 280.3847400259299 -11.409960857656325 39.5244470027953 146.72334118322246 -999.0 5400.0 -999.0 1 276 {-999.0 -999.0 -999.0 -999.0 -999.0} "" -999.0 -999.0 -999.0 -999.0 -999 -999 "" "" "" "" 0 0 0.0 0.0 -999 ""
FIBERMAP 871 R-7C18 METROLOGY 0 0 0 1 0 0 181.5918853934248 -122.80173390564966 143.1 105.44540293310726 -192.14988120665072 92.43965 60.907536 -999.0 -999.0 -999.0 -999.0 -999.0 280.3586783427912 -11.445819276023276 280.38130599205203 -11.410237068974846 39.52578759565711 146.72736016888888 -999.0 6231.0 -999.0 -1 -999 {-999.0 -999.0 -999.0 -999.0 -999.0} "" -999.0 -999.0 -999.0 -999.0 -999 -999 "" "" "" "" 0 0 0.0 0.0 -999 ""
FIBERMAP 872 R+4C23 APOGEE 1 1 0 1 0 0 232.02095935640426 66.81793142600569 143.1 236.88757787511332 -46.51612462385193 249.18123 79.61336 280.9648298805851 -10.784833496012471 -2.4442732 -5.227961 0.123196244 280.96482382954963 -10.784843669814938 280.98560443700046 -10.748175102849183 39.82493765442849 145.6399128134556 16000.0 16600.0 2016.0 2 77 {-999.0 17.542555 15.540352 14.603621 -999.0} sdss_psfmag_ps1 16.48398 15.031834 13.850297 10.957 63050395431920623 1153726579 bright_1x1 mwm_galactic_core_dist_apogee_sparse mwm_galactic science 0 0 0.0 0.0 -999 ""
FIBERMAP 872 R+4C23 BOSS 0 0 0 1 0 0 231.40475626190187 67.23044229463106 143.1 236.52784912285404 -45.867827970088555 249.18123 79.61336 -999.0 -999.0 -999.0 -999.0 -999.0 280.9633370099402 -10.782132710090965 280.9839914009986 -10.745255294421412 39.828259728453354 145.63988304999077 -999.0 5400.0 -999.0 1 247 {-999.0 -999.0 -999.0 -999.0 -999.0} "" -999.0 -999.0 -999.0 -999.0 -999 -999 "" "" "" "" 0 0 0.0 0.0 -999 ""
FIBERMAP 872 R+4C23 METROLOGY 0 0 0 1 0 0 232.07575856896545 67.56610866118518 143.1 237.277963925243 -45.87566499405317 249.18123 79.61336 -999.0 -999.0 -999.0 -999.0 -999.0 280.96671335117156 -10.78209518994046 280.98740006871907 -10.74526963859847 39.8266293800213 145.6360739690007 -999.0 6231.0 -999.0 -1 -999 {-999.0 -999.0 -999.0 -999.0 -999.0} "" -999.0 -999.0 -999.0 -999.0 -999 -999 "" "" "" "" 0 0 0.0 0.0 -999 ""
FIBERMAP 875 R+1C7 APOGEE 1 1 0 1 0 0 -155.357498561812 8.88670546283011 143.1 -134.1281979924943 78.84609943529118 235.84535 108.8265 279.2540402072317 -10.212310496052362 -1.6619611 -4.2208257 0.20801406 279.2540514225235 -10.212328908456278 279.2742185664582 -10.180432967382188 41.12087485777605 147.23660582241865 16000.0 16600.0 2016.0 2 138 {-999.0 24.087425 24.533993 17.694765 -999.0} sdss_psfmag_gaia 21.5817 18.025301 16.39047 10.903 63050395539650880 1154737974 bright_1x1 mwm_galactic_core_dist_apogee_sparse mwm_galactic science 0 0 0.0 0.0 -999 ""
FIBERMAP 875 R+1C7 BOSS 0 0 0 1 0 0 -156.07472676504446 9.098284417109465 143.1 -134.66953825124733 79.36180430571878 235.84535 108.8265 -999.0 -999.0 -999.0 -999.0 -999.0 279.25163398839214 -10.210158820372511 279.27168707909686 -10.178063117774593 41.12412818119435 147.23808425292842 -999.0 5400.0 -999.0 1 21 {-999.0 -999.0 -999.0 -999.0 -999.0} "" -999.0 -999.0 -999.0 -999.0 -999 -999 "" "" "" "" 0 0 0.0 0.0 -999 ""
FIBERMAP 875 R+1C7 METROLOGY 0 0 0 1 0 0 -155.53304702228982 9.620890755107885 143.1 -133.9490890000974 79.57929835733879 235.84535 108.8265 -999.0 -999.0 -999.0 -999.0 -999.0 279.25493561906495 -10.209125939751159 279.27501572931584 -10.177080824464133 41.1234844116172 147.23362484223827 -999.0 6231.0 -999.0 -1 -999 {-999.0 -999.0 -999.0 -999.0 -999.0} "" -999.0 -999.0 -999.0 -999.0 -999 -999 "" "" "" "" 0 0 0.0 0.0 -999 ""
FIBERMAP 877 R+13C4 APOGEE 1 1 0 1 0 0 -64.82139408291185 242.9028490786462 143.1 53.26103734036499 245.655028063298 350.5219 90.3392 280.1200966275824 -9.461045429895666 -3.4561794 -7.2659707 0.04390751 280.1200466833411 -9.461105212107727 280.1379565616496 -9.427317713865683 41.3843968957612 145.76612606667172 16000.0 16600.0 2016.0 2 114 {-999.0 22.065672 18.996572 15.932442 -999.0} sdss_psfmag_ps1 20.542814 15.449016 13.785534 8.244 63050395540130146 1153920603 bright_1x1 mwm_galactic_core_dist_apogee_sparse mwm_galactic science 0 0 0.0 0.0 -999 ""
FIBERMAP 877 R+13C4 BOSS 0 0 0 1 0 0 -64.91820778839198 242.1721866900947 143.1 52.841278453241685 245.04933267727097 350.5219 90.3392 -999.0 -999.0 -999.0 -999.0 -999.0 280.11824089701105 -9.463985940367541 280.1360461719351 -9.429998544635106 41.38294804769197 145.77004353588262 -999.0 5400.0 -999.0 1 86 {-999.0 -999.0 -999.0 -999.0 -999.0} "" -999.0 -999.0 -999.0 -999.0 -999 -999 "" "" "" "" 0 0 0.0 0.0 -999 ""
FIBERMAP 877 R+13C4 METROLOGY 0 0 0 1 0 0 -65.50682871599045 242.60542403044732 143.1 52.51554769746908 245.70346997740592 350.5219 90.3392 -999.0 -999.0 -999.0 -999.0 -999.0 280.1167100597667 -9.46100365708512 280.13454056738914 -9.427079343370927 41.38622195493376 145.769915147871 -999.0 6231.0 -999.0 -1 -999 {-999.0 -999.0 -999.0 -999.0 -999.0} "" -999.0 -999.0 -999.0 -999.0 -999 -999 "" "" "" "" 0 0 0.0 0.0 -999 ""
FIBERMAP 880 R-8C1 APOGEE 1 1 0 1 0 0 -182.32253125266038 -162.10037785348186 143.1 -236.19147737351588 -60.9289884738438 36.57497 49.060333 278.7827231535352 -10.844381029486325 -4.9123664 -8.409129 -0.16700302 278.78271736807966 -10.84440320360283 278.80467636703276 -10.813421793496344 40.76881386865026 148.1632333990464 16000.0 16600.0 2016.0 2 276 {-999.0 24.718307 24.217237 18.735712 -999.0} sdss_psfmag_gaia 22.30733 19.21364 17.520351 10.422 63050395538969066 1154736508 bright_1x1 mwm_galactic_core_dist_apogee_sparse mwm_galactic science 0 0 0.0 0.0 -999 ""
FIBERMAP 880 R-8C1 BOSS 0 0 0 1 0 0 -182.35670930329303 -162.8549051231217 143.1 -236.5664211193614 -61.58451262048319 36.57497 49.060333 -999.0 -999.0 -999.0 -999.0 -999.0 278.78108327322064 -10.847572704555441 278.8029421740992 -10.816382842694887 40.76694109231958 148.1670056176762 -999.0 5400.0 -999.0 1 418 {-999.0 -999.0 -999.0 -999.0 -999.0} "" -999.0 -999.0 -999.0 -999.0 -999 -999 "" "" "" "" 0 0 0.0 0.0 -999 ""
FIBERMAP 880 R-8C1 METROLOGY 0 0 0 1 0 0 -182.98570551591746 -162.44777774342896 143.1 -236.93998728228996 -60.93516264903241 36.57497 49.060333 -999.0 -999.0 -999.0 -999.0 -999.0 278.77936548032085 -10.844556092656882 278.801248458497 -10.813432125657556 40.77032506845611 148.1672063428624 -999.0 6231.0 -999.0 -1 -999 {-999.0 -999.0 -999.0 -999.0 -999.0} "" -999.0 -999.0 -999.0 -999.0 -999 -999 "" "" "" "" 0 0 0.0 0.0 -999 ""
FIBERMAP 885 R+12C10 APOGEE 0 0 0 1 0 0 55.6318237991773 243.44640868395538 143.1 160.64903412552357 191.13539235335932 60.685642 99.01088 -999.0 -999.0 -999.0 -999.0 -999.0 280.6130073384964 -9.70848269002289 280.63130069573134 -9.673282703062595 40.9343159984945 145.35756666003027 -999.0 16600.0 -999.0 2 -999 {-999.0 -999.0 -999.0 -999.0 -999.0} "" -999.0 -999.0 -999.0 -999.0 -999 -999 "" "" "" "" 0 0 0.0 0.0 -999 ""
FIBERMAP 885 R+12C10 BOSS 1 1 0 1 0 0 56.34283648240366 243.20377305039742 143.1 161.1706642951547 190.59490165211471 60.685642 99.01088 280.61553955078125 -9.711128399544549 -999.0 -999.0 -999.0 280.6155361374004 -9.7111172153784 280.6337190900732 -9.67570355685551 40.93104278585167 145.3563606941917 5400.0 5400.0 2015.5 1 153 {-999.0 -999.0 -999.0 -999.0 -999.0} "" -999.0 -999.0 -999.0 -999.0 27021603148707489 852779583 "" ops_sky_boss_fallback ops_sky sky_boss 0 0 0.0 0.0 -999 ""
FIBERMAP 885 R+12C10 METROLOGY 0 0 0 1 0 0 55.77768650532629 242.714707890279 143.1 160.44465498816635 190.41795886874053 60.685642 99.01088 -999.0 -999.0 -999.0 -999.0 -999.0 280.61218869075066 -9.711834514130972 280.63040777703833 -9.67648755460959 40.93193989672464 145.3606425930691 -999.0 6231.0 -999.0 -1 -999 {-999.0 -999.0 -999.0 -999.0 -999.0} "" -999.0 -999.0 -999.0 -999.0 -999 -999 "" "" "" "" 0 0 0.0 0.0 -999 ""
FIBERMAP 886 R+3C2 APOGEE 0 0 0 1 0 0 -241.07780681088613 74.20521989753504 143.1 -180.54733001140883 176.0879678372916 138.93282 84.0636 -999.0 -999.0 -999.0 -999.0 -999.0 279.04526098051645 -9.772420561787685 279.06442744060195 -9.741291656251356 41.60579846576762 147.21031326511272 -999.0 16600.0 -999.0 2 -999 {-999.0 -999.0 -999.0 -999.0 -999.0} "" -999.0 -999.0 -999.0 -999.0 -999 -999 "" "" "" "" 0 0 0.0 0.0 -999 ""
FIBERMAP 886 R+3C2 BOSS 1 1 0 1 0 0 -240.57154992778902 74.70846168140308 143.1 -179.8672309361638 176.30441296262387 138.93282 84.0636 279.0485022315402 -9.771589162616786 -14.049738 -15.519797 1.2357694 279.0484680149856 -9.771631566441856 279.06752336196763 -9.74029090652535 41.60527605474964 147.2060758891791 5400.0 5400.0 2016.0 1 73 {-999.0 18.29864 16.395954 15.478225 -999.0} sdss_psfmag_ps1 17.392973 16.020985 14.881665 -999.0 63050395540293801 917199802 bright_4x1 mwm_yso_pms_boss_sagitta_edr3 mwm_yso science 0 0 0.0 0.0 -999 ""
FIBERMAP 886 R+3C2 METROLOGY 0 0 0 1 0 0 -240.36159283847633 73.9961755810929 143.1 -180.0057344792329 175.57498058972476 138.93282 84.0636 -999.0 -999.0 -999.0 -999.0 -999.0 279.04776954264025 -9.774859076181531 279.06686375597883 -9.743576365866778 41.60266278771481 147.20887719733943 -999.0 6231.0 -999.0 -1 -999 {-999.0 -999.0 -999.0 -999.0 -999.0} "" -999.0 -999.0 -999.0 -999.0 -999 -999 "" "" "" "" 0 0 0.0 0.0 -999 ""
FIBERMAP 891 R+9C3 APOGEE 1 1 0 1 0 0 -150.6988533388783 166.91072738904273 143.1 -57.82521354830698 217.2767747730629 195.25781 151.22333 279.60934231852 -9.58691756020983 -1.0567598 -2.5387814 0.25799295 279.60934537854115 -9.586924485367659 279.6277981461569 -9.554410816892428 41.511843002070826 146.437307241151 16000.0 16600.0 2016.0 2 99 {-999.0 16.45938 14.367903 13.333283 -999.0} sdss_psfmag_from_g3xp 15.419465 13.975664 12.816286 9.859 63050395540326721 1152260186 bright_1x1 mwm_galactic_core_dist_apogee_sparse mwm_galactic science 0 0 0.0 0.0 -999 ""
FIBERMAP 891 R+9C3 BOSS 0 0 0 1 0 0 -151.43646976579495 167.07997163644723 143.1 -58.40402006063921 217.76413406870415 195.25781 151.22333 -999.0 -999.0 -999.0 -999.0 -999.0 279.606798769748 -9.584901165104267 279.62513749623514 -9.552191903436396 41.51503675282081 146.43900050005027 -999.0 5400.0 -999.0 1 58 {-999.0 -999.0 -999.0 -999.0 -999.0} "" -999.0 -999.0 -999.0 -999.0 -999 -999 "" "" "" "" 0 0 0.0 0.0 -999 ""
FIBERMAP 891 R+9C3 METROLOGY 0 0 0 1 0 0 -150.92991016502623 167.62788869680168 143.1 -57.7032514457605 218.02017837907755 195.25781 151.22333 -999.0 -999.0 -999.0 -999.0 -999.0 279.6099968140323 -9.583704428288026 279.62836234403886 -9.551044994970386 41.51454902919133 146.43453290331308 -999.0 6231.0 -999.0 -1 -999 {-999.0 -999.0 -999.0 -999.0 -999.0} "" -999.0 -999.0 -999.0 -999.0 -999 -999 "" "" "" "" 0 0 0.0 0.0 -999 ""
FIBERMAP 894 R+13C9 APOGEE 1 1 0 1 0 0 48.113190061392096 261.01637354795827 143.1 161.98447376127635 210.1966565692942 61.528305 82.86046 280.618503607612 -9.623000774817866 -3.414595 -7.6492767 0.0035203681 280.61849386487836 -9.623005224893692 280.6365739610638 -9.587833642482442 41.0065100009293 145.29663479359044 16000.0 16600.0 2016.0 2 56 {-999.0 19.257427 16.544092 14.763887 -999.0} sdss_psfmag_ps1 17.737484 15.389303 14.007278 10.211 63050395539996810 1153920239 bright_1x1 mwm_galactic_core_dist_apogee_sparse mwm_galactic science 0 0 0.0 0.0 -999 ""
FIBERMAP 894 R+13C9 BOSS 0 0 0 1 0 0 48.72757441942221 260.59324957241284 143.1 162.33773848530015 209.53975035012868 61.528305 82.86046 -999.0 -999.0 -999.0 -999.0 -999.0 280.6202481563263 -9.626160107394332 280.63821966865237 -9.59077722237422 41.00314878886116 145.29664878061433 -999.0 5400.0 -999.0 1 165 {-999.0 -999.0 -999.0 -999.0 -999.0} "" -999.0 -999.0 -999.0 -999.0 -999 -999 "" "" "" "" 0 0 0.0 0.0 -999 ""
FIBERMAP 894 R+13C9 METROLOGY 0 0 0 1 0 0 48.055379658432194 260.26014101474345 143.1 161.58773101254195 209.550406989807 61.528305 82.86046 -999.0 -999.0 -999.0 -999.0 -999.0 280.616791428855 -9.626029764406496 280.6347969834595 -9.590714121980971 41.00484244011386 145.30051776129284 -999.0 6231.0 -999.0 -1 -999 {-999.0 -999.0 -999.0 -999.0 -999.0} "" -999.0 -999.0 -999.0 -999.0 -999 -999 "" "" "" "" 0 0 0.0 0.0 -999 ""
FIBERMAP 895 R+11C14 APOGEE 1 1 0 1 0 0 117.51124208440196 226.54299724510514 143.1 207.97037248614708 147.8439893024806 122.91249 107.03368 280.83021707490036 -9.904738817082391 -0.56424636 -1.8023659 0.022417478 280.83021632190605 -9.9047615056544 280.8488915787801 -9.868894888454921 40.659166476973716 145.23550223018484 16000.0 16600.0 2016.0 2 96 {-999.0 18.364498 15.695136 14.4966755 -999.0} sdss_psfmag_ps1 16.868546 15.023686 13.743818 10.315 63050395539830771 1153919907 bright_1x1 mwm_galactic_core_dist_apogee_sparse mwm_galactic science 0 0 0.0 0.0 -999 ""
FIBERMAP 895 R+11C14 BOSS 0 0 0 1 0 0 117.9932217324397 227.11735247907995 143.1 208.66135050342152 148.13477369219234 122.91249 107.03368 -999.0 -999.0 -999.0 -999.0 -999.0 280.8334822887681 -9.903669777157658 280.85203597596757 -9.867587690857498 40.658800660799976 145.23109619890917 -999.0 5400.0 -999.0 1 88 {-999.0 -999.0 -999.0 -999.0 -999.0} "" -999.0 -999.0 -999.0 -999.0 -999 -999 "" "" "" "" 0 0 0.0 0.0 -999 ""
FIBERMAP 895 R+11C14 METROLOGY 0 0 0 1 0 0 118.25305572141382 226.41735224107933 143.1 208.57282122681784 147.39349373003552 122.91249 107.03368 -999.0 -999.0 -999.0 -999.0 -999.0 280.83306746445027 -9.906950888102322 280.85166267872535 -9.870927012882914 40.65606256040152 145.23366213912817 -999.0 6231.0 -999.0 -1 -999 {-999.0 -999.0 -999.0 -999.0 -999.0} "" -999.0 -999.0 -999.0 -999.0 -999 -999 "" "" "" "" 0 0 0.0 0.0 -999 ""
FIBERMAP 896 R-8C17 APOGEE 1 1 0 1 0 0 166.00513674232042 -146.03456820348194 143.1 80.97250542491018 -205.69739140776645 45.508114 116.41171 280.2452366265016 -11.506859547785568 -3.7006218 -6.062969 0.14482805 280.2452235687533 -11.506867589090596 280.26814335650596 -11.47170697523867 39.5236095983512 146.8917344055632 16000.0 16600.0 2016.0 2 230 {-999.0 17.949085 15.646027 14.640539 -999.0} sdss_psfmag_ps1 16.782394 15.137183 13.919627 10.697 63050395430344777 1153724304 bright_1x1 mwm_galactic_core_dist_apogee_sparse mwm_galactic science 0 0 0.0 0.0 -999 ""
FIBERMAP 896 R-8C17 BOSS 0 0 0 1 0 0 166.7116404348733 -146.230368278671 143.1 81.51151171300194 -206.19416422038182 45.508114 116.41171 -999.0 -999.0 -999.0 -999.0 -999.0 280.24783665459313 -11.50935187718797 280.2706430927355 -11.47396469123914 39.52046703422574 146.89030072631246 -999.0 5400.0 -999.0 1 275 {-999.0 -999.0 -999.0 -999.0 -999.0} "" -999.0 -999.0 -999.0 -999.0 -999 -999 "" "" "" "" 0 0 0.0 0.0 -999 ""
FIBERMAP 896 R-8C17 METROLOGY 0 0 0 1 0 0 166.18919760121645 -146.76278866552067 143.1 80.80369172261585 -206.42917183548954 45.508114 116.41171 -999.0 -999.0 -999.0 -999.0 -999.0 280.2445237167747 -11.510345175709489 280.26736776256564 -11.475028046755384 39.52103205096174 146.8946226100903 -999.0 6231.0 -999.0 -1 -999 {-999.0 -999.0 -999.0 -999.0 -999.0} "" -999.0 -999.0 -999.0 -999.0 -999 -999 "" "" "" "" 0 0 0.0 0.0 -999 ""
FIBERMAP 897 R-6C3 APOGEE 1 1 0 1 0 0 -166.84045413033888 -113.13760484508606 143.1 -200.06249989411293 -24.44761645073576 14.619838 118.38795 278.94843127776517 -10.680276609270818 -4.0203633 -2.742025 0.33743194 278.9484138123074 -10.680305850453806 278.96988698406454 -10.648973762125966 40.84181648396512 147.8736038868417 16000.0 16600.0 2016.0 2 298 {-999.0 24.913815 21.076267 17.610645 -999.0} sdss_psfmag_ps1 22.005205 17.425585 15.783254 9.782 63050395538984858 1153915418 bright_1x1 mwm_galactic_core_dist_apogee_sparse mwm_galactic science 0 0 0.0 0.0 -999 ""
FIBERMAP 897 R-6C3 BOSS 0 0 0 1 0 0 -166.33050605851165 -113.67573530632366 143.1 -199.85464429330548 -25.1591285112987 14.619838 118.38795 -999.0 -999.0 -999.0 -999.0 -999.0 278.9494104609281 -10.68375809140284 278.9707825274011 -10.652211460588553 40.838532892050914 147.87451518899215 -999.0 5400.0 -999.0 1 445 {-999.0 -999.0 -999.0 -999.0 -999.0} "" -999.0 -999.0 -999.0 -999.0 -999 -999 "" "" "" "" 0 0 0.0 0.0 -999 ""
FIBERMAP 897 R-6C3 METROLOGY 0 0 0 1 0 0 -167.05303909669698 -113.85122789906717 143.1 -200.57745334813407 -24.985290649449677 14.619838 118.38795 -999.0 -999.0 -999.0 -999.0 -999.0 278.94608226559825 -10.682886396845918 278.9674846570512 -10.651408504688073 40.84072253360928 147.87784722373692 -999.0 6231.0 -999.0 -1 -999 {-999.0 -999.0 -999.0 -999.0 -999.0} "" -999.0 -999.0 -999.0 -999.0 -999 -999 "" "" "" "" 0 0 0.0 0.0 -999 ""
FIBERMAP 898 R+4C19 APOGEE 1 1 0 1 0 0 168.61364593975918 84.17424559477467 143.1 188.41403036585035 -2.1241872779710937 33.851196 113.88917 280.74327618183315 -10.583798636454894 -0.101489335 -7.385185 0.13408685 280.74327192244226 -10.583825773780703 280.7636635459122 -10.547840854762883 40.10561360815061 145.7632151534525 16000.0 16600.0 2016.0 2 90 {-999.0 16.991096 14.690151 13.020696 -999.0} sdss_psfmag_from_g3xp 15.813373 13.725144 12.397921 8.943 63050395432164509 1152174621 bright_1x1 mwm_galactic_core_dist_apogee_sparse mwm_galactic science 0 0 0.0 0.0 -999 ""
FIBERMAP 898 R+4C19 BOSS 0 0 0 1 0 0 169.21653283515602 83.76371143305522 143.1 188.76281736213522 -2.76464506754889 33.851196 113.88917 -999.0 -999.0 -999.0 -999.0 -999.0 280.74504462104096 -10.58694792119825 280.7653245365977 -10.550744431370749 40.102282541124836 145.76317052930432 -999.0 5400.0 -999.0 1 208 {-999.0 -999.0 -999.0 -999.0 -999.0} "" -999.0 -999.0 -999.0 -999.0 -999 -999 "" "" "" "" 0 0 0.0 0.0 -999 ""
FIBERMAP 898 R+4C19 METROLOGY 0 0 0 1 0 0 168.55389971929915 83.42734456612936 143.1 188.0198268498903 -2.761252782157447 33.851196 113.88917 -999.0 -999.0 -999.0 -999.0 -999.0 280.7415928243539 -10.58687281485465 280.7619078289678 -10.550738574038043 40.103904014850876 145.76701640286004 -999.0 6231.0 -999.0 -1 -999 {-999.0 -999.0 -999.0 -999.0 -999.0} "" -999.0 -999.0 -999.0 -999.0 -999 -999 "" "" "" "" 0 0 0.0 0.0 -999 ""
FIBERMAP 899 R+4C21 APOGEE 1 1 0 1 0 0 209.63987568551636 61.49309337278224 143.1 214.54872042834768 -41.032441008418544 333.0274 76.7975 280.8628629291241 -10.760244484032643 8.406115 -8.905525 0.41096887 280.86289712125443 -10.760275245231176 280.8836666701461 -10.723886200728353 39.8945303042217 145.73893376349747 16000.0 16600.0 2016.0 2 33 {-999.0 14.817771 13.175694 12.2755785 -999.0} sdss_psfmag_gaia 14.083095 12.916446 11.860786 9.305 63050395431971154 1154701886 bright_1x1 mwm_galactic_core_dist_apogee_sparse mwm_galactic science 0 0 0.0 0.0 -999 ""
FIBERMAP 899 R+4C21 BOSS 0 0 0 1 0 0 209.15835268851262 60.92517400963192 143.1 213.86108743130137 -41.317709392653654 333.0274 76.7975 -999.0 -999.0 -999.0 -999.0 -999.0 280.85991320294164 -10.761798502388995 280.8805683263629 -10.725202664094166 39.89484332782341 145.74323742932367 -999.0 5400.0 -999.0 1 193 {-999.0 -999.0 -999.0 -999.0 -999.0} "" -999.0 -999.0 -999.0 -999.0 -999 -999 "" "" "" "" 0 0 0.0 0.0 -999 ""
FIBERMAP 899 R+4C21 METROLOGY 0 0 0 1 0 0 208.91025893547572 61.63378174978085 143.1 213.963989805392 -40.574134295536986 333.0274 76.7975 -999.0 -999.0 -999.0 -999.0 -999.0 280.86034500216414 -10.758362956006625 280.8810253407868 -10.721828375776225 39.89758389291172 145.74060568026584 -999.0 6231.0 -999.0 -1 -999 {-999.0 -999.0 -999.0 -999.0 -999.0} "" -999.0 -999.0 -999.0 -999.0 -999 -999 "" "" "" "" 0 0 0.0 0.0 -999 ""
FIBERMAP 901 R+8C13 APOGEE 0 0 0 1 0 0 61.305426263781335 148.943204146567 143.1 122.54210501667194 104.48665551801514 174.81361 158.49252 -999.0 -999.0 -999.0 -999.0 -999.0 280.4398001110407 -10.099020876891089 280.45913833362016 -10.064077413875506 40.673838451747784 145.80291816602633 -999.0 16600.0 -999.0 2 -999 {-999.0 -999.0 -999.0 -999.0 -999.0} "" -999.0 -999.0 -999.0 -999.0 -999 -999 "" "" "" "" 0 0 0.0 0.0 -999 ""
FIBERMAP 901 R+8C13 BOSS 1 1 0 1 0 0 60.63732182650417 149.27915201838576 143.1 122.10125014319519 105.09055146779066 174.81361 158.49252 280.4379337567522 -10.096430572543268 -1.6405246 -4.2538333 0.26495507 280.4379247556877 -10.096445719011031 280.45714178789467 -10.061300237437672 40.677218376880546 145.80343444807625 5400.0 5400.0 2016.0 1 151 {-999.0 19.208546 17.953117 17.363085 16.944359} sdss_psfmag_from_ps1dr2 18.7096 17.9012 16.9187 -999.0 63050395539804149 1040007353 "" ops_std_boss_ps1dr2 ops_std standard_boss 0 0 0.0 0.0 -999 ""
FIBERMAP 901 R+8C13 METROLOGY 0 0 0 1 0 0 61.25518267344214 149.68760831242156 143.1 122.83733549957724 105.17172529446324 174.81361 158.49252 -999.0 -999.0 -999.0 -999.0 -999.0 280.4412717157768 -10.096036998617441 280.4605189458131 -10.060941973857851 40.67593652677101 145.7993613175718 -999.0 6231.0 -999.0 -1 -999 {-999.0 -999.0 -999.0 -999.0 -999.0} "" -999.0 -999.0 -999.0 -999.0 -999 -999 "" "" "" "" 0 0 0.0 0.0 -999 ""
FIBERMAP 903 R+10C13 APOGEE 0 0 0 1 0 0 90.15846182946808 212.66479816055875 143.1 177.30356784844014 147.98994515996642 128.46796 69.10278 -999.0 -999.0 -999.0 -999.0 -999.0 280.69032831232084 -9.903256192441619 280.7090657122731 -9.867756166348027 40.72707152368531 145.39358888444164 -999.0 16600.0 -999.0 2 -999 {-999.0 -999.0 -999.0 -999.0 -999.0} "" -999.0 -999.0 -999.0 -999.0 -999 -999 "" "" "" "" 0 0 0.0 0.0 -999 ""
FIBERMAP 903 R+10C13 BOSS 1 1 0 1 0 0 90.85389093248716 212.9010082956528 143.1 178.02999444210295 147.8824904608666 128.46796 69.10278 280.6938171386719 -9.903953286582066 -999.0 -999.0 -999.0 280.6937944374417 -9.903945376804712 280.7124153096877 -9.868228685834383 40.725058508315776 145.39008244298452 5400.0 5400.0 2015.5 1 98 {-999.0 -999.0 -999.0 -999.0 -999.0} "" -999.0 -999.0 -999.0 -999.0 27021603148707245 852779519 "" ops_sky_boss_fallback ops_sky sky_boss 0 0 0.0 0.0 -999 ""
FIBERMAP 903 R+10C13 METROLOGY 0 0 0 1 0 0 90.71648964665874 212.1695538413049 143.1 177.57377234591138 147.2946242511873 128.46796 69.10278 -999.0 -999.0 -999.0 -999.0 -999.0 280.6916862935559 -9.906531926899762 280.7103475799275 -9.870878168603838 40.72372866014573 145.3941282350161 -999.0 6231.0 -999.0 -1 -999 {-999.0 -999.0 -999.0 -999.0 -999.0} "" -999.0 -999.0 -999.0 -999.0 -999 -999 "" "" "" "" 0 0 0.0 0.0 -999 ""
FIBERMAP 904 R+7C9 APOGEE 1 1 0 1 0 0 -39.17680613377306 115.77766912175825 143.1 18.021419233428016 120.87050639742175 311.4719 47.040443 279.9574523874062 -10.023137419773658 -3.354395 -6.3896437 -0.1569816 279.957447099001 -10.023169781410491 279.97682218643934 -9.989527018094245 40.96583744197515 146.30760709911453 16000.0 16600.0 2016.0 2 23 {-999.0 21.684673 18.372198 15.544863 -999.0} sdss_psfmag_ps1 19.472473 15.866882 14.313467 9.753 63050395539698153 1153919427 bright_1x1 mwm_galactic_core_dist_apogee_sparse mwm_galactic science 0 0 0.0 0.0 -999 ""
FIBERMAP 904 R+7C9 BOSS 0 0 0 1 0 0 -39.912116934579366 115.78154705245262 143.1 17.369151515945372 121.20972412280913 311.4719 47.040443 -999.0 -999.0 -999.0 -999.0 -999.0 279.95455634352936 -10.021775334150703 279.9738163285612 -9.987933922130958 40.96864260398788 146.31006068457387 -999.0 5400.0 -999.0 1 131 {-999.0 -999.0 -999.0 -999.0 -999.0} "" -999.0 -999.0 -999.0 -999.0 -999 -999 "" "" "" "" 0 0 0.0 0.0 -999 ""
FIBERMAP 904 R+7C9 METROLOGY 0 0 0 1 0 0 -39.54818733737587 116.43322549513128 143.1 17.99043575371467 121.62319110446685 311.4719 47.040443 -999.0 -999.0 -999.0 -999.0 -999.0 279.95739738373527 -10.019858030213017 279.9766833180218 -9.986068791014468 40.96894791548962 146.30559730414572 -999.0 6231.0 -999.0 -1 -999 {-999.0 -999.0 -999.0 -999.0 -999.0} "" -999.0 -999.0 -999.0 -999.0 -999 -999 "" "" "" "" 0 0 0.0 0.0 -999 ""
FIBERMAP 905 R-1C5 APOGEE 1 1 0 1 0 0 -187.2272257599387 -2.9177643390329067 143.1 -167.86576464973786 82.89917447043247 106.664825 85.153275 279.09913754771696 -10.193549475360477 -5.5625052 -4.8316092 0.803888 279.0991210752358 -10.193564727814776 279.1193117911254 -10.162084153625816 41.207485971124406 147.40506271475832 16000.0 16600.0 2016.0 2 266 {-999.0 17.319067 15.761297 14.864849 -999.0} sdss_psfmag_ps1 16.6135 15.362717 14.26992 11.728 63050395539261495 1034951657 bright_1x1 mwm_yso_pms_apogee_sagitta_edr3_single mwm_yso science 0 0 0.0 0.0 -999 ""
FIBERMAP 905 R-1C5 BOSS 0 0 0 1 0 0 -186.50647531167658 -2.750241244335246 143.1 -167.14818030829613 82.71906195401267 106.664825 85.153275 -999.0 -999.0 -999.0 -999.0 -999.0 279.10246685154374 -10.194572203929717 279.1225496200919 -10.162875506318507 41.2053166675869 147.401785923634 -999.0 5400.0 -999.0 1 485 {-999.0 -999.0 -999.0 -999.0 -999.0} "" -999.0 -999.0 -999.0 -999.0 -999 -999 "" "" "" "" 0 0 0.0 0.0 -999 ""
FIBERMAP 905 R-1C5 METROLOGY 0 0 0 1 0 0 -186.71114397446254 -3.462098354233456 143.1 -167.65528603905386 82.17934365470009 106.664825 85.153275 -999.0 -999.0 -999.0 -999.0 -999.0 279.10009968669505 -10.196961240250797 279.1202203554394 -10.16532815231053 41.20419433618725 147.40599166418627 -999.0 6231.0 -999.0 -1 -999 {-999.0 -999.0 -999.0 -999.0 -999.0} "" -999.0 -999.0 -999.0 -999.0 -999 -999 "" "" "" "" 0 0 0.0 0.0 -999 ""
FIBERMAP 906 R+11C11 APOGEE 1 1 0 1 0 0 68.86294746479896 199.79173372977945 143.1 152.4835121668406 146.26398266369165 355.14615 67.789795 280.5767856073978 -9.910410628663618 -2.5709414 -6.4497356 0.28921038 280.57676383882347 -9.910437355788854 280.5955722210414 -9.875230747000968 40.77463932476563 145.5275277490918 16000.0 16600.0 2016.0 2 1 {-999.0 15.859112 14.134754 13.123685 -999.0} sdss_psfmag_gaia 15.046498 13.788756 12.69203 9.963 63050395539839464 1154738042 bright_1x1 mwm_galactic_core_dist_apogee_sparse mwm_galactic science 0 0 0.0 0.0 -999 ""
FIBERMAP 906 R+11C11 BOSS 0 0 0 1 0 0 68.5357042683229 199.12668219006008 143.1 151.88875284269207 145.821868401061 355.14615 67.789795 -999.0 -999.0 -999.0 -999.0 -999.0 280.5741956495656 -9.912596669264005 280.59289457666074 -9.877188570535177 40.774199450359376 145.53182668054313 -999.0 5400.0 -999.0 1 108 {-999.0 -999.0 -999.0 -999.0 -999.0} "" -999.0 -999.0 -999.0 -999.0 -999 -999 "" "" "" "" 0 0 0.0 0.0 -999 ""
FIBERMAP 906 R+11C11 METROLOGY 0 0 0 1 0 0 68.11517101585383 199.7375575826023 143.1 151.7936470964935 146.55725514803495 355.14615 67.789795 -999.0 -999.0 -999.0 -999.0 -999.0 280.57370525091767 -9.909219900330472 280.5924289526972 -9.873873498537282 40.7773236727485 145.53024239329594 -999.0 6231.0 -999.0 -1 -999 {-999.0 -999.0 -999.0 -999.0 -999.0} "" -999.0 -999.0 -999.0 -999.0 -999 -999 "" "" "" "" 0 0 0.0 0.0 -999 ""
FIBERMAP 907 R-6C6 APOGEE 0 0 0 1 0 0 -122.01539412984289 -132.90861969730196 143.1 -169.2199862773125 -62.50206154084196 283.43045 62.95008 -999.0 -999.0 -999.0 -999.0 -999.0 279.08935475918713 -10.85404562191531 279.11119698848097 -10.822255136344587 40.62431457324428 147.81466015212914 -999.0 16600.0 -999.0 2 -999 {-999.0 -999.0 -999.0 -999.0 -999.0} "" -999.0 -999.0 -999.0 -999.0 -999 -999 "" "" "" "" 0 0 0.0 0.0 -999 ""
FIBERMAP 907 R-6C6 BOSS 1 1 0 1 0 0 -122.75091996662955 -132.72706292397547 143.1 -169.79131094148258 -62.00470523165004 283.43045 62.95008 279.0867692432592 -10.851969048035036 13.749801 -6.075391 2.5464954 279.0867913256311 -10.851999358516588 279.1085192447138 -10.820005029326126 40.62751646388838 147.81639236092977 5400.0 5400.0 2016.0 1 465 {-999.0 18.650795 16.566675 15.655041 -999.0} sdss_psfmag_ps1 17.603348 16.214731 15.052155 12.299 63050395538973964 917199696 bright_4x1 mwm_yso_pms_boss_sagitta_edr3 mwm_yso science 0 0 0.0 0.0 -999 ""
FIBERMAP 907 R-6C6 METROLOGY 0 0 0 1 0 0 -122.2365740422739 -132.19605992658174 143.1 -169.09134015600364 -61.76726101545333 283.43045 62.95008 -999.0 -999.0 -999.0 -999.0 -999.0 279.0899923409126 -10.85088089817462 279.111747261844 -10.81893872086594 40.62701958925488 147.81203373629847 -999.0 6231.0 -999.0 -1 -999 {-999.0 -999.0 -999.0 -999.0 -999.0} "" -999.0 -999.0 -999.0 -999.0 -999 -999 "" "" "" "" 0 0 0.0 0.0 -999 ""
FIBERMAP 908 R+6C18 APOGEE 0 0 0 1 0 0 163.7154479358137 121.24707498517498 143.1 200.98595908179368 33.08775090158301 344.85654 156.56177 -999.0 -999.0 -999.0 -999.0 -999.0 280.80070034415155 -10.423973309058269 280.8206697621992 -10.3879201023442 40.218695050484996 145.5980630806905 -999.0 16600.0 -999.0 2 -999 {-999.0 -999.0 -999.0 -999.0 -999.0} "" -999.0 -999.0 -999.0 -999.0 -999 -999 "" "" "" "" 0 0 0.0 0.0 -999 ""
FIBERMAP 908 R+6C18 BOSS 1 1 0 1 0 0 164.3108738116586 120.79427094758124 143.1 201.30880781727248 32.413102192840846 344.85654 156.56177 280.8023465372127 -10.427237078484417 -1.1128625 -4.037975 0.33112857 280.8023502094225 -10.427240522713728 280.82220842786336 -10.390970082465973 40.215293436870056 145.59825688296633 5400.0 5400.0 2016.0 1 203 {-999.0 18.899681 17.607676 17.049974 -999.0} sdss_psfmag_ps1 18.336151 17.530373 16.521677 14.587 63050395432186172 980270046 "" ops_std_boss_red ops_std standard_boss 0 0 0.0 0.0 -999 ""
FIBERMAP 908 R+6C18 METROLOGY 0 0 0 1 0 0 163.6199962080671 120.50710812903749 143.1 200.56316289340117 32.473157524039806 344.85654 156.56177 -999.0 -999.0 -999.0 -999.0 -999.0 280.79889448417606 -10.426905827321034 280.8187871208146 -10.390704471452244 40.21715137009716 145.6019477141506 -999.0 6231.0 -999.0 -1 -999 {-999.0 -999.0 -999.0 -999.0 -999.0} "" -999.0 -999.0 -999.0 -999.0 -999 -999 "" "" "" "" 0 0 0.0 0.0 -999 ""
FIBERMAP 910 R+11C8 APOGEE 1 1 0 1 0 0 -0.48844808413492835 208.68553537978136 143.1 94.85859213617134 185.8430244436848 327.35867 125.49689 280.3116085456635 -9.730497258006665 -0.38093126 -3.973343 0.06343977 280.3116046653679 -9.7305076906393 280.33009221027964 -9.696084985412618 41.057670954230026 145.71667635780202 16000.0 16600.0 2016.0 2 15 {-999.0 19.14695 16.35814 14.252267 -999.0} sdss_psfmag_ps1 17.613884 14.659805 13.201642 9.082 63050395540062370 1153920357 bright_1x1 mwm_galactic_core_dist_apogee_sparse mwm_galactic science 0 0 0.0 0.0 -999 ""
FIBERMAP 910 R+11C8 BOSS 0 0 0 1 0 0 -0.43465003774861266 207.93787886474166 143.1 94.56503810766688 185.15343870514678 327.35867 125.49689 -999.0 -999.0 -999.0 -999.0 -999.0 280.3103992217531 -9.733772324404836 280.3287812162579 -9.699145726540788 41.05560763661358 145.7201296552348 -999.0 5400.0 -999.0 1 111 {-999.0 -999.0 -999.0 -999.0 -999.0} "" -999.0 -999.0 -999.0 -999.0 -999 -999 "" "" "" "" 0 0 0.0 0.0 -999 ""
FIBERMAP 910 R+11C8 METROLOGY 0 0 0 1 0 0 -1.1055208949096738 208.25762172508362 143.1 94.11432281034618 185.74418399098954 327.35867 125.49689 -999.0 -999.0 -999.0 -999.0 -999.0 280.30828436487855 -9.731050421882719 280.32669298079094 -9.69648894600196 41.058926663407014 145.7208308086381 -999.0 6231.0 -999.0 -1 -999 {-999.0 -999.0 -999.0 -999.0 -999.0} "" -999.0 -999.0 -999.0 -999.0 -999 -999 "" "" "" "" 0 0 0.0 0.0 -999 ""
FIBERMAP 912 R+3C20 APOGEE 1 1 0 1 0 0 179.45626952854298 70.9223261383421 143.1 192.00695658559252 -18.862519197974937 77.45913 84.20764 280.7597351074219 -10.659803900836664 -999.0 -999.0 -999.0 280.7597478120768 -10.659834667557062 280.7803192339944 -10.623767495623927 40.031174752869646 145.79219251385902 16000.0 16600.0 2015.5 2 62 {-999.0 -999.0 -999.0 -999.0 -999.0} "" -999.0 -999.0 -999.0 -999.0 27021603147977674 848944841 "" ops_sky_apogee_good ops_sky sky_apogee 0 0 0.0 0.0 -999 ""
FIBERMAP 912 R+3C20 BOSS 0 0 0 1 0 0 180.16652169452306 70.69500434658099 143.1 192.53490312755815 -19.38904138412628 77.45913 84.20764 -999.0 -999.0 -999.0 -999.0 -999.0 280.76233878304265 -10.662441822963746 280.7827965429688 -10.626153611425524 40.027911645878135 145.79090356015774 -999.0 5400.0 -999.0 1 216 {-999.0 -999.0 -999.0 -999.0 -999.0} "" -999.0 -999.0 -999.0 -999.0 -999 -999 "" "" "" "" 0 0 0.0 0.0 -999 ""
FIBERMAP 912 R+3C20 METROLOGY 0 0 0 1 0 0 179.60974574918842 70.1932819515499 143.1 191.81056255655884 -19.58106629939837 77.45913 84.20764 -999.0 -999.0 -999.0 -999.0 -999.0 280.7589733152221 -10.663255480291966 280.7794684018532 -10.62703599635114 40.028711342358186 145.79520307684706 -999.0 6231.0 -999.0 -1 -999 {-999.0 -999.0 -999.0 -999.0 -999.0} "" -999.0 -999.0 -999.0 -999.0 -999 -999 "" "" "" "" 0 0 0.0 0.0 -999 ""
FIBERMAP 914 R+3C11 APOGEE 1 1 0 1 0 0 -39.934446491887016 51.687101320393694 143.1 -11.918456862117132 64.20969296746566 179.24841 154.08556 279.8183490587429 -10.28036449537087 -2.0480387 -7.8581 -0.0062102303 279.81835301325185 -10.280407761783346 279.83843023011525 -10.246999302090186 40.80311410375592 146.62718149173278 16000.0 16600.0 2016.0 2 124 {-999.0 21.753664 18.146246 16.094234 -999.0} sdss_psfmag_ps1 19.477781 16.548378 15.083636 10.676 63050395539450821 1153918778 bright_1x1 mwm_galactic_core_dist_apogee_sparse mwm_galactic science 0 0 0.0 0.0 -999 ""
FIBERMAP 914 R+3C11 BOSS 0 0 0 1 0 0 -40.607818009183966 51.999295285548875 143.1 -12.37484351446307 64.79486560905109 179.24841 154.08556 -999.0 -999.0 -999.0 -999.0 -999.0 279.81635345657804 -10.27791224968119 279.83631254702465 -10.244301738312616 40.80647462295585 146.62793633190896 -999.0 5400.0 -999.0 1 14 {-999.0 -999.0 -999.0 -999.0 -999.0} "" -999.0 -999.0 -999.0 -999.0 -999 -999 "" "" "" "" 0 0 0.0 0.0 -999 ""
FIBERMAP 914 R+3C11 METROLOGY 0 0 0 1 0 0 -40.00224243111701 52.42723376419001 143.1 -11.640789322026434 64.89897817715759 179.24841 154.08556 -999.0 -999.0 -999.0 -999.0 -999.0 279.8197226384397 -10.277394593525216 279.83971085468124 -10.24383462150157 40.80531495137102 146.62374674520592 -999.0 6231.0 -999.0 -1 -999 {-999.0 -999.0 -999.0 -999.0 -999.0} "" -999.0 -999.0 -999.0 -999.0 -999 -999 "" "" "" "" 0 0 0.0 0.0 -999 ""
FIBERMAP 916 R-13C3 APOGEE 1 1 0 1 0 0 -111.0663107633005 -240.24909386716615 143.1 -208.49646432509826 -162.97816037378507 150.18887 96.39311 278.90896748781705 -11.306598297329105 0.16135447 -4.2390785 0.20168705 278.9089289240376 -11.306629557055333 278.9319862470247 -11.275078764677945 40.30043449434055 148.29053681507264 16000.0 16600.0 2016.0 2 198 {-999.0 19.199001 16.432343 15.133615 -999.0} sdss_psfmag_ps1 17.660236 15.644091 14.292669 10.452 63050395538668792 1153913420 bright_1x1 mwm_galactic_core_dist_apogee_sparse mwm_galactic science 0 0 0.0 0.0 -999 ""
FIBERMAP 916 R-13C3 BOSS 0 0 0 1 0 0 -110.74906647447631 -239.57731247753117 143.1 -207.90752566845157 -162.52549424873132 150.18887 96.39311 -999.0 -999.0 -999.0 -999.0 -999.0 278.911718280259 -11.304849582957347 278.93465930569863 -11.273077689445978 40.30103930087431 148.28628588566207 -999.0 5400.0 -999.0 1 342 {-999.0 -999.0 -999.0 -999.0 -999.0} "" -999.0 -999.0 -999.0 -999.0 -999 -999 "" "" "" "" 0 0 0.0 0.0 -999 ""
FIBERMAP 916 R-13C3 METROLOGY 0 0 0 1 0 0 -110.31822355895922 -240.1939268419676 143.1 -207.80587037719508 -163.27069340136703 150.18887 96.39311 -999.0 -999.0 -999.0 -999.0 -999.0 278.9121615481693 -11.308144755488685 278.9351419357507 -11.27643081512505 40.297832749121056 148.2877135050591 -999.0 6231.0 -999.0 -1 -999 {-999.0 -999.0 -999.0 -999.0 -999.0} "" -999.0 -999.0 -999.0 -999.0 -999 -999 "" "" "" "" 0 0 0.0 0.0 -999 ""
FIBERMAP 918 R-4C10 APOGEE 0 0 0 1 0 0 -52.33076991475792 -72.3196816031108 143.1 -79.57043983066109 -40.430301756021755 103.605965 150.29897 -999.0 -999.0 -999.0 -999.0 -999.0 279.5035325706965 -10.756036507149464 279.52493833219773 -10.723210463548282 40.52560338411322 147.27943733787862 -999.0 16600.0 -999.0 2 -999 {-999.0 -999.0 -999.0 -999.0 -999.0} "" -999.0 -999.0 -999.0 -999.0 -999 -999 "" "" "" "" 0 0 0.0 0.0 -999 ""
FIBERMAP 918 R-4C10 BOSS 1 1 0 1 0 0 -52.1453520942284 -71.62141528471186 143.1 -79.08666321565993 -39.89388148567787 103.605965 150.29897 279.5058706614743 -10.753819154077991 -0.930089 -1.5549521 0.31538332 279.5058509311604 -10.753835957988306 279.52713777343683 -10.720793421895982 40.52674644052494 147.27544570647996 5400.0 5400.0 2016.0 1 408 {-999.0 16.958767 15.447481 14.749573 -999.0} sdss_psfmag_ps1 16.239 15.5074005 14.143948 12.016 63050395538931747 1093585807 bright_1x1 mwm_astar_core_boss_single mwm_ob science 0 0 0.0 0.0 -999 ""
FIBERMAP 918 R-4C10 METROLOGY 0 0 0 1 0 0 -51.60946355614742 -72.12894849759459 143.1 -78.84176252650522 -40.5900234610192 103.605965 150.29897 -999.0 -999.0 -999.0 -999.0 -999.0 279.506951001235 -10.7569468849027 279.5282769085272 -10.72395980223725 40.523421498168 147.27606756563125 -999.0 6231.0 -999.0 -1 -999 {-999.0 -999.0 -999.0 -999.0 -999.0} "" -999.0 -999.0 -999.0 -999.0 -999 -999 "" "" "" "" 0 0 0.0 0.0 -999 ""
FIBERMAP 919 R-12C2 APOGEE 1 1 0 1 0 0 -130.6821178926665 -247.4995183037625 143.1 -229.25497469113347 -160.46995348836737 298.8821 101.91034 278.8142315374465 -11.2940190080909 -6.806163 -8.680521 1.0909433 278.81420482929383 -11.294048788832345 278.83727466337865 -11.262753080170892 40.35324192492033 148.392065308728 16000.0 16600.0 2016.0 2 204 {-999.0 17.665009 15.981475 13.983009 -999.0} sdss_psfmag_ps1 16.887089 14.525524 13.020346 8.612 63050395538667779 1153913416 bright_1x1 mwm_galactic_core_dist_apogee_sparse mwm_galactic science 0 0 0.0 0.0 -999 ""
FIBERMAP 919 R-12C2 BOSS 0 0 0 1 0 0 -131.24010358102137 -247.99088447027137 143.1 -229.9756622817975 -160.65221441566015 298.8821 101.91034 -999.0 -999.0 -999.0 -999.0 -999.0 278.81104031481505 -11.295031770651432 278.83400409194024 -11.263529378477898 40.35398969424456 148.39628327170843 -999.0 5400.0 -999.0 1 339 {-999.0 -999.0 -999.0 -999.0 -999.0} "" -999.0 -999.0 -999.0 -999.0 -999 -999 "" "" "" "" 0 0 0.0 0.0 -999 ""
FIBERMAP 919 R-12C2 METROLOGY 0 0 0 1 0 0 -131.39837232923924 -247.25812845631245 143.1 -229.78183612378504 -159.9281773128585 298.8821 101.91034 -999.0 -999.0 -999.0 -999.0 -999.0 278.8118846168809 -11.291728727199313 278.8348709010212 -11.260286630542131 40.35650467909048 148.39337462022786 -999.0 6231.0 -999.0 -1 -999 {-999.0 -999.0 -999.0 -999.0 -999.0} "" -999.0 -999.0 -999.0 -999.0 -999 -999 "" "" "" "" 0 0 0.0 0.0 -999 ""
FIBERMAP 920 R+5C2 APOGEE 0 0 0 1 0 0 -192.80195505267028 97.64200665505015 143.1 -126.90525230407975 174.88990987256145 56.13059 51.392044 -999.0 -999.0 -999.0 -999.0 -999.0 279.2906347103409 -9.777575296644383 279.309704131242 -9.745801252323197 41.48967932536008 146.9269480131979 -999.0 16600.0 -999.0 2 -999 {-999.0 -999.0 -999.0 -999.0 -999.0} "" -999.0 -999.0 -999.0 -999.0 -999 -999 "" "" "" "" 0 0 0.0 0.0 -999 ""
FIBERMAP 920 R+5C2 BOSS 1 1 0 1 0 0 -192.55494408247856 96.98842216922236 143.1 -126.98399225715848 174.19577086667667 56.13059 51.392044 279.29031372070307 -9.780910969800374 -999.0 -999.0 -999.0 279.29032784195323 -9.780873549919772 279.3092966153716 -9.748894493946418 41.48712878528586 146.92934506250455 5400.0 5400.0 2015.5 1 71 {-999.0 -999.0 -999.0 -999.0 -999.0} "" -999.0 -999.0 -999.0 -999.0 27021603148709342 852780046 "" ops_sky_boss_fallback ops_sky sky_boss 0 0 0.0 0.0 -999 ""
FIBERMAP 920 R+5C2 METROLOGY 0 0 0 1 0 0 -193.29825836119412 97.08492047997478 143.1 -127.6010851679258 174.62102651080218 56.13059 51.392044 -999.0 -999.0 -999.0 -999.0 -999.0 279.2874890676665 -9.778906740951008 279.3064851270115 -9.746993971118528 41.49010078872503 146.9314376060487 -999.0 6231.0 -999.0 -1 -999 {-999.0 -999.0 -999.0 -999.0 -999.0} "" -999.0 -999.0 -999.0 -999.0 -999 -999 "" "" "" "" 0 0 0.0 0.0 -999 ""
FIBERMAP 921 R+2C21 APOGEE 1 1 0 1 0 0 163.78277165060416 34.731082406776984 143.1 161.53963887823457 -43.896561631398576 214.21426 94.9238 280.61965942382807 -10.773696193767805 -999.0 -999.0 -999.0 280.6196641761527 -10.773699779247957 280.64058460446233 -10.737940598669272 39.99685706819243 146.02101321672552 16000.0 16600.0 2015.5 2 80 {-999.0 -999.0 -999.0 -999.0 -999.0} "" -999.0 -999.0 -999.0 -999.0 27021603147977576 848944837 "" ops_sky_apogee_good ops_sky sky_apogee 0 0 0.0 0.0 -999 ""
FIBERMAP 921 R+2C21 BOSS 0 0 0 1 0 0 163.28218851476117 35.280113838759924 143.1 161.34509088894492 -43.1796298149797 214.21426 94.9238 -999.0 -999.0 -999.0 -999.0 -999.0 280.61894721136974 -10.77067176234036 280.6397421440719 -10.734702546937346 40.000096572344525 146.01994018257864 -999.0 5400.0 -999.0 1 223 {-999.0 -999.0 -999.0 -999.0 -999.0} "" -999.0 -999.0 -999.0 -999.0 -999 -999 "" "" "" "" 0 0 0.0 0.0 -999 ""
FIBERMAP 921 R+2C21 METROLOGY 0 0 0 1 0 0 164.0061732122803 35.453771506508666 143.1 162.06835326400181 -43.35576266959783 214.21426 94.9238 -999.0 -999.0 -999.0 -999.0 -999.0 280.6222307029039 -10.77140493977428 280.6430593912778 -10.735487237221417 39.99784840733009 146.01669403666952 -999.0 6231.0 -999.0 -1 -999 {-999.0 -999.0 -999.0 -999.0 -999.0} "" -999.0 -999.0 -999.0 -999.0 -999 -999 "" "" "" "" 0 0 0.0 0.0 -999 ""
FIBERMAP 925 R-13C12 APOGEE 1 1 0 1 0 0 90.88964918645608 -271.9745508737695 143.1 -43.34919645275998 -283.4171679799426 321.36313 16.575617 279.6694656274265 -11.853501356632421 -0.009423872 -2.0234766 0.38128236 279.6694873046156 -11.853331868922002 279.69355039311444 -11.819498306223577 39.476332941401964 147.74690556139407 16000.0 16600.0 2016.0 2 182 {-999.0 18.323545 16.429636 13.817898 -999.0} sdss_psfmag_gaia 16.72819 14.537631 13.134993 9.508 63050395430264250 1154701554 bright_1x1 mwm_galactic_core_dist_apogee_sparse mwm_galactic science 0 0 0.0 0.0 -999 ""
FIBERMAP 925 R-13C12 BOSS 0 0 0 1 0 0 90.19346148485704 -271.71337564317673 143.1 -43.84917439037897 -282.86695642332404 321.36313 16.575617 -999.0 -999.0 -999.0 -999.0 -999.0 279.6672984414399 -11.851083765597398 279.69124100261405 -11.817037084121754 39.479556582453824 147.7480463314829 -999.0 5400.0 -999.0 1 337 {-999.0 -999.0 -999.0 -999.0 -999.0} "" -999.0 -999.0 -999.0 -999.0 -999 -999 "" "" "" "" 0 0 0.0 0.0 -999 ""
FIBERMAP 925 R-13C12 METROLOGY 0 0 0 1 0 0 90.75772481825534 -271.2383506440499 143.1 -43.13036495274622 -282.70209710057037 321.36313 16.575617 -999.0 -999.0 -999.0 -999.0 -999.0 279.6705830134239 -11.850309653382963 279.6945549033807 -11.816317124671146 39.478709281289866 147.74388394917258 -999.0 6231.0 -999.0 -1 -999 {-999.0 -999.0 -999.0 -999.0 -999.0} "" -999.0 -999.0 -999.0 -999.0 -999 -999 "" "" "" "" 0 0 0.0 0.0 -999 ""
FIBERMAP 932 R0C19 APOGEE 1 1 0 1 0 0 102.87063435165206 -18.93323214171382 143.1 82.85499893399833 -63.814883057024865 300.99603 44.111103 280.2561712747511 -10.864424608688818 -1.0491886 -4.5797963 0.18864322 280.2561502906181 -10.864413057235305 280.27746996681276 -10.829559069953401 40.08587594061737 146.48779679160282 16000.0 16600.0 2016.0 2 64 {-999.0 17.805964 15.625607 14.661652 -999.0} sdss_psfmag_ps1 16.609825 15.065065 13.827023 10.843 63050395432030846 1153726726 bright_1x1 mwm_galactic_core_dist_apogee_sparse mwm_galactic science 0 0 0.0 0.0 -999 ""
FIBERMAP 932 R0C19 BOSS 0 0 0 1 0 0 102.1330948392695 -18.80079934722892 143.1 82.25945144890066 -63.3603016472138 300.99603 44.111103 -999.0 -999.0 -999.0 -999.0 -999.0 280.25355401978885 -10.862588063211179 280.27475379780515 -10.827528267522075 40.08892655234571 146.48961504837655 -999.0 5400.0 -999.0 1 242 {-999.0 -999.0 -999.0 -999.0 -999.0} "" -999.0 -999.0 -999.0 -999.0 -999 -999 "" "" "" "" 0 0 0.0 0.0 -999 ""
FIBERMAP 932 R0C19 METROLOGY 0 0 0 1 0 0 102.58985295737321 -18.20965771685094 143.1 82.93566086726283 -63.04306919926968 300.99603 44.111103 -999.0 -999.0 -999.0 -999.0 -999.0 280.25664756122785 -10.861079652372444 280.2778751575203 -10.826073055242027 40.088759786681386 146.4851845545065 -999.0 6231.0 -999.0 -1 -999 {-999.0 -999.0 -999.0 -999.0 -999.0} "" -999.0 -999.0 -999.0 -999.0 -999 -999 "" "" "" "" 0 0 0.0 0.0 -999 ""
FIBERMAP 934 R+3C10 APOGEE 0 0 0 1 0 0 -74.23252013466514 57.87851436133971 143.1 -39.598425929223524 85.3784726994503 215.12256 77.14275 -999.0 -999.0 -999.0 -999.0 -999.0 279.69058209327085 -10.183746424603 279.71047842620743 -10.150721458950017 40.94724053074127 146.71446102444244 -999.0 16600.0 -999.0 2 -999 {-999.0 -999.0 -999.0 -999.0 -999.0} "" -999.0 -999.0 -999.0 -999.0 -999 -999 "" "" "" "" 0 0 0.0 0.0 -999 ""
FIBERMAP 934 R+3C10 BOSS 1 1 0 1 0 0 -74.51574355411935 58.654833829042786 143.1 -39.49585089358749 86.1983169198505 215.12256 77.14275 279.69115268002446 -10.180239799762102 0.010231593 -0.20292276 0.18483251 279.69116198740693 -10.180184457566837 279.71093723704485 -10.146952122745898 40.9503581806972 146.7115930987685 5400.0 5400.0 2016.0 1 24 {-999.0 14.375014 13.791768 13.479052 -999.0} sdss_psfmag_from_g3xp 14.225101 13.776314 13.113468 11.983 63050395539621844 1093189166 bright_3x1 mwm_astar_core_boss mwm_ob science 0 0 0.0 0.0 -999 ""
FIBERMAP 934 R+3C10 METROLOGY 0 0 0 1 0 0 -73.78916127353568 58.47859344010333 143.1 -38.930053628527446 85.70977332471591 215.12256 77.14275 -999.0 -999.0 -999.0 -999.0 -999.0 279.6937427572776 -10.182362131743302 279.71355394366185 -10.149180770398317 40.94718199353359 146.70996438416918 -999.0 6231.0 -999.0 -1 -999 {-999.0 -999.0 -999.0 -999.0 -999.0} "" -999.0 -999.0 -999.0 -999.0 -999 -999 "" "" "" "" 0 0 0.0 0.0 -999 ""
FIBERMAP 936 R+2C20 APOGEE 0 0 0 1 0 0 167.7583424053957 26.82540775246161 143.1 161.46579330746653 -52.74382294098298 335.60245 92.060394 -999.0 -999.0 -999.0 -999.0 -999.0 280.6192602438721 -10.813895277461022 280.6402802847966 -10.778116375150816 39.96171583316563 146.04642832955145 -999.0 16600.0 -999.0 2 -999 {-999.0 -999.0 -999.0 -999.0 -999.0} "" -999.0 -999.0 -999.0 -999.0 -999 -999 "" "" "" "" 0 0 0.0 0.0 -999 ""
FIBERMAP 936 R+2C20 BOSS 1 1 0 1 0 0 167.49901589394227 26.12599176105664 143.1 160.9157519860371 -53.24751654191215 335.60245 92.060394 280.6169128417969 -10.81641688741827 -999.0 -999.0 -999.0 280.61689717479726 -10.816418980379918 280.63780614096083 -10.780431146974667 39.960844623585096 146.0506572309551 5400.0 5400.0 2015.5 1 222 {-999.0 -999.0 -999.0 -999.0 -999.0} "" -999.0 -999.0 -999.0 -999.0 27021603147977565 852648171 "" ops_sky_boss_fallback ops_sky sky_boss 0 0 0.0 0.0 -999 ""
FIBERMAP 936 R+2C20 METROLOGY 0 0 0 1 0 0 167.022773533531 26.700506130152384 143.1 160.7544908326924 -52.5190332036297 335.60245 92.060394 -999.0 -999.0 -999.0 -999.0 -999.0 280.6161168262646 -10.813046444595846 280.6370514061006 -10.777123010621626 39.96410471334756 146.04944360034847 -999.0 6231.0 -999.0 -1 -999 {-999.0 -999.0 -999.0 -999.0 -999.0} "" -999.0 -999.0 -999.0 -999.0 -999 -999 "" "" "" "" 0 0 0.0 0.0 -999 ""
FIBERMAP 938 R+12C15 APOGEE 1 1 0 1 0 0 151.4378378375604 219.17605780676354 143.1 234.78313617490508 125.79924120858692 258.66235 108.18917 280.9527826623293 -10.004820540760875 -1.4356573 -5.4064307 0.22596598 280.952827872598 -10.004878516203872 280.9716916658383 -9.968640694520671 40.51312482903329 145.1603938869381 16000.0 16600.0 2016.0 2 44 {-999.0 16.77332 14.836913 14.003301 -999.0} sdss_psfmag_ps1 15.777025 14.460173 13.330109 10.531 63050395432691382 1153727922 bright_1x1 mwm_galactic_core_dist_apogee_sparse mwm_galactic science 0 0 0.0 0.0 -999 ""
FIBERMAP 938 R+12C15 BOSS 0 0 0 1 0 0 150.70146855026456 219.08397723289372 143.1 234.08610898188064 126.05358985352366 258.66235 108.18917 -999.0 -999.0 -999.0 -999.0 -999.0 280.9497808471991 -10.003918303050838 280.96852551766034 -9.967480538106111 40.51565854171339 145.1632304495186 -999.0 5400.0 -999.0 1 179 {-999.0 -999.0 -999.0 -999.0 -999.0} "" -999.0 -999.0 -999.0 -999.0 -999 -999 "" "" "" "" 0 0 0.0 0.0 -999 ""
FIBERMAP 938 R+12C15 METROLOGY 0 0 0 1 0 0 150.98550995960898 219.7716385233184 143.1 234.65276591374516 126.53554229517619 258.66235 108.18917 -999.0 -999.0 -999.0 -999.0 -999.0 280.952298551305 -10.00170328527879 280.9710700647062 -9.965319123875567 40.516323115560375 145.15896586627986 -999.0 6231.0 -999.0 -1 -999 {-999.0 -999.0 -999.0 -999.0 -999.0} "" -999.0 -999.0 -999.0 -999.0 -999 -999 "" "" "" "" 0 0 0.0 0.0 -999 ""
FIBERMAP 940 R+12C5 APOGEE 0 0 0 1 0 0 -69.0405755388033 222.51101799319602 143.1 40.1965754245444 229.44368580403645 235.57915 141.352 -999.0 -999.0 -999.0 -999.0 -999.0 280.06011699504705 -9.533396165210082 280.0782328688942 -9.499729563836173 41.349038722189256 145.88124088668675 -999.0 16600.0 -999.0 2 -999 {-999.0 -999.0 -999.0 -999.0 -999.0} "" -999.0 -999.0 -999.0 -999.0 -999 -999 "" "" "" "" 0 0 0.0 0.0 -999 ""
FIBERMAP 940 R+12C5 BOSS 1 1 0 1 0 0 -69.74551503383388 222.30197398773643 143.1 39.474094598555524 229.57964679504138 235.57915 141.352 280.0569377241108 -9.532940608905015 2.6510813 -2.707906 0.29853526 280.0569155275647 -9.532944124516002 280.0749193595646 -9.499082537116681 41.35116975331956 145.88465215018516 5400.0 5400.0 2016.0 1 157 {-999.0 18.856424 17.615816 16.962288 16.490107} sdss_psfmag_from_ps1dr2 18.4006 17.5315 16.5743 14.9 63050395540116038 1040007977 "" ops_std_boss_ps1dr2 ops_std standard_boss 0 0 0.0 0.0 -999 ""
FIBERMAP 940 R+12C5 METROLOGY 0 0 0 1 0 0 -69.58638003703547 223.0197020112478 143.1 39.94338026205887 230.14537935989475 235.57915 141.352 -999.0 -999.0 -999.0 -999.0 -999.0 280.0590382174561 -9.530367227850501 280.0770665554481 -9.496559071809319 41.35237328405803 145.88056692697742 -999.0 6231.0 -999.0 -1 -999 {-999.0 -999.0 -999.0 -999.0 -999.0} "" -999.0 -999.0 -999.0 -999.0 -999 -999 "" "" "" "" 0 0 0.0 0.0 -999 ""
FIBERMAP 941 R-13C14 APOGEE 0 0 0 1 0 0 148.414768588975 -240.51787736178545 143.1 22.182006127095537 -281.70529602669365 69.05323 125.42621 -999.0 -999.0 -999.0 -999.0 -999.0 279.9720628661453 -11.84677888325055 279.9959622234952 -11.81215483066492 39.34649905287716 147.40247170839558 -999.0 16600.0 -999.0 2 -999 {-999.0 -999.0 -999.0 -999.0 -999.0} "" -999.0 -999.0 -999.0 -999.0 -999 -999 "" "" "" "" 0 0 0.0 0.0 -999 ""
FIBERMAP 941 R-13C14 BOSS 1 1 0 1 0 0 149.1309924039476 -240.3297001700112 143.1 22.904995531124676 -281.8649702802094 69.05323 125.42621 279.9755231178284 -11.847722193948986 0.10741029 -0.4505694 -0.5879204 279.9755148513691 -11.84770181794656 279.9992971703032 -11.812847674150502 39.34437404611469 147.39914461060528 5400.0 5400.0 2016.0 1 257 {-999.0 16.687996 15.654933 15.128534 -999.0} sdss_psfmag_ps1 16.156466 15.960464 14.487592 12.653 63050395430214709 1093365997 bright_3x1 mwm_astar_core_boss mwm_ob science 0 0 0.0 0.0 -999 ""
FIBERMAP 941 R-13C14 METROLOGY 0 0 0 1 0 0 148.93691121238896 -241.05082113117032 143.1 22.403076865907693 -282.4177631242358 69.05323 125.42621 -999.0 -999.0 -999.0 -999.0 -999.0 279.9731552143427 -11.850089426037291 279.9969779853067 -11.815302693571626 39.34324845929027 147.4032158878897 -999.0 6231.0 -999.0 -1 -999 {-999.0 -999.0 -999.0 -999.0 -999.0} "" -999.0 -999.0 -999.0 -999.0 -999 -999 "" "" "" "" 0 0 0.0 0.0 -999 ""
FIBERMAP 942 R+1C24 APOGEE 1 1 0 1 0 0 228.15757309388604 40.554903917842694 143.1 221.45859397981195 -68.11220130256568 190.51639 8.897415 280.8943176269531 -10.8828834076524 -999.0 -999.0 -999.0 280.8942598662997 -10.882901924894838 280.915316971535 -10.846367221966194 39.772217068983316 145.78027307371903 16000.0 16600.0 2015.5 2 59 {-999.0 -999.0 -999.0 -999.0 -999.0} "" -999.0 -999.0 -999.0 -999.0 27021603147977337 848944843 "" ops_sky_apogee_good ops_sky sky_apogee 0 0 0.0 0.0 -999 ""
FIBERMAP 942 R+1C24 BOSS 0 0 0 1 0 0 228.84763615315288 40.818264048474134 143.1 222.19264525632104 -68.19305651374148 190.51639 8.897415 -999.0 -999.0 -999.0 -999.0 -999.0 280.89776438099824 -10.883480438169387 280.9187010470959 -10.846721469951623 39.77030623961849 145.7767050720175 -999.0 5400.0 -999.0 1 183 {-999.0 -999.0 -999.0 -999.0 -999.0} "" -999.0 -999.0 -999.0 -999.0 -999 -999 "" "" "" "" 0 0 0.0 0.0 -999 ""
FIBERMAP 942 R+1C24 METROLOGY 0 0 0 1 0 0 228.73068384905216 40.07596545800392 143.1 221.74966015222748 -68.79990599529911 190.51639 8.897415 -999.0 -999.0 -999.0 -999.0 -999.0 280.8956936071014 -10.886173430953516 280.91667198917526 -10.849479342941674 39.76884867560049 145.78070509432413 -999.0 6231.0 -999.0 -1 -999 {-999.0 -999.0 -999.0 -999.0 -999.0} "" -999.0 -999.0 -999.0 -999.0 -999 -999 "" "" "" "" 0 0 0.0 0.0 -999 ""
FIBERMAP 943 R-4C19 APOGEE 1 1 0 1 0 0 178.14123303934838 -80.57993890749046 143.1 121.65607953572437 -153.01908081184627 59.29633 33.072556 280.4342651367187 -11.26892248912074 -999.0 -999.0 -999.0 280.43426782522613 -11.268907350788036 280.45650460320866 -11.233376215919215 39.64695754612716 146.53474687625527 16000.0 16600.0 2015.5 2 223 {-999.0 -999.0 -999.0 -999.0 -999.0} "" -999.0 -999.0 -999.0 -999.0 27021603147976805 848944716 "" ops_sky_apogee_good ops_sky sky_apogee 0 0 0.0 0.0 -999 ""
FIBERMAP 943 R-4C19 BOSS 0 0 0 1 0 0 178.176138882381 -81.32661324901376 143.1 121.34616991204554 -153.69916609907216 59.29633 33.072556 -999.0 -999.0 -999.0 -999.0 -999.0 280.43297414215203 -11.272242382442531 280.45510118463307 -11.23649596624585 39.644859111494355 146.53823750673692 -999.0 5400.0 -999.0 1 291 {-999.0 -999.0 -999.0 -999.0 -999.0} "" -999.0 -999.0 -999.0 -999.0 -999 -999 "" "" "" "" 0 0 0.0 0.0 -999 ""
FIBERMAP 943 R-4C19 METROLOGY 0 0 0 1 0 0 177.51573783586008 -80.98386648878221 143.1 120.91527159873621 -153.0927403624574 59.29633 33.072556 -999.0 -999.0 -999.0 -999.0 -999.0 280.4309579088874 -11.269438415087967 280.453112613067 -11.233760243282886 39.64819187872341 146.53879025373564 -999.0 6231.0 -999.0 -1 -999 {-999.0 -999.0 -999.0 -999.0 -999.0} "" -999.0 -999.0 -999.0 -999.0 -999 -999 "" "" "" "" 0 0 0.0 0.0 -999 ""
FIBERMAP 944 R-1C11 APOGEE 1 1 0 1 0 0 -58.56224675635985 -8.854791295160405 143.1 -56.13289522499805 18.865462249187445 85.428955 134.44904 279.61297753519955 -10.486332274095997 -2.3469145 -4.609605 0.019252522 279.6129618963441 -10.486344308180104 279.6336458130459 -10.45336927878685 40.71500167110107 146.98971450280962 16000.0 16600.0 2016.0 2 282 {-999.0 20.877804 17.303276 15.475873 -999.0} sdss_psfmag_ps1 18.367237 15.916432 14.441632 10.17 63050395539414281 1153918519 bright_1x1 mwm_galactic_core_dist_apogee_sparse mwm_galactic science 0 0 0.0 0.0 -999 ""
FIBERMAP 944 R-1C11 BOSS 0 0 0 1 0 0 -57.97764608341438 -8.408607867049913 143.1 -55.4091663508464 18.995381061758167 85.428955 134.44904 -999.0 -999.0 -999.0 -999.0 -999.0 279.6163960427981 -10.485962938573104 279.636965116526 -10.452769352843173 40.71401185035057 146.98553511196243 -999.0 5400.0 -999.0 1 440 {-999.0 -999.0 -999.0 -999.0 -999.0} "" -999.0 -999.0 -999.0 -999.0 -999 -999 "" "" "" "" 0 0 0.0 0.0 -999 ""
FIBERMAP 944 R-1C11 METROLOGY 0 0 0 1 0 0 -57.86665174366252 -9.137337042991945 143.1 -55.64320298702773 18.296512853909505 85.428955 134.44904 -999.0 -999.0 -999.0 -999.0 -999.0 279.61527518535286 -10.489086104890688 279.63588436726405 -10.455953292769777 40.71168965843508 146.98873269343366 -999.0 6231.0 -999.0 -1 -999 {-999.0 -999.0 -999.0 -999.0 -999.0} "" -999.0 -999.0 -999.0 -999.0 -999 -999 "" "" "" "" 0 0 0.0 0.0 -999 ""
FIBERMAP 948 R-8C9 APOGEE 0 0 0 1 0 0 -27.151957139876338 -173.50505770478634 143.1 -103.37933791646157 -141.92939993975455 297.5177 67.985886 -999.0 -999.0 -999.0 -999.0 -999.0 279.39234347004896 -11.216440039205082 279.4149489863826 -11.183667922638422 40.16657331553522 147.6833803941783 -999.0 16600.0 -999.0 2 -999 {-999.0 -999.0 -999.0 -999.0 -999.0} "" -999.0 -999.0 -999.0 -999.0 -999 -999 "" "" "" "" 0 0 0.0 0.0 -999 ""
FIBERMAP 948 R-8C9 BOSS 1 1 0 1 0 0 -27.896127118920933 -173.58160312701494 143.1 -104.07620971889885 -141.65767114292402 297.5177 67.985886 279.3891906738281 -11.215440414632482 -999.0 -999.0 -999.0 279.3892024747815 -11.215447467826442 279.4116941300814 -11.182469317774228 40.16910179071351 147.68637571689976 5400.0 5400.0 2015.5 1 384 {-999.0 -999.0 -999.0 -999.0 -999.0} "" -999.0 -999.0 -999.0 -999.0 27021603147972124 852646661 "" ops_sky_boss_fallback ops_sky sky_boss 0 0 0.0 0.0 -999 ""
FIBERMAP 948 R-8C9 METROLOGY 0 0 0 1 0 0 -27.589366351109184 -172.90062808734487 143.1 -103.49239772328106 -141.1920403824685 297.5177 67.985886 -999.0 -999.0 -999.0 -999.0 -999.0 279.3918778150847 -11.213289463254732 279.41439480252006 -11.180366294335544 40.16975702421746 147.68203286891406 -999.0 6231.0 -999.0 -1 -999 {-999.0 -999.0 -999.0 -999.0 -999.0} "" -999.0 -999.0 -999.0 -999.0 -999 -999 "" "" "" "" 0 0 0.0 0.0 -999 ""
FIBERMAP 950 R-5C15 APOGEE 0 0 0 1 0 0 76.85456115233046 -107.35252896934581 143.1 19.339107582093167 -130.58154814587309 235.63123 140.12344 -999.0 -999.0 -999.0 -999.0 -999.0 279.9610068083656 -11.167494310814805 279.9832203165694 -11.133256555984937 39.95343267708431 147.0070528565275 -999.0 16600.0 -999.0 2 -999 {-999.0 -999.0 -999.0 -999.0 -999.0} "" -999.0 -999.0 -999.0 -999.0 -999 -999 "" "" "" "" 0 0 0.0 0.0 -999 ""
FIBERMAP 950 R-5C15 BOSS 1 1 0 1 0 0 76.14829585123768 -107.56376080004699 143.1 18.614448451586455 -130.44692775556751 235.63123 140.12344 279.9577713900349 -11.167146407183367 0.013352329 -1.5519916 0.43608066 279.9577714138134 -11.167148542988553 279.97986981954136 -11.132704106870365 39.95545537445904 147.01050956017886 5400.0 5400.0 2016.0 1 315 {-999.0 17.789392 16.684385 16.148548 -999.0} sdss_psfmag_ps1 17.361694 16.590553 15.726599 14.279 63050395430597186 981880535 "" ops_std_boss_tic ops_std standard_boss 0 0 0.0 0.0 -999 ""
FIBERMAP 950 R-5C15 METROLOGY 0 0 0 1 0 0 76.3073643638425 -106.84534295299653 143.1 19.08398997660046 -129.88055125286513 235.63123 140.12344 -999.0 -999.0 -999.0 -999.0 -999.0 279.9599215752958 -11.164512054514345 279.9820452062368 -11.130124391862076 39.95674093129086 147.0064763113557 -999.0 6231.0 -999.0 -1 -999 {-999.0 -999.0 -999.0 -999.0 -999.0} "" -999.0 -999.0 -999.0 -999.0 -999 -999 "" "" "" "" 0 0 0.0 0.0 -999 ""
FIBERMAP 951 R+2C24 APOGEE 0 0 0 1 0 0 241.41871249579054 27.844176387484154 143.1 227.44984978196757 -85.47353624958164 236.57983 126.99646 -999.0 -999.0 -999.0 -999.0 -999.0 280.9213861700809 -10.961364797451816 280.9426238031424 -10.924718277380078 39.69063389345605 145.79876047236158 -999.0 16600.0 -999.0 2 -999 {-999.0 -999.0 -999.0 -999.0 -999.0} "" -999.0 -999.0 -999.0 -999.0 -999 -999 "" "" "" "" 0 0 0.0 0.0 -999 ""
FIBERMAP 951 R+2C24 BOSS 1 1 0 1 0 0 240.6776561925457 27.7881207970574 143.1 226.7651038754248 -85.18500412935516 236.57983 126.99646 280.9183782611551 -10.960261408827385 1.2716292 0.0069528567 -0.58241695 280.91841249435754 -10.960300373390062 280.93952848304417 -10.923446792292072 39.693211360155765 145.80142703456042 5400.0 5400.0 2016.0 1 185 {-999.0 15.553478 14.961427 14.588373 -999.0} sdss_psfmag_from_g3xp 15.385684 15.066906 14.230315 13.043 63050395431871969 1093200809 bright_3x1 mwm_astar_core_boss mwm_ob science 0 0 0.0 0.0 -999 ""
FIBERMAP 951 R+2C24 METROLOGY 0 0 0 1 0 0 240.9973219214229 28.459880833095767 143.1 227.35618658488804 -84.73346271124103 236.57983 126.99646 -999.0 -999.0 -999.0 -999.0 -999.0 280.9210757270009 -10.95818098825925 280.9422193109551 -10.921382588007347 39.693748834544934 145.79712605999177 -999.0 6231.0 -999.0 -1 -999 {-999.0 -999.0 -999.0 -999.0 -999.0} "" -999.0 -999.0 -999.0 -999.0 -999 -999 "" "" "" "" 0 0 0.0 0.0 -999 ""
FIBERMAP 954 R+12C12 APOGEE 0 0 0 1 0 0 109.77453374421837 227.02817099384288 143.1 201.31033266433684 151.808387217984 46.142956 40.114532 -999.0 -999.0 -999.0 -999.0 -999.0 280.79975876126065 -9.886703838848298 280.8184038878333 -9.85092597088988 40.68947918667778 145.25857689025008 -999.0 16600.0 -999.0 2 -999 {-999.0 -999.0 -999.0 -999.0 -999.0} "" -999.0 -999.0 -999.0 -999.0 -999 -999 "" "" "" "" 0 0 0.0 0.0 -999 ""
FIBERMAP 954 R+12C12 BOSS 1 1 0 1 0 0 109.73047125913611 226.28932663831776 143.1 200.9337583513457 151.17132616303667 46.142956 40.114532 280.7981872558594 -9.889753752543086 -999.0 -999.0 -999.0 280.7981973836887 -9.889758592728388 280.816733653869 -9.853775947515574 40.68778930654666 145.2623011182272 5400.0 5400.0 2015.5 1 101 {-999.0 -999.0 -999.0 -999.0 -999.0} "" -999.0 -999.0 -999.0 -999.0 27021603148707222 852779513 "" ops_sky_boss_fallback ops_sky sky_boss 0 0 0.0 0.0 -999 ""
FIBERMAP 954 R+12C12 METROLOGY 0 0 0 1 0 0 109.10957192501353 226.68981059499043 143.1 200.56436051938584 151.81106967886166 46.142956 40.114532 -999.0 -999.0 -999.0 -999.0 -999.0 280.796456211415 -9.88680961324815 280.8150192377648 -9.850891777251524 40.69113089800295 145.26239777349667 -999.0 6231.0 -999.0 -1 -999 {-999.0 -999.0 -999.0 -999.0 -999.0} "" -999.0 -999.0 -999.0 -999.0 -999 -999 "" "" "" "" 0 0 0.0 0.0 -999 ""
FIBERMAP 956 R+10C8 APOGEE 0 0 0 1 0 0 -29.37268594083304 183.6211843189072 143.1 57.72161358460326 176.73852575681295 231.43452 122.93857 -999.0 -999.0 -999.0 -999.0 -999.0 280.1408113953331 -9.77082307351316 280.15947735937027 -9.73682703273704 41.102494442377704 145.9383899105063 -999.0 16600.0 -999.0 2 -999 {-999.0 -999.0 -999.0 -999.0 -999.0} "" -999.0 -999.0 -999.0 -999.0 -999 -999 "" "" "" "" 0 0 0.0 0.0 -999 ""
FIBERMAP 956 R+10C8 BOSS 1 1 0 1 0 0 -30.115174687138467 183.67885086700582 143.1 57.087523032365695 177.12886466087988 231.43452 122.93857 280.1376809933997 -9.76918889251011 -0.13505735 -1.5657822 0.4271052 280.13802002988774 -9.76920459857481 280.156569925003 -9.735011276918069 41.105458753668756 145.94057914302195 5400.0 5400.0 2016.0 1 120 {-999.0 13.591085 12.852654 12.459798 -999.0} sdss_psfmag_from_g3xp 13.373559 12.807834 12.072064 10.803 63050395540067014 1093202617 bright_3x1 mwm_astar_core_boss mwm_ob science 0 0 1.2005003690719604 0.0 -999 ""
FIBERMAP 956 R+10C8 METROLOGY 0 0 0 1 0 0 -29.692530298706195 184.2952477931057 143.1 57.744921680507865 177.48413850435986 231.43452 122.93857 -999.0 -999.0 -999.0 -999.0 -999.0 280.14101173128535 -9.767564466446975 280.159588307545 -9.733422348940168 41.10543298605175 145.9361032789894 -999.0 6231.0 -999.0 -1 -999 {-999.0 -999.0 -999.0 -999.0 -999.0} "" -999.0 -999.0 -999.0 -999.0 -999 -999 "" "" "" "" 0 0 0.0 0.0 -999 ""
FIBERMAP 962 R-1C12 APOGEE 0 0 0 1 0 0 -24.546722426552996 -16.473320896371373 143.1 -29.355916833657947 -3.4436761725221623 347.89825 143.60799 -999.0 -999.0 -999.0 -999.0 -999.0 279.73668546408317 -10.58839344474965 279.7575654637185 -10.555042218610797 40.56823624236874 146.91017126431277 -999.0 16600.0 -999.0 2 -999 {-999.0 -999.0 -999.0 -999.0 -999.0} "" -999.0 -999.0 -999.0 -999.0 -999 -999 "" "" "" "" 0 0 0.0 0.0 -999 ""
FIBERMAP 962 R-1C12 BOSS 1 1 0 1 0 0 -24.043745504975437 -17.015243048692813 143.1 -29.15599329484751 -4.1553775679135345 347.89825 143.60799 279.73769128093033 -10.591847693752417 -0.46619073 -0.98235667 0.18373156 279.73769838477557 -10.591853100867464 279.75847331288327 -10.55828673371327 40.56495045027833 146.91112687493842 5400.0 5400.0 2016.0 1 439 {-999.0 16.708902 15.751361 15.319786 -999.0} sdss_psfmag_ps1 16.353369 15.705229 14.696291 12.859 63050395539399299 1093586098 bright_1x1 mwm_astar_core_boss_single mwm_ob science 0 0 0.0 0.0 -999 ""
FIBERMAP 962 R-1C12 METROLOGY 0 0 0 1 0 0 -24.770126713783977 -17.18518640681461 143.1 -29.879691217475486 -3.9748466079717493 347.89825 143.60799 -999.0 -999.0 -999.0 -999.0 -999.0 279.7343174878225 -10.590959723382118 279.75512386731026 -10.557462395026784 40.567216959735674 146.9144530872813 -999.0 6231.0 -999.0 -1 -999 {-999.0 -999.0 -999.0 -999.0 -999.0} "" -999.0 -999.0 -999.0 -999.0 -999 -999 "" "" "" "" 0 0 0.0 0.0 -999 ""
FIBERMAP 963 R+9C11 APOGEE 1 1 0 1 0 0 24.7510938263824 173.68616102441095 143.1 101.32653480168742 143.18680376391623 138.74957 155.05637 280.3417989548518 -9.923253488313796 -2.5652306 -3.8540096 -0.076475196 280.3417933297024 -9.92328425906421 280.36074313212436 -9.888685885986233 40.874219305500276 145.8040511036289 16000.0 16600.0 2016.0 2 28 {-999.0 19.225525 16.38525 14.205839 -999.0} sdss_psfmag_ps1 17.666033 14.707824 13.247206 9.142 63050395539858307 1153920108 bright_1x1 mwm_galactic_core_dist_apogee_sparse mwm_galactic science 0 0 0.0 0.0 -999 ""
FIBERMAP 963 R+9C11 BOSS 0 0 0 1 0 0 24.4319756862578 174.3559945012785 143.1 101.34855728460305 143.92832243022352 138.74957 155.05637 -999.0 -999.0 -999.0 -999.0 -999.0 280.34203509163785 -9.920090606395245 280.36086211220487 -9.885286406878627 40.87714582258577 145.80175825578368 -999.0 5400.0 -999.0 1 133 {-999.0 -999.0 -999.0 -999.0 -999.0} "" -999.0 -999.0 -999.0 -999.0 -999 -999 "" "" "" "" 0 0 0.0 0.0 -999 ""
FIBERMAP 963 R+9C11 METROLOGY 0 0 0 1 0 0 25.200361011028626 174.28726754629562 143.1 102.00063155805894 143.5163203258429 138.74957 155.05637 -999.0 -999.0 -999.0 -999.0 -999.0 280.3450016849916 -9.92191744899437 280.3638643516001 -9.887163161044242 40.87408018904234 145.79951704695245 -999.0 6231.0 -999.0 -1 -999 {-999.0 -999.0 -999.0 -999.0 -999.0} "" -999.0 -999.0 -999.0 -999.0 -999 -999 "" "" "" "" 0 0 0.0 0.0 -999 ""
FIBERMAP 964 R+8C14 APOGEE 0 0 0 1 0 0 90.53948469964739 137.2875676147651 143.1 143.22261938338556 80.7700058750325 308.0694 76.52717 -999.0 -999.0 -999.0 -999.0 -999.0 280.53517616317356 -10.206955676439012 280.55473612947054 -10.171707932704512 40.534232769409236 145.7622898556805 -999.0 16600.0 -999.0 2 -999 {-999.0 -999.0 -999.0 -999.0 -999.0} "" -999.0 -999.0 -999.0 -999.0 -999 -999 "" "" "" "" 0 0 0.0 0.0 -999 ""
FIBERMAP 964 R+8C14 BOSS 1 1 0 1 0 0 89.84236082862442 136.95338482163845 143.1 142.44994762713415 80.79109050837359 308.0694 76.52717 280.53176879882807 -10.207024595063189 -999.0 -999.0 -999.0 280.53178827936995 -10.207031367494736 280.55123355700107 -10.171583266100294 40.53599908768364 145.76618887898704 5400.0 5400.0 2015.5 1 161 {-999.0 -999.0 -999.0 -999.0 -999.0} "" -999.0 -999.0 -999.0 -999.0 27021603148705696 852779133 "" ops_sky_boss_fallback ops_sky sky_boss 0 0 0.0 0.0 -999 ""
FIBERMAP 964 R+8C14 METROLOGY 0 0 0 1 0 0 89.92038750112441 137.7039576234022 143.1 142.86208775592468 81.42307446426305 308.0694 76.52717 -999.0 -999.0 -999.0 -999.0 -999.0 280.53363591325785 -10.204113368456944 280.55310611650776 -10.16872120766782 40.537623021368184 145.76225212951815 -999.0 6231.0 -999.0 -1 -999 {-999.0 -999.0 -999.0 -999.0 -999.0} "" -999.0 -999.0 -999.0 -999.0 -999 -999 "" "" "" "" 0 0 0.0 0.0 -999 ""
FIBERMAP 965 R+5C15 APOGEE 0 0 0 1 0 0 69.09317402477723 95.75613479734753 143.1 105.18202963552078 53.62208024787547 147.92636 148.51112 -999.0 -999.0 -999.0 -999.0 -999.0 280.35998785361886 -10.329915462079411 280.37993445823014 -10.295063712009698 40.50835811445747 146.038666057466 -999.0 16600.0 -999.0 2 -999 {-999.0 -999.0 -999.0 -999.0 -999.0} "" -999.0 -999.0 -999.0 -999.0 -999 -999 "" "" "" "" 0 0 0.0 0.0 -999 ""
FIBERMAP 965 R+5C15 BOSS 1 1 0 1 0 0 68.7421832332536 96.41571645146742 143.1 105.17102094327791 54.369034360899434 147.92636 148.51112 280.360107421875 -10.326674661869973 -999.0 -999.0 -999.0 280.3601002408017 -10.326702927737534 280.37992299087267 -10.291642741217826 40.5113693836014 146.03653083163428 5400.0 5400.0 2015.5 1 213 {-999.0 -999.0 -999.0 -999.0 -999.0} "" -999.0 -999.0 -999.0 -999.0 27021603148705655 852779121 "" ops_sky_boss_fallback ops_sky sky_boss 0 0 0.0 0.0 -999 ""
FIBERMAP 965 R+5C15 METROLOGY 0 0 0 1 0 0 69.48364760630108 96.39189604392028 143.1 105.81965566561527 54.00926842226239 147.92636 148.51112 -999.0 -999.0 -999.0 -999.0 -999.0 280.3630532116373 -10.328291260937199 280.38291131573567 -10.293281973117782 40.508525204101204 146.03416232820243 -999.0 6231.0 -999.0 -1 -999 {-999.0 -999.0 -999.0 -999.0 -999.0} "" -999.0 -999.0 -999.0 -999.0 -999 -999 "" "" "" "" 0 0 0.0 0.0 -999 ""
FIBERMAP 971 R+4C2 APOGEE 0 0 0 1 0 0 -218.8297152266138 68.18403662612728 143.1 -163.50775217021175 160.57304248059384 279.66898 135.91449 -999.0 -999.0 -999.0 -999.0 -999.0 279.12230913992045 -9.842193003459215 279.14161474878983 -9.810827592127053 41.508970175254206 147.1631477425041 -999.0 16600.0 -999.0 2 -999 {-999.0 -999.0 -999.0 -999.0 -999.0} "" -999.0 -999.0 -999.0 -999.0 -999 -999 "" "" "" "" 0 0 0.0 0.0 -999 ""
FIBERMAP 971 R+4C2 BOSS 1 1 0 1 0 0 -219.25110589662316 67.56542742547396 143.1 -164.16504587195868 160.21522838908783 279.66898 135.91449 279.11942268897513 -9.843882941734591 -33.330048 -41.35315 1.3461856 279.11936693700864 -9.84398764828723 279.1385700858593 -9.812424682251208 41.50894251737869 147.16768619997038 5400.0 5400.0 2016.0 1 72 {-999.0 20.33368 18.295254 17.204771 -999.0} sdss_psfmag_ps1 19.47292 17.863363 16.66965 13.825 63050395540289705 1072872257 bright_1x1 mwm_halo_local_high_boss_single mwm_halo science 0 0 0.0 0.0 -999 ""
FIBERMAP 971 R+4C2 METROLOGY 0 0 0 1 0 0 -219.57437763741422 68.23029540316202 143.1 -164.14898532050245 160.9542270600398 279.66898 135.91449 -999.0 -999.0 -999.0 -999.0 -999.0 279.11945098372314 -9.840603299847077 279.13867635536957 -9.809099732108008 41.51184170022506 147.16550780913042 -999.0 6231.0 -999.0 -1 -999 {-999.0 -999.0 -999.0 -999.0 -999.0} "" -999.0 -999.0 -999.0 -999.0 -999 -999 "" "" "" "" 0 0 0.0 0.0 -999 ""
FIBERMAP 973 R+9C14 APOGEE 1 0 1 1 0 0 101.34051418943638 182.182891937597 143.1 173.3305969923433 115.7710240684571 11.7769575 169.25024 280.6235059572597 -10.033539435580526 0.302912 -3.7747006 0.1574954 280.6728858139921 -10.048770222273895 280.6919902956747 -10.013242356448211 40.60791688296688 145.50585527745616 16000.0 16600.0 2016.0 2 39 {-999.0 16.699688 14.273619 12.773096 -999.0} sdss_psfmag_from_g3xp 15.420845 13.475727 12.180985 8.755 63050395539801544 1152259870 bright_1x1 mwm_galactic_core_dist_apogee_sparse mwm_galactic science 0 0 0.0 0.0 -999 ""
FIBERMAP 973 R+9C14 BOSS 0 0 1 1 0 0 102.08928480812004 182.22703732165007 143.1 174.0167659547028 115.468375526795 11.7769575 169.25024 -999.0 -999.0 -999.0 -999.0 -999.0 280.6761896881137 -10.050336388553905 280.6951796135532 -10.014590805439195 40.60521775798372 145.50309320486951 -999.0 5400.0 -999.0 1 162 {-999.0 -999.0 -999.0 -999.0 -999.0} "" -999.0 -999.0 -999.0 -999.0 -999 -999 "" "" "" "" 0 0 0.0 0.0 -999 ""
FIBERMAP 973 R+9C14 METROLOGY 0 0 1 1 0 0 101.74267342944762 181.55862807162774 143.1 173.4032459239633 115.03211885791869 11.7769575 169.25024 -999.0 -999.0 -999.0 -999.0 -999.0 280.67334792269463 -10.05224461826786 280.69237702100713 -10.01656452200505 40.604824810356774 145.50753223903828 -999.0 6231.0 -999.0 -1 -999 {-999.0 -999.0 -999.0 -999.0 -999.0} "" -999.0 -999.0 -999.0 -999.0 -999 -999 "" "" "" "" 0 0 0.0 0.0 -999 ""
FIBERMAP 975 R-1C21 APOGEE 0 0 0 1 0 0 182.75535596547712 -16.599880467023894 143.1 154.9757272555559 -98.2175660780205 27.409912 100.58753 -999.0 -999.0 -999.0 -999.0 -999.0 280.5888665193011 -11.020355998954381 280.6104121864618 -10.984549580194606 39.794306397912116 146.20839415840965 -999.0 16600.0 -999.0 2 -999 {-999.0 -999.0 -999.0 -999.0 -999.0} "" -999.0 -999.0 -999.0 -999.0 -999 -999 "" "" "" "" 0 0 0.0 0.0 -999 ""
FIBERMAP 975 R-1C21 BOSS 1 1 0 1 0 0 183.22077247575982 -17.148473955369344 143.1 155.13919548932165 -98.91805005486223 27.409912 100.58753 280.5897715766423 -11.023811717269373 -0.42674533 -2.8533506 0.18363869 280.5897740158979 -11.023774884695952 280.61120886116953 -10.987748991691033 39.79112080400776 146.20948293753372 5400.0 5400.0 2016.0 1 270 {-999.0 18.225115 17.201487 16.723091 16.387144} sdss_psfmag_from_ps1dr2 17.8064 17.1539 16.3405 14.835 63050395431821798 1039955146 "" ops_std_boss_ps1dr2 ops_std standard_boss 0 0 0.0 0.0 -999 ""
FIBERMAP 975 R-1C21 METROLOGY 0 0 0 1 0 0 182.48253005227275 -17.294306850160375 143.1 154.41595701974842 -98.71065726608124 27.409912 100.58753 -999.0 -999.0 -999.0 -999.0 -999.0 280.5864038631821 -11.022776900033893 280.60787156915575 -10.98682138244056 39.79349706046375 146.2126566824549 -999.0 6231.0 -999.0 -1 -999 {-999.0 -999.0 -999.0 -999.0 -999.0} "" -999.0 -999.0 -999.0 -999.0 -999 -999 "" "" "" "" 0 0 0.0 0.0 -999 ""
FIBERMAP 979 R+3C7 APOGEE 1 1 0 1 0 0 -105.12852692409507 57.23408486293932 143.1 -67.37383389577325 98.9134588177668 34.824944 73.46377 279.56248145468857 -10.121932228169763 -1.6830965 -0.98354554 0.24684905 279.5624625491086 -10.121903954146505 279.58226413309245 -10.08924569800452 41.06064812565369 146.82412682309806 16000.0 16600.0 2016.0 2 125 {-999.0 17.159979 14.827422 13.764344 -999.0} sdss_psfmag_ps1 15.92595 14.226686 12.994433 9.788 63050395539661334 1153919147 bright_1x1 mwm_galactic_core_dist_apogee_sparse mwm_galactic science 0 0 0.0 0.0 -999 ""
FIBERMAP 979 R+3C7 BOSS 0 0 0 1 0 0 -104.89798797006333 56.53087492538591 143.1 -67.4898859516698 98.18270104606074 34.824944 73.46377 -999.0 -999.0 -999.0 -999.0 -999.0 279.56199073676555 -10.125385775722917 279.5816900133214 -10.092519949479502 41.05801762024651 146.82681894565448 -999.0 5400.0 -999.0 1 43 {-999.0 -999.0 -999.0 -999.0 -999.0} "" -999.0 -999.0 -999.0 -999.0 -999 -999 "" "" "" "" 0 0 0.0 0.0 -999 ""
FIBERMAP 979 R+3C7 METROLOGY 0 0 0 1 0 0 -105.62409181560622 56.67483463563079 143.1 -68.0699981395188 98.64231340489044 34.824944 73.46377 -999.0 -999.0 -999.0 -999.0 -999.0 279.55929544587735 -10.123240821723297 279.57902214700977 -10.090441825025552 41.06108233292839 146.82861062069733 -999.0 6231.0 -999.0 -1 -999 {-999.0 -999.0 -999.0 -999.0 -999.0} "" -999.0 -999.0 -999.0 -999.0 -999 -999 "" "" "" "" 0 0 0.0 0.0 -999 ""
FIBERMAP 983 R+6C5 APOGEE 1 1 0 1 0 0 -137.62726478003435 128.29289935048615 143.1 -63.83263855867307 176.9583496495505 96.61662 123.87798 279.58069641837693 -9.768392573467551 -3.0023549 -4.024008 0.18086007 279.5806432676794 -9.76840057666294 279.59955906486647 -9.735871806062352 41.36483738954103 146.58399345736615 16000.0 16600.0 2016.0 2 150 {-999.0 19.925665 16.76328 15.075777 -999.0} sdss_psfmag_ps1 18.090967 15.548983 14.12405 9.974 63050395540304423 1153921417 bright_1x1 mwm_galactic_core_dist_apogee_sparse mwm_galactic science 0 0 0.0 0.0 -999 ""
FIBERMAP 983 R+6C5 BOSS 0 0 0 1 0 0 -137.0704978906682 128.7963201398185 143.1 -63.10753049696393 177.15188937460624 96.61662 123.87798 -999.0 -999.0 -999.0 -999.0 -999.0 279.58407899347475 -9.767685914491773 279.6028809938414 -9.734943981529801 41.364117982423934 146.5795617277923 -999.0 5400.0 -999.0 1 49 {-999.0 -999.0 -999.0 -999.0 -999.0} "" -999.0 -999.0 -999.0 -999.0 -999 -999 "" "" "" "" 0 0 0.0 0.0 -999 ""
FIBERMAP 983 R+6C5 METROLOGY 0 0 0 1 0 0 -136.91376955543194 128.06214308212864 143.1 -63.303375707351385 176.42729169890427 96.61662 123.87798 -999.0 -999.0 -999.0 -999.0 -999.0 279.5831307689739 -9.77090674025979 279.60197249283675 -9.738223628843151 41.361643699371974 146.58266812770327 -999.0 6231.0 -999.0 -1 -999 {-999.0 -999.0 -999.0 -999.0 -999.0} "" -999.0 -999.0 -999.0 -999.0 -999 -999 "" "" "" "" 0 0 0.0 0.0 -999 ""
FIBERMAP 985 R+9C10 APOGEE 1 1 0 1 0 0 3.6023535473399804 186.2780884840306 143.1 88.26522906791129 164.04422147058867 128.95064 111.606125 280.2815434864998 -9.828696214279487 -2.9153395 -6.2355013 0.041432124 280.28150005713286 -9.828720835375226 280.3002441771814 -9.794327702915787 40.98560570143729 145.8133851600745 16000.0 16600.0 2016.0 2 10 {-999.0 19.896603 17.09298 15.340577 -999.0} sdss_psfmag_ps1 18.277401 15.850728 14.447315 10.495 63050395539874309 1153919906 bright_1x1 mwm_galactic_core_dist_apogee_sparse mwm_galactic science 0 0 0.0 0.0 -999 ""
FIBERMAP 985 R+9C10 BOSS 0 0 0 1 0 0 3.961387643653632 186.92127698250445 143.1 88.87828209076375 164.45237233839597 128.95064 111.606125 -999.0 -999.0 -999.0 -999.0 -999.0 280.28445770431017 -9.82704838008233 280.30308206685464 -9.792442308359009 40.98591928512439 145.80893656548122 -999.0 5400.0 -999.0 1 126 {-999.0 -999.0 -999.0 -999.0 -999.0} "" -999.0 -999.0 -999.0 -999.0 -999 -999 "" "" "" "" 0 0 0.0 0.0 -999 ""
FIBERMAP 985 R+9C10 METROLOGY 0 0 0 1 0 0 4.348703355462215 186.27718795900003 143.1 88.92867526219794 163.70261127116763 128.95064 111.606125 -999.0 -999.0 -999.0 -999.0 -999.0 280.2846586254414 -9.830387104031418 280.3033235176082 -9.795837204623783 40.98282605662565 145.81081645734272 -999.0 6231.0 -999.0 -1 -999 {-999.0 -999.0 -999.0 -999.0 -999.0} "" -999.0 -999.0 -999.0 -999.0 -999 -999 "" "" "" "" 0 0 0.0 0.0 -999 ""
FIBERMAP 986 R+2C13 APOGEE 0 0 1 1 0 0 0.5774844976427352 46.405637787153964 143.1 21.70408006936174 41.01282525054881 10.856769 169.56728 -999.0 -999.0 -999.0 -999.0 -999.0 279.97379772215686 -10.38645022451544 279.9940656574688 -10.35258084987748 40.637870159916226 146.5145268005353 -999.0 16600.0 -999.0 2 -999 {-999.0 -999.0 -999.0 -999.0 -999.0} "" -999.0 -999.0 -999.0 -999.0 -999 -999 "" "" "" "" 0 0 0.0 0.0 -999 ""
FIBERMAP 986 R+2C13 BOSS 1 0 1 1 0 0 1.3305831122210923 46.41160991842599 143.1 22.376667432595905 40.67424634875269 10.856769 169.56728 279.93579576577713 -10.499092360762575 -0.9720127 -3.2287228 0.16469657 279.97703603011274 -10.388187508954115 279.99719278902705 -10.354099160430929 40.635080480884014 146.51189585276384 5400.0 5400.0 2016.0 1 105 {-999.0 15.246622 14.568255 14.193972 -999.0} sdss_psfmag_from_g3xp 15.003697 14.531886 13.765566 12.444 63050395539387851 1093202609 bright_3x1 mwm_astar_core_boss mwm_ob science 0 0 0.0 0.0 -999 ""
FIBERMAP 986 R+2C13 METROLOGY 0 0 1 1 0 0 0.9659798954567703 45.76866580473314 143.1 21.758772426495042 40.26885590796112 10.856769 169.56728 -999.0 -999.0 -999.0 -999.0 -999.0 279.9741357027959 -10.389972088268225 279.9943305488715 -10.3559498225851 40.63477647643373 146.5163177058949 -999.0 6231.0 -999.0 -1 -999 {-999.0 -999.0 -999.0 -999.0 -999.0} "" -999.0 -999.0 -999.0 -999.0 -999 -999 "" "" "" "" 0 0 0.0 0.0 -999 ""
FIBERMAP 988 R+7C6 APOGEE 0 0 0 1 0 0 -96.01357123453528 142.41520226180506 143.1 -20.369681739588273 170.51748975139913 1.2690694 157.69077 -999.0 -999.0 -999.0 -999.0 -999.0 279.7807934027354 -9.797839283801329 279.79969122119684 -9.764771899743115 41.24640685918861 146.37052874327534 -999.0 16600.0 -999.0 2 -999 {-999.0 -999.0 -999.0 -999.0 -999.0} "" -999.0 -999.0 -999.0 -999.0 -999 -999 "" "" "" "" 0 0 0.0 0.0 -999 ""
FIBERMAP 988 R+7C6 BOSS 1 1 0 1 0 0 -95.23597913645283 142.05863311265307 143.1 -19.840857026084816 169.84525588552586 1.2690694 157.69077 279.7833251953125 -9.8010205266511 -999.0 -999.0 -999.0 279.78332596552355 -9.801031730257149 279.8021189640599 -9.767751054620119 41.24265071359095 146.36959674934778 5400.0 5400.0 2015.5 1 67 {-999.0 -999.0 -999.0 -999.0 -999.0} "" -999.0 -999.0 -999.0 -999.0 27021603148706945 852779444 "" ops_sky_boss_fallback ops_sky sky_boss 0 0 0.0 0.0 -999 ""
FIBERMAP 988 R+7C6 METROLOGY 0 0 0 1 0 0 -95.88620818390744 141.68005558674858 143.1 -20.59208931517635 169.8054388354105 1.2690694 157.69077 -999.0 -999.0 -999.0 -999.0 -999.0 279.7798308448224 -9.80115647950365 279.798657379106 -9.767943007368055 41.24409354513517 146.3737158491198 -999.0 6231.0 -999.0 -1 -999 {-999.0 -999.0 -999.0 -999.0 -999.0} "" -999.0 -999.0 -999.0 -999.0 -999 -999 "" "" "" "" 0 0 0.0 0.0 -999 ""
FIBERMAP 990 R+4C7 APOGEE 1 1 0 1 0 0 -101.19618579289845 63.11390271744638 143.1 -61.19119702418292 102.34774999331948 343.27332 75.11043 279.59106445312494 -10.10636386786696 -999.0 -999.0 -999.0 279.59109371712873 -10.106369221365647 279.61084361158163 -10.073643803490196 41.06128105359696 146.78146437977682 16000.0 16600.0 2015.5 2 95 {-999.0 -999.0 -999.0 -999.0 -999.0} "" -999.0 -999.0 -999.0 -999.0 27021603148706441 848990962 "" ops_sky_apogee_good ops_sky sky_apogee 0 0 0.0 0.0 -999 ""
FIBERMAP 990 R+4C7 BOSS 0 0 0 1 0 0 -101.56219233822377 62.46635736792045 143.1 -61.812441335887584 101.93890768966361 343.27332 75.11043 -999.0 -999.0 -999.0 -999.0 -999.0 279.58829811625446 -10.108381067992976 279.6079430174275 -10.075454987976642 41.06101643234954 146.78593568316307 -999.0 5400.0 -999.0 1 51 {-999.0 -999.0 -999.0 -999.0 -999.0} "" -999.0 -999.0 -999.0 -999.0 -999 -999 "" "" "" "" 0 0 0.0 0.0 -999 ""
FIBERMAP 990 R+4C7 METROLOGY 0 0 0 1 0 0 -101.94616056188283 63.1014372493158 143.1 -61.86397089641929 102.67912679625942 343.27332 75.11043 -999.0 -999.0 -999.0 -999.0 -999.0 279.5880494735096 -10.104967721609695 279.60771755129514 -10.072102682109804 41.06408311255748 146.78411588140642 -999.0 6231.0 -999.0 -1 -999 {-999.0 -999.0 -999.0 -999.0 -999.0} "" -999.0 -999.0 -999.0 -999.0 -999 -999 "" "" "" "" 0 0 0.0 0.0 -999 ""
FIBERMAP 991 R-3C20 APOGEE 1 1 0 1 0 0 149.38507028055588 -49.68684889365895 143.1 110.18512854500958 -112.4094748526649 210.37767 47.49867 280.3820193301433 -11.085102530776613 -3.6156678 -7.6153436 0.12473025 280.38199214444927 -11.085143676518943 280.40379859443374 -11.049845490650538 39.83312291518678 146.48112427890007 16000.0 16600.0 2016.0 2 226 {-999.0 17.399805 15.361933 14.423349 -999.0} sdss_psfmag_ps1 16.425423 15.005415 13.859504 10.974 63050395431807678 1153726395 bright_1x1 mwm_galactic_core_dist_apogee_sparse mwm_galactic science 0 0 0.0 0.0 -999 ""
FIBERMAP 991 R-3C20 BOSS 0 0 0 1 0 0 149.52912228629154 -48.962587611714724 143.1 110.64398161966916 -111.83104371923437 210.37767 47.49867 -999.0 -999.0 -999.0 -999.0 -999.0 280.3842798355819 -11.082773726602769 280.4059614213121 -11.047255365358513 39.83440043371776 146.47709306207403 -999.0 5400.0 -999.0 1 290 {-999.0 -999.0 -999.0 -999.0 -999.0} "" -999.0 -999.0 -999.0 -999.0 -999 -999 "" "" "" "" 0 0 0.0 0.0 -999 ""
FIBERMAP 991 R-3C20 METROLOGY 0 0 0 1 0 0 150.09145318632375 -49.44484948223235 143.1 110.9239418260519 -112.51678203765016 210.37767 47.49867 -999.0 -999.0 -999.0 -999.0 -999.0 280.38552243833715 -11.085813394765783 280.40724435565835 -11.050351223707388 39.83107727440951 146.47755607620527 -999.0 6231.0 -999.0 -1 -999 {-999.0 -999.0 -999.0 -999.0 -999.0} "" -999.0 -999.0 -999.0 -999.0 -999 -999 "" "" "" "" 0 0 0.0 0.0 -999 ""
FIBERMAP 994 R+7C2 APOGEE 0 0 0 1 0 0 -174.50010663742117 140.73009755344788 143.1 -90.95075024966856 204.8583101111144 44.717915 86.581955 -999.0 -999.0 -999.0 -999.0 -999.0 279.4567977451659 -9.642652517344183 279.4754574230457 -9.610510493783947 41.53295228903452 146.64961398187367 -999.0 16600.0 -999.0 2 -999 {-999.0 -999.0 -999.0 -999.0 -999.0} "" -999.0 -999.0 -999.0 -999.0 -999 -999 "" "" "" "" 0 0 0.0 0.0 -999 ""
FIBERMAP 994 R+7C2 BOSS 1 1 0 1 0 0 -173.97975858038512 140.18301730770742 143.1 -90.73773093314736 204.1340884721061 44.717915 86.581955 279.4578552246094 -9.646089949585985 -999.0 -999.0 -999.0 279.4578433377455 -9.64607537334799 279.47640149709423 -9.613725444486946 41.529676185616935 146.65052928007879 5400.0 5400.0 2015.5 1 70 {-999.0 -999.0 -999.0 -999.0 -999.0} "" -999.0 -999.0 -999.0 -999.0 27021603148709704 852780137 "" ops_sky_boss_fallback ops_sky sky_boss 0 0 0.0 0.0 -999 ""
FIBERMAP 994 R+7C2 METROLOGY 0 0 0 1 0 0 -174.72393363344924 140.01836483931928 143.1 -91.47483998180653 204.32745081779206 44.717915 86.581955 -999.0 -999.0 -999.0 -999.0 -999.0 279.4544382615771 -9.6451563127203 279.4730267285759 -9.612873423202076 41.53198874847635 146.6539217154514 -999.0 6231.0 -999.0 -1 -999 {-999.0 -999.0 -999.0 -999.0 -999.0} "" -999.0 -999.0 -999.0 -999.0 -999 -999 "" "" "" "" 0 0 0.0 0.0 -999 ""
FIBERMAP 996 R-6C15 APOGEE 1 1 0 1 0 0 100.79449804880636 -116.67216176527499 143.1 36.37734834356268 -149.80290790176406 345.9961 131.14607 280.03975202616397 -11.254687641924207 -3.9874408 -2.751851 0.07425236 280.0397488990686 -11.254715718247397 280.06214148580386 -11.220226068537375 39.84037301966049 146.97074929913958 16000.0 16600.0 2016.0 2 183 {-999.0 19.79335 16.857628 14.165876 -999.0} sdss_psfmag_ps1 18.290619 14.397426 12.828897 8.233 63050395430428326 1153724834 bright_1x1 mwm_galactic_core_dist_apogee_sparse mwm_galactic science 0 0 0.0 0.0 -999 ""
FIBERMAP 996 R-6C15 BOSS 0 0 0 1 0 0 101.11855351594022 -117.3440748961 143.1 36.358767833636485 -150.54853091720037 345.9961 131.14607 -999.0 -999.0 -999.0 -999.0 -999.0 280.03978225239507 -11.25836384943994 280.0620674270984 -11.223656043846656 39.83737444781566 146.97292017590883 -999.0 5400.0 -999.0 1 316 {-999.0 -999.0 -999.0 -999.0 -999.0} "" -999.0 -999.0 -999.0 -999.0 -999 -999 "" "" "" "" 0 0 0.0 0.0 -999 ""
FIBERMAP 996 R-6C15 METROLOGY 0 0 0 1 0 0 100.36422490545966 -117.29103762731206 143.1 35.71203216188528 -150.156903135768 345.9961 131.14607 -999.0 -999.0 -999.0 -999.0 -999.0 280.03675452871715 -11.256515683541997 280.0590695858287 -11.221878052419084 39.840320332036804 146.97522412164182 -999.0 6231.0 -999.0 -1 -999 {-999.0 -999.0 -999.0 -999.0 -999.0} "" -999.0 -999.0 -999.0 -999.0 -999 -999 "" "" "" "" 0 0 0.0 0.0 -999 ""
FIBERMAP 999 R0C27 APOGEE 0 0 0 1 0 0 292.2691407892016 12.375666030649015 143.1 265.6164337585293 -122.45241533942583 79.72345 121.88165 -999.0 -999.0 -999.0 -999.0 -999.0 281.09413976979675 -11.127089781165228 281.11570156152175 -11.089904396943691 39.4640079499522 145.70895772725208 -999.0 16600.0 -999.0 2 -999 {-999.0 -999.0 -999.0 -999.0 -999.0} "" -999.0 -999.0 -999.0 -999.0 -999 -999 "" "" "" "" 0 0 0.0 0.0 -999 ""
FIBERMAP 999 R0C27 BOSS 1 1 0 1 0 0 292.9438013338301 12.664566616737803 143.1 266.3484475842299 -122.50351970313893 79.72345 121.88165 281.09756469726557 -11.12751360934783 -999.0 -999.0 -999.0 281.0975546819576 -11.127499278904716 281.11899389657486 -11.090087768178106 39.462287549960756 145.70540755454596 5400.0 5400.0 2015.5 1 174 {-999.0 -999.0 -999.0 -999.0 -999.0} "" -999.0 -999.0 -999.0 -999.0 27021603147974489 852647328 "" ops_sky_boss_fallback ops_sky sky_boss 0 0 0.0 0.0 -999 ""
FIBERMAP 999 R0C27 METROLOGY 0 0 0 1 0 0 292.8618725074661 11.922531292767536 143.1 265.93673510651917 -123.1261279510897 79.72345 121.88165 -999.0 -999.0 -999.0 -999.0 -999.0 281.09563991107194 -11.13025698920954 281.11712142743136 -11.092910521991074 39.46070267809488 145.70925697564357 -999.0 6231.0 -999.0 -1 -999 {-999.0 -999.0 -999.0 -999.0 -999.0} "" -999.0 -999.0 -999.0 -999.0 -999 -999 "" "" "" "" 0 0 0.0 0.0 -999 ""
FIBERMAP 1004 R-13C1 APOGEE 1 1 0 1 0 0 -127.73812801885758 -252.41734896784183 143.1 -228.88202958588045 -166.18855502515999 33.313625 77.36283 278.81596530538025 -11.319782099396537 -0.012093414 -2.697463 0.2816143 278.81597034587577 -11.319769132849908 278.83910378336407 -11.28845544240083 40.32947396499734 148.4051137201048 16000.0 16600.0 2016.0 2 199 {-999.0 16.786995 14.268666 13.405049 -999.0} sdss_psfmag_ps1 15.31471 13.536848 12.094307 8.585 63050395538665984 1153913393 bright_1x1 mwm_galactic_core_dist_apogee_sparse mwm_galactic science 0 0 0.0 0.0 -999 ""
FIBERMAP 1004 R-13C1 BOSS 0 0 0 1 0 0 -127.4637867336248 -253.10077228352995 143.1 -228.95008542812363 -166.92171481038716 33.313625 77.36283 -999.0 -999.0 -999.0 -999.0 -999.0 278.81578778836354 -11.323266809195818 278.8388199919883 -11.291737085929462 40.326667103037614 148.40737361653703 -999.0 5400.0 -999.0 1 340 {-999.0 -999.0 -999.0 -999.0 -999.0} "" -999.0 -999.0 -999.0 -999.0 -999 -999 "" "" "" "" 0 0 0.0 0.0 -999 ""
FIBERMAP 1004 R-13C1 METROLOGY 0 0 0 1 0 0 -128.2018544817836 -253.00944237209796 143.1 -229.56487176619927 -166.5034520615853 33.313625 77.36283 -999.0 -999.0 -999.0 -999.0 -999.0 278.8129528193947 -11.321285606655543 278.8360125861655 -11.289825207749045 40.32961191190839 148.4094735289949 -999.0 6231.0 -999.0 -1 -999 {-999.0 -999.0 -999.0 -999.0 -999.0} "" -999.0 -999.0 -999.0 -999.0 -999 -999 "" "" "" "" 0 0 0.0 0.0 -999 ""
FIBERMAP 1009 R-13C2 APOGEE 1 1 0 1 0 0 -115.4168265421745 -238.41707780982867 143.1 -211.52956509272207 -159.36203663209508 81.05143 95.76253 278.8950707822426 -11.290171403155952 -3.2716577 -3.1556308 0.12596303 278.89504108420755 -11.290177090157153 278.9180636803356 -11.258671279387606 40.32123460926597 148.29682595196326 16000.0 16600.0 2016.0 2 190 {-999.0 23.151114 19.146173 16.117285 -999.0} sdss_psfmag_ps1 20.841742 16.261219 14.6229725 9.446 63050395538668882 1153913422 bright_1x1 mwm_galactic_core_dist_apogee_sparse mwm_galactic science 0 0 0.0 0.0 -999 ""
FIBERMAP 1009 R-13C2 BOSS 0 0 0 1 0 0 -114.67823186501195 -238.46295218599724 143.1 -210.89355349204737 -159.74010856003585 81.05143 95.76253 -999.0 -999.0 -999.0 -999.0 -999.0 278.8980520458486 -11.2921369839122 278.9209677079948 -11.260407665326012 40.31840115119579 148.29451728403424 -999.0 5400.0 -999.0 1 341 {-999.0 -999.0 -999.0 -999.0 -999.0} "" -999.0 -999.0 -999.0 -999.0 -999 -999 "" "" "" "" 0 0 0.0 0.0 -999 ""
FIBERMAP 1009 R-13C2 METROLOGY 0 0 0 1 0 0 -115.0925059386367 -239.0888276691706 143.1 -211.54783521576616 -160.10763549256384 81.05143 95.76253 -999.0 -999.0 -999.0 -999.0 -999.0 278.89503901127495 -11.293687682020511 278.91799126311577 -11.262026272132777 40.31827145163868 148.29889171243406 -999.0 6231.0 -999.0 -1 -999 {-999.0 -999.0 -999.0 -999.0 -999.0} "" -999.0 -999.0 -999.0 -999.0 -999 -999 "" "" "" "" 0 0 0.0 0.0 -999 ""
FIBERMAP 1011 R+6C3 APOGEE 1 1 0 1 0 0 -187.9841512076868 99.2252336315964 143.1 -121.89699337519382 174.09816992566402 285.54443 65.88438 279.31358729661855 -9.78111719523934 -2.2603498 -2.426668 -0.4551703 279.3135827724976 -9.781141258300178 279.3326507385806 -9.749305349516895 41.47604539020101 146.90241281678945 16000.0 16600.0 2016.0 2 126 {-999.0 25.105154 26.100239 18.538193 -999.0} sdss_psfmag_gaia 22.328632 18.787176 16.945543 9.276 63050395540282459 1154738589 bright_1x1 mwm_galactic_core_dist_apogee_sparse mwm_galactic science 0 0 0.0 0.0 -999 ""
FIBERMAP 1011 R+6C3 BOSS 0 0 0 1 0 0 -188.71364861213866 99.33392156862001 143.1 -122.49623035430439 174.52795863948876 285.54443 65.88438 -999.0 -999.0 -999.0 -999.0 -999.0 279.3109325285187 -9.779371782026256 279.32988820562167 -9.747339499947202 41.47905331441562 146.90440588221725 -999.0 5400.0 -999.0 1 27 {-999.0 -999.0 -999.0 -999.0 -999.0} "" -999.0 -999.0 -999.0 -999.0 -999 -999 "" "" "" "" 0 0 0.0 0.0 -999 ""
FIBERMAP 1011 R+6C3 METROLOGY 0 0 0 1 0 0 -188.26016604698455 99.92687099465138 143.1 -121.82210894703442 174.84829480248868 285.54443 65.88438 -999.0 -999.0 -999.0 -999.0 -999.0 279.3140134359899 -9.777876725776455 279.3329949174244 -9.745894991405372 41.47890492331534 146.8998913895642 -999.0 6231.0 -999.0 -1 -999 {-999.0 -999.0 -999.0 -999.0 -999.0} "" -999.0 -999.0 -999.0 -999.0 -999 -999 "" "" "" "" 0 0 0.0 0.0 -999 ""
FIBERMAP 1012 R+1C12 APOGEE 0 0 0 1 0 0 -45.45991243022898 14.37565197891377 143.1 -33.87090701468227 33.545315446878874 200.03976 119.70866 -999.0 -999.0 -999.0 -999.0 -999.0 279.716280437557 -10.419781703227494 279.7367510174621 -10.386569863781057 40.726743248373154 146.83024630535286 -999.0 16600.0 -999.0 2 -999 {-999.0 -999.0 -999.0 -999.0 -999.0} "" -999.0 -999.0 -999.0 -999.0 -999 -999 "" "" "" "" 0 0 0.0 0.0 -999 ""
FIBERMAP 1012 R+1C12 BOSS 1 1 0 1 0 0 -46.04923579779384 14.859480482262892 143.1 -34.17416089163961 34.24477293847827 200.03976 119.70866 279.71497958448305 -10.416766475269156 -2.1290948 -5.395183 0.0985738 279.71497902934425 -10.41678175243514 279.7353301043492 -10.38336544383201 40.730229260661694 146.82989863784115 5400.0 5400.0 2016.0 1 22 {-999.0 16.844702 15.590377 15.014954 -999.0} sdss_psfmag_ps1 16.270561 15.515776 14.42489 12.668 63050395539420732 1093586091 bright_1x1 mwm_astar_core_boss_single mwm_ob science 0 0 0.0 0.0 -999 ""
FIBERMAP 1012 R+1C12 METROLOGY 0 0 0 1 0 0 -45.34191262923573 15.112359537906713 143.1 -33.429543250105795 34.146713537961666 200.03976 119.70866 -999.0 -999.0 -999.0 -999.0 -999.0 279.7183983361735 -10.417182667404077 279.7387807324148 -10.383816534836466 40.72824295568599 146.826218351779 -999.0 6231.0 -999.0 -1 -999 {-999.0 -999.0 -999.0 -999.0 -999.0} "" -999.0 -999.0 -999.0 -999.0 -999 -999 "" "" "" "" 0 0 0.0 0.0 -999 ""
FIBERMAP 1013 R+10C15 APOGEE 1 1 0 1 0 0 117.65484262251263 183.37080698482825 143.1 188.3841817932349 109.377953298715 258.89047 59.933205 280.74188232421875 -10.077947735022647 -999.0 -999.0 -999.0 280.7419016168255 -10.077995485766388 280.7610455727859 -10.042272290776683 40.54960336059851 145.44600533203112 16000.0 16600.0 2015.5 2 68 {-999.0 -999.0 -999.0 -999.0 -999.0} "" -999.0 -999.0 -999.0 -999.0 27021603147980138 848945399 "" ops_sky_apogee_good ops_sky sky_apogee 0 0 0.0 0.0 -999 ""
FIBERMAP 1013 R+10C15 BOSS 0 0 0 1 0 0 117.07888817812648 183.8370505760134 143.1 188.08478932100155 110.05566478583107 258.89047 59.933205 -999.0 -999.0 -999.0 -999.0 -999.0 280.74067220202267 -10.07511069429602 280.7596923607711 -10.03918360841953 40.55295095755885 145.44557067620266 -999.0 5400.0 -999.0 1 228 {-999.0 -999.0 -999.0 -999.0 -999.0} "" -999.0 -999.0 -999.0 -999.0 -999 -999 "" "" "" "" 0 0 0.0 0.0 -999 ""
FIBERMAP 1013 R+10C15 METROLOGY 0 0 0 1 0 0 117.76708253835488 184.11494725574863 143.1 188.82381633414747 109.98859274374779 258.89047 59.933205 -999.0 -999.0 -999.0 -999.0 -999.0 280.7440117110715 -10.075374008293297 280.7630641575483 -10.039497154338378 40.551068434819804 145.44194768667245 -999.0 6231.0 -999.0 -1 -999 {-999.0 -999.0 -999.0 -999.0 -999.0} "" -999.0 -999.0 -999.0 -999.0 -999 -999 "" "" "" "" 0 0 0.0 0.0 -999 ""
FIBERMAP 1016 R+1C16 APOGEE 1 1 0 1 0 0 46.917400430711005 31.652387695438556 143.1 56.18530134083269 6.729806659986298 140.93634 100.74152 280.1332269619699 -10.54297780121607 -1.7744907 -4.221166 -0.05098426 280.13323094768276 -10.542998785776781 280.1538121746812 -10.508632021667474 40.426122058781246 146.42928696249305 16000.0 16600.0 2016.0 2 51 {-999.0 21.164248 18.261684 16.053701 -999.0} sdss_psfmag_ps1 19.427149 16.538061 15.0669775 10.981 63050395539375298 1153918313 bright_1x1 mwm_galactic_core_dist_apogee_sparse mwm_galactic science 0 0 0.0 0.0 -999 ""
FIBERMAP 1016 R+1C16 BOSS 0 0 0 1 0 0 47.25462364794088 32.3128279538653 143.1 56.78683194502218 7.1632620924989325 140.93634 100.74152 -999.0 -999.0 -999.0 -999.0 -999.0 280.13616622786384 -10.541236595048954 280.15662651401107 -10.506652059222567 40.426557912440096 146.4248540414925 -999.0 5400.0 -999.0 1 190 {-999.0 -999.0 -999.0 -999.0 -999.0} "" -999.0 -999.0 -999.0 -999.0 -999 -999 "" "" "" "" 0 0 0.0 0.0 -999 ""
FIBERMAP 1016 R+1C16 METROLOGY 0 0 0 1 0 0 47.67063857271806 31.688804856671183 143.1 56.87191506641633 6.418244052882709 140.93634 100.74152 -999.0 -999.0 -999.0 -999.0 -999.0 280.13651657630663 -10.544572951634555 280.1570176030627 -10.51004556488383 40.42338607480193 146.42651730818346 -999.0 6231.0 -999.0 -1 -999 {-999.0 -999.0 -999.0 -999.0 -999.0} "" -999.0 -999.0 -999.0 -999.0 -999 -999 "" "" "" "" 0 0 0.0 0.0 -999 ""
FIBERMAP 1017 R+5C18 APOGEE 1 1 0 1 0 0 128.60795442093078 93.19986913294326 143.1 156.95149268368343 24.17184017309077 221.1291 83.85383 280.59867335345115 -10.46422503281905 -1.4298763 -6.347282 1.3276814 280.59867232230505 -10.464257310705166 280.61883783741916 -10.428712213820935 40.27852139803677 145.8517511206239 16000.0 16600.0 2016.0 2 70 {-999.0 17.715527 16.225626 15.572735 -999.0} sdss_psfmag_ps1 17.03355 16.063488 15.084582 12.978 63050395432183169 1034743611 bright_1x1 mwm_yso_variable_apogee_single mwm_yso science 0 0 0.0 0.0 -999 ""
FIBERMAP 1017 R+5C18 BOSS 0 0 0 1 0 0 128.3216966022953 93.86260817321094 143.1 156.99950394322022 24.892043372812907 221.1291 83.85383 -999.0 -999.0 -999.0 -999.0 -999.0 280.59906571905213 -10.461185964589065 280.61910599306714 -10.42543025498547 40.281274055337576 145.84938308002887 -999.0 5400.0 -999.0 1 209 {-999.0 -999.0 -999.0 -999.0 -999.0} "" -999.0 -999.0 -999.0 -999.0 -999 -999 "" "" "" "" 0 0 0.0 0.0 -999 ""
FIBERMAP 1017 R+5C18 METROLOGY 0 0 0 1 0 0 129.05942429575228 93.79354606291969 143.1 157.62415606238955 24.49374249483506 221.1291 83.85383 -999.0 -999.0 -999.0 -999.0 -999.0 280.60189650361417 -10.46294176538282 280.62197303966065 -10.427237574244483 40.278335120890496 145.84727770820413 -999.0 6231.0 -999.0 -1 -999 {-999.0 -999.0 -999.0 -999.0 -999.0} "" -999.0 -999.0 -999.0 -999.0 -999 -999 "" "" "" "" 0 0 0.0 0.0 -999 ""
FIBERMAP 1018 R-1C8 APOGEE 0 0 0 1 0 0 -133.04242949034636 -36.08386196769678 143.1 -134.81468519583032 28.656195447178195 282.86115 66.49325 -999.0 -999.0 -999.0 -999.0 -999.0 279.24954315805485 -10.44046903434005 279.2702803906819 -10.408469574661776 40.92037506433512 147.38067917607657 -999.0 16600.0 -999.0 2 -999 {-999.0 -999.0 -999.0 -999.0 -999.0} "" -999.0 -999.0 -999.0 -999.0 -999 -999 "" "" "" "" 0 0 0.0 0.0 -999 ""
FIBERMAP 1018 R-1C8 BOSS 1 1 0 1 0 0 -133.7716001589825 -35.95342268640435 143.1 -135.40369913433872 29.10518217812116 282.86115 66.49325 279.2466044554749 -10.438624189505845 1.2434306 0.18196823 0.45039687 279.24689250242824 -10.438613376299044 279.26751607289583 -10.406412968779206 40.92345323602139 147.3826181825007 5400.0 5400.0 2016.0 1 482 {-999.0 14.376575 13.483471 12.96158 -999.0} sdss_psfmag_from_g3xp 14.086916 13.388177 12.55456 11.131 63050395539042085 1093189063 bright_3x1 mwm_astar_core_boss mwm_ob science 0 0 1.0500786304473877 0.0 -999 ""
FIBERMAP 1018 R-1C8 METROLOGY 0 0 0 1 0 0 -133.29330288818315 -35.381206633432804 143.1 -134.7169733134826 29.395745326961297 282.86115 66.49325 -999.0 -999.0 -999.0 -999.0 -999.0 279.25004433350836 -10.437246689522453 279.2706942917491 -10.405097900943447 40.92317968094516 147.3781445022299 -999.0 6231.0 -999.0 -1 -999 {-999.0 -999.0 -999.0 -999.0 -999.0} "" -999.0 -999.0 -999.0 -999.0 -999 -999 "" "" "" "" 0 0 0.0 0.0 -999 ""
FIBERMAP 1019 R+3C24 APOGEE 1 1 0 1 0 0 240.66663877308713 69.13939774417084 143.1 245.6377313943999 -48.39916194516167 197.65268 53.55438 281.00465030365945 -10.793205472282612 -0.894168 -2.4601932 0.12851012 281.0046462858361 -10.79323487886003 281.02542817263975 -10.756457730080712 39.798777315431494 145.6005345572074 16000.0 16600.0 2016.0 2 84 {-999.0 16.689283 14.639062 13.558882 -999.0} sdss_psfmag_ps1 15.645707 13.803531 12.534409 9.343 63050395431916164 1153726693 bright_1x1 mwm_galactic_core_dist_apogee_sparse mwm_galactic science 0 0 0.0 0.0 -999 ""
FIBERMAP 1019 R+3C24 BOSS 0 0 0 1 0 0 240.90699571725872 69.83828034749159 143.1 246.17065624960182 -47.887280615777634 197.65268 53.55438 -999.0 -999.0 -999.0 -999.0 -999.0 281.0072146577745 -10.791127937896459 281.02786957897047 -10.754130871648544 39.79965412337188 145.59633739123643 -999.0 5400.0 -999.0 1 246 {-999.0 -999.0 -999.0 -999.0 -999.0} "" -999.0 -999.0 -999.0 -999.0 -999 -999 "" "" "" "" 0 0 0.0 0.0 -999 ""
FIBERMAP 1019 R+3C24 METROLOGY 0 0 0 1 0 0 241.39817114475758 69.28246958535922 143.1 246.3537406665923 -48.60594657198408 197.65268 53.55438 -999.0 -999.0 -999.0 -999.0 -999.0 281.00800315175815 -10.794316084001759 281.02869969696434 -10.757376010303107 39.79641930048447 145.5974509274857 -999.0 6231.0 -999.0 -1 -999 {-999.0 -999.0 -999.0 -999.0 -999.0} "" -999.0 -999.0 -999.0 -999.0 -999 -999 "" "" "" "" 0 0 0.0 0.0 -999 ""
FIBERMAP 1025 R-7C7 APOGEE 1 1 0 1 0 0 -59.39261957782297 -133.4024580849475 143.1 -113.74427300796157 -91.53704781359629 51.49312 64.85697 279.3448042680825 -10.987624664677396 0.74950045 -2.7760262 0.19088444 279.3448148624916 -10.987628453091052 279.3668718143526 -10.955099409212128 40.39132877894659 147.60094958353426 16000.0 16600.0 2016.0 2 294 {-999.0 18.701077 16.231916 15.10303 -999.0} sdss_psfmag_ps1 17.385168 15.575137 14.31541 10.975 63050395538816121 1153914575 bright_1x1 mwm_galactic_core_dist_apogee_sparse mwm_galactic science 0 0 0.0 0.0 -999 ""
FIBERMAP 1025 R-7C7 BOSS 0 0 0 1 0 0 -59.05253925312481 -134.05762616770895 143.1 -113.74095348288628 -92.27509408004596 51.49312 64.85697 -999.0 -999.0 -999.0 -999.0 -999.0 279.3448890137647 -10.991229423959098 279.3668428321396 -10.95848528211189 40.38833354313914 147.60302281593349 -999.0 5400.0 -999.0 1 410 {-999.0 -999.0 -999.0 -999.0 -999.0} "" -999.0 -999.0 -999.0 -999.0 -999 -999 "" "" "" "" 0 0 0.0 0.0 -999 ""
FIBERMAP 1025 R-7C7 METROLOGY 0 0 0 1 0 0 -59.8011331460858 -134.0288595615483 143.1 -114.39367110914881 -91.90767304919022 51.49312 64.85697 -999.0 -999.0 -999.0 -999.0 -999.0 279.34185327016263 -10.989474483388166 279.36383590644107 -10.956799594691342 40.39118593615936 147.6054509628289 -999.0 6231.0 -999.0 -1 -999 {-999.0 -999.0 -999.0 -999.0 -999.0} "" -999.0 -999.0 -999.0 -999.0 -999 -999 "" "" "" "" 0 0 0.0 0.0 -999 ""
FIBERMAP 1028 R+9C8 APOGEE 1 1 0 1 0 0 -20.309733754854335 172.032826514274 143.1 60.49121151392095 162.29254536327932 353.63422 115.38692 280.1535419249164 -9.836177812610142 3.878058 1.7676216 1.4928305 280.15359838716233 -9.836128436278175 280.1724199559977 -9.802066241209115 41.03908798390546 145.9648676723546 16000.0 16600.0 2016.0 2 2 {-999.0 15.661112 14.549466 13.974149 -999.0} sdss_psfmag_from_g3xp 15.244776 14.46116 13.580403 11.451 63050395540056460 1034933475 bright_1x1 mwm_yso_pms_apogee_sagitta_edr3_single mwm_yso science 0 0 0.0 0.0 -999 ""
FIBERMAP 1028 R+9C8 BOSS 0 0 0 1 0 0 -20.088417527193734 171.32786835610523 143.1 60.366157801150784 161.56444401466322 353.63422 115.38692 -999.0 -999.0 -999.0 -999.0 -999.0 280.15315654193006 -9.839571669237172 280.171873234817 -9.805302983121292 41.03650155785604 145.9675446636554 -999.0 5400.0 -999.0 1 124 {-999.0 -999.0 -999.0 -999.0 -999.0} "" -999.0 -999.0 -999.0 -999.0 -999 -999 "" "" "" "" 0 0 0.0 0.0 -999 ""
FIBERMAP 1028 R+9C8 METROLOGY 0 0 0 1 0 0 -20.814185137981696 171.48711259287083 143.1 59.79332412967907 162.0374979984615 353.63422 115.38692 -999.0 -999.0 -999.0 -999.0 -999.0 280.1504797672831 -9.83737485381004 280.16922446810213 -9.803172643288235 41.039619764383836 145.9692360922058 -999.0 6231.0 -999.0 -1 -999 {-999.0 -999.0 -999.0 -999.0 -999.0} "" -999.0 -999.0 -999.0 -999.0 -999 -999 "" "" "" "" 0 0 0.0 0.0 -999 ""
FIBERMAP 1032 R+2C8 APOGEE 0 0 0 1 0 0 -92.26036286602891 36.61772573977202 143.1 -65.3421043069255 74.69973052260139 44.782486 56.133762 -999.0 -999.0 -999.0 -999.0 -999.0 279.57135018349817 -10.232005506158234 279.59142120348156 -10.199268448169853 40.95915451059345 146.88166764943173 -999.0 16600.0 -999.0 2 -999 {-999.0 -999.0 -999.0 -999.0 -999.0} "" -999.0 -999.0 -999.0 -999.0 -999 -999 "" "" "" "" 0 0 0.0 0.0 -999 ""
FIBERMAP 1032 R+2C8 BOSS 1 1 0 1 0 0 -92.11421537111704 35.87992667316958 143.1 -65.54901481551504 73.97674274932515 44.782486 56.133762 279.5704650878906 -10.235452199150188 -999.0 -999.0 -999.0 279.57045789732774 -10.235463635064448 279.5904264475898 -10.202519306735915 40.95673656148223 146.8848235366874 5400.0 5400.0 2015.5 1 44 {-999.0 -999.0 -999.0 -999.0 -999.0} "" -999.0 -999.0 -999.0 -999.0 27021603148706236 852779266 "" ops_sky_boss_fallback ops_sky sky_boss 0 0 0.0 0.0 -999 ""
FIBERMAP 1032 R+2C8 METROLOGY 0 0 0 1 0 0 -92.81823698345566 36.12230828992075 143.1 -66.06454261483229 74.5138151442489 44.782486 56.133762 -999.0 -999.0 -999.0 -999.0 -999.0 279.56805992313804 -10.232961853461205 279.58805496228985 -10.200083991082764 40.95997973683028 146.88605160817036 -999.0 6231.0 -999.0 -1 -999 {-999.0 -999.0 -999.0 -999.0 -999.0} "" -999.0 -999.0 -999.0 -999.0 -999 -999 "" "" "" "" 0 0 0.0 0.0 -999 ""
FIBERMAP 1034 R+13C2 APOGEE 1 1 0 1 0 0 -130.6562335096581 257.3522831007744 143.1 1.3008906401828286 288.56986890031453 103.27029 150.25952 279.8820079029596 -9.269146703678137 -3.2746878 -3.0820894 0.5350124 279.88198966082194 -9.2691624468523 279.8995328270755 -9.236092439820903 41.6648796673665 145.91986404034623 16000.0 16600.0 2016.0 2 113 {-999.0 14.772842 12.774331 11.776102 -999.0} sdss_psfmag_from_g3xp 13.799989 12.428652 11.294305 8.488 63050395540477284 1152260268 bright_1x1 mwm_galactic_core_dist_apogee_sparse mwm_galactic science 0 0 0.0 0.0 -999 ""
FIBERMAP 1034 R+13C2 BOSS 0 0 0 1 0 0 -130.43502873413647 258.0666287069251 143.1 1.8238411171981654 289.1042496852778 103.27029 150.25952 -999.0 -999.0 -999.0 -999.0 -999.0 279.8844991842464 -9.267019063375486 279.9019250279091 -9.233742102302473 41.66581762955881 145.91558474859912 -999.0 5400.0 -999.0 1 95 {-999.0 -999.0 -999.0 -999.0 -999.0} "" -999.0 -999.0 -999.0 -999.0 -999 -999 "" "" "" "" 0 0 0.0 0.0 -999 ""
FIBERMAP 1034 R+13C2 METROLOGY 0 0 0 1 0 0 -129.92739554106058 257.5314221269518 143.1 2.030972843303541 288.39639538973637 103.27029 150.25952 -999.0 -999.0 -999.0 -999.0 -999.0 279.8854087187614 -9.270101201498075 279.9028731931557 -9.236877415016183 41.662615906288906 145.91648769366748 -999.0 6231.0 -999.0 -1 -999 {-999.0 -999.0 -999.0 -999.0 -999.0} "" -999.0 -999.0 -999.0 -999.0 -999 -999 "" "" "" "" 0 0 0.0 0.0 -999 ""
FIBERMAP 1036 R0C17 APOGEE 1 1 0 1 0 0 60.63066854188485 9.347318523157583 143.1 58.197603913797494 -19.37188609719319 110.75329 130.55133 280.1423609080342 -10.661909650621878 -0.9078818 -5.4998946 0.92058986 280.1423513888383 -10.661937497568456 280.16322317941354 -10.627485897883636 40.31700719538619 146.49231501628464 16000.0 16600.0 2016.0 2 47 {-999.0 11.671262 11.325498 11.17085 -999.0} sdss_psfmag_from_g3xp 11.620036 11.311237 10.822344 10.121 63050395432118100 975035562 "" ops_std_apogee ops_std standard_apogee 0 0 0.0 0.0 -999 ""
FIBERMAP 1036 R0C17 BOSS 0 0 0 1 0 0 60.979428782644256 10.014868277208073 143.1 58.81264282195347 -18.937375171045407 110.75329 130.55133 -999.0 -999.0 -999.0 -999.0 -999.0 280.14535170693614 -10.660185093424712 280.166102201202 -10.625514658165734 40.317408139789876 146.4878228098741 -999.0 5400.0 -999.0 1 181 {-999.0 -999.0 -999.0 -999.0 -999.0} "" -999.0 -999.0 -999.0 -999.0 -999 -999 "" "" "" "" 0 0 0.0 0.0 -999 ""
FIBERMAP 1036 R0C17 METROLOGY 0 0 0 1 0 0 61.38335366246373 9.364532633058012 143.1 58.87495696295283 -19.700276755833624 110.75329 130.55133 -999.0 -999.0 -999.0 -999.0 -999.0 280.1455954515875 -10.663599356676489 280.16638702930277 -10.628986555513412 40.314215745527704 146.48965000618696 -999.0 6231.0 -999.0 -1 -999 {-999.0 -999.0 -999.0 -999.0 -999.0} "" -999.0 -999.0 -999.0 -999.0 -999 -999 "" "" "" "" 0 0 0.0 0.0 -999 ""
FIBERMAP 1037 R+4C11 APOGEE 0 0 0 1 0 0 -21.4482941664222 87.13347847314961 143.1 20.71050686894471 87.29684171709737 50.76216 144.0286 -999.0 -999.0 -999.0 -999.0 -999.0 279.9696027769374 -10.175749636390199 279.98935030946427 -10.141998090216184 40.82568403086699 146.38869067391593 -999.0 16600.0 -999.0 2 -999 {-999.0 -999.0 -999.0 -999.0 -999.0} "" -999.0 -999.0 -999.0 -999.0 -999 -999 "" "" "" "" 0 0 0.0 0.0 -999 ""
FIBERMAP 1037 R+4C11 BOSS 1 1 0 1 0 0 -20.737024719375494 87.34592217483976 143.1 21.440170430482404 87.16101418574821 50.76216 144.0286 279.9731186123392 -10.176488834319066 -6.58601 -16.106224 0.97989434 279.9731010921994 -10.176540822004714 279.992735517071 -10.142571651985165 40.82360284965315 146.38516893853043 5400.0 5400.0 2016.0 1 113 {-999.0 15.890433 14.868381 14.45608 -999.0} sdss_psfmag_ps1 15.526372 14.819969 13.996195 12.458 63050395539538588 980278133 "" ops_std_boss_red ops_std standard_boss 0 0 0.0 0.0 -999 ""
FIBERMAP 1037 R+4C11 METROLOGY 0 0 0 1 0 0 -20.908539986940642 86.61837905920703 143.1 20.955390948841128 86.59220463032685 50.76216 144.0286 -999.0 -999.0 -999.0 -999.0 -999.0 279.9708195024499 -10.179071151008053 279.99049341066103 -10.145165628197416 40.82236091715938 146.38935977600153 -999.0 6231.0 -999.0 -1 -999 {-999.0 -999.0 -999.0 -999.0 -999.0} "" -999.0 -999.0 -999.0 -999.0 -999 -999 "" "" "" "" 0 0 0.0 0.0 -999 ""
FIBERMAP 1039 R-1C4 APOGEE 0 0 0 1 0 0 -209.91664876872773 -6.2879826695474 143.1 -189.5863342096046 90.26223642491293 82.37781 113.013855 -999.0 -999.0 -999.0 -999.0 -999.0 278.9998819650859 -10.159987771651677 279.02003384756335 -10.128784102196182 41.281973544098285 147.50014153996227 -999.0 16600.0 -999.0 2 -999 {-999.0 -999.0 -999.0 -999.0 -999.0} "" -999.0 -999.0 -999.0 -999.0 -999 -999 "" "" "" "" 0 0 0.0 0.0 -999 ""
FIBERMAP 1039 R-1C4 BOSS 1 1 0 1 0 0 -209.19634940852336 -6.081925660117319 143.1 -188.85155517654192 90.1166047368282 82.37781 113.013855 279.00329589843744 -10.160835150989953 -999.0 -999.0 -999.0 279.0033034561293 -10.160840183367108 279.02334756680597 -10.129420662077957 41.279910772781335 147.4966737184461 5400.0 5400.0 2015.5 1 432 {-999.0 -999.0 -999.0 -999.0 -999.0} "" -999.0 -999.0 -999.0 -999.0 27021603148703717 852778614 "" ops_sky_boss_fallback ops_sky sky_boss 0 0 0.0 0.0 -999 ""
FIBERMAP 1039 R-1C4 METROLOGY 0 0 0 1 0 0 -209.3858698564936 -6.812325807997166 143.1 -189.35365438560842 89.55347572048284 82.37781 113.013855 -999.0 -999.0 -999.0 -999.0 -999.0 279.0009614966596 -10.163332775155695 279.0210435854083 -10.131976636027575 41.278680906834886 147.50091613362824 -999.0 6231.0 -999.0 -1 -999 {-999.0 -999.0 -999.0 -999.0 -999.0} "" -999.0 -999.0 -999.0 -999.0 -999 -999 "" "" "" "" 0 0 0.0 0.0 -999 ""
FIBERMAP 1040 R+5C11 APOGEE 1 1 0 1 0 0 -10.246409611347373 114.09583482612439 143.1 42.986218784596176 106.16393912576825 115.311 83.38014 280.0727582580441 -10.090250595057178 -4.1547933 -8.273949 0.08370781 280.0727227215574 -10.090273729094484 280.09221064684647 -10.056295394926911 40.85316693966757 146.21713896437092 16000.0 16600.0 2016.0 2 20 {-999.0 19.162905 16.488314 15.092297 -999.0} sdss_psfmag_ps1 17.696526 15.653093 14.34337 10.83 63050395539569752 1153918961 bright_1x1 mwm_galactic_core_dist_apogee_sparse mwm_galactic science 0 0 0.0 0.0 -999 ""
FIBERMAP 1040 R+5C11 BOSS 0 0 0 1 0 0 -9.532141923753189 114.32610054575778 143.1 43.726687349247214 106.04259468329478 115.311 83.38014 -999.0 -999.0 -999.0 -999.0 -999.0 280.0762779122323 -10.09099398276518 280.09565218570503 -10.056798369647062 40.85111506320808 146.21351214963244 -999.0 5400.0 -999.0 1 137 {-999.0 -999.0 -999.0 -999.0 -999.0} "" -999.0 -999.0 -999.0 -999.0 -999 -999 "" "" "" "" 0 0 0.0 0.0 -999 ""
FIBERMAP 1040 R+5C11 METROLOGY 0 0 0 1 0 0 -9.683105452546892 113.59757032314897 143.1 43.259737320609275 105.46352248695796 115.311 83.38014 -999.0 -999.0 -999.0 -999.0 -999.0 280.0740813453893 -10.093568655953192 280.0934952633176 -10.05943631691874 40.849802099304696 146.2176391552485 -999.0 6231.0 -999.0 -1 -999 {-999.0 -999.0 -999.0 -999.0 -999.0} "" -999.0 -999.0 -999.0 -999.0 -999 -999 "" "" "" "" 0 0 0.0 0.0 -999 ""
FIBERMAP 1044 R+13C10 APOGEE 1 1 0 1 0 0 46.975150432846746 246.10921020330971 143.1 154.1650913536485 197.45681756851215 191.60092 136.01575 280.5831903142352 -9.679849445557197 -1.6110386 -2.4533756 0.21433085 280.58319484998515 -9.67988082987747 280.60143156244806 -9.644773117341567 40.97352618237285 145.37336759228168 16000.0 16600.0 2016.0 2 50 {-999.0 17.865517 15.366568 14.233956 -999.0} sdss_psfmag_ps1 16.47332 14.625902 13.359614 10.016 63050395539908225 1153919994 bright_1x1 mwm_galactic_core_dist_apogee_sparse mwm_galactic science 0 0 0.0 0.0 -999 ""
FIBERMAP 1044 R+13C10 BOSS 0 0 0 1 0 0 46.33179173646206 246.4898116793529 143.1 153.7666375131198 198.08913189431382 191.60092 136.01575 -999.0 -999.0 -999.0 -999.0 -999.0 280.5814835962205 -9.677218072200986 280.5995990770195 -9.641910724498834 40.97690550717211 145.37362315910326 -999.0 5400.0 -999.0 1 164 {-999.0 -999.0 -999.0 -999.0 -999.0} "" -999.0 -999.0 -999.0 -999.0 -999 -999 "" "" "" "" 0 0 0.0 0.0 -999 ""
FIBERMAP 1044 R+13C10 METROLOGY 0 0 0 1 0 0 46.983967815101195 246.86041261178136 143.1 154.51595924309407 198.12096490432128 191.60092 136.01575 -999.0 -999.0 -999.0 -999.0 -999.0 280.58487047763947 -9.67704576384666 280.603016667138 -9.64178786286931 40.97537993935392 145.36964073571048 -999.0 6231.0 -999.0 -1 -999 {-999.0 -999.0 -999.0 -999.0 -999.0} "" -999.0 -999.0 -999.0 -999.0 -999 -999 "" "" "" "" 0 0 0.0 0.0 -999 ""
FIBERMAP 1046 R+5C21 APOGEE 0 0 0 1 0 0 196.8222985193586 100.52130390052332 143.1 220.9694763883325 -0.46498248128774017 189.52525 92.00463 -999.0 -999.0 -999.0 -999.0 -999.0 280.89226284169666 -10.576235113151139 280.91256390322434 -10.53986415403544 40.042001890310445 145.5906053972127 -999.0 16600.0 -999.0 2 -999 {-999.0 -999.0 -999.0 -999.0 -999.0} "" -999.0 -999.0 -999.0 -999.0 -999 -999 "" "" "" "" 0 0 0.0 0.0 -999 ""
FIBERMAP 1046 R+5C21 BOSS 1 1 0 1 0 0 196.653102335558 101.23695134532309 143.1 221.14577053014403 0.24882687095232875 189.52525 92.00463 280.893229023713 -10.573165849609735 -3.717908 -4.2718406 0.25679317 280.89322533604496 -10.57320985646404 280.9133991365483 -10.536625461763252 40.044440216122844 145.58762158059042 5400.0 5400.0 2016.0 1 237 {-999.0 18.127417 17.053856 16.534418 16.180195} sdss_psfmag_from_ps1dr2 17.6996 16.993 16.1612 14.77 63050395432000955 1039955397 "" ops_std_boss_ps1dr2 ops_std standard_boss 0 0 0.0 0.0 -999 ""
FIBERMAP 1046 R+5C21 METROLOGY 0 0 0 1 0 0 197.36978711768828 101.02817490503116 143.1 221.68790715601818 -0.26413709627314075 189.52525 92.00463 -999.0 -999.0 -999.0 -999.0 -999.0 280.8956598984502 -10.575474776160764 280.91587191489594 -10.538943042677088 40.041236247950295 145.58630501715615 -999.0 6231.0 -999.0 -1 -999 {-999.0 -999.0 -999.0 -999.0 -999.0} "" -999.0 -999.0 -999.0 -999.0 -999 -999 "" "" "" "" 0 0 0.0 0.0 -999 ""
FIBERMAP 1051 R-5C20 APOGEE 1 1 0 1 0 0 184.00485120887026 -91.94466100553781 143.1 121.68207862106203 -165.8052165897549 79.66447 162.96013 280.43410135896846 -11.326660830858183 -1.232464 -3.1294422 0.17483948 280.4341177585136 -11.32665049016083 280.4564978406966 -11.291089477283078 39.596098425814 146.570162198543 16000.0 16600.0 2016.0 2 233 {-999.0 16.452045 14.523353 13.719836 -999.0} sdss_psfmag_ps1 15.479869 14.199864 13.097172 10.336 63050395430378570 1153724598 bright_1x1 mwm_galactic_core_dist_apogee_sparse mwm_galactic science 0 0 0.0 0.0 -999 ""
FIBERMAP 1051 R-5C20 BOSS 0 0 0 1 0 0 184.31089966823143 -91.26550669227363 143.1 122.26442563129197 -165.34088005007692 79.66447 162.96013 -999.0 -999.0 -999.0 -999.0 -999.0 280.4369621983431 -11.324802170346883 280.4592175096526 -11.28901734326591 39.59666477518761 146.56584117753556 -999.0 5400.0 -999.0 1 278 {-999.0 -999.0 -999.0 -999.0 -999.0} "" -999.0 -999.0 -999.0 -999.0 -999 -999 "" "" "" "" 0 0 0.0 0.0 -999 ""
FIBERMAP 1051 R-5C20 METROLOGY 0 0 0 1 0 0 184.75078305062485 -91.86729072092135 143.1 122.38089421217309 -166.07701622204186 79.66447 162.96013 -999.0 -999.0 -999.0 -999.0 -999.0 280.43744387201815 -11.328053046995832 280.45974067038793 -11.292326822425904 39.59350554732365 146.56728344795866 -999.0 6231.0 -999.0 -1 -999 {-999.0 -999.0 -999.0 -999.0 -999.0} "" -999.0 -999.0 -999.0 -999.0 -999 -999 "" "" "" "" 0 0 0.0 0.0 -999 ""
FIBERMAP 1054 R-2C7 APOGEE 1 1 0 1 0 0 -131.91906086047695 -59.95521374855568 143.1 -144.71596716416698 6.9103226020539585 340.2147 38.847214 279.20338412298133 -10.539171774880367 -1.1952507 -5.0881968 0.10510814 279.2034134176851 -10.539194884292966 279.22441777586835 -10.507266181576142 40.853419882243706 147.493786362551 16000.0 16600.0 2016.0 2 255 {-999.0 21.537231 18.262299 16.466 -999.0} sdss_psfmag_ps1 19.414593 16.63215 15.161313 10.881 63050395539034270 1153915634 bright_1x1 mwm_galactic_core_dist_apogee_sparse mwm_galactic science 0 0 0.0 0.0 -999 ""
FIBERMAP 1054 R-2C7 BOSS 0 0 0 1 0 0 -132.62608716717588 -60.18463601342147 143.1 -145.44960957112772 7.02911060843077 340.2147 38.847214 -999.0 -999.0 -999.0 -999.0 -999.0 279.20008768884827 -10.538846106958497 279.22098246062006 -10.506716804924546 40.85546008859165 147.49741872187292 -999.0 5400.0 -999.0 1 471 {-999.0 -999.0 -999.0 -999.0 -999.0} "" -999.0 -999.0 -999.0 -999.0 -999 -999 "" "" "" "" 0 0 0.0 0.0 -999 ""
FIBERMAP 1054 R-2C7 METROLOGY 0 0 0 1 0 0 -132.4708581457564 -59.45564014204854 143.1 -144.9786528740076 7.606649214528316 340.2147 38.847214 -999.0 -999.0 -999.0 -999.0 -999.0 279.2022501677787 -10.536169904416715 279.2231685157118 -10.504095675284582 40.85680023098369 147.4933021754248 -999.0 6231.0 -999.0 -1 -999 {-999.0 -999.0 -999.0 -999.0 -999.0} "" -999.0 -999.0 -999.0 -999.0 -999 -999 "" "" "" "" 0 0 0.0 0.0 -999 ""
FIBERMAP 1056 R-6C9 APOGEE 0 0 0 1 0 0 -40.0448840580081 -130.66602166137093 143.1 -95.28544836781089 -97.9379107501541 305.36633 102.12811 -999.0 -999.0 -999.0 -999.0 -999.0 279.43010166711133 -11.017211808734595 279.45219248106304 -10.984443867870091 40.32678093169342 147.52100820246534 -999.0 16600.0 -999.0 2 -999 {-999.0 -999.0 -999.0 -999.0 -999.0} "" -999.0 -999.0 -999.0 -999.0 -999 -999 "" "" "" "" 0 0 0.0 0.0 -999 ""
FIBERMAP 1056 R-6C9 BOSS 1 1 0 1 0 0 -40.54088106066051 -131.21914210168407 143.1 -95.97919788906698 -98.20340657097701 305.36633 102.12811 279.42697250112764 -11.018637822493366 -0.9857564 -4.2052073 0.26970255 279.4269613103677 -11.018652985933638 279.44894460701437 -10.985679155594307 40.32715053397288 147.52546704835086 5400.0 5400.0 2016.0 1 399 {-999.0 15.871217 14.69113 14.019113 -999.0} sdss_psfmag_from_g3xp 15.42462 14.562559 13.607576 11.837 63050395538858404 1093189080 bright_3x1 mwm_astar_core_boss mwm_ob science 0 0 0.0 0.0 -999 ""
FIBERMAP 1056 R-6C9 METROLOGY 0 0 0 1 0 0 -40.77410596019865 -130.50823256834678 143.1 -95.86201900455328 -97.46457372700293 305.36633 102.12811 -999.0 -999.0 -999.0 -999.0 -999.0 279.4274863920743 -11.015232479787775 279.44949282305856 -10.982319526369865 40.32988620704333 147.52281330062263 -999.0 6231.0 -999.0 -1 -999 {-999.0 -999.0 -999.0 -999.0 -999.0} "" -999.0 -999.0 -999.0 -999.0 -999 -999 "" "" "" "" 0 0 0.0 0.0 -999 ""
FIBERMAP 1058 R-4C23 APOGEE 1 1 0 1 0 0 247.80165454385673 -56.63885741503667 143.1 194.5494159915418 -163.5335188396878 148.44093 38.90864 280.76921101664846 -11.314620552676665 -6.225197 -7.910641 0.11344223 280.76921631473465 -11.314659956562151 280.79140226839274 -11.27822715939405 39.45148833045509 146.18751290739482 16000.0 16600.0 2016.0 2 221 {-999.0 16.768301 14.90434 13.981381 -999.0} sdss_psfmag_from_g3xp 15.891297 14.609739 13.506055 10.758 63050395430979235 1152173695 bright_1x1 mwm_galactic_core_dist_apogee_sparse mwm_galactic science 0 0 0.0 0.0 -999 ""
FIBERMAP 1058 R-4C23 BOSS 0 0 0 1 0 0 248.52846361375228 -56.53125710077212 143.1 195.24502648869267 -163.76969758016935 148.44093 38.90864 -999.0 -999.0 -999.0 -999.0 -999.0 280.77252793787994 -11.315929669836802 280.7945947889974 -11.27926969380561 39.44907820015758 146.18459390033823 -999.0 5400.0 -999.0 1 252 {-999.0 -999.0 -999.0 -999.0 -999.0} "" -999.0 -999.0 -999.0 -999.0 -999 -999 "" "" "" "" 0 0 0.0 0.0 -999 ""
FIBERMAP 1058 R-4C23 METROLOGY 0 0 0 1 0 0 248.26403825997883 -57.230604589682066 143.1 194.69048116938626 -164.27100194179124 148.44093 38.90864 -999.0 -999.0 -999.0 -999.0 -999.0 280.76993617640085 -11.31813947112804 280.7920439617757 -11.281546846965725 39.4482706346788 146.18884797056822 -999.0 6231.0 -999.0 -1 -999 {-999.0 -999.0 -999.0 -999.0 -999.0} "" -999.0 -999.0 -999.0 -999.0 -999 -999 "" "" "" "" 0 0 0.0 0.0 -999 ""
FIBERMAP 1063 R0C13 APOGEE 1 1 0 1 0 0 -28.659345831355523 4.601360889908935 143.1 -23.390550398321068 17.179633866084746 69.952934 169.14604 279.76460076185754 -10.494482902946679 -2.0370898 -3.4908285 0.1639757 279.7646039186433 -10.49449154833729 279.7852376015022 -10.461115095590621 40.63854956170324 146.82065926489273 16000.0 16600.0 2016.0 2 292 {-999.0 18.499416 15.948498 13.896775 -999.0} sdss_psfmag_ps1 17.132141 14.260122 12.812471 8.84 63050395539409152 1153918454 bright_1x1 mwm_galactic_core_dist_apogee_sparse mwm_galactic science 0 0 0.0 0.0 -999 ""
FIBERMAP 1063 R0C13 BOSS 0 0 0 1 0 0 -28.299398745767018 5.248403749920359 143.1 -22.77492526173461 17.590796178758257 69.952934 169.14604 -999.0 -999.0 -999.0 -999.0 -999.0 279.7675613329814 -10.492826455797713 279.78807638620407 -10.459233062863193 40.63890634617928 146.81624746817621 -999.0 5400.0 -999.0 1 430 {-999.0 -999.0 -999.0 -999.0 -999.0} "" -999.0 -999.0 -999.0 -999.0 -999 -999 "" "" "" "" 0 0 0.0 0.0 -999 ""
FIBERMAP 1063 R0C13 METROLOGY 0 0 0 1 0 0 -27.90735131137769 4.617569805803741 143.1 -22.714270625646456 16.850664467507436 69.952934 169.14604 -999.0 -999.0 -999.0 -999.0 -999.0 279.7678031973954 -10.496142651393477 279.78835842407585 -10.462606440776966 40.63579540260408 146.81800494192066 -999.0 6231.0 -999.0 -1 -999 {-999.0 -999.0 -999.0 -999.0 -999.0} "" -999.0 -999.0 -999.0 -999.0 -999 -999 "" "" "" "" 0 0 0.0 0.0 -999 ""
FIBERMAP 1068 R-2C8 APOGEE 0 0 0 1 0 0 -115.6152435697092 -49.57282172269974 143.1 -125.47321465901582 8.700283243662634 235.38857 133.21501 -999.0 -999.0 -999.0 -999.0 -999.0 279.2921796432426 -10.531439994111347 279.3131239074529 -10.499282589746016 40.82036403388634 147.386583384339 -999.0 16600.0 -999.0 2 -999 {-999.0 -999.0 -999.0 -999.0 -999.0} "" -999.0 -999.0 -999.0 -999.0 -999 -999 "" "" "" "" 0 0 0.0 0.0 -999 ""
FIBERMAP 1068 R-2C8 BOSS 1 1 0 1 0 0 -116.35685099708616 -49.6887963739341 143.1 -126.18581189644203 8.93577068748791 235.38857 133.21501 279.2889404296875 -10.530540306550904 -999.0 -999.0 -999.0 279.28895076474214 -10.53056023129527 279.3097836338073 -10.498202167062747 40.8228366285094 147.3897769504866 5400.0 5400.0 2015.5 1 450 {-999.0 -999.0 -999.0 -999.0 -999.0} "" -999.0 -999.0 -999.0 -999.0 27021603148700592 852777830 "" ops_sky_boss_fallback ops_sky sky_boss 0 0 0.0 0.0 -999 ""
FIBERMAP 1068 R-2C8 METROLOGY 0 0 0 1 0 0 -116.08949439445936 -48.99684591093715 143.1 -125.63203705134842 9.429157090314382 235.38857 133.21501 -999.0 -999.0 -999.0 -999.0 -999.0 279.2914957276531 -10.528266861179416 279.3123530760001 -10.495962692729773 40.82365958401977 147.38545007330745 -999.0 6231.0 -999.0 -1 -999 {-999.0 -999.0 -999.0 -999.0 -999.0} "" -999.0 -999.0 -999.0 -999.0 -999 -999 "" "" "" "" 0 0 0.0 0.0 -999 ""
FIBERMAP 1069 R+11C10 APOGEE 1 1 0 1 0 0 38.530300878548836 231.11815082516503 143.1 139.8081948131931 187.9788982066457 112.39085 71.22079 280.5177831741627 -9.722015454343474 -3.4753277 -5.111137 0.14419293 280.5177741203795 -9.722039932322044 280.53614522045234 -9.687082206225096 40.96765888425797 145.47507925505934 16000.0 16600.0 2016.0 2 18 {-999.0 18.169924 15.79285 14.505859 -999.0} sdss_psfmag_ps1 16.908445 15.067171 13.7850485 10.477 63050395539901863 1153920165 bright_1x1 mwm_galactic_core_dist_apogee_sparse mwm_galactic science 0 0 0.0 0.0 -999 ""
FIBERMAP 1069 R+11C10 BOSS 0 0 0 1 0 0 39.268000008491384 231.18100113506316 143.1 140.4930573119818 187.69794280225477 112.39085 71.22079 -999.0 -999.0 -999.0 -999.0 -999.0 280.52105140718976 -9.723503141621958 280.5393093401873 -9.688330435789961 40.96505823300746 145.4722627911888 -999.0 5400.0 -999.0 1 109 {-999.0 -999.0 -999.0 -999.0 -999.0} "" -999.0 -999.0 -999.0 -999.0 -999 -999 "" "" "" "" 0 0 0.0 0.0 -999 ""
FIBERMAP 1069 R+11C10 METROLOGY 0 0 0 1 0 0 38.96562158680867 230.50173845586013 143.1 139.913925214591 187.23183400759788 112.39085 71.22079 -999.0 -999.0 -999.0 -999.0 -999.0 280.51837407597975 -9.725530490439937 280.5366709229935 -9.690422050760946 40.964484776806266 145.47661692828177 -999.0 6231.0 -999.0 -1 -999 {-999.0 -999.0 -999.0 -999.0 -999.0} "" -999.0 -999.0 -999.0 -999.0 -999 -999 "" "" "" "" 0 0 0.0 0.0 -999 ""
FIBERMAP 1070 R+9C13 APOGEE 1 1 0 1 0 0 97.18754616711821 173.77537937262127 143.1 165.7974855638788 110.18916461003785 39.7798 66.685555 280.6384631159832 -10.073899010940528 -0.5879919 -0.2498372 0.08566372 280.6384708371845 -10.073897502937193 280.6576535482098 -10.038446951352064 40.60219085763941 145.56088894651086 16000.0 16600.0 2016.0 2 55 {-999.0 18.425747 15.902502 14.047204 -999.0} sdss_psfmag_ps1 17.073872 14.294574 12.857814 8.95 63050395539796251 1153919845 bright_1x1 mwm_galactic_core_dist_apogee_sparse mwm_galactic science 0 0 0.0 0.0 -999 ""
FIBERMAP 1070 R+9C13 BOSS 0 0 0 1 0 0 97.38312279336633 173.06551681732205 143.1 165.64729767340717 109.46845453123103 39.7798 66.685555 -999.0 -999.0 -999.0 -999.0 -999.0 280.6379534420207 -10.077339868104033 280.6570281679887 -10.041680512032578 40.59965673324131 145.5636558422537 -999.0 5400.0 -999.0 1 152 {-999.0 -999.0 -999.0 -999.0 -999.0} "" -999.0 -999.0 -999.0 -999.0 -999 -999 "" "" "" "" 0 0 0.0 0.0 -999 ""
FIBERMAP 1070 R+9C13 METROLOGY 0 0 0 1 0 0 96.65896603462079 173.24942788123087 143.1 165.0871605388177 109.96271340110668 39.7798 66.685555 -999.0 -999.0 -999.0 -999.0 -999.0 280.6353355714572 -10.075037327702846 280.65443894269663 -10.039445063605836 40.60284544411876 145.56517457575143 -999.0 6231.0 -999.0 -1 -999 {-999.0 -999.0 -999.0 -999.0 -999.0} "" -999.0 -999.0 -999.0 -999.0 -999 -999 "" "" "" "" 0 0 0.0 0.0 -999 ""
FIBERMAP 1078 R-3C9 APOGEE 1 1 0 1 0 0 -71.02403541393605 -43.387993755382055 143.1 -82.98636771972261 -6.160376387308068 90.02024 87.313416 279.48824958393766 -10.599875330923078 -2.737063 -5.601149 -0.16329981 279.48824797110035 -10.599904532216696 279.50927217539515 -10.567198411093054 40.671016142870954 147.20228262181718 16000.0 16600.0 2016.0 2 245 {-999.0 21.040016 19.150293 17.252157 -999.0} sdss_psfmag_ps1 20.166773 17.754084 15.938149 10.7 63050395538950875 1153915122 bright_1x1 mwm_galactic_core_dist_apogee_sparse mwm_galactic science 0 0 0.0 0.0 -999 ""
FIBERMAP 1078 R-3C9 BOSS 0 0 0 1 0 0 -70.28605770946733 -43.40800055320081 143.1 -82.33909286568773 -6.515158092314506 90.02024 87.313416 -999.0 -999.0 -999.0 -999.0 -999.0 279.4913054945783 -10.601746184091818 279.5122209455853 -10.568820706456226 40.668235349857525 147.19988692789346 -999.0 5400.0 -999.0 1 470 {-999.0 -999.0 -999.0 -999.0 -999.0} "" -999.0 -999.0 -999.0 -999.0 -999 -999 "" "" "" "" 0 0 0.0 0.0 -999 ""
FIBERMAP 1078 R-3C9 METROLOGY 0 0 0 1 0 0 -70.69223324790437 -44.03463614254125 143.1 -82.98651825834037 -6.887059190188339 90.02024 87.313416 -999.0 -999.0 -999.0 -999.0 -999.0 279.48827976174425 -10.603368132393603 279.5092323776021 -10.570509377461113 40.66810014145252 147.20435089619195 -999.0 6231.0 -999.0 -1 -999 {-999.0 -999.0 -999.0 -999.0 -999.0} "" -999.0 -999.0 -999.0 -999.0 -999 -999 "" "" "" "" 0 0 0.0 0.0 -999 ""
FIBERMAP 1081 R-1C22 APOGEE 1 0 0 1 0 0 199.49517115671895 -4.863723311128352 143.1 175.224463882043 -95.4225607516366 88.73992 83.03482 280.51567853276003 -11.079899659134805 -1.1803149 -3.147266 0.12700701 280.6820588870146 -11.007404407935997 280.7035271835505 -10.971360638833376 39.76228584971292 146.0956729572727 16000.0 16600.0 2016.0 2 196 {-999.0 19.692652 19.34998 13.628381 -999.0} sdss_psfmag_gaia 17.38049 14.080992 12.517107 7.943 63050395431819025 1154701841 bright_1x1 mwm_galactic_core_dist_apogee_sparse mwm_galactic science 0 0 0.0 0.0 -999 ""
FIBERMAP 1081 R-1C22 BOSS 0 0 0 1 0 0 200.23185633683931 -4.968697812817071 143.1 175.83178987114925 -95.85232865562527 88.73992 83.03482 -999.0 -999.0 -999.0 -999.0 -999.0 280.6850065155322 -11.009582049413456 280.706359437938 -10.973314054123458 39.75924132853273 146.09370965572364 -999.0 5400.0 -999.0 1 313 {-999.0 -999.0 -999.0 -999.0 -999.0} "" -999.0 -999.0 -999.0 -999.0 -999 -999 "" "" "" "" 0 0 0.0 0.0 -999 ""
FIBERMAP 1081 R-1C22 METROLOGY 0 0 0 1 0 0 199.77357563905713 -5.562222587289337 143.1 175.15313793424582 -96.17098558130047 88.73992 83.03482 -999.0 -999.0 -999.0 -999.0 -999.0 280.6818408247516 -11.010970890404494 280.7032325504269 -10.974771494108614 39.75942765908684 146.0981233984178 -999.0 6231.0 -999.0 -1 -999 {-999.0 -999.0 -999.0 -999.0 -999.0} "" -999.0 -999.0 -999.0 -999.0 -999 -999 "" "" "" "" 0 0 0.0 0.0 -999 ""
FIBERMAP 1083 R-3C10 APOGEE 0 0 0 1 0 0 -62.59407623796214 -50.21804082285276 143.1 -78.60698976385918 -16.084925102736985 102.99613 139.88026 -999.0 -999.0 -999.0 -999.0 -999.0 279.5083556889809 -10.645188056599007 279.5294832645649 -10.612406114497215 40.621748878406116 147.2066864907383 -999.0 16600.0 -999.0 2 -999 {-999.0 -999.0 -999.0 -999.0 -999.0} "" -999.0 -999.0 -999.0 -999.0 -999 -999 "" "" "" "" 0 0 0.0 0.0 -999 ""
FIBERMAP 1083 R-3C10 BOSS 1 1 0 1 0 0 -62.258241530872525 -49.5505094010867 143.1 -78.00345612971996 -15.644528235686993 102.99613 139.88026 279.5112310050938 -10.643399706766742 -0.27633303 -3.3415837 0.34988585 279.51122657498655 -10.643412431879133 279.5322362742815 -10.610413132726363 40.622261099544986 147.20231059983698 5400.0 5400.0 2016.0 1 447 {-999.0 18.136705 16.960804 16.347729 15.921609} sdss_psfmag_from_ps1dr2 17.682 16.8686 15.9401 14.614 63050395538941560 1040005249 "" ops_std_boss_ps1dr2 ops_std standard_boss 0 0 0.0 0.0 -999 ""
FIBERMAP 1083 R-3C10 METROLOGY 0 0 0 1 0 0 -61.84885123979772 -50.18196198386603 143.1 -77.92765799662347 -16.393129558680688 102.99613 139.88026 -999.0 -999.0 -999.0 -999.0 -999.0 279.5115418611057 -10.646762510099038 279.5325915193593 -10.613820376372573 40.61907996747439 147.20398311333255 -999.0 6231.0 -999.0 -1 -999 {-999.0 -999.0 -999.0 -999.0 -999.0} "" -999.0 -999.0 -999.0 -999.0 -999 -999 "" "" "" "" 0 0 0.0 0.0 -999 ""
FIBERMAP 1085 R-2C13 APOGEE 0 0 0 1 0 0 13.05875698624964 -43.26935463151464 143.1 -8.142886704979686 -44.449969370993685 346.81708 112.043686 -999.0 -999.0 -999.0 -999.0 -999.0 279.83453392683003 -10.775531976699202 279.8558331037221 -10.741828458723091 40.35796867543898 146.91261351588332 -999.0 16600.0 -999.0 2 -999 {-999.0 -999.0 -999.0 -999.0 -999.0} "" -999.0 -999.0 -999.0 -999.0 -999 -999 "" "" "" "" 0 0 0.0 0.0 -999 ""
FIBERMAP 1085 R-2C13 BOSS 1 1 0 1 0 0 13.198109025060814 -43.99590411329335 143.1 -8.350704632261214 -45.15984791037904 346.81708 112.043686 279.83367430286154 -10.77901006086153 -0.89885736 -1.9095434 0.35330677 279.8336707426973 -10.779000787692658 279.8548647867514 -10.745085497643538 40.35553348730029 146.9157143012296 5400.0 5400.0 2016.0 1 355 {-999.0 15.873721 14.55557 13.869796 -999.0} sdss_psfmag_from_g3xp 15.350757 14.414574 13.45392 11.586 63050395539339949 1093259303 bright_3x1 mwm_astar_core_boss mwm_ob science 0 0 0.0 0.0 -999 ""
FIBERMAP 1085 R-2C13 METROLOGY 0 0 0 1 0 0 12.486344259184927 -43.747899979842394 143.1 -8.8705523152581 -44.614238650706255 346.81708 112.043686 -999.0 -999.0 -999.0 -999.0 -999.0 279.83123456775854 -10.77644344737617 279.85245576927485 -10.742596021850146 40.35884032095488 146.91693412282268 -999.0 6231.0 -999.0 -1 -999 {-999.0 -999.0 -999.0 -999.0 -999.0} "" -999.0 -999.0 -999.0 -999.0 -999 -999 "" "" "" "" 0 0 0.0 0.0 -999 ""
FIBERMAP 1086 R-3C15 APOGEE 0 0 0 1 0 0 58.48047458196747 -40.58392291035085 143.1 33.48472959961455 -62.80248409128614 116.031204 76.44775 -999.0 -999.0 -999.0 -999.0 -999.0 280.0273889873939 -10.859552724161214 280.0488056569869 -10.825300591933987 40.19543365706207 146.7443241138287 -999.0 16600.0 -999.0 2 -999 {-999.0 -999.0 -999.0 -999.0 -999.0} "" -999.0 -999.0 -999.0 -999.0 -999 -999 "" "" "" "" 0 0 0.0 0.0 -999 ""
FIBERMAP 1086 R-3C15 BOSS 1 1 0 1 0 0 59.21057960556122 -40.4115460592398 143.1 34.21285096926696 -62.9825509498479 116.031204 76.44775 280.0309336205583 -10.860619383940435 -3.061264 -5.064874 0.60440785 280.0308966625674 -10.860625421887802 280.0521989143889 -10.826150371318862 40.193118591157436 146.74099400613858 5400.0 5400.0 2016.0 1 274 {-999.0 18.817427 17.301802 16.52086 -999.0} sdss_psfmag_ps1 18.105791 17.097795 16.060217 13.874 63050395432073512 980270035 "" ops_std_boss_red ops_std standard_boss 0 0 0.0 0.0 -999 ""
FIBERMAP 1086 R-3C15 METROLOGY 0 0 0 1 0 0 58.99812383825048 -41.12123215834633 143.1 33.69981018434463 -63.51678233341706 116.031204 76.44775 -999.0 -999.0 -999.0 -999.0 -999.0 280.02847574249364 -10.862986628914593 280.0498177198006 -10.82857710479721 40.19207399070258 146.7451888413425 -999.0 6231.0 -999.0 -1 -999 {-999.0 -999.0 -999.0 -999.0 -999.0} "" -999.0 -999.0 -999.0 -999.0 -999 -999 "" "" "" "" 0 0 0.0 0.0 -999 ""
FIBERMAP 1091 R+10C17 APOGEE 1 1 0 1 0 0 167.1608599821991 188.92323394136352 143.1 234.9538386494951 91.71051821096897 199.09694 120.09124 280.95425540538736 -10.158750235534397 -2.137382 -5.2246823 0.54032165 280.954633889584 -10.15878091677526 280.9738758479388 -10.122460298254826 40.37775377969764 145.25641426906535 16000.0 16600.0 2016.0 2 49 {-999.0 13.798381 11.700718 9.831416 -999.0} sdss_psfmag_from_g3xp 12.779592 10.555246 9.210902 5.756 63050395432631708 1152175061 bright_1x1 mwm_galactic_core_dist_apogee_sparse mwm_galactic science 0 0 1.2949719429016113 0.0 -999 ""
FIBERMAP 1091 R+10C17 BOSS 0 0 0 1 0 0 166.58326281201707 189.38843371318433 143.1 234.65250837421164 92.38805137535111 199.09694 120.09124 -999.0 -999.0 -999.0 -999.0 -999.0 280.95338378304393 -10.15591564429184 280.9725006779882 -10.119390243417037 40.381094529655144 145.256004742578 -999.0 5400.0 -999.0 1 170 {-999.0 -999.0 -999.0 -999.0 -999.0} "" -999.0 -999.0 -999.0 -999.0 -999 -999 "" "" "" "" 0 0 0.0 0.0 -999 ""
FIBERMAP 1091 R+10C17 METROLOGY 0 0 0 1 0 0 167.28440413466708 189.66397909387044 143.1 235.40197766580238 92.31297588606068 199.09694 120.09124 -999.0 -999.0 -999.0 -999.0 -999.0 280.95675243151067 -10.156211345838328 280.97590204397545 -10.11973635123008 40.3791621022356 145.25238631759856 -999.0 6231.0 -999.0 -1 -999 {-999.0 -999.0 -999.0 -999.0 -999.0} "" -999.0 -999.0 -999.0 -999.0 -999 -999 "" "" "" "" 0 0 0.0 0.0 -999 ""
FIBERMAP 1092 R-7C20 APOGEE 1 1 0 1 0 0 226.60584030674067 -134.1883166393775 143.1 140.28455581929222 -222.83286298926336 13.308811 110.77013 280.518260369536 -11.582611666070427 -0.8133146 -5.1864495 0.25462943 280.5182589768693 -11.582609399936377 280.5412328395823 -11.54669297267606 39.331567651383445 146.63167438458117 16000.0 16600.0 2016.0 2 200 {-999.0 16.202383 14.210801 13.143535 -999.0} sdss_psfmag_from_g3xp 15.233635 13.801692 12.644567 9.735 63050395429763249 1152172897 bright_1x1 mwm_galactic_core_dist_apogee_sparse mwm_galactic science 0 0 0.0 0.0 -999 ""
FIBERMAP 1092 R-7C20 BOSS 0 0 0 1 0 0 226.94954535523732 -134.84338834025257 143.1 140.29114344672828 -223.5724787013044 13.308811 110.77013 -999.0 -999.0 -999.0 -999.0 -999.0 280.51838925841093 -11.586147279686415 280.54125190061364 -11.550009180331754 39.32863535143025 146.63367686690617 -999.0 5400.0 -999.0 1 332 {-999.0 -999.0 -999.0 -999.0 -999.0} "" -999.0 -999.0 -999.0 -999.0 -999 -999 "" "" "" "" 0 0 0.0 0.0 -999 ""
FIBERMAP 1092 R-7C20 METROLOGY 0 0 0 1 0 0 226.20414103383135 -134.81745402991663 143.1 139.63996953118772 -223.2090333878382 13.308811 110.77013 -999.0 -999.0 -999.0 -999.0 -999.0 280.5153711338877 -11.584474594844783 280.53826511846444 -11.548407497865178 39.331428649359125 146.6360346649084 -999.0 6231.0 -999.0 -1 -999 {-999.0 -999.0 -999.0 -999.0 -999.0} "" -999.0 -999.0 -999.0 -999.0 -999 -999 "" "" "" "" 0 0 0.0 0.0 -999 ""
FIBERMAP 1094 R+1C19 APOGEE 0 0 0 1 0 0 130.60331457069663 9.896664797657591 143.1 120.68717782656346 -50.83519484028702 299.7994 125.91884 -999.0 -999.0 -999.0 -999.0 -999.0 280.431231111476 -10.805378710879335 280.4523206010838 -10.770096623648227 40.05680377661659 146.25334134576656 -999.0 16600.0 -999.0 2 -999 {-999.0 -999.0 -999.0 -999.0 -999.0} "" -999.0 -999.0 -999.0 -999.0 -999 -999 "" "" "" "" 0 0 0.0 0.0 -999 ""
FIBERMAP 1094 R+1C19 BOSS 1 1 0 1 0 0 130.2993522326561 9.221527107618336 143.1 120.1085204927223 -51.29691130061781 299.7994 125.91884 280.4287165491889 -10.807694614707687 0.5810208 -1.7674428 0.12657315 280.4287234953953 -10.807715234565396 280.449702555246 -10.772225073428139 40.05615421614756 146.2576196002031 5400.0 5400.0 2016.0 1 232 {-999.0 17.040384 15.982983 15.542559 -999.0} sdss_psfmag_ps1 16.625153 15.974088 15.001119 13.417 63050395432048815 1093366161 bright_3x1 mwm_astar_core_boss mwm_ob science 0 0 0.0 0.0 -999 ""
FIBERMAP 1094 R+1C19 METROLOGY 0 0 0 1 0 0 129.86204620020027 9.811911134530549 143.1 119.98913875678889 -50.57209202063779 299.7994 125.91884 -999.0 -999.0 -999.0 -999.0 -999.0 280.42813513070695 -10.804353799143191 280.44913943249225 -10.768927418957794 40.05931831098893 146.25620695742353 -999.0 6231.0 -999.0 -1 -999 {-999.0 -999.0 -999.0 -999.0 -999.0} "" -999.0 -999.0 -999.0 -999.0 -999 -999 "" "" "" "" 0 0 0.0 0.0 -999 ""
FIBERMAP 1095 R+5C8 APOGEE 0 0 0 1 0 0 -94.69012485739206 99.11158205519286 143.1 -38.96644783104469 131.39579193446693 195.7407 91.4596 -999.0 -999.0 -999.0 -999.0 -999.0 279.6943105921775 -9.974755743052153 279.71368657776156 -9.941826191019427 41.130197341988406 146.5807330354404 -999.0 16600.0 -999.0 2 -999 {-999.0 -999.0 -999.0 -999.0 -999.0} "" -999.0 -999.0 -999.0 -999.0 -999 -999 "" "" "" "" 0 0 0.0 0.0 -999 ""
FIBERMAP 1095 R+5C8 BOSS 1 1 0 1 0 0 -94.92014981398552 99.81989113825766 143.1 -38.847610142026205 132.13085054528847 195.7407 91.4596 279.69496857865397 -9.97156752750273 -1.9740477 -6.4525905 0.71055704 279.6949677793754 -9.971576040167287 279.7142240670994 -9.938440210843225 41.132936737975655 146.5779989258738 5400.0 5400.0 2016.0 1 65 {-999.0 16.857325 15.699953 15.190153 -999.0} sdss_psfmag_ps1 16.391918 15.617336 14.66176 12.797 63050395539744235 980278151 "" ops_std_boss_red ops_std standard_boss 0 0 0.0 0.0 -999 ""
FIBERMAP 1095 R+5C8 METROLOGY 0 0 0 1 0 0 -94.19073915273607 99.66590677816399 143.1 -38.26913423633602 131.6608115323717 195.7407 91.4596 -999.0 -999.0 -999.0 -999.0 -999.0 279.69760193756713 -9.973665051607984 279.71689378992613 -9.940579685141419 41.12981202099564 146.57625338394737 -999.0 6231.0 -999.0 -1 -999 {-999.0 -999.0 -999.0 -999.0 -999.0} "" -999.0 -999.0 -999.0 -999.0 -999 -999 "" "" "" "" 0 0 0.0 0.0 -999 ""
FIBERMAP 1096 R+1C25 APOGEE 0 0 0 1 0 0 243.23371610860386 4.461040139241218 143.1 218.38669404757613 -107.1009794718317 281.6942 47.838654 -999.0 -999.0 -999.0 -999.0 -999.0 280.8796387471043 -11.059373758325197 280.90113898623696 -11.022785460233532 39.624226668261436 145.90638929039608 -999.0 16600.0 -999.0 2 -999 {-999.0 -999.0 -999.0 -999.0 -999.0} "" -999.0 -999.0 -999.0 -999.0 -999 -999 "" "" "" "" 0 0 0.0 0.0 -999 ""
FIBERMAP 1096 R+1C25 BOSS 1 1 0 1 0 0 242.5851644555445 4.821713142333957 143.1 217.97452118454092 -106.48401968457233 281.6942 47.838654 280.87788060322066 -11.056791109020782 0.83226055 -0.17465493 0.8975218 280.8779129077079 -11.05682442193459 280.89928718948767 -11.020025916904963 39.62752006078665 145.90673879481602 5400.0 5400.0 2016.0 1 184 {-999.0 15.099828 14.610338 14.37806 -999.0} sdss_psfmag_from_g3xp 14.995192 14.61031 14.013591 12.996 63050395431856992 981657954 "" ops_std_boss_tic ops_std standard_boss 0 0 0.0 0.0 -999 ""
FIBERMAP 1096 R+1C25 METROLOGY 0 0 0 1 0 0 243.21816081554195 5.206975802264219 143.1 218.71347814127208 -106.43038735083229 281.6942 47.838654 -999.0 -999.0 -999.0 -999.0 -999.0 280.8812492274175 -11.056498733055147 280.9026552046088 -11.019752887230181 39.626171955524775 145.9028036880341 -999.0 6231.0 -999.0 -1 -999 {-999.0 -999.0 -999.0 -999.0 -999.0} "" -999.0 -999.0 -999.0 -999.0 -999 -999 "" "" "" "" 0 0 0.0 0.0 -999 ""
FIBERMAP 1098 R+5C1 APOGEE 1 1 0 1 0 0 -247.63363830817835 82.19528779667334 143.1 -182.73001775540774 186.18853113609515 273.75647 64.86158 279.0358695153621 -9.727035935261135 -3.0600407 -6.8994546 -0.02153588 279.03587577466124 -9.727046616339964 279.0549335211632 -9.695964822901114 41.650319432133564 147.19339227809556 16000.0 16600.0 2016.0 2 122 {-999.0 23.494268 22.40836 17.888268 -999.0} sdss_psfmag_gaia 21.15754 18.462729 16.703615 9.76 63050395540295440 1154738597 bright_1x1 mwm_galactic_core_dist_apogee_sparse mwm_galactic science 0 0 0.0 0.0 -999 ""
FIBERMAP 1098 R+5C1 BOSS 0 0 0 1 0 0 -248.32974591113305 82.45426220289109 143.1 -183.23092942024843 186.7367485447976 273.75647 64.86158 -999.0 -999.0 -999.0 -999.0 -999.0 279.03372330680327 -9.724785360624056 279.05266884491823 -9.693506932914865 41.653530802330515 147.19452128313984 -999.0 5400.0 -999.0 1 1 {-999.0 -999.0 -999.0 -999.0 -999.0} "" -999.0 -999.0 -999.0 -999.0 -999 -999 "" "" "" "" 0 0 0.0 0.0 -999 ""
FIBERMAP 1098 R+5C1 METROLOGY 0 0 0 1 0 0 -247.75426495611055 82.94011787927309 143.1 -182.49719655717274 186.9061190987835 273.75647 64.86158 -999.0 -999.0 -999.0 -999.0 -999.0 279.0370492977489 -9.723961847577343 279.05602177091635 -9.692732758438193 41.65268970186706 147.19011986270837 -999.0 6231.0 -999.0 -1 -999 {-999.0 -999.0 -999.0 -999.0 -999.0} "" -999.0 -999.0 -999.0 -999.0 -999 -999 "" "" "" "" 0 0 0.0 0.0 -999 ""
FIBERMAP 1100 R-9C17 APOGEE 0 0 0 1 0 0 156.59927548651453 -171.2176371909301 143.1 61.10679062388067 -223.8019886987914 153.51285 127.25192 -999.0 -999.0 -999.0 -999.0 -999.0 280.1530114866297 -11.588308044663378 280.1761787824977 -11.553346270593329 39.49360688377909 147.04446536960816 -999.0 16600.0 -999.0 2 -999 {-999.0 -999.0 -999.0 -999.0 -999.0} "" -999.0 -999.0 -999.0 -999.0 -999 -999 "" "" "" "" 0 0 0.0 0.0 -999 ""
FIBERMAP 1100 R-9C17 BOSS 1 1 0 1 0 0 156.45112964332975 -170.47479681916923 143.1 61.31422569201592 -223.07360430960026 153.51285 127.25192 280.1541137695312 -11.58526594518193 -999.0 -999.0 -999.0 280.15411217391267 -11.585293066011552 280.1771534976352 -11.550111164264814 39.49602182934973 147.04141362342853 5400.0 5400.0 2015.5 1 269 {-999.0 -999.0 -999.0 -999.0 -999.0} "" -999.0 -999.0 -999.0 -999.0 27021603147971216 852646430 "" ops_sky_boss_fallback ops_sky sky_boss 0 0 0.0 0.0 -999 ""
FIBERMAP 1100 R-9C17 METROLOGY 0 0 0 1 0 0 157.1622292741284 -170.72799955601732 143.1 61.83110789324269 -223.62353385872518 153.51285 127.25192 -999.0 -999.0 -999.0 -999.0 -999.0 280.1564552267468 -11.5876868617808 280.17953476921525 -11.552559550995047 39.49276736645122 147.0402216080929 -999.0 6231.0 -999.0 -1 -999 {-999.0 -999.0 -999.0 -999.0 -999.0} "" -999.0 -999.0 -999.0 -999.0 -999 -999 "" "" "" "" 0 0 0.0 0.0 -999 ""
FIBERMAP 1101 R-12C14 APOGEE 1 1 0 1 0 0 138.73209630096326 -218.2095155578099 143.1 23.756310015114572 -257.441184407944 89.36777 100.0941 279.9797058105469 -11.738809031537855 -999.0 -999.0 -999.0 279.9797205979266 -11.738810507595584 280.00334713572005 -11.704223657817277 39.43880569104072 147.32949247749644 16000.0 16600.0 2015.5 2 213 {-999.0 -999.0 -999.0 -999.0 -999.0} "" -999.0 -999.0 -999.0 -999.0 27021603147970821 848944019 "" ops_sky_apogee_good ops_sky sky_apogee 0 0 0.0 0.0 -999 ""
FIBERMAP 1101 R-12C14 BOSS 0 0 0 1 0 0 139.4509585349233 -218.0524783229684 143.1 24.467426635145344 -257.62976158105334 89.36777 100.0941 -999.0 -999.0 -999.0 -999.0 -999.0 279.98312276315266 -11.739889003944203 280.00663292166945 -11.705072929520618 39.436561658033334 147.32631092773306 -999.0 5400.0 -999.0 1 256 {-999.0 -999.0 -999.0 -999.0 -999.0} "" -999.0 -999.0 -999.0 -999.0 -999 -999 "" "" "" "" 0 0 0.0 0.0 -999 ""
FIBERMAP 1101 R-12C14 METROLOGY 0 0 0 1 0 0 139.23765029622882 -218.7681319888143 143.1 23.950902602684973 -258.16891168133503 89.36777 100.0941 -999.0 -999.0 -999.0 -999.0 -999.0 279.9806932407036 -11.742224357120326 280.0042436802566 -11.707475677631432 39.43551722067138 147.33043714799373 -999.0 6231.0 -999.0 -1 -999 {-999.0 -999.0 -999.0 -999.0 -999.0} "" -999.0 -999.0 -999.0 -999.0 -999 -999 "" "" "" "" 0 0 0.0 0.0 -999 ""
FIBERMAP 1103 R-2C9 APOGEE 1 1 0 1 0 0 -91.89781094565026 -21.01910739296252 143.1 -91.33860143351558 23.26781601670059 132.52637 75.62106 279.45014052019843 -10.465720705374993 0.6872644 -1.3071611 0.1711357 279.4501444777401 -10.465737472885824 279.470852428133 -10.433199524236171 40.80726218234075 147.16449441996693 16000.0 16600.0 2016.0 2 258 {-999.0 17.75649 15.313007 14.149134 -999.0} sdss_psfmag_ps1 16.451382 14.606639 13.338514 9.886 63050395539586106 1153919057 bright_1x1 mwm_galactic_core_dist_apogee_sparse mwm_galactic science 0 0 0.0 0.0 -999 ""
FIBERMAP 1103 R-2C9 BOSS 0 0 0 1 0 0 -91.25549105685319 -20.67982675883871 143.1 -90.61234844485917 23.27629117020973 132.52637 75.62106 -999.0 -999.0 -999.0 -999.0 -999.0 279.45356733618235 -10.465908792805344 279.47416273498277 -10.433152435566706 40.80579448994784 147.1606547158851 -999.0 5400.0 -999.0 1 449 {-999.0 -999.0 -999.0 -999.0 -999.0} "" -999.0 -999.0 -999.0 -999.0 -999 -999 "" "" "" "" 0 0 0.0 0.0 -999 ""
FIBERMAP 1103 R-2C9 METROLOGY 0 0 0 1 0 0 -91.27347948929328 -21.42248712888205 143.1 -90.96747313747986 22.62392955969455 132.52637 75.62106 -999.0 -999.0 -999.0 -999.0 -999.0 279.45188995285804 -10.468816497747978 279.4725249309062 -10.436122373022942 40.80390985656196 147.16435926690036 -999.0 6231.0 -999.0 -1 -999 {-999.0 -999.0 -999.0 -999.0 -999.0} "" -999.0 -999.0 -999.0 -999.0 -999 -999 "" "" "" "" 0 0 0.0 0.0 -999 ""
FIBERMAP 1104 R-13C7 APOGEE 0 0 0 1 0 0 1.4092057404367377 -258.4268877969584 143.1 -116.7532304518289 -230.5070244521286 342.86874 108.77962 -999.0 -999.0 -999.0 -999.0 -999.0 279.33071670686513 -11.614730512531839 279.3543463092485 -11.581911970513254 39.83939634684547 147.98977174597718 -999.0 16600.0 -999.0 2 299 {-999.0 -999.0 -999.0 -999.0 -999.0} "" -999.0 -999.0 -999.0 -999.0 -999 -999 "" ops_sky_apogee_best_unassigned ops_sky sky_apogee 0 0 0.0 0.0 -999 ""
FIBERMAP 1104 R-13C7 BOSS 1 1 0 1 0 0 1.4276422714802521 -259.1705237536526 143.1 -117.07640163877213 -231.1768867214722 342.86874 108.77962 279.32935153150197 -11.617936619501366 -2.8607128 -5.291521 1.4005998 279.3293399932461 -11.617942477322204 279.3528647360865 -11.584908134740447 39.837388589165506 147.99323027671252 5400.0 5400.0 2016.0 1 416 {-999.0 17.93941 16.399683 15.662869 -999.0} sdss_psfmag_ps1 17.221956 16.213589 15.107624 12.932 63050395430136047 1034784208 bright_1x1 mwm_yso_variable_boss_single mwm_yso science 0 0 0.0 0.0 -999 ""
FIBERMAP 1104 R-13C7 METROLOGY 0 0 0 1 0 0 0.7721462887523121 -258.81620394264013 143.1 -117.49765237783659 -230.56240690017344 342.86874 108.77962 -999.0 -999.0 -999.0 -999.0 -999.0 279.3273644012821 -11.615108115787525 279.3509151882928 -11.582142166000422 39.8407206116177 147.993806412367 -999.0 6231.0 -999.0 -1 -999 {-999.0 -999.0 -999.0 -999.0 -999.0} "" -999.0 -999.0 -999.0 -999.0 -999 -999 "" "" "" "" 0 0 0.0 0.0 -999 ""
FIBERMAP 1105 R-7C6 APOGEE 0 0 0 1 0 0 -92.23094134720074 -140.4633270205918 143.1 -146.1772849346598 -82.82237780934412 304.516 142.3378 -999.0 -999.0 -999.0 -999.0 -999.0 279.1952093537763 -10.947055876966292 279.2172347552759 -10.914940030601624 40.49431248236471 147.74839911511356 -999.0 16600.0 -999.0 2 -999 {-999.0 -999.0 -999.0 -999.0 -999.0} "" -999.0 -999.0 -999.0 -999.0 -999 -999 "" "" "" "" 0 0 0.0 0.0 -999 ""
FIBERMAP 1105 R-7C6 BOSS 1 1 0 1 0 0 -92.26333857315471 -141.21056972393183 143.1 -146.54731830084464 -83.47223572308735 304.516 142.3378 279.19354365933646 -10.95020559651904 2.0287945 -4.093736 1.1797662 279.1935574577857 -10.950234197788506 279.2154803785633 -10.917908541639354 40.49245924206462 147.75219772934375 5400.0 5400.0 2016.0 1 437 {-999.0 16.785837 15.338703 14.567922 -999.0} sdss_psfmag_ps1 16.172085 15.101954 14.063554 11.369 63050395538842347 917199664 bright_3x1 mwm_yso_pms_boss_sagitta_edr3 mwm_yso science 0 0 0.0 0.0 -999 ""
FIBERMAP 1105 R-7C6 METROLOGY 0 0 0 1 0 0 -92.89316679114847 -140.8070121117727 143.1 -146.9232545890821 -82.82568103810814 304.516 142.3378 -999.0 -999.0 -999.0 -999.0 -999.0 279.1918096024391 -10.947221148900054 279.2137573335785 -10.914961866720384 40.49585338432515 147.7524060613181 -999.0 6231.0 -999.0 -1 -999 {-999.0 -999.0 -999.0 -999.0 -999.0} "" -999.0 -999.0 -999.0 -999.0 -999 -999 "" "" "" "" 0 0 0.0 0.0 -999 ""
FIBERMAP 1106 R-10C9 APOGEE 0 0 0 1 0 0 7.568887900979991 -192.25301200640956 143.1 -81.05707767221729 -174.4599261249778 310.24106 164.44972 -999.0 -999.0 -999.0 -999.0 -999.0 279.4954190322558 -11.36418693836441 279.5183445017685 -11.331067521461334 39.98908441563747 147.653937591085 -999.0 16600.0 -999.0 2 -999 {-999.0 -999.0 -999.0 -999.0 -999.0} "" -999.0 -999.0 -999.0 -999.0 -999 -999 "" "" "" "" 0 0 0.0 0.0 -999 ""
FIBERMAP 1106 R-10C9 BOSS 1 1 0 1 0 0 7.907864283457879 -192.9199015648343 143.1 -81.06009250537095 -175.20789421985936 310.24106 164.44972 279.49546795610144 -11.36782199185223 1.4072219 -1.0618972 -0.043903578 279.4954932524071 -11.367826108251059 279.5183139574196 -11.33448849549417 39.98605854201322 147.6560209826254 5400.0 5400.0 2016.0 1 371 {-999.0 16.299995 15.363044 14.887659 -999.0} sdss_psfmag_ps1 15.948658 15.278033 14.410774 12.914 63050395430538228 1093366102 bright_3x1 mwm_astar_core_boss mwm_ob science 0 0 0.0 0.0 -999 ""
FIBERMAP 1106 R-10C9 METROLOGY 0 0 0 1 0 0 7.152932735835549 -192.8724014486036 143.1 -81.70989292884593 -174.82091625967956 310.24106 164.44972 -999.0 -999.0 -999.0 -999.0 -999.0 279.49246139633914 -11.365988924911077 279.51531122405265 -11.332721478386633 39.98897940556814 147.65837719872363 -999.0 6231.0 -999.0 -1 -999 {-999.0 -999.0 -999.0 -999.0 -999.0} "" -999.0 -999.0 -999.0 -999.0 -999 -999 "" "" "" "" 0 0 0.0 0.0 -999 ""
FIBERMAP 1107 R-13C5 APOGEE 1 1 0 1 0 0 -76.77325354845092 -254.87590724257916 143.1 -184.67285358212928 -191.6477035179341 246.06116 42.683025 279.0182476309743 -11.436828716872922 -3.91518 -7.847145 -0.219351 279.018227454931 -11.43689739092634 279.0415598136913 -11.404991991634041 40.13602719631411 148.2417141435513 16000.0 16600.0 2016.0 2 283 {-999.0 23.45943 19.115883 16.200018 -999.0} sdss_psfmag_ps1 20.587526 16.354683 14.751658 9.854 63050395538624962 1153913360 bright_1x1 mwm_galactic_core_dist_apogee_sparse mwm_galactic science 0 0 0.0 0.0 -999 ""
FIBERMAP 1107 R-13C5 BOSS 0 0 0 1 0 0 -77.03847779716429 -254.18358454515635 143.1 -184.59262462301226 -190.91079113513695 246.06116 42.683025 -999.0 -999.0 -999.0 -999.0 -999.0 279.0186912649529 -11.433816844279612 279.0419042701308 -11.40169599421238 40.1388156381538 148.239373438758 -999.0 5400.0 -999.0 1 414 {-999.0 -999.0 -999.0 -999.0 -999.0} "" -999.0 -999.0 -999.0 -999.0 -999 -999 "" "" "" "" 0 0 0.0 0.0 -999 ""
FIBERMAP 1107 R-13C5 METROLOGY 0 0 0 1 0 0 -76.30874253059508 -254.29181658597156 143.1 -183.99296789414078 -191.3402829580509 246.06116 42.683025 -999.0 -999.0 -999.0 -999.0 -999.0 279.02141429389843 -11.435716873870241 279.04466234123714 -11.40364904074034 40.135852230448926 148.23737156522364 -999.0 6231.0 -999.0 -1 -999 {-999.0 -999.0 -999.0 -999.0 -999.0} "" -999.0 -999.0 -999.0 -999.0 -999 -999 "" "" "" "" 0 0 0.0 0.0 -999 ""
FIBERMAP 1108 R-9C7 APOGEE 1 1 0 1 0 0 -34.812468752412855 -172.85372063271612 143.1 -109.89572693101199 -137.851998436124 74.56926 29.88555 279.36226852205306 -11.197759484660873 -3.0820756 -6.7149477 -0.11516635 279.36225059091964 -11.197768781878176 279.38482367619883 -11.165085286822116 40.19662967414172 147.70662498108226 16000.0 16600.0 2016.0 2 178 {-999.0 21.980112 18.907143 15.688956 -999.0} sdss_psfmag_ps1 20.094067 15.779816 14.152729 9.111 63050395538794450 1153914765 bright_1x1 mwm_galactic_core_dist_apogee_sparse mwm_galactic science 0 0 0.0 0.0 -999 ""
FIBERMAP 1108 R-9C7 BOSS 0 0 0 1 0 0 -34.611559499023485 -173.56989676757956 143.1 -110.04405459729033 -138.58075933093096 74.56926 29.88555 -999.0 -999.0 -999.0 -999.0 -999.0 279.3616384319508 -11.201321169378705 279.3841079895963 -11.168422798154507 40.19398411409827 147.70944286592953 -999.0 5400.0 -999.0 1 390 {-999.0 -999.0 -999.0 -999.0 -999.0} "" -999.0 -999.0 -999.0 -999.0 -999 -999 "" "" "" "" 0 0 0.0 0.0 -999 ""
FIBERMAP 1108 R-9C7 METROLOGY 0 0 0 1 0 0 -35.33529531594536 -173.37625353896652 143.1 -110.59937327189328 -138.07803618774815 74.56926 29.88555 -999.0 -999.0 -999.0 -999.0 -999.0 279.3590501242908 -11.19895743442916 279.38154694684977 -11.166127920471457 40.19717472594291 147.71099154533366 -999.0 6231.0 -999.0 -1 -999 {-999.0 -999.0 -999.0 -999.0 -999.0} "" -999.0 -999.0 -999.0 -999.0 -999 -999 "" "" "" "" 0 0 0.0 0.0 -999 ""
FIBERMAP 1109 R+8C19 APOGEE 0 0 0 1 0 0 193.2480162100002 173.8982691588894 143.1 251.29671885337322 66.43392944852472 169.70512 47.808445 -999.0 -999.0 -999.0 -999.0 -999.0 281.02944506317766 -10.273310269022394 281.0489333000736 -10.23673563777965 40.241968320443 145.24477212309975 -999.0 16600.0 -999.0 2 60 {-999.0 -999.0 -999.0 -999.0 -999.0} "" -999.0 -999.0 -999.0 -999.0 -999 -999 "" "" "" "" 0 0 0.0 0.0 -999 ""
FIBERMAP 1109 R+8C19 BOSS 1 1 0 1 0 0 193.8281287743599 174.37525211973156 143.1 252.03051981455138 66.5932930152482 169.70512 47.808445 281.0325353125112 -10.272736684653587 -7.9416165 -20.413736 4.786562 281.032900398172 -10.27280642790677 281.05226641182213 -10.236012519458024 40.24100198152011 145.24055793336032 5400.0 5400.0 2016.0 1 168 {-999.0 13.34633 12.323084 11.955133 -999.0} sdss_psfmag_from_g3xp 12.995049 12.357366 11.591605 10.049 63050395432610872 1035085107 bright_1x1 mwm_yso_pms_boss_zari18pms_single mwm_yso science 0 0 1.3449865579605103 0.0 -999 ""
FIBERMAP 1109 R+8C19 METROLOGY 0 0 0 1 0 0 193.94525273554052 173.6315405130538 143.1 251.79509380872534 65.87829935404967 169.70512 47.808445 -999.0 -999.0 -999.0 -999.0 -999.0 281.0318114294112 -10.275977864889974 281.051219590337 -10.239244823196247 40.238680991478894 145.24379927708088 -999.0 6231.0 -999.0 -1 -999 {-999.0 -999.0 -999.0 -999.0 -999.0} "" -999.0 -999.0 -999.0 -999.0 -999 -999 "" "" "" "" 0 0 0.0 0.0 -999 ""
FIBERMAP 1111 R+8C16 APOGEE 0 0 0 1 0 0 129.50821351006687 175.33924516946365 143.1 195.25993598810766 96.8214420990778 160.23848 45.375263 -999.0 -999.0 -999.0 -999.0 -999.0 280.7735937438436 -10.134955087786425 280.79286314426946 -10.09912011163802 40.48469526736088 145.44617651524916 -999.0 16600.0 -999.0 2 -999 {-999.0 -999.0 -999.0 -999.0 -999.0} "" -999.0 -999.0 -999.0 -999.0 -999 -999 "" "" "" "" 0 0 0.0 0.0 -999 ""
FIBERMAP 1111 R+8C16 BOSS 1 1 0 1 0 0 130.16472644128544 175.68184801357836 143.1 196.0003303297243 96.82639123059835 160.23848 45.375263 280.7771189106625 -10.13512041209112 0.87215346 -1.1079228 0.20306425 280.7771329429969 -10.13513639289615 280.79628350384405 -10.099083002142313 40.48309637387397 145.44227980710153 5400.0 5400.0 2016.0 1 202 {-999.0 15.543556 14.788113 14.413992 -999.0} sdss_psfmag_ps1 15.253394 14.700943 13.97309 12.734 63050395432669604 1093366397 bright_3x1 mwm_astar_core_boss mwm_ob science 0 0 0.0 0.0 -999 ""
FIBERMAP 1111 R+8C16 METROLOGY 0 0 0 1 0 0 130.1317040839827 174.92946292881635 143.1 195.62739273687748 96.17224476819705 160.23848 45.375263 -999.0 -999.0 -999.0 -999.0 -999.0 280.7754008274228 -10.138035917394165 280.7945926903968 -10.102044819734354 40.481311785441164 145.4460808627115 -999.0 6231.0 -999.0 -1 -999 {-999.0 -999.0 -999.0 -999.0 -999.0} "" -999.0 -999.0 -999.0 -999.0 -999 -999 "" "" "" "" 0 0 0.0 0.0 -999 ""
FIBERMAP 1112 R-6C10 APOGEE 0 0 0 1 0 0 -13.675498174377651 -126.44444107211244 143.1 -69.90289260200534 -106.22410832184192 312.0494 116.957054 -999.0 -999.0 -999.0 -999.0 -999.0 279.5475221964515 -11.055478297487124 279.569653214821 -11.022382699487046 40.23998844069298 147.4097714325058 -999.0 16600.0 -999.0 2 -999 {-999.0 -999.0 -999.0 -999.0 -999.0} "" -999.0 -999.0 -999.0 -999.0 -999 -999 "" "" "" "" 0 0 0.0 0.0 -999 ""
FIBERMAP 1112 R-6C10 BOSS 1 1 0 1 0 0 -13.936922179739893 -127.15084285226771 143.1 -70.45798953938066 -106.73305779918994 312.0494 116.957054 279.5450143193108 -11.05804045545976 0.35702866 -0.35974413 0.44501728 279.54502780607066 -11.05803679608556 279.567053067526 -11.024732554490598 40.23908126994487 147.41415801223448 5400.0 5400.0 2016.0 1 367 {-999.0 18.107838 17.026155 16.407364 -999.0} sdss_psfmag_ps1 17.688255 16.906404 15.982638 13.133 63050395538855726 981885341 "" ops_std_boss_tic ops_std standard_boss 0 0 0.0 0.0 -999 ""
FIBERMAP 1112 R-6C10 METROLOGY 0 0 0 1 0 0 -14.40945578753253 -126.57848659648303 143.1 -70.6169373297631 -106.00818758777389 312.0494 116.957054 -999.0 -999.0 -999.0 -999.0 -999.0 279.5442724232616 -11.054671834206015 279.56632177425905 -11.021431938895555 40.242340756787186 147.4129972815767 -999.0 6231.0 -999.0 -1 -999 {-999.0 -999.0 -999.0 -999.0 -999.0} "" -999.0 -999.0 -999.0 -999.0 -999 -999 "" "" "" "" 0 0 0.0 0.0 -999 ""
FIBERMAP 1113 R-3C16 APOGEE 1 1 0 1 0 0 71.03517432693195 -47.38540632551334 143.1 41.5459927750494 -74.58512583095418 124.27485 116.26221 280.0646132878353 -10.913235605088554 0.24417108 -3.0746272 0.27519146 280.06463822084453 -10.91323771984198 280.08617046824696 -10.878860257753615 40.13091441874275 146.7348386971182 16000.0 16600.0 2016.0 2 235 {-999.0 16.546215 14.087067 12.776192 -999.0} sdss_psfmag_ps1 15.252452 12.501177 11.064345 7.206 63050395432069717 1153727055 bright_1x1 mwm_galactic_core_dist_apogee_sparse mwm_galactic science 0 0 0.0 0.0 -999 ""
FIBERMAP 1113 R-3C16 BOSS 0 0 0 1 0 0 71.39195738035312 -46.73722855320554 143.1 42.15932183330123 -74.17150923852127 124.27485 116.26221 -999.0 -999.0 -999.0 -999.0 -999.0 280.06762348848775 -10.911611893017996 280.08903453797205 -10.877013836292091 40.13122339693047 146.73045675864765 -999.0 5400.0 -999.0 1 282 {-999.0 -999.0 -999.0 -999.0 -999.0} "" -999.0 -999.0 -999.0 -999.0 -999 -999 "" "" "" "" 0 0 0.0 0.0 -999 ""
FIBERMAP 1113 R-3C16 METROLOGY 0 0 0 1 0 0 71.77972210346209 -47.365828338742645 143.1 42.21718731106099 -74.90769809332241 124.27485 116.26221 -999.0 -999.0 -999.0 -999.0 -999.0 280.0678468877519 -10.914894405666134 280.0892987732953 -10.880354584549039 40.128152246818225 146.73220951775468 -999.0 6231.0 -999.0 -1 -999 {-999.0 -999.0 -999.0 -999.0 -999.0} "" -999.0 -999.0 -999.0 -999.0 -999 -999 "" "" "" "" 0 0 0.0 0.0 -999 ""
FIBERMAP 1114 R-8C15 APOGEE 1 1 0 1 0 0 103.5006758734331 -169.47443744293105 143.1 14.673067911342239 -198.0047988256281 262.87277 91.54998 279.9385070800781 -11.472245553041986 -999.0 -999.0 -999.0 279.9385320103848 -11.472276056133252 279.9615146877168 -11.437937847877102 39.69370251134567 147.2162908522997 16000.0 16600.0 2015.5 2 203 {-999.0 -999.0 -999.0 -999.0 -999.0} "" -999.0 -999.0 -999.0 -999.0 27021603147971469 848944137 "" ops_sky_apogee_good ops_sky sky_apogee 0 0 0.0 0.0 -999 ""
FIBERMAP 1114 R-8C15 BOSS 0 0 0 1 0 0 102.77290447967431 -169.42795447873095 143.1 14.046961222762267 -197.63112786212994 262.87277 91.54998 -999.0 -999.0 -999.0 -999.0 -999.0 279.9357562795707 -11.470856147674791 279.9586203142624 -11.43630836679155 39.69646331839825 147.2185721066831 -999.0 5400.0 -999.0 1 318 {-999.0 -999.0 -999.0 -999.0 -999.0} "" -999.0 -999.0 -999.0 -999.0 -999 -999 "" "" "" "" 0 0 0.0 0.0 -999 ""
FIBERMAP 1114 R-8C15 METROLOGY 0 0 0 1 0 0 103.1783302478801 -168.80199235596555 143.1 14.693412187442918 -197.25948342296047 262.87277 91.54998 -999.0 -999.0 -999.0 -999.0 -999.0 279.93872197774584 -11.469116103458223 279.9616132395741 -11.43462313004275 39.69659298028421 147.21417846469964 -999.0 6231.0 -999.0 -1 -999 {-999.0 -999.0 -999.0 -999.0 -999.0} "" -999.0 -999.0 -999.0 -999.0 -999 -999 "" "" "" "" 0 0 0.0 0.0 -999 ""
FIBERMAP 1115 R-5C21 APOGEE 0 0 0 1 0 0 209.44800689907538 -114.08502237418055 143.1 134.20300139159102 -197.1166798214845 288.81378 83.03945 -999.0 -999.0 -999.0 -999.0 -999.0 280.4910581455212 -11.467431266630603 280.5137596038488 -11.431646972593184 39.44569244344888 146.5920898629637 -999.0 16600.0 -999.0 2 -999 {-999.0 -999.0 -999.0 -999.0 -999.0} "" -999.0 -999.0 -999.0 -999.0 -999 -999 "" "" "" "" 0 0 0.0 0.0 -999 ""
FIBERMAP 1115 R-5C21 BOSS 1 1 0 1 0 0 208.7438691216669 -114.26586048369676 143.1 133.49411346146894 -196.95599656225428 288.81378 83.03945 280.4879066123998 -11.466937975219539 -2.002055 -6.131786 0.109938726 280.4879342840094 -11.466969722538293 280.51051668094215 -11.430975363877126 39.447785775968015 146.59530715884642 5400.0 5400.0 2016.0 1 321 {-999.0 17.019253 16.041464 15.630722 -999.0} sdss_psfmag_ps1 16.635628 15.998284 15.140946 13.75 63050395429775557 1093366182 bright_3x1 mwm_astar_core_boss mwm_ob science 0 0 0.0 0.0 -999 ""
FIBERMAP 1115 R-5C21 METROLOGY 0 0 0 1 0 0 208.9349329104858 -113.54334252155118 143.1 133.99398614993646 -196.40058327394692 288.81378 83.03945 -999.0 -999.0 -999.0 -999.0 -999.0 280.4902144951738 -11.464394415399047 280.5128232294575 -11.428457368266612 39.448937312865134 146.59118637314046 -999.0 6231.0 -999.0 -1 -999 {-999.0 -999.0 -999.0 -999.0 -999.0} "" -999.0 -999.0 -999.0 -999.0 -999 -999 "" "" "" "" 0 0 0.0 0.0 -999 ""
FIBERMAP 1118 R-13C4 APOGEE 1 1 0 1 0 0 -80.4982044490005 -231.08030884305413 143.1 -177.12019833886137 -168.78123850611829 160.37991 34.351326 279.0526598024898 -11.334497444565839 -4.5171275 -8.14582 0.031391103 279.05264057576204 -11.33453594106003 279.0757006696969 -11.302593567690343 40.21223405596801 148.1420565844334 16000.0 16600.0 2016.0 2 279 {-999.0 19.09211 16.332747 15.012847 -999.0} sdss_psfmag_ps1 17.57409 15.5130825 14.192678 10.541 63050395538781109 1153914457 bright_1x1 mwm_galactic_core_dist_apogee_sparse mwm_galactic science 0 0 0.0 0.0 -999 ""
FIBERMAP 1118 R-13C4 BOSS 0 0 0 1 0 0 -79.79546361475379 -230.86598337942328 143.1 -176.39726146354178 -168.91149780214 160.37991 34.351326 -999.0 -999.0 -999.0 -999.0 -999.0 279.05604989561596 -11.335394660179745 279.07899915890704 -11.303227734735863 40.210204532005164 148.13865567929642 -999.0 5400.0 -999.0 1 413 {-999.0 -999.0 -999.0 -999.0 -999.0} "" -999.0 -999.0 -999.0 -999.0 -999 -999 "" "" "" "" 0 0 0.0 0.0 -999 ""
FIBERMAP 1118 R-13C4 METROLOGY 0 0 0 1 0 0 -79.95735231227731 -231.59153553359843 143.1 -176.87256923670432 -169.4829322784467 160.37991 34.351326 -999.0 -999.0 -999.0 -999.0 -999.0 279.05384627179535 -11.337876222489598 279.07683434321274 -11.305774751157736 40.208894207948376 148.14264391118573 -999.0 6231.0 -999.0 -1 -999 {-999.0 -999.0 -999.0 -999.0 -999.0} "" -999.0 -999.0 -999.0 -999.0 -999 -999 "" "" "" "" 0 0 0.0 0.0 -999 ""
FIBERMAP 1121 R-3C7 APOGEE 1 1 0 1 0 0 -124.29907352536448 -78.56875863762147 143.1 -146.43779042589657 -13.125458601582775 320.8518 52.596462 279.19504256089886 -10.630252109261042 -3.1871228 -5.7240686 0.17403907 279.19506138321856 -10.630288186995198 279.2162966500803 -10.598334992132202 40.77618933910761 147.55841859809618 16000.0 16600.0 2016.0 2 254 {-999.0 20.413448 17.333061 15.692027 -999.0} sdss_psfmag_ps1 18.599655 16.195585 14.76869 10.695 63050395539011531 1153915742 bright_1x1 mwm_galactic_core_dist_apogee_sparse mwm_galactic science 0 0 0.0 0.0 -999 ""
FIBERMAP 1121 R-3C7 BOSS 0 0 0 1 0 0 -125.02352793295927 -78.72208986565639 143.1 -147.15218883766855 -12.931031458018115 320.8518 52.596462 -999.0 -999.0 -999.0 -999.0 -999.0 279.1918252701522 -10.629602325339713 279.21294990346075 -10.597447819295848 40.77848717486194 147.56174076995774 -999.0 5400.0 -999.0 1 468 {-999.0 -999.0 -999.0 -999.0 -999.0} "" -999.0 -999.0 -999.0 -999.0 -999 -999 "" "" "" "" 0 0 0.0 0.0 -999 ""
FIBERMAP 1121 R-3C7 METROLOGY 0 0 0 1 0 0 -124.80316166629237 -78.01363861123069 143.1 -146.63267575639503 -12.401510642822494 320.8518 52.596462 -999.0 -999.0 -999.0 -999.0 -999.0 279.194209344621 -10.627145515894323 279.21535804098073 -10.59504557588176 40.77953531691744 147.55750760777204 -999.0 6231.0 -999.0 -1 -999 {-999.0 -999.0 -999.0 -999.0 -999.0} "" -999.0 -999.0 -999.0 -999.0 -999 -999 "" "" "" "" 0 0 0.0 0.0 -999 ""
FIBERMAP 1125 R0C22 APOGEE 0 0 0 1 0 0 192.2010731175064 -8.433546934555183 143.1 167.10646118169421 -95.2670814808683 345.1262 99.41369 -999.0 -999.0 -999.0 -999.0 -999.0 280.6447396883146 -11.006819388359578 280.66622469593256 -10.970873667097777 39.78020101312575 146.13723280331845 -999.0 16600.0 -999.0 2 -999 {-999.0 -999.0 -999.0 -999.0 -999.0} "" -999.0 -999.0 -999.0 -999.0 -999 -999 "" "" "" "" 0 0 0.0 0.0 -999 ""
FIBERMAP 1125 R0C22 BOSS 1 1 0 1 0 0 192.12866100711977 -9.172054366671341 143.1 166.7048245160492 -95.89089742966874 345.1262 99.41369 280.64300537109375 -11.009923253361876 -999.0 -999.0 -999.0 280.64304794644863 -11.009894516985632 280.6644222878379 -10.973736322567747 39.778529862524756 146.14103382210632 5400.0 5400.0 2015.5 1 244 {-999.0 -999.0 -999.0 -999.0 -999.0} "" -999.0 -999.0 -999.0 -999.0 27021603147977140 852648064 "" ops_sky_boss_fallback ops_sky sky_boss 0 0 0.0 0.0 -999 ""
FIBERMAP 1125 R0C22 METROLOGY 0 0 0 1 0 0 191.5222615830608 -8.743186856424728 143.1 166.36128486594862 -95.23252869384734 345.1262 99.41369 -999.0 -999.0 -999.0 -999.0 -999.0 280.6414349084448 -11.006848686950157 280.66283625996016 -10.970757335597213 39.78189079607186 146.14096441102592 -999.0 6231.0 -999.0 -1 -999 {-999.0 -999.0 -999.0 -999.0 -999.0} "" -999.0 -999.0 -999.0 -999.0 -999 -999 "" "" "" "" 0 0 0.0 0.0 -999 ""
FIBERMAP 1126 R+3C12 APOGEE 1 0 1 1 0 0 -10.689076209176246 65.77920317311482 143.1 20.52942941246122 63.38977542974809 10.50384 169.8708 279.8830338539901 -10.253677884811353 -3.0827925 -2.572075 0.19230762 279.9685592223833 -10.284531955902919 279.98857688740264 -10.250728062693303 40.7302176635236 146.45742349108923 16000.0 16600.0 2016.0 2 14 {-999.0 18.149754 15.785191 14.692624 -999.0} sdss_psfmag_ps1 16.875734 15.278401 14.078105 10.952 63050395539450013 1153918730 bright_1x1 mwm_galactic_core_dist_apogee_sparse mwm_galactic science 0 0 0.0 0.0 -999 ""
FIBERMAP 1126 R+3C12 BOSS 0 0 1 1 0 0 -9.957244511703612 65.79582127122745 143.1 21.187961761850836 63.07037703142487 10.50384 169.8708 -999.0 -999.0 -999.0 -999.0 -999.0 279.97172970732476 -10.286169150651183 279.99163625598544 -10.252147267127015 40.72754510076445 146.45480587691168 -999.0 5400.0 -999.0 1 114 {-999.0 -999.0 -999.0 -999.0 -999.0} "" -999.0 -999.0 -999.0 -999.0 -999 -999 "" "" "" "" 0 0 0.0 0.0 -999 ""
FIBERMAP 1126 R+3C12 METROLOGY 0 0 1 1 0 0 -10.306531409860906 65.14010779083421 143.1 20.57785925964081 62.64663463167155 10.50384 169.8708 -999.0 -999.0 -999.0 -999.0 -999.0 279.96886719896196 -10.288038242702903 279.98881194324144 -10.254082088517274 40.727151838404154 146.45924420178974 -999.0 6231.0 -999.0 -1 -999 {-999.0 -999.0 -999.0 -999.0 -999.0} "" -999.0 -999.0 -999.0 -999.0 -999 -999 "" "" "" "" 0 0 0.0 0.0 -999 ""
FIBERMAP 1127 R-13C6 APOGEE 1 1 0 1 0 0 -51.34124095822859 -256.61281990115384 143.1 -162.84491997175164 -204.80577802711053 231.30441 74.3408 279.11848926317464 -11.497172355107264 -4.11381 -5.7657304 0.1160489 279.1184773047858 -11.497204418205671 279.14191347048717 -11.465004446110495 40.03803183195927 148.1624939643751 16000.0 16600.0 2016.0 2 274 {-999.0 18.037388 15.481474 14.3219795 -999.0} sdss_psfmag_ps1 16.632484 14.778375 13.509558 10.11 63050395430197957 1153724133 bright_1x1 mwm_galactic_core_dist_apogee_sparse mwm_galactic science 0 0 0.0 0.0 -999 ""
FIBERMAP 1127 R-13C6 BOSS 0 0 0 1 0 0 -51.76470823962581 -255.99323507568297 143.1 -162.93865842597612 -204.06130470230806 231.30441 74.3408 -999.0 -999.0 -999.0 -999.0 -999.0 279.1181423695646 -11.494086990152788 279.1414587884607 -11.46167307594807 40.041204128178926 148.16104351250874 -999.0 5400.0 -999.0 1 415 {-999.0 -999.0 -999.0 -999.0 -999.0} "" -999.0 -999.0 -999.0 -999.0 -999 -999 "" "" "" "" 0 0 0.0 0.0 -999 ""
FIBERMAP 1127 R-13C6 METROLOGY 0 0 0 1 0 0 -51.01794617830119 -255.93024236972556 143.1 -162.24566967869998 -204.3462718981544 231.30441 74.3408 -999.0 -999.0 -999.0 -999.0 -999.0 279.1212978853828 -11.495339575071075 279.1446477064404 -11.462978054964996 40.038625846727165 148.15817497494643 -999.0 6231.0 -999.0 -1 -999 {-999.0 -999.0 -999.0 -999.0 -999.0} "" -999.0 -999.0 -999.0 -999.0 -999 -999 "" "" "" "" 0 0 0.0 0.0 -999 ""
FIBERMAP 1129 R-8C8 APOGEE 0 0 0 1 0 0 -54.01158301271937 -145.5930958292522 143.1 -114.52465857228064 -104.83744910021584 135.69511 115.76304 -999.0 -999.0 -999.0 -999.0 -999.0 279.3410858297022 -11.047981293935015 279.36329507553313 -11.015430873624494 40.33932970281542 147.64136620290438 -999.0 16600.0 -999.0 2 -999 {-999.0 -999.0 -999.0 -999.0 -999.0} "" -999.0 -999.0 -999.0 -999.0 -999 -999 "" "" "" "" 0 0 0.0 0.0 -999 ""
FIBERMAP 1129 R-8C8 BOSS 1 1 0 1 0 0 -53.783154610995346 -144.88598238682704 143.1 -113.99858533736487 -104.31279968208219 135.69511 115.76304 279.34360244137423 -11.045859306213519 1.0636507 -1.2992188 0.62154627 279.34358947478853 -11.045869108550958 279.3656800734764 -11.01309976414876 40.340327876069686 147.6372344027183 5400.0 5400.0 2016.0 1 389 {-999.0 18.124506 16.905579 16.222473 -999.0} sdss_psfmag_ps1 17.638214 16.734852 15.799778 14.121 63050395538813387 981885335 "" ops_std_boss_tic ops_std standard_boss 0 0 0.0 0.0 -999 ""
FIBERMAP 1129 R-8C8 METROLOGY 0 0 0 1 0 0 -53.28061543593546 -145.4436020761972 143.1 -113.80621920175378 -105.03826371003328 135.69511 115.76304 -999.0 -999.0 -999.0 -999.0 -999.0 279.3444488626556 -11.04909911861681 279.3665789064075 -11.016386323159947 40.33700264463683 147.6381829202138 -999.0 6231.0 -999.0 -1 -999 {-999.0 -999.0 -999.0 -999.0 -999.0} "" -999.0 -999.0 -999.0 -999.0 -999 -999 "" "" "" "" 0 0 0.0 0.0 -999 ""
FIBERMAP 1130 R-3C13 APOGEE 1 1 0 1 0 0 -9.686231142801319 -54.24555475091603 143.1 -33.38603497155196 -43.82684380477413 228.66827 42.634262 279.7174718478103 -10.772320592967707 0.081802145 -2.7058506 0.33969975 279.7174831295188 -10.772332352337015 279.73882938399606 -10.738937212877238 40.414142193225 147.04434068069114 16000.0 16600.0 2016.0 2 174 {-999.0 15.17309 12.957936 11.791447 -999.0} sdss_psfmag_from_g3xp 14.046214 12.4661665 11.270025 8.229 63050395538893078 1152259395 bright_1x1 mwm_galactic_core_dist_apogee_sparse mwm_galactic science 0 0 0.0 0.0 -999 ""
FIBERMAP 1130 R-3C13 BOSS 0 0 0 1 0 0 -9.694987143918834 -53.5062719670063 143.1 -33.05624103203645 -43.16527402730721 228.66827 42.634262 -999.0 -999.0 -999.0 -999.0 -999.0 279.7191148386118 -10.76956033090011 279.7403399057959 -10.735950341352108 40.41609455983249 147.04078904720984 -999.0 5400.0 -999.0 1 364 {-999.0 -999.0 -999.0 -999.0 -999.0} "" -999.0 -999.0 -999.0 -999.0 -999 -999 "" "" "" "" 0 0 0.0 0.0 -999 ""
FIBERMAP 1130 R-3C13 METROLOGY 0 0 0 1 0 0 -9.043115969229877 -53.86981073856711 143.1 -32.642424156070525 -43.78629864465285 228.66827 42.634262 -999.0 -999.0 -999.0 -999.0 -999.0 279.72099742187373 -10.77233107651237 279.7422606565557 -10.738774791418816 40.41271627908937 147.04032289804124 -999.0 6231.0 -999.0 -1 -999 {-999.0 -999.0 -999.0 -999.0 -999.0} "" -999.0 -999.0 -999.0 -999.0 -999 -999 "" "" "" "" 0 0 0.0 0.0 -999 ""
FIBERMAP 1131 R-8C19 APOGEE 1 1 0 1 0 0 205.36123089498187 -144.5393697635607 143.1 116.66141650960222 -222.33881150909596 56.467525 129.76085 280.4095319683116 -11.58097643548796 -7.753641 -5.3160896 0.12771058 280.4095209267362 -11.580997217721158 280.4325443656952 -11.545366715253802 39.382925515824155 146.75233486580848 16000.0 16600.0 2016.0 2 185 {-999.0 16.700672 14.541033 13.388852 -999.0} sdss_psfmag_from_g3xp 15.618566 14.061714 12.868382 9.81 63050395429765578 1152172905 bright_1x1 mwm_galactic_core_dist_apogee_sparse mwm_galactic science 0 0 0.0 0.0 -999 ""
FIBERMAP 1131 R-8C19 BOSS 0 0 0 1 0 0 206.1033520435294 -144.44459467601953 143.1 117.364790231698 -222.59338995836623 56.467525 129.76085 -999.0 -999.0 -999.0 -999.0 -999.0 280.41288329540265 -11.58235990721509 280.435789118791 -11.54650062000365 39.380429037251815 146.74939599884064 -999.0 5400.0 -999.0 1 331 {-999.0 -999.0 -999.0 -999.0 -999.0} "" -999.0 -999.0 -999.0 -999.0 -999 -999 "" "" "" "" 0 0 0.0 0.0 -999 ""
FIBERMAP 1131 R-8C19 METROLOGY 0 0 0 1 0 0 205.83266658208865 -145.13002486305 143.1 116.8110318433779 -223.0794566846024 56.467525 129.76085 -999.0 -999.0 -999.0 -999.0 -999.0 280.41028095330756 -11.58448220944159 280.4332271549077 -11.548690747228063 39.37967768003098 146.7535947201566 -999.0 6231.0 -999.0 -1 -999 {-999.0 -999.0 -999.0 -999.0 -999.0} "" -999.0 -999.0 -999.0 -999.0 -999 -999 "" "" "" "" 0 0 0.0 0.0 -999 ""
FIBERMAP 1132 R+2C1 APOGEE 1 1 0 1 0 0 -255.7694474631572 52.0830995716155 143.1 -203.71686331772938 163.1196694789404 88.0237 69.531494 278.9389745151649 -9.830950197707637 -2.5465524 -5.138216 -0.28074455 278.9389593895742 -9.830948862991715 278.9583189262814 -9.80006928164874 41.601856991210894 147.370649163433 16000.0 16600.0 2016.0 2 145 {-999.0 23.316088 21.334684 19.394373 -999.0} sdss_psfmag_gaia 21.562765 20.130447 18.388865 10.647 63050395540288379 1154738176 bright_1x1 mwm_galactic_core_dist_apogee_sparse mwm_galactic science 0 0 0.0 0.0 -999 ""
FIBERMAP 1132 R+2C1 BOSS 0 0 0 1 0 0 -255.1102808685864 51.78150525211318 143.1 -203.26827138341685 162.55041138785992 88.0237 69.531494 -999.0 -999.0 -999.0 -999.0 -999.0 278.9410645366702 -9.833702685830067 278.96032268705454 -9.802612191301566 41.598690734463815 147.36986951141128 -999.0 5400.0 -999.0 1 4 {-999.0 -999.0 -999.0 -999.0 -999.0} "" -999.0 -999.0 -999.0 -999.0 -999 -999 "" "" "" "" 0 0 0.0 0.0 -999 ""
FIBERMAP 1132 R+2C1 METROLOGY 0 0 0 1 0 0 -255.70025704285143 51.330664661448395 143.1 -203.9989082384923 162.41880479900647 88.0237 69.531494 -999.0 -999.0 -999.0 -999.0 -999.0 278.9377051642596 -9.834245896856308 278.95699658488684 -9.803221752110469 41.59965754415606 147.3741359433994 -999.0 6231.0 -999.0 -1 -999 {-999.0 -999.0 -999.0 -999.0 -999.0} "" -999.0 -999.0 -999.0 -999.0 -999 -999 "" "" "" "" 0 0 0.0 0.0 -999 ""
FIBERMAP 1135 R-2C11 APOGEE 1 1 0 1 0 0 -59.71061584929696 -30.231744825679222 143.1 -66.91579598945829 0.37564153471813316 178.45636 84.42312 279.5622773487334 -10.570376406668395 5.6953 -11.188398 0.5420588 279.5627396911625 -10.57041066934559 279.58365595702406 -10.537524393199437 40.66337476211962 147.09872872008876 16000.0 16600.0 2016.0 2 268 {-999.0 18.679686 22.417744 11.586705 -999.0} sdss_psfmag_gaia 15.987199 11.455615 9.871524 5.114 63050395538951912 1154736469 bright_1x1 mwm_galactic_core_dist_apogee_sparse mwm_galactic science 0 0 1.4981627464294434 0.0 -999 ""
FIBERMAP 1135 R-2C11 BOSS 0 0 0 1 0 0 -59.64243972814107 -29.49743844739665 143.1 -66.51984546535256 0.997655062522197 178.45636 84.42312 -999.0 -999.0 -999.0 -999.0 -999.0 279.56465819525187 -10.567793519973792 279.58545483586954 -10.534693281373032 40.66506004346427 147.09493004043037 -999.0 5400.0 -999.0 1 448 {-999.0 -999.0 -999.0 -999.0 -999.0} "" -999.0 -999.0 -999.0 -999.0 -999 -999 "" "" "" "" 0 0 0.0 0.0 -999 ""
FIBERMAP 1135 R-2C11 METROLOGY 0 0 0 1 0 0 -59.02769120247052 -29.926136813574338 143.1 -66.16880228443152 0.3356242862867221 178.45636 84.42312 -999.0 -999.0 -999.0 -999.0 -999.0 279.5662482743712 -10.570756109168366 279.5870833382619 -10.537709763940606 40.6616450394867 147.09490876504114 -999.0 6231.0 -999.0 -1 -999 {-999.0 -999.0 -999.0 -999.0 -999.0} "" -999.0 -999.0 -999.0 -999.0 -999 -999 "" "" "" "" 0 0 0.0 0.0 -999 ""
FIBERMAP 1137 R-1C6 APOGEE 0 0 0 1 0 0 -164.2648786726426 -31.67305394513611 143.1 -160.5720578166672 46.83673971936879 284.3893 121.34481 -999.0 -999.0 -999.0 -999.0 -999.0 279.1314567549221 -10.357381117097644 279.15204091162957 -10.325733188267305 41.04735971503486 147.46701845479805 -999.0 16600.0 -999.0 2 -999 {-999.0 -999.0 -999.0 -999.0 -999.0} "" -999.0 -999.0 -999.0 -999.0 -999 -999 "" "" "" "" 0 0 0.0 0.0 -999 ""
FIBERMAP 1137 R-1C6 BOSS 1 1 0 1 0 0 -164.77491600110847 -32.20820176351616 143.1 -161.27008889489824 46.59364134581901 284.3893 121.34481 279.1282653808594 -10.358668014731208 -999.0 -999.0 -999.0 279.12829489630064 -10.358666922975136 279.14877424502396 -10.326818555665636 41.04787293020012 147.47146448673584 5400.0 5400.0 2015.5 1 484 {-999.0 -999.0 -999.0 -999.0 -999.0} "" -999.0 -999.0 -999.0 -999.0 27021603148700890 852777905 "" ops_sky_boss_fallback ops_sky sky_boss 0 0 0.0 0.0 -999 ""
FIBERMAP 1137 R-1C6 METROLOGY 0 0 0 1 0 0 -164.98917039184866 -31.493991146092547 143.1 -161.1345288807203 47.326747820059175 284.3893 121.34481 -999.0 -999.0 -999.0 -999.0 -999.0 279.128919062163 -10.355282128123637 279.1494207131431 -10.323492819501201 41.05053425396412 147.4686886158884 -999.0 6231.0 -999.0 -1 -999 {-999.0 -999.0 -999.0 -999.0 -999.0} "" -999.0 -999.0 -999.0 -999.0 -999 -999 "" "" "" "" 0 0 0.0 0.0 -999 ""
FIBERMAP 1140 R-5C12 APOGEE 1 1 0 1 0 0 20.536854697263713 -83.65221101359263 143.1 -19.931539478023062 -83.78415622128946 79.900734 90.18603 279.77941052492287 -10.954423363154323 -2.5315883 -7.4764347 0.014227204 279.7794048810621 -10.954428941556058 279.80117487767905 -10.920777706560111 40.224698887407165 147.08427199528597 16000.0 16600.0 2016.0 2 159 {-999.0 19.905703 16.875795 14.682855 -999.0} sdss_psfmag_ps1 18.178108 15.192827 13.728521 9.556 63050395430665267 1153725263 bright_1x1 mwm_galactic_core_dist_apogee_sparse mwm_galactic science 0 0 0.0 0.0 -999 ""
FIBERMAP 1140 R-5C12 BOSS 0 0 0 1 0 0 21.268648020667133 -83.78139183767117 143.1 -19.339618105800973 -84.23322118465289 79.900734 90.18603 -999.0 -999.0 -999.0 -999.0 -999.0 279.78224882206587 -10.956737212230946 279.80390889217324 -10.922863844602231 40.221603114477574 147.0824315742376 -999.0 5400.0 -999.0 1 387 {-999.0 -999.0 -999.0 -999.0 -999.0} "" -999.0 -999.0 -999.0 -999.0 -999 -999 "" "" "" "" 0 0 0.0 0.0 -999 ""
FIBERMAP 1140 R-5C12 METROLOGY 0 0 0 1 0 0 20.800029589085277 -84.36173394258472 143.1 -20.021445505398106 -84.53543192445532 79.900734 90.18603 -999.0 -999.0 -999.0 -999.0 -999.0 279.77905244923744 -10.958033116660713 279.8007496626813 -10.924227953946373 40.22183927797529 147.08685882856042 -999.0 6231.0 -999.0 -1 -999 {-999.0 -999.0 -999.0 -999.0 -999.0} "" -999.0 -999.0 -999.0 -999.0 -999 -999 "" "" "" "" 0 0 0.0 0.0 -999 ""
FIBERMAP 1143 R-2C5 APOGEE 1 1 0 1 0 0 -177.9023154123659 -53.52870203909214 143.1 -182.6822255874677 33.62407493464418 286.8333 106.0873 279.02953624969683 -10.416999227064652 -4.0318546 -6.6793256 0.2808206 279.02954449894537 -10.417020322422754 279.0503236850295 -10.385609309006709 41.040056022206464 147.62132341905314 16000.0 16600.0 2016.0 2 249 {-999.0 -999.0 -999.0 -999.0 -999.0} "" -999.0 18.557678 -999.0 9.908 63050395539054555 1151526339 bright_1x1 mwm_galactic_core_dist_apogee_sparse mwm_galactic science 0 0 0.0 0.0 -999 ""
FIBERMAP 1143 R-2C5 BOSS 0 0 0 1 0 0 -178.52002381248263 -53.94314846029379 143.1 -183.4209106464551 33.53750344388178 286.8333 106.0873 -999.0 -999.0 -999.0 -999.0 -999.0 279.0262088447578 -10.417598616028785 279.04688193368224 -10.385987705793879 41.04126934172147 147.62554358768512 -999.0 5400.0 -999.0 1 473 {-999.0 -999.0 -999.0 -999.0 -999.0} "" -999.0 -999.0 -999.0 -999.0 -999 -999 "" "" "" "" 0 0 0.0 0.0 -999 ""
FIBERMAP 1143 R-2C5 METROLOGY 0 0 0 1 0 0 -178.57443572382908 -53.192583412033954 143.1 -183.12657449662413 34.22995655389073 286.8333 106.0873 -999.0 -999.0 -999.0 -999.0 -999.0 279.02755887016895 -10.414402048097301 279.04825427955456 -10.38284827597166 41.04344258766603 147.6220469299508 -999.0 6231.0 -999.0 -1 -999 {-999.0 -999.0 -999.0 -999.0 -999.0} "" -999.0 -999.0 -999.0 -999.0 -999 -999 "" "" "" "" 0 0 0.0 0.0 -999 ""
FIBERMAP 1144 R+12C1 APOGEE 1 1 0 1 0 0 -136.75894106707966 236.42380778414974 143.1 -13.683965747486042 272.7412798593168 66.40595 48.271667 279.81315468579754 -9.339298659372472 2.0016658 -7.113461 0.1474791 279.81314988677303 -9.339283376024266 279.83089749285466 -9.30635889236661 41.63539753959967 146.04438141372034 16000.0 16600.0 2016.0 2 129 {-999.0 21.301388 17.673481 15.854337 -999.0} sdss_psfmag_ps1 19.102406 16.249182 14.766866 10.133 63050395540463457 1153922367 bright_1x1 mwm_galactic_core_dist_apogee_sparse mwm_galactic science 0 0 0.0 0.0 -999 ""
FIBERMAP 1144 R+12C1 BOSS 0 0 0 1 0 0 -136.49724233968067 235.74696477118042 143.1 -13.76026199900914 272.01974610079935 66.40595 48.271667 -999.0 -999.0 -999.0 -999.0 -999.0 279.8128990896013 -9.342692727576804 279.8305445520637 -9.309565351399339 41.632743268746175 146.0468330458097 -999.0 5400.0 -999.0 1 8 {-999.0 -999.0 -999.0 -999.0 -999.0} "" -999.0 -999.0 -999.0 -999.0 -999 -999 "" "" "" "" 0 0 0.0 0.0 -999 ""
FIBERMAP 1144 R+12C1 METROLOGY 0 0 0 1 0 0 -137.22571934338464 235.84565413458742 143.1 -14.363157055508252 272.44017541098856 66.40595 48.271667 -999.0 -999.0 -999.0 -999.0 -999.0 279.8101116855322 -9.34076295010768 279.82778500956664 -9.30770103743342 41.63567890362581 146.0488504745757 -999.0 6231.0 -999.0 -1 -999 {-999.0 -999.0 -999.0 -999.0 -999.0} "" -999.0 -999.0 -999.0 -999.0 -999 -999 "" "" "" "" 0 0 0.0 0.0 -999 ""
FIBERMAP 1148 R0C11 APOGEE 1 1 0 1 0 0 -56.59798069365755 -19.204253503607273 143.1 -59.11165855676483 8.762951328184002 14.846797 19.915754 279.5989472042856 -10.53232927182946 -3.3747172 -4.90638 0.06514423 279.59900817655375 -10.532325033771688 279.6198128884942 -10.499363144506061 40.6806303123017 147.033837804461 16000.0 16600.0 2016.0 2 285 {-999.0 20.321737 16.72936 14.892895 -999.0} sdss_psfmag_ps1 18.11377 15.365797 13.925691 9.596 63050395539411825 1153918510 bright_1x1 mwm_galactic_core_dist_apogee_sparse mwm_galactic science 0 0 0.0 0.0 -999 ""
FIBERMAP 1148 R0C11 BOSS 0 0 0 1 0 0 -57.20388242753002 -19.632114101062623 143.1 -59.8459672924726 8.659056967279687 14.846797 19.915754 -999.0 -999.0 -999.0 -999.0 -999.0 279.59568496464897 -10.53299246584061 279.61638057323927 -10.499828879398903 40.68178847412836 147.03806268102775 -999.0 5400.0 -999.0 1 431 {-999.0 -999.0 -999.0 -999.0 -999.0} "" -999.0 -999.0 -999.0 -999.0 -999 -999 "" "" "" "" 0 0 0.0 0.0 -999 ""
FIBERMAP 1148 R0C11 METROLOGY 0 0 0 1 0 0 -57.27325835720897 -18.88992385344532 143.1 -59.568765445367504 9.350894014698456 14.846797 19.915754 -999.0 -999.0 -999.0 -999.0 -999.0 279.59695414216236 -10.5297857573334 279.61767301471235 -10.496680025158685 40.68398433129158 147.03464718973242 -999.0 6231.0 -999.0 -1 -999 {-999.0 -999.0 -999.0 -999.0 -999.0} "" -999.0 -999.0 -999.0 -999.0 -999 -999 "" "" "" "" 0 0 0.0 0.0 -999 ""
FIBERMAP 1149 R-5C9 APOGEE 1 1 0 1 0 0 -76.37784400703246 -104.95433860535296 143.1 -115.86175993819633 -58.477193855948435 271.3915 27.52416 279.33541902278535 -10.837279766722228 -4.906373 -6.476677 -0.038963262 279.3354173528892 -10.837326158915316 279.3571038894778 -10.804899097601528 40.52915442681257 147.5214774601059 16000.0 16600.0 2016.0 2 284 {-999.0 22.947346 21.27301 18.588387 -999.0} sdss_psfmag_ps1 21.924463 16.952108 15.203614 9.379 63050395538912686 1153914989 bright_1x1 mwm_galactic_core_dist_apogee_sparse mwm_galactic science 0 0 0.0 0.0 -999 ""
FIBERMAP 1149 R-5C9 BOSS 0 0 0 1 0 0 -76.74441975984129 -104.30490569313318 143.1 -115.89126528776119 -57.732150132858514 271.3915 27.52416 -999.0 -999.0 -999.0 -999.0 -999.0 279.3353514852692 -10.834174085388486 279.3569185426504 -10.80153694585184 40.53222396405622 147.5196566909164 -999.0 5400.0 -999.0 1 409 {-999.0 -999.0 -999.0 -999.0 -999.0} "" -999.0 -999.0 -999.0 -999.0 -999 -999 "" "" "" "" 0 0 0.0 0.0 -999 ""
FIBERMAP 1149 R-5C9 METROLOGY 0 0 0 1 0 0 -76.00030544312675 -104.3049077575463 143.1 -115.22939723265483 -58.0719403736297 271.3915 27.52416 -999.0 -999.0 -999.0 -999.0 -999.0 279.3383833849925 -10.835671744829124 279.35998439359184 -10.803085918094093 40.52946391041121 147.5170748851288 -999.0 6231.0 -999.0 -1 -999 {-999.0 -999.0 -999.0 -999.0 -999.0} "" -999.0 -999.0 -999.0 -999.0 -999 -999 "" "" "" "" 0 0 0.0 0.0 -999 ""
FIBERMAP 1150 R-9C10 APOGEE 1 1 0 1 0 0 30.05308579924932 -168.57242515406952 143.1 -50.24463146742816 -163.66376701944648 68.385956 57.20579 279.63810584391354 -11.31623680319802 -1.4459375 -4.174244 0.19404799 279.63810358511483 -11.316246987033116 279.6608416341549 -11.282778357158392 39.967683268070274 147.46303915952072 16000.0 16600.0 2016.0 2 180 {-999.0 18.325697 16.040794 13.933858 -999.0} sdss_psfmag_ps1 17.09512 14.300252 12.861534 9.002 63050395430504366 1153724794 bright_1x1 mwm_galactic_core_dist_apogee_sparse mwm_galactic science 0 0 0.0 0.0 -999 ""
FIBERMAP 1150 R-9C10 BOSS 0 0 0 1 0 0 30.479340100448876 -169.1674420973953 143.1 -50.137195489515065 -164.38766054598793 68.385956 57.20579 -999.0 -999.0 -999.0 -999.0 -999.0 279.6386930139395 -11.319792127958802 279.6613251606535 -11.286104131908136 39.96451359078026 147.4644913571899 -999.0 5400.0 -999.0 1 375 {-999.0 -999.0 -999.0 -999.0 -999.0} "" -999.0 -999.0 -999.0 -999.0 -999 -999 "" "" "" "" 0 0 0.0 0.0 -999 ""
FIBERMAP 1150 R-9C10 METROLOGY 0 0 0 1 0 0 29.729188636985693 -169.2425446677519 143.1 -50.83872879984695 -164.11191701929303 68.385956 57.20579 -999.0 -999.0 -999.0 -999.0 -999.0 279.63541634459557 -11.318457680859717 279.65807917672527 -11.284840189400231 39.967103040066895 147.46741621808974 -999.0 6231.0 -999.0 -1 -999 {-999.0 -999.0 -999.0 -999.0 -999.0} "" -999.0 -999.0 -999.0 -999.0 -999 -999 "" "" "" "" 0 0 0.0 0.0 -999 ""
FIBERMAP 1151 R-9C4 APOGEE 0 0 0 1 0 0 -134.63522956109293 -177.99689881014098 143.1 -201.0338510562626 -96.84417778263021 185.84721 127.73809 -999.0 -999.0 -999.0 -999.0 -999.0 278.94299308294325 -11.008511236704246 278.96528879578545 -10.977025219330805 40.55156853187584 148.07534236488246 -999.0 16600.0 -999.0 2 -999 {-999.0 -999.0 -999.0 -999.0 -999.0} "" -999.0 -999.0 -999.0 -999.0 -999 -999 "" "" "" "" 0 0 0.0 0.0 -999 ""
FIBERMAP 1151 R-9C4 BOSS 1 1 0 1 0 0 -135.13464667125018 -177.47443867506414 143.1 -201.2394952738395 -96.15141284387605 185.84721 127.73809 278.9421066313047 -11.00553324714145 8.633586 -19.720728 1.9358846 278.9421285484558 -11.005596291984272 278.96430738513277 -10.97390151616406 40.55478982390656 148.07461069400122 5400.0 5400.0 2016.0 1 479 {-999.0 18.877306 16.947206 15.93844 -999.0} sdss_psfmag_ps1 17.963055 16.483757 15.321839 12.782 63050395538833139 917199663 bright_6x1 mwm_yso_pms_boss_sagitta_edr3 mwm_yso science 0 0 0.0 0.0 -999 ""
FIBERMAP 1151 R-9C4 METROLOGY 0 0 0 1 0 0 -134.42357791000356 -177.28145100694152 143.1 -200.51889451644675 -96.30445433609482 185.84721 127.73809 -999.0 -999.0 -999.0 -999.0 -999.0 278.94540431483586 -11.00625713982251 278.9676144471947 -10.974613652538826 40.552684315575426 148.07122580632983 -999.0 6231.0 -999.0 -1 -999 {-999.0 -999.0 -999.0 -999.0 -999.0} "" -999.0 -999.0 -999.0 -999.0 -999 -999 "" "" "" "" 0 0 0.0 0.0 -999 ""
FIBERMAP 1152 R-9C3 APOGEE 1 1 0 1 0 0 -134.51955402479342 -167.85334556073786 143.1 -196.2990626681742 -87.87459062732862 32.53674 116.47776 278.96474232723523 -10.968069657836441 -0.5275339 -2.501935 0.25933778 278.9647505159591 -10.968100785142918 278.98693516872373 -10.936578493770254 40.57799059235261 148.02627464674367 16000.0 16600.0 2016.0 2 256 {-999.0 16.874552 14.393212 13.018964 -999.0} sdss_psfmag_from_g3xp 15.55329 13.6917305 12.41918 9.113 63050395538833624 1152259354 bright_1x1 mwm_galactic_core_dist_apogee_sparse mwm_galactic science 0 0 0.0 0.0 -999 ""
FIBERMAP 1152 R-9C3 BOSS 0 0 0 1 0 0 -133.8925893509465 -168.23514110942267 143.1 -195.9157361099081 -88.50048096827742 32.53674 116.47776 -999.0 -999.0 -999.0 -999.0 -999.0 278.9665711003403 -10.97118230626479 278.98865258040996 -10.939441345622194 40.57467435776505 148.0260054111438 -999.0 5400.0 -999.0 1 477 {-999.0 -999.0 -999.0 -999.0 -999.0} "" -999.0 -999.0 -999.0 -999.0 -999 -999 "" "" "" "" 0 0 0.0 0.0 -999 ""
FIBERMAP 1152 R-9C3 METROLOGY 0 0 0 1 0 0 -134.57891449905074 -168.5989942149556 143.1 -196.69235119601223 -88.51071832437324 32.53674 116.47776 -999.0 -999.0 -999.0 -999.0 -999.0 278.96298918356524 -10.971132123525052 278.9851033874861 -10.939460753780697 40.57623733864093 148.03010596614632 -999.0 6231.0 -999.0 -1 -999 {-999.0 -999.0 -999.0 -999.0 -999.0} "" -999.0 -999.0 -999.0 -999.0 -999 -999 "" "" "" "" 0 0 0.0 0.0 -999 ""
FIBERMAP 1153 R-6C11 APOGEE 0 0 0 1 0 0 2.2944807045197035 -126.93837179256056 143.1 -55.92358626401641 -113.95589219613997 261.53278 137.25684 -999.0 -999.0 -999.0 -999.0 -999.0 279.6122120971645 -11.090897257157755 279.6344008452007 -11.057613706553381 40.17939233473333 147.35726542188527 -999.0 16600.0 -999.0 2 -999 {-999.0 -999.0 -999.0 -999.0 -999.0} "" -999.0 -999.0 -999.0 -999.0 -999 -999 "" "" "" "" 0 0 0.0 0.0 -999 ""
FIBERMAP 1153 R-6C11 BOSS 1 1 0 1 0 0 1.7258332285366207 -127.41140553666266 143.1 -56.64538599849048 -114.11697840135157 261.53278 137.25684 279.6089172363281 -11.091875178731115 -999.0 -999.0 -999.0 279.60895387368 -11.091877010982735 279.631032870081 -11.058387281186167 40.180233842158415 147.36157000918936 5400.0 5400.0 2015.5 1 386 {-999.0 -999.0 -999.0 -999.0 -999.0} "" -999.0 -999.0 -999.0 -999.0 27021603147972483 852646750 "" ops_sky_boss_fallback ops_sky sky_boss 0 0 0.0 0.0 -999 ""
FIBERMAP 1153 R-6C11 METROLOGY 0 0 0 1 0 0 1.5971755298137664 -126.67299004141681 143.1 -56.42263731972242 -113.40142877945871 261.53278 137.25684 -999.0 -999.0 -999.0 -999.0 -999.0 279.6099656231279 -11.088563175767508 279.63206811834556 -11.055133233145808 40.18265007395992 147.3584224105673 -999.0 6231.0 -999.0 -1 -999 {-999.0 -999.0 -999.0 -999.0 -999.0} "" -999.0 -999.0 -999.0 -999.0 -999 -999 "" "" "" "" 0 0 0.0 0.0 -999 ""
FIBERMAP 1156 R-11C14 APOGEE 1 1 0 1 0 0 114.8113435134469 -216.88763664197407 143.1 3.0830811838854353 -245.34236451441822 158.18657 153.38983 279.8843004719866 -11.684586917332009 -2.7363281 -6.6187744 0.103905536 279.8842960582791 -11.684617761087418 279.9078339802702 -11.650309917838472 39.529902095793965 147.40456548468148 16000.0 16600.0 2016.0 2 239 {-999.0 18.599762 15.925693 14.710169 -999.0} sdss_psfmag_ps1 17.145952 15.054304 13.733349 10.115 63050395430296381 1153724518 bright_1x1 mwm_galactic_core_dist_apogee_sparse mwm_galactic science 0 0 0.0 0.0 -999 ""
FIBERMAP 1156 R-11C14 BOSS 0 0 0 1 0 0 114.31462042767868 -216.33266309403476 143.1 2.894679978056341 -244.62190998379054 158.18657 153.38983 -999.0 -999.0 -999.0 -999.0 -999.0 279.8835495275068 -11.68163974356279 279.90696367833897 -11.647116316405263 39.5331278143248 147.40363018677908 -999.0 5400.0 -999.0 1 255 {-999.0 -999.0 -999.0 -999.0 -999.0} "" -999.0 -999.0 -999.0 -999.0 -999 -999 "" "" "" "" 0 0 0.0 0.0 -999 ""
FIBERMAP 1156 R-11C14 METROLOGY 0 0 0 1 0 0 115.04601527531464 -216.17655899767044 143.1 3.616517906143946 -244.81703998369653 158.18657 153.38983 -999.0 -999.0 -999.0 -999.0 -999.0 279.88685305762857 -11.682451728264915 279.91030068874693 -11.64798129266136 39.530849204366966 147.40039192352572 -999.0 6231.0 -999.0 -1 -999 {-999.0 -999.0 -999.0 -999.0 -999.0} "" -999.0 -999.0 -999.0 -999.0 -999 -999 "" "" "" "" 0 0 0.0 0.0 -999 ""
FIBERMAP 1158 R-5C22 APOGEE 1 1 0 1 0 0 225.9726768879309 -87.63962976081731 143.1 160.97711940027054 -181.13997572219446 134.2048 117.6785 280.6147251072742 -11.394898569043333 -5.2595816 -4.6473475 0.09494039 280.6146915471203 -11.394912799114858 280.6371523890352 -11.358842678634868 39.45255342188098 146.40947456819552 16000.0 16600.0 2016.0 2 211 {-999.0 17.143383 15.143425 14.147477 -999.0} sdss_psfmag_ps1 16.122292 14.73006 13.545113 10.608 63050395430972147 1153725814 bright_1x1 mwm_galactic_core_dist_apogee_sparse mwm_galactic science 0 0 0.0 0.0 -999 ""
FIBERMAP 1158 R-5C22 BOSS 0 0 0 1 0 0 226.2050387364299 -86.93728706584824 143.1 161.50451283799148 -180.62136589951075 134.2048 117.6785 -999.0 -999.0 -999.0 -999.0 -999.0 280.6172682795084 -11.39280419647773 280.63960266361016 -11.356510280787589 39.45346649681341 146.40530256802626 -999.0 5400.0 -999.0 1 251 {-999.0 -999.0 -999.0 -999.0 -999.0} "" -999.0 -999.0 -999.0 -999.0 -999 -999 "" "" "" "" 0 0 0.0 0.0 -999 ""
FIBERMAP 1158 R-5C22 METROLOGY 0 0 0 1 0 0 226.70106366988486 -87.49117270354051 143.1 161.69278983429697 -181.3405339636587 134.2048 117.6785 -999.0 -999.0 -999.0 -999.0 -999.0 280.61807394693534 -11.39596721070616 280.64044976115866 -11.359731322572623 39.450237135359345 146.4063354444168 -999.0 6231.0 -999.0 -1 -999 {-999.0 -999.0 -999.0 -999.0 -999.0} "" -999.0 -999.0 -999.0 -999.0 -999 -999 "" "" "" "" 0 0 0.0 0.0 -999 ""
FIBERMAP 1162 R-2C6 APOGEE 0 0 0 1 0 0 -159.36450742534782 -54.36836845575273 143.1 -166.57678155511968 24.412208941543838 278.87515 97.01576 -999.0 -999.0 -999.0 -999.0 -999.0 279.1032359742777 -10.459176174712175 279.124086705396 -10.427550664260847 40.969533631348455 147.5613393401996 -999.0 16600.0 -999.0 2 -999 {-999.0 -999.0 -999.0 -999.0 -999.0} "" -999.0 -999.0 -999.0 -999.0 -999 -999 "" "" "" "" 0 0 0.0 0.0 -999 ""
FIBERMAP 1162 R-2C6 BOSS 1 1 0 1 0 0 -160.08722231823265 -54.58527998776758 143.1 -167.31866568881895 24.549288849551072 278.87515 97.01576 279.0998654218884 -10.458720599490684 -0.8482054 -1.2905948 0.23370206 279.0998821269867 -10.458739405253398 279.12062376553297 -10.426914149372312 40.97166113376162 147.5649611030869 5400.0 5400.0 2016.0 1 472 {-999.0 17.179245 15.653687 14.93755 -999.0} sdss_psfmag_ps1 16.531988 15.414036 14.364024 12.35 63050395539058093 1093370402 bright_3x1 mwm_astar_core_boss mwm_ob science 0 0 0.0 0.0 -999 ""
FIBERMAP 1162 R-2C6 METROLOGY 0 0 0 1 0 0 -159.9117894794391 -53.86127444693244 143.1 -166.83201701582485 25.113162931644297 278.87515 97.01576 -999.0 -999.0 -999.0 -999.0 -999.0 279.10211354822997 -10.456128438084525 279.1228786963054 -10.424357828356108 40.972915758572704 147.56079824164374 -999.0 6231.0 -999.0 -1 -999 {-999.0 -999.0 -999.0 -999.0 -999.0} "" -999.0 -999.0 -999.0 -999.0 -999 -999 "" "" "" "" 0 0 0.0 0.0 -999 ""
FIBERMAP 1163 R-8C7 APOGEE 0 0 0 1 0 0 -59.773492837922745 -158.7779645720543 143.1 -125.67038552465469 -113.93393543593682 279.33847 159.70636 -999.0 -999.0 -999.0 -999.0 -999.0 279.2895390902658 -11.088881496963129 279.3118745145484 -11.056445112925184 40.32598555334737 147.72486320727626 -999.0 16600.0 -999.0 2 -999 {-999.0 -999.0 -999.0 -999.0 -999.0} "" -999.0 -999.0 -999.0 -999.0 -999 -999 "" "" "" "" 0 0 0.0 0.0 -999 ""
FIBERMAP 1163 R-8C7 BOSS 1 1 0 1 0 0 -59.88730445913064 -159.52073839389521 143.1 -126.1107940857543 -114.54264176732158 279.33847 159.70636 279.2875671386718 -11.091875178731115 -999.0 -999.0 -999.0 279.28757059323885 -11.091878064579427 279.30980239712716 -11.059231589167755 40.324438140732326 147.72890727185822 5400.0 5400.0 2015.5 1 401 {-999.0 -999.0 -999.0 -999.0 -999.0} "" -999.0 -999.0 -999.0 -999.0 27021603148699116 852777455 "" ops_sky_boss_fallback ops_sky sky_boss 0 0 0.0 0.0 -999 ""
FIBERMAP 1163 R-8C7 METROLOGY 0 0 0 1 0 0 -60.4706286717409 -159.04379084938304 143.1 -126.41185396561222 -113.85204411952807 279.33847 159.70636 -999.0 -999.0 -999.0 -999.0 -999.0 279.2861620856015 -11.088669120539624 279.30841829533506 -11.056088578794816 40.32785441580706 147.72860574129066 -999.0 6231.0 -999.0 -1 -999 {-999.0 -999.0 -999.0 -999.0 -999.0} "" -999.0 -999.0 -999.0 -999.0 -999 -999 "" "" "" "" 0 0 0.0 0.0 -999 ""
FIBERMAP 1167 R-3C5 APOGEE 1 1 0 1 0 0 -172.94344254615584 -68.01866355588035 143.1 -184.88806500561125 18.47126366178323 223.16217 136.52676 279.0189854309109 -10.485713520381443 -3.174464 -18.917253 3.1941757 279.01899877883926 -10.485797130672797 279.0399542963872 -10.454378910569954 40.98357186385654 147.67503785969205 16000.0 16600.0 2016.0 2 264 {-999.0 14.491402 13.417698 12.905767 -999.0} sdss_psfmag_from_g3xp 14.111998 13.370539 12.524619 10.896 63050395539050069 1076223699 bright_1x1 mwm_snc_ext_main_apogee mwm_snc science 0 0 0.0 0.0 -999 ""
FIBERMAP 1167 R-3C5 BOSS 0 0 0 1 0 0 -173.70356533065362 -68.01738801301646 143.1 -185.56359063333588 18.819496647831414 223.16217 136.52676 -999.0 -999.0 -999.0 -999.0 -999.0 279.0159641101457 -10.484404682800957 279.036808380442 -10.452786307032689 40.986402727755994 147.67771809468806 -999.0 5400.0 -999.0 1 466 {-999.0 -999.0 -999.0 -999.0 -999.0} "" -999.0 -999.0 -999.0 -999.0 -999 -999 "" "" "" "" 0 0 0.0 0.0 -999 ""
FIBERMAP 1167 R-3C5 METROLOGY 0 0 0 1 0 0 -173.31365189743337 -67.37168642043791 143.1 -184.92192373284558 19.215782266784117 223.16217 136.52676 -999.0 -999.0 -999.0 -999.0 -999.0 279.018897689958 -10.482559971248827 279.03976694854214 -10.450994024405663 40.98666643764461 147.67320466838615 -999.0 6231.0 -999.0 -1 -999 {-999.0 -999.0 -999.0 -999.0 -999.0} "" -999.0 -999.0 -999.0 -999.0 -999 -999 "" "" "" "" 0 0 0.0 0.0 -999 ""
FIBERMAP 1169 R-11C9 APOGEE 1 1 0 1 0 0 -1.447973821941643 -205.37825766402395 143.1 -95.07076787898403 -182.0170554586008 161.22493 102.403 279.43065423763034 -11.397796740860498 -4.58526 -7.7960773 0.05223512 279.43061439284475 -11.3978131021568 279.45365455265073 -11.364846116478702 39.98812794125463 147.7477192975591 16000.0 16600.0 2016.0 2 168 {-999.0 18.323187 15.508454 13.677056 -999.0} sdss_psfmag_ps1 16.748262 14.297835 12.905456 9.012 63050395430518706 1153724847 bright_1x1 mwm_galactic_core_dist_apogee_sparse mwm_galactic science 0 0 0.0 0.0 -999 ""
FIBERMAP 1169 R-11C9 BOSS 0 0 0 1 0 0 -1.3983896910914524 -204.63427866784002 143.1 -94.68693756058272 -181.37794865849472 161.22493 102.403 -999.0 -999.0 -999.0 -999.0 -999.0 279.4324790683199 -11.395204619549078 279.4553982898918 -11.362017898898868 39.98985996833154 147.74404580574114 -999.0 5400.0 -999.0 1 361 {-999.0 -999.0 -999.0 -999.0 -999.0} "" -999.0 -999.0 -999.0 -999.0 -999 -999 "" "" "" "" 0 0 0.0 0.0 -999 ""
FIBERMAP 1169 R-11C9 METROLOGY 0 0 0 1 0 0 -0.7735032130980262 -205.0511471399985 143.1 -94.32147501301714 -182.034086413517 161.22493 102.403 -999.0 -999.0 -999.0 -999.0 -999.0 279.43413957790125 -11.398105335530854 279.4570974186724 -11.36497399655026 39.9864692281235 147.74387890356095 -999.0 6231.0 -999.0 -1 -999 {-999.0 -999.0 -999.0 -999.0 -999.0} "" -999.0 -999.0 -999.0 -999.0 -999 -999 "" "" "" "" 0 0 0.0 0.0 -999 ""
FIBERMAP 1170 R-5C6 APOGEE 0 0 0 1 0 0 -116.31355069394354 -77.84076236250259 143.1 -139.00246152305988 -16.12439283402287 126.160645 48.20875 -999.0 -999.0 -999.0 -999.0 -999.0 279.2292766441976 -10.644103749008426 279.2505306055642 -10.612053820656355 40.74855293898831 147.52726752102444 -999.0 16600.0 -999.0 2 -999 {-999.0 -999.0 -999.0 -999.0 -999.0} "" -999.0 -999.0 -999.0 -999.0 -999 -999 "" "" "" "" 0 0 0.0 0.0 -999 ""
FIBERMAP 1170 R-5C6 BOSS 1 1 0 1 0 0 -115.57385485569749 -77.88975184116057 143.1 -138.36689293404976 -16.505738387367224 126.160645 48.20875 279.23222927680047 -10.646060185250361 8.3813715 0.38469467 1.4692184 279.23225297672883 -10.6460705407482 279.2533998074836 -10.613801480774097 40.7457051686231 147.5250206369055 5400.0 5400.0 2016.0 1 456 {-999.0 18.30919 16.887249 15.968983 -999.0} sdss_psfmag_ps1 17.720026 16.630632 15.491214 -999.0 63050395539011850 917199733 bright_6x1 mwm_yso_pms_boss_sagitta_edr3 mwm_yso science 0 0 0.0 0.0 -999 ""
FIBERMAP 1170 R-5C6 METROLOGY 0 0 0 1 0 0 -115.99701263349992 -78.51638476947441 143.1 -139.02942234138206 -16.86988243885621 126.160645 48.20875 -999.0 -999.0 -999.0 -999.0 -999.0 279.2291706450443 -10.647650683698162 279.2503542042402 -10.615448496586366 40.74561717041551 147.52952891468658 -999.0 6231.0 -999.0 -1 -999 {-999.0 -999.0 -999.0 -999.0 -999.0} "" -999.0 -999.0 -999.0 -999.0 -999 -999 "" "" "" "" 0 0 0.0 0.0 -999 ""
FIBERMAP 1172 R-3C6 APOGEE 0 0 0 1 0 0 -145.7509301863571 -49.00536995028051 143.1 -152.01895195037503 22.96601550070889 51.970287 149.12 -999.0 -999.0 -999.0 -999.0 -999.0 279.17015820350855 -10.4660309145029 279.1909954526082 -10.434226532604795 40.933393544790164 147.48799551499647 -999.0 16600.0 -999.0 2 -999 {-999.0 -999.0 -999.0 -999.0 -999.0} "" -999.0 -999.0 -999.0 -999.0 -999 -999 "" "" "" "" 0 0 0.0 0.0 -999 ""
FIBERMAP 1172 R-3C6 BOSS 1 1 0 1 0 0 -145.06463573225636 -48.72523753561082 143.1 -151.2805939367996 22.90179964572555 51.970287 149.12 279.173583984375 -10.466521579490006 -999.0 -999.0 -999.0 279.17360708018526 -10.4665374339625 279.194334078152 -10.43451483002906 40.931628515785135 147.48431093830226 5400.0 5400.0 2015.5 1 467 {-999.0 -999.0 -999.0 -999.0 -999.0} "" -999.0 -999.0 -999.0 -999.0 27021603148700826 852777888 "" ops_sky_boss_fallback ops_sky sky_boss 0 0 0.0 0.0 -999 ""
FIBERMAP 1172 R-3C6 METROLOGY 0 0 0 1 0 0 -145.1630184946808 -49.46474106746368 143.1 -151.70578562911564 22.288956794341438 51.970287 149.12 -999.0 -999.0 -999.0 -999.0 -999.0 279.1716146252404 -10.469258484711563 279.1923804733379 -10.437298917607658 40.93003884320688 147.48826311367068 -999.0 6231.0 -999.0 -1 -999 {-999.0 -999.0 -999.0 -999.0 -999.0} "" -999.0 -999.0 -999.0 -999.0 -999 -999 "" "" "" "" 0 0 0.0 0.0 -999 ""
FIBERMAP 1174 R-1C1 APOGEE 1 1 0 1 0 0 -262.0442015636712 -12.358903762718654 143.1 -238.72453636020617 108.66556939299542 67.28472 61.657864 278.77682437567563 -10.076486734601986 -8.09452 -5.4399595 0.9460574 278.7767986357562 -10.076523527520827 278.7968425300451 -10.04594625538384 41.456179229927095 147.7099873135795 16000.0 16600.0 2016.0 2 293 {-999.0 23.588667 21.622755 19.948774 -999.0} sdss_psfmag_gaia 21.859497 20.680199 18.882917 10.18 63050395539274231 1154737693 bright_1x1 mwm_galactic_core_dist_apogee_sparse mwm_galactic science 0 0 0.0 0.0 -999 ""
FIBERMAP 1174 R-1C1 BOSS 0 0 0 1 0 0 -261.53983713420223 -12.898154339868798 143.1 -238.52215873782075 107.9556107052221 67.28472 61.657864 -999.0 -999.0 -999.0 -999.0 -999.0 278.77777515403295 -10.079929475964944 278.79772009564175 -10.049142396829707 41.452940846163784 147.7109067616891 -999.0 5400.0 -999.0 1 425 {-999.0 -999.0 -999.0 -999.0 -999.0} "" -999.0 -999.0 -999.0 -999.0 -999 -999 "" "" "" "" 0 0 0.0 0.0 -999 ""
FIBERMAP 1174 R-1C1 METROLOGY 0 0 0 1 0 0 -262.2766423524501 -13.067833857404452 143.1 -239.2550080482876 108.14113630826785 67.28472 61.657864 -999.0 -999.0 -999.0 -999.0 -999.0 278.77443347656646 -10.07903467192062 278.7944080187335 -10.048315054212546 41.455164781300105 147.71427543134135 -999.0 6231.0 -999.0 -1 -999 {-999.0 -999.0 -999.0 -999.0 -999.0} "" -999.0 -999.0 -999.0 -999.0 -999 -999 "" "" "" "" 0 0 0.0 0.0 -999 ""
FIBERMAP 1176 R+12C11 APOGEE 0 0 0 1 0 0 66.06794943634515 242.31541190229305 143.1 169.41522539180633 185.36390524489528 63.108795 145.52869 -999.0 -999.0 -999.0 -999.0 -999.0 280.6532176221832 -9.734700779573911 280.6715568635897 -9.699382508542028 40.8922430932098 145.32840198977863 -999.0 16600.0 -999.0 2 -999 {-999.0 -999.0 -999.0 -999.0 -999.0} "" -999.0 -999.0 -999.0 -999.0 -999 -999 "" "" "" "" 0 0 0.0 0.0 -999 ""
FIBERMAP 1176 R+12C11 BOSS 1 1 0 1 0 0 66.70879609246965 242.6800651759903 143.1 170.15175400816563 185.39562138506008 63.108795 145.52869 280.65673828125 -9.734781873271643 -999.0 -999.0 -999.0 280.65670840682003 -9.734773488233625 280.67493020279306 -9.699240076999862 40.89075389649291 145.324464686808 5400.0 5400.0 2015.5 1 102 {-999.0 -999.0 -999.0 -999.0 -999.0} "" -999.0 -999.0 -999.0 -999.0 27021603148707478 852779579 "" ops_sky_boss_fallback ops_sky sky_boss 0 0 0.0 0.0 -999 ""
FIBERMAP 1176 R+12C11 METROLOGY 0 0 0 1 0 0 66.70684162108181 241.930082488941 143.1 169.80754745424596 184.72942511442443 63.108795 145.52869 -999.0 -999.0 -999.0 -999.0 -999.0 280.6551219715841 -9.737701779728104 280.67338459904056 -9.702229407200312 40.88887959819503 145.32814583090405 -999.0 6231.0 -999.0 -1 -999 {-999.0 -999.0 -999.0 -999.0 -999.0} "" -999.0 -999.0 -999.0 -999.0 -999 -999 "" "" "" "" 0 0 0.0 0.0 -999 ""
FIBERMAP 1177 R+4C12 APOGEE 0 0 0 1 0 0 13.10219782541383 75.00165943003898 143.1 45.90239963318644 60.72897302126637 354.11407 113.31187 -999.0 -999.0 -999.0 -999.0 -999.0 280.08597404121593 -10.296939256639533 280.10596767873625 -10.262821630153331 40.66492748836151 146.33072502306257 -999.0 16600.0 -999.0 2 -999 {-999.0 -999.0 -999.0 -999.0 -999.0} "" -999.0 -999.0 -999.0 -999.0 -999 -999 "" "" "" "" 0 0 0.0 0.0 -999 ""
FIBERMAP 1177 R+4C12 BOSS 1 1 0 1 0 0 13.33109947286695 74.294859959224 143.1 45.7832521332264 59.99577011048502 354.11407 113.31187 280.0855610549137 -10.30046252844044 -2.1813376 0.6423623 0.44402626 280.08555679582815 -10.30045362803522 280.10544500110905 -10.266126166312478 40.66226097094219 146.33338596715376 5400.0 5400.0 2016.0 1 115 {-999.0 18.66147 17.45118 16.883831 16.432314} sdss_psfmag_from_ps1dr2 18.1431 17.3878 16.4234 14.821 63050395539477745 1040006456 "" ops_std_boss_ps1dr2 ops_std standard_boss 0 0 0.0 0.0 -999 ""
FIBERMAP 1177 R+4C12 METROLOGY 0 0 0 1 0 0 12.601757509314425 74.44828661670776 143.1 45.20458266587373 60.46528169268383 354.11407 113.31187 -999.0 -999.0 -999.0 -999.0 -999.0 280.08284471652973 -10.298256033977886 280.102761160026 -10.26399607265852 40.66538793537788 146.33512176708663 -999.0 6231.0 -999.0 -1 -999 {-999.0 -999.0 -999.0 -999.0 -999.0} "" -999.0 -999.0 -999.0 -999.0 -999 -999 "" "" "" "" 0 0 0.0 0.0 -999 ""
FIBERMAP 1189 R-13C11 APOGEE 1 1 0 1 0 0 89.38696258971461 -233.74717755817642 143.1 -27.229849939472487 -248.7288033484385 125.50406 33.021103 279.7440848365649 -11.699252488005879 -2.738952 -5.026029 0.076024346 279.74408094367254 -11.699269702053275 279.7677233446564 -11.66532197115962 39.579907651408085 147.57144082580837 16000.0 16600.0 2016.0 2 189 {-999.0 20.265673 17.774168 15.25917 -999.0} sdss_psfmag_ps1 18.746353 15.523861 13.970646 9.613 63050395430277511 1153724264 bright_1x1 mwm_galactic_core_dist_apogee_sparse mwm_galactic science 0 0 0.0 0.0 -999 ""
FIBERMAP 1189 R-13C11 BOSS 0 0 0 1 0 0 90.0724304923695 -234.01383045725424 143.1 -26.74190825840386 -249.27899210690714 125.50406 33.021103 -999.0 -999.0 -999.0 -999.0 -999.0 279.74644663096683 -11.701978184258525 279.76997862799965 -11.667803770976668 39.57668761102654 147.57037963607755 -999.0 5400.0 -999.0 1 336 {-999.0 -999.0 -999.0 -999.0 -999.0} "" -999.0 -999.0 -999.0 -999.0 -999 -999 "" "" "" "" 0 0 0.0 0.0 -999 ""
FIBERMAP 1189 R-13C11 METROLOGY 0 0 0 1 0 0 89.46545469854884 -234.48820509174553 143.1 -27.498412263095602 -249.42376895760717 125.50406 33.021103 -999.0 -999.0 -999.0 -999.0 -999.0 279.74291596832916 -11.702541421788117 279.76648396894757 -11.668438050336771 39.577700327619766 147.5747001907112 -999.0 6231.0 -999.0 -1 -999 {-999.0 -999.0 -999.0 -999.0 -999.0} "" -999.0 -999.0 -999.0 -999.0 -999 -999 "" "" "" "" 0 0 0.0 0.0 -999 ""
FIBERMAP 1190 R+13C5 APOGEE 1 1 0 1 0 0 -52.68844190520517 267.46575778821926 143.1 75.26923700987943 261.9627257316162 96.66422 94.60122 280.2207531861396 -9.38890527622764 11.894428 1.5006564 0.89477295 280.2207488311518 -9.388889725145244 280.2384344359285 -9.35487462809323 41.40029929590414 145.60384105392535 16000.0 16600.0 2016.0 2 111 {-999.0 12.93342 12.260486 12.020227 -999.0} sdss_psfmag_gaia 12.749765 12.30368 11.671083 10.752 63050395540134518 975476502 "" ops_std_apogee ops_std standard_apogee 0 0 0.0 0.0 -999 ""
FIBERMAP 1190 R+13C5 BOSS 0 0 0 1 0 0 -51.96863355393653 267.63424909267707 143.1 75.98642550039257 261.78390460502237 96.66422 94.60122 -999.0 -999.0 -999.0 -999.0 -999.0 280.2241472332072 -9.389907863956857 280.24172087719705 -9.355680541491306 41.39803172979803 145.60056935806628 -999.0 5400.0 -999.0 1 85 {-999.0 -999.0 -999.0 -999.0 -999.0} "" -999.0 -999.0 -999.0 -999.0 -999 -999 "" "" "" "" 0 0 0.0 0.0 -999 ""
FIBERMAP 1190 R+13C5 METROLOGY 0 0 0 1 0 0 -52.17428475735665 266.9166860068103 143.1 75.4758402805331 261.23955966084634 96.66422 94.60122 -999.0 -999.0 -999.0 -999.0 -999.0 280.22178507278267 -9.39226255977418 280.2393976144596 -9.358097720818607 41.39701676526369 145.6047991421935 -999.0 6231.0 -999.0 -1 -999 {-999.0 -999.0 -999.0 -999.0 -999.0} "" -999.0 -999.0 -999.0 -999.0 -999 -999 "" "" "" "" 0 0 0.0 0.0 -999 ""
FIBERMAP 1192 R-11C4 APOGEE 1 1 0 1 0 0 -115.78507010977332 -217.13944247918013 143.1 -202.14100126148875 -140.2680187550273 210.52782 100.02597 278.9378708774652 -11.20461364567372 -2.8723328 -5.7934647 -0.41156098 278.93785361519286 -11.204688062620697 278.96064235995397 -11.173114241442553 40.378748486718024 148.19727031626934 16000.0 16600.0 2016.0 2 164 {-999.0 32.2105 23.186762 18.990685 -999.0} sdss_psfmag_ps1 22.100496 18.043447 16.289852 9.898 63050395538819459 1153914593 bright_1x1 mwm_galactic_core_dist_apogee_sparse mwm_galactic science 0 0 0.0 0.0 -999 ""
FIBERMAP 1192 R-11C4 BOSS 0 0 0 1 0 0 -116.27110493773071 -216.57904101975404 143.1 -202.3174169864998 -139.5476168772408 210.52782 100.02597 -999.0 -999.0 -999.0 -999.0 -999.0 278.9371331004648 -11.201657454561815 278.9598041678826 -11.169873117653507 40.38201155171049 148.1963114848767 -999.0 5400.0 -999.0 1 349 {-999.0 -999.0 -999.0 -999.0 -999.0} "" -999.0 -999.0 -999.0 -999.0 -999 -999 "" "" "" "" 0 0 0.0 0.0 -999 ""
FIBERMAP 1192 R-11C4 METROLOGY 0 0 0 1 0 0 -115.54270571323916 -216.4321034786227 143.1 -201.6024293489543 -139.74953236776696 210.52782 100.02597 -999.0 -999.0 -999.0 -999.0 -999.0 278.9403793015827 -11.202542614578345 278.96308235689605 -11.170809932899106 40.37972296178035 148.19310040511857 -999.0 6231.0 -999.0 -1 -999 {-999.0 -999.0 -999.0 -999.0 -999.0} "" -999.0 -999.0 -999.0 -999.0 -999 -999 "" "" "" "" 0 0 0.0 0.0 -999 ""
FIBERMAP 1194 R-7C9 APOGEE 1 1 0 1 0 0 -24.3587429736917 -129.60432619267473 143.1 -80.84825498669976 -104.15639819564272 19.741343 131.4557 279.49687151955806 -11.045816501444849 -3.2088995 -6.5078645 0.118747644 279.49685714072535 -11.045824492907196 279.51898794278895 -11.01286673061966 40.271363511101875 147.4618455712988 16000.0 16600.0 2016.0 2 171 {-999.0 19.192135 16.181469 14.494267 -999.0} sdss_psfmag_ps1 17.461449 15.048181 13.657233 9.687 63050395538855558 1153914706 bright_1x1 mwm_galactic_core_dist_apogee_sparse mwm_galactic science 0 0 0.0 0.0 -999 ""
FIBERMAP 1194 R-7C9 BOSS 0 0 0 1 0 0 -23.72101224343213 -129.98570494785324 143.1 -80.45516199818866 -104.78683396510337 19.741343 131.4557 -999.0 -999.0 -999.0 -999.0 -999.0 279.498748669464 -11.04895538244767 279.52077334741705 -11.015777322894978 40.26797279719735 147.46156472175952 -999.0 5400.0 -999.0 1 388 {-999.0 -999.0 -999.0 -999.0 -999.0} "" -999.0 -999.0 -999.0 -999.0 -999 -999 "" "" "" "" 0 0 0.0 0.0 -999 ""
FIBERMAP 1194 R-7C9 METROLOGY 0 0 0 1 0 0 -24.370952742522018 -130.3513549521431 143.1 -81.2002344768075 -104.815284105328 19.741343 131.4557 -999.0 -999.0 -999.0 -999.0 -999.0 279.49527348782254 -11.04899682272734 279.51733195025554 -11.015888423063835 40.269430585704235 147.46556101970262 -999.0 6231.0 -999.0 -1 -999 {-999.0 -999.0 -999.0 -999.0 -999.0} "" -999.0 -999.0 -999.0 -999.0 -999 -999 "" "" "" "" 0 0 0.0 0.0 -999 ""
FIBERMAP 1200 R+2C7 APOGEE 1 1 0 1 0 0 -140.84846124385092 23.45439121587898 143.1 -114.57070210591483 85.17832127547615 271.2786 90.42915 279.3442877972919 -10.183739169272364 -0.19610497 -7.4830146 0.14737159 279.3443257230316 -10.183788386621655 279.36438075446927 -10.151670328067665 41.105270421678895 147.1145254615437 16000.0 16600.0 2016.0 2 146 {-999.0 18.780394 15.858604 14.336798 -999.0} sdss_psfmag_ps1 17.03909 14.839127 13.48681 9.624 63050395539647148 1153919384 bright_1x1 mwm_galactic_core_dist_apogee_sparse mwm_galactic science 0 0 0.0 0.0 -999 ""
FIBERMAP 1200 R+2C7 BOSS 0 0 0 1 0 0 -141.58855632672967 23.402766575173086 143.1 -115.25256970834694 85.47035567573927 271.2786 90.42915 -999.0 -999.0 -999.0 -999.0 -999.0 279.34125414625703 -10.182627601427647 279.3611975356667 -10.150311047543308 41.10792795108553 147.117372933377 -999.0 5400.0 -999.0 1 47 {-999.0 -999.0 -999.0 -999.0 -999.0} "" -999.0 -999.0 -999.0 -999.0 -999 -999 "" "" "" "" 0 0 0.0 0.0 -999 ""
FIBERMAP 1200 R+2C7 METROLOGY 0 0 0 1 0 0 -141.26024021260517 24.075902306221536 143.1 -114.65316453163962 85.9191706704012 271.2786 90.42915 -999.0 -999.0 -999.0 -999.0 -999.0 279.3440072113936 -10.180543034260761 279.36397537105563 -10.148279023641036 41.108459939192414 147.11290699448497 -999.0 6231.0 -999.0 -1 -999 {-999.0 -999.0 -999.0 -999.0 -999.0} "" -999.0 -999.0 -999.0 -999.0 -999 -999 "" "" "" "" 0 0 0.0 0.0 -999 ""
FIBERMAP 1203 R-3C1 APOGEE 1 1 0 1 0 0 -277.1861701940621 -54.36493588747543 143.1 -271.3743076287593 78.21671965021393 217.99501 56.322865 278.6273900762562 -10.213821386193825 -0.8234096 -4.9284744 -0.10937653 278.6273856754395 -10.21383079308941 278.6478389932474 -10.183576264594963 41.40029203820549 147.96769467885392 16000.0 16600.0 2016.0 2 269 {-999.0 25.486103 22.902065 19.129398 -999.0} sdss_psfmag_ps1 21.424885 18.932684 17.214436 10.345 63050395539268477 1153917984 bright_1x1 mwm_galactic_core_dist_apogee_sparse mwm_galactic science 0 0 0.0 0.0 -999 ""
FIBERMAP 1203 R-3C1 BOSS 0 0 0 1 0 0 -277.24889200754535 -53.636809229521006 143.1 -271.0976090530839 78.89300902537146 217.99501 56.322865 -999.0 -999.0 -999.0 -999.0 -999.0 278.6287849966567 -10.210989685899955 278.649124057103 -10.180526652376296 41.40243738619514 147.9643491545655 -999.0 5400.0 -999.0 1 496 {-999.0 -999.0 -999.0 -999.0 -999.0} "" -999.0 -999.0 -999.0 -999.0 -999 -999 "" "" "" "" 0 0 0.0 0.0 -999 ""
FIBERMAP 1203 R-3C1 METROLOGY 0 0 0 1 0 0 -276.57764897858317 -53.93949260399369 143.1 -270.6387727663843 78.31726773139097 217.99501 56.322865 -999.0 -999.0 -999.0 -999.0 -999.0 278.63079802419026 -10.213533348026612 278.6511727183055 -10.183122199135015 41.39920987151971 147.96352101632922 -999.0 6231.0 -999.0 -1 -999 {-999.0 -999.0 -999.0 -999.0 -999.0} "" -999.0 -999.0 -999.0 -999.0 -999 -999 "" "" "" "" 0 0 0.0 0.0 -999 ""
FIBERMAP 1207 R-4C13 APOGEE 0 0 0 1 0 0 21.014455646981304 -67.69008912203434 143.1 -12.217868253726728 -69.80438171544063 69.97581 140.95049 -999.0 -999.0 -999.0 -999.0 -999.0 279.81534130531844 -10.890928651351114 279.83693639105314 -10.85721600829444 40.26458513040277 147.00477041423426 -999.0 16600.0 -999.0 2 -999 {-999.0 -999.0 -999.0 -999.0 -999.0} "" -999.0 -999.0 -999.0 -999.0 -999 -999 "" "" "" "" 0 0 0.0 0.0 -999 ""
FIBERMAP 1207 R-4C13 BOSS 1 1 0 1 0 0 21.624727517933106 -67.30079736474897 143.1 -11.497284272653772 -69.73678882178162 69.97581 140.95049 279.8184437462204 -10.890889118219176 0.83361924 -5.7738185 0.72358143 279.81879186631693 -10.89088142652124 279.84027084840886 -10.856946709201045 40.263296370990474 147.0008094161664 5400.0 5400.0 2016.0 1 363 {-999.0 17.579042 16.174395 15.515218 -999.0} sdss_psfmag_ps1 16.974844 16.031645 15.047242 13.0 63050395430672842 980269845 "" ops_std_boss_red ops_std standard_boss 0 0 0.0 0.0 -999 ""
FIBERMAP 1207 R-4C13 METROLOGY 0 0 0 1 0 0 21.67020893432687 -68.04596776237018 143.1 -11.79710046489083 -70.42036556629819 69.97581 140.95049 -999.0 -999.0 -999.0 -999.0 -999.0 279.81736220490774 -10.893921448727633 279.8388818286938 -10.860049273377715 40.2611878463121 147.0042866736005 -999.0 6231.0 -999.0 -1 -999 {-999.0 -999.0 -999.0 -999.0 -999.0} "" -999.0 -999.0 -999.0 -999.0 -999 -999 "" "" "" "" 0 0 0.0 0.0 -999 ""
FIBERMAP 1208 R-3C19 APOGEE 0 0 0 1 0 0 134.55501700926283 -65.63347489168846 143.1 89.71242595188343 -119.82163868737027 214.32915 116.34199 -999.0 -999.0 -999.0 -999.0 -999.0 280.2872063004829 -11.118864625501272 280.30914219265037 -11.083797244470372 39.84707674480099 146.60864753522145 -999.0 16600.0 -999.0 2 -999 {-999.0 -999.0 -999.0 -999.0 -999.0} "" -999.0 -999.0 -999.0 -999.0 -999 -999 "" "" "" "" 0 0 0.0 0.0 -999 ""
FIBERMAP 1208 R-3C19 BOSS 1 1 0 1 0 0 133.90862830686555 -65.30397764847358 143.1 89.28794104012634 -119.23339655010122 214.32915 116.34199 280.285395549085 -11.11642481211478 -2.7495344 -5.646575 0.40018764 280.2854026352288 -11.116459972774486 280.30721599929376 -11.081183067483197 39.85027339869887 146.60921298101775 5400.0 5400.0 2016.0 1 289 {-999.0 18.95551 17.720182 17.06185 -999.0} sdss_psfmag_ps1 18.272669 17.47743 16.506437 14.772 63050395431800431 980270000 "" ops_std_boss_red ops_std standard_boss 0 0 0.0 0.0 -999 ""
FIBERMAP 1208 R-3C19 METROLOGY 0 0 0 1 0 0 134.52255953975643 -64.88808338839303 143.1 90.02392754732072 -119.14381246135126 214.32915 116.34199 -999.0 -999.0 -999.0 -999.0 -999.0 280.2887698763833 -11.115981110731166 280.3106136936901 -11.080756701111309 39.8490769179901 146.6051212275479 -999.0 6231.0 -999.0 -1 -999 {-999.0 -999.0 -999.0 -999.0 -999.0} "" -999.0 -999.0 -999.0 -999.0 -999 -999 "" "" "" "" 0 0 0.0 0.0 -999 ""
FIBERMAP 1213 R+9C2 APOGEE 0 0 0 1 0 0 -160.01897817653077 168.1987125301939 143.1 -65.5270667994246 222.67829399247853 297.9785 140.32909 -999.0 -999.0 -999.0 -999.0 -999.0 279.57411881602144 -9.56266528254369 279.5925273055791 -9.530255837155021 41.54953894314105 146.46308289942039 -999.0 16600.0 -999.0 2 -999 {-999.0 -999.0 -999.0 -999.0 -999.0} "" -999.0 -999.0 -999.0 -999.0 -999 -999 "" "" "" "" 0 0 0.0 0.0 -999 ""
FIBERMAP 1213 R+9C2 BOSS 1 1 0 1 0 0 -160.17096238662486 167.4669458255702 143.1 -65.99640258563986 222.09680911384729 297.9785 140.32909 279.5720675627106 -9.565427861439206 -7.8526187 -10.4331875 1.3537169 279.57204586137334 -9.565442572377856 279.5903522195303 -9.53283410474919 41.54827504118186 146.4672340146877 5400.0 5400.0 2016.0 1 19 {-999.0 19.898405 18.43779 17.524624 -999.0} sdss_psfmag_ps1 19.084291 17.960367 16.744558 13.688 63050395540328282 1095030528 bright_1x1 mwm_bin_vis_boss mwm_filler science 0 0 0.0 0.0 -999 ""
FIBERMAP 1213 R+9C2 METROLOGY 0 0 0 1 0 0 -160.72822690844612 167.9671348611749 143.1 -66.26367022412077 222.79617966321533 297.9785 140.32909 -999.0 -999.0 -999.0 -999.0 -999.0 279.57081059787794 -9.562255271820245 279.58914077755503 -9.529709182475873 41.55159434169687 146.46667545494924 -999.0 6231.0 -999.0 -1 -999 {-999.0 -999.0 -999.0 -999.0 -999.0} "" -999.0 -999.0 -999.0 -999.0 -999 -999 "" "" "" "" 0 0 0.0 0.0 -999 ""
FIBERMAP 1215 R-1C15 APOGEE 0 0 0 1 0 0 13.72714724429066 -22.387377988507975 143.1 1.9870626158820028 -26.181241854507412 238.80661 55.154083 -999.0 -999.0 -999.0 -999.0 -999.0 279.8817203153822 -10.692425394730076 279.9027908032913 -10.658640915700431 40.40990516763082 146.80798444152612 -999.0 16600.0 -999.0 2 -999 {-999.0 -999.0 -999.0 -999.0 -999.0} "" -999.0 -999.0 -999.0 -999.0 -999 -999 "" "" "" "" 0 0 0.0 0.0 -999 ""
FIBERMAP 1215 R-1C15 BOSS 1 1 0 1 0 0 13.410520567328419 -21.716708539518155 143.1 2.0116829198804176 -25.440117302727355 238.80661 55.154083 279.881682076415 -10.689270657548033 -0.38691345 -0.5009782 0.39281133 279.88195766692485 -10.689275237540192 279.9029060213848 -10.655280086728123 40.41282141987976 146.80578542159145 5400.0 5400.0 2016.0 1 272 {-999.0 14.575364 13.704299 13.227407 -999.0} sdss_psfmag_from_g3xp 14.289429 13.648707 12.828287 11.405 63050395539344933 1093259304 bright_3x1 mwm_astar_core_boss mwm_ob science 0 0 0.9491314888000488 0.0 -999 ""
FIBERMAP 1215 R-1C15 METROLOGY 0 0 0 1 0 0 14.15277269070624 -21.77459339350305 143.1 2.6454633165631685 -25.830542333575725 238.80661 55.154083 -999.0 -999.0 -999.0 -999.0 -999.0 279.8848600548357 -10.690999253283143 279.90584367423037 -10.657055585348665 40.40990035889191 146.80352793619943 -999.0 6231.0 -999.0 -1 -999 {-999.0 -999.0 -999.0 -999.0 -999.0} "" -999.0 -999.0 -999.0 -999.0 -999 -999 "" "" "" "" 0 0 0.0 0.0 -999 ""
FIBERMAP 1222 R+1C10 APOGEE 0 0 0 1 0 0 -64.93877997174764 11.779931801295795 143.1 -52.3821140243176 40.13122100125799 350.4005 96.63547 -999.0 -999.0 -999.0 -999.0 -999.0 279.63067355544536 -10.389528276437739 279.6511086348697 -10.356556059246952 40.79263889817203 146.91006710280232 -999.0 16600.0 -999.0 2 -999 {-999.0 -999.0 -999.0 -999.0 -999.0} "" -999.0 -999.0 -999.0 -999.0 -999 -999 "" "" "" "" 0 0 0.0 0.0 -999 ""
FIBERMAP 1222 R+1C10 BOSS 1 1 0 1 0 0 -64.95733000439068 11.025552886492473 143.1 -52.74308933866823 39.468692517093224 350.4005 96.63547 279.62866411849427 -10.392510629575337 -6.638515 -75.12986 6.212425 279.6290745432725 -10.392728837557954 279.64940616744116 -10.359550091225753 40.790772408655364 146.9138690200266 5400.0 5400.0 2016.0 1 30 {-999.0 12.979391 11.922292 11.502374 -999.0} sdss_psfmag_from_g3xp 12.6061945 11.9423685 11.131129 9.344 63050395539424226 917172347 bright_3x1 mwm_yso_pms_boss_sagitta_edr3 mwm_yso science 0 0 1.4924437999725342 0.0 -999 ""
FIBERMAP 1222 R+1C10 METROLOGY 0 0 0 1 0 0 -65.59361156161226 11.422360033076917 143.1 -53.127848189443625 40.11218966911911 350.4005 96.63547 -999.0 -999.0 -999.0 -999.0 -999.0 279.62727793646053 -10.389737058310352 279.64763475040877 -10.356623809692111 40.79417369349729 146.91410106013646 -999.0 6231.0 -999.0 -1 -999 {-999.0 -999.0 -999.0 -999.0 -999.0} "" -999.0 -999.0 -999.0 -999.0 -999 -999 "" "" "" "" 0 0 0.0 0.0 -999 ""
FIBERMAP 1226 R+8C2 APOGEE 0 0 0 1 0 0 -190.47293089292566 166.89694112761225 143.1 -93.20944506895225 235.42673554046175 154.5864 92.60842 -999.0 -999.0 -999.0 -999.0 -999.0 279.4475716597459 -9.505588417141343 279.4658953906987 -9.473538435219957 41.658333643481406 146.5748067502017 -999.0 16600.0 -999.0 2 -999 {-999.0 -999.0 -999.0 -999.0 -999.0} "" -999.0 -999.0 -999.0 -999.0 -999 -999 "" "" "" "" 0 0 0.0 0.0 -999 ""
FIBERMAP 1226 R+8C2 BOSS 1 1 0 1 0 0 -190.1966355227375 167.58805879523652 143.1 -92.64809972186751 235.9152994436719 154.5864 92.60842 279.4502866239739 -9.5035903408627 1.2562315 -1.707211 0.60805565 279.4502644790876 -9.503586288974711 279.46847285046704 -9.471327797435462 41.6590913937925 146.57041293227633 5400.0 5400.0 2016.0 1 69 {-999.0 18.885473 16.923416 16.078817 -999.0} sdss_psfmag_ps1 18.050684 16.62944 15.459251 12.86 63050395540350153 917199816 bright_6x1 mwm_yso_pms_boss_sagitta_edr3 mwm_yso science 0 0 0.0 0.0 -999 ""
FIBERMAP 1226 R+8C2 METROLOGY 0 0 0 1 0 0 -189.73553016457663 167.01052874287947 143.1 -92.50167957677233 235.1910458191788 154.5864 92.60842 -999.0 -999.0 -999.0 -999.0 -999.0 279.45087807474 -9.506772061461895 279.46912500979494 -9.47456774487543 41.655928885556975 146.57168944887925 -999.0 6231.0 -999.0 -1 -999 {-999.0 -999.0 -999.0 -999.0 -999.0} "" -999.0 -999.0 -999.0 -999.0 -999 -999 "" "" "" "" 0 0 0.0 0.0 -999 ""
FIBERMAP 1229 R-10C17 APOGEE 1 1 0 1 0 0 172.3217784675549 -210.81831418273117 143.1 57.00847737526088 -266.2051301070045 283.75717 75.77363 280.1331388605169 -11.777781192711448 -5.8925686 -9.180209 0.10193272 280.13316220859883 -11.777817370329277 280.15681082138207 -11.742807322319205 39.33483701024708 147.1805127397175 16000.0 16600.0 2016.0 2 188 {-999.0 18.227634 15.788402 14.622788 -999.0} sdss_psfmag_ps1 16.922806 15.20643 13.971893 10.699 63050395429664328 1153722281 bright_1x1 mwm_galactic_core_dist_apogee_sparse mwm_galactic science 0 0 0.0 0.0 -999 ""
FIBERMAP 1229 R-10C17 BOSS 0 0 0 1 0 0 171.59359642509324 -210.8048932568109 143.1 56.366908152733274 -265.8606793909672 283.75717 75.77363 -999.0 -999.0 -999.0 -999.0 -999.0 280.1303265211768 -11.776511200974376 280.1538549634914 -11.741289027550913 39.337527887687486 147.18291063627248 -999.0 5400.0 -999.0 1 329 {-999.0 -999.0 -999.0 -999.0 -999.0} "" -999.0 -999.0 -999.0 -999.0 -999 -999 "" "" "" "" 0 0 0.0 0.0 -999 ""
FIBERMAP 1229 R-10C17 METROLOGY 0 0 0 1 0 0 171.96386828370575 -210.16526612337182 143.1 56.988330609941585 -265.4608278103657 283.75717 75.77363 -999.0 -999.0 -999.0 -999.0 -999.0 280.1331704479335 -11.774661806833448 280.1567264106898 -11.73949558072382 39.337806523957276 147.1786140938127 -999.0 6231.0 -999.0 -1 -999 {-999.0 -999.0 -999.0 -999.0 -999.0} "" -999.0 -999.0 -999.0 -999.0 -999 -999 "" "" "" "" 0 0 0.0 0.0 -999 ""
FIBERMAP 1232 R-4C22 APOGEE 0 0 0 1 0 0 239.20065663598544 -73.00121234937933 143.1 179.42744872111646 -174.1598647219512 38.574898 93.96619 -999.0 -999.0 -999.0 -999.0 -999.0 280.6996015118249 -11.362966425592127 280.7219413908134 -11.326690618429138 39.441338318207755 146.2949654708437 -999.0 16600.0 -999.0 2 -999 {-999.0 -999.0 -999.0 -999.0 -999.0} "" -999.0 -999.0 -999.0 -999.0 -999 -999 "" "" "" "" 0 0 0.0 0.0 -999 ""
FIBERMAP 1232 R-4C22 BOSS 1 1 0 1 0 0 239.71115907605187 -73.53568560134701 143.1 179.63746742565357 -174.86837694030638 38.574898 93.96619 280.70068359375 -11.36640433333703 -999.0 -999.0 -999.0 280.70067859074965 -11.366380500908235 280.722906043083 -11.329881979954916 39.43808137242796 146.2958548144427 5400.0 5400.0 2015.5 1 322 {-999.0 -999.0 -999.0 -999.0 -999.0} "" -999.0 -999.0 -999.0 -999.0 27021603147974044 852647208 "" ops_sky_boss_fallback ops_sky sky_boss 0 0 0.0 0.0 -999 ""
FIBERMAP 1232 R-4C22 METROLOGY 0 0 0 1 0 0 238.9875146195417 -73.71621756707924 143.1 178.91136864264016 -174.69851394847902 38.574898 93.96619 -999.0 -999.0 -999.0 -999.0 -999.0 280.69731593241175 -11.365573648958376 280.7195771648195 -11.32914617811884 39.440281743353864 146.29911860352308 -999.0 6231.0 -999.0 -1 -999 {-999.0 -999.0 -999.0 -999.0 -999.0} "" -999.0 -999.0 -999.0 -999.0 -999 -999 "" "" "" "" 0 0 0.0 0.0 -999 ""
FIBERMAP 1240 R+7C16 APOGEE 1 1 0 1 0 0 139.29050178769683 151.11033395320635 143.1 192.89724828293 70.80356705503692 128.09428 6.1921477 280.7632398584354 -10.252805417275301 -999.0 -999.0 -999.0 280.7632398584354 -10.252805417275301 280.7828048758048 -10.216937619888427 40.386388547336736 145.53247774933197 16000.0 16600.0 2016.0 2 66 {-999.0 -999.0 -999.0 -999.0 -999.0} "" -999.0 16.187265 -999.0 10.034 63050395432645166 1151521244 bright_1x1 mwm_galactic_core_dist_apogee_sparse mwm_galactic science 0 0 0.0 0.0 -999 ""
FIBERMAP 1240 R+7C16 BOSS 0 0 0 1 0 0 139.80593900637967 150.5807816983332 143.1 193.11390343380026 70.09717853572471 128.09428 6.1921477 -999.0 -999.0 -999.0 -999.0 -999.0 280.7644048977103 -10.256204917156033 280.78385988378125 -10.220122412725223 40.383098778616 145.5333063819694 -999.0 5400.0 -999.0 1 201 {-999.0 -999.0 -999.0 -999.0 -999.0} "" -999.0 -999.0 -999.0 -999.0 -999 -999 "" "" "" "" 0 0 0.0 0.0 -999 ""
FIBERMAP 1240 R+7C16 METROLOGY 0 0 0 1 0 0 139.0931620288976 150.3845044769023 143.1 192.39028114142624 70.24807409250562 128.09428 6.1921477 -999.0 -999.0 -999.0 -999.0 -999.0 280.76104880966005 -10.255455466839418 280.78053695366964 -10.219441623555142 40.38527593404049 145.53663219131786 -999.0 6231.0 -999.0 -1 -999 {-999.0 -999.0 -999.0 -999.0 -999.0} "" -999.0 -999.0 -999.0 -999.0 -999 -999 "" "" "" "" 0 0 0.0 0.0 -999 ""
FIBERMAP 1241 R+7C13 APOGEE 1 1 0 1 0 0 54.52010024390009 149.15298021423993 143.1 116.60253718706663 107.77166068898916 99.27691 114.055626 280.4124328282449 -10.084018403749484 -1.5398817 -1.7463194 0.30177101 280.412424965279 -10.084025988828445 280.43173897652235 -10.049161742407325 40.699870312841746 145.8246939124234 16000.0 16600.0 2016.0 2 48 {-999.0 15.912245 14.008994 13.104209 -999.0} sdss_psfmag_from_g3xp 14.996043 13.732738 12.630189 9.935 63050395539516593 1152259709 bright_1x1 mwm_galactic_core_dist_apogee_sparse mwm_galactic science 0 0 0.0 0.0 -999 ""
FIBERMAP 1241 R+7C13 BOSS 0 0 0 1 0 0 55.141735160917335 149.5652785907743 143.1 117.34373390198297 107.85452856994024 99.27691 114.055626 -999.0 -999.0 -999.0 -999.0 -999.0 280.41599551938174 -10.083831399024803 280.4351918148939 -10.048749806194335 40.698600730539916 145.8204985081425 -999.0 5400.0 -999.0 1 150 {-999.0 -999.0 -999.0 -999.0 -999.0} "" -999.0 -999.0 -999.0 -999.0 -999 -999 "" "" "" "" 0 0 0.0 0.0 -999 ""
FIBERMAP 1241 R+7C13 METROLOGY 0 0 0 1 0 0 55.190172867694756 148.81888078315205 143.1 117.04598676987936 107.16851013363082 99.27691 114.055626 -999.0 -999.0 -999.0 -999.0 -999.0 280.4145891268651 -10.086887190213785 280.4338263815883 -10.051866692148485 40.69651093319405 145.82402671010033 -999.0 6231.0 -999.0 -1 -999 {-999.0 -999.0 -999.0 -999.0 -999.0} "" -999.0 -999.0 -999.0 -999.0 -999 -999 "" "" "" "" 0 0 0.0 0.0 -999 ""
FIBERMAP 1251 R+6C7 APOGEE 0 0 0 1 0 0 -78.82569882118526 121.20396565690503 143.1 -14.76733334962286 143.8021058222568 16.60801 125.35652 -999.0 -999.0 -999.0 -999.0 -999.0 279.8062451662584 -9.918779937285109 279.8254311032175 -9.885585414473036 41.127940304393064 146.41665206521625 -999.0 16600.0 -999.0 2 100 {-999.0 -999.0 -999.0 -999.0 -999.0} "" -999.0 -999.0 -999.0 -999.0 -999 -999 "" ops_sky_apogee_best_unassigned ops_sky sky_apogee 0 0 0.0 0.0 -999 ""
FIBERMAP 1251 R+6C7 BOSS 1 1 0 1 0 0 -78.2512341167466 120.73226028629611 143.1 -14.471759997568372 143.1202165011123 16.60801 125.35652 279.80771608112093 -9.92200666542522 0.14709155 -19.65354 9.303061 279.80770604458473 -9.922022191137549 279.8267873669476 -9.888616247366526 41.12463771877673 146.41698816158168 5400.0 5400.0 2016.0 1 66 {-999.0 19.215076 17.51433 15.946518 -999.0} sdss_psfmag_ps1 18.252533 16.725834 15.302634 12.298 63050395539749656 1035046103 bright_1x1 mwm_yso_pms_boss_sagitta_edr3_single mwm_yso science 0 0 0.0 0.0 -999 ""
FIBERMAP 1251 R+6C7 METROLOGY 0 0 0 1 0 0 -78.98180051849691 120.46411263066005 143.1 -15.244024021152649 143.2153085728162 16.60801 125.35652 -999.0 -999.0 -999.0 -999.0 -999.0 279.8041111213949 -9.921534985970474 279.8232246319258 -9.888197073852929 41.12666428272387 146.42083289273256 -999.0 6231.0 -999.0 -1 -999 {-999.0 -999.0 -999.0 -999.0 -999.0} "" -999.0 -999.0 -999.0 -999.0 -999 -999 "" "" "" "" 0 0 0.0 0.0 -999 ""
FIBERMAP 1252 R+13C7 APOGEE 1 1 0 1 0 0 -19.982327457595556 263.18717025120816 143.1 102.40666509661956 243.22229488857772 134.83507 109.67834 280.3453317781234 -9.473222732687836 -1.2635576 -4.53086 -0.114293545 280.34529315725683 -9.473255346254396 280.3631300541353 -9.438872730153076 41.26740311781252 145.5142171589084 16000.0 16600.0 2016.0 2 46 {-999.0 21.467888 17.907207 14.914477 -999.0} sdss_psfmag_ps1 19.41259 15.104315 13.516245 8.506 63050395540099161 1153920522 bright_1x1 mwm_galactic_core_dist_apogee_sparse mwm_galactic science 0 0 0.0 0.0 -999 ""
FIBERMAP 1252 R+13C7 BOSS 0 0 0 1 0 0 -19.694505272389765 263.86863306566715 143.1 102.97385448440167 243.69700752479704 134.83507 109.67834 -999.0 -999.0 -999.0 -999.0 -999.0 280.34799572496775 -9.471348589045839 280.36571291989947 -9.436756247864919 41.26802694780069 145.50988923666142 -999.0 5400.0 -999.0 1 167 {-999.0 -999.0 -999.0 -999.0 -999.0} "" -999.0 -999.0 -999.0 -999.0 -999 -999 "" "" "" "" 0 0 0.0 0.0 -999 ""
FIBERMAP 1252 R+13C7 METROLOGY 0 0 0 1 0 0 -19.24285697612336 263.27404751734883 143.1 103.10407470487702 242.96190193325452 134.83507 109.67834 -999.0 -999.0 -999.0 -999.0 -999.0 280.34857372058445 -9.474580476312905 280.3663308557972 -9.44004270120311 41.26485446326745 145.51128944883592 -999.0 6231.0 -999.0 -1 -999 {-999.0 -999.0 -999.0 -999.0 -999.0} "" -999.0 -999.0 -999.0 -999.0 -999 -999 "" "" "" "" 0 0 0.0 0.0 -999 ""
FIBERMAP 1254 R+2C6 APOGEE 0 0 0 1 0 0 -174.7944975386101 36.701062854975596 143.1 -138.71586797105493 112.46180492657116 221.88083 76.121574 -999.0 -999.0 -999.0 -999.0 -999.0 279.23403318403814 -10.05976816358518 279.2538297790532 -10.028001360004792 41.265297178481475 147.16653160743624 -999.0 16600.0 -999.0 2 -999 {-999.0 -999.0 -999.0 -999.0 -999.0} "" -999.0 -999.0 -999.0 -999.0 -999 -999 "" "" "" "" 0 0 0.0 0.0 -999 ""
FIBERMAP 1254 R+2C6 BOSS 1 1 0 1 0 0 -175.1451383483265 37.328267168045706 143.1 -138.74134998105075 113.17980048101407 221.88083 76.121574 279.2340087890625 -10.05663727941969 -999.0 -999.0 -999.0 279.23400666532785 -10.056685406592145 279.25368629190274 -10.024714160899283 41.26827622213122 147.16467333914946 5400.0 5400.0 2015.5 1 48 {-999.0 -999.0 -999.0 -999.0 -999.0} "" -999.0 -999.0 -999.0 -999.0 27021603148709124 852779991 "" ops_sky_boss_fallback ops_sky sky_boss 0 0 0.0 0.0 -999 ""
FIBERMAP 1254 R+2C6 METROLOGY 0 0 0 1 0 0 -174.40517605392714 37.33753026347036 143.1 -138.0789442410464 112.8501472997307 221.88083 76.121574 -999.0 -999.0 -999.0 -999.0 -999.0 279.237017184529 -10.058132068945977 279.2567300120888 -10.0262105957166 41.26556204406515 147.16206083378037 -999.0 6231.0 -999.0 -1 -999 {-999.0 -999.0 -999.0 -999.0 -999.0} "" -999.0 -999.0 -999.0 -999.0 -999 -999 "" "" "" "" 0 0 0.0 0.0 -999 ""
FIBERMAP 1256 R-7C15 APOGEE 0 0 0 1 0 0 106.21108488054652 -122.39093474480653 143.1 38.583861663193815 -157.3629988874549 79.3216 105.34941 -999.0 -999.0 -999.0 -999.0 -999.0 280.0498700606916 -11.288942104396439 280.0723428712342 -11.254408038431519 39.80547656263136 146.98002585043716 -999.0 16600.0 -999.0 2 -999 {-999.0 -999.0 -999.0 -999.0 -999.0} "" -999.0 -999.0 -999.0 -999.0 -999 -999 "" "" "" "" 0 0 0.0 0.0 -999 ""
FIBERMAP 1256 R-7C15 BOSS 1 1 0 1 0 0 107.05009411059604 -122.37135378103258 143.1 39.33907839541552 -157.7287028776694 79.3216 105.34941 280.0530206183766 -11.29086418424285 0.8082771 -3.9485114 1.024353 280.05349464005633 -11.290871964709032 280.07585387850906 -11.256110956574009 39.80236206210038 146.9770985584046 5400.0 5400.0 2016.0 1 317 {-999.0 12.269338 11.454721 11.011409 -999.0} sdss_psfmag_from_g3xp 12.018477 11.397419 10.621204 9.333 63050395430427374 1093202649 bright_3x1 mwm_astar_core_boss mwm_ob science 0 0 1.6749740839004517 0.0 -999 ""
FIBERMAP 1256 R-7C15 METROLOGY 0 0 0 1 0 0 106.64564910459211 -122.9974130343532 143.1 38.6934554382673 -158.10088156180382 79.3216 105.34941 -999.0 -999.0 -999.0 -999.0 -999.0 280.05046187216743 -11.292481146723608 280.0728596321024 -11.257788577231073 39.80225086769284 146.9814984147521 -999.0 6231.0 -999.0 -1 -999 {-999.0 -999.0 -999.0 -999.0 -999.0} "" -999.0 -999.0 -999.0 -999.0 -999 -999 "" "" "" "" 0 0 0.0 0.0 -999 ""
FIBERMAP 1260 R+1C4 APOGEE 0 0 0 1 0 0 -231.08087517943835 13.712744658254795 143.1 -199.278299453686 117.71664714902806 238.65865 66.6033 -999.0 -999.0 -999.0 -999.0 -999.0 278.9567955196247 -10.035703438904294 278.97665709131934 -10.004674973501626 41.41183942218018 147.4747981218174 -999.0 16600.0 -999.0 2 -999 {-999.0 -999.0 -999.0 -999.0 -999.0} "" -999.0 -999.0 -999.0 -999.0 -999 -999 "" "" "" "" 0 0 0.0 0.0 -999 ""
FIBERMAP 1260 R+1C4 BOSS 1 1 0 1 0 0 -231.53137918989944 14.304501820162574 143.1 -199.40879340307924 118.44871444890458 238.65865 66.6033 278.95630452426434 -10.03257035844511 1.0181841 0.5413828 0.6354751 278.9563120692098 -10.032582626211799 278.97605825806517 -10.001351520103427 41.41506266697058 147.47346216738475 5400.0 5400.0 2016.0 1 62 {-999.0 17.617062 16.100334 15.202701 -999.0} sdss_psfmag_ps1 16.887585 15.662894 14.571512 12.439 63050395540282807 917199794 bright_3x1 mwm_yso_pms_boss_sagitta_edr3 mwm_yso science 0 0 0.0 0.0 -999 ""
FIBERMAP 1260 R+1C4 METROLOGY 0 0 0 1 0 0 -230.7903371707935 14.39994888266299 143.1 -198.7060726895492 118.19522647060877 238.65865 66.6033 -999.0 -999.0 -999.0 -999.0 -999.0 278.95948309375143 -10.033674974159068 278.97926112487863 -10.002493232420196 41.412600220814696 147.47042478569492 -999.0 6231.0 -999.0 -1 -999 {-999.0 -999.0 -999.0 -999.0 -999.0} "" -999.0 -999.0 -999.0 -999.0 -999 -999 "" "" "" "" 0 0 0.0 0.0 -999 ""
FIBERMAP 1265 R+5C6 APOGEE 0 0 0 1 0 0 -105.7934691174541 95.2168834265631 143.1 -50.62101833973091 133.00173785735024 27.774467 76.031166 -999.0 -999.0 -999.0 -999.0 -999.0 279.6405375973663 -9.967359394624191 279.6599198065827 -9.934574344248286 41.1614807780557 146.63829182819737 -999.0 16600.0 -999.0 2 -999 {-999.0 -999.0 -999.0 -999.0 -999.0} "" -999.0 -999.0 -999.0 -999.0 -999 -999 "" "" "" "" 0 0 0.0 0.0 -999 ""
FIBERMAP 1265 R+5C6 BOSS 1 1 0 1 0 0 -105.56360955149216 94.52517579306055 143.1 -50.73242234147324 132.28152129748023 27.774467 76.031166 279.6400945819945 -9.970790516084433 0.057279438 -0.66224086 0.51573944 279.6400988088046 -9.970776691736479 279.65937847684233 -9.937785014930228 41.15889619196766 146.64091914974995 5400.0 5400.0 2016.0 1 50 {-999.0 15.899601 15.299748 15.004055 -999.0} sdss_psfmag_ps1 15.75753 15.269744 14.6014185 13.433 63050395539745633 981885760 "" ops_std_boss_tic ops_std standard_boss 0 0 0.0 0.0 -999 ""
FIBERMAP 1265 R+5C6 METROLOGY 0 0 0 1 0 0 -106.28860910970617 94.65876303759275 143.1 -51.316288724027544 132.73140338052724 27.774467 76.031166 -999.0 -999.0 -999.0 -999.0 -999.0 279.6373854561234 -9.96868309865118 279.65669270039285 -9.935757985716528 41.1619278496223 146.6427579489894 -999.0 6231.0 -999.0 -1 -999 {-999.0 -999.0 -999.0 -999.0 -999.0} "" -999.0 -999.0 -999.0 -999.0 -999 -999 "" "" "" "" 0 0 0.0 0.0 -999 ""
FIBERMAP 1266 R-1C23 APOGEE 0 0 0 1 0 0 228.11621020017986 -17.419072503596716 143.1 194.9488745367306 -119.65955387817122 26.742922 97.24551 -999.0 -999.0 -999.0 -999.0 -999.0 280.77214903080005 -11.116718658221641 280.7938437532123 -11.080381921352242 39.62414920350083 146.06221967954974 -999.0 16600.0 -999.0 2 -999 {-999.0 -999.0 -999.0 -999.0 -999.0} "" -999.0 -999.0 -999.0 -999.0 -999 -999 "" "" "" "" 0 0 0.0 0.0 -999 ""
FIBERMAP 1266 R-1C23 BOSS 1 1 0 1 0 0 228.5515907230388 -18.031825371042355 143.1 195.05632919702006 -120.40339036547257 26.742922 97.24551 280.772780821233 -11.120320303929923 -2.4889004 -4.080798 -0.022622332 280.7727770808574 -11.120314056129002 280.7943602935232 -11.083757440188784 39.62094247185927 146.06373811848704 5400.0 5400.0 2016.0 1 312 {-999.0 16.242865 15.439994 15.124267 -999.0} sdss_psfmag_ps1 15.973718 15.441976 14.689828 13.377 63050395431753686 1093366032 bright_3x1 mwm_astar_core_boss mwm_ob science 0 0 0.0 0.0 -999 ""
FIBERMAP 1266 R-1C23 METROLOGY 0 0 0 1 0 0 227.79767162665473 -18.093754026752926 143.1 194.35746034827574 -120.11420857608317 26.742922 97.24551 -999.0 -999.0 -999.0 -999.0 -999.0 280.7695400303125 -11.118958299311876 280.79115552449167 -11.082472194555026 39.62357552944428 146.0665255498414 -999.0 6231.0 -999.0 -1 -999 {-999.0 -999.0 -999.0 -999.0 -999.0} "" -999.0 -999.0 -999.0 -999.0 -999 -999 "" "" "" "" 0 0 0.0 0.0 -999 ""
FIBERMAP 1270 R+5C12 APOGEE 1 1 0 1 0 0 22.06119864596257 80.10298017493743 143.1 56.200621773357234 61.17546551084525 355.87808 53.002995 280.1336139865386 -10.295007377298246 -3.2431083 -7.6101885 -0.09059964 280.1336223319445 -10.295023166800407 280.15358893553787 -10.260781760368271 40.64450710857709 146.27506640548398 16000.0 16600.0 2016.0 2 8 {-999.0 20.681408 17.751549 15.008915 -999.0} sdss_psfmag_ps1 19.016973 15.245704 13.677697 9.064 63050395539482447 1153918768 bright_1x1 mwm_galactic_core_dist_apogee_sparse mwm_galactic science 0 0 0.0 0.0 -999 ""
FIBERMAP 1270 R+5C12 BOSS 0 0 0 1 0 0 21.561841004453733 79.55353789876231 143.1 55.50556263457882 60.91477589902363 355.87808 53.002995 -999.0 -999.0 -999.0 -999.0 -999.0 280.130549053962 -10.29638014748869 280.1504058943787 -10.261936912449565 40.64497619170795 146.2794224886842 -999.0 5400.0 -999.0 1 116 {-999.0 -999.0 -999.0 -999.0 -999.0} "" -999.0 -999.0 -999.0 -999.0 -999 -999 "" "" "" "" 0 0 0.0 0.0 -999 ""
FIBERMAP 1270 R+5C12 METROLOGY 0 0 0 1 0 0 21.334718059352525 80.25527946650831 143.1 55.623982626871154 61.64266772845537 355.87808 53.002995 -999.0 -999.0 -999.0 -999.0 -999.0 280.13106247418455 -10.29301458142989 280.1509432079315 -10.258631009284322 40.64763555508716 146.2767420147062 -999.0 6231.0 -999.0 -1 -999 {-999.0 -999.0 -999.0 -999.0 -999.0} "" -999.0 -999.0 -999.0 -999.0 -999 -999 "" "" "" "" 0 0 0.0 0.0 -999 ""
FIBERMAP 1271 R-4C14 APOGEE 0 0 0 1 0 0 56.3535686936531 -86.97388339550606 143.1 10.409641078127498 -103.09384527322511 336.27237 102.93419 -999.0 -999.0 -999.0 -999.0 -999.0 279.91991847597757 -11.04261178812182 279.9418410905791 -11.00854661438157 40.082679004205396 146.9779412720404 -999.0 16600.0 -999.0 2 -999 {-999.0 -999.0 -999.0 -999.0 -999.0} "" -999.0 -999.0 -999.0 -999.0 -999 -999 "" "" "" "" 0 0 0.0 0.0 -999 ""
FIBERMAP 1271 R-4C14 BOSS 1 1 0 1 0 0 56.22053341185036 -87.70152900209864 143.1 9.959041673122927 -103.68031728757559 336.27237 102.93419 279.91790771484375 -11.045551712817698 -999.0 -999.0 -999.0 279.91794130965025 -11.04553655996414 279.93975686645155 -11.011260684937433 40.081233844385366 146.98196184630228 5400.0 5400.0 2015.5 1 324 {-999.0 -999.0 -999.0 -999.0 -999.0} "" -999.0 -999.0 -999.0 -999.0 27021603147972539 852646763 "" ops_sky_boss_fallback ops_sky sky_boss 0 0 0.0 0.0 -999 ""
FIBERMAP 1271 R-4C14 METROLOGY 0 0 0 1 0 0 55.65043072353408 -87.22340088084269 143.1 9.67028106384256 -102.99470695613357 336.27237 102.93419 -999.0 -999.0 -999.0 -999.0 -999.0 279.91657631225235 -11.042347586450427 279.93841726809035 -11.008137710752637 40.08460950469784 146.98157642657563 -999.0 6231.0 -999.0 -1 -999 {-999.0 -999.0 -999.0 -999.0 -999.0} "" -999.0 -999.0 -999.0 -999.0 -999 -999 "" "" "" "" 0 0 0.0 0.0 -999 ""
FIBERMAP 1272 R+1C9 APOGEE 1 1 0 1 0 0 -116.3629338705881 25.582103386931124 143.1 -91.81991905213609 75.88992108907581 182.18855 89.76591 279.4490608432398 -10.226261619569662 -999.0 -999.0 -999.0 279.449046640673 -10.226267026325676 279.46915948298465 -10.193853227082405 41.020013479460104 147.01937718025673 16000.0 16600.0 2016.0 2 147 {-999.0 20.409506 18.268497 17.494686 -999.0} sdss_psfmag_ps1 -999.0 17.125032 -999.0 10.776 63050395539624706 1153919118 bright_1x1 mwm_galactic_core_dist_apogee_sparse mwm_galactic science 0 0 0.0 0.0 -999 ""
FIBERMAP 1272 R+1C9 BOSS 0 0 0 1 0 0 -116.38789553600202 26.332245007826216 143.1 -91.49958107890691 76.56854956852332 182.18855 89.76591 -999.0 -999.0 -999.0 -999.0 -999.0 279.45061021370077 -10.22335881527144 279.4706042922424 -10.190734799818019 41.022112715838 147.01578627276734 -999.0 5400.0 -999.0 1 45 {-999.0 -999.0 -999.0 -999.0 -999.0} "" -999.0 -999.0 -999.0 -999.0 -999 -999 "" "" "" "" 0 0 0.0 0.0 -999 ""
FIBERMAP 1272 R+1C9 METROLOGY 0 0 0 1 0 0 -115.72086842537016 25.98037155694456 143.1 -91.06695662926492 75.95098020362452 182.18855 89.76591 -999.0 -999.0 -999.0 -999.0 -999.0 279.4525698725564 -10.22611967227495 279.4726013108386 -10.193547942088442 41.01870818952979 147.01521436888055 -999.0 6231.0 -999.0 -1 -999 {-999.0 -999.0 -999.0 -999.0 -999.0} "" -999.0 -999.0 -999.0 -999.0 -999 -999 "" "" "" "" 0 0 0.0 0.0 -999 ""
FIBERMAP 1276 R-2C3 APOGEE 1 1 0 1 0 0 -234.4942428152291 -43.322100834487024 143.1 -228.35848361745494 68.54439973974146 186.7679 132.4285 278.82202148437494 -10.257959191705254 -999.0 -999.0 -999.0 278.82200922494735 -10.257967408661207 278.842485508345 -10.227180597956554 41.27439446367455 147.76681396563822 16000.0 16600.0 2015.5 2 257 {-999.0 -999.0 -999.0 -999.0 -999.0} "" -999.0 -999.0 -999.0 -999.0 27021603148703607 848990274 "" ops_sky_apogee_good ops_sky sky_apogee 0 0 0.0 0.0 -999 ""
FIBERMAP 1276 R-2C3 BOSS 0 0 0 1 0 0 -235.074911564221 -42.858322867629894 143.1 -228.66319522215542 69.22207083754937 186.7679 132.4285 -999.0 -999.0 -999.0 -999.0 -999.0 278.82072862263317 -10.255094636550774 278.841090690546 -10.224105763493986 41.27775699136024 147.76657513140057 -999.0 5400.0 -999.0 1 475 {-999.0 -999.0 -999.0 -999.0 -999.0} "" -999.0 -999.0 -999.0 -999.0 -999 -999 "" "" "" "" 0 0 0.0 0.0 -999 ""
FIBERMAP 1276 R-2C3 METROLOGY 0 0 0 1 0 0 -234.36901654845644 -42.5857369634757 143.1 -227.91084905232108 69.14219227501479 186.7679 132.4285 -999.0 -999.0 -999.0 -999.0 -999.0 278.82412640982 -10.255407893499228 278.8445182177296 -10.224468575753686 41.275896722193544 147.7628001089693 -999.0 6231.0 -999.0 -1 -999 {-999.0 -999.0 -999.0 -999.0 -999.0} "" -999.0 -999.0 -999.0 -999.0 -999 -999 "" "" "" "" 0 0 0.0 0.0 -999 ""
FIBERMAP 1281 R+5C7 APOGEE 1 1 0 1 0 0 -90.76140131515724 116.68719252112206 143.1 -27.446324162075538 145.2348174027766 146.72015 7.430518 279.74775006210035 -9.912117882601452 0.24076015 -2.8228269 0.3207607 279.7477367442843 -9.912152762120488 279.7669330296387 -9.879114725689472 41.16083245059877 146.48007641784534 16000.0 16600.0 2016.0 2 108 {-999.0 16.39052 14.293879 13.640996 -999.0} sdss_psfmag_ps1 15.364421 13.925857 12.773261 9.897 63050395539749358 1153919523 bright_1x1 mwm_galactic_core_dist_apogee_sparse mwm_galactic science 0 0 0.0 0.0 -999 ""
FIBERMAP 1281 R+5C7 BOSS 0 0 0 1 0 0 -90.10357170796152 116.35269776178819 143.1 -27.01394492275063 144.63690579992766 146.72015 7.430518 -999.0 -999.0 -999.0 -999.0 -999.0 279.7498233497386 -9.915015554365683 279.7689141150698 -9.881764789727107 41.157575300589215 146.4794492565277 -999.0 5400.0 -999.0 1 54 {-999.0 -999.0 -999.0 -999.0 -999.0} "" -999.0 -999.0 -999.0 -999.0 -999 -999 "" "" "" "" 0 0 0.0 0.0 -999 ""
FIBERMAP 1281 R+5C7 METROLOGY 0 0 0 1 0 0 -90.72542957575396 115.94267092928057 143.1 -27.754302680398546 144.55616020129418 146.72015 7.430518 -999.0 -999.0 -999.0 -999.0 -999.0 279.7463748110245 -9.915325904356816 279.7654995797535 -9.882142344877938 41.15882781763244 146.4836261226688 -999.0 6231.0 -999.0 -1 -999 {-999.0 -999.0 -999.0 -999.0 -999.0} "" -999.0 -999.0 -999.0 -999.0 -999 -999 "" "" "" "" 0 0 0.0 0.0 -999 ""
FIBERMAP 1285 R+9C4 APOGEE 0 0 0 1 0 0 -115.56323956131364 171.37412937914232 143.1 -24.53491773994686 205.2027069261738 285.30164 158.22784 -999.0 -999.0 -999.0 -999.0 -999.0 279.762180268943 -9.641399876583192 279.7806989268598 -9.608459165960475 41.392989525797944 146.29406708324234 -999.0 16600.0 -999.0 2 -999 {-999.0 -999.0 -999.0 -999.0 -999.0} "" -999.0 -999.0 -999.0 -999.0 -999 -999 "" "" "" "" 0 0 0.0 0.0 -999 ""
FIBERMAP 1285 R+9C4 BOSS 1 1 0 1 0 0 -115.63269645290441 170.62921996070142 143.1 -24.9368491896211 204.57184713312174 285.30164 158.22784 279.76043125899974 -9.644390045866972 0.80162084 -1.9818553 -1.8352093 279.7604242601541 -9.644391649349057 279.7788400258413 -9.611250128889484 41.39139826115674 146.2979798984142 5400.0 5400.0 2016.0 1 15 {-999.0 16.595243 15.410448 14.745492 -999.0} sdss_psfmag_ps1 16.138205 15.298679 14.286456 12.435 63050395540320173 1093371035 bright_3x1 mwm_astar_core_boss mwm_ob science 0 0 0.0 0.0 -999 ""
FIBERMAP 1285 R+9C4 METROLOGY 0 0 0 1 0 0 -116.23937032526679 171.05867863726976 143.1 -25.280363006812244 205.2308670175653 285.30164 158.22784 -999.0 -999.0 -999.0 -999.0 -999.0 279.75882467224255 -9.641375406080902 279.77726518654754 -9.60829737685581 41.39473425890337 146.29794065762763 -999.0 6231.0 -999.0 -1 -999 {-999.0 -999.0 -999.0 -999.0 -999.0} "" -999.0 -999.0 -999.0 -999.0 -999 -999 "" "" "" "" 0 0 0.0 0.0 -999 ""
FIBERMAP 1287 R+12C7 APOGEE 0 0 0 1 0 0 -10.927394884242982 244.0641714148297 143.1 101.72855139043872 222.07812279916553 67.23824 91.16351 -999.0 -999.0 -999.0 -999.0 -999.0 280.34259637674444 -9.567834003785787 280.36066794631006 -9.533411412425707 41.18575898696282 145.5776723347141 -999.0 16600.0 -999.0 2 -999 {-999.0 -999.0 -999.0 -999.0 -999.0} "" -999.0 -999.0 -999.0 -999.0 -999 -999 "" "" "" "" 0 0 0.0 0.0 -999 ""
FIBERMAP 1287 R+12C7 BOSS 1 1 0 1 0 0 -10.227994951723115 243.80640660713192 143.1 102.23294383553419 221.52947790285415 67.23824 91.16351 280.3450519151162 -9.570493605172274 0.18748216 0.6230934 0.49768564 280.3450426837433 -9.570487864566553 280.3630057074812 -9.535853250134933 41.18250827832208 145.57655222028635 5400.0 5400.0 2016.0 1 155 {-999.0 16.931519 15.931347 15.557725 -999.0} sdss_psfmag_ps1 16.4933 15.880275 15.107425 13.532 63050395540094953 981885830 "" ops_std_boss_tic ops_std standard_boss 0 0 0.0 0.0 -999 ""
FIBERMAP 1287 R+12C7 METROLOGY 0 0 0 1 0 0 -10.800421602244185 243.3289573193648 143.1 101.5057663399942 221.366189896472 67.23824 91.16351 -999.0 -999.0 -999.0 -999.0 -999.0 280.34167791802116 -9.571146996653798 280.3596764269337 -9.536578752027443 41.18345511133021 145.58083918352855 -999.0 6231.0 -999.0 -1 -999 {-999.0 -999.0 -999.0 -999.0 -999.0} "" -999.0 -999.0 -999.0 -999.0 -999 -999 "" "" "" "" 0 0 0.0 0.0 -999 ""
FIBERMAP 1289 R-2C15 APOGEE 1 1 0 1 0 0 52.69366780703073 -47.148782824030626 143.1 25.339783130450837 -65.99928780391753 300.8816 130.5458 279.98960079261025 -10.874019819809586 -3.5253189 -5.2400045 0.17981304 279.9895840062075 -10.874034972027781 280.01105459258747 -10.83987442643211 40.19995906375546 146.79614488144009 16000.0 16600.0 2016.0 2 219 {-999.0 17.348429 14.900741 13.190953 -999.0} sdss_psfmag_from_g3xp 16.063377 13.890403 12.55075 8.98 63050395432072393 1152174576 bright_1x1 mwm_galactic_core_dist_apogee_sparse mwm_galactic science 0 0 0.0 0.0 -999 ""
FIBERMAP 1289 R-2C15 BOSS 0 0 0 1 0 0 52.46079209118088 -47.846566648549796 143.1 24.814014360366308 -66.51360798842158 300.8816 130.5458 -999.0 -999.0 -999.0 -999.0 -999.0 279.9872681842113 -10.876620413118651 280.00863107035 -10.84225137965152 40.19897545024261 146.80035650276122 -999.0 5400.0 -999.0 1 273 {-999.0 -999.0 -999.0 -999.0 -999.0} "" -999.0 -999.0 -999.0 -999.0 -999 -999 "" "" "" "" 0 0 0.0 0.0 -999 ""
FIBERMAP 1289 R-2C15 METROLOGY 0 0 0 1 0 0 51.95165808659978 -47.29900143364419 143.1 24.611191085485437 -65.79407570810233 300.8816 130.5458 -999.0 -999.0 -999.0 -999.0 -999.0 279.9863003486373 -10.873275823787854 280.00768804919437 -10.838971496356008 40.20230678149482 146.79941447185567 -999.0 6231.0 -999.0 -1 -999 {-999.0 -999.0 -999.0 -999.0 -999.0} "" -999.0 -999.0 -999.0 -999.0 -999 -999 "" "" "" "" 0 0 0.0 0.0 -999 ""
FIBERMAP 1296 R-5C7 APOGEE 1 1 0 1 0 0 -113.79658403742334 -99.2515619188092 143.1 -146.54060330665317 -36.31803807259399 189.26271 117.70519 279.1941833496094 -10.735727332352866 -999.0 -999.0 -999.0 279.1941661541253 -10.735754566803891 279.2156648305416 -10.703749862413945 40.68279700716662 147.62293877552685 16000.0 16600.0 2015.5 2 262 {-999.0 -999.0 -999.0 -999.0 -999.0} "" -999.0 -999.0 -999.0 -999.0 27021603148700457 848989534 "" ops_sky_apogee_good ops_sky sky_apogee 0 0 0.0 0.0 -999 ""
FIBERMAP 1296 R-5C7 BOSS 0 0 0 1 0 0 -114.24398583730745 -98.65448547386869 143.1 -146.66590895686474 -35.58265599528078 189.26271 117.70519 -999.0 -999.0 -999.0 -999.0 -999.0 279.19365428174285 -10.732632250368464 279.21503474296566 -10.700419583058146 40.6860407398318 147.62165190688376 -999.0 5400.0 -999.0 1 464 {-999.0 -999.0 -999.0 -999.0 -999.0} "" -999.0 -999.0 -999.0 -999.0 -999 -999 "" "" "" "" 0 0 0.0 0.0 -999 ""
FIBERMAP 1296 R-5C7 METROLOGY 0 0 0 1 0 0 -113.51014056083054 -98.56533290958473 143.1 -145.97246383202113 -35.83845647246514 189.26271 117.70519 -999.0 -999.0 -999.0 -999.0 -999.0 279.1968256361212 -10.733751453153188 279.2182387727154 -10.701589657432484 40.683557943417796 147.61866894472197 -999.0 6231.0 -999.0 -1 -999 {-999.0 -999.0 -999.0 -999.0 -999.0} "" -999.0 -999.0 -999.0 -999.0 -999 -999 "" "" "" "" 0 0 0.0 0.0 -999 ""
FIBERMAP 1300 R+11C12 APOGEE 1 1 0 1 0 0 86.7409498735399 210.1596392481124 143.1 173.11984352915889 147.3222304385253 299.1977 150.11856 280.67120436753805 -9.90616418443054 -3.3446033 -6.33356 0.16268697 280.6712188097177 -9.90616173070264 280.6899723493693 -9.87071022005405 40.73360313404447 145.41719183874307 16000.0 16600.0 2016.0 2 11 {-999.0 19.918291 17.235361 14.973133 -999.0} sdss_psfmag_ps1 18.516315 15.469733 13.99614 9.923 63050395539837609 1153919958 bright_1x1 mwm_galactic_core_dist_apogee_sparse mwm_galactic science 0 0 0.0 0.0 -999 ""
FIBERMAP 1300 R+11C12 BOSS 0 0 0 1 0 0 86.77454536552371 209.41099714087986 143.1 172.8078698345816 146.64099323014116 299.1977 150.11856 -999.0 -999.0 -999.0 -999.0 -999.0 280.66995438583746 -9.909411853764981 280.68860004846937 -9.873754759709405 40.73159463055406 145.4206990400507 -999.0 5400.0 -999.0 1 142 {-999.0 -999.0 -999.0 -999.0 -999.0} "" -999.0 -999.0 -999.0 -999.0 -999 -999 "" "" "" "" 0 0 0.0 0.0 -999 ""
FIBERMAP 1300 R+11C12 METROLOGY 0 0 0 1 0 0 86.11184784962495 209.76015857128385 143.1 172.37785803647984 147.25417328510622 299.1977 150.11856 -999.0 -999.0 -999.0 -999.0 -999.0 280.6679333658331 -9.906579568921288 280.6866060165554 -9.870987938089474 40.73496678517692 145.42119835126638 -999.0 6231.0 -999.0 -1 -999 {-999.0 -999.0 -999.0 -999.0 -999.0} "" -999.0 -999.0 -999.0 -999.0 -999 -999 "" "" "" "" 0 0 0.0 0.0 -999 ""
FIBERMAP 1301 R+2C23 APOGEE 1 1 0 1 0 0 211.44445648442476 34.9886217031689 143.1 204.05098388257412 -65.43146589422815 194.9881 118.83227 280.8146667480469 -10.871013301567046 -999.0 -999.0 -999.0 280.8146784370702 -10.871032988255603 280.835745003906 -10.834712801605848 39.82002377461018 145.86215648843876 16000.0 16600.0 2015.5 2 82 {-999.0 -999.0 -999.0 -999.0 -999.0} "" -999.0 -999.0 -999.0 -999.0 27021603147977531 848944918 "" ops_sky_apogee_good ops_sky sky_apogee 0 0 0.0 0.0 -999 ""
FIBERMAP 1301 R+2C23 BOSS 0 0 0 1 0 0 210.9199835875883 35.51273618750488 143.1 203.82380867256364 -64.72578811661258 194.9881 118.83227 -999.0 -999.0 -999.0 -999.0 -999.0 280.81380739741235 -10.868065644597124 280.8347473960189 -10.831534746502973 39.82328175176068 145.86128726974437 -999.0 5400.0 -999.0 1 225 {-999.0 -999.0 -999.0 -999.0 -999.0} "" -999.0 -999.0 -999.0 -999.0 -999 -999 "" "" "" "" 0 0 0.0 0.0 -999 ""
FIBERMAP 1301 R+2C23 METROLOGY 0 0 0 1 0 0 211.65584353658775 35.69846053242491 143.1 204.56314381696686 -64.8966106490352 194.9881 118.83227 -999.0 -999.0 -999.0 -999.0 -999.0 280.8171483028258 -10.868765707953559 280.8381223015775 -10.832286487641483 39.821029780956486 145.85797248621262 -999.0 6231.0 -999.0 -1 -999 {-999.0 -999.0 -999.0 -999.0 -999.0} "" -999.0 -999.0 -999.0 -999.0 -999 -999 "" "" "" "" 0 0 0.0 0.0 -999 ""
FIBERMAP 1302 R-9C18 APOGEE 1 1 0 1 0 0 205.96094236845732 -179.89426066463733 143.1 101.05057382202276 -254.05985313157757 6.8857813 89.80858 280.3365654843548 -11.722792260912003 17.890808 -113.37497 6.779106 280.3366338939771 -11.72308921363752 280.36004627102096 -11.687574556545929 39.29072262965605 146.91974186914445 16000.0 16600.0 2016.0 2 187 {-999.0 11.213996 10.599156 10.345236 -999.0} sdss_psfmag_from_g3xp 11.0540905 10.614898 10.001194 8.852 63050395429733394 1113510180 bright_2x1_long_v2 mwm_bin_gaia_astb_apogee mwm_bin science 0 0 0.0 0.0 -999 ""
FIBERMAP 1302 R-9C18 BOSS 0 0 0 1 0 0 206.05816445159516 -180.63939309862863 143.1 100.79679684993579 -254.76702269141623 6.8857813 89.80858 -999.0 -999.0 -999.0 -999.0 -999.0 280.3355616364249 -11.726466768418922 280.35886363322595 -11.690732908894752 39.288475380469656 146.92297623521787 -999.0 5400.0 -999.0 1 330 {-999.0 -999.0 -999.0 -999.0 -999.0} "" -999.0 -999.0 -999.0 -999.0 -999 -999 "" "" "" "" 0 0 0.0 0.0 -999 ""
FIBERMAP 1302 R-9C18 METROLOGY 0 0 0 1 0 0 205.3656673181014 -180.35826843987928 143.1 100.30921117083227 -254.2007519144552 6.8857813 89.80858 -999.0 -999.0 -999.0 -999.0 -999.0 280.3332978365475 -11.723888962321528 280.3566283649869 -11.688224833333773 39.291716796041875 146.92395599010175 -999.0 6231.0 -999.0 -1 -999 {-999.0 -999.0 -999.0 -999.0 -999.0} "" -999.0 -999.0 -999.0 -999.0 -999 -999 "" "" "" "" 0 0 0.0 0.0 -999 ""
FIBERMAP 1303 R-7C11 APOGEE 1 1 0 1 0 0 -9.734598766014557 -133.69446046350095 143.1 -69.70818243891333 -114.47235036349659 233.15323 43.32294 279.5483580198507 -11.09289737958663 -4.1893888 -5.4753003 0.17796916 279.54834607724734 -11.092929223694837 279.5705700358507 -11.059812075500481 40.20636485034585 147.43134061446773 16000.0 16600.0 2016.0 2 151 {-999.0 18.052204 15.419193 14.069056 -999.0} sdss_psfmag_ps1 16.620047 14.6810055 13.384941 9.92 63050395430640216 1153725251 bright_1x1 mwm_galactic_core_dist_apogee_sparse mwm_galactic science 0 0 0.0 0.0 -999 ""
FIBERMAP 1303 R-7C11 BOSS 0 0 0 1 0 0 -9.825916741899245 -132.9524059287837 143.1 -69.4505594031201 -113.77061452963352 233.15323 43.32294 -999.0 -999.0 -999.0 -999.0 -999.0 279.5496287152373 -11.090012612500352 279.5717313897215 -11.056679506550271 40.20861858822851 147.42812451687794 -999.0 5400.0 -999.0 1 377 {-999.0 -999.0 -999.0 -999.0 -999.0} "" -999.0 -999.0 -999.0 -999.0 -999 -999 "" "" "" "" 0 0 0.0 0.0 -999 ""
FIBERMAP 1303 R-7C11 METROLOGY 0 0 0 1 0 0 -9.146746016445945 -133.23879165772325 143.1 -68.97722958059892 -114.3354795821667 233.15323 43.32294 -999.0 -999.0 -999.0 -999.0 -999.0 279.551789675021 -11.092518038036884 279.573929700935 -11.05923862755499 40.205352798986354 147.42716364538938 -999.0 6231.0 -999.0 -1 -999 {-999.0 -999.0 -999.0 -999.0 -999.0} "" -999.0 -999.0 -999.0 -999.0 -999 -999 "" "" "" "" 0 0 0.0 0.0 -999 ""
FIBERMAP 1304 R+7C15 APOGEE 0 0 0 1 0 0 92.14327375691083 149.4721465025992 143.1 150.21304647148048 90.87550434897325 145.0138 93.7333 -999.0 -999.0 -999.0 -999.0 -999.0 280.5672124180827 -10.161188814586746 280.5866442267905 -10.125880468923583 40.559301565720595 145.69704165317435 -999.0 16600.0 -999.0 2 -999 {-999.0 -999.0 -999.0 -999.0 -999.0} "" -999.0 -999.0 -999.0 -999.0 -999 -999 "" "" "" "" 0 0 0.0 0.0 -999 ""
FIBERMAP 1304 R+7C15 BOSS 1 1 0 1 0 0 92.51643914290219 150.0877589883936 143.1 150.8260767198547 91.2526742831647 145.0138 93.7333 280.5702209472656 -10.159650894149948 -999.0 -999.0 -999.0 280.5701894979953 -10.159667199377758 280.5894995799612 -10.124142933058124 40.55947128875222 145.69269775894392 5400.0 5400.0 2015.5 1 187 {-999.0 -999.0 -999.0 -999.0 -999.0} "" -999.0 -999.0 -999.0 -999.0 27021603148707066 852779476 "" ops_sky_boss_fallback ops_sky sky_boss 0 0 0.0 0.0 -999 ""
FIBERMAP 1304 R+7C15 METROLOGY 0 0 0 1 0 0 92.88891499703071 149.4460481972084 143.1 150.8643562338008 90.51180498116331 145.0138 93.7333 -999.0 -999.0 -999.0 -999.0 -999.0 280.57033178844927 -10.162975161472623 280.5896829981749 -10.127508028460662 40.55643491429636 145.69462183443466 -999.0 6231.0 -999.0 -1 -999 {-999.0 -999.0 -999.0 -999.0 -999.0} "" -999.0 -999.0 -999.0 -999.0 -999 -999 "" "" "" "" 0 0 0.0 0.0 -999 ""
FIBERMAP 1306 R-11C6 APOGEE 1 1 0 1 0 0 -64.7388724644051 -212.20004441442157 143.1 -154.48132711244182 -159.18402573463425 124.70628 154.1633 279.15663261900374 -11.29235600722895 -1.8165787 -6.2041116 0.12247922 279.15661760102495 -11.292411711152662 279.17952365652866 -11.260218449031981 40.20382849620423 147.99807149156734 16000.0 16600.0 2016.0 2 177 {-999.0 19.79143 16.747818 14.659056 -999.0} sdss_psfmag_ps1 17.987667 15.150886 13.693339 9.563 63050395538774167 1153914279 bright_1x1 mwm_galactic_core_dist_apogee_sparse mwm_galactic science 0 0 0.0 0.0 -999 ""
FIBERMAP 1306 R-11C6 BOSS 0 0 0 1 0 0 -64.87329172908306 -211.4700809411147 143.1 -154.26756267276707 -158.47336302044476 124.70628 154.1633 -999.0 -999.0 -999.0 -999.0 -999.0 279.15768203996834 -11.289459837136304 279.18046840578 -11.257050341715347 40.20622964179295 147.99510590464442 -999.0 5400.0 -999.0 1 358 {-999.0 -999.0 -999.0 -999.0 -999.0} "" -999.0 -999.0 -999.0 -999.0 -999 -999 "" "" "" "" 0 0 0.0 0.0 -999 ""
FIBERMAP 1306 R-11C6 METROLOGY 0 0 0 1 0 0 -64.1694538160898 -211.72276837535406 143.1 -153.75690426260408 -159.0195182700227 124.70628 154.1633 -999.0 -999.0 -999.0 -999.0 -999.0 279.1600072113065 -11.291880417541961 279.1828302109114 -11.259524470034714 40.2029731283849 147.99387628181398 -999.0 6231.0 -999.0 -1 -999 {-999.0 -999.0 -999.0 -999.0 -999.0} "" -999.0 -999.0 -999.0 -999.0 -999 -999 "" "" "" "" 0 0 0.0 0.0 -999 ""
FIBERMAP 1308 R-4C5 APOGEE 1 1 0 1 0 0 -155.02960877900637 -58.375903193905074 143.1 -164.55098907414882 18.868153138648992 132.1028 60.272423 279.112452459407 -10.48439819231822 -4.9965982 -9.139659 0.6847514 279.1124048676655 -10.484414252817766 279.1333143331555 -10.452751909522965 40.94297703220839 147.56596489720383 16000.0 16600.0 2016.0 2 252 {-999.0 23.222567 23.292448 19.197662 -999.0} sdss_psfmag_ps1 21.823357 17.903936 15.989795 7.8 63050395539049234 1153915583 bright_1x1 mwm_galactic_core_dist_apogee_sparse mwm_galactic science 0 0 0.0 0.0 -999 ""
FIBERMAP 1308 R-4C5 BOSS 0 0 0 1 0 0 -154.301406823162 -58.247948730845394 143.1 -163.84484523340322 18.64944280762774 132.1028 60.272423 -999.0 -999.0 -999.0 -999.0 -999.0 279.1156976027536 -10.485625281424594 279.1364989049956 -10.453744716724959 40.9406585248152 147.562883479038 -999.0 5400.0 -999.0 1 459 {-999.0 -999.0 -999.0 -999.0 -999.0} "" -999.0 -999.0 -999.0 -999.0 -999 -999 "" "" "" "" 0 0 0.0 0.0 -999 ""
FIBERMAP 1308 R-4C5 METROLOGY 0 0 0 1 0 0 -154.541535952463 -58.95154666233927 143.1 -164.37972063599292 18.133263296752276 132.1028 60.272423 -999.0 -999.0 -999.0 -999.0 -999.0 279.1132054022308 -10.487902830016502 279.134044608314 -10.456086854256899 40.939684107023105 147.56714470320614 -999.0 6231.0 -999.0 -1 -999 {-999.0 -999.0 -999.0 -999.0 -999.0} "" -999.0 -999.0 -999.0 -999.0 -999 -999 "" "" "" "" 0 0 0.0 0.0 -999 ""
FIBERMAP 1312 R-11C11 APOGEE 1 1 0 1 0 0 56.55208133599195 -222.3809157638132 143.1 -51.24533463839769 -223.62528390648686 231.11833 151.94768 279.6331102107918 -11.586287685963143 -0.24687192 -2.9487805 0.20249154 279.6331450865209 -11.586310021410656 279.65655909194845 -11.552712894906305 39.729983319069596 147.6297479545078 16000.0 16600.0 2016.0 2 156 {-999.0 16.676458 14.560433 13.494245 -999.0} sdss_psfmag_from_g3xp 15.627196 14.153227 12.9895935 10.003 63050395430449185 1152173221 bright_1x1 mwm_galactic_core_dist_apogee_sparse mwm_galactic science 0 0 0.0 0.0 -999 ""
FIBERMAP 1312 R-11C11 BOSS 0 0 0 1 0 0 55.869113019757016 -222.6811475912744 143.1 -51.989912233783066 -223.58046475031034 231.11833 151.94768 -999.0 -999.0 -999.0 -999.0 -999.0 279.62980793836147 -11.586342357411995 279.65310853997926 -11.552535997053813 39.73169378845259 147.63354659246542 -999.0 5400.0 -999.0 1 393 {-999.0 -999.0 -999.0 -999.0 -999.0} "" -999.0 -999.0 -999.0 -999.0 -999 -999 "" "" "" "" 0 0 0.0 0.0 -999 ""
FIBERMAP 1312 R-11C11 METROLOGY 0 0 0 1 0 0 55.94469366234697 -221.94346297409922 143.1 -51.5858329726698 -222.95882753422075 231.11833 151.94768 -999.0 -999.0 -999.0 -999.0 -999.0 279.6316481431088 -11.58349563721914 279.65497336966035 -11.549747731019572 39.73333079337743 147.6297705362466 -999.0 6231.0 -999.0 -1 -999 {-999.0 -999.0 -999.0 -999.0 -999.0} "" -999.0 -999.0 -999.0 -999.0 -999 -999 "" "" "" "" 0 0 0.0 0.0 -999 ""
FIBERMAP 1314 R-13C8 APOGEE 1 1 0 1 0 0 5.834065876904914 -245.77510843967133 143.1 -107.04019912875273 -221.27416304484325 75.16852 159.24542 279.3753853780895 -11.573844986313444 0.26827765 -0.4308858 0.15804912 279.3754256773439 -11.573823918579741 279.39893173627956 -11.54090954471154 39.85600586026987 147.914797391092 16000.0 16600.0 2016.0 2 273 {-999.0 17.768679 15.310199 13.75957 -999.0} sdss_psfmag_ps1 16.424835 14.2070675 12.854163 9.261 63050395430460908 1153724841 bright_1x1 mwm_galactic_core_dist_apogee_sparse mwm_galactic science 0 0 0.0 0.0 -999 ""
FIBERMAP 1314 R-13C8 BOSS 0 0 0 1 0 0 6.272580827612572 -245.18893865524126 143.1 -106.38248681791016 -220.95302245270258 75.16852 159.24542 -999.0 -999.0 -999.0 -999.0 -999.0 279.37855916747674 -11.572653397712703 279.40194711233545 -11.539513955479206 39.85590105095733 147.91054318794477 -999.0 5400.0 -999.0 1 417 {-999.0 -999.0 -999.0 -999.0 -999.0} "" -999.0 -999.0 -999.0 -999.0 -999 -999 "" "" "" "" 0 0 0.0 0.0 -999 ""
FIBERMAP 1314 R-13C8 METROLOGY 0 0 0 1 0 0 6.568038995681304 -245.86712677077546 143.1 -106.4293692059772 -221.69116837401813 75.16852 159.24542 -999.0 -999.0 -999.0 -999.0 -999.0 279.37831748998127 -11.575892054445964 279.4017458594454 -11.542813154706032 39.85305458894004 147.9127311698128 -999.0 6231.0 -999.0 -1 -999 {-999.0 -999.0 -999.0 -999.0 -999.0} "" -999.0 -999.0 -999.0 -999.0 -999 -999 "" "" "" "" 0 0 0.0 0.0 -999 ""
FIBERMAP 1316 R-8C11 APOGEE 0 0 0 1 0 0 15.151849758727625 -157.8239747720145 143.1 -58.59075143573667 -147.29889803573826 117.824844 173.88368 -999.0 -999.0 -999.0 -999.0 -999.0 279.5995661983333 -11.242011836689098 279.6221375117024 -11.208682961389757 40.05093548546905 147.4624089894633 -999.0 16600.0 -999.0 2 -999 {-999.0 -999.0 -999.0 -999.0 -999.0} "" -999.0 -999.0 -999.0 -999.0 -999 -999 "" "" "" "" 0 0 0.0 0.0 -999 ""
FIBERMAP 1316 R-8C11 BOSS 1 1 0 1 0 0 14.856913545217814 -157.12994390898217 143.1 -58.53617043563123 -146.54689877351737 117.824844 173.88368 279.59990847061255 -11.23884440430075 1.283105 -13.845927 2.528481 279.5999164343747 -11.23887721513542 279.6223657191268 -11.205333753288494 40.05380422495322 147.4601320704257 5400.0 5400.0 2016.0 1 373 {-999.0 16.99175 15.511313 14.760052 -999.0} sdss_psfmag_ps1 16.359846 15.38353 14.3025465 12.003 63050395430550221 917198544 bright_3x1 mwm_yso_pms_boss_sagitta_edr3 mwm_yso science 0 0 0.0 0.0 -999 ""
FIBERMAP 1316 R-8C11 METROLOGY 0 0 0 1 0 0 15.600378832586676 -157.2277502753566 143.1 -57.919540510428234 -146.97338685254215 117.824844 173.88368 -999.0 -999.0 -999.0 -999.0 -999.0 279.60274157859675 -11.24075176550164 279.6252265014269 -11.207260919619744 40.050800195358335 147.45803987921943 -999.0 6231.0 -999.0 -1 -999 {-999.0 -999.0 -999.0 -999.0 -999.0} "" -999.0 -999.0 -999.0 -999.0 -999 -999 "" "" "" "" 0 0 0.0 0.0 -999 ""
FIBERMAP 1317 R-12C9 APOGEE 0 0 0 1 0 0 8.412794090764358 -217.73466644410675 143.1 -91.94225375369744 -197.51050617323932 188.84875 47.34558 -999.0 -999.0 -999.0 -999.0 -999.0 279.4450576896524 -11.467700460532935 279.46826549418444 -11.434659033097688 39.91949930276054 147.7727815710002 -999.0 16600.0 -999.0 2 -999 {-999.0 -999.0 -999.0 -999.0 -999.0} "" -999.0 -999.0 -999.0 -999.0 -999 -999 "" "" "" "" 0 0 0.0 0.0 -999 ""
FIBERMAP 1317 R-12C9 BOSS 1 1 0 1 0 0 8.840931537065568 -217.1073313272145 143.1 -91.2749744260156 -197.1480114338736 188.84875 47.34558 279.4482099833837 -11.466310765714002 5.205123 -10.873122 1.3199486 279.44823531332577 -11.46634916514401 279.4713244282046 -11.433083340522472 39.91952861556948 147.76836544553987 5400.0 5400.0 2016.0 1 405 {-999.0 16.981762 15.700528 15.059327 -999.0} sdss_psfmag_ps1 16.42021 15.493906 14.529291 12.418 63050395430471682 1034784222 bright_1x1 mwm_yso_variable_boss_single mwm_yso science 0 0 0.0 0.0 -999 ""
FIBERMAP 1317 R-12C9 METROLOGY 0 0 0 1 0 0 9.1577717928744 -217.77553457191587 143.1 -91.29827860315613 -197.88703989301013 188.84875 47.34558 -999.0 -999.0 -999.0 -999.0 -999.0 279.44809938579476 -11.469603729592663 279.4712289379027 -11.436397969926887 39.916624120359074 147.77045136647467 -999.0 6231.0 -999.0 -1 -999 {-999.0 -999.0 -999.0 -999.0 -999.0} "" -999.0 -999.0 -999.0 -999.0 -999 -999 "" "" "" "" 0 0 0.0 0.0 -999 ""
FIBERMAP 1318 R-11C7 APOGEE 1 1 0 1 0 0 -31.36544635547356 -229.33105928791983 143.1 -132.61920792700354 -189.66105103488377 299.54028 93.98661 279.2573755167252 -11.43071418906656 -1.0576798 -4.3895416 0.25655195 279.2573685487208 -11.430726096936514 279.2805729340488 -11.398196427892016 40.03588760466802 147.9647139545437 16000.0 16600.0 2016.0 2 169 {-999.0 17.942595 15.424479 13.419954 -999.0} sdss_psfmag_ps1 16.56667 13.59291 12.129729 8.136 63050395430524747 1153724883 bright_1x1 mwm_galactic_core_dist_apogee_sparse mwm_galactic science 0 0 0.0 0.0 -999 ""
FIBERMAP 1318 R-11C7 BOSS 0 0 0 1 0 0 -31.967870695972437 -229.76629299502343 143.1 -133.35379043556065 -189.7730914702603 299.54028 93.98661 -999.0 -999.0 -999.0 -999.0 -999.0 279.2540768509645 -11.431441243705898 279.27717190276024 -11.398703643184929 40.03695283258597 147.9688930363077 -999.0 5400.0 -999.0 1 359 {-999.0 -999.0 -999.0 -999.0 -999.0} "" -999.0 -999.0 -999.0 -999.0 -999 -999 "" "" "" "" 0 0 0.0 0.0 -999 ""
FIBERMAP 1318 R-11C7 METROLOGY 0 0 0 1 0 0 -32.04908020788329 -229.01997491933207 143.1 -133.08522932140772 -189.07217921046458 299.54028 93.98661 -999.0 -999.0 -999.0 -999.0 -999.0 279.25528338936965 -11.428233135444797 279.2784017845479 -11.395555328301247 40.039207878933695 147.96561981783512 -999.0 6231.0 -999.0 -1 -999 {-999.0 -999.0 -999.0 -999.0 -999.0} "" -999.0 -999.0 -999.0 -999.0 -999 -999 "" "" "" "" 0 0 0.0 0.0 -999 ""
FIBERMAP 1323 R+2C5 APOGEE 1 1 0 1 0 0 -162.28966784359721 35.608739925491456 143.1 -128.09196213462374 105.78007511443893 21.532259 80.669525 279.282652223444 -10.090167454011986 -2.1286469 -4.582198 0.25857794 279.28266737567475 -10.090142580710067 279.3025175008741 -10.058233137262533 41.216295724402656 147.12865393438506 16000.0 16600.0 2016.0 2 140 {-999.0 18.645395 15.847386 14.567946 -999.0} sdss_psfmag_ps1 16.997177 14.504049 13.077786 9.066 63050395539658654 1153919407 bright_1x1 mwm_galactic_core_dist_apogee_sparse mwm_galactic science 0 0 0.0 0.0 -999 ""
FIBERMAP 1323 R+2C5 BOSS 0 0 0 1 0 0 -162.11387995370427 34.88656235016019 143.1 -128.2653750212004 105.05744739101692 21.532259 80.669525 -999.0 -999.0 -999.0 -999.0 -999.0 279.2819108291428 -10.09358919320957 279.30166022829076 -10.06147360538579 41.21381559195437 147.13164486665207 -999.0 5400.0 -999.0 1 34 {-999.0 -999.0 -999.0 -999.0 -999.0} "" -999.0 -999.0 -999.0 -999.0 -999 -999 "" "" "" "" 0 0 0.0 0.0 -999 ""
FIBERMAP 1323 R+2C5 METROLOGY 0 0 0 1 0 0 -162.84344493870276 35.08986078410251 143.1 -128.82146967713524 105.57142037123045 21.532259 80.669525 -999.0 -999.0 -999.0 -999.0 -999.0 279.27934616830504 -10.091201738503075 279.2991218768267 -10.059152573096851 41.217030651942785 147.13315894227497 -999.0 6231.0 -999.0 -1 -999 {-999.0 -999.0 -999.0 -999.0 -999.0} "" -999.0 -999.0 -999.0 -999.0 -999 -999 "" "" "" "" 0 0 0.0 0.0 -999 ""
FIBERMAP 1324 R-4C11 APOGEE 0 0 0 1 0 0 -5.932864373388185 -79.05783215102542 143.1 -41.37766598177871 -67.61059219442919 21.385735 88.378395 -999.0 -999.0 -999.0 -999.0 -999.0 279.680141263242 -10.880491757247041 279.7017741221891 -10.847138846498355 40.33527500649794 147.15268312363673 -999.0 16600.0 -999.0 2 -999 {-999.0 -999.0 -999.0 -999.0 -999.0} "" -999.0 -999.0 -999.0 -999.0 -999 -999 "" "" "" "" 0 0 0.0 0.0 -999 ""
FIBERMAP 1324 R-4C11 BOSS 1 1 0 1 0 0 -5.681376140463893 -79.77724653702093 143.1 -41.48248374967037 -68.36532953983826 21.385735 88.378395 279.6793438144057 -10.88420626415594 1.8864404 0.6536366 0.51999557 279.6797374225529 -10.884173526279627 279.7012660347733 -10.850606994377577 40.33243521657496 147.15537564866852 5400.0 5400.0 2016.0 1 357 {-999.0 13.527249 12.652775 12.173672 -999.0} sdss_psfmag_from_g3xp 13.247902 12.584577 11.778545 10.4 63050395538881985 1093189136 bright_3x1 mwm_astar_core_boss mwm_ob science 0 0 1.2881999015808105 0.0 -999 ""
FIBERMAP 1324 R-4C11 METROLOGY 0 0 0 1 0 0 -6.404581056899653 -79.63588522039599 143.1 -42.061203937315824 -67.90935213146776 21.385735 88.378395 -999.0 -999.0 -999.0 -999.0 -999.0 279.67703158903936 -10.882021009476665 279.69858832434426 -10.848522993812338 40.33550208768778 147.15716161417757 -999.0 6231.0 -999.0 -1 -999 {-999.0 -999.0 -999.0 -999.0 -999.0} "" -999.0 -999.0 -999.0 -999.0 -999 -999 "" "" "" "" 0 0 0.0 0.0 -999 ""
FIBERMAP 1326 R-3C23 APOGEE 0 0 0 1 0 0 222.3358356972457 -72.955487593087 143.1 164.4475388601669 -166.41813167269734 275.91476 61.99603 -999.0 -999.0 -999.0 -999.0 -999.0 280.63105012686617 -11.32853675644118 280.6533384440733 -11.292458677742138 39.50344066060253 146.35054154551108 -999.0 16600.0 -999.0 2 -999 {-999.0 -999.0 -999.0 -999.0 -999.0} "" -999.0 -999.0 -999.0 -999.0 -999 -999 "" "" "" "" 0 0 0.0 0.0 -999 ""
FIBERMAP 1326 R-3C23 BOSS 1 1 0 1 0 0 221.66189828422313 -72.6967267519153 143.1 163.96624944171623 -165.88022790180003 275.91476 61.99603 280.62898758008015 -11.32632757680578 -1.266248 -4.4141335 0.07294214 280.6289962337886 -11.326367372832166 280.6511603328802 -11.29007814784226 39.5065501826912 146.35151150541998 5400.0 5400.0 2016.0 1 323 {-999.0 18.6133 17.584126 17.100908 16.74669} sdss_psfmag_from_ps1dr2 18.1706 17.5247 16.7 15.245 63050395431708229 1039955027 "" ops_std_boss_ps1dr2 ops_std standard_boss 0 0 0.0 0.0 -999 ""
FIBERMAP 1326 R-3C23 METROLOGY 0 0 0 1 0 0 222.233468055344 -72.21644574961445 143.1 164.6939578259178 -165.7140298832113 275.91476 61.99603 -999.0 -999.0 -999.0 -999.0 -999.0 280.63230562208224 -11.32553244462052 280.65449998047603 -11.28929667199114 39.50568168154741 146.34729531573416 -999.0 6231.0 -999.0 -1 -999 {-999.0 -999.0 -999.0 -999.0 -999.0} "" -999.0 -999.0 -999.0 -999.0 -999 -999 "" "" "" "" 0 0 0.0 0.0 -999 ""
FIBERMAP 1328 R-3C12 APOGEE 1 1 0 1 0 0 -19.18175032913586 -67.95713854845852 143.1 -48.093220015180364 -51.68693301454102 224.09944 123.15303 279.64917167906907 -10.807876061873769 1.6829152 -3.0159411 0.91937035 279.6492045366878 -10.807884923250098 279.67067125753636 -10.774650459541046 40.41366044532105 147.1440115051661 16000.0 16600.0 2016.0 2 154 {-999.0 11.416637 10.788544 10.445844 -999.0} sdss_psfmag_from_g3xp 11.242645 10.749476 10.068562 9.019 63050395538896253 975042233 "" ops_std_apogee ops_std standard_apogee 0 0 0.0 0.0 -999 ""
FIBERMAP 1328 R-3C12 BOSS 0 0 0 1 0 0 -19.903452024365855 -67.81800673599759 143.1 -48.67162119827935 -51.23362511108013 224.09944 123.15303 -999.0 -999.0 -999.0 -999.0 -999.0 279.6466155886911 -10.806050491600839 279.66796572711456 -10.772611604183071 40.41670037252098 147.14585961193714 -999.0 5400.0 -999.0 1 356 {-999.0 -999.0 -999.0 -999.0 -999.0} "" -999.0 -999.0 -999.0 -999.0 -999 -999 "" "" "" "" 0 0 0.0 0.0 -999 ""
FIBERMAP 1328 R-3C12 METROLOGY 0 0 0 1 0 0 -19.416871922657847 -67.25279417544206 143.1 -47.98072606713248 -50.95307360190147 224.09944 123.15303 -999.0 -999.0 -999.0 -999.0 -999.0 279.64979477861203 -10.804719676329222 279.6711721942282 -10.771333265621067 40.41636969355578 147.1414157316989 -999.0 6231.0 -999.0 -1 -999 {-999.0 -999.0 -999.0 -999.0 -999.0} "" -999.0 -999.0 -999.0 -999.0 -999 -999 "" "" "" "" 0 0 0.0 0.0 -999 ""
FIBERMAP 1329 R+3C16 APOGEE 1 1 0 1 0 0 63.659021584596 66.58455310157458 143.1 87.02774617653067 30.15619179358823 176.37442 86.146515 280.2761084196413 -10.436533754503797 -1.0317789 -6.5655074 0.2100718 280.2760820479498 -10.436553608718667 280.2963321560555 -10.401867164802752 40.45364900814737 146.20063606991926 16000.0 16600.0 2016.0 2 63 {-999.0 16.231125 14.360896 13.428178 -999.0} sdss_psfmag_from_g3xp 15.350379 14.061965 12.9456415 10.193 63050395432216196 1152174670 bright_1x1 mwm_galactic_core_dist_apogee_sparse mwm_galactic science 0 0 0.0 0.0 -999 ""
FIBERMAP 1329 R+3C16 BOSS 0 0 0 1 0 0 63.78607676258438 67.32545506818978 143.1 87.47907975918973 30.75718569444701 176.37442 86.146515 -999.0 -999.0 -999.0 -999.0 -999.0 280.2783303250876 -10.43401648630089 280.2984574080742 -10.39911502110367 40.45507576289846 146.1964993528291 -999.0 5400.0 -999.0 1 220 {-999.0 -999.0 -999.0 -999.0 -999.0} "" -999.0 -999.0 -999.0 -999.0 -999 -999 "" "" "" "" 0 0 0.0 0.0 -999 ""
FIBERMAP 1329 R+3C16 METROLOGY 0 0 0 1 0 0 64.36377559516298 66.85367477089343 143.1 87.77749556418944 30.07375291302169 176.37442 86.146515 -999.0 -999.0 -999.0 -999.0 -999.0 280.27966706607344 -10.437074271886667 280.29983386085456 -10.402227362197172 40.45169408220722 146.19687973033987 -999.0 6231.0 -999.0 -1 -999 {-999.0 -999.0 -999.0 -999.0 -999.0} "" -999.0 -999.0 -999.0 -999.0 -999 -999 "" "" "" "" 0 0 0.0 0.0 -999 ""
FIBERMAP 1330 R-3C11 APOGEE 1 1 0 1 0 0 -47.635583319843676 -65.12130465923798 143.1 -72.10717331602842 -36.171530623288675 223.1422 99.43193 279.5381754537901 -10.736775378816564 -4.224789 -7.4999285 -0.1875193 279.53815001060536 -10.736791700333699 279.55949172485384 -10.703884790326855 40.52701709942669 147.22807555462035 16000.0 16600.0 2016.0 2 208 {-999.0 21.942976 18.627169 15.637561 -999.0} sdss_psfmag_ps1 20.336233 15.160184 13.4779 7.864 63050395538932339 1153915034 bright_1x1 mwm_galactic_core_dist_apogee_sparse mwm_galactic science 0 0 0.0 0.0 -999 ""
FIBERMAP 1330 R-3C11 BOSS 0 0 0 1 0 0 -48.21871093146424 -64.67659944269691 143.1 -72.42278128995811 -35.509701404695335 223.1422 99.43193 -999.0 -999.0 -999.0 -999.0 -999.0 279.53677153899775 -10.734001917671723 279.55799447602976 -10.700888603545707 40.53035394077768 147.22796495363377 -999.0 5400.0 -999.0 1 347 {-999.0 -999.0 -999.0 -999.0 -999.0} "" -999.0 -999.0 -999.0 -999.0 -999 -999 "" "" "" "" 0 0 0.0 0.0 -999 ""
FIBERMAP 1330 R-3C11 METROLOGY 0 0 0 1 0 0 -47.54267189811245 -64.3773981850054 143.1 -71.68483769295739 -35.55227307314418 223.1422 99.43193 -999.0 -999.0 -999.0 -999.0 -999.0 279.5401640143581 -10.73414649831111 279.5614175909698 -10.701084135976819 40.528622483451834 147.22416224866882 -999.0 6231.0 -999.0 -1 -999 {-999.0 -999.0 -999.0 -999.0 -999.0} "" -999.0 -999.0 -999.0 -999.0 -999 -999 "" "" "" "" 0 0 0.0 0.0 -999 ""
FIBERMAP 1331 R-10C3 APOGEE 1 1 0 1 0 0 -135.09249928553328 -204.07446391919854 143.1 -213.34850041982838 -119.83064175623144 233.02707 142.86699 278.8865879359837 -11.111816782168956 -2.4663517 -3.408598 -0.03303379 278.8865729668606 -11.111852568977158 278.9091532039477 -11.080461276003033 40.48423078982252 148.20151840374052 16000.0 16600.0 2016.0 2 242 {-999.0 22.14436 19.910522 16.020271 -999.0} sdss_psfmag_ps1 20.481129 15.206049 13.509454 7.317 63050395538827422 1153914425 bright_1x1 mwm_galactic_core_dist_apogee_sparse mwm_galactic science 0 0 0.0 0.0 -999 ""
FIBERMAP 1331 R-10C3 BOSS 0 0 0 1 0 0 -135.7862974275887 -204.32042119917986 143.1 -214.07792720346384 -119.73260162487234 233.02707 142.86699 -999.0 -999.0 -999.0 -999.0 -999.0 278.88332641720626 -11.111597965992315 278.9057975884097 -11.080002099128217 40.486127263738936 148.20510914614886 -999.0 5400.0 -999.0 1 478 {-999.0 -999.0 -999.0 -999.0 -999.0} "" -999.0 -999.0 -999.0 -999.0 -999 -999 "" "" "" "" 0 0 0.0 0.0 -999 ""
FIBERMAP 1331 R-10C3 METROLOGY 0 0 0 1 0 0 -135.65461428840416 -203.5887317572329 143.1 -213.62668393625572 -119.14191529618098 233.02707 142.86699 -999.0 -999.0 -999.0 -999.0 -999.0 278.88536292896845 -11.108890264597314 278.9078575342275 -11.07735089006419 40.48758018840001 148.2011636473072 -999.0 6231.0 -999.0 -1 -999 {-999.0 -999.0 -999.0 -999.0 -999.0} "" -999.0 -999.0 -999.0 -999.0 -999 -999 "" "" "" "" 0 0 0.0 0.0 -999 ""
FIBERMAP 1333 R-5C14 APOGEE 1 1 0 1 0 0 39.11387854558498 -108.09674124912254 143.1 -14.570013515569059 -114.00979967095681 263.1824 56.94762 279.8039245605469 -11.091875178731115 -999.0 -999.0 -999.0 279.8039366331078 -11.091887111753135 279.826036989557 -11.058100402607613 40.09178285521297 147.13957627914735 16000.0 16600.0 2015.5 2 195 {-999.0 -999.0 -999.0 -999.0 -999.0} "" -999.0 -999.0 -999.0 -999.0 27021603147972449 848944370 "" ops_sky_apogee_good ops_sky sky_apogee 0 0 0.0 0.0 -999 ""
FIBERMAP 1333 R-5C14 BOSS 0 0 0 1 0 0 38.55424297213618 -107.60327434787757 143.1 -14.842459698242727 -113.31532556881504 263.1824 56.94762 -999.0 -999.0 -999.0 -999.0 -999.0 279.80278782266026 -11.088996501494778 279.82476677017416 -11.054999798805957 40.095107583621875 147.13913483828773 -999.0 5400.0 -999.0 1 325 {-999.0 -999.0 -999.0 -999.0 -999.0} "" -999.0 -999.0 -999.0 -999.0 -999 -999 "" "" "" "" 0 0 0.0 0.0 -999 ""
FIBERMAP 1333 R-5C14 METROLOGY 0 0 0 1 0 0 39.270041885033585 -107.36229007317891 143.1 -14.095734687267804 -113.42783536512144 263.1824 56.94762 -999.0 -999.0 -999.0 -999.0 -999.0 279.80621901923774 -11.089447637350336 279.8282299669972 -11.055502487848305 40.09308231840649 147.13550660100816 -999.0 6231.0 -999.0 -1 -999 {-999.0 -999.0 -999.0 -999.0 -999.0} "" -999.0 -999.0 -999.0 -999.0 -999 -999 "" "" "" "" 0 0 0.0 0.0 -999 ""
FIBERMAP 1334 R-4C16 APOGEE 0 0 0 1 0 0 83.58636257307099 -92.73367044203495 143.1 32.00233561452008 -120.65245390330476 270.2603 93.02535 -999.0 -999.0 -999.0 -999.0 -999.0 280.01984600709244 -11.122541536884935 280.04191958819496 -11.088172938639344 39.96638109198605 146.91313205490678 -999.0 16600.0 -999.0 2 -999 {-999.0 -999.0 -999.0 -999.0 -999.0} "" -999.0 -999.0 -999.0 -999.0 -999 -999 "" "" "" "" 0 0 0.0 0.0 -999 ""
FIBERMAP 1334 R-4C16 BOSS 1 1 0 1 0 0 82.83321343575716 -92.7830552799645 143.1 31.309879565209297 -120.35246632674189 270.2603 93.02535 280.01675310105514 -11.121425170478133 -1.5432307 -3.9881713 0.17198925 280.01676854153186 -11.121443865804315 280.0387248745206 -11.086868808268846 39.969000219334085 146.91595163152746 5400.0 5400.0 2016.0 1 283 {-999.0 19.154028 17.865665 17.25829 -999.0} sdss_psfmag_ps1 18.648184 17.78088 16.832146 14.965 63050395430599198 980269842 "" ops_std_boss_red ops_std standard_boss 0 0 0.0 0.0 -999 ""
FIBERMAP 1334 R-4C16 METROLOGY 0 0 0 1 0 0 83.16533420113572 -92.11771826001322 143.1 31.909107711471552 -119.9123254045072 270.2603 93.02535 -999.0 -999.0 -999.0 -999.0 -999.0 280.01951725280617 -11.119379035826235 280.0415000022011 -11.084858811364638 39.96950287097244 146.91158408290312 -999.0 6231.0 -999.0 -1 -999 {-999.0 -999.0 -999.0 -999.0 -999.0} "" -999.0 -999.0 -999.0 -999.0 -999 -999 "" "" "" "" 0 0 0.0 0.0 -999 ""
FIBERMAP 1335 R-7C1 APOGEE 1 1 0 1 0 0 -231.37045585820343 -129.81814781755207 143.1 -265.07705688839945 -9.817858861966455 208.86717 61.55399 278.6524684261214 -10.611944272331408 -1.662472 -2.3154104 0.03860773 278.65246190316105 -10.611975556701848 278.67389889760165 -10.581454238758974 41.03380972400563 148.1764356953831 16000.0 16600.0 2016.0 2 260 {-999.0 24.244833 19.984777 17.556522 -999.0} sdss_psfmag_ps1 21.244621 17.759922 16.18932 10.797 63050395539230493 1153917549 bright_1x1 mwm_galactic_core_dist_apogee_sparse mwm_galactic science 0 0 0.0 0.0 -999 ""
FIBERMAP 1335 R-7C1 BOSS 0 0 0 1 0 0 -231.36668261454574 -129.07120313369526 143.1 -264.73261984473135 -9.155195325209247 208.86717 61.55399 -999.0 -999.0 -999.0 -999.0 -999.0 278.6541385486247 -10.609197885506976 278.67546027721374 -10.578464401507262 41.035785732669225 148.17283174552054 -999.0 5400.0 -999.0 1 500 {-999.0 -999.0 -999.0 -999.0 -999.0} "" -999.0 -999.0 -999.0 -999.0 -999 -999 "" "" "" "" 0 0 0.0 0.0 -999 ""
FIBERMAP 1335 R-7C1 METROLOGY 0 0 0 1 0 0 -230.72104705381187 -129.45038806681913 143.1 -264.3314939540368 -9.787289370693648 208.86717 61.55399 -999.0 -999.0 -999.0 -999.0 -999.0 278.65591240380985 -10.612011339296068 278.6772708360367 -10.581331037944405 41.032424471673906 148.1724404007468 -999.0 6231.0 -999.0 -1 -999 {-999.0 -999.0 -999.0 -999.0 -999.0} "" -999.0 -999.0 -999.0 -999.0 -999 -999 "" "" "" "" 0 0 0.0 0.0 -999 ""
FIBERMAP 1336 R-9C8 APOGEE 1 1 0 1 0 0 -43.888528227468996 -158.24206491100506 143.1 -111.2964407460123 -120.71089335248644 167.10536 62.128124 279.35587099237046 -11.120067009246215 0.8629819 -1.8483903 1.4720513 279.35588043075614 -11.120073440413087 279.37826261583314 -11.087446932828387 40.26859166943108 147.6675336640657 16000.0 16600.0 2016.0 2 173 {-999.0 12.861795 11.971092 11.458642 -999.0} sdss_psfmag_from_g3xp 12.577034 11.887939 11.064327 9.686 63050395538802701 975042178 "" ops_std_apogee ops_std standard_apogee 0 0 0.0 0.0 -999 ""
FIBERMAP 1336 R-9C8 BOSS 0 0 0 1 0 0 -43.41547779080209 -157.67546983910833 143.1 -110.61694857315786 -120.4229340236083 167.10536 62.128124 -999.0 -999.0 -999.0 -999.0 -999.0 279.3590947730613 -11.119045966241442 279.381360419281 -11.086197541720535 40.268308862089384 147.66324215297215 -999.0 5400.0 -999.0 1 383 {-999.0 -999.0 -999.0 -999.0 -999.0} "" -999.0 -999.0 -999.0 -999.0 -999 -999 "" "" "" "" 0 0 0.0 0.0 -999 ""
FIBERMAP 1336 R-9C8 METROLOGY 0 0 0 1 0 0 -43.15098603535439 -158.37383245359393 143.1 -110.70058710027932 -121.16488426288909 167.10536 62.128124 -999.0 -999.0 -999.0 -999.0 -999.0 279.3586790904323 -11.122337910773636 279.380985013552 -11.089549505419669 40.26549853036236 147.66568462671125 -999.0 6231.0 -999.0 -1 -999 {-999.0 -999.0 -999.0 -999.0 -999.0} "" -999.0 -999.0 -999.0 -999.0 -999 -999 "" "" "" "" 0 0 0.0 0.0 -999 ""
FIBERMAP 1338 R-8C12 APOGEE 0 0 0 1 0 0 53.89755338322827 -149.27539670735962 143.1 -20.223947993162245 -157.38780756519563 16.146929 133.36891 -999.0 -999.0 -999.0 -999.0 -999.0 279.7772693684275 -11.288452347353152 279.7998717739643 -11.254633272714857 39.92961250684576 147.28835282530812 -999.0 16600.0 -999.0 2 -999 {-999.0 -999.0 -999.0 -999.0 -999.0} "" -999.0 -999.0 -999.0 -999.0 -999 -999 "" "" "" "" 0 0 0.0 0.0 -999 ""
FIBERMAP 1338 R-8C12 BOSS 1 1 0 1 0 0 54.52771865013693 -149.63818107567025 143.1 -19.829093432038192 -157.99824949152207 16.146929 133.36891 279.77920532226557 -11.291506793642242 -999.0 -999.0 -999.0 279.7792008826707 -11.291494135103664 279.8016947969224 -11.257452422787605 39.926285800019556 147.28798999135768 5400.0 5400.0 2015.5 1 382 {-999.0 -999.0 -999.0 -999.0 -999.0} "" -999.0 -999.0 -999.0 -999.0 27021603147972214 852646685 "" ops_sky_boss_fallback ops_sky sky_boss 0 0 0.0 0.0 -999 ""
FIBERMAP 1338 R-8C12 METROLOGY 0 0 0 1 0 0 53.90047532078539 -150.02148882150686 143.1 -20.562040546372426 -158.05277001684453 16.146929 133.36891 -999.0 -999.0 -999.0 -999.0 -999.0 279.77577159768003 -11.291656602752983 279.7983001989684 -11.257685009162799 39.92762219517971 147.29197785902443 -999.0 6231.0 -999.0 -1 -999 {-999.0 -999.0 -999.0 -999.0 -999.0} "" -999.0 -999.0 -999.0 -999.0 -999 -999 "" "" "" "" 0 0 0.0 0.0 -999 ""
FIBERMAP 1339 R-4C7 APOGEE 1 1 0 1 0 0 -104.81775681328337 -60.784802991463366 143.1 -120.98892987078578 -6.202969327101462 105.93474 71.4152 279.3125840426612 -10.59932767722137 -3.2244885 -7.224376 -0.2803035 279.31258117216527 -10.599357118530556 279.33368523139944 -10.56711165961543 40.75085144469714 147.40417547669662 16000.0 16600.0 2016.0 2 259 {-999.0 24.799772 24.963842 18.822561 -999.0} sdss_psfmag_ps1 21.839676 17.713358 15.717706 8.858 63050395539022915 1153915613 bright_1x1 mwm_galactic_core_dist_apogee_sparse mwm_galactic science 0 0 0.0 0.0 -999 ""
FIBERMAP 1339 R-4C7 BOSS 0 0 0 1 0 0 -104.07890118825401 -60.80758384041755 143.1 -120.3421408587777 -6.56061936244839 105.93474 71.4152 -999.0 -999.0 -999.0 -999.0 -999.0 279.31561633598625 -10.601211635266909 279.33661262135615 -10.56874714900758 40.74807383612007 147.40179906583288 -999.0 5400.0 -999.0 1 460 {-999.0 -999.0 -999.0 -999.0 -999.0} "" -999.0 -999.0 -999.0 -999.0 -999 -999 "" "" "" "" 0 0 0.0 0.0 -999 ""
FIBERMAP 1339 R-4C7 METROLOGY 0 0 0 1 0 0 -104.46237788737263 -61.45308546384672 143.1 -120.9779911503816 -6.959666350432907 105.93474 71.4152 -999.0 -999.0 -999.0 -999.0 -999.0 279.3126518998544 -10.602954524267274 279.33368535718574 -10.570556461108788 40.747794103894705 147.4062706393527 -999.0 6231.0 -999.0 -1 -999 {-999.0 -999.0 -999.0 -999.0 -999.0} "" -999.0 -999.0 -999.0 -999.0 -999 -999 "" "" "" "" 0 0 0.0 0.0 -999 ""
FIBERMAP 1340 R+9C17 APOGEE 0 0 0 1 0 0 179.03608311273575 193.1620766180734 143.1 247.4521220626907 90.05821218867801 129.0397 27.570896 -999.0 -999.0 -999.0 -999.0 -999.0 281.0114135422735 -10.166475186215633 281.03064731904453 -10.130002155287476 40.343940976929495 145.19718374774698 -999.0 16600.0 -999.0 2 -999 {-999.0 -999.0 -999.0 -999.0 -999.0} "" -999.0 -999.0 -999.0 -999.0 -999 -999 "" "" "" "" 0 0 0.0 0.0 -999 ""
FIBERMAP 1340 R+9C17 BOSS 1 1 0 1 0 0 179.72131514927156 192.8837663831884 143.1 247.93453080357207 89.49776225874177 129.0397 27.570896 281.0137667894971 -10.169231620772294 -3.6513293 -0.43567717 0.46733055 281.01374455264107 -10.169222492143401 281.032865020109 -10.132532260443648 40.34066757854994 145.1963013668418 5400.0 5400.0 2016.0 1 240 {-999.0 17.783339 16.620438 16.082079 -999.0} sdss_psfmag_ps1 17.305191 16.540771 15.639852 13.894 63050395432630811 980270090 "" ops_std_boss_red ops_std standard_boss 0 0 0.0 0.0 -999 ""
FIBERMAP 1340 R+9C17 METROLOGY 0 0 0 1 0 0 179.13144816814486 192.42209858683287 143.1 247.19904699512782 89.3564753100567 129.0397 27.570896 -999.0 -999.0 -999.0 -999.0 -999.0 281.01037669348705 -10.169788920649479 281.0295338905979 -10.133166638536165 40.34171238022133 145.20046344419183 -999.0 6231.0 -999.0 -1 -999 {-999.0 -999.0 -999.0 -999.0 -999.0} "" -999.0 -999.0 -999.0 -999.0 -999 -999 "" "" "" "" 0 0 0.0 0.0 -999 ""
FIBERMAP 1341 R-6C4 APOGEE 0 0 0 1 0 0 -144.13361055647425 -110.97129849028371 143.1 -178.8761831883416 -32.88947947216547 30.94959 110.36021 -999.0 -999.0 -999.0 -999.0 -999.0 279.0454369997818 -10.7192665949387 279.0669629890731 -10.687660243893898 40.7639150985056 147.78470058000013 -999.0 16600.0 -999.0 2 -999 {-999.0 -999.0 -999.0 -999.0 -999.0} "" -999.0 -999.0 -999.0 -999.0 -999 -999 "" "" "" "" 0 0 0.0 0.0 -999 ""
FIBERMAP 1341 R-6C4 BOSS 1 1 0 1 0 0 -143.54324581372708 -111.41801014598495 143.1 -178.55505419718065 -33.55639808768331 30.94959 110.36021 279.04697105007125 -10.722482304417715 -5.086974 -21.270891 2.772655 279.0469545900957 -10.722526107934598 279.0683781478914 -10.690703511246605 40.76057256947083 147.7848997245047 5400.0 5400.0 2016.0 1 453 {-999.0 17.725689 15.98225 15.045276 -999.0} sdss_psfmag_ps1 16.987555 15.64557 14.526434 12.075 63050395539013105 917199737 bright_3x1 mwm_yso_pms_boss_sagitta_edr3 mwm_yso science 0 0 0.0 0.0 -999 ""
FIBERMAP 1341 R-6C4 METROLOGY 0 0 0 1 0 0 -144.23602632906972 -111.71033366538398 143.1 -179.30474826314722 -33.50006412092107 30.94959 110.36021 -999.0 -999.0 -999.0 -999.0 -999.0 279.04349173284265 -10.722186331368588 279.06494718222524 -10.690432675328061 40.76235151439764 147.78869761924236 -999.0 6231.0 -999.0 -1 -999 {-999.0 -999.0 -999.0 -999.0 -999.0} "" -999.0 -999.0 -999.0 -999.0 -999 -999 "" "" "" "" 0 0 0.0 0.0 -999 ""
FIBERMAP 1342 R+2C4 APOGEE 0 0 0 1 0 0 -213.78164841046578 26.529108228374287 143.1 -178.03872206819415 121.21701932231072 253.4802 85.73445 -999.0 -999.0 -999.0 -999.0 -999.0 279.0540221039993 -10.019930682126109 279.07380073210777 -9.988655393647102 41.382070404021476 147.35172899896435 -999.0 16600.0 -999.0 2 -999 {-999.0 -999.0 -999.0 -999.0 -999.0} "" -999.0 -999.0 -999.0 -999.0 -999 -999 "" "" "" "" 0 0 0.0 0.0 -999 ""
FIBERMAP 1342 R+2C4 BOSS 1 1 0 1 0 0 -214.47113053062947 26.77425394618069 143.1 -178.54005520902354 121.7499110718904 253.4802 85.73445 279.05180795405454 -10.017712558861279 1.6609856 -0.31218916 0.6997642 279.0518232326164 -10.01770054649632 279.07148901341253 -9.986226629680614 41.38527484775891 147.35293128297138 5400.0 5400.0 2016.0 1 35 {-999.0 17.97822 16.368168 15.449856 -999.0} sdss_psfmag_ps1 17.275936 16.020578 14.928502 12.728 63050395540266629 917199785 bright_4x1 mwm_yso_pms_boss_sagitta_edr3 mwm_yso science 0 0 0.0 0.0 -999 ""
FIBERMAP 1342 R+2C4 METROLOGY 0 0 0 1 0 0 -213.91412485965594 27.26335067533698 143.1 -177.82127562037925 121.9306009076756 253.4802 85.73445 -999.0 -999.0 -999.0 -999.0 -999.0 279.0550967964484 -10.016831921826743 279.07478961827223 -9.985408102874379 41.38450404302099 147.34858327296416 -999.0 6231.0 -999.0 -1 -999 {-999.0 -999.0 -999.0 -999.0 -999.0} "" -999.0 -999.0 -999.0 -999.0 -999 -999 "" "" "" "" 0 0 0.0 0.0 -999 ""
FIBERMAP 1345 R-1C16 APOGEE 1 1 0 1 0 0 42.614381060341884 -28.602872310818217 143.1 24.843243734203046 -44.90066409207794 234.67125 94.84174 279.98752841776485 -10.777932091033444 -2.4200933 -5.5002246 0.12139779 279.9875076489223 -10.777957246022082 280.00874062864824 -10.74385165498204 40.285826101104966 146.73975982040116 16000.0 16600.0 2016.0 2 231 {-999.0 20.941809 18.91073 15.918163 -999.0} sdss_psfmag_ps1 19.943066 16.20121 14.52555 9.557 63050395432090694 1153727102 bright_1x1 mwm_galactic_core_dist_apogee_sparse mwm_galactic science 0 0 0.0 0.0 -999 ""
FIBERMAP 1345 R-1C16 BOSS 0 0 0 1 0 0 41.96798971137092 -28.221930237452053 143.1 24.44224796205917 -44.26666200007635 234.67125 94.84174 -999.0 -999.0 -999.0 -999.0 -999.0 279.98578311091603 -10.775303081903303 280.00689535452017 -10.740990906742802 40.28920309264127 146.7400979953778 -999.0 5400.0 -999.0 1 281 {-999.0 -999.0 -999.0 -999.0 -999.0} "" -999.0 -999.0 -999.0 -999.0 -999 -999 "" "" "" "" 0 0 0.0 0.0 -999 ""
FIBERMAP 1345 R-1C16 METROLOGY 0 0 0 1 0 0 42.61678027644343 -27.849198824756726 143.1 25.189531223015308 -44.2313880441889 234.67125 94.84174 -999.0 -999.0 -999.0 -999.0 -999.0 279.989214033925 -10.775084608432373 280.01035667793394 -10.74082376505258 40.287754326019495 146.73605869003453 -999.0 6231.0 -999.0 -1 -999 {-999.0 -999.0 -999.0 -999.0 -999.0} "" -999.0 -999.0 -999.0 -999.0 -999 -999 "" "" "" "" 0 0 0.0 0.0 -999 ""
FIBERMAP 1346 R+3C6 APOGEE 0 0 0 1 0 0 -133.7376369766144 51.50554254787559 143.1 -95.43669303256625 106.88199156307716 334.33865 114.30625 -999.0 -999.0 -999.0 -999.0 -999.0 279.43313381393017 -10.08543251611664 279.4529038366095 -10.053131323107735 41.152013911274395 146.95127715875412 -999.0 16600.0 -999.0 2 -999 {-999.0 -999.0 -999.0 -999.0 -999.0} "" -999.0 -999.0 -999.0 -999.0 -999 -999 "" "" "" "" 0 0 0.0 0.0 -999 ""
FIBERMAP 1346 R+3C6 BOSS 1 1 0 1 0 0 -133.75237075307675 50.775032898243374 143.1 -95.78337435882312 106.23895149177059 334.33865 114.30625 279.43127013886794 -10.088541494175795 0.97980887 -1.3147913 0.4324363 279.4315892583355 -10.088512336292592 279.45125723120265 -10.056007054017737 41.15022412088039 146.95496122112758 5400.0 5400.0 2016.0 1 39 {-999.0 14.167966 13.3648615 12.918469 -999.0} sdss_psfmag_from_g3xp 13.916113 13.304065 12.517666 10.997 63050395539673463 1093189092 bright_3x1 mwm_astar_core_boss mwm_ob science 0 0 1.0624713897705078 0.0 -999 ""
FIBERMAP 1346 R+3C6 METROLOGY 0 0 0 1 0 0 -134.38641991952164 51.1371098219887 143.1 -96.18200658433362 106.85053768905412 334.33865 114.30625 -999.0 -999.0 -999.0 -999.0 -999.0 279.4297435109504 -10.085682022050563 279.44943659006407 -10.053241557690832 41.153506270807696 146.9553577825429 -999.0 6231.0 -999.0 -1 -999 {-999.0 -999.0 -999.0 -999.0 -999.0} "" -999.0 -999.0 -999.0 -999.0 -999 -999 "" "" "" "" 0 0 0.0 0.0 -999 ""
FIBERMAP 1349 R-5C10 APOGEE 1 1 0 1 0 0 -21.62463568675493 -100.36865904538574 143.1 -65.0663229884808 -79.4005732533787 341.10776 122.11229 279.5702128195953 -10.933697498305701 -3.257854 -3.2767615 0.14298019 279.5702122729132 -10.933680442848587 279.5920292031227 -10.900588272673373 40.337859484757914 147.3104682724326 16000.0 16600.0 2016.0 2 289 {-999.0 19.198084 16.297571 14.829959 -999.0} sdss_psfmag_ps1 17.553686 15.449959 14.115928 10.437 63050395538865162 1153914827 bright_1x1 mwm_galactic_core_dist_apogee_sparse mwm_galactic science 0 0 0.0 0.0 -999 ""
FIBERMAP 1349 R-5C10 BOSS 0 0 0 1 0 0 -21.45904620748884 -101.10786150989368 143.1 -65.25658123264539 -80.13368719442329 341.10776 122.11229 -999.0 -999.0 -999.0 -999.0 -999.0 279.56940297539757 -10.93726238912629 279.591116065151 -10.9039574927191 40.33528691194071 147.31355541483762 -999.0 5400.0 -999.0 1 398 {-999.0 -999.0 -999.0 -999.0 -999.0} "" -999.0 -999.0 -999.0 -999.0 -999 -999 "" "" "" "" 0 0 0.0 0.0 -999 ""
FIBERMAP 1349 R-5C10 METROLOGY 0 0 0 1 0 0 -22.16647922598171 -100.88644670499568 143.1 -65.78471755636454 -79.61370642938495 341.10776 122.11229 -999.0 -999.0 -999.0 -999.0 -999.0 279.5669359684908 -10.934818611689593 279.5886762071918 -10.901581820746044 40.338501236079864 147.3149009173197 -999.0 6231.0 -999.0 -1 -999 {-999.0 -999.0 -999.0 -999.0 -999.0} "" -999.0 -999.0 -999.0 -999.0 -999 -999 "" "" "" "" 0 0 0.0 0.0 -999 ""
FIBERMAP 1351 R-3C8 APOGEE 0 0 0 1 0 0 -120.26101068909404 -64.45113206071605 143.1 -136.3994478688116 -2.4121417818328013 250.7535 52.08102 -999.0 -999.0 -999.0 -999.0 -999.0 279.24154894249375 -10.581780184145957 279.2626419157054 -10.549729856149275 40.79843262656821 147.47548105842347 -999.0 16600.0 -999.0 2 -999 {-999.0 -999.0 -999.0 -999.0 -999.0} "" -999.0 -999.0 -999.0 -999.0 -999 -999 "" "" "" "" 0 0 0.0 0.0 -999 ""
FIBERMAP 1351 R-3C8 BOSS 1 1 0 1 0 0 -120.67851135554821 -63.827820179206725 143.1 -136.48617728187088 -1.6670779076173694 250.7535 52.08102 279.2409169709296 -10.578575619328697 -0.95991635 -1.4822868 -0.7755334 279.2412168518767 -10.578599221271244 279.26219149949634 -10.546341536853673 40.80164501446436 147.47394200817595 5400.0 5400.0 2016.0 1 469 {-999.0 14.390334 13.440662 12.879858 -999.0} sdss_psfmag_from_g3xp 14.027302 13.481681 12.492802 10.99 63050395539025244 1093189065 bright_3x1 mwm_astar_core_boss mwm_ob science 0 0 1.0706747770309448 0.0 -999 ""
FIBERMAP 1351 R-3C8 METROLOGY 0 0 0 1 0 0 -119.92985653778342 -63.78255229091924 143.1 -135.79959874684502 -1.9686751342536328 250.7535 52.08102 -999.0 -999.0 -999.0 -999.0 -999.0 279.24435644622173 -10.579926553480473 279.2653642728624 -10.547719422175666 40.798986949171734 147.47112031859731 -999.0 6231.0 -999.0 -1 -999 {-999.0 -999.0 -999.0 -999.0 -999.0} "" -999.0 -999.0 -999.0 -999.0 -999 -999 "" "" "" "" 0 0 0.0 0.0 -999 ""
FIBERMAP 1353 R-12C3 APOGEE 0 0 0 1 0 0 -132.68178361854115 -235.22692275155313 143.1 -225.42952899236528 -148.6407042086745 245.73663 43.797955 -999.0 -999.0 -999.0 -999.0 -999.0 278.83152642041824 -11.241080074135589 278.85445557681527 -11.209766374585975 40.39299272280546 148.34103472250428 -999.0 16600.0 -999.0 2 -999 {-999.0 -999.0 -999.0 -999.0 -999.0} "" -999.0 -999.0 -999.0 -999.0 -999 -999 "" "" "" "" 0 0 0.0 0.0 -999 ""
FIBERMAP 1353 R-12C3 BOSS 1 1 0 1 0 0 -132.9339762581647 -234.51051577469786 143.1 -225.32671106196662 -147.88832021355822 245.73663 43.797955 278.8320927873647 -11.237860517773997 -0.33709177 -1.6912405 0.29601017 278.83209545837207 -11.237916123417579 278.8549064678187 -11.206388486363734 40.395810362141745 148.3385204785993 5400.0 5400.0 2016.0 1 350 {-999.0 16.411783 15.150513 14.4129 -999.0} sdss_psfmag_ps1 15.902213 14.945943 13.963037 12.145 63050395538671690 1093370279 bright_3x1 mwm_astar_core_boss mwm_ob science 0 0 0.0 0.0 -999 ""
FIBERMAP 1353 R-12C3 METROLOGY 0 0 0 1 0 0 -132.20041715853816 -234.65688037444775 143.1 -224.74106578882663 -148.35347598232414 245.73663 43.797955 -999.0 -999.0 -999.0 -999.0 -999.0 278.8347402773646 -11.23998356498497 278.85758638607757 -11.208508572517134 40.392734144896515 148.33669056741775 -999.0 6231.0 -999.0 -1 -999 {-999.0 -999.0 -999.0 -999.0 -999.0} "" -999.0 -999.0 -999.0 -999.0 -999 -999 "" "" "" "" 0 0 0.0 0.0 -999 ""
FIBERMAP 1354 R+3C8 APOGEE 0 0 0 1 0 0 -94.43250563707733 71.57837365153871 143.1 -51.30992056591651 106.78813063218651 79.15662 102.145065 -999.0 -999.0 -999.0 -999.0 -999.0 279.6368324299704 -10.086306418431366 279.656511558897 -10.053471318775175 41.05804935085506 146.71624529855913 -999.0 16600.0 -999.0 2 -999 {-999.0 -999.0 -999.0 -999.0 -999.0} "" -999.0 -999.0 -999.0 -999.0 -999 -999 "" "" "" "" 0 0 0.0 0.0 -999 ""
FIBERMAP 1354 R+3C8 BOSS 1 1 0 1 0 0 -93.66540440254818 71.5815620192022 143.1 -50.62614942453003 106.44068156814008 79.15662 102.145065 279.64008832481426 -10.08806738896964 -0.35153958 0.2410544 0.29758534 279.64007274850087 -10.088050889067022 279.65964323061434 -10.05499952187736 41.05525417867927 146.71358277558545 5400.0 5400.0 2016.0 1 52 {-999.0 18.266691 16.810133 16.095089 15.49995} sdss_psfmag_from_ps1dr2 17.6638 16.7147 15.706 13.75 63050395539636076 1040006853 "" ops_std_boss_ps1dr2 ops_std standard_boss 0 0 0.0 0.0 -999 ""
FIBERMAP 1354 R+3C8 METROLOGY 0 0 0 1 0 0 -94.04298201606834 70.94202993216385 143.1 -51.25402674614033 106.04425058974016 79.15662 102.145065 -999.0 -999.0 -999.0 -999.0 -999.0 279.63713675116026 -10.08979518652301 279.6567445128967 -10.056809258821819 41.054993173124586 146.718051122001 -999.0 6231.0 -999.0 -1 -999 {-999.0 -999.0 -999.0 -999.0 -999.0} "" -999.0 -999.0 -999.0 -999.0 -999 -999 "" "" "" "" 0 0 0.0 0.0 -999 ""
FIBERMAP 1355 R0C10 APOGEE 0 0 0 1 0 0 -109.4972232343529 9.786554084845584 143.1 -92.92585594876614 58.70509751837786 228.62437 20.485945 -999.0 -999.0 -999.0 -999.0 -999.0 279.4435462177504 -10.304412072344805 279.4638558955857 -10.271973201527913 40.95327061887381 147.07360054546507 -999.0 16600.0 -999.0 2 -999 {-999.0 -999.0 -999.0 -999.0 -999.0} "" -999.0 -999.0 -999.0 -999.0 -999 -999 "" "" "" "" 0 0 0.0 0.0 -999 ""
FIBERMAP 1355 R0C10 BOSS 1 1 0 1 0 0 -109.24142790827466 10.48722298663672 143.1 -92.37838339622239 59.211518009975286 228.62437 20.485945 279.4457878109058 -10.302311387557033 12.620402 -0.24952425 3.24579 279.4461528520704 -10.302296144109128 279.46634509430146 -10.269643362389688 40.95419600599206 147.06929555412094 5400.0 5400.0 2016.0 1 491 {-999.0 14.713014 13.514883 13.001053 -999.0} sdss_psfmag_gaia 14.274282 13.4961195 12.624592 10.956 63050395539606246 1077960944 bright_flexible_2x1 mwm_snc_ext_main_boss mwm_snc science 0 0 1.0261266231536865 0.0 -999 ""
FIBERMAP 1355 R0C10 METROLOGY 0 0 0 1 0 0 -108.76052774600099 9.904629221744667 143.1 -92.21666858994324 58.473721359872 228.62437 20.485945 -999.0 -999.0 -999.0 -999.0 -999.0 279.4468603963102 -10.305601420708422 279.4670919756196 -10.273004083907965 40.950878537533505 147.07050106544042 -999.0 6231.0 -999.0 -1 -999 {-999.0 -999.0 -999.0 -999.0 -999.0} "" -999.0 -999.0 -999.0 -999.0 -999 -999 "" "" "" "" 0 0 0.0 0.0 -999 ""
FIBERMAP 1356 R+8C9 APOGEE 0 0 0 1 0 0 -12.20352824439887 163.5594811782409 143.1 63.832232602273116 151.05416567503693 42.943794 114.40425 -999.0 -999.0 -999.0 -999.0 -999.0 280.1690174826623 -9.887018028963197 280.18795778754935 -9.852889963043179 40.98712297805123 145.9792076194088 -999.0 16600.0 -999.0 2 -999 {-999.0 -999.0 -999.0 -999.0 -999.0} "" -999.0 -999.0 -999.0 -999.0 -999 -999 "" "" "" "" 0 0 0.0 0.0 -999 ""
FIBERMAP 1356 R+8C9 BOSS 1 1 0 1 0 0 -11.489146058916585 163.25806019630244 143.1 64.33001642161051 150.45984840909227 42.943794 114.40425 280.17143302796154 -9.889867865406213 4.19104 -3.2416425 0.5004909 280.17144959354596 -9.889870199306761 280.1902820180697 -9.855528026119147 40.98371162941832 145.97821107990148 5400.0 5400.0 2016.0 1 123 {-999.0 18.458113 17.178566 16.575089 16.088816} sdss_psfmag_from_ps1dr2 17.9131 17.1142 16.1605 14.325 63050395539723964 1040007151 "" ops_std_boss_ps1dr2 ops_std standard_boss 0 0 0.0 0.0 -999 ""
FIBERMAP 1356 R+8C9 METROLOGY 0 0 0 1 0 0 -12.100829689020212 162.82048524642875 143.1 63.586128939716794 150.34995361612607 42.943794 114.40425 -999.0 -999.0 -999.0 -999.0 -999.0 280.16798363341366 -9.890306619429317 280.1868510053009 -9.85603176500785 40.984883163297724 145.98246420657838 -999.0 6231.0 -999.0 -1 -999 {-999.0 -999.0 -999.0 -999.0 -999.0} "" -999.0 -999.0 -999.0 -999.0 -999 -999 "" "" "" "" 0 0 0.0 0.0 -999 ""
FIBERMAP 1357 R+3C5 APOGEE 1 1 0 1 0 0 -154.4912081801816 49.28689341061839 143.1 -114.90952979720696 114.38536522662142 351.37177 90.08041 279.3436379529592 -10.05120354535136 -3.2043197 -6.2482557 -0.15272474 279.3436169328811 -10.051223426451658 279.36334261734225 -10.01917387246638 41.22309857855129 147.0340230692844 16000.0 16600.0 2016.0 2 148 {-999.0 23.168531 20.019007 17.372738 -999.0} sdss_psfmag_ps1 21.313303 17.574621 15.856945 10.246 63050395539676969 1153919301 bright_1x1 mwm_galactic_core_dist_apogee_sparse mwm_galactic science 0 0 0.0 0.0 -999 ""
FIBERMAP 1357 R+3C5 BOSS 0 0 0 1 0 0 -154.59524761911857 48.54693095149687 143.1 -115.33996250812858 113.77469720687192 351.37177 90.08041 -999.0 -999.0 -999.0 -999.0 -999.0 279.34168443206426 -10.054155382993072 279.361308420736 -10.021903216495987 41.22161243026752 147.0380673438604 -999.0 5400.0 -999.0 1 40 {-999.0 -999.0 -999.0 -999.0 -999.0} "" -999.0 -999.0 -999.0 -999.0 -999 -999 "" "" "" "" 0 0 0.0 0.0 -999 ""
FIBERMAP 1357 R+3C5 METROLOGY 0 0 0 1 0 0 -155.18121749059983 49.00528310338849 143.1 -115.6518669292006 114.4499628694929 351.37177 90.08041 -999.0 -999.0 -999.0 -999.0 -999.0 279.3402460816878 -10.051040055881225 279.35989412160006 -10.018851673417355 41.22496169556022 147.03782211555327 -999.0 6231.0 -999.0 -1 -999 {-999.0 -999.0 -999.0 -999.0 -999.0} "" -999.0 -999.0 -999.0 -999.0 -999 -999 "" "" "" "" 0 0 0.0 0.0 -999 ""
FIBERMAP 1358 R-3C14 APOGEE 1 1 0 1 0 0 39.35763583780724 -50.58070194775826 143.1 11.910620146985346 -62.96218973451264 22.01143 143.72926 279.92734936763316 -10.860094362043776 -1.4568014 -3.8608954 0.14911988 279.92733427235464 -10.86007607843323 279.94879969899364 -10.826085853931257 40.24078465984838 146.85843442338484 16000.0 16600.0 2016.0 2 215 {-999.0 17.10424 14.850229 16.893475 -999.0} sdss_psfmag_ps1 15.953778 14.313318 13.098168 9.914 63050395432082817 1153727002 bright_1x1 mwm_galactic_core_dist_apogee_sparse mwm_galactic science 0 0 0.0 0.0 -999 ""
FIBERMAP 1358 R-3C14 BOSS 0 0 0 1 0 0 40.084450157728334 -50.75073027548179 143.1 12.479460447184298 -63.44531383110466 22.01143 143.72926 -999.0 -999.0 -999.0 -999.0 -999.0 279.9300884620045 -10.862529381999844 279.9514437991301 -10.828317650548996 40.2375968619868 146.85679642793914 -999.0 5400.0 -999.0 1 264 {-999.0 -999.0 -999.0 -999.0 -999.0} "" -999.0 -999.0 -999.0 -999.0 -999 -999 "" "" "" "" 0 0 0.0 0.0 -999 ""
FIBERMAP 1358 R-3C14 METROLOGY 0 0 0 1 0 0 39.57656268506426 -51.298418695383994 143.1 11.777615132330741 -63.70054841979123 22.01143 143.72926 -999.0 -999.0 -999.0 -999.0 -999.0 279.92679633864344 -10.863617047292824 279.9481885039997 -10.829473748811909 40.238071708123336 146.86120660880204 -999.0 6231.0 -999.0 -1 -999 {-999.0 -999.0 -999.0 -999.0 -999.0} "" -999.0 -999.0 -999.0 -999.0 -999 -999 "" "" "" "" 0 0 0.0 0.0 -999 ""
FIBERMAP 1359 R-7C12 APOGEE 1 1 0 1 0 0 48.44830640619328 -151.3795724787613 143.1 -26.031741320802748 -156.7710982546287 19.906551 34.26365 279.75036621093744 -11.285563383429476 -999.0 -999.0 -999.0 279.7503549363759 -11.285563109753706 279.77296300084924 -11.25181611866432 39.94433244858201 147.31715677246407 16000.0 16600.0 2015.5 2 161 {-999.0 -999.0 -999.0 -999.0 -999.0} "" -999.0 -999.0 -999.0 -999.0 27021603147972221 848944295 "" ops_sky_apogee_good ops_sky sky_apogee 0 0 0.0 0.0 -999 ""
FIBERMAP 1359 R-7C12 BOSS 0 0 0 1 0 0 48.01365903895386 -151.96863017869833 143.1 -26.687332246051728 -157.09657364007452 19.906551 34.26365 -999.0 -999.0 -999.0 -999.0 -999.0 279.74741773579683 -11.28729707276853 279.7699165595047 -11.253340977073986 39.9443640325936 147.32153199127407 -999.0 5400.0 -999.0 1 381 {-999.0 -999.0 -999.0 -999.0 -999.0} "" -999.0 -999.0 -999.0 -999.0 -999 -999 "" "" "" "" 0 0 0.0 0.0 -999 ""
FIBERMAP 1359 R-7C12 METROLOGY 0 0 0 1 0 0 47.70686015342535 -151.29833783106002 143.1 -26.654142592348702 -156.360272219881 19.906551 34.26365 -999.0 -999.0 -999.0 -999.0 -999.0 279.747547887947 -11.28389387634476 279.77007075702977 -11.25000041746531 39.947255089422804 147.31934002388476 -999.0 6231.0 -999.0 -1 -999 {-999.0 -999.0 -999.0 -999.0 -999.0} "" -999.0 -999.0 -999.0 -999.0 -999 -999 "" "" "" "" 0 0 0.0 0.0 -999 ""
FIBERMAP 1362 R-12C4 APOGEE 0 0 0 1 0 0 -106.51166997949905 -235.2014057355458 143.1 -202.1402885044659 -160.5681890570182 216.06958 85.81081 -999.0 -999.0 -999.0 -999.0 -999.0 278.9379656573994 -11.296161842761178 278.96098325971786 -11.264540297053115 40.297017578779986 148.25102542578205 -999.0 16600.0 -999.0 2 -999 {-999.0 -999.0 -999.0 -999.0 -999.0} "" -999.0 -999.0 -999.0 -999.0 -999 -999 "" "" "" "" 0 0 0.0 0.0 -999 ""
FIBERMAP 1362 R-12C4 BOSS 1 1 0 1 0 0 -106.91198970750091 -234.5657466306323 143.1 -202.2060977799795 -159.8199880832168 216.06958 85.81081 278.9377610135756 -11.292991653786572 -1.4799585 -3.2305558 0.2181476 278.93775697837134 -11.293014449384629 278.9606561475958 -11.261180427038788 40.30016079583854 148.24941326919435 5400.0 5400.0 2016.0 1 351 {-999.0 16.947517 15.520046 14.795166 -999.0} sdss_psfmag_ps1 16.30312 15.241061 14.17598 12.093 63050395538638786 1093370235 bright_3x1 mwm_astar_core_boss mwm_ob science 0 0 0.0 0.0 -999 ""
FIBERMAP 1362 R-12C4 METROLOGY 0 0 0 1 0 0 -106.16345047629717 -234.54155335955429 143.1 -201.52924545711818 -160.14027781513835 216.06958 85.81081 -999.0 -999.0 -999.0 -999.0 -999.0 278.94082757041565 -11.29443194513287 278.96376020122 -11.26264995108599 40.29747578800527 148.24672046479017 -999.0 6231.0 -999.0 -1 -999 {-999.0 -999.0 -999.0 -999.0 -999.0} "" -999.0 -999.0 -999.0 -999.0 -999 -999 "" "" "" "" 0 0 0.0 0.0 -999 ""
FIBERMAP 1363 R-6C13 APOGEE 0 0 0 1 0 0 62.076457693930564 -113.69901120189705 143.1 3.2963715007115026 -129.47837307858663 42.732582 79.680626 -999.0 -999.0 -999.0 -999.0 -999.0 279.88662445115915 -11.162328264063296 279.90886067564526 -11.128288189265445 39.991839572955115 147.08825908530707 -999.0 16600.0 -999.0 2 -999 {-999.0 -999.0 -999.0 -999.0 -999.0} "" -999.0 -999.0 -999.0 -999.0 -999 -999 "" "" "" "" 0 0 0.0 0.0 -999 ""
FIBERMAP 1363 R-6C13 BOSS 1 1 0 1 0 0 62.47995640914952 -114.32095720405617 143.1 3.3712702752946937 -130.21582826454005 42.732582 79.680626 279.88707144582713 -11.165939286663946 0.070271835 -1.0792811 0.36239678 279.88707962174595 -11.16594552921612 279.90920921999196 -11.131687161266738 39.988672323168416 147.08992981710716 5400.0 5400.0 2016.0 1 380 {-999.0 16.176794 14.6961775 13.996191 -999.0} sdss_psfmag_ps1 15.534856 14.475865 13.448983 11.398 63050395430589187 1093366119 bright_3x1 mwm_astar_core_boss mwm_ob science 0 0 0.0 0.0 -999 ""
FIBERMAP 1363 R-6C13 METROLOGY 0 0 0 1 0 0 61.7384306396042 -114.3641425355863 143.1 2.6919837981102823 -129.91563403223282 42.732582 79.680626 -999.0 -999.0 -999.0 -999.0 -999.0 279.88389978411726 -11.164504335539231 279.90606003583036 -11.13031605558464 39.99132444996772 147.09266576333016 -999.0 6231.0 -999.0 -1 -999 {-999.0 -999.0 -999.0 -999.0 -999.0} "" -999.0 -999.0 -999.0 -999.0 -999 -999 "" "" "" "" 0 0 0.0 0.0 -999 ""
FIBERMAP 1364 R+13C6 APOGEE 1 1 0 1 0 0 -20.767392909153532 252.72119405297485 143.1 96.92924348767077 234.27158813510982 3.306111 117.60507 280.3203868043696 -9.51310365209469 0.12767553 -5.0130854 1.1497078 280.3203866353966 -9.513100584865926 280.33833330465484 -9.478763306571139 41.24425742106763 145.56831200977058 16000.0 16600.0 2016.0 2 105 {-999.0 12.8109455 12.291426 12.038656 -999.0} sdss_psfmag_from_g3xp 12.689037 12.276451 11.678539 10.787 63050395540097732 975042489 "" ops_std_apogee ops_std standard_apogee 0 0 0.0 0.0 -999 ""
FIBERMAP 1364 R+13C6 BOSS 0 0 0 1 0 0 -20.399003306075322 252.08053003136877 143.1 96.96436638620251 233.53351582949784 3.306111 117.60507 -999.0 -999.0 -999.0 -999.0 -999.0 280.3206815561062 -9.5165899577978 280.33852298446396 -9.482046291292791 41.241290829660585 145.57019859259236 -999.0 5400.0 -999.0 1 84 {-999.0 -999.0 -999.0 -999.0 -999.0} "" -999.0 -999.0 -999.0 -999.0 -999 -999 "" "" "" "" 0 0 0.0 0.0 -999 ""
FIBERMAP 1364 R+13C6 METROLOGY 0 0 0 1 0 0 -21.13706819848349 252.06893157158459 143.1 96.30258192415803 233.86022534955302 3.306111 117.60507 -999.0 -999.0 -999.0 -999.0 -999.0 280.31760974767076 -9.515056474052493 280.3354810415412 -9.480579392763511 41.24402227128229 145.57275444583712 -999.0 6231.0 -999.0 -1 -999 {-999.0 -999.0 -999.0 -999.0 -999.0} "" -999.0 -999.0 -999.0 -999.0 -999 -999 "" "" "" "" 0 0 0.0 0.0 -999 ""
FIBERMAP 1365 R+12C3 APOGEE 0 0 0 1 0 0 -133.51970317663157 226.4929221255806 143.1 -15.33754051380357 262.4288847873157 273.45157 16.56409 -999.0 -999.0 -999.0 -999.0 -999.0 279.80540544444847 -9.385177920464299 279.8232701152774 -9.352251052008057 41.59861195606156 146.08244015807347 -999.0 16600.0 -999.0 2 -999 {-999.0 -999.0 -999.0 -999.0 -999.0} "" -999.0 -999.0 -999.0 -999.0 -999 -999 "" "" "" "" 0 0 0.0 0.0 -999 ""
FIBERMAP 1365 R+12C3 BOSS 1 1 0 1 0 0 -133.78913596119807 227.1848482957498 143.1 -15.26123599842392 263.16736623357633 273.45157 16.56409 279.80585263636215 -9.382105645515754 2.9751635 -3.202791 1.1526486 279.80587698482117 -9.382080562342066 279.8236230325352 -9.348951855799996 41.60134863143581 146.07993246191936 5400.0 5400.0 2016.0 1 94 {-999.0 17.923609 16.479641 15.839919 -999.0} sdss_psfmag_ps1 17.309324 16.448679 15.326158 12.084 63050395540461907 917199860 bright_6x1 mwm_yso_pms_boss_sagitta_edr3 mwm_yso science 0 0 0.0 0.0 -999 ""
FIBERMAP 1365 R+12C3 METROLOGY 0 0 0 1 0 0 -133.05214013684514 227.07434003409176 143.1 -14.6561606066339 262.73253435300717 273.45157 16.56409 -999.0 -999.0 -999.0 -999.0 -999.0 279.80861380506275 -9.383969639005612 279.8263946659284 -9.350890109944382 41.598342994187675 146.07794801481887 -999.0 6231.0 -999.0 -1 -999 {-999.0 -999.0 -999.0 -999.0 -999.0} "" -999.0 -999.0 -999.0 -999.0 -999 -999 "" "" "" "" 0 0 0.0 0.0 -999 ""
FIBERMAP 1369 R-1C18 APOGEE 1 1 0 1 0 0 85.94019140224896 -35.44469143021391 143.1 60.25613564449079 -70.77033962766136 296.64716 28.475122 280.1513671875 -10.895941070470926 -999.0 -999.0 -999.0 280.1514040259264 -10.895985561389486 280.17285207437965 -10.861389675745466 40.10629331389848 146.62585688544064 16000.0 16600.0 2015.5 2 217 {-999.0 -999.0 -999.0 -999.0 -999.0} "" -999.0 -999.0 -999.0 -999.0 27021603147977841 848945645 "" ops_sky_apogee_good ops_sky sky_apogee 0 0 0.0 0.0 -999 ""
FIBERMAP 1369 R-1C18 BOSS 0 0 0 1 0 0 85.34874602567585 -35.00355874175774 143.1 59.93149790964914 -70.1078898935249 296.64716 28.475122 -999.0 -999.0 -999.0 -999.0 -999.0 280.15005293140484 -10.89321916569633 280.1713786246179 -10.858414639263954 40.10959925710574 146.625693746791 -999.0 5400.0 -999.0 1 295 {-999.0 -999.0 -999.0 -999.0 -999.0} "" -999.0 -999.0 -999.0 -999.0 -999 -999 "" "" "" "" 0 0 0.0 0.0 -999 ""
FIBERMAP 1369 R-1C18 METROLOGY 0 0 0 1 0 0 86.02804004423496 -34.69396006750275 143.1 60.67708454650892 -70.14269968813211 296.64716 28.475122 -999.0 -999.0 -999.0 -999.0 -999.0 280.15346926576143 -10.893313640748163 280.1748264609614 -10.858560645143413 40.10787550188631 146.62187826963913 -999.0 6231.0 -999.0 -1 -999 {-999.0 -999.0 -999.0 -999.0 -999.0} "" -999.0 -999.0 -999.0 -999.0 -999 -999 "" "" "" "" 0 0 0.0 0.0 -999 ""
FIBERMAP 1370 R0C23 APOGEE 1 1 0 1 0 0 186.3571869829771 13.95797616901074 143.1 172.13323296575004 -72.68192309330612 194.82324 46.344547 280.668140893929 -10.904305041632366 -1.9445233 -4.0341587 0.09040415 280.6681446485086 -10.904324338535073 280.68936470805204 -10.868370577228628 39.85939532023984 146.04748702184227 16000.0 16600.0 2016.0 2 89 {-999.0 17.305935 15.298624 14.410739 -999.0} sdss_psfmag_ps1 16.268295 14.854867 13.692195 10.892 63050395431936296 1153726754 bright_1x1 mwm_galactic_core_dist_apogee_sparse mwm_galactic science 0 0 0.0 0.0 -999 ""
FIBERMAP 1370 R0C23 BOSS 0 0 0 1 0 0 186.8103530912428 14.538495876013782 143.1 172.80139705261715 -72.37249831463583 194.82324 46.344547 -999.0 -999.0 -999.0 -999.0 -999.0 280.67138854532055 -10.903148559457023 280.6924851465014 -10.866972360848974 39.85915771723879 146.04310986960922 -999.0 5400.0 -999.0 1 245 {-999.0 -999.0 -999.0 -999.0 -999.0} "" -999.0 -999.0 -999.0 -999.0 -999 -999 "" "" "" "" 0 0 0.0 0.0 -999 ""
FIBERMAP 1370 R0C23 METROLOGY 0 0 0 1 0 0 187.09885128871716 13.842941332742358 143.1 172.74039385098803 -73.12291302666364 194.82324 46.344547 -999.0 -999.0 -999.0 -999.0 -999.0 280.6710563720163 -10.906489360991548 280.69219510945976 -10.870373083312321 39.85630735356471 146.04555445661555 -999.0 6231.0 -999.0 -1 -999 {-999.0 -999.0 -999.0 -999.0 -999.0} "" -999.0 -999.0 -999.0 -999.0 -999 -999 "" "" "" "" 0 0 0.0 0.0 -999 ""
FIBERMAP 1372 R-11C10 APOGEE 1 1 0 1 0 0 44.05734711382204 -201.44604016817212 143.1 -52.799463101658105 -199.29876507848797 70.626366 93.54192 279.6260806374297 -11.476978271442057 -2.6325603 -6.5238724 0.0007893869 279.6260571387036 -11.47695323087466 279.64920169406594 -11.443432135175918 39.830343181832 147.57269889199716 16000.0 16600.0 2016.0 2 157 {-999.0 19.550444 16.875446 15.309788 -999.0} sdss_psfmag_ps1 18.05547 15.860275 14.5039835 10.823 63050395430479843 1153724725 bright_1x1 mwm_galactic_core_dist_apogee_sparse mwm_galactic science 0 0 0.0 0.0 -999 ""
FIBERMAP 1372 R-11C10 BOSS 0 0 0 1 0 0 44.77619451613485 -201.6481550942832 143.1 -52.25236100684308 -199.80679134142437 70.626366 93.54192 -999.0 -999.0 -999.0 -999.0 -999.0 279.6286885117642 -11.479517488796866 279.6517233959202 -11.445770986216678 39.8271294752603 147.5712425015048 -999.0 5400.0 -999.0 1 362 {-999.0 -999.0 -999.0 -999.0 -999.0} "" -999.0 -999.0 -999.0 -999.0 -999 -999 "" "" "" "" 0 0 0.0 0.0 -999 ""
FIBERMAP 1372 R-11C10 METROLOGY 0 0 0 1 0 0 44.24889162969811 -202.1737203531006 143.1 -52.96137358985336 -200.0334822420684 70.626366 93.54192 -999.0 -999.0 -999.0 -999.0 -999.0 279.62537620268574 -11.480448616850282 279.6484475413087 -11.446771854400584 39.827717880780156 147.57555410382713 -999.0 6231.0 -999.0 -1 -999 {-999.0 -999.0 -999.0 -999.0 -999.0} "" -999.0 -999.0 -999.0 -999.0 -999 -999 "" "" "" "" 0 0 0.0 0.0 -999 ""
FIBERMAP 1373 R-9C2 APOGEE 0 0 0 1 0 0 -172.7919700123209 -157.17993314635845 143.1 -225.46746240177075 -60.904374502027146 142.08092 74.75509 -999.0 -999.0 -999.0 -999.0 -999.0 278.83162074946256 -10.84473282571862 278.85355819874434 -10.813622991035915 40.746934882295086 148.10680955444255 -999.0 16600.0 -999.0 2 -999 {-999.0 -999.0 -999.0 -999.0 -999.0} "" -999.0 -999.0 -999.0 -999.0 -999 -999 "" "" "" "" 0 0 0.0 0.0 -999 ""
FIBERMAP 1373 R-9C2 BOSS 1 1 0 1 0 0 -172.21504736206072 -156.72713989319345 143.1 -224.74754463997976 -60.76507038237963 142.08092 74.75509 278.83497237817073 -10.844330181426303 1.5043229 -4.4683557 0.9122849 278.8349837240958 -10.84435113590107 278.8568096332632 -10.813021503624398 40.746026724528654 148.1026908141803 5400.0 5400.0 2016.0 1 490 {-999.0 17.881695 16.291073 15.59127 -999.0} sdss_psfmag_ps1 17.225037 16.148916 15.122611 12.764 63050395538978915 917199697 bright_5x1 mwm_yso_pms_boss_sagitta_edr3 mwm_yso science 0 0 0.0 0.0 -999 ""
FIBERMAP 1373 R-9C2 METROLOGY 0 0 0 1 0 0 -172.10512916413802 -157.47132914801128 143.1 -224.98959808260483 -61.4771984969045 142.08092 74.75509 -999.0 -999.0 -999.0 -999.0 -999.0 278.8338462451019 -10.847505034263685 278.8557114618305 -10.81623659934482 40.743647264873076 148.10588013598158 -999.0 6231.0 -999.0 -1 -999 {-999.0 -999.0 -999.0 -999.0 -999.0} "" -999.0 -999.0 -999.0 -999.0 -999 -999 "" "" "" "" 0 0 0.0 0.0 -999 ""
FIBERMAP 1374 R-5C8 APOGEE 0 0 0 1 0 0 -88.59419586175517 -86.9831310102135 143.1 -118.5215886204023 -36.91389436612155 143.49559 108.209564 -999.0 -999.0 -999.0 -999.0 -999.0 279.32344329196195 -10.739172463275656 279.34489072128787 -10.706827111515038 40.62175763369151 147.47612308703955 -999.0 16600.0 -999.0 2 -999 {-999.0 -999.0 -999.0 -999.0 -999.0} "" -999.0 -999.0 -999.0 -999.0 -999 -999 "" "" "" "" 0 0 0.0 0.0 -999 ""
FIBERMAP 1374 R-5C8 BOSS 1 1 0 1 0 0 -88.36886901040319 -86.26957057457358 143.1 -117.9953302076193 -36.382094251286084 143.49559 108.209564 279.32533947077087 -10.736967679757962 0.5229557 -0.12569886 0.43663335 279.3259403595868 -10.73699271228214 279.3472698294575 -10.70443079182986 40.62280954435017 147.4719358950643 5400.0 5400.0 2016.0 1 463 {-999.0 12.173575 10.683135 9.830744 -999.0} sdss_psfmag_from_g3xp 11.546122 10.423896 9.378628 7.273 63050395538926987 1093189076 bright_3x1 mwm_astar_core_boss mwm_ob science 0 0 2.246997117996216 0.0 -999 ""
FIBERMAP 1374 R-5C8 METROLOGY 0 0 0 1 0 0 -87.8653795456839 -86.82347902012225 143.1 -117.80042413313194 -37.1046911662499 143.49559 108.209564 -999.0 -999.0 -999.0 -999.0 -999.0 279.3268080259094 -10.740222502782217 279.34817669565086 -10.70771647112155 40.61948235769987 147.4728855169052 -999.0 6231.0 -999.0 -1 -999 {-999.0 -999.0 -999.0 -999.0 -999.0} "" -999.0 -999.0 -999.0 -999.0 -999 -999 "" "" "" "" 0 0 0.0 0.0 -999 ""
FIBERMAP 1376 R+4C13 APOGEE 0 0 0 1 0 0 36.07599880058285 84.86173178186559 143.1 70.83940791677368 59.00859895369658 46.000916 97.73619 -999.0 -999.0 -999.0 -999.0 -999.0 280.2013168954961 -10.30504734554258 280.2212766007451 -10.270623617894163 40.60421566149744 146.20399813444266 -999.0 16600.0 -999.0 2 -999 {-999.0 -999.0 -999.0 -999.0 -999.0} "" -999.0 -999.0 -999.0 -999.0 -999 -999 "" "" "" "" 0 0 0.0 0.0 -999 ""
FIBERMAP 1376 R+4C13 BOSS 1 1 0 1 0 0 36.680159308370584 84.43948547221123 143.1 71.18397958292276 58.3571419585477 46.000916 97.73619 280.2030649434755 -10.308210878015885 1.0327021 -5.055563 1.5102502 280.2030589690669 -10.30819662289845 280.2229106788805 -10.27355734563851 40.60087026812907 146.20397170005083 5400.0 5400.0 2016.0 1 107 {-999.0 17.409904 16.051027 15.34475 -999.0} sdss_psfmag_ps1 16.958872 15.927663 14.912358 12.645 63050395539479081 917063250 bright_4x1 mwm_yso_variable_boss mwm_yso science 0 0 0.0 0.0 -999 ""
FIBERMAP 1376 R+4C13 METROLOGY 0 0 0 1 0 0 36.0078144945178 84.11875608850931 143.1 70.43949140248525 58.37887804866122 46.000916 97.73619 -999.0 -999.0 -999.0 -999.0 -999.0 280.19957710647867 -10.30803557905188 280.21946264758174 -10.273464842576727 40.602564320481164 146.20784525527841 -999.0 6231.0 -999.0 -1 -999 {-999.0 -999.0 -999.0 -999.0 -999.0} "" -999.0 -999.0 -999.0 -999.0 -999 -999 "" "" "" "" 0 0 0.0 0.0 -999 ""
FIBERMAP 1378 R-3C2 APOGEE 0 0 0 1 0 0 -226.12213399935155 -43.75591701353901 143.1 -221.10982108960633 64.33553706040713 87.71827 82.69691 -999.0 -999.0 -999.0 -999.0 -999.0 278.8548600970925 -10.277113116007387 278.8753693649909 -10.246230569953907 41.24268580319093 147.7400546027883 -999.0 16600.0 -999.0 2 -999 {-999.0 -999.0 -999.0 -999.0 -999.0} "" -999.0 -999.0 -999.0 -999.0 -999 -999 "" "" "" "" 0 0 0.0 0.0 -999 ""
FIBERMAP 1378 R-3C2 BOSS 1 1 0 1 0 0 -225.37770326038142 -43.86083314183585 143.1 -220.49557898592025 63.90228418712391 87.71827 82.69691 278.85772705078125 -10.279283081668424 -999.0 -999.0 -999.0 278.85771544891304 -10.279280566794917 278.8781209696271 -10.248182352188916 41.239713837071136 147.7380339593976 5400.0 5400.0 2015.5 1 436 {-999.0 -999.0 -999.0 -999.0 -999.0} "" -999.0 -999.0 -999.0 -999.0 27021603148703599 852778586 "" ops_sky_boss_fallback ops_sky sky_boss 0 0 0.0 0.0 -999 ""
FIBERMAP 1378 R-3C2 METROLOGY 0 0 0 1 0 0 -225.84522312838382 -44.44872459869646 143.1 -221.17987653968146 63.59285686641114 87.71827 82.69691 -999.0 -999.0 -999.0 -999.0 -999.0 278.8545607532623 -10.28061700239823 278.875001607646 -10.249585067317906 41.2398655792499 147.74251758267098 -999.0 6231.0 -999.0 -1 -999 {-999.0 -999.0 -999.0 -999.0 -999.0} "" -999.0 -999.0 -999.0 -999.0 -999 -999 "" "" "" "" 0 0 0.0 0.0 -999 ""
FIBERMAP 1381 R-7C10 APOGEE 1 1 0 1 0 0 -22.15794414984005 -145.55148646978623 143.1 -86.17273208184373 -119.34591499079222 230.93176 108.42389 279.4718120969297 -11.114582806359826 -1.0105445 -2.6796126 0.31359103 279.4720762261124 -11.11462310810581 279.4943902027641 -11.081694712406158 40.22137773729431 147.53143824272297 16000.0 16600.0 2016.0 2 170 {-999.0 16.261236 13.78518 11.573058 -999.0} sdss_psfmag_from_g3xp 14.963014 12.241536 10.823277 6.959 63050395538801102 1152259352 bright_1x1 mwm_galactic_core_dist_apogee_sparse mwm_galactic science 0 0 0.8908716440200806 0.0 -999 ""
FIBERMAP 1381 R-7C10 BOSS 0 0 0 1 0 0 -22.8520455752803 -145.28360993750496 143.1 -86.66779428805263 -118.7906954786737 230.93176 108.42389 -999.0 -999.0 -999.0 -999.0 -999.0 279.4698676764771 -11.112351935817749 279.4920639894523 -11.079216363191147 40.2246284047148 147.53259994567776 -999.0 5400.0 -999.0 1 385 {-999.0 -999.0 -999.0 -999.0 -999.0} "" -999.0 -999.0 -999.0 -999.0 -999 -999 "" "" "" "" 0 0 0.0 0.0 -999 ""
FIBERMAP 1381 R-7C10 METROLOGY 0 0 0 1 0 0 -22.277981270807594 -144.80933961868902 143.1 -85.94061177232741 -118.63098288638773 230.93176 108.42389 -999.0 -999.0 -999.0 -999.0 -999.0 279.4732091035372 -11.11157767518031 279.49543393590875 -11.078494428425735 40.223748134739715 147.5283190507501 -999.0 6231.0 -999.0 -1 -999 {-999.0 -999.0 -999.0 -999.0 -999.0} "" -999.0 -999.0 -999.0 -999.0 -999 -999 "" "" "" "" 0 0 0.0 0.0 -999 ""
FIBERMAP 1382 R+4C14 APOGEE 0 0 0 1 0 0 58.168329081780776 74.41408953235629 143.1 85.71916572043081 39.62758740794083 353.57413 110.67907 -999.0 -999.0 -999.0 -999.0 -999.0 280.27005930503555 -10.39341913159258 280.2902054671258 -10.358770456723084 40.49442434511154 146.1806555225926 -999.0 16600.0 -999.0 2 -999 {-999.0 -999.0 -999.0 -999.0 -999.0} "" -999.0 -999.0 -999.0 -999.0 -999 -999 "" "" "" "" 0 0 0.0 0.0 -999 ""
FIBERMAP 1382 R+4C14 BOSS 1 1 0 1 0 0 58.37797169813854 73.69143239219336 143.1 85.57564668592364 38.889073882673124 353.57413 110.67907 280.269559218739 -10.396958068311779 -2.672282 -2.9965494 0.3482659 280.2695522635415 -10.396971241605463 280.2895919135017 -10.362111939417577 40.49177239155585 146.1834440022152 5400.0 5400.0 2016.0 1 158 {-999.0 18.764183 17.44515 16.895948 -999.0} sdss_psfmag_ps1 18.247215 17.349737 16.444004 14.711 63050395539463304 980278126 "" ops_std_boss_red ops_std standard_boss 0 0 0.0 0.0 -999 ""
FIBERMAP 1382 R+4C14 METROLOGY 0 0 0 1 0 0 57.64440880603615 73.88289321725661 143.1 85.0105905399962 39.39434322192284 353.57413 110.67907 -999.0 -999.0 -999.0 -999.0 -999.0 280.266900373008 -10.394609437330772 280.28696818469774 -10.359817850187623 40.49501808423024 146.18499409749847 -999.0 6231.0 -999.0 -1 -999 {-999.0 -999.0 -999.0 -999.0 -999.0} "" -999.0 -999.0 -999.0 -999.0 -999 -999 "" "" "" "" 0 0 0.0 0.0 -999 ""
FIBERMAP 1383 R-9C6 APOGEE 1 1 0 1 0 0 -81.94479079727596 -162.68499057887118 143.1 -147.17522225997868 -107.28494285316548 103.28641 120.48398 279.19038888494936 -11.058033065277627 6.5369167 14.5265 6.8814807 279.1903977470905 -11.05798590114932 279.21270232662425 -11.025825488970804 40.39769404364023 147.8201343603403 16000.0 16600.0 2016.0 2 165 {-999.0 10.911747 10.289787 9.984366 -999.0} sdss_psfmag_from_g3xp 10.741817 10.278186 9.634439 8.466 63050395538834981 975042184 "" ops_std_apogee ops_std standard_apogee 0 0 0.0 0.0 -999 ""
FIBERMAP 1383 R-9C6 BOSS 0 0 0 1 0 0 -81.42092413027662 -162.16076084785834 143.1 -146.46987594694315 -107.05787077040418 103.28641 120.48398 -999.0 -999.0 -999.0 -999.0 -999.0 279.19371545440237 -11.05722820110017 279.2159051569232 -11.024846179685749 40.397131039757966 147.8158744257534 -999.0 5400.0 -999.0 1 402 {-999.0 -999.0 -999.0 -999.0 -999.0} "" -999.0 -999.0 -999.0 -999.0 -999 -999 "" "" "" "" 0 0 0.0 0.0 -999 ""
FIBERMAP 1383 R-9C6 METROLOGY 0 0 0 1 0 0 -81.22489038791919 -162.88112828075978 143.1 -146.62445413678915 -107.78813338086411 103.28641 120.48398 -999.0 -999.0 -999.0 -999.0 -999.0 279.19297550789673 -11.060465912720566 279.2152052177897 -11.028144590519599 40.39450950264231 147.81865333425225 -999.0 6231.0 -999.0 -1 -999 {-999.0 -999.0 -999.0 -999.0 -999.0} "" -999.0 -999.0 -999.0 -999.0 -999 -999 "" "" "" "" 0 0 0.0 0.0 -999 ""
FIBERMAP 1384 R-12C6 APOGEE 0 0 0 1 0 0 -55.09542940242518 -219.6046873021547 143.1 -149.28496935550473 -170.17378028663828 155.03485 86.761375 -999.0 -999.0 -999.0 -999.0 -999.0 279.1805565325328 -11.342207091725879 279.20357583052123 -11.30992511708266 40.14883190408647 148.0001329596353 -999.0 16600.0 -999.0 2 -999 {-999.0 -999.0 -999.0 -999.0 -999.0} "" -999.0 -999.0 -999.0 -999.0 -999 -999 "" "" "" "" 0 0 0.0 0.0 -999 ""
FIBERMAP 1384 R-12C6 BOSS 1 1 0 1 0 0 -54.749889812208224 -218.95003568303304 143.1 -148.67868486221397 -169.74927123219504 155.03485 86.761375 279.1834786961495 -11.340542640999281 1.9004782 -1.9808143 0.11438195 279.1834311913934 -11.340566690058038 279.20633296365867 -11.308062628661164 40.14926231388368 147.99587494308926 5400.0 5400.0 2016.0 1 403 {-999.0 16.740173 15.507401 14.989237 -999.0} sdss_psfmag_ps1 16.25233 15.450443 14.469137 12.874 63050395538770104 1093370025 bright_3x1 mwm_astar_core_boss mwm_ob science 0 0 0.0 0.0 -999 ""
FIBERMAP 1384 R-12C6 METROLOGY 0 0 0 1 0 0 -54.34992285380613 -219.57498938172404 143.1 -148.6083009056839 -170.4877889579457 155.03485 86.761375 -999.0 -999.0 -999.0 -999.0 -999.0 279.18373149526934 -11.343831024682855 279.20667304041444 -11.311385499553497 40.14615086762323 147.997461952473 -999.0 6231.0 -999.0 -1 -999 {-999.0 -999.0 -999.0 -999.0 -999.0} "" -999.0 -999.0 -999.0 -999.0 -999 -999 "" "" "" "" 0 0 0.0 0.0 -999 ""
FIBERMAP 1388 R-10C8 APOGEE 0 0 0 1 0 0 -33.68144583500289 -196.49300529474877 143.1 -119.684230728322 -159.39494924384846 177.54459 130.0203 -999.0 -999.0 -999.0 -999.0 -999.0 279.31697659267417 -11.29483220238957 279.33981332659107 -11.262217010845957 40.13043907094781 147.8161269041621 -999.0 16600.0 -999.0 2 -999 {-999.0 -999.0 -999.0 -999.0 -999.0} "" -999.0 -999.0 -999.0 -999.0 -999 -999 "" "" "" "" 0 0 0.0 0.0 -999 ""
FIBERMAP 1388 R-10C8 BOSS 1 1 0 1 0 0 -34.16687278381102 -195.88996388846653 143.1 -119.8406348831476 -158.6368978974576 177.54459 130.0203 279.31633993321236 -11.291629381508985 -0.14700466 -3.106044 -2.2609022 279.3163370890849 -11.291658024501263 279.33905353433687 -11.258830919920259 40.13379174070224 147.81497139926577 5400.0 5400.0 2016.0 1 372 {-999.0 17.302841 16.007948 15.288461 -999.0} sdss_psfmag_ps1 16.77632 15.80386 14.81713 12.985 63050395430536345 1093366099 bright_3x1 mwm_astar_core_boss mwm_ob science 0 0 0.0 0.0 -999 ""
FIBERMAP 1388 R-10C8 METROLOGY 0 0 0 1 0 0 -33.4143796772085 -195.79634350602143 143.1 -119.12856287110462 -158.8972396205794 177.54459 130.0203 -999.0 -999.0 -999.0 -999.0 -999.0 279.3195975802392 -11.292792166175357 279.3423472346143 -11.260016906332556 40.13126135759133 147.8119211535991 -999.0 6231.0 -999.0 -1 -999 {-999.0 -999.0 -999.0 -999.0 -999.0} "" -999.0 -999.0 -999.0 -999.0 -999 -999 "" "" "" "" 0 0 0.0 0.0 -999 ""
FIBERMAP 1391 R-5C4 APOGEE 0 0 0 1 0 0 -183.19292829821387 -103.57517618774904 143.1 -210.24103448455682 -8.474995157802772 225.40489 92.428825 -999.0 -999.0 -999.0 -999.0 -999.0 278.90217838123164 -10.607521767016559 278.92349090636355 -10.57634796372583 40.92723731955162 147.88362251472887 -999.0 16600.0 -999.0 2 -999 {-999.0 -999.0 -999.0 -999.0 -999.0} "" -999.0 -999.0 -999.0 -999.0 -999 -999 "" "" "" "" 0 0 0.0 0.0 -999 ""
FIBERMAP 1391 R-5C4 BOSS 1 1 0 1 0 0 -183.75992910071508 -103.0781898595532 143.1 -210.51842474130655 -7.774027404203225 225.40489 92.428825 278.90099275543196 -10.604502044146596 0.049424514 -2.5043995 0.37239248 278.9009884781448 -10.604544660144112 278.92218527703653 -10.573165973572273 40.93065490408578 147.88322010551167 5400.0 5400.0 2016.0 1 454 {-999.0 15.738549 14.33543 13.520419 -999.0} sdss_psfmag_from_g3xp 15.163318 14.090467 13.055886 11.205 63050395538998814 1093188938 bright_3x1 mwm_astar_core_boss mwm_ob science 0 0 0.0 0.0 -999 ""
FIBERMAP 1391 R-5C4 METROLOGY 0 0 0 1 0 0 -183.05100045997835 -102.84270197711388 143.1 -209.78032048975248 -7.8882888840757985 225.40489 92.428825 -999.0 -999.0 -999.0 -999.0 -999.0 278.90433986593223 -10.605023710863051 278.92556716357325 -10.57369536304501 40.92867147780718 147.87961992545144 -999.0 6231.0 -999.0 -1 -999 {-999.0 -999.0 -999.0 -999.0 -999.0} "" -999.0 -999.0 -999.0 -999.0 -999 -999 "" "" "" "" 0 0 0.0 0.0 -999 ""
FIBERMAP 1392 R-12C10 APOGEE 0 0 0 1 0 0 39.040893428605465 -225.92744903277676 143.1 -68.44051955022007 -218.78361092795464 87.22701 151.4059 -999.0 -999.0 -999.0 -999.0 -999.0 279.5536519022041 -11.564086442132325 279.57704855022143 -11.5307095555838 39.785289461644 147.70664088207886 -999.0 16600.0 -999.0 2 -999 {-999.0 -999.0 -999.0 -999.0 -999.0} "" -999.0 -999.0 -999.0 -999.0 -999 -999 "" "" "" "" 0 0 0.0 0.0 -999 ""
FIBERMAP 1392 R-12C10 BOSS 1 1 0 1 0 0 39.42299970242948 -225.26889954260216 143.1 -67.7999301053322 -218.37233244152154 87.22701 151.4059 279.5567322597195 -11.562504450001143 -1.1524262 -1.9836297 0.10596071 279.5567165409646 -11.56251366116078 279.57999316441874 -11.528911888832143 39.78556408234298 147.70223160341286 5400.0 5400.0 2016.0 1 406 {-999.0 18.805477 17.549417 16.853 16.420004} sdss_psfmag_from_ps1dr2 18.2505 17.4363 16.4719 13.85 63050395430452548 1039953575 "" ops_std_boss_ps1dr2 ops_std standard_boss 0 0 0.0 0.0 -999 ""
FIBERMAP 1392 R-12C10 METROLOGY 0 0 0 1 0 0 39.78699069638444 -225.92836964372685 143.1 -67.77730715547541 -219.1251236745633 87.22701 151.4059 -999.0 -999.0 -999.0 -999.0 -999.0 279.55679027338095 -11.565823121152274 279.58010760232935 -11.532281084159742 39.782518554698704 147.70411233720566 -999.0 6231.0 -999.0 -1 -999 {-999.0 -999.0 -999.0 -999.0 -999.0} "" -999.0 -999.0 -999.0 -999.0 -999 -999 "" "" "" "" 0 0 0.0 0.0 -999 ""
FIBERMAP 1393 R-12C5 APOGEE 0 0 0 1 0 0 -71.34507924376983 -226.2854166222231 143.1 -166.78923384702196 -168.69594959646406 49.02081 169.41281 -999.0 -999.0 -999.0 -999.0 -999.0 279.10006747840197 -11.33469225914069 279.1231057553589 -11.3026253693208 40.19114988165872 148.087814043346 -999.0 16600.0 -999.0 2 -999 {-999.0 -999.0 -999.0 -999.0 -999.0} "" -999.0 -999.0 -999.0 -999.0 -999 -999 "" "" "" "" 0 0 0.0 0.0 -999 ""
FIBERMAP 1393 R-12C5 BOSS 1 1 0 1 0 0 -70.75863408756567 -225.82124231655803 143.1 -166.05564909763507 -168.5508706534949 49.02081 169.41281 279.10354614257807 -11.334302985480264 -999.0 -999.0 -999.0 279.1035251768248 -11.334314037179757 279.12644925417567 -11.302023045832435 40.19020046828426 148.08363095473518 5400.0 5400.0 2015.5 1 352 {-999.0 -999.0 -999.0 -999.0 -999.0} "" -999.0 -999.0 -999.0 -999.0 27021603148698930 852777412 "" ops_sky_boss_fallback ops_sky sky_boss 0 0 0.0 0.0 -999 ""
FIBERMAP 1393 R-12C5 METROLOGY 0 0 0 1 0 0 -70.65123460575077 -226.5597186433677 143.1 -166.29733414715042 -169.25676714425072 49.02081 169.41281 -999.0 -999.0 -999.0 -999.0 -999.0 279.1023923120719 -11.337415024957851 279.1253563102839 -11.305186369776282 40.18786672148112 148.08675867391497 -999.0 6231.0 -999.0 -1 -999 {-999.0 -999.0 -999.0 -999.0 -999.0} "" -999.0 -999.0 -999.0 -999.0 -999 -999 "" "" "" "" 0 0 0.0 0.0 -999 ""
FIBERMAP 1395 R+4C20 APOGEE 0 0 0 1 0 0 171.50202705697347 60.91394747770214 143.1 180.36170623192373 -24.13251079313833 283.29788 74.09139 -999.0 -999.0 -999.0 -999.0 -999.0 280.70629565512047 -10.683817549698587 280.7269521089797 -10.647877941681438 40.03523496994464 145.8673990347662 -999.0 16600.0 -999.0 2 -999 {-999.0 -999.0 -999.0 -999.0 -999.0} "" -999.0 -999.0 -999.0 -999.0 -999 -999 "" "" "" "" 0 0 0.0 0.0 -999 ""
FIBERMAP 1395 R+4C20 BOSS 1 1 0 1 0 0 170.74776249468448 60.944818083829574 143.1 179.70490546229894 -23.760628888518443 283.29788 74.09139 280.70343017578125 -10.682341686966865 -999.0 -999.0 -999.0 280.70345376063545 -10.682351366449499 280.723989377273 -10.646206991814076 40.03809862607849 145.8696874073275 5400.0 5400.0 2015.5 1 205 {-999.0 -999.0 -999.0 -999.0 -999.0} "" -999.0 -999.0 -999.0 -999.0 27021603147977600 852648181 "" ops_sky_boss_fallback ops_sky sky_boss 0 0 0.0 0.0 -999 ""
FIBERMAP 1395 R+4C20 METROLOGY 0 0 0 1 0 0 171.15740314745233 61.575684843654955 143.1 180.3573450770058 -23.38654657350917 283.29788 74.09139 -999.0 -999.0 -999.0 -999.0 -999.0 280.70640693887765 -10.680587487453705 280.72697037047647 -10.64449664817379 40.03819246268969 145.86525816795373 -999.0 6231.0 -999.0 -1 -999 {-999.0 -999.0 -999.0 -999.0 -999.0} "" -999.0 -999.0 -999.0 -999.0 -999 -999 "" "" "" "" 0 0 0.0 0.0 -999 ""
FIBERMAP 1396 R0C3 APOGEE 1 1 0 1 0 0 -240.20520884199308 19.05096292624994 143.1 -204.95652498098323 126.63133109427528 125.81869 52.2574 278.9313452675965 -9.995440449296726 -1.8387729 0.66995054 0.38147616 278.93133183058217 -9.995426761026641 278.95110446066013 -9.964485150400485 41.45909670338843 147.48001210787652 16000.0 16600.0 2016.0 2 297 {-999.0 20.63117 17.326195 14.051897 -999.0} sdss_psfmag_ps1 18.797197 14.127308 12.496935 7.023 63050395540283597 1153921409 bright_1x1 mwm_galactic_core_dist_apogee_sparse mwm_galactic science 0 0 0.0 0.0 -999 ""
FIBERMAP 1396 R0C3 BOSS 0 0 0 1 0 0 -239.4629304024617 19.024759208674045 143.1 -204.30825447115765 126.26907353663528 125.81869 52.2574 -999.0 -999.0 -999.0 -999.0 -999.0 278.93435106822477 -9.997252450613079 278.95401926289355 -9.966096833635723 41.45634713149408 147.47759590999846 -999.0 5400.0 -999.0 1 422 {-999.0 -999.0 -999.0 -999.0 -999.0} "" -999.0 -999.0 -999.0 -999.0 -999 -999 "" "" "" "" 0 0 0.0 0.0 -999 ""
FIBERMAP 1396 R0C3 METROLOGY 0 0 0 1 0 0 -239.84321029134856 18.39118004723291 143.1 -204.93581707929314 125.87917147271162 125.81869 52.2574 -999.0 -999.0 -999.0 -999.0 -999.0 278.93144599465495 -9.998958613322323 278.9511502507526 -9.967867895881696 41.45607059125193 147.48203026073057 -999.0 6231.0 -999.0 -1 -999 {-999.0 -999.0 -999.0 -999.0 -999.0} "" -999.0 -999.0 -999.0 -999.0 -999 -999 "" "" "" "" 0 0 0.0 0.0 -999 ""
FIBERMAP 1400 R-5C13 APOGEE 1 1 0 1 0 0 34.80923420200411 -80.08953614093865 143.1 -5.609813783012857 -87.13251944644001 114.999695 84.37968 279.8458175001489 -10.969840757978844 -0.10681893 -5.984781 0.16850844 279.8457950368673 -10.96985847123192 279.8675719744083 -10.936025248924953 40.18083991887947 147.01803879466652 16000.0 16600.0 2016.0 2 155 {-999.0 18.908182 16.248655 14.905603 -999.0} sdss_psfmag_ps1 17.431044 15.50856 14.225297 10.775 63050395430655784 1153725187 bright_1x1 mwm_galactic_core_dist_apogee_sparse mwm_galactic science 0 0 0.0 0.0 -999 ""
FIBERMAP 1400 R-5C13 BOSS 0 0 0 1 0 0 35.504796519749966 -79.8188440790215 143.1 -4.867523054857562 -87.2093642607182 114.999695 84.37968 -999.0 -999.0 -999.0 -999.0 -999.0 279.8493488594887 -10.97047598781314 279.87101093149124 -10.936419435386407 40.178916922478756 147.01436972258955 -999.0 5400.0 -999.0 1 379 {-999.0 -999.0 -999.0 -999.0 -999.0} "" -999.0 -999.0 -999.0 -999.0 -999 -999 "" "" "" "" 0 0 0.0 0.0 -999 ""
FIBERMAP 1400 R-5C13 METROLOGY 0 0 0 1 0 0 35.39705248687831 -80.55435029550327 143.1 -5.299216024152017 -87.81437693045244 114.999695 84.37968 -999.0 -999.0 -999.0 -999.0 -999.0 279.8473075733473 -10.973153276597648 279.86900978314884 -10.939161237262429 40.17740745019601 147.01831782971348 -999.0 6231.0 -999.0 -1 -999 {-999.0 -999.0 -999.0 -999.0 -999.0} "" -999.0 -999.0 -999.0 -999.0 -999 -999 "" "" "" "" 0 0 0.0 0.0 -999 ""
